Datetime,Close,High,Low,Open,Volume
2023-09-13 09:30:00-04:00,28.850000381469727,29.190000534057617,28.799999237060547,29.1200008392334,6415612
2023-09-13 10:30:00-04:00,28.94499969482422,29.049999237060547,28.844999313354492,28.860000610351562,5333582
2023-09-13 11:30:00-04:00,28.875,28.950000762939453,28.8700008392334,28.940000534057617,2653130
2023-09-13 12:30:00-04:00,28.940000534057617,29.0,28.829999923706055,28.875,2490626
2023-09-13 13:30:00-04:00,28.854999542236328,28.959999084472656,28.84000015258789,28.940000534057617,3215417
2023-09-13 14:30:00-04:00,28.774999618530273,28.8700008392334,28.700000762939453,28.854999542236328,3872420
2023-09-13 15:30:00-04:00,28.8799991607666,28.90999984741211,28.770000457763672,28.770000457763672,5248397
2023-09-14 09:30:00-04:00,29.260000228881836,29.440000534057617,29.100000381469727,29.170000076293945,8378210
2023-09-14 10:30:00-04:00,29.290000915527344,29.3799991607666,29.260000228881836,29.270000457763672,3379145
2023-09-14 11:30:00-04:00,29.334999084472656,29.3799991607666,29.270000457763672,29.295000076293945,3408375
2023-09-14 12:30:00-04:00,29.334999084472656,29.360000610351562,29.309999465942383,29.334999084472656,2335013
2023-09-14 13:30:00-04:00,29.235000610351562,29.350000381469727,29.200000762939453,29.334999084472656,4003676
2023-09-14 14:30:00-04:00,29.239999771118164,29.329999923706055,29.209999084472656,29.235000610351562,4825271
2023-09-14 15:30:00-04:00,29.19499969482422,29.247499465942383,29.170000076293945,29.247499465942383,4980266
2023-09-15 09:30:00-04:00,29.040000915527344,29.09000015258789,28.80500030517578,28.950000762939453,11439022
2023-09-15 10:30:00-04:00,28.969999313354492,29.06999969482422,28.864999771118164,29.030000686645508,8422497
2023-09-15 11:30:00-04:00,28.829999923706055,28.969999313354492,28.829999923706055,28.96500015258789,4997106
2023-09-15 12:30:00-04:00,28.790000915527344,28.8799991607666,28.780000686645508,28.834999084472656,3216658
2023-09-15 13:30:00-04:00,28.844999313354492,28.90999984741211,28.75,28.780000686645508,3700998
2023-09-15 14:30:00-04:00,28.8799991607666,28.920000076293945,28.84000015258789,28.844999313354492,3474397
2023-09-15 15:30:00-04:00,28.850000381469727,28.899999618530273,28.760000228881836,28.8799991607666,6137993
2023-09-18 09:30:00-04:00,28.594999313354492,28.799999237060547,28.489999771118164,28.799999237060547,5726107
2023-09-18 10:30:00-04:00,28.649999618530273,28.690000534057617,28.594999313354492,28.594999313354492,3271233
2023-09-18 11:30:00-04:00,28.73900032043457,28.739999771118164,28.645000457763672,28.649999618530273,2454135
2023-09-18 12:30:00-04:00,28.71030044555664,28.770000457763672,28.709999084472656,28.735000610351562,2633305
2023-09-18 13:30:00-04:00,28.690000534057617,28.75,28.670000076293945,28.712799072265625,2205954
2023-09-18 14:30:00-04:00,28.7450008392334,28.75,28.68000030517578,28.700000762939453,2562918
2023-09-18 15:30:00-04:00,28.760000228881836,28.790000915527344,28.730100631713867,28.7450008392334,3458250
2023-09-19 09:30:00-04:00,28.75,28.940000534057617,28.739999771118164,28.760000228881836,4120330
2023-09-19 10:30:00-04:00,28.6200008392334,28.75,28.594999313354492,28.75,3605146
2023-09-19 11:30:00-04:00,28.61440086364746,28.670000076293945,28.600000381469727,28.614999771118164,7674729
2023-09-19 12:30:00-04:00,28.565000534057617,28.61090087890625,28.510000228881836,28.61090087890625,2521859
2023-09-19 13:30:00-04:00,28.575000762939453,28.6299991607666,28.559999465942383,28.5669002532959,2028192
2023-09-19 14:30:00-04:00,28.625,28.68000030517578,28.55500030517578,28.575000762939453,3177818
2023-09-19 15:30:00-04:00,28.65999984741211,28.709999084472656,28.610000610351562,28.625,4409641
2023-09-20 09:30:00-04:00,28.889999389648438,28.969999313354492,28.75,28.809999465942383,3960183
2023-09-20 10:30:00-04:00,28.905000686645508,28.954999923706055,28.850000381469727,28.899999618530273,2584597
2023-09-20 11:30:00-04:00,28.908000946044922,28.93000030517578,28.864999771118164,28.899999618530273,2739940
2023-09-20 12:30:00-04:00,28.885000228881836,28.940000534057617,28.8799991607666,28.90999984741211,2280951
2023-09-20 13:30:00-04:00,28.764999389648438,28.90999984741211,28.729999542236328,28.889999389648438,3990441
2023-09-20 14:30:00-04:00,28.69499969482422,28.82990074157715,28.610000610351562,28.760000228881836,4247657
2023-09-20 15:30:00-04:00,28.559999465942383,28.700000762939453,28.530000686645508,28.700000762939453,3785984
2023-09-21 09:30:00-04:00,28.400800704956055,28.584999084472656,28.229999542236328,28.360000610351562,6486013
2023-09-21 10:30:00-04:00,28.305400848388672,28.407400131225586,28.239999771118164,28.402700424194336,3954909
2023-09-21 11:30:00-04:00,28.2549991607666,28.399999618530273,28.239999771118164,28.30500030517578,3120313
2023-09-21 12:30:00-04:00,28.21500015258789,28.270000457763672,28.1299991607666,28.2549991607666,3917138
2023-09-21 13:30:00-04:00,28.1200008392334,28.229900360107422,28.1200008392334,28.21500015258789,3615982
2023-09-21 14:30:00-04:00,28.065000534057617,28.170000076293945,28.059999465942383,28.1200008392334,4207598
2023-09-21 15:30:00-04:00,28.049999237060547,28.100000381469727,28.020000457763672,28.065000534057617,5558978
2023-09-22 09:30:00-04:00,28.0,28.184999465942383,27.899999618530273,28.06999969482422,8939427
2023-09-22 10:30:00-04:00,27.78350067138672,28.010000228881836,27.65999984741211,27.9950008392334,5970501
2023-09-22 11:30:00-04:00,27.709999084472656,27.829999923706055,27.670000076293945,27.790000915527344,4096812
2023-09-22 12:30:00-04:00,27.665000915527344,27.760000228881836,27.649999618530273,27.71500015258789,2968798
2023-09-22 13:30:00-04:00,27.6299991607666,27.690000534057617,27.600000381469727,27.665000915527344,3880769
2023-09-22 14:30:00-04:00,27.7549991607666,27.770000457763672,27.6200008392334,27.6299991607666,4328839
2023-09-22 15:30:00-04:00,27.639999389648438,27.760000228881836,27.610000610351562,27.7549991607666,6009942
2023-09-25 09:30:00-04:00,27.46500015258789,27.610000610351562,27.360000610351562,27.5,5602606
2023-09-25 10:30:00-04:00,27.524999618530273,27.56999969482422,27.350000381469727,27.459999084472656,4084546
2023-09-25 11:30:00-04:00,27.545000076293945,27.56999969482422,27.489999771118164,27.524999618530273,2773326
2023-09-25 12:30:00-04:00,27.509899139404297,27.610000610351562,27.459999084472656,27.540000915527344,2600117
2023-09-25 13:30:00-04:00,27.545000076293945,27.59000015258789,27.479999542236328,27.5049991607666,4001076
2023-09-25 14:30:00-04:00,27.537900924682617,27.610000610351562,27.459999084472656,27.545000076293945,4071795
2023-09-25 15:30:00-04:00,27.600000381469727,27.6200008392334,27.520000457763672,27.530000686645508,4557010
2023-09-26 09:30:00-04:00,27.40999984741211,27.5,27.309999465942383,27.34000015258789,4983676
2023-09-26 10:30:00-04:00,27.274999618530273,27.429899215698242,27.273099899291992,27.40999984741211,3330162
2023-09-26 11:30:00-04:00,27.295000076293945,27.3700008392334,27.200000762939453,27.272499084472656,3949500
2023-09-26 12:30:00-04:00,27.1299991607666,27.299999237060547,27.1299991607666,27.299999237060547,3646093
2023-09-26 13:30:00-04:00,27.030000686645508,27.15999984741211,27.020000457763672,27.1299991607666,5430329
2023-09-26 14:30:00-04:00,27.06999969482422,27.110000610351562,27.010000228881836,27.030000686645508,5200394
2023-09-26 15:30:00-04:00,27.15999984741211,27.18000030517578,27.06999969482422,27.06999969482422,6029265
2023-09-27 09:30:00-04:00,27.36989974975586,27.43000030517578,27.065000534057617,27.229999542236328,6145717
2023-09-27 10:30:00-04:00,27.559999465942383,27.559999465942383,27.309999465942383,27.36009979248047,5262890
2023-09-27 11:30:00-04:00,27.299999237060547,27.610000610351562,27.280000686645508,27.549999237060547,4399322
2023-09-27 12:30:00-04:00,27.145000457763672,27.399999618530273,27.1299991607666,27.299999237060547,3998154
2023-09-27 13:30:00-04:00,27.242799758911133,27.270000457763672,27.125,27.139999389648438,3806919
2023-09-27 14:30:00-04:00,27.325000762939453,27.389999389648438,27.239999771118164,27.2450008392334,4571646
2023-09-27 15:30:00-04:00,27.28499984741211,27.329999923706055,27.184999465942383,27.325000762939453,4178923
2023-09-28 09:30:00-04:00,27.329999923706055,27.469999313354492,27.170000076293945,27.170000076293945,5187000
2023-09-28 10:30:00-04:00,27.524999618530273,27.540000915527344,27.274999618530273,27.334999084472656,4780888
2023-09-28 11:30:00-04:00,27.519899368286133,27.639999389648438,27.479999542236328,27.524999618530273,4530678
2023-09-28 12:30:00-04:00,27.434999465942383,27.549999237060547,27.350000381469727,27.520000457763672,4482773
2023-09-28 13:30:00-04:00,27.493499755859375,27.5049991607666,27.389999389648438,27.43000030517578,3337848
2023-09-28 14:30:00-04:00,27.625,27.6299991607666,27.415000915527344,27.4950008392334,5046320
2023-09-28 15:30:00-04:00,27.549999237060547,27.625,27.5,27.625,5033664
2023-09-29 09:30:00-04:00,27.690000534057617,27.989999771118164,27.600000381469727,27.889999389648438,7033951
2023-09-29 10:30:00-04:00,27.69499969482422,27.799999237060547,27.6200008392334,27.690000534057617,5306941
2023-09-29 11:30:00-04:00,27.60849952697754,27.739999771118164,27.579999923706055,27.69499969482422,3411843
2023-09-29 12:30:00-04:00,27.44499969482422,27.6200008392334,27.34000015258789,27.610000610351562,3470211
2023-09-29 13:30:00-04:00,27.299999237060547,27.450000762939453,27.270000457763672,27.44499969482422,4104761
2023-09-29 14:30:00-04:00,27.325000762939453,27.450000762939453,27.280000686645508,27.299800872802734,4700553
2023-09-29 15:30:00-04:00,27.3799991607666,27.450000762939453,27.28499984741211,27.325000762939453,6245418
2023-10-02 09:30:00-04:00,27.1299991607666,27.354999542236328,27.049999237060547,27.270000457763672,6517121
2023-10-02 10:30:00-04:00,27.049999237060547,27.139999389648438,26.950000762939453,27.135000228881836,6783438
2023-10-02 11:30:00-04:00,26.885000228881836,27.1200008392334,26.860000610351562,27.059999465942383,4752310
2023-10-02 12:30:00-04:00,26.78499984741211,26.889999389648438,26.709999084472656,26.889999389648438,5227617
2023-10-02 13:30:00-04:00,26.659900665283203,26.84000015258789,26.649999618530273,26.790000915527344,5390001
2023-10-02 14:30:00-04:00,26.63719940185547,26.69499969482422,26.579999923706055,26.65999984741211,7990951
2023-10-02 15:30:00-04:00,26.690000534057617,26.700000762939453,26.579999923706055,26.6299991607666,7736186
2023-10-03 09:30:00-04:00,26.297500610351562,26.520000457763672,26.219999313354492,26.489999771118164,10406872
2023-10-03 10:30:00-04:00,26.239999771118164,26.329999923706055,26.15999984741211,26.290000915527344,6402277
2023-10-03 11:30:00-04:00,26.165000915527344,26.2549991607666,26.110000610351562,26.237899780273438,5628257
2023-10-03 12:30:00-04:00,26.114999771118164,26.18000030517578,26.06999969482422,26.165000915527344,5884172
2023-10-03 13:30:00-04:00,25.954999923706055,26.1200008392334,25.940000534057617,26.1200008392334,6222351
2023-10-03 14:30:00-04:00,25.854999542236328,26.040000915527344,25.84000015258789,25.950000762939453,9389122
2023-10-03 15:30:00-04:00,25.920000076293945,25.93000030517578,25.81999969482422,25.854999542236328,11090604
2023-10-04 09:30:00-04:00,25.76409912109375,26.010000228881836,25.709999084472656,25.8799991607666,10881963
2023-10-04 10:30:00-04:00,25.829999923706055,25.875,25.709999084472656,25.760000228881836,5220743
2023-10-04 11:30:00-04:00,25.895000457763672,25.959999084472656,25.739999771118164,25.834999084472656,5342009
2023-10-04 12:30:00-04:00,25.7450008392334,25.934999465942383,25.739999771118164,25.895000457763672,4819715
2023-10-04 13:30:00-04:00,25.645000457763672,25.75,25.579999923706055,25.746000289916992,11121817
2023-10-04 14:30:00-04:00,25.78499984741211,25.799999237060547,25.6200008392334,25.645000457763672,6568941
2023-10-04 15:30:00-04:00,25.924999237060547,25.959999084472656,25.78499984741211,25.790000915527344,6797552
2023-10-05 09:30:00-04:00,25.81999969482422,25.889999389648438,25.559999465942383,25.780000686645508,9936448
2023-10-05 10:30:00-04:00,25.78820037841797,25.860000610351562,25.75,25.81999969482422,6400211
2023-10-05 11:30:00-04:00,25.704999923706055,25.790000915527344,25.610000610351562,25.78499984741211,4460536
2023-10-05 12:30:00-04:00,25.795000076293945,25.809999465942383,25.68000030517578,25.709999084472656,4855861
2023-10-05 13:30:00-04:00,25.934999465942383,25.959999084472656,25.770000457763672,25.799999237060547,5472009
2023-10-05 14:30:00-04:00,26.0049991607666,26.030000686645508,25.90999984741211,25.940000534057617,4076448
2023-10-05 15:30:00-04:00,26.059999465942383,26.09000015258789,25.9950008392334,26.0049991607666,9188401
2023-10-06 09:30:00-04:00,25.639999389648438,25.780000686645508,25.46500015258789,25.770000457763672,11900057
2023-10-06 10:30:00-04:00,25.924999237060547,25.959999084472656,25.56999969482422,25.645000457763672,9830436
2023-10-06 11:30:00-04:00,26.0,26.229999542236328,25.8799991607666,25.924999237060547,7370733
2023-10-06 12:30:00-04:00,26.010000228881836,26.030000686645508,25.915000915527344,26.00670051574707,4280444
2023-10-06 13:30:00-04:00,26.172700881958008,26.18000030517578,26.0,26.01020050048828,5520600
2023-10-06 14:30:00-04:00,26.125,26.200000762939453,26.040000915527344,26.18000030517578,6759945
2023-10-06 15:30:00-04:00,26.06999969482422,26.15999984741211,26.059999465942383,26.125,6612506
2023-10-09 09:30:00-04:00,25.809999465942383,26.149999618530273,25.719999313354492,25.760000228881836,7323367
2023-10-09 10:30:00-04:00,25.97010040283203,25.979999542236328,25.760000228881836,25.809999465942383,4124214
2023-10-09 11:30:00-04:00,25.989999771118164,26.09000015258789,25.920000076293945,25.971599578857422,5288086
2023-10-09 12:30:00-04:00,26.075000762939453,26.09000015258789,25.969999313354492,25.980100631713867,3362211
2023-10-09 13:30:00-04:00,26.315000534057617,26.34000015258789,26.070100784301758,26.079999923706055,5624859
2023-10-09 14:30:00-04:00,26.329999923706055,26.360000610351562,26.2549991607666,26.315000534057617,5109223
2023-10-09 15:30:00-04:00,26.309999465942383,26.34000015258789,26.270000457763672,26.32990074157715,5143343
2023-10-10 09:30:00-04:00,27.104999542236328,27.170000076293945,26.56999969482422,26.610000610351562,11424770
2023-10-10 10:30:00-04:00,27.225000381469727,27.299999237060547,27.03499984741211,27.110000610351562,8507667
2023-10-10 11:30:00-04:00,27.287799835205078,27.299999237060547,27.110000610351562,27.219999313354492,4656376
2023-10-10 12:30:00-04:00,27.18000030517578,27.299999237060547,27.149999618530273,27.290000915527344,4651837
2023-10-10 13:30:00-04:00,27.059999465942383,27.190000534057617,27.04129981994629,27.18000030517578,3852109
2023-10-10 14:30:00-04:00,26.975000381469727,27.149999618530273,26.969999313354492,27.065000534057617,5231662
2023-10-10 15:30:00-04:00,27.0,27.049999237060547,26.950000762939453,26.969999313354492,5431372
2023-10-11 09:30:00-04:00,27.145000457763672,27.434999465942383,27.059999465942383,27.170000076293945,7510864
2023-10-11 10:30:00-04:00,27.0049991607666,27.21500015258789,26.915000915527344,27.145000457763672,6177250
2023-10-11 11:30:00-04:00,26.920900344848633,27.06999969482422,26.899999618530273,27.0,4695475
2023-10-11 12:30:00-04:00,26.96500015258789,27.030000686645508,26.899999618530273,26.920000076293945,4915253
2023-10-11 13:30:00-04:00,27.0049991607666,27.065000534057617,26.93000030517578,26.96500015258789,3965093
2023-10-11 14:30:00-04:00,27.0049991607666,27.049999237060547,26.959999084472656,27.010000228881836,4009922
2023-10-11 15:30:00-04:00,27.020000457763672,27.040000915527344,26.979999542236328,27.0049991607666,3525380
2023-10-12 09:30:00-04:00,26.84000015258789,26.989999771118164,26.610000610351562,26.969999313354492,9268906
2023-10-12 10:30:00-04:00,26.895000457763672,26.90999984741211,26.81999969482422,26.834999084472656,6739081
2023-10-12 11:30:00-04:00,26.9950008392334,27.075000762939453,26.739999771118164,26.893199920654297,5115513
2023-10-12 12:30:00-04:00,26.849899291992188,27.030000686645508,26.84000015258789,26.990999221801758,3907672
2023-10-12 13:30:00-04:00,26.790000915527344,26.860000610351562,26.673099517822266,26.84000015258789,5169138
2023-10-12 14:30:00-04:00,26.815000534057617,26.850000381469727,26.75,26.78499984741211,4602693
2023-10-12 15:30:00-04:00,26.895000457763672,26.920000076293945,26.799999237060547,26.815000534057617,4651808
2023-10-13 09:30:00-04:00,27.040000915527344,27.719999313354492,27.020000457763672,27.43000030517578,16637648
2023-10-13 10:30:00-04:00,27.16029930114746,27.2450008392334,27.03499984741211,27.040000915527344,5280226
2023-10-13 11:30:00-04:00,26.95009994506836,27.200000762939453,26.920000076293945,27.165000915527344,5396732
2023-10-13 12:30:00-04:00,26.55500030517578,26.969999313354492,26.540000915527344,26.954999923706055,6007857
2023-10-13 13:30:00-04:00,26.739999771118164,26.81999969482422,26.520000457763672,26.549999237060547,5822670
2023-10-13 14:30:00-04:00,26.690000534057617,26.799999237060547,26.6299991607666,26.7450008392334,4076745
2023-10-13 15:30:00-04:00,26.760000228881836,26.78499984741211,26.65999984741211,26.690000534057617,6219545
2023-10-16 09:30:00-04:00,27.040000915527344,27.18000030517578,26.772199630737305,27.15999984741211,7265353
2023-10-16 10:30:00-04:00,27.024999618530273,27.1200008392334,27.0,27.045000076293945,6697146
2023-10-16 11:30:00-04:00,27.0049991607666,27.040000915527344,26.920000076293945,27.020000457763672,6781678
2023-10-16 12:30:00-04:00,26.905000686645508,27.030000686645508,26.829999923706055,27.0049991607666,6825451
2023-10-16 13:30:00-04:00,26.90999984741211,26.985000610351562,26.8700008392334,26.903600692749023,5328564
2023-10-16 14:30:00-04:00,27.030000686645508,27.030000686645508,26.889999389648438,26.905000686645508,5279449
2023-10-16 15:30:00-04:00,26.969999313354492,27.100000381469727,26.959999084472656,27.030000686645508,10157872
2023-10-17 09:30:00-04:00,27.17009925842285,27.420000076293945,26.719999313354492,27.049999237060547,28965915
2023-10-17 10:30:00-04:00,27.420000076293945,27.530000686645508,27.139999389648438,27.18000030517578,14217824
2023-10-17 11:30:00-04:00,27.8125,27.8700008392334,27.399999618530273,27.420000076293945,12844072
2023-10-17 12:30:00-04:00,27.71500015258789,27.829999923706055,27.690000534057617,27.815000534057617,8470223
2023-10-17 13:30:00-04:00,27.584999084472656,27.719999313354492,27.489999771118164,27.71150016784668,8370945
2023-10-17 14:30:00-04:00,27.604999542236328,27.780000686645508,27.530000686645508,27.579999923706055,7578260
2023-10-17 15:30:00-04:00,27.6200008392334,27.639999389648438,27.5,27.610000610351562,8059100
2023-10-18 09:30:00-04:00,27.920000076293945,28.040000915527344,27.479999542236328,27.540000915527344,18264442
2023-10-18 10:30:00-04:00,27.54599952697754,27.989999771118164,27.34000015258789,27.90999984741211,13152130
2023-10-18 11:30:00-04:00,27.520000457763672,27.549999237060547,27.395000457763672,27.545000076293945,5830622
2023-10-18 12:30:00-04:00,27.565000534057617,27.690000534057617,27.40999984741211,27.520000457763672,6315302
2023-10-18 13:30:00-04:00,27.479999542236328,27.655000686645508,27.459999084472656,27.566299438476562,5082161
2023-10-18 14:30:00-04:00,27.2549991607666,27.530000686645508,27.25,27.479999542236328,6411155
2023-10-18 15:30:00-04:00,27.309999465942383,27.31999969482422,27.209999084472656,27.260000228881836,8018773
2023-10-19 09:30:00-04:00,27.450000762939453,27.639999389648438,27.25,27.25,10443541
2023-10-19 10:30:00-04:00,27.469999313354492,27.579999923706055,27.34000015258789,27.450000762939453,5676383
2023-10-19 11:30:00-04:00,27.610000610351562,27.68000030517578,27.389999389648438,27.469999313354492,7816069
2023-10-19 12:30:00-04:00,27.545000076293945,27.68000030517578,27.415000915527344,27.610000610351562,4918585
2023-10-19 13:30:00-04:00,27.34000015258789,27.579999923706055,27.329999923706055,27.569000244140625,6605048
2023-10-19 14:30:00-04:00,27.024999618530273,27.350000381469727,27.0,27.344999313354492,8021879
2023-10-19 15:30:00-04:00,26.950000762939453,27.059999465942383,26.8799991607666,27.024999618530273,8054905
2023-10-20 09:30:00-04:00,26.367000579833984,26.940000534057617,26.239999771118164,26.799999237060547,11449989
2023-10-20 10:30:00-04:00,26.514999389648438,26.55500030517578,26.360000610351562,26.3700008392334,6754688
2023-10-20 11:30:00-04:00,26.575000762939453,26.684999465942383,26.459999084472656,26.514999389648438,8476342
2023-10-20 12:30:00-04:00,26.528099060058594,26.6200008392334,26.450000762939453,26.574199676513672,4838891
2023-10-20 13:30:00-04:00,26.350000381469727,26.545000076293945,26.34000015258789,26.530000686645508,6696764
2023-10-20 14:30:00-04:00,26.329999923706055,26.43000030517578,26.309999465942383,26.354999542236328,5998677
2023-10-20 15:30:00-04:00,26.309999465942383,26.36750030517578,26.270000457763672,26.329999923706055,9104615
2023-10-23 09:30:00-04:00,25.9950008392334,26.18000030517578,25.8799991607666,26.1299991607666,9616124
2023-10-23 10:30:00-04:00,26.100000381469727,26.209999084472656,25.96030044555664,25.989999771118164,5746673
2023-10-23 11:30:00-04:00,26.010000228881836,26.174999237060547,25.950000762939453,26.104999542236328,5246121
2023-10-23 12:30:00-04:00,25.90999984741211,26.069900512695312,25.860000610351562,26.014999389648438,6774083
2023-10-23 13:30:00-04:00,25.850000381469727,26.0,25.809999465942383,25.915000915527344,6169101
2023-10-23 14:30:00-04:00,25.5575008392334,25.90999984741211,25.540000915527344,25.860000610351562,10232973
2023-10-23 15:30:00-04:00,25.559999465942383,25.6200008392334,25.520000457763672,25.55500030517578,10109318
2023-10-24 09:30:00-04:00,25.84000015258789,25.8700008392334,25.540000915527344,25.739999771118164,11553835
2023-10-24 10:30:00-04:00,25.459999084472656,25.84000015258789,25.399999618530273,25.84000015258789,7513981
2023-10-24 11:30:00-04:00,25.486600875854492,25.56999969482422,25.450000762939453,25.469999313354492,6997753
2023-10-24 12:30:00-04:00,25.520000457763672,25.540000915527344,25.420000076293945,25.479999542236328,5080262
2023-10-24 13:30:00-04:00,25.549999237060547,25.6200008392334,25.5,25.530000686645508,6397352
2023-10-24 14:30:00-04:00,25.514999389648438,25.604999542236328,25.510000228881836,25.559999465942383,5553628
2023-10-24 15:30:00-04:00,25.459999084472656,25.524999618530273,25.440000534057617,25.514999389648438,7683700
2023-10-25 09:30:00-04:00,25.225000381469727,25.43000030517578,25.18000030517578,25.3799991607666,7413371
2023-10-25 10:30:00-04:00,25.489900588989258,25.520000457763672,25.209999084472656,25.229999542236328,6120334
2023-10-25 11:30:00-04:00,25.405000686645508,25.604999542236328,25.360000610351562,25.479999542236328,6524101
2023-10-25 12:30:00-04:00,25.399999618530273,25.450000762939453,25.290000915527344,25.405000686645508,3836787
2023-10-25 13:30:00-04:00,25.53499984741211,25.565000534057617,25.360000610351562,25.405000686645508,4307285
2023-10-25 14:30:00-04:00,25.600000381469727,25.649999618530273,25.479999542236328,25.540000915527344,5836165
2023-10-25 15:30:00-04:00,25.549999237060547,25.6200008392334,25.530000686645508,25.604999542236328,6451478
2023-10-26 09:30:00-04:00,26.079999923706055,26.1299991607666,25.44420051574707,25.489999771118164,10113490
2023-10-26 10:30:00-04:00,26.010000228881836,26.219999313354492,25.959999084472656,26.084999084472656,10333603
2023-10-26 11:30:00-04:00,25.996200561523438,26.174999237060547,25.950000762939453,26.014999389648438,6324711
2023-10-26 12:30:00-04:00,26.013099670410156,26.059999465942383,25.899999618530273,25.989999771118164,5786734
2023-10-26 13:30:00-04:00,26.25,26.25,25.969999313354492,26.010000228881836,5357804
2023-10-26 14:30:00-04:00,26.219999313354492,26.360000610351562,26.203800201416016,26.25,6553362
2023-10-26 15:30:00-04:00,26.125,26.260000228881836,26.100000381469727,26.219999313354492,6827088
2023-10-27 09:30:00-04:00,25.59000015258789,26.06999969482422,25.43000030517578,26.06999969482422,10012208
2023-10-27 10:30:00-04:00,25.665000915527344,25.690000534057617,25.479999542236328,25.59000015258789,8162754
2023-10-27 11:30:00-04:00,25.5,25.68000030517578,25.479999542236328,25.670000076293945,5613789
2023-10-27 12:30:00-04:00,25.309999465942383,25.520000457763672,25.280000686645508,25.5049991607666,4888740
2023-10-27 13:30:00-04:00,25.1299991607666,25.31999969482422,25.110000610351562,25.309999465942383,5747057
2023-10-27 14:30:00-04:00,25.100000381469727,25.200000762939453,24.959999084472656,25.1200008392334,10247766
2023-10-27 15:30:00-04:00,25.170000076293945,25.190000534057617,25.040000915527344,25.100099563598633,8963495
2023-10-30 09:30:00-04:00,25.424999237060547,25.600000381469727,25.280799865722656,25.31999969482422,8270350
2023-10-30 10:30:00-04:00,25.469999313354492,25.549999237060547,25.389999389648438,25.420000076293945,4440529
2023-10-30 11:30:00-04:00,25.389999389648438,25.5,25.344999313354492,25.46500015258789,3772896
2023-10-30 12:30:00-04:00,25.560100555419922,25.56999969482422,25.31999969482422,25.389999389648438,4294376
2023-10-30 13:30:00-04:00,25.684999465942383,25.700000762939453,25.540000915527344,25.565000534057617,4844199
2023-10-30 14:30:00-04:00,25.735000610351562,25.780000686645508,25.670000076293945,25.684999465942383,5787559
2023-10-30 15:30:00-04:00,25.684999465942383,25.739999771118164,25.649999618530273,25.735000610351562,6013070
2023-10-31 09:30:00-04:00,25.829999923706055,26.030000686645508,25.71500015258789,25.739999771118164,7574946
2023-10-31 10:30:00-04:00,26.024999618530273,26.069900512695312,25.799999237060547,25.829999923706055,5613656
2023-10-31 11:30:00-04:00,25.985000610351562,26.1299991607666,25.93000030517578,26.02869987487793,4509906
2023-10-31 12:30:00-04:00,26.1299991607666,26.139999389648438,25.94409942626953,25.985000610351562,4597808
2023-10-31 13:30:00-04:00,26.165000915527344,26.18000030517578,26.09000015258789,26.1299991607666,4544061
2023-10-31 14:30:00-04:00,26.364999771118164,26.3799991607666,26.149999618530273,26.165000915527344,8121408
2023-10-31 15:30:00-04:00,26.350000381469727,26.3799991607666,26.280000686645508,26.3700008392334,7978286
2023-11-01 09:30:00-04:00,26.4950008392334,26.55500030517578,26.290000915527344,26.440000534057617,7863099
2023-11-01 10:30:00-04:00,26.479999542236328,26.614999771118164,26.459999084472656,26.5,4447382
2023-11-01 11:30:00-04:00,26.31999969482422,26.549999237060547,26.309999465942383,26.469999313354492,3625899
2023-11-01 12:30:00-04:00,26.235000610351562,26.329999923706055,26.149999618530273,26.315000534057617,4437943
2023-11-01 13:30:00-04:00,26.334999084472656,26.3700008392334,26.170000076293945,26.235000610351562,4106121
2023-11-01 14:30:00-04:00,26.350000381469727,26.446500778198242,26.219999313354492,26.334999084472656,6894588
2023-11-01 15:30:00-04:00,26.399999618530273,26.405000686645508,26.33009910583496,26.354999542236328,6916466
2023-11-02 09:30:00-04:00,26.97249984741211,26.989999771118164,26.59000015258789,26.709999084472656,9271896
2023-11-02 10:30:00-04:00,27.174999237060547,27.25,26.969999313354492,26.975000381469727,9071740
2023-11-02 11:30:00-04:00,27.282499313354492,27.350000381469727,27.149999618530273,27.174999237060547,6293848
2023-11-02 12:30:00-04:00,27.325000762939453,27.3799991607666,27.270000457763672,27.290000915527344,5150476
2023-11-02 13:30:00-04:00,27.454999923706055,27.469999313354492,27.31999969482422,27.325000762939453,5751807
2023-11-02 14:30:00-04:00,27.4950008392334,27.56999969482422,27.440000534057617,27.456899642944336,7508270
2023-11-02 15:30:00-04:00,27.6200008392334,27.65999984741211,27.489999771118164,27.5,10671516
2023-11-03 09:30:00-04:00,28.325000762939453,28.93000030517578,28.1299991607666,28.15999984741211,18890666
2023-11-03 10:30:00-04:00,28.454999923706055,28.549999237060547,28.270000457763672,28.325000762939453,7339338
2023-11-03 11:30:00-04:00,28.450000762939453,28.545000076293945,28.440000534057617,28.459999084472656,5090535
2023-11-03 12:30:00-04:00,28.506799697875977,28.639999389648438,28.389999389648438,28.454999923706055,6153861
2023-11-03 13:30:00-04:00,28.540000915527344,28.6200008392334,28.5,28.510000228881836,5577731
2023-11-03 14:30:00-04:00,28.5049991607666,28.6200008392334,28.479999542236328,28.53499984741211,5539176
2023-11-03 15:30:00-04:00,28.43000030517578,28.530000686645508,28.389999389648438,28.5049991607666,7168077
2023-11-06 09:30:00-05:00,28.184999465942383,28.770000457763672,28.15999984741211,28.559999465942383,8815851
2023-11-06 10:30:00-05:00,28.337799072265625,28.3700008392334,28.020000457763672,28.180200576782227,6680686
2023-11-06 11:30:00-05:00,28.204999923706055,28.358999252319336,28.170000076293945,28.34000015258789,3391408
2023-11-06 12:30:00-05:00,28.204999923706055,28.296499252319336,28.110000610351562,28.204999923706055,4204508
2023-11-06 13:30:00-05:00,28.204999923706055,28.219999313354492,28.110000610351562,28.204999923706055,3252209
2023-11-06 14:30:00-05:00,28.315000534057617,28.31999969482422,28.190000534057617,28.204999923706055,4294799
2023-11-06 15:30:00-05:00,28.350000381469727,28.350000381469727,28.270000457763672,28.309999465942383,5246326
2023-11-07 09:30:00-05:00,28.200000762939453,28.2549991607666,28.049999237060547,28.049999237060547,4977454
2023-11-07 10:30:00-05:00,28.139999389648438,28.239999771118164,28.1299991607666,28.190000534057617,3623646
2023-11-07 11:30:00-05:00,28.159700393676758,28.200000762939453,28.09000015258789,28.135000228881836,3906518
2023-11-07 12:30:00-05:00,28.075000762939453,28.155000686645508,27.950000762939453,28.155000686645508,5626699
2023-11-07 13:30:00-05:00,28.091699600219727,28.1299991607666,28.05500030517578,28.06999969482422,2875246
2023-11-07 14:30:00-05:00,28.197099685668945,28.204999923706055,28.059999465942383,28.094999313354492,4621396
2023-11-07 15:30:00-05:00,28.15999984741211,28.229999542236328,28.110000610351562,28.19499969482422,4069510
2023-11-08 09:30:00-05:00,28.014999389648438,28.200000762939453,27.954999923706055,28.15999984741211,4461113
2023-11-08 10:30:00-05:00,27.899999618530273,28.040000915527344,27.899999618530273,28.010000228881836,3674893
2023-11-08 11:30:00-05:00,27.774999618530273,27.959999084472656,27.674100875854492,27.899999618530273,5002198
2023-11-08 12:30:00-05:00,27.885000228881836,27.899999618530273,27.75,27.770000457763672,2508502
2023-11-08 13:30:00-05:00,27.9060001373291,27.979999542236328,27.885000228881836,27.889999389648438,2328042
2023-11-08 14:30:00-05:00,27.809999465942383,27.90999984741211,27.790000915527344,27.90999984741211,3580323
2023-11-08 15:30:00-05:00,27.889999389648438,27.905000686645508,27.770000457763672,27.809999465942383,5442003
2023-11-09 09:30:00-05:00,27.725000381469727,28.079999923706055,27.65999984741211,28.06999969482422,4297493
2023-11-09 10:30:00-05:00,27.825000762939453,27.850000381469727,27.700000762939453,27.725000381469727,2877873
2023-11-09 11:30:00-05:00,27.895000457763672,27.940000534057617,27.81999969482422,27.829999923706055,2653180
2023-11-09 12:30:00-05:00,27.649999618530273,27.981599807739258,27.649999618530273,27.895000457763672,3361287
2023-11-09 13:30:00-05:00,27.46500015258789,27.670000076293945,27.405000686645508,27.649999618530273,4805899
2023-11-09 14:30:00-05:00,27.519899368286133,27.579999923706055,27.399999618530273,27.459999084472656,3796091
2023-11-09 15:30:00-05:00,27.520000457763672,27.540000915527344,27.459999084472656,27.520000457763672,4952133
2023-11-10 09:30:00-05:00,27.475000381469727,27.770000457763672,27.3799991607666,27.760000228881836,5002574
2023-11-10 10:30:00-05:00,27.41349983215332,27.5,27.34000015258789,27.479999542236328,3499477
2023-11-10 11:30:00-05:00,27.44499969482422,27.479999542236328,27.34000015258789,27.40999984741211,2585426
2023-11-10 12:30:00-05:00,27.635000228881836,27.700000762939453,27.440000534057617,27.44499969482422,4286927
2023-11-10 13:30:00-05:00,27.584999084472656,27.68000030517578,27.549999237060547,27.635000228881836,2962573
2023-11-10 14:30:00-05:00,27.649999618530273,27.65999984741211,27.559999465942383,27.584999084472656,3029632
2023-11-10 15:30:00-05:00,27.68000030517578,27.729999542236328,27.649999618530273,27.65999984741211,5876508
2023-11-13 09:30:00-05:00,27.565000534057617,27.739999771118164,27.420000076293945,27.540000915527344,4052517
2023-11-13 10:30:00-05:00,27.764999389648438,27.770000457763672,27.530000686645508,27.559999465942383,3226138
2023-11-13 11:30:00-05:00,27.834999084472656,27.850000381469727,27.579999923706055,27.764999389648438,5380264
2023-11-13 12:30:00-05:00,27.69499969482422,27.829999923706055,27.690000534057617,27.829999923706055,2666939
2023-11-13 13:30:00-05:00,27.735000610351562,27.770000457763672,27.670000076293945,27.690000534057617,3097918
2023-11-13 14:30:00-05:00,27.764999389648438,27.780000686645508,27.719999313354492,27.739999771118164,3280399
2023-11-13 15:30:00-05:00,27.690000534057617,27.764999389648438,27.690000534057617,27.764999389648438,3373021
2023-11-14 09:30:00-05:00,29.024999618530273,29.079999923706055,28.469999313354492,28.5,14749876
2023-11-14 10:30:00-05:00,29.315000534057617,29.350000381469727,28.960100173950195,29.030000686645508,8162873
2023-11-14 11:30:00-05:00,29.274999618530273,29.33989906311035,29.149999618530273,29.315000534057617,8707974
2023-11-14 12:30:00-05:00,29.21500015258789,29.309999465942383,29.165000915527344,29.274999618530273,5026676
2023-11-14 13:30:00-05:00,29.235000610351562,29.260000228881836,29.15999984741211,29.21500015258789,4375674
2023-11-14 14:30:00-05:00,29.395000457763672,29.40999984741211,29.229999542236328,29.235000610351562,7000023
2023-11-14 15:30:00-05:00,29.229999542236328,29.399999618530273,29.190000534057617,29.399999618530273,9245585
2023-11-15 09:30:00-05:00,29.65999984741211,29.690000534057617,29.200000762939453,29.200000762939453,11850860
2023-11-15 10:30:00-05:00,29.625,29.690000534057617,29.540000915527344,29.65999984741211,4984781
2023-11-15 11:30:00-05:00,29.675600051879883,29.690000534057617,29.450000762939453,29.625,4719503
2023-11-15 12:30:00-05:00,29.655000686645508,29.729999542236328,29.59000015258789,29.674999237060547,3969181
2023-11-15 13:30:00-05:00,29.610000610351562,29.690000534057617,29.600000381469727,29.653400421142578,3708152
2023-11-15 14:30:00-05:00,29.655000686645508,29.670000076293945,29.565000534057617,29.61009979248047,6023190
2023-11-15 15:30:00-05:00,29.625,29.68000030517578,29.59000015258789,29.655000686645508,6291971
2023-11-16 09:30:00-05:00,29.334999084472656,29.700000762939453,29.239999771118164,29.489999771118164,8459711
2023-11-16 10:30:00-05:00,29.274999618530273,29.420000076293945,29.219999313354492,29.336200714111328,4727121
2023-11-16 11:30:00-05:00,29.315000534057617,29.399999618530273,29.260000228881836,29.270000457763672,4255548
2023-11-16 12:30:00-05:00,29.420000076293945,29.454999923706055,29.274999618530273,29.309999465942383,3792662
2023-11-16 13:30:00-05:00,29.385000228881836,29.5,29.360000610351562,29.42799949645996,3385600
2023-11-16 14:30:00-05:00,29.5,29.510000228881836,29.3799991607666,29.385000228881836,3244428
2023-11-16 15:30:00-05:00,29.540000915527344,29.56999969482422,29.474000930786133,29.5,4693118
2023-11-17 09:30:00-05:00,29.760000228881836,29.770000457763672,29.549999237060547,29.709999084472656,7212706
2023-11-17 10:30:00-05:00,29.75480079650879,29.81999969482422,29.704999923706055,29.75779914855957,3854628
2023-11-17 11:30:00-05:00,29.875,29.899999618530273,29.729999542236328,29.7549991607666,4230032
2023-11-17 12:30:00-05:00,29.889999389648438,29.93000030517578,29.870100021362305,29.875,2835875
2023-11-17 13:30:00-05:00,29.905000686645508,29.959999084472656,29.885000228881836,29.885499954223633,2906814
2023-11-17 14:30:00-05:00,29.94499969482422,29.950000762939453,29.8799991607666,29.905000686645508,3558565
2023-11-17 15:30:00-05:00,29.979999542236328,30.0,29.899999618530273,29.94499969482422,6373933
2023-11-20 09:30:00-05:00,29.98419952392578,30.0,29.75,29.979999542236328,6269691
2023-11-20 10:30:00-05:00,29.96310043334961,29.9950008392334,29.889999389648438,29.989999771118164,4860790
2023-11-20 11:30:00-05:00,30.034099578857422,30.049999237060547,29.93000030517578,29.959999084472656,8378844
2023-11-20 12:30:00-05:00,30.0049991607666,30.049999237060547,29.860000610351562,30.040000915527344,4996603
2023-11-20 13:30:00-05:00,30.1200008392334,30.139999389648438,30.0049991607666,30.010000228881836,3604502
2023-11-20 14:30:00-05:00,30.174999237060547,30.25,30.1200008392334,30.125,4103141
2023-11-20 15:30:00-05:00,30.020000457763672,30.200000762939453,30.010000228881836,30.170000076293945,5638545
2023-11-21 09:30:00-05:00,29.7549991607666,29.989999771118164,29.549999237060547,29.989999771118164,7821533
2023-11-21 10:30:00-05:00,29.815000534057617,29.920000076293945,29.729999542236328,29.764999389648438,4136818
2023-11-21 11:30:00-05:00,29.72369956970215,29.850000381469727,29.71500015258789,29.815000534057617,3392348
2023-11-21 12:30:00-05:00,29.670000076293945,29.75,29.6299991607666,29.729999542236328,3004292
2023-11-21 13:30:00-05:00,29.68000030517578,29.709999084472656,29.639999389648438,29.665000915527344,3211571
2023-11-21 14:30:00-05:00,29.655000686645508,29.739999771118164,29.6299991607666,29.68000030517578,3465707
2023-11-21 15:30:00-05:00,29.65999984741211,29.709999084472656,29.639999389648438,29.655000686645508,5139421
2023-11-22 09:30:00-05:00,29.764999389648438,29.780000686645508,29.53499984741211,29.731000900268555,5386418
2023-11-22 10:30:00-05:00,29.639999389648438,29.780000686645508,29.614999771118164,29.764999389648438,3221513
2023-11-22 11:30:00-05:00,29.655000686645508,29.709999084472656,29.61009979248047,29.6299991607666,3553131
2023-11-22 12:30:00-05:00,29.610000610351562,29.65999984741211,29.579999923706055,29.649999618530273,3645797
2023-11-22 13:30:00-05:00,29.599199295043945,29.6299991607666,29.559999465942383,29.610000610351562,2667356
2023-11-22 14:30:00-05:00,29.639999389648438,29.649999618530273,29.520000457763672,29.59429931640625,2517736
2023-11-22 15:30:00-05:00,29.6200008392334,29.649999618530273,29.610000610351562,29.639999389648438,12820295
2023-11-24 09:30:00-05:00,29.82309913635254,29.850000381469727,29.479999542236328,29.479999542236328,5002956
2023-11-24 10:30:00-05:00,29.78499984741211,29.889999389648438,29.729999542236328,29.829999923706055,3429828
2023-11-24 11:30:00-05:00,29.7450008392334,29.799999237060547,29.700000762939453,29.780000686645508,2934024
2023-11-27 09:30:00-05:00,29.665000915527344,29.690000534057617,29.520000457763672,29.600000381469727,10191904
2023-11-27 10:30:00-05:00,29.665000915527344,29.68000030517578,29.584999084472656,29.665000915527344,2862759
2023-11-27 11:30:00-05:00,29.625,29.690000534057617,29.600000381469727,29.665000915527344,2948016
2023-11-27 12:30:00-05:00,29.530000686645508,29.649999618530273,29.510000228881836,29.625,2919526
2023-11-27 13:30:00-05:00,29.565000534057617,29.6299991607666,29.52400016784668,29.530000686645508,2587750
2023-11-27 14:30:00-05:00,29.594999313354492,29.614999771118164,29.545000076293945,29.559999465942383,2309947
2023-11-27 15:30:00-05:00,29.559999465942383,29.639999389648438,29.549999237060547,29.594999313354492,4936514
2023-11-28 09:30:00-05:00,29.424999237060547,29.559999465942383,29.324499130249023,29.530000686645508,4824018
2023-11-28 10:30:00-05:00,29.549999237060547,29.6299991607666,29.3799991607666,29.420000076293945,3955437
2023-11-28 11:30:00-05:00,29.55500030517578,29.649999618530273,29.540000915527344,29.549999237060547,3338900
2023-11-28 12:30:00-05:00,29.475000381469727,29.559999465942383,29.395000457763672,29.549999237060547,3438869
2023-11-28 13:30:00-05:00,29.519699096679688,29.530000686645508,29.450000762939453,29.475000381469727,2803316
2023-11-28 14:30:00-05:00,29.546199798583984,29.56999969482422,29.489999771118164,29.514999389648438,3253058
2023-11-28 15:30:00-05:00,29.530000686645508,29.600000381469727,29.5,29.540000915527344,5215954
2023-11-29 09:30:00-05:00,30.325000762939453,30.389999389648438,29.809999465942383,29.8799991607666,11381175
2023-11-29 10:30:00-05:00,30.325000762939453,30.389999389648438,30.290000915527344,30.31999969482422,6166835
2023-11-29 11:30:00-05:00,30.405000686645508,30.40999984741211,30.299999237060547,30.325000762939453,5095429
2023-11-29 12:30:00-05:00,30.53499984741211,30.579999923706055,30.402099609375,30.405000686645508,4736597
2023-11-29 13:30:00-05:00,30.545000076293945,30.604999542236328,30.475000381469727,30.530000686645508,4792521
2023-11-29 14:30:00-05:00,30.350000381469727,30.549999237060547,30.329999923706055,30.545000076293945,5679839
2023-11-29 15:30:00-05:00,30.31999969482422,30.40999984741211,30.30500030517578,30.350000381469727,8123621
2023-11-30 09:30:00-05:00,30.290000915527344,30.299999237060547,30.040000915527344,30.209999084472656,7454541
2023-11-30 10:30:00-05:00,30.514999389648438,30.520000457763672,30.260099411010742,30.290000915527344,6919245
2023-11-30 11:30:00-05:00,30.344999313354492,30.510000228881836,30.329999923706055,30.510000228881836,3576238
2023-11-30 12:30:00-05:00,30.385000228881836,30.440000534057617,30.34000015258789,30.344999313354492,2385534
2023-11-30 13:30:00-05:00,30.53499984741211,30.540000915527344,30.360000610351562,30.385000228881836,4961052
2023-11-30 14:30:00-05:00,30.463499069213867,30.549999237060547,30.450000762939453,30.540000915527344,3664249
2023-11-30 15:30:00-05:00,30.479999542236328,30.540000915527344,30.40999984741211,30.459999084472656,8555418
2023-12-01 09:30:00-05:00,30.659700393676758,30.69499969482422,30.350000381469727,30.399999618530273,6352300
2023-12-01 10:30:00-05:00,30.6200008392334,30.690000534057617,30.3799991607666,30.655000686645508,4950759
2023-12-01 11:30:00-05:00,30.924999237060547,30.969999313354492,30.565000534057617,30.614999771118164,5482526
2023-12-01 12:30:00-05:00,30.905000686645508,31.049999237060547,30.895000457763672,30.920000076293945,5798868
2023-12-01 13:30:00-05:00,30.940000534057617,31.0,30.899999618530273,30.905000686645508,4589805
2023-12-01 14:30:00-05:00,30.875,30.959999084472656,30.829999923706055,30.949199676513672,5386805
2023-12-01 15:30:00-05:00,30.959999084472656,30.959999084472656,30.850000381469727,30.875,7216093
2023-12-04 09:30:00-05:00,30.7908992767334,31.0,30.520000457763672,30.610000610351562,9079676
2023-12-04 10:30:00-05:00,30.854999542236328,30.889999389648438,30.709999084472656,30.790000915527344,4027817
2023-12-04 11:30:00-05:00,30.8799991607666,30.979999542236328,30.770000457763672,30.850000381469727,3826723
2023-12-04 12:30:00-05:00,30.864999771118164,30.90999984741211,30.809999465942383,30.8799991607666,2651889
2023-12-04 13:30:00-05:00,30.7898006439209,30.8799991607666,30.770000457763672,30.864999771118164,3533000
2023-12-04 14:30:00-05:00,30.815000534057617,30.899999618530273,30.739999771118164,30.78499984741211,4636039
2023-12-04 15:30:00-05:00,30.825000762939453,30.84000015258789,30.762500762939453,30.815000534057617,4718628
2023-12-05 09:30:00-05:00,30.479999542236328,30.790000915527344,30.329999923706055,30.68000030517578,10186124
2023-12-05 10:30:00-05:00,30.53499984741211,30.549999237060547,30.329999923706055,30.473400115966797,4998538
2023-12-05 11:30:00-05:00,30.575000762939453,30.614999771118164,30.510000228881836,30.53499984741211,4654786
2023-12-05 12:30:00-05:00,30.575000762939453,30.65999984741211,30.540000915527344,30.573999404907227,2898685
2023-12-05 13:30:00-05:00,30.6299991607666,30.670000076293945,30.559999465942383,30.57990074157715,6155932
2023-12-05 14:30:00-05:00,30.5625,30.649999618530273,30.549999237060547,30.635000228881836,4393053
2023-12-05 15:30:00-05:00,30.579999923706055,30.600000381469727,30.530000686645508,30.559999465942383,5857124
2023-12-06 09:30:00-05:00,31.364999771118164,31.514999389648438,30.760000228881836,30.780000686645508,15494829
2023-12-06 10:30:00-05:00,31.350000381469727,31.5,31.2450008392334,31.368999481201172,7147900
2023-12-06 11:30:00-05:00,31.014999389648438,31.3799991607666,30.950000762939453,31.354999542236328,5844794
2023-12-06 12:30:00-05:00,30.915000915527344,31.030000686645508,30.850000381469727,31.014999389648438,3930468
2023-12-06 13:30:00-05:00,30.733800888061523,30.950000762939453,30.729999542236328,30.915000915527344,3864880
2023-12-06 14:30:00-05:00,30.565000534057617,30.760000228881836,30.540000915527344,30.735000610351562,4201190
2023-12-06 15:30:00-05:00,30.530000686645508,30.59000015258789,30.440000534057617,30.559999465942383,5146592
2023-12-07 09:30:00-05:00,30.854999542236328,30.8799991607666,30.540000915527344,30.59000015258789,4573630
2023-12-07 10:30:00-05:00,30.700000762939453,30.93000030517578,30.68000030517578,30.860000610351562,5728463
2023-12-07 11:30:00-05:00,30.719999313354492,30.825000762939453,30.670000076293945,30.69499969482422,3788267
2023-12-07 12:30:00-05:00,30.797399520874023,30.84000015258789,30.700000762939453,30.719999313354492,3282112
2023-12-07 13:30:00-05:00,30.770000457763672,30.81999969482422,30.739999771118164,30.795000076293945,2903313
2023-12-07 14:30:00-05:00,30.68320083618164,30.799999237060547,30.68000030517578,30.764999389648438,3474414
2023-12-07 15:30:00-05:00,30.649999618530273,30.709999084472656,30.59000015258789,30.684999465942383,5136119
2023-12-08 09:30:00-05:00,31.06839942932129,31.06999969482422,30.610000610351562,30.670000076293945,7315393
2023-12-08 10:30:00-05:00,30.950000762939453,31.139999389648438,30.920000076293945,31.06999969482422,5335513
2023-12-08 11:30:00-05:00,30.983299255371094,31.02869987487793,30.881500244140625,30.95560073852539,3914772
2023-12-08 12:30:00-05:00,31.049999237060547,31.084999084472656,30.969999313354492,30.989999771118164,2705003
2023-12-08 13:30:00-05:00,31.029399871826172,31.06999969482422,30.979999542236328,31.059999465942383,2420250
2023-12-08 14:30:00-05:00,31.045000076293945,31.049999237060547,30.959999084472656,31.030000686645508,3608133
2023-12-08 15:30:00-05:00,30.959999084472656,31.09000015258789,30.93000030517578,31.045000076293945,4301158
2023-12-11 09:30:00-05:00,30.729999542236328,31.079999923706055,30.719999313354492,30.920000076293945,6471212
2023-12-11 10:30:00-05:00,30.854999542236328,30.860000610351562,30.709999084472656,30.729999542236328,3749800
2023-12-11 11:30:00-05:00,30.94499969482422,30.969999313354492,30.799999237060547,30.854999542236328,4064086
2023-12-11 12:30:00-05:00,30.915000915527344,30.969999313354492,30.860000610351562,30.950000762939453,2632413
2023-12-11 13:30:00-05:00,30.905000686645508,30.959999084472656,30.889999389648438,30.915000915527344,2305258
2023-12-11 14:30:00-05:00,30.8799991607666,30.920000076293945,30.844999313354492,30.899999618530273,3686946
2023-12-11 15:30:00-05:00,30.850000381469727,30.885000228881836,30.809999465942383,30.885000228881836,4595349
2023-12-12 09:30:00-05:00,30.760000228881836,30.799999237060547,30.450000762939453,30.770000457763672,7051258
2023-12-12 10:30:00-05:00,30.735000610351562,30.790000915527344,30.690000534057617,30.7549991607666,3809599
2023-12-12 11:30:00-05:00,30.829999923706055,30.850000381469727,30.719999313354492,30.735000610351562,3232624
2023-12-12 12:30:00-05:00,30.764999389648438,30.860000610351562,30.760000228881836,30.829999923706055,3102571
2023-12-12 13:30:00-05:00,30.74020004272461,30.770000457763672,30.700000762939453,30.764999389648438,2516327
2023-12-12 14:30:00-05:00,30.78849983215332,30.809999465942383,30.719999313354492,30.741600036621094,2799117
2023-12-12 15:30:00-05:00,30.760000228881836,30.799999237060547,30.719999313354492,30.790000915527344,4627397
2023-12-13 09:30:00-05:00,30.854999542236328,30.860000610351562,30.625,30.75,5739455
2023-12-13 10:30:00-05:00,30.924999237060547,30.950000762939453,30.795000076293945,30.850000381469727,4627963
2023-12-13 11:30:00-05:00,30.864999771118164,30.969999313354492,30.834999084472656,30.924800872802734,3187557
2023-12-13 12:30:00-05:00,30.839000701904297,30.885000228881836,30.790000915527344,30.86039924621582,2263680
2023-12-13 13:30:00-05:00,31.415000915527344,31.440000534057617,30.790000915527344,30.832799911499023,8211948
2023-12-13 14:30:00-05:00,31.875,32.130001068115234,31.375,31.415000915527344,17638963
2023-12-13 15:30:00-05:00,32.040000915527344,32.06999969482422,31.799999237060547,31.8700008392334,9575450
2023-12-14 09:30:00-05:00,33.33000183105469,33.435001373291016,32.72999954223633,32.80500030517578,22235438
2023-12-14 10:30:00-05:00,33.56999969482422,33.58000183105469,33.209999084472656,33.31999969482422,13292850
2023-12-14 11:30:00-05:00,33.98500061035156,34.0,33.52000045776367,33.56999969482422,15279219
2023-12-14 12:30:00-05:00,33.89059829711914,34.069400787353516,33.790000915527344,33.97999954223633,13199665
2023-12-14 13:30:00-05:00,33.86000061035156,33.915000915527344,33.68000030517578,33.89500045776367,11356162
2023-12-14 14:30:00-05:00,33.935001373291016,34.040000915527344,33.842098236083984,33.860801696777344,9187894
2023-12-14 15:30:00-05:00,33.970001220703125,33.9900016784668,33.790000915527344,33.93000030517578,12902027
2023-12-15 09:30:00-05:00,33.790000915527344,34.02000045776367,33.6150016784668,33.79999923706055,18050207
2023-12-15 10:30:00-05:00,33.67499923706055,33.83000183105469,33.560001373291016,33.790000915527344,8711496
2023-12-15 11:30:00-05:00,33.630001068115234,33.75,33.5099983215332,33.67499923706055,6300515
2023-12-15 12:30:00-05:00,33.46500015258789,33.6255989074707,33.40999984741211,33.625,5974937
2023-12-15 13:30:00-05:00,33.32500076293945,33.5,33.29999923706055,33.459999084472656,5775617
2023-12-15 14:30:00-05:00,33.4015007019043,33.41749954223633,33.290000915527344,33.32500076293945,4674053
2023-12-15 15:30:00-05:00,33.560001373291016,33.650001525878906,33.31999969482422,33.400001525878906,9830342
2023-12-18 09:30:00-05:00,33.55500030517578,33.7400016784668,33.459999084472656,33.709999084472656,9092920
2023-12-18 10:30:00-05:00,33.7400016784668,33.790000915527344,33.47999954223633,33.55500030517578,5550367
2023-12-18 11:30:00-05:00,33.60499954223633,33.76499938964844,33.56999969482422,33.73720169067383,3560232
2023-12-18 12:30:00-05:00,33.459999084472656,33.619998931884766,33.43000030517578,33.60499954223633,3251618
2023-12-18 13:30:00-05:00,33.46500015258789,33.58000183105469,33.42499923706055,33.459999084472656,5440658
2023-12-18 14:30:00-05:00,33.40999984741211,33.5,33.40999984741211,33.470001220703125,3484874
2023-12-18 15:30:00-05:00,33.43000030517578,33.47999954223633,33.404998779296875,33.40999984741211,4167219
2023-12-19 09:30:00-05:00,33.165000915527344,33.529998779296875,32.79999923706055,33.029998779296875,12489628
2023-12-19 10:30:00-05:00,33.28499984741211,33.369998931884766,33.040000915527344,33.165000915527344,6716541
2023-12-19 11:30:00-05:00,33.375,33.52000045776367,33.26499938964844,33.28499984741211,4644947
2023-12-19 12:30:00-05:00,33.505001068115234,33.529998779296875,33.369998931884766,33.375,3468117
2023-12-19 13:30:00-05:00,33.665000915527344,33.66999816894531,33.470001220703125,33.502601623535156,3819933
2023-12-19 14:30:00-05:00,33.63999938964844,33.66999816894531,33.54999923706055,33.66999816894531,3893835
2023-12-19 15:30:00-05:00,33.51499938964844,33.650001525878906,33.459999084472656,33.650001525878906,4657420
2023-12-20 09:30:00-05:00,33.494998931884766,33.599998474121094,33.290000915527344,33.380001068115234,5947150
2023-12-20 10:30:00-05:00,33.58000183105469,33.625,33.4900016784668,33.494998931884766,3975168
2023-12-20 11:30:00-05:00,33.685001373291016,33.70000076293945,33.560001373291016,33.57500076293945,4175370
2023-12-20 12:30:00-05:00,33.54499816894531,33.70500183105469,33.540000915527344,33.685001373291016,3935215
2023-12-20 13:30:00-05:00,33.51499938964844,33.609798431396484,33.470001220703125,33.54999923706055,4745007
2023-12-20 14:30:00-05:00,33.06999969482422,33.52000045776367,33.029998779296875,33.51499938964844,9210295
2023-12-20 15:30:00-05:00,32.970001220703125,33.13999938964844,32.95000076293945,33.07500076293945,6997514
2023-12-21 09:30:00-05:00,33.20989990234375,33.45000076293945,33.095001220703125,33.2400016784668,5729292
2023-12-21 10:30:00-05:00,33.275001525878906,33.29999923706055,33.15999984741211,33.209999084472656,3333459
2023-12-21 11:30:00-05:00,33.08000183105469,33.29499816894531,33.029998779296875,33.27220153808594,3570824
2023-12-21 12:30:00-05:00,32.97999954223633,33.18000030517578,32.88999938964844,33.08000183105469,3281079
2023-12-21 13:30:00-05:00,33.01150131225586,33.029998779296875,32.93000030517578,32.98500061035156,2564181
2023-12-21 14:30:00-05:00,33.08000183105469,33.08000183105469,32.95000076293945,33.01499938964844,2298093
2023-12-21 15:30:00-05:00,33.19499969482422,33.220001220703125,33.060001373291016,33.08000183105469,4033231
2023-12-22 09:30:00-05:00,33.58000183105469,33.66999816894531,33.20000076293945,33.209999084472656,5054964
2023-12-22 10:30:00-05:00,33.42499923706055,33.61000061035156,33.369998931884766,33.57500076293945,3290712
2023-12-22 11:30:00-05:00,33.505001068115234,33.52000045776367,33.40999984741211,33.43000030517578,1888250
2023-12-22 12:30:00-05:00,33.51499938964844,33.58000183105469,33.47999954223633,33.5099983215332,1789703
2023-12-22 13:30:00-05:00,33.314998626708984,33.52750015258789,33.279998779296875,33.51499938964844,3533275
2023-12-22 14:30:00-05:00,33.44200134277344,33.474998474121094,33.275001525878906,33.310001373291016,2590107
2023-12-22 15:30:00-05:00,33.439998626708984,33.470001220703125,33.369998931884766,33.44499969482422,4056960
2023-12-26 09:30:00-05:00,33.71500015258789,33.72999954223633,33.371498107910156,33.45000076293945,4110488
2023-12-26 10:30:00-05:00,33.689998626708984,33.75979995727539,33.66999816894531,33.720001220703125,2569863
2023-12-26 11:30:00-05:00,33.792198181152344,33.81999969482422,33.66999816894531,33.685001373291016,2215947
2023-12-26 12:30:00-05:00,33.845001220703125,33.880001068115234,33.77000045776367,33.79499816894531,2164815
2023-12-26 13:30:00-05:00,33.904998779296875,33.93000030517578,33.84000015258789,33.84000015258789,2061275
2023-12-26 14:30:00-05:00,33.935001373291016,33.95500183105469,33.849998474121094,33.9099006652832,3213268
2023-12-26 15:30:00-05:00,33.86000061035156,33.959999084472656,33.86000061035156,33.935001373291016,4086213
2023-12-27 09:30:00-05:00,33.939998626708984,33.95000076293945,33.65999984741211,33.79999923706055,4499123
2023-12-27 10:30:00-05:00,33.79999923706055,33.95000076293945,33.779998779296875,33.935001373291016,2533709
2023-12-27 11:30:00-05:00,33.845001220703125,33.869998931884766,33.77000045776367,33.80500030517578,1773174
2023-12-27 12:30:00-05:00,33.84000015258789,33.869998931884766,33.779998779296875,33.840301513671875,2145473
2023-12-27 13:30:00-05:00,33.77389907836914,33.86000061035156,33.70000076293945,33.84000015258789,2072496
2023-12-27 14:30:00-05:00,33.73440170288086,33.78499984741211,33.70500183105469,33.775001525878906,2907385
2023-12-27 15:30:00-05:00,33.849998474121094,33.86000061035156,33.709999084472656,33.73350143432617,3393692
2023-12-28 09:30:00-05:00,33.89500045776367,33.970001220703125,33.77000045776367,33.81999969482422,3504424
2023-12-28 10:30:00-05:00,33.91999816894531,33.95500183105469,33.84000015258789,33.900001525878906,3342132
2023-12-28 11:30:00-05:00,33.94499969482422,33.95000076293945,33.8650016784668,33.92499923706055,2317440
2023-12-28 12:30:00-05:00,33.92900085449219,33.970001220703125,33.869998931884766,33.94499969482422,2132844
2023-12-28 13:30:00-05:00,33.897499084472656,33.970001220703125,33.8849983215332,33.928199768066406,1381091
2023-12-28 14:30:00-05:00,33.888099670410156,33.91999816894531,33.79999923706055,33.900001525878906,2365889
2023-12-28 15:30:00-05:00,33.89500045776367,33.93000030517578,33.849998474121094,33.88999938964844,4267712
2023-12-29 09:30:00-05:00,33.810001373291016,33.994998931884766,33.75,33.939998626708984,4878097
2023-12-29 10:30:00-05:00,33.625,33.84000015258789,33.5901985168457,33.810001373291016,3467469
2023-12-29 11:30:00-05:00,33.564998626708984,33.68000030517578,33.54999923706055,33.624298095703125,2599138
2023-12-29 12:30:00-05:00,33.630001068115234,33.68000030517578,33.54999923706055,33.56999969482422,2304422
2023-12-29 13:30:00-05:00,33.63999938964844,33.689998626708984,33.595001220703125,33.6349983215332,2203207
2023-12-29 14:30:00-05:00,33.7400016784668,33.7599983215332,33.630001068115234,33.630001068115234,2530432
2023-12-29 15:30:00-05:00,33.65999984741211,33.7400016784668,33.63999938964844,33.73500061035156,5096107
2024-01-02 09:30:00-05:00,33.56999969482422,33.630001068115234,33.27000045776367,33.349998474121094,7372976
2024-01-02 10:30:00-05:00,33.77000045776367,33.83000183105469,33.560001373291016,33.56999969482422,4591005
2024-01-02 11:30:00-05:00,33.915000915527344,33.970001220703125,33.77000045776367,33.77000045776367,3841190
2024-01-02 12:30:00-05:00,34.040000915527344,34.06999969482422,33.912601470947266,33.912601470947266,3819063
2024-01-02 13:30:00-05:00,33.82500076293945,34.060001373291016,33.775001525878906,34.0463981628418,3061734
2024-01-02 14:30:00-05:00,33.73500061035156,33.834999084472656,33.70000076293945,33.82500076293945,3120505
2024-01-02 15:30:00-05:00,33.90999984741211,33.939998626708984,33.72999954223633,33.73500061035156,5372981
2024-01-03 09:30:00-05:00,33.349998474121094,33.625,33.31999969482422,33.599998474121094,9594802
2024-01-03 10:30:00-05:00,33.30500030517578,33.40999984741211,33.2400016784668,33.350399017333984,4437520
2024-01-03 11:30:00-05:00,33.345001220703125,33.385101318359375,33.279998779296875,33.30500030517578,3938970
2024-01-03 12:30:00-05:00,33.55500030517578,33.619998931884766,33.334999084472656,33.34000015258789,4234870
2024-01-03 13:30:00-05:00,33.654998779296875,33.65999984741211,33.380001068115234,33.55500030517578,4937249
2024-01-03 14:30:00-05:00,33.520999908447266,33.77000045776367,33.4900016784668,33.65999984741211,4572180
2024-01-03 15:30:00-05:00,33.52000045776367,33.59000015258789,33.43000030517578,33.529998779296875,6318511
2024-01-04 09:30:00-05:00,34.084999084472656,34.16999816894531,33.540000915527344,33.56999969482422,7977650
2024-01-04 10:30:00-05:00,34.255001068115234,34.27000045776367,34.04999923706055,34.08000183105469,5087004
2024-01-04 11:30:00-05:00,34.064998626708984,34.310001373291016,34.04499816894531,34.255001068115234,3913105
2024-01-04 12:30:00-05:00,33.98500061035156,34.06999969482422,33.91999816894531,34.06999969482422,2670598
2024-01-04 13:30:00-05:00,33.959999084472656,34.060001373291016,33.935001373291016,33.9900016784668,3272742
2024-01-04 14:30:00-05:00,33.8849983215332,33.970001220703125,33.851200103759766,33.95750045776367,3774228
2024-01-04 15:30:00-05:00,33.810001373291016,33.95500183105469,33.779998779296875,33.88999938964844,6332567
2024-01-05 09:30:00-05:00,34.540000915527344,34.560001373291016,33.709999084472656,33.79999923706055,10017819
2024-01-05 10:30:00-05:00,34.53499984741211,34.689998626708984,34.47999954223633,34.540000915527344,6830282
2024-01-05 11:30:00-05:00,34.46500015258789,34.58000183105469,34.40999984741211,34.529998779296875,5301008
2024-01-05 12:30:00-05:00,34.435001373291016,34.4900016784668,34.310001373291016,34.459999084472656,5084500
2024-01-05 13:30:00-05:00,34.51499938964844,34.560001373291016,34.43090057373047,34.439998626708984,3088919
2024-01-05 14:30:00-05:00,34.34989929199219,34.540000915527344,34.29999923706055,34.51499938964844,4436545
2024-01-05 15:30:00-05:00,34.435001373291016,34.470001220703125,34.310001373291016,34.34000015258789,5571875
2024-01-08 09:30:00-05:00,33.810001373291016,34.29999923706055,33.63999938964844,34.29999923706055,11045252
2024-01-08 10:30:00-05:00,33.89500045776367,33.939998626708984,33.79999923706055,33.810001373291016,4025805
2024-01-08 11:30:00-05:00,33.775001525878906,33.90999984741211,33.709999084472656,33.88999938964844,4317273
2024-01-08 12:30:00-05:00,33.76499938964844,33.869998931884766,33.7599983215332,33.775001525878906,2305184
2024-01-08 13:30:00-05:00,34.02000045776367,34.04499816894531,33.77000045776367,33.77000045776367,2968776
2024-01-08 14:30:00-05:00,34.060001373291016,34.06999969482422,33.970001220703125,34.02000045776367,3900284
2024-01-08 15:30:00-05:00,34.154998779296875,34.189998626708984,34.02009963989258,34.05630111694336,6044740
2024-01-09 09:30:00-05:00,33.650001525878906,33.84000015258789,33.540000915527344,33.81999969482422,7701962
2024-01-09 10:30:00-05:00,33.70560073852539,33.72999954223633,33.54999923706055,33.650001525878906,4677998
2024-01-09 11:30:00-05:00,33.724998474121094,33.7400016784668,33.619998931884766,33.709999084472656,3303460
2024-01-09 12:30:00-05:00,33.59000015258789,33.75,33.56999969482422,33.724998474121094,2470162
2024-01-09 13:30:00-05:00,33.54999923706055,33.720001220703125,33.5099983215332,33.58000183105469,3392851
2024-01-09 14:30:00-05:00,33.592098236083984,33.630001068115234,33.5099983215332,33.55500030517578,4852124
2024-01-09 15:30:00-05:00,33.650001525878906,33.68000030517578,33.564998626708984,33.595001220703125,5426521
2024-01-10 09:30:00-05:00,33.415000915527344,33.54999923706055,33.27000045776367,33.5,5453223
2024-01-10 10:30:00-05:00,33.40570068359375,33.47999954223633,33.3650016784668,33.415000915527344,4089780
2024-01-10 11:30:00-05:00,33.28499984741211,33.415000915527344,33.279998779296875,33.404998779296875,3824046
2024-01-10 12:30:00-05:00,33.32500076293945,33.380001068115234,33.2400016784668,33.28499984741211,3468296
2024-01-10 13:30:00-05:00,33.46500015258789,33.47999954223633,33.29999923706055,33.32500076293945,3422023
2024-01-10 14:30:00-05:00,33.54499816894531,33.59000015258789,33.41999816894531,33.470001220703125,5402265
2024-01-10 15:30:00-05:00,33.59000015258789,33.630001068115234,33.494998931884766,33.54499816894531,5122531
2024-01-11 09:30:00-05:00,32.9900016784668,33.5,32.779998779296875,33.36000061035156,10046767
2024-01-11 10:30:00-05:00,32.89500045776367,33.060001373291016,32.810001373291016,32.98500061035156,7025475
2024-01-11 11:30:00-05:00,32.900001525878906,33.0,32.86000061035156,32.88999938964844,5081566
2024-01-11 12:30:00-05:00,33.00680160522461,33.06999969482422,32.900001525878906,32.90999984741211,3991390
2024-01-11 13:30:00-05:00,33.09270095825195,33.11000061035156,32.959999084472656,33.005001068115234,3838809
2024-01-11 14:30:00-05:00,33.095001220703125,33.13999938964844,33.04999923706055,33.09600067138672,4735288
2024-01-11 15:30:00-05:00,33.14500045776367,33.189998626708984,33.08000183105469,33.095001220703125,7346330
2024-01-12 09:30:00-05:00,32.41569900512695,33.15999984741211,32.11000061035156,32.25,18664321
2024-01-12 10:30:00-05:00,32.522701263427734,32.97999954223633,31.959999084472656,32.41999816894531,14499187
2024-01-12 11:30:00-05:00,32.64979934692383,32.9900016784668,32.23500061035156,32.529998779296875,11560799
2024-01-12 12:30:00-05:00,32.71549987792969,32.79999923706055,32.599998474121094,32.650001525878906,4901493
2024-01-12 13:30:00-05:00,33.09339904785156,33.189998626708984,32.68000030517578,32.720001220703125,6341022
2024-01-12 14:30:00-05:00,32.834999084472656,33.09000015258789,32.779998779296875,33.09000015258789,6019346
2024-01-12 15:30:00-05:00,32.79999923706055,32.89500045776367,32.75,32.834999084472656,7599863
2024-01-16 09:30:00-05:00,32.07500076293945,32.494998931884766,31.82390022277832,32.380001068115234,11686443
2024-01-16 10:30:00-05:00,32.13999938964844,32.2599983215332,31.90999984741211,32.07500076293945,8847920
2024-01-16 11:30:00-05:00,32.119998931884766,32.22999954223633,32.11009979248047,32.150001525878906,4894254
2024-01-16 12:30:00-05:00,32.209999084472656,32.22999954223633,32.08000183105469,32.125,4297685
2024-01-16 13:30:00-05:00,31.9950008392334,32.2400016784668,31.96500015258789,32.20500183105469,4726849
2024-01-16 14:30:00-05:00,31.954999923706055,32.04999923706055,31.940000534057617,31.9950008392334,5945721
2024-01-16 15:30:00-05:00,32.119998931884766,32.13999938964844,31.93000030517578,31.954999923706055,9538396
2024-01-17 09:30:00-05:00,31.84000015258789,31.989999771118164,31.270000457763672,31.719999313354492,14738709
2024-01-17 10:30:00-05:00,31.815000534057617,31.905000686645508,31.700000762939453,31.834999084472656,5778392
2024-01-17 11:30:00-05:00,31.725000381469727,31.90999984741211,31.719999313354492,31.815000534057617,6514935
2024-01-17 12:30:00-05:00,31.674999237060547,31.799999237060547,31.65999984741211,31.725000381469727,3377259
2024-01-17 13:30:00-05:00,31.730499267578125,31.790000915527344,31.649999618530273,31.674999237060547,3341542
2024-01-17 14:30:00-05:00,31.690000534057617,31.75,31.6299991607666,31.735000610351562,3729945
2024-01-17 15:30:00-05:00,31.81999969482422,31.84000015258789,31.690000534057617,31.690000534057617,5949126
2024-01-18 09:30:00-05:00,31.59000015258789,31.770000457763672,31.399999618530273,31.75,7272768
2024-01-18 10:30:00-05:00,31.594999313354492,31.670000076293945,31.440000534057617,31.594999313354492,3676564
2024-01-18 11:30:00-05:00,31.540000915527344,31.604999542236328,31.434999465942383,31.600000381469727,5327519
2024-01-18 12:30:00-05:00,31.649999618530273,31.670000076293945,31.520000457763672,31.540000915527344,3141428
2024-01-18 13:30:00-05:00,31.646900177001953,31.678699493408203,31.559999465942383,31.639999389648438,3035188
2024-01-18 14:30:00-05:00,31.700000762939453,31.719999313354492,31.56999969482422,31.645000457763672,4689847
2024-01-18 15:30:00-05:00,31.729999542236328,31.75,31.68000030517578,31.700000762939453,4643377
2024-01-19 09:30:00-05:00,31.875,31.924999237060547,31.56999969482422,31.799999237060547,8623152
2024-01-19 10:30:00-05:00,31.860000610351562,31.93000030517578,31.790000915527344,31.8700008392334,5015114
2024-01-19 11:30:00-05:00,31.985000610351562,31.9955997467041,31.7450008392334,31.854999542236328,4930649
2024-01-19 12:30:00-05:00,32.10499954223633,32.11000061035156,31.979999542236328,31.989999771118164,3988004
2024-01-19 13:30:00-05:00,32.1328010559082,32.209999084472656,32.099998474121094,32.11000061035156,5697036
2024-01-19 14:30:00-05:00,32.154998779296875,32.209999084472656,32.10499954223633,32.1349983215332,6101464
2024-01-19 15:30:00-05:00,32.209999084472656,32.22999954223633,32.1349983215332,32.15999984741211,8348133
2024-01-22 09:30:00-05:00,32.869998931884766,32.9900016784668,32.320499420166016,32.34000015258789,11207257
2024-01-22 10:30:00-05:00,32.595001220703125,32.880001068115234,32.529998779296875,32.869998931884766,5143517
2024-01-22 11:30:00-05:00,32.64500045776367,32.66999816894531,32.5099983215332,32.595001220703125,3597746
2024-01-22 12:30:00-05:00,32.48500061035156,32.64670181274414,32.470001220703125,32.64500045776367,2796249
2024-01-22 13:30:00-05:00,32.5276985168457,32.59000015258789,32.45429992675781,32.484798431396484,2502909
2024-01-22 14:30:00-05:00,32.58000183105469,32.586700439453125,32.47999954223633,32.525001525878906,3383037
2024-01-22 15:30:00-05:00,32.54999923706055,32.630001068115234,32.522499084472656,32.58000183105469,5812841
2024-01-23 09:30:00-05:00,32.564998626708984,32.75,32.38999938964844,32.540000915527344,6177714
2024-01-23 10:30:00-05:00,32.53499984741211,32.56999969482422,32.459999084472656,32.56999969482422,3549795
2024-01-23 11:30:00-05:00,32.61000061035156,32.619998931884766,32.47999954223633,32.53879928588867,2509309
2024-01-23 12:30:00-05:00,32.61600112915039,32.689998626708984,32.56999969482422,32.61859893798828,2816069
2024-01-23 13:30:00-05:00,32.67250061035156,32.70000076293945,32.600101470947266,32.6150016784668,2543917
2024-01-23 14:30:00-05:00,32.724998474121094,32.79999923706055,32.650001525878906,32.665000915527344,3405389
2024-01-23 15:30:00-05:00,32.790000915527344,32.81999969482422,32.670799255371094,32.724998474121094,5565775
2024-01-24 09:30:00-05:00,32.98099899291992,33.15999984741211,32.95000076293945,33.029998779296875,7102440
2024-01-24 10:30:00-05:00,33.18000030517578,33.189998626708984,32.939998626708984,32.986000061035156,4493383
2024-01-24 11:30:00-05:00,33.220001220703125,33.34000015258789,33.18000030517578,33.185001373291016,5010278
2024-01-24 12:30:00-05:00,33.119998931884766,33.2400016784668,33.060001373291016,33.224998474121094,3812997
2024-01-24 13:30:00-05:00,32.994998931884766,33.130001068115234,32.974998474121094,33.130001068115234,2398657
2024-01-24 14:30:00-05:00,32.93989944458008,33.099998474121094,32.93000030517578,32.994998931884766,3625768
2024-01-24 15:30:00-05:00,32.97999954223633,33.0099983215332,32.90999984741211,32.935001373291016,4710534
2024-01-25 09:30:00-05:00,33.194000244140625,33.32600021362305,33.013999938964844,33.209999084472656,6092133
2024-01-25 10:30:00-05:00,33.08399963378906,33.20000076293945,32.95000076293945,33.19499969482422,4056764
2024-01-25 11:30:00-05:00,32.948001861572266,33.084999084472656,32.83000183105469,33.084999084472656,4060015
2024-01-25 12:30:00-05:00,33.04999923706055,33.084999084472656,32.88999938964844,32.944000244140625,3582185
2024-01-25 13:30:00-05:00,33.224998474121094,33.22999954223633,33.040000915527344,33.040000915527344,4510108
2024-01-25 14:30:00-05:00,33.224998474121094,33.2400016784668,33.12009811401367,33.22819900512695,5129713
2024-01-25 15:30:00-05:00,33.400001525878906,33.45000076293945,33.20000076293945,33.220001220703125,9277819
2024-01-26 09:30:00-05:00,33.46500015258789,33.67499923706055,33.32500076293945,33.400001525878906,8108737
2024-01-26 10:30:00-05:00,33.45899963378906,33.58599853515625,33.400001525878906,33.46500015258789,3268837
2024-01-26 11:30:00-05:00,33.404998779296875,33.4900016784668,33.349998474121094,33.459999084472656,2876528
2024-01-26 12:30:00-05:00,33.46500015258789,33.470001220703125,33.324100494384766,33.404998779296875,2859546
2024-01-26 13:30:00-05:00,33.415000915527344,33.47999954223633,33.33449935913086,33.46500015258789,2298453
2024-01-26 14:30:00-05:00,33.415000915527344,33.5099983215332,33.39250183105469,33.415000915527344,3307471
2024-01-26 15:30:00-05:00,33.43000030517578,33.459999084472656,33.390499114990234,33.40999984741211,4077518
2024-01-29 09:30:00-05:00,33.44499969482422,33.47999954223633,33.23500061035156,33.400001525878906,4418641
2024-01-29 10:30:00-05:00,33.32500076293945,33.470001220703125,33.27000045776367,33.44499969482422,3359370
2024-01-29 11:30:00-05:00,33.349998474121094,33.38999938964844,33.310001373291016,33.33000183105469,2397428
2024-01-29 12:30:00-05:00,33.35499954223633,33.36000061035156,33.25,33.349998474121094,2167948
2024-01-29 13:30:00-05:00,33.334999084472656,33.41999816894531,33.31999969482422,33.35499954223633,1839392
2024-01-29 14:30:00-05:00,33.584999084472656,33.650001525878906,33.31999969482422,33.33000183105469,4032576
2024-01-29 15:30:00-05:00,33.6150016784668,33.630001068115234,33.47999954223633,33.59000015258789,4723280
2024-01-30 09:30:00-05:00,34.47999954223633,34.5099983215332,33.84000015258789,33.900001525878906,14953352
2024-01-30 10:30:00-05:00,34.64500045776367,34.65999984741211,34.33000183105469,34.48500061035156,8506946
2024-01-30 11:30:00-05:00,34.82500076293945,34.849998474121094,34.63999938964844,34.650001525878906,7612267
2024-01-30 12:30:00-05:00,34.814998626708984,34.88999938964844,34.790000915527344,34.82500076293945,5506000
2024-01-30 13:30:00-05:00,34.834999084472656,34.88999938964844,34.7400016784668,34.814998626708984,4940421
2024-01-30 14:30:00-05:00,34.845001220703125,34.869998931884766,34.79999923706055,34.834999084472656,4828889
2024-01-30 15:30:00-05:00,34.790000915527344,34.849998474121094,34.75,34.845001220703125,7145478
2024-01-31 09:30:00-05:00,34.900001525878906,35.099998474121094,34.54999923706055,34.56999969482422,11443718
2024-01-31 10:30:00-05:00,34.58000183105469,34.91999816894531,34.540000915527344,34.904998779296875,6727213
2024-01-31 11:30:00-05:00,34.61000061035156,34.63600158691406,34.40999984741211,34.58000183105469,4741619
2024-01-31 12:30:00-05:00,34.52750015258789,34.61000061035156,34.48500061035156,34.60499954223633,4067468
2024-01-31 13:30:00-05:00,34.345001220703125,34.54990005493164,34.29999923706055,34.525001525878906,4673683
2024-01-31 14:30:00-05:00,34.150001525878906,34.63999938964844,34.06999969482422,34.345001220703125,8418666
2024-01-31 15:30:00-05:00,34.0,34.16999816894531,34.0,34.14500045776367,7777100
2024-02-01 09:30:00-05:00,33.38600158691406,34.25,33.29999923706055,34.25,13981193
2024-02-01 10:30:00-05:00,33.150001525878906,33.42499923706055,32.93000030517578,33.3849983215332,12973727
2024-02-01 11:30:00-05:00,33.46500015258789,33.47999954223633,33.119998931884766,33.15999984741211,7010497
2024-02-01 12:30:00-05:00,33.36000061035156,33.619998931884766,33.310001373291016,33.470001220703125,4764580
2024-02-01 13:30:00-05:00,33.38999938964844,33.43000030517578,33.275001525878906,33.36000061035156,2952865
2024-02-01 14:30:00-05:00,33.55730056762695,33.579898834228516,33.334999084472656,33.38999938964844,3602128
2024-02-01 15:30:00-05:00,33.54999923706055,33.57749938964844,33.41999816894531,33.55500030517578,5686855
2024-02-02 09:30:00-05:00,33.45500183105469,33.599998474121094,33.16999816894531,33.369998931884766,8743537
2024-02-02 10:30:00-05:00,33.54999923706055,33.560001373291016,33.31999969482422,33.45500183105469,5636779
2024-02-02 11:30:00-05:00,33.46989822387695,33.619998931884766,33.34000015258789,33.54999923706055,4428428
2024-02-02 12:30:00-05:00,33.387901306152344,33.51499938964844,33.27000045776367,33.470001220703125,4390014
2024-02-02 13:30:00-05:00,33.595699310302734,33.60499954223633,33.369998931884766,33.38999938964844,3697229
2024-02-02 14:30:00-05:00,33.69499969482422,33.709999084472656,33.571800231933594,33.599998474121094,4102948
2024-02-02 15:30:00-05:00,33.470001220703125,33.70000076293945,33.45000076293945,33.69599914550781,5229344
2024-02-05 09:30:00-05:00,32.91999816894531,33.290000915527344,32.86000061035156,33.13970184326172,7136954
2024-02-05 10:30:00-05:00,33.040000915527344,33.13999938964844,32.90999984741211,32.91999816894531,4266765
2024-02-05 11:30:00-05:00,33.05500030517578,33.08000183105469,32.91999816894531,33.040000915527344,8742125
2024-02-05 12:30:00-05:00,33.005001068115234,33.09000015258789,32.99399948120117,33.060001373291016,2981378
2024-02-05 13:30:00-05:00,33.064998626708984,33.08000183105469,33.005001068115234,33.005001068115234,2473446
2024-02-05 14:30:00-05:00,33.04499816894531,33.10499954223633,32.959999084472656,33.06999969482422,3940701
2024-02-05 15:30:00-05:00,32.9900016784668,33.09000015258789,32.970001220703125,33.04999923706055,5165811
2024-02-06 09:30:00-05:00,33.02989959716797,33.36000061035156,32.90999984741211,32.91999816894531,6770814
2024-02-06 10:30:00-05:00,33.051300048828125,33.11000061035156,32.88999938964844,33.02000045776367,3464119
2024-02-06 11:30:00-05:00,33.08000183105469,33.11000061035156,33.0099983215332,33.060001373291016,2643180
2024-02-06 12:30:00-05:00,32.94499969482422,33.13999938964844,32.880001068115234,33.09000015258789,2517654
2024-02-06 13:30:00-05:00,32.95000076293945,33.08000183105469,32.939998626708984,32.94499969482422,2410037
2024-02-06 14:30:00-05:00,32.935001373291016,33.0099983215332,32.90359878540039,32.95000076293945,3546260
2024-02-06 15:30:00-05:00,33.03499984741211,33.040000915527344,32.900001525878906,32.935001373291016,2808782
2024-02-07 09:30:00-05:00,32.915000915527344,33.2400016784668,32.630001068115234,33.060001373291016,5749384
2024-02-07 10:30:00-05:00,32.92499923706055,32.939998626708984,32.77000045776367,32.91999816894531,3522494
2024-02-07 11:30:00-05:00,33.005001068115234,33.040000915527344,32.92250061035156,32.93000030517578,2799309
2024-02-07 12:30:00-05:00,33.209999084472656,33.2599983215332,32.9900016784668,33.0098991394043,3259745
2024-02-07 13:30:00-05:00,33.23500061035156,33.2599983215332,33.130001068115234,33.21500015258789,2753427
2024-02-07 14:30:00-05:00,33.154998779296875,33.25,33.150001525878906,33.2400016784668,3735541
2024-02-07 15:30:00-05:00,33.18000030517578,33.21500015258789,33.11000061035156,33.154998779296875,3119090
2024-02-08 09:30:00-05:00,33.06129837036133,33.20000076293945,32.900001525878906,33.04999923706055,7050171
2024-02-08 10:30:00-05:00,32.904998779296875,33.11000061035156,32.880001068115234,33.064998626708984,3689407
2024-02-08 11:30:00-05:00,32.86000061035156,32.91999816894531,32.79999923706055,32.904998779296875,2840660
2024-02-08 12:30:00-05:00,32.94499969482422,32.970001220703125,32.845001220703125,32.86000061035156,5256072
2024-02-08 13:30:00-05:00,33.23500061035156,33.275001525878906,32.939998626708984,32.95000076293945,4504220
2024-02-08 14:30:00-05:00,33.18880081176758,33.2400016784668,33.130001068115234,33.22999954223633,2829665
2024-02-08 15:30:00-05:00,33.119998931884766,33.224998474121094,33.099998474121094,33.185001373291016,3433630
2024-02-09 09:30:00-05:00,33.09000015258789,33.25,32.97999954223633,33.099998474121094,5819675
2024-02-09 10:30:00-05:00,32.97309875488281,33.095001220703125,32.939998626708984,33.09000015258789,3836304
2024-02-09 11:30:00-05:00,33.025001525878906,33.029998779296875,32.834999084472656,32.970001220703125,4560077
2024-02-09 12:30:00-05:00,33.125,33.130001068115234,33.0099983215332,33.02000045776367,3515989
2024-02-09 13:30:00-05:00,33.04999923706055,33.150001525878906,33.040000915527344,33.130001068115234,2322843
2024-02-09 14:30:00-05:00,33.04999923706055,33.099998474121094,32.940101623535156,33.05500030517578,3407285
2024-02-09 15:30:00-05:00,33.060001373291016,33.060001373291016,32.95000076293945,33.04999923706055,4307799
2024-02-12 09:30:00-05:00,33.3650016784668,33.44499969482422,32.97999954223633,33.0,5601068
2024-02-12 10:30:00-05:00,33.654998779296875,33.68000030517578,33.349998474121094,33.369998931884766,4089293
2024-02-12 11:30:00-05:00,33.709999084472656,33.77000045776367,33.63999938964844,33.654998779296875,4585481
2024-02-12 12:30:00-05:00,33.775001525878906,33.79999923706055,33.689998626708984,33.709999084472656,2827029
2024-02-12 13:30:00-05:00,33.82500076293945,33.970001220703125,33.72999954223633,33.775001525878906,4279181
2024-02-12 14:30:00-05:00,33.67499923706055,33.82500076293945,33.654998779296875,33.81999969482422,3343807
2024-02-12 15:30:00-05:00,33.619998931884766,33.7400016784668,33.599998474121094,33.68000030517578,5363314
2024-02-13 09:30:00-05:00,32.84000015258789,33.22999954223633,32.685001373291016,33.20899963378906,10553512
2024-02-13 10:30:00-05:00,32.880001068115234,32.935001373291016,32.779998779296875,32.84989929199219,6251067
2024-02-13 11:30:00-05:00,32.81990051269531,32.92639923095703,32.779998779296875,32.875,2770146
2024-02-13 12:30:00-05:00,32.70000076293945,32.900001525878906,32.66999816894531,32.814998626708984,2888692
2024-02-13 13:30:00-05:00,32.505001068115234,32.724998474121094,32.459999084472656,32.689998626708984,4371310
2024-02-13 14:30:00-05:00,32.43000030517578,32.595001220703125,32.349998474121094,32.505001068115234,5602530
2024-02-13 15:30:00-05:00,32.7599983215332,32.7599983215332,32.40999984741211,32.43009948730469,6736028
2024-02-14 09:30:00-05:00,33.125,33.18000030517578,32.8650016784668,32.97999954223633,5683792
2024-02-14 10:30:00-05:00,33.08000183105469,33.13999938964844,32.95000076293945,33.12990188598633,3255580
2024-02-14 11:30:00-05:00,33.04499816894531,33.11000061035156,32.90999984741211,33.08140182495117,2259705
2024-02-14 12:30:00-05:00,32.994998931884766,33.08000183105469,32.970001220703125,33.04499816894531,1789100
2024-02-14 13:30:00-05:00,33.04999923706055,33.06999969482422,32.880001068115234,33.0,2683543
2024-02-14 14:30:00-05:00,33.099998474121094,33.130001068115234,33.025001525878906,33.04999923706055,2991617
2024-02-14 15:30:00-05:00,33.130001068115234,33.150001525878906,33.0099983215332,33.10499954223633,3832625
2024-02-15 09:30:00-05:00,33.8650016784668,34.2400016784668,33.31999969482422,33.31999969482422,10299696
2024-02-15 10:30:00-05:00,33.84000015258789,33.95500183105469,33.814998626708984,33.869998931884766,3757836
2024-02-15 11:30:00-05:00,33.959999084472656,34.08000183105469,33.81999969482422,33.845001220703125,5897428
2024-02-15 12:30:00-05:00,33.88909912109375,33.96500015258789,33.779998779296875,33.95500183105469,3571306
2024-02-15 13:30:00-05:00,33.97990036010742,34.0,33.81999969482422,33.88999938964844,3026183
2024-02-15 14:30:00-05:00,34.101898193359375,34.150001525878906,33.95000076293945,33.974998474121094,4481091
2024-02-15 15:30:00-05:00,34.060001373291016,34.11000061035156,33.96500015258789,34.10499954223633,5512668
2024-02-16 09:30:00-05:00,33.92499923706055,34.099998474121094,33.63999938964844,33.91999816894531,7392911
2024-02-16 10:30:00-05:00,33.994998931884766,34.02000045776367,32.4900016784668,33.93000030517578,4844534
2024-02-16 11:30:00-05:00,34.025001525878906,34.08000183105469,33.939998626708984,33.9900016784668,3003772
2024-02-16 12:30:00-05:00,34.040000915527344,34.09000015258789,33.935001373291016,34.029998779296875,2388000
2024-02-16 13:30:00-05:00,34.130001068115234,34.150001525878906,33.98500061035156,34.040000915527344,2567995
2024-02-16 14:30:00-05:00,34.095001220703125,34.13869857788086,33.95000076293945,34.130001068115234,2599385
2024-02-16 15:30:00-05:00,34.09000015258789,34.119998931884766,33.97999954223633,34.099998474121094,3549423
2024-02-20 09:30:00-05:00,33.94499969482422,34.09000015258789,33.77399826049805,33.93000030517578,6814519
2024-02-20 10:30:00-05:00,33.95500183105469,34.09000015258789,33.90999984741211,33.95000076293945,2437018
2024-02-20 11:30:00-05:00,33.95500183105469,33.9900016784668,33.91999816894531,33.959999084472656,1818741
2024-02-20 12:30:00-05:00,33.935001373291016,33.970001220703125,33.86000061035156,33.950199127197266,2114368
2024-02-20 13:30:00-05:00,34.02000045776367,34.040000915527344,33.900001525878906,33.935001373291016,1972982
2024-02-20 14:30:00-05:00,34.064998626708984,34.09000015258789,33.9900016784668,34.029998779296875,2444090
2024-02-20 15:30:00-05:00,33.974998474121094,34.08000183105469,33.88999938964844,34.06999969482422,4480458
2024-02-21 09:30:00-05:00,33.46500015258789,33.595001220703125,33.17499923706055,33.5099983215332,11604393
2024-02-21 10:30:00-05:00,33.539100646972656,33.6150016784668,33.415000915527344,33.470001220703125,4876334
2024-02-21 11:30:00-05:00,33.46500015258789,33.540000915527344,33.46500015258789,33.53499984741211,2580181
2024-02-21 12:30:00-05:00,33.584999084472656,33.59000015258789,33.40999984741211,33.470001220703125,2912949
2024-02-21 13:30:00-05:00,33.65999984741211,33.7400016784668,33.58000183105469,33.584999084472656,3540708
2024-02-21 14:30:00-05:00,33.6150016784668,33.70500183105469,33.59000015258789,33.654998779296875,4001211
2024-02-21 15:30:00-05:00,33.70000076293945,33.72999954223633,33.61000061035156,33.619998931884766,4146903
2024-02-22 09:30:00-05:00,33.920101165771484,33.9900016784668,33.45500183105469,33.5,8270681
2024-02-22 10:30:00-05:00,34.01499938964844,34.06999969482422,33.88999938964844,33.91999816894531,4280538
2024-02-22 11:30:00-05:00,33.869998931884766,34.04999923706055,33.80500030517578,34.01499938964844,4363856
2024-02-22 12:30:00-05:00,33.74100112915039,33.880001068115234,33.650001525878906,33.875,4077714
2024-02-22 13:30:00-05:00,33.755001068115234,33.7859992980957,33.6150016784668,33.75,3019513
2024-02-22 14:30:00-05:00,33.58000183105469,33.77000045776367,33.470001220703125,33.7599983215332,8262490
2024-02-22 15:30:00-05:00,33.61000061035156,33.650001525878906,33.52000045776367,33.58000183105469,5942217
2024-02-23 09:30:00-05:00,33.96500015258789,34.04999923706055,33.4900016784668,33.72999954223633,7689116
2024-02-23 10:30:00-05:00,33.935001373291016,34.04999923706055,33.869998931884766,33.96860122680664,4032797
2024-02-23 11:30:00-05:00,33.942100524902344,34.040000915527344,33.869998931884766,33.939998626708984,2919690
2024-02-23 12:30:00-05:00,33.935001373291016,33.959999084472656,33.88999938964844,33.94499969482422,2107325
2024-02-23 13:30:00-05:00,33.87300109863281,34.0,33.869998931884766,33.935001373291016,2023146
2024-02-23 14:30:00-05:00,33.91400146484375,33.939998626708984,33.83000183105469,33.880001068115234,2622974
2024-02-23 15:30:00-05:00,33.91999816894531,33.970001220703125,33.88999938964844,33.915000915527344,3786690
2024-02-26 09:30:00-05:00,33.94499969482422,34.220001220703125,33.779998779296875,33.790000915527344,7056115
2024-02-26 10:30:00-05:00,33.93009948730469,33.97999954223633,33.80500030517578,33.94499969482422,3234112
2024-02-26 11:30:00-05:00,33.845001220703125,33.94499969482422,33.79999923706055,33.939998626708984,2689764
2024-02-26 12:30:00-05:00,33.61000061035156,33.849998474121094,33.59000015258789,33.845001220703125,2590599
2024-02-26 13:30:00-05:00,33.70000076293945,33.709999084472656,33.529998779296875,33.61600112915039,3390739
2024-02-26 14:30:00-05:00,33.65999984741211,33.709999084472656,33.6349983215332,33.70000076293945,2139025
2024-02-26 15:30:00-05:00,33.619998931884766,33.709999084472656,33.599998474121094,33.65999984741211,3263457
2024-02-27 09:30:00-05:00,34.18000030517578,34.189998626708984,33.709999084472656,33.75,8985956
2024-02-27 10:30:00-05:00,34.26499938964844,34.43000030517578,34.119998931884766,34.17499923706055,7190179
2024-02-27 11:30:00-05:00,34.130001068115234,34.29999923706055,34.119998931884766,34.2599983215332,3579798
2024-02-27 12:30:00-05:00,34.23500061035156,34.349998474121094,34.11000061035156,34.130001068115234,4156726
2024-02-27 13:30:00-05:00,34.209999084472656,34.25600051879883,34.150001525878906,34.23500061035156,2990647
2024-02-27 14:30:00-05:00,34.2598991394043,34.2599983215332,34.130001068115234,34.209999084472656,3829239
2024-02-27 15:30:00-05:00,34.27000045776367,34.31999969482422,34.2400016784668,34.255001068115234,5541778
2024-02-28 09:30:00-05:00,34.54999923706055,34.59000015258789,34.11130142211914,34.220001220703125,7566877
2024-02-28 10:30:00-05:00,34.404998779296875,34.599998474121094,34.380001068115234,34.54999923706055,3921805
2024-02-28 11:30:00-05:00,34.314998626708984,34.43000030517578,34.29249954223633,34.40999984741211,3136975
2024-02-28 12:30:00-05:00,34.314998626708984,34.369998931884766,34.27000045776367,34.319000244140625,2765437
2024-02-28 13:30:00-05:00,34.255001068115234,34.33000183105469,34.19499969482422,34.31999969482422,3062432
2024-02-28 14:30:00-05:00,34.21500015258789,34.2599983215332,34.150001525878906,34.255001068115234,3440712
2024-02-28 15:30:00-05:00,34.31999969482422,34.34000015258789,34.20000076293945,34.21500015258789,6095750
2024-02-29 09:30:00-05:00,34.630001068115234,34.650001525878906,34.220001220703125,34.33000183105469,6512617
2024-02-29 10:30:00-05:00,34.328399658203125,34.630001068115234,34.30500030517578,34.62099838256836,3521133
2024-02-29 11:30:00-05:00,34.26499938964844,34.33000183105469,34.150001525878906,34.32500076293945,2750771
2024-02-29 12:30:00-05:00,34.36009979248047,34.38999938964844,34.22999954223633,34.26499938964844,2105337
2024-02-29 13:30:00-05:00,34.42499923706055,34.459999084472656,34.36000061035156,34.3650016784668,1983330
2024-02-29 14:30:00-05:00,34.45000076293945,34.46500015258789,34.33000183105469,34.42499923706055,2974592
2024-02-29 15:30:00-05:00,34.46009826660156,34.56999969482422,34.439998626708984,34.44499969482422,6500754
2024-03-01 09:30:00-05:00,34.43000030517578,34.650001525878906,34.03499984741211,34.529998779296875,8382735
2024-03-01 10:30:00-05:00,34.400001525878906,34.54999923706055,34.310001373291016,34.43000030517578,6926131
2024-03-01 11:30:00-05:00,34.435001373291016,34.505001068115234,34.369998931884766,34.400001525878906,3553908
2024-03-01 12:30:00-05:00,34.34749984741211,34.459999084472656,34.310001373291016,34.435001373291016,2566241
2024-03-01 13:30:00-05:00,34.4900016784668,34.5,34.314998626708984,34.34749984741211,2415899
2024-03-01 14:30:00-05:00,34.419898986816406,34.5,34.37009811401367,34.4900016784668,3050969
2024-03-01 15:30:00-05:00,34.36000061035156,34.44499969482422,34.349998474121094,34.41999816894531,4383576
2024-03-04 09:30:00-05:00,35.09000015258789,35.09000015258789,34.25,34.290000915527344,10018581
2024-03-04 10:30:00-05:00,35.040000915527344,35.09600067138672,34.89500045776367,35.084999084472656,6659588
2024-03-04 11:30:00-05:00,35.32500076293945,35.41999816894531,35.02000045776367,35.029998779296875,6598613
2024-03-04 12:30:00-05:00,35.279998779296875,35.404998779296875,35.25,35.32500076293945,3869695
2024-03-04 13:30:00-05:00,35.15380096435547,35.31999969482422,35.04999923706055,35.27000045776367,3894763
2024-03-04 14:30:00-05:00,35.154998779296875,35.30500030517578,35.125,35.154998779296875,5201745
2024-03-04 15:30:00-05:00,35.16999816894531,35.20000076293945,35.08000183105469,35.154998779296875,6238606
2024-03-05 09:30:00-05:00,35.52000045776367,35.619998931884766,34.869998931884766,34.93000030517578,8109504
2024-03-05 10:30:00-05:00,35.53499984741211,35.666500091552734,35.47370147705078,35.51499938964844,4997398
2024-03-05 11:30:00-05:00,35.564998626708984,35.63999938964844,35.400001525878906,35.540000915527344,4253136
2024-03-05 12:30:00-05:00,35.63140106201172,35.63999938964844,35.5099983215332,35.564998626708984,3037493
2024-03-05 13:30:00-05:00,35.619998931884766,35.71500015258789,35.56399917602539,35.6349983215332,3981610
2024-03-05 14:30:00-05:00,35.22999954223633,35.625,35.220001220703125,35.619998931884766,5519096
2024-03-05 15:30:00-05:00,35.400001525878906,35.45000076293945,35.189998626708984,35.22999954223633,7315696
2024-03-06 09:30:00-05:00,35.49150085449219,35.790000915527344,35.06999969482422,35.650001525878906,9731144
2024-03-06 10:30:00-05:00,35.63999938964844,35.63999938964844,35.3849983215332,35.4900016784668,4959456
2024-03-06 11:30:00-05:00,35.45970153808594,35.65999984741211,35.27000045776367,35.63990020751953,4780032
2024-03-06 12:30:00-05:00,35.53889846801758,35.54999923706055,35.43000030517578,35.45500183105469,3132929
2024-03-06 13:30:00-05:00,35.53499984741211,35.540000915527344,35.209999084472656,35.53499984741211,5526125
2024-03-06 14:30:00-05:00,35.48270034790039,35.599998474121094,35.380001068115234,35.53499984741211,5654665
2024-03-06 15:30:00-05:00,35.41999816894531,35.54999923706055,35.349998474121094,35.47999954223633,5713314
2024-03-07 09:30:00-05:00,35.809898376464844,35.900001525878906,35.45000076293945,35.599998474121094,7424652
2024-03-07 10:30:00-05:00,35.60879898071289,35.81999969482422,35.54999923706055,35.80500030517578,3882533
2024-03-07 11:30:00-05:00,35.32500076293945,35.61000061035156,35.31999969482422,35.60900115966797,4515748
2024-03-07 12:30:00-05:00,35.61000061035156,35.619998931884766,35.25,35.32500076293945,3821701
2024-03-07 13:30:00-05:00,35.59000015258789,35.68000030517578,35.56999969482422,35.6150016784668,3590641
2024-03-07 14:30:00-05:00,35.60499954223633,35.619998931884766,35.4900016784668,35.584999084472656,2881704
2024-03-07 15:30:00-05:00,35.61000061035156,35.7400016784668,35.59000015258789,35.60499954223633,4627087
2024-03-08 09:30:00-05:00,35.900001525878906,36.099998474121094,35.7400016784668,35.78499984741211,7565902
2024-03-08 10:30:00-05:00,35.709999084472656,36.130001068115234,35.709999084472656,35.899898529052734,7069947
2024-03-08 11:30:00-05:00,35.6349983215332,35.7400016784668,35.599998474121094,35.715999603271484,4866716
2024-03-08 12:30:00-05:00,35.69499969482422,35.71630096435547,35.5,35.6349983215332,4043711
2024-03-08 13:30:00-05:00,35.755001068115234,35.790000915527344,35.61000061035156,35.689998626708984,3594274
2024-03-08 14:30:00-05:00,35.654998779296875,35.816001892089844,35.63999938964844,35.755001068115234,5028234
2024-03-08 15:30:00-05:00,35.599998474121094,35.75,35.56999969482422,35.650001525878906,4955969
2024-03-11 09:30:00-04:00,35.598899841308594,35.67499923706055,35.27000045776367,35.38999938964844,5865997
2024-03-11 10:30:00-04:00,35.515499114990234,35.630001068115234,35.4900016784668,35.59090042114258,2910733
2024-03-11 11:30:00-04:00,35.564998626708984,35.58000183105469,35.459999084472656,35.51499938964844,1896616
2024-03-11 12:30:00-04:00,35.755001068115234,35.7599983215332,35.532501220703125,35.564998626708984,2903326
2024-03-11 13:30:00-04:00,35.834999084472656,35.880001068115234,35.7047004699707,35.755001068115234,4678056
2024-03-11 14:30:00-04:00,35.84400177001953,35.91999816894531,35.790000915527344,35.83000183105469,4840686
2024-03-11 15:30:00-04:00,35.900001525878906,35.93000030517578,35.814998626708984,35.84000015258789,5104634
2024-03-12 09:30:00-04:00,36.025001525878906,36.09000015258789,35.775001525878906,35.900001525878906,5151062
2024-03-12 10:30:00-04:00,36.060001373291016,36.150001525878906,35.939998626708984,36.025001525878906,3567228
2024-03-12 11:30:00-04:00,36.064998626708984,36.150001525878906,36.04999923706055,36.06100082397461,3178109
2024-03-12 12:30:00-04:00,35.95500183105469,36.08000183105469,35.8849983215332,36.06840133666992,3007782
2024-03-12 13:30:00-04:00,36.0099983215332,36.0099983215332,35.88999938964844,35.959999084472656,2169235
2024-03-12 14:30:00-04:00,36.07500076293945,36.08000183105469,35.95000076293945,36.005001068115234,3370126
2024-03-12 15:30:00-04:00,35.95500183105469,36.07500076293945,35.939998626708984,36.07500076293945,3576341
2024-03-13 09:30:00-04:00,36.334999084472656,36.44499969482422,35.959999084472656,35.959999084472656,6791083
2024-03-13 10:30:00-04:00,36.30500030517578,36.375999450683594,36.20000076293945,36.334999084472656,4110803
2024-03-13 11:30:00-04:00,36.23500061035156,36.41999816894531,36.220001220703125,36.29999923706055,3616029
2024-03-13 12:30:00-04:00,36.19049835205078,36.29990005493164,36.119998931884766,36.23500061035156,4161427
2024-03-13 13:30:00-04:00,36.17499923706055,36.209999084472656,36.119998931884766,36.19490051269531,2566662
2024-03-13 14:30:00-04:00,36.05500030517578,36.209999084472656,36.0,36.18000030517578,3145305
2024-03-13 15:30:00-04:00,36.06999969482422,36.16999816894531,36.04999923706055,36.060001373291016,6373838
2024-03-14 09:30:00-04:00,35.57500076293945,36.220001220703125,35.560001373291016,35.91999816894531,7917585
2024-03-14 10:30:00-04:00,35.609901428222656,35.65999984741211,35.5099983215332,35.57740020751953,4196733
2024-03-14 11:30:00-04:00,35.74409866333008,35.810001373291016,35.58000183105469,35.60499954223633,4731780
2024-03-14 12:30:00-04:00,35.61600112915039,35.81999969482422,35.61000061035156,35.7400016784668,3274523
2024-03-14 13:30:00-04:00,35.70500183105469,35.75,35.5525016784668,35.61000061035156,3313851
2024-03-14 14:30:00-04:00,35.53499984741211,35.7400016784668,35.47999954223633,35.70500183105469,4115139
2024-03-14 15:30:00-04:00,35.709999084472656,35.720001220703125,35.529998779296875,35.540000915527344,6260446
2024-03-15 09:30:00-04:00,35.849998474121094,35.97999954223633,35.2400016784668,35.279998779296875,11425659
2024-03-15 10:30:00-04:00,35.98500061035156,36.0,35.79999923706055,35.849998474121094,4580381
2024-03-15 11:30:00-04:00,35.900001525878906,36.0099983215332,35.880001068115234,35.989898681640625,3963770
2024-03-15 12:30:00-04:00,35.755001068115234,35.900001525878906,35.724998474121094,35.89500045776367,3261124
2024-03-15 13:30:00-04:00,35.75389862060547,35.81999969482422,35.70000076293945,35.75910186767578,3921720
2024-03-15 14:30:00-04:00,35.744998931884766,35.81999969482422,35.70000076293945,35.75600051879883,3793184
2024-03-15 15:30:00-04:00,35.474998474121094,35.7400016784668,35.380001068115234,35.7400016784668,8855101
2024-03-18 09:30:00-04:00,35.689998626708984,35.779998779296875,35.38999938964844,35.65999984741211,6075131
2024-03-18 10:30:00-04:00,35.69499969482422,35.75,35.61000061035156,35.70000076293945,4396461
2024-03-18 11:30:00-04:00,35.775001525878906,35.84000015258789,35.66400146484375,35.69499969482422,3362466
2024-03-18 12:30:00-04:00,35.92499923706055,35.974998474121094,35.76499938964844,35.775001525878906,3203217
2024-03-18 13:30:00-04:00,35.97999954223633,36.0,35.880001068115234,35.93000030517578,3538173
2024-03-18 14:30:00-04:00,36.01539993286133,36.040000915527344,35.92499923706055,35.974998474121094,3510633
2024-03-18 15:30:00-04:00,36.01499938964844,36.084999084472656,35.959999084472656,36.02000045776367,5684165
2024-03-19 09:30:00-04:00,36.160701751708984,36.38999938964844,35.85329818725586,35.88999938964844,7763812
2024-03-19 10:30:00-04:00,36.22999954223633,36.27000045776367,36.099998474121094,36.16749954223633,4388533
2024-03-19 11:30:00-04:00,36.25,36.29999923706055,36.20199966430664,36.2400016784668,2589178
2024-03-19 12:30:00-04:00,36.18000030517578,36.33000183105469,36.150001525878906,36.244998931884766,3141943
2024-03-19 13:30:00-04:00,36.057498931884766,36.20600128173828,35.97999954223633,36.185001373291016,3414925
2024-03-19 14:30:00-04:00,36.025001525878906,36.11000061035156,36.0099983215332,36.04999923706055,3649228
2024-03-19 15:30:00-04:00,36.060001373291016,36.09000015258789,35.9900016784668,36.025001525878906,4228380
2024-03-20 09:30:00-04:00,35.994998931884766,36.029998779296875,35.72999954223633,35.84000015258789,5026943
2024-03-20 10:30:00-04:00,36.20500183105469,36.2400016784668,35.980098724365234,35.994998931884766,4324220
2024-03-20 11:30:00-04:00,36.18000030517578,36.25,36.165000915527344,36.20500183105469,3072383
2024-03-20 12:30:00-04:00,36.094200134277344,36.20500183105469,36.060001373291016,36.185001373291016,3729380
2024-03-20 13:30:00-04:00,36.275001525878906,36.279998779296875,36.04999923706055,36.09000015258789,5143313
2024-03-20 14:30:00-04:00,36.78499984741211,36.79999923706055,36.185001373291016,36.275001525878906,7288132
2024-03-20 15:30:00-04:00,36.75,36.880001068115234,36.68000030517578,36.7849006652832,6805469
2024-03-21 09:30:00-04:00,37.36000061035156,37.470001220703125,36.880001068115234,36.93000030517578,9698123
2024-03-21 10:30:00-04:00,37.3650016784668,37.560001373291016,37.34000015258789,37.36000061035156,7630971
2024-03-21 11:30:00-04:00,37.41600036621094,37.52000045776367,37.334999084472656,37.36000061035156,4019442
2024-03-21 12:30:00-04:00,37.415000915527344,37.47999954223633,37.36000061035156,37.40999984741211,3418702
2024-03-21 13:30:00-04:00,37.41400146484375,37.46500015258789,37.349998474121094,37.40999984741211,2795451
2024-03-21 14:30:00-04:00,37.505001068115234,37.52000045776367,37.400001525878906,37.415000915527344,4070054
2024-03-21 15:30:00-04:00,37.5099983215332,37.599998474121094,37.5,37.5099983215332,5570883
2024-03-22 09:30:00-04:00,37.090301513671875,37.61000061035156,37.029998779296875,37.40999984741211,5146146
2024-03-22 10:30:00-04:00,37.18000030517578,37.209999084472656,37.0099983215332,37.09600067138672,4218222
2024-03-22 11:30:00-04:00,37.04499816894531,37.189998626708984,37.02000045776367,37.18000030517578,2452985
2024-03-22 12:30:00-04:00,37.09000015258789,37.13999938964844,37.0,37.04999923706055,2786175
2024-03-22 13:30:00-04:00,37.154998779296875,37.16999816894531,37.08000183105469,37.095001220703125,2234325
2024-03-22 14:30:00-04:00,37.15999984741211,37.16999816894531,37.05500030517578,37.154998779296875,2993839
2024-03-22 15:30:00-04:00,37.04499816894531,37.185001373291016,37.040000915527344,37.15399932861328,4542453
2024-03-25 09:30:00-04:00,37.03990173339844,37.275001525878906,37.0,37.099998474121094,6060596
2024-03-25 10:30:00-04:00,37.0099983215332,37.07600021362305,36.97999954223633,37.034000396728516,2954936
2024-03-25 11:30:00-04:00,36.939998626708984,37.02000045776367,36.88999938964844,37.0099983215332,2848792
2024-03-25 12:30:00-04:00,36.8827018737793,36.959999084472656,36.86000061035156,36.939998626708984,2388758
2024-03-25 13:30:00-04:00,36.970001220703125,36.97600173950195,36.869998931884766,36.885398864746094,2289242
2024-03-25 14:30:00-04:00,36.880001068115234,36.98749923706055,36.84000015258789,36.970001220703125,3722756
2024-03-25 15:30:00-04:00,36.869998931884766,36.939998626708984,36.84000015258789,36.880001068115234,4203057
2024-03-26 09:30:00-04:00,36.910099029541016,37.029998779296875,36.79999923706055,37.0,4042997
2024-03-26 10:30:00-04:00,36.86000061035156,37.018001556396484,36.84000015258789,36.915000915527344,3586281
2024-03-26 11:30:00-04:00,37.005001068115234,37.02000045776367,36.84000015258789,36.8572998046875,3735928
2024-03-26 12:30:00-04:00,36.99509811401367,37.04999923706055,36.933998107910156,37.005001068115234,2605670
2024-03-26 13:30:00-04:00,37.185001373291016,37.220001220703125,36.97999954223633,36.994998931884766,5550158
2024-03-26 14:30:00-04:00,37.10499954223633,37.23500061035156,37.09000015258789,37.185001373291016,4065368
2024-03-26 15:30:00-04:00,37.119998931884766,37.150001525878906,37.040000915527344,37.11000061035156,4916629
2024-03-27 09:30:00-04:00,37.435001373291016,37.56999969482422,37.2400016784668,37.25,5449558
2024-03-27 10:30:00-04:00,37.5,37.52000045776367,37.380001068115234,37.4385986328125,3505889
2024-03-27 11:30:00-04:00,37.43000030517578,37.59000015258789,37.39500045776367,37.505001068115234,4596659
2024-03-27 12:30:00-04:00,37.525001525878906,37.59000015258789,37.41999816894531,37.42499923706055,3709832
2024-03-27 13:30:00-04:00,37.54999923706055,37.54999923706055,37.43000030517578,37.529998779296875,2877999
2024-03-27 14:30:00-04:00,37.64500045776367,37.654998779296875,37.5099983215332,37.54499816894531,3257697
2024-03-27 15:30:00-04:00,37.83000183105469,37.845001220703125,37.630001068115234,37.64500045776367,6803325
2024-03-28 09:30:00-04:00,37.53990173339844,37.86840057373047,37.415000915527344,37.720001220703125,5733112
2024-03-28 10:30:00-04:00,37.709999084472656,37.72999954223633,37.5099983215332,37.540000915527344,5508888
2024-03-28 11:30:00-04:00,37.73500061035156,37.790000915527344,37.650001525878906,37.70500183105469,4771382
2024-03-28 12:30:00-04:00,37.79999923706055,37.89500045776367,37.720001220703125,37.73500061035156,4154934
2024-03-28 13:30:00-04:00,37.83000183105469,37.900001525878906,37.7599983215332,37.79499816894531,3664726
2024-03-28 14:30:00-04:00,37.935001373291016,37.939998626708984,37.77000045776367,37.834999084472656,3551547
2024-03-28 15:30:00-04:00,37.91999816894531,38.0,37.88999938964844,37.935001373291016,5339912
2024-04-01 09:30:00-04:00,37.54999923706055,38.349998474121094,37.52000045776367,37.939998626708984,7071516
2024-04-01 10:30:00-04:00,37.70500183105469,37.709999084472656,37.4900016784668,37.55500030517578,4566681
2024-04-01 11:30:00-04:00,37.5984001159668,37.709999084472656,37.5099983215332,37.70500183105469,4200120
2024-04-01 12:30:00-04:00,37.525001525878906,37.599998474121094,37.439998626708984,37.595001220703125,2846800
2024-04-01 13:30:00-04:00,37.525001525878906,37.56999969482422,37.47999954223633,37.52000045776367,2915533
2024-04-01 14:30:00-04:00,37.525001525878906,37.56999969482422,37.5,37.529998779296875,2991177
2024-04-01 15:30:00-04:00,37.5099983215332,37.58000183105469,37.4900016784668,37.529998779296875,3877942
2024-04-02 09:30:00-04:00,37.48500061035156,37.57500076293945,37.162498474121094,37.189998626708984,6286523
2024-04-02 10:30:00-04:00,37.375,37.5,37.349998474121094,37.48500061035156,4348663
2024-04-02 11:30:00-04:00,37.345001220703125,37.380001068115234,37.2599983215332,37.380001068115234,3666379
2024-04-02 12:30:00-04:00,37.28499984741211,37.3650016784668,37.2400016784668,37.34000015258789,3772531
2024-04-02 13:30:00-04:00,37.28499984741211,37.33000183105469,37.23500061035156,37.279998779296875,3624825
2024-04-02 14:30:00-04:00,37.30500030517578,37.349998474121094,37.25,37.28499984741211,3680619
2024-04-02 15:30:00-04:00,37.310001373291016,37.349998474121094,37.2599983215332,37.310001373291016,4159489
2024-04-03 09:30:00-04:00,37.709999084472656,38.01499938964844,37.369998931884766,37.400001525878906,7414075
2024-04-03 10:30:00-04:00,37.510501861572266,37.75,37.41999816894531,37.709999084472656,5792095
2024-04-03 11:30:00-04:00,37.50519943237305,37.540000915527344,37.43000030517578,37.51499938964844,3702647
2024-04-03 12:30:00-04:00,37.51499938964844,37.55500030517578,37.439998626708984,37.505001068115234,2637348
2024-04-03 13:30:00-04:00,37.435001373291016,37.54999923706055,37.43000030517578,37.51499938964844,2321188
2024-04-03 14:30:00-04:00,37.36000061035156,37.45000076293945,37.27000045776367,37.43370056152344,3170902
2024-04-03 15:30:00-04:00,37.439998626708984,37.47999954223633,37.34000015258789,37.349998474121094,3270276
2024-04-04 09:30:00-04:00,37.814998626708984,37.959999084472656,37.6431999206543,37.70000076293945,6044333
2024-04-04 10:30:00-04:00,37.67499923706055,37.900001525878906,37.619998931884766,37.810001373291016,4576098
2024-04-04 11:30:00-04:00,37.654998779296875,37.71500015258789,37.625,37.68000030517578,2066722
2024-04-04 12:30:00-04:00,37.607601165771484,37.709999084472656,37.599998474121094,37.654998779296875,2723048
2024-04-04 13:30:00-04:00,37.21500015258789,37.61000061035156,37.21500015258789,37.60499954223633,4980449
2024-04-04 14:30:00-04:00,36.935001373291016,37.25,36.93000030517578,37.209999084472656,7196900
2024-04-04 15:30:00-04:00,36.935001373291016,36.97999954223633,36.869998931884766,36.939998626708984,5225751
2024-04-05 09:30:00-04:00,36.84000015258789,37.16999816894531,36.72999954223633,36.810001373291016,5666890
2024-04-05 10:30:00-04:00,37.137001037597656,37.13999938964844,36.810001373291016,36.84000015258789,4729554
2024-04-05 11:30:00-04:00,37.285099029541016,37.31999969482422,37.09000015258789,37.138999938964844,3316976
2024-04-05 12:30:00-04:00,37.19499969482422,37.34000015258789,37.130001068115234,37.28099822998047,2562102
2024-04-05 13:30:00-04:00,37.144901275634766,37.2400016784668,37.05289840698242,37.189998626708984,2953388
2024-04-05 14:30:00-04:00,37.1702995300293,37.209999084472656,37.099998474121094,37.14500045776367,2909336
2024-04-05 15:30:00-04:00,37.099998474121094,37.23749923706055,37.09000015258789,37.16999816894531,3967145
2024-04-08 09:30:00-04:00,37.400001525878906,37.51499938964844,37.130001068115234,37.20000076293945,6214621
2024-04-08 10:30:00-04:00,37.42499923706055,37.54999923706055,37.3650016784668,37.400001525878906,4032515
2024-04-08 11:30:00-04:00,37.46500015258789,37.465999603271484,37.35020065307617,37.42499923706055,3163625
2024-04-08 12:30:00-04:00,37.52000045776367,37.540000915527344,37.439998626708984,37.46049880981445,2565414
2024-04-08 13:30:00-04:00,37.54499816894531,37.58000183105469,37.5,37.52000045776367,2286268
2024-04-08 14:30:00-04:00,37.55030059814453,37.58000183105469,37.5,37.54499816894531,2308849
2024-04-08 15:30:00-04:00,37.505001068115234,37.58000183105469,37.45000076293945,37.54999923706055,4525533
2024-04-09 09:30:00-04:00,37.45000076293945,37.77000045776367,37.349998474121094,37.5099983215332,5676606
2024-04-09 10:30:00-04:00,37.388301849365234,37.459999084472656,37.20000076293945,37.45000076293945,4768308
2024-04-09 11:30:00-04:00,37.5099983215332,37.54999923706055,37.375,37.38999938964844,2398632
2024-04-09 12:30:00-04:00,37.529998779296875,37.599998474121094,37.4900016784668,37.51499938964844,2746093
2024-04-09 13:30:00-04:00,37.529998779296875,37.61000061035156,37.474998474121094,37.53499984741211,3101362
2024-04-09 14:30:00-04:00,37.73500061035156,37.75,37.5,37.525001525878906,3702106
2024-04-09 15:30:00-04:00,37.72999954223633,37.75,37.63999938964844,37.7400016784668,3915169
2024-04-10 09:30:00-04:00,37.05009841918945,37.22999954223633,36.63999938964844,37.18000030517578,8390917
2024-04-10 10:30:00-04:00,36.974998474121094,37.20000076293945,36.944000244140625,37.05009841918945,4425673
2024-04-10 11:30:00-04:00,36.8400993347168,36.98500061035156,36.724998474121094,36.974998474121094,3157628
2024-04-10 12:30:00-04:00,36.755001068115234,36.880001068115234,36.58000183105469,36.845001220703125,4553352
2024-04-10 13:30:00-04:00,36.630001068115234,36.79999923706055,36.599998474121094,36.7599983215332,3343816
2024-04-10 14:30:00-04:00,36.77000045776367,36.81999969482422,36.54999923706055,36.63999938964844,3560478
2024-04-10 15:30:00-04:00,36.650001525878906,36.77000045776367,36.64400100708008,36.77000045776367,5384844
2024-04-11 09:30:00-04:00,36.07500076293945,36.75,36.04999923706055,36.75,6841348
2024-04-11 10:30:00-04:00,36.17499923706055,36.22999954223633,36.07500076293945,36.08000183105469,3937779
2024-04-11 11:30:00-04:00,36.259300231933594,36.34000015258789,36.150001525878906,36.16999816894531,3656410
2024-04-11 12:30:00-04:00,36.494998931884766,36.540000915527344,36.2400016784668,36.255001068115234,4090381
2024-04-11 13:30:00-04:00,36.525001525878906,36.599998474121094,36.39500045776367,36.494998931884766,3217091
2024-04-11 14:30:00-04:00,36.4901008605957,36.564998626708984,36.40999984741211,36.525001525878906,3831467
2024-04-11 15:30:00-04:00,36.349998474121094,36.5099983215332,36.33000183105469,36.4900016784668,6557522
2024-04-12 09:30:00-04:00,35.974998474121094,36.09000015258789,35.709999084472656,35.810001373291016,8326856
2024-04-12 10:30:00-04:00,35.55009841918945,36.06999969482422,35.529998779296875,35.970001220703125,7624517
2024-04-12 11:30:00-04:00,35.7400016784668,35.849998474121094,35.54999923706055,35.560001373291016,6314344
2024-04-12 12:30:00-04:00,35.630001068115234,35.779998779296875,35.60499954223633,35.744998931884766,3950810
2024-04-12 13:30:00-04:00,35.65010070800781,35.81999969482422,35.53499984741211,35.629798889160156,4682643
2024-04-12 14:30:00-04:00,35.650001525878906,35.720001220703125,35.56999969482422,35.654998779296875,3683689
2024-04-12 15:30:00-04:00,35.79999923706055,35.810001373291016,35.60499954223633,35.64500045776367,5058802
2024-04-15 09:30:00-04:00,36.279998779296875,36.7599983215332,36.209999084472656,36.33000183105469,7893789
2024-04-15 10:30:00-04:00,36.18000030517578,36.349998474121094,36.08000183105469,36.275001525878906,4950473
2024-04-15 11:30:00-04:00,36.15290069580078,36.27000045776367,36.119998931884766,36.17499923706055,4895145
2024-04-15 12:30:00-04:00,35.93009948730469,36.22999954223633,35.93000030517578,36.150001525878906,5833173
2024-04-15 13:30:00-04:00,35.859901428222656,36.02000045776367,35.834999084472656,35.93000030517578,5252021
2024-04-15 14:30:00-04:00,35.810001373291016,35.98500061035156,35.755001068115234,35.849998474121094,4608435
2024-04-15 15:30:00-04:00,35.94990158081055,36.040000915527344,35.79999923706055,35.81999969482422,6085284
2024-04-16 09:30:00-04:00,34.349998474121094,36.16999816894531,34.22999954223633,36.095001220703125,24604196
2024-04-16 10:30:00-04:00,34.564998626708984,34.66999816894531,34.150001525878906,34.36000061035156,12360085
2024-04-16 11:30:00-04:00,34.77000045776367,34.845001220703125,34.45000076293945,34.564998626708984,12590753
2024-04-16 12:30:00-04:00,34.689998626708984,34.88990020751953,34.54499816894531,34.77000045776367,7568624
2024-04-16 13:30:00-04:00,34.505001068115234,34.755001068115234,34.41999816894531,34.689998626708984,8385499
2024-04-16 14:30:00-04:00,34.95000076293945,34.970001220703125,34.47999954223633,34.505001068115234,8929496
2024-04-16 15:30:00-04:00,34.685001373291016,34.95000076293945,34.59000015258789,34.95000076293945,11187726
2024-04-17 09:30:00-04:00,35.369998931884766,35.40999984741211,34.75,34.88999938964844,11218206
2024-04-17 10:30:00-04:00,35.39500045776367,35.45000076293945,35.22999954223633,35.369998931884766,8778148
2024-04-17 11:30:00-04:00,35.314998626708984,35.48500061035156,35.150001525878906,35.39500045776367,6959855
2024-04-17 12:30:00-04:00,35.560001373291016,35.56999969482422,35.22999954223633,35.310001373291016,4720851
2024-04-17 13:30:00-04:00,35.595001220703125,35.68000030517578,35.47999954223633,35.560001373291016,5084479
2024-04-17 14:30:00-04:00,35.34000015258789,35.75,35.33000183105469,35.599998474121094,8650854
2024-04-17 15:30:00-04:00,35.220001220703125,35.45000076293945,35.209999084472656,35.34000015258789,8519771
2024-04-18 09:30:00-04:00,35.744998931884766,35.75,35.18000030517578,35.540000915527344,6088685
2024-04-18 10:30:00-04:00,35.95000076293945,35.9900016784668,35.71500015258789,35.7400016784668,5593934
2024-04-18 11:30:00-04:00,35.80500030517578,35.97999954223633,35.790000915527344,35.959999084472656,4949527
2024-04-18 12:30:00-04:00,35.709999084472656,35.81999969482422,35.56999969482422,35.80500030517578,4664556
2024-04-18 13:30:00-04:00,35.7599983215332,35.875,35.60499954223633,35.709999084472656,3967416
2024-04-18 14:30:00-04:00,35.834999084472656,35.935001373291016,35.7400016784668,35.77000045776367,5382326
2024-04-18 15:30:00-04:00,35.7599983215332,35.919898986816406,35.709999084472656,35.84000015258789,5617112
2024-04-19 09:30:00-04:00,36.73500061035156,36.790000915527344,36.060001373291016,36.099998474121094,12907825
2024-04-19 10:30:00-04:00,36.9900016784668,37.08000183105469,36.709999084472656,36.73500061035156,7490122
2024-04-19 11:30:00-04:00,36.91999816894531,37.1150016784668,36.86000061035156,36.98500061035156,5963500
2024-04-19 12:30:00-04:00,37.005001068115234,37.1150016784668,36.86000061035156,36.92679977416992,5088043
2024-04-19 13:30:00-04:00,36.88999938964844,37.119998931884766,36.880001068115234,37.0099983215332,5273865
2024-04-19 14:30:00-04:00,36.830101013183594,36.970001220703125,36.814998626708984,36.89500045776367,6221535
2024-04-19 15:30:00-04:00,36.970001220703125,36.97999954223633,36.752498626708984,36.83000183105469,7466136
2024-04-22 09:30:00-04:00,37.290000915527344,37.34000015258789,36.869998931884766,37.0,6834887
2024-04-22 10:30:00-04:00,37.37369918823242,37.40999984741211,37.2400016784668,37.290000915527344,5345040
2024-04-22 11:30:00-04:00,37.54499816894531,37.57500076293945,37.34000015258789,37.375,4762267
2024-04-22 12:30:00-04:00,37.760101318359375,37.77000045776367,37.5099983215332,37.54499816894531,4461725
2024-04-22 13:30:00-04:00,37.894798278808594,37.900001525878906,37.650001525878906,37.77000045776367,5448234
2024-04-22 14:30:00-04:00,37.790000915527344,37.90999984741211,37.744998931884766,37.88999938964844,4903504
2024-04-22 15:30:00-04:00,37.7400016784668,37.79669952392578,37.68000030517578,37.790000915527344,6968413
2024-04-23 09:30:00-04:00,38.21500015258789,38.29499816894531,37.83000183105469,37.939998626708984,8183354
2024-04-23 10:30:00-04:00,38.23500061035156,38.31999969482422,38.20000076293945,38.209999084472656,5650074
2024-04-23 11:30:00-04:00,38.375,38.38999938964844,38.209999084472656,38.2400016784668,4882703
2024-04-23 12:30:00-04:00,38.3849983215332,38.38999938964844,38.2599983215332,38.37200164794922,3382048
2024-04-23 13:30:00-04:00,38.27000045776367,38.41999816894531,38.22999954223633,38.3849983215332,3666469
2024-04-23 14:30:00-04:00,38.26620101928711,38.33000183105469,38.19499969482422,38.27000045776367,4427049
2024-04-23 15:30:00-04:00,38.369998931884766,38.380001068115234,38.212501525878906,38.2599983215332,5203564
2024-04-24 09:30:00-04:00,38.470001220703125,38.494998931884766,38.0,38.02000045776367,5944282
2024-04-24 10:30:00-04:00,38.23500061035156,38.494998931884766,38.18000030517578,38.47999954223633,3834644
2024-04-24 11:30:00-04:00,38.25,38.279998779296875,38.16999816894531,38.23400115966797,2868860
2024-04-24 12:30:00-04:00,38.34000015258789,38.349998474121094,38.22999954223633,38.255001068115234,2365935
2024-04-24 13:30:00-04:00,38.40999984741211,38.46659851074219,38.31010055541992,38.34000015258789,2051915
2024-04-24 14:30:00-04:00,38.45000076293945,38.47999954223633,38.35150146484375,38.41999816894531,2817449
2024-04-24 15:30:00-04:00,38.31999969482422,38.459999084472656,38.310001373291016,38.45000076293945,4465072
2024-04-25 09:30:00-04:00,37.595001220703125,38.27000045776367,37.375,37.93000030517578,9129985
2024-04-25 10:30:00-04:00,37.67499923706055,37.72999954223633,37.58000183105469,37.599998474121094,4352557
2024-04-25 11:30:00-04:00,37.744998931884766,37.77000045776367,37.63999938964844,37.67499923706055,3981954
2024-04-25 12:30:00-04:00,37.709999084472656,37.7599983215332,37.63999938964844,37.7400016784668,3333605
2024-04-25 13:30:00-04:00,37.750099182128906,37.900001525878906,37.691898345947266,37.709999084472656,3576010
2024-04-25 14:30:00-04:00,37.9900016784668,38.029998779296875,37.75,37.75,3875166
2024-04-25 15:30:00-04:00,37.900001525878906,38.0,37.86000061035156,37.994998931884766,4601717
2024-04-26 09:30:00-04:00,38.165000915527344,38.310001373291016,37.86000061035156,37.93000030517578,4833483
2024-04-26 10:30:00-04:00,37.89799880981445,38.189998626708984,37.83000183105469,38.160099029541016,3034112
2024-04-26 11:30:00-04:00,38.05500030517578,38.06999969482422,37.869998931884766,37.88999938964844,2202977
2024-04-26 12:30:00-04:00,38.006099700927734,38.11000061035156,37.994998931884766,38.05500030517578,2571956
2024-04-26 13:30:00-04:00,37.94499969482422,38.02000045776367,37.915000915527344,38.005001068115234,2965491
2024-04-26 14:30:00-04:00,37.94499969482422,37.97999954223633,37.900001525878906,37.94499969482422,2900860
2024-04-26 15:30:00-04:00,37.81380081176758,37.941001892089844,37.779998779296875,37.939998626708984,4964070
2024-04-29 09:30:00-04:00,37.96500015258789,38.060001373291016,37.734901428222656,37.875,4764920
2024-04-29 10:30:00-04:00,37.89860153198242,37.994998931884766,37.86000061035156,37.96500015258789,2495745
2024-04-29 11:30:00-04:00,37.76499938964844,37.90999984741211,37.7599983215332,37.89500045776367,1917052
2024-04-29 12:30:00-04:00,37.758201599121094,37.79999923706055,37.70399856567383,37.76499938964844,1793016
2024-04-29 13:30:00-04:00,37.71379852294922,37.79999923706055,37.689998626708984,37.7599983215332,2744781
2024-04-29 14:30:00-04:00,37.505001068115234,37.71500015258789,37.45000076293945,37.71500015258789,4160172
2024-04-29 15:30:00-04:00,37.560001373291016,37.560001373291016,37.470001220703125,37.505001068115234,4569499
2024-04-30 09:30:00-04:00,37.48500061035156,37.599998474121094,37.310001373291016,37.345001220703125,4212723
2024-04-30 10:30:00-04:00,37.52000045776367,37.66999816894531,37.45000076293945,37.48500061035156,2665495
2024-04-30 11:30:00-04:00,37.40999984741211,37.52000045776367,37.400001525878906,37.52000045776367,1768597
2024-04-30 12:30:00-04:00,37.28499984741211,37.415000915527344,37.24399948120117,37.40999984741211,2356226
2024-04-30 13:30:00-04:00,37.23500061035156,37.369998931884766,37.20500183105469,37.28499984741211,3121041
2024-04-30 14:30:00-04:00,37.084999084472656,37.25,37.06999969482422,37.23500061035156,4635049
2024-04-30 15:30:00-04:00,37.0099983215332,37.099998474121094,36.98099899291992,37.084999084472656,4988843
2024-05-01 09:30:00-04:00,37.04499816894531,37.40999984741211,36.92499923706055,37.209999084472656,4658414
2024-05-01 10:30:00-04:00,37.08000183105469,37.099998474121094,37.0,37.040401458740234,1932883
2024-05-01 11:30:00-04:00,36.939998626708984,37.09000015258789,36.91999816894531,37.06999969482422,3251705
2024-05-01 12:30:00-04:00,36.875,36.970001220703125,36.77000045776367,36.939998626708984,2235371
2024-05-01 13:30:00-04:00,37.03499984741211,37.040000915527344,36.87329864501953,36.87779998779297,2854372
2024-05-01 14:30:00-04:00,37.369998931884766,37.5,36.88999938964844,37.03499984741211,7294331
2024-05-01 15:30:00-04:00,36.94499969482422,37.3650016784668,36.93000030517578,37.3650016784668,5630412
2024-05-02 09:30:00-04:00,36.994998931884766,37.4900016784668,36.88999938964844,37.369998931884766,5259702
2024-05-02 10:30:00-04:00,36.814998626708984,36.994998931884766,36.79999923706055,36.994998931884766,3622257
2024-05-02 11:30:00-04:00,36.709999084472656,36.83000183105469,36.689998626708984,36.81999969482422,2892511
2024-05-02 12:30:00-04:00,36.917701721191406,36.91999816894531,36.650001525878906,36.70500183105469,2909364
2024-05-02 13:30:00-04:00,36.87009811401367,36.91999816894531,36.790000915527344,36.915000915527344,4583101
2024-05-02 14:30:00-04:00,36.87779998779297,36.97999954223633,36.81999969482422,36.875,5813534
2024-05-02 15:30:00-04:00,36.88999938964844,36.88999938964844,36.779998779296875,36.869998931884766,5041166
2024-05-03 09:30:00-04:00,37.165000915527344,37.529998779296875,37.08000183105469,37.41999816894531,12028128
2024-05-03 10:30:00-04:00,37.20500183105469,37.2400016784668,37.150001525878906,37.16999816894531,3425864
2024-05-03 11:30:00-04:00,37.244998931884766,37.27000045776367,37.189998626708984,37.209999084472656,2752151
2024-05-03 12:30:00-04:00,37.18000030517578,37.275001525878906,37.150001525878906,37.2400016784668,2439327
2024-05-03 13:30:00-04:00,37.23500061035156,37.28499984741211,37.15999984741211,37.18000030517578,2208894
2024-05-03 14:30:00-04:00,37.19499969482422,37.2400016784668,37.119998931884766,37.23500061035156,2856439
2024-05-03 15:30:00-04:00,37.23500061035156,37.27000045776367,37.15999984741211,37.189998626708984,4041802
2024-05-06 09:30:00-04:00,37.625,37.775001525878906,37.36000061035156,37.65999984741211,5595676
2024-05-06 10:30:00-04:00,37.4900016784668,37.64649963378906,37.46500015258789,37.625301361083984,3082194
2024-05-06 11:30:00-04:00,37.52000045776367,37.56999969482422,37.470001220703125,37.494998931884766,1892147
2024-05-06 12:30:00-04:00,37.6150016784668,37.63999938964844,37.510101318359375,37.52000045776367,2542020
2024-05-06 13:30:00-04:00,37.777400970458984,37.777400970458984,37.61000061035156,37.6150016784668,3860234
2024-05-06 14:30:00-04:00,37.595001220703125,37.790000915527344,37.58000183105469,37.779998779296875,3355124
2024-05-06 15:30:00-04:00,37.689998626708984,37.689998626708984,37.584999084472656,37.595001220703125,4616294
2024-05-07 09:30:00-04:00,38.084999084472656,38.11000061035156,37.69499969482422,37.69499969482422,7298518
2024-05-07 10:30:00-04:00,38.040000915527344,38.14500045776367,38.03499984741211,38.084999084472656,3456077
2024-05-07 11:30:00-04:00,37.987998962402344,38.04499816894531,37.904998779296875,38.040000915527344,2447391
2024-05-07 12:30:00-04:00,37.98500061035156,38.02000045776367,37.8849983215332,37.98500061035156,2231435
2024-05-07 13:30:00-04:00,37.915000915527344,37.994998931884766,37.869998931884766,37.980499267578125,2163074
2024-05-07 14:30:00-04:00,37.875,37.959999084472656,37.81999969482422,37.915000915527344,3644202
2024-05-07 15:30:00-04:00,37.849998474121094,37.89500045776367,37.790000915527344,37.880001068115234,3502505
2024-05-08 09:30:00-04:00,37.60499954223633,37.81999969482422,37.529998779296875,37.70000076293945,4042929
2024-05-08 10:30:00-04:00,37.65999984741211,37.709999084472656,37.59000015258789,37.60499954223633,3288600
2024-05-08 11:30:00-04:00,37.66999816894531,37.70000076293945,37.61000061035156,37.65999984741211,2198252
2024-05-08 12:30:00-04:00,37.64500045776367,37.70000076293945,37.51499938964844,37.65999984741211,3103826
2024-05-08 13:30:00-04:00,37.64500045776367,37.65999984741211,37.58000183105469,37.63999938964844,2310865
2024-05-08 14:30:00-04:00,37.685001373291016,37.755001068115234,37.63479995727539,37.63999938964844,5003788
2024-05-08 15:30:00-04:00,37.709999084472656,37.7599983215332,37.650001525878906,37.689998626708984,4441820
2024-05-09 09:30:00-04:00,38.07500076293945,38.09000015258789,37.459999084472656,37.529998779296875,5028831
2024-05-09 10:30:00-04:00,37.98500061035156,38.08000183105469,37.95000076293945,38.07500076293945,2063312
2024-05-09 11:30:00-04:00,37.98500061035156,38.025001525878906,37.93000030517578,37.980098724365234,2013828
2024-05-09 12:30:00-04:00,38.0099983215332,38.0099983215332,37.900001525878906,37.98500061035156,2522475
2024-05-09 13:30:00-04:00,38.125,38.125,37.970001220703125,38.0,2122431
2024-05-09 14:30:00-04:00,38.29999923706055,38.310001373291016,38.09000015258789,38.130001068115234,3573382
2024-05-09 15:30:00-04:00,38.28499984741211,38.41999816894531,38.279998779296875,38.29999923706055,5840335
2024-05-10 09:30:00-04:00,38.64149856567383,38.779998779296875,38.439998626708984,38.47999954223633,6805356
2024-05-10 10:30:00-04:00,38.415000915527344,38.650001525878906,38.380001068115234,38.63999938964844,3112074
2024-05-10 11:30:00-04:00,38.40999984741211,38.576900482177734,38.400001525878906,38.41910171508789,3416150
2024-05-10 12:30:00-04:00,38.380001068115234,38.45000076293945,38.32500076293945,38.41999816894531,1626897
2024-05-10 13:30:00-04:00,38.43989944458008,38.47999954223633,38.36000061035156,38.379798889160156,2262804
2024-05-10 14:30:00-04:00,38.53499984741211,38.540000915527344,38.3650016784668,38.43000030517578,2560196
2024-05-10 15:30:00-04:00,38.44499969482422,38.54999923706055,38.439998626708984,38.53499984741211,4137438
2024-05-13 09:30:00-04:00,38.584999084472656,38.779998779296875,38.525001525878906,38.619998931884766,3484639
2024-05-13 10:30:00-04:00,38.46500015258789,38.584999084472656,38.400001525878906,38.584999084472656,2575941
2024-05-13 11:30:00-04:00,38.418800354003906,38.499900817871094,38.38999938964844,38.41999816894531,2267765
2024-05-13 12:30:00-04:00,38.3849983215332,38.45000076293945,38.33259963989258,38.41999816894531,2423123
2024-05-13 13:30:00-04:00,38.42499923706055,38.43000030517578,38.369998931884766,38.3849983215332,1617744
2024-05-13 14:30:00-04:00,38.28499984741211,38.45000076293945,38.279998779296875,38.42499923706055,2445299
2024-05-13 15:30:00-04:00,38.2400016784668,38.34000015258789,38.18000030517578,38.28499984741211,3881610
2024-05-14 09:30:00-04:00,38.540000915527344,38.63999938964844,38.369998931884766,38.400001525878906,4272752
2024-05-14 10:30:00-04:00,38.654998779296875,38.709999084472656,38.5,38.53499984741211,3039324
2024-05-14 11:30:00-04:00,38.724998474121094,38.77830123901367,38.60499954223633,38.650001525878906,2587080
2024-05-14 12:30:00-04:00,38.65399932861328,38.790000915527344,38.63420104980469,38.724998474121094,2298685
2024-05-14 13:30:00-04:00,38.6421012878418,38.66999816894531,38.58000183105469,38.650001525878906,1551319
2024-05-14 14:30:00-04:00,38.599998474121094,38.709999084472656,38.56999969482422,38.64500045776367,2010237
2024-05-14 15:30:00-04:00,38.494998931884766,38.619998931884766,38.4900016784668,38.59000015258789,5099145
2024-05-15 09:30:00-04:00,39.059898376464844,39.2400016784668,38.79999923706055,38.79999923706055,6449007
2024-05-15 10:30:00-04:00,38.93000030517578,39.08000183105469,38.869998931884766,39.05500030517578,2717928
2024-05-15 11:30:00-04:00,38.8650016784668,38.95000076293945,38.810001373291016,38.93790054321289,2154539
2024-05-15 12:30:00-04:00,38.904998779296875,38.974998474121094,38.84000015258789,38.8650016784668,2473815
2024-05-15 13:30:00-04:00,38.81999969482422,38.90999984741211,38.79999923706055,38.900001525878906,3815463
2024-05-15 14:30:00-04:00,38.82500076293945,38.849998474121094,38.775001525878906,38.81999969482422,1313276
2024-05-15 15:30:00-04:00,38.93000030517578,39.029998779296875,38.79999923706055,38.82500076293945,5466145
2024-05-16 09:30:00-04:00,38.974998474121094,39.060001373291016,38.70819854736328,38.91999816894531,5863882
2024-05-16 10:30:00-04:00,39.15999984741211,39.18000030517578,38.939998626708984,38.970001220703125,3074827
2024-05-16 11:30:00-04:00,39.19499969482422,39.2400016784668,39.099998474121094,39.16999816894531,3519354
2024-05-16 12:30:00-04:00,39.209999084472656,39.29499816894531,39.140098571777344,39.189998626708984,3030409
2024-05-16 13:30:00-04:00,39.14500045776367,39.224998474121094,39.097900390625,39.209999084472656,2822683
2024-05-16 14:30:00-04:00,39.224998474121094,39.27000045776367,39.14500045776367,39.14500045776367,3116042
2024-05-16 15:30:00-04:00,39.224998474121094,39.36000061035156,39.18000030517578,39.220001220703125,5971871
2024-05-17 09:30:00-04:00,39.334999084472656,39.4900016784668,39.2599983215332,39.45000076293945,5185892
2024-05-17 10:30:00-04:00,39.212100982666016,39.33000183105469,39.16999816894531,39.33000183105469,3291162
2024-05-17 11:30:00-04:00,39.220001220703125,39.2599983215332,39.15999984741211,39.220001220703125,3172318
2024-05-17 12:30:00-04:00,39.2400016784668,39.255001068115234,39.189998626708984,39.21500015258789,1786874
2024-05-17 13:30:00-04:00,39.21500015258789,39.2599983215332,39.189998626708984,39.25,1823602
2024-05-17 14:30:00-04:00,39.22999954223633,39.25,39.20000076293945,39.21500015258789,1825233
2024-05-17 15:30:00-04:00,39.310001373291016,39.31999969482422,39.209999084472656,39.23500061035156,4632347
2024-05-20 09:30:00-04:00,39.39500045776367,39.439998626708984,39.28499984741211,39.380001068115234,3910082
2024-05-20 10:30:00-04:00,39.45000076293945,39.459999084472656,39.369998931884766,39.38999938964844,2282812
2024-05-20 11:30:00-04:00,39.366798400878906,39.470001220703125,39.31999969482422,39.44499969482422,3360444
2024-05-20 12:30:00-04:00,39.22999954223633,39.369998931884766,39.20000076293945,39.3650016784668,2899056
2024-05-20 13:30:00-04:00,39.025001525878906,39.307498931884766,38.970001220703125,39.224998474121094,4119143
2024-05-20 14:30:00-04:00,38.849998474121094,39.04999923706055,38.814998626708984,39.02000045776367,3332204
2024-05-20 15:30:00-04:00,38.834999084472656,38.93000030517578,38.790000915527344,38.849998474121094,3712318
2024-05-21 09:30:00-04:00,39.1349983215332,39.220001220703125,38.77000045776367,38.77000045776367,3699862
2024-05-21 10:30:00-04:00,39.244998931884766,39.27000045776367,39.11000061035156,39.1349983215332,2737779
2024-05-21 11:30:00-04:00,39.150001525878906,39.25,39.11399841308594,39.244998931884766,2322367
2024-05-21 12:30:00-04:00,39.25,39.2599983215332,39.130001068115234,39.14870071411133,2192835
2024-05-21 13:30:00-04:00,39.30099868774414,39.33000183105469,39.2400016784668,39.25,2530750
2024-05-21 14:30:00-04:00,39.448001861572266,39.470001220703125,39.29999923706055,39.300498962402344,3337944
2024-05-21 15:30:00-04:00,39.654998779296875,39.75,39.45000076293945,39.45000076293945,7681779
2024-05-22 09:30:00-04:00,39.709999084472656,39.810001373291016,39.334999084472656,39.40999984741211,4595046
2024-05-22 10:30:00-04:00,39.57500076293945,39.7400016784668,39.56999969482422,39.709999084472656,4080535
2024-05-22 11:30:00-04:00,39.564998626708984,39.650001525878906,39.505001068115234,39.57500076293945,3355593
2024-05-22 12:30:00-04:00,39.61000061035156,39.63999938964844,39.540000915527344,39.56999969482422,1872495
2024-05-22 13:30:00-04:00,39.500099182128906,39.70000076293945,39.5,39.60499954223633,4070722
2024-05-22 14:30:00-04:00,39.525001525878906,39.560001373291016,39.43000030517578,39.505001068115234,3539747
2024-05-22 15:30:00-04:00,39.7599983215332,39.77000045776367,39.5,39.525001525878906,8414276
2024-05-23 09:30:00-04:00,39.55500030517578,39.84000015258789,39.52000045776367,39.77000045776367,6158778
2024-05-23 10:30:00-04:00,39.53499984741211,39.599998474121094,39.43000030517578,39.55500030517578,4612923
2024-05-23 11:30:00-04:00,39.58000183105469,39.66999816894531,39.529998779296875,39.53499984741211,2443409
2024-05-23 12:30:00-04:00,39.41999816894531,39.599998474121094,39.34000015258789,39.57320022583008,4747623
2024-05-23 13:30:00-04:00,38.974998474121094,39.43299865722656,38.95000076293945,39.41999816894531,5442682
2024-05-23 14:30:00-04:00,39.022499084472656,39.119998931884766,38.939998626708984,38.970001220703125,3793408
2024-05-23 15:30:00-04:00,39.185001373291016,39.209999084472656,39.005001068115234,39.02000045776367,6303125
2024-05-24 09:30:00-04:00,39.62900161743164,39.650001525878906,39.06999969482422,39.15999984741211,4140731
2024-05-24 10:30:00-04:00,39.60499954223633,39.650001525878906,39.52000045776367,39.625,1803271
2024-05-24 11:30:00-04:00,39.62459945678711,39.63999938964844,39.50299835205078,39.61000061035156,2200905
2024-05-24 12:30:00-04:00,39.64500045776367,39.650001525878906,39.52000045776367,39.630001068115234,1625221
2024-05-24 13:30:00-04:00,39.59000015258789,39.65999984741211,39.58000183105469,39.64500045776367,1418414
2024-05-24 14:30:00-04:00,39.68450164794922,39.70500183105469,39.56999969482422,39.584999084472656,2601437
2024-05-24 15:30:00-04:00,39.709999084472656,39.779998779296875,39.61000061035156,39.68000030517578,3553259
2024-05-28 09:30:00-04:00,39.505001068115234,39.7400016784668,39.41999816894531,39.650001525878906,6011094
2024-05-28 10:30:00-04:00,39.505001068115234,39.54999923706055,39.41999816894531,39.5,2704300
2024-05-28 11:30:00-04:00,39.410099029541016,39.52000045776367,39.400001525878906,39.5,2149917
2024-05-28 12:30:00-04:00,39.31999969482422,39.4900016784668,39.314998626708984,39.415000915527344,1988512
2024-05-28 13:30:00-04:00,39.185001373291016,39.33000183105469,39.16999816894531,39.312198638916016,2023033
2024-05-28 14:30:00-04:00,39.21500015258789,39.290000915527344,39.11000061035156,39.18000030517578,2903521
2024-05-28 15:30:00-04:00,39.33000183105469,39.400001525878906,39.209999084472656,39.21500015258789,4636089
2024-05-29 09:30:00-04:00,38.619998931884766,38.86000061035156,38.559898376464844,38.84000015258789,5617722
2024-05-29 10:30:00-04:00,38.70000076293945,38.729698181152344,38.59000015258789,38.630001068115234,3097952
2024-05-29 11:30:00-04:00,38.709999084472656,38.720001220703125,38.60499954223633,38.70000076293945,2371857
2024-05-29 12:30:00-04:00,38.72999954223633,38.72999954223633,38.630001068115234,38.709999084472656,2222380
2024-05-29 13:30:00-04:00,38.71500015258789,38.755001068115234,38.630001068115234,38.720001220703125,1963479
2024-05-29 14:30:00-04:00,38.810001373291016,38.84000015258789,38.68000030517578,38.71500015258789,2377245
2024-05-29 15:30:00-04:00,38.7400016784668,38.900001525878906,38.689998626708984,38.79999923706055,4000931
2024-05-30 09:30:00-04:00,38.70500183105469,39.119998931884766,38.63999938964844,38.72999954223633,4428929
2024-05-30 10:30:00-04:00,38.970001220703125,38.97999954223633,38.650001525878906,38.70500183105469,3006183
2024-05-30 11:30:00-04:00,37.97999954223633,38.96500015258789,37.59000015258789,38.96500015258789,14068386
2024-05-30 12:30:00-04:00,38.275001525878906,38.345001220703125,37.88999938964844,37.97999954223633,4571442
2024-05-30 13:30:00-04:00,38.650001525878906,38.68000030517578,38.27000045776367,38.279998779296875,6361657
2024-05-30 14:30:00-04:00,38.71500015258789,38.79999923706055,38.5099983215332,38.650001525878906,6380078
2024-05-30 15:30:00-04:00,38.619998931884766,38.72999954223633,38.40999984741211,38.71500015258789,7200457
2024-05-31 09:30:00-04:00,39.040000915527344,39.17499923706055,38.65999984741211,38.70000076293945,9697496
2024-05-31 10:30:00-04:00,39.380001068115234,39.380001068115234,39.0,39.04999923706055,6341925
2024-05-31 11:30:00-04:00,39.244998931884766,39.41999816894531,39.1150016784668,39.375,3678626
2024-05-31 12:30:00-04:00,39.39500045776367,39.439998626708984,39.220001220703125,39.2400016784668,2531096
2024-05-31 13:30:00-04:00,39.79499816894531,39.849998474121094,39.400001525878906,39.400001525878906,4918987
2024-05-31 14:30:00-04:00,39.650001525878906,39.810001373291016,39.58000183105469,39.790199279785156,4966921
2024-05-31 15:30:00-04:00,40.02000045776367,40.08000183105469,39.60499954223633,39.650001525878906,12142676
2024-06-03 09:30:00-04:00,39.72050094604492,40.189998626708984,39.64500045776367,40.040000915527344,9749125
2024-06-03 10:30:00-04:00,39.650001525878906,39.810001373291016,39.58000183105469,39.724998474121094,3294016
2024-06-03 11:30:00-04:00,39.43000030517578,39.69499969482422,39.380001068115234,39.650001525878906,2585007
2024-06-03 12:30:00-04:00,39.540000915527344,39.54999923706055,39.36000061035156,39.42499923706055,2376323
2024-06-03 13:30:00-04:00,39.685001373291016,39.709999084472656,39.540000915527344,39.54499816894531,2320608
2024-06-03 14:30:00-04:00,39.78499984741211,39.880001068115234,39.685001373291016,39.685001373291016,2744371
2024-06-03 15:30:00-04:00,39.88999938964844,39.88999938964844,39.75,39.78499984741211,2969554
2024-06-04 09:30:00-04:00,39.93000030517578,40.1349983215332,39.470001220703125,39.619998931884766,4982722
2024-06-04 10:30:00-04:00,39.595001220703125,39.96989822387695,39.584999084472656,39.93000030517578,2498683
2024-06-04 11:30:00-04:00,39.494998931884766,39.599998474121094,39.41999816894531,39.59000015258789,2270229
2024-06-04 12:30:00-04:00,39.525001525878906,39.560001373291016,39.439998626708984,39.494998931884766,1651420
2024-06-04 13:30:00-04:00,39.68000030517578,39.70000076293945,39.439998626708984,39.529998779296875,2598979
2024-06-04 14:30:00-04:00,39.650001525878906,39.7400016784668,39.599998474121094,39.66999816894531,2301944
2024-06-04 15:30:00-04:00,39.66999816894531,39.720001220703125,39.619998931884766,39.650001525878906,3426216
2024-06-05 09:30:00-04:00,39.679901123046875,39.915000915527344,39.52050018310547,39.81999969482422,5511004
2024-06-05 10:30:00-04:00,39.56999969482422,39.72999954223633,39.52000045776367,39.66999816894531,2106460
2024-06-05 11:30:00-04:00,39.665000915527344,39.71500015258789,39.54999923706055,39.57500076293945,2498174
2024-06-05 12:30:00-04:00,39.63999938964844,39.75,39.599998474121094,39.665000915527344,2232856
2024-06-05 13:30:00-04:00,39.790000915527344,39.790000915527344,39.58000183105469,39.63999938964844,3055261
2024-06-05 14:30:00-04:00,39.915000915527344,39.965999603271484,39.779998779296875,39.78499984741211,4152359
2024-06-05 15:30:00-04:00,39.96500015258789,39.9900016784668,39.8650016784668,39.90999984741211,4105063
2024-06-06 09:30:00-04:00,39.744998931884766,40.0,39.70000076293945,39.90999984741211,4485202
2024-06-06 10:30:00-04:00,39.69499969482422,39.745201110839844,39.619998931884766,39.744998931884766,2645948
2024-06-06 11:30:00-04:00,39.48500061035156,39.71500015258789,39.45000076293945,39.69499969482422,2944607
2024-06-06 12:30:00-04:00,39.570098876953125,39.58000183105469,39.41999816894531,39.47999954223633,2086594
2024-06-06 13:30:00-04:00,39.61000061035156,39.75,39.54999923706055,39.57500076293945,3458997
2024-06-06 14:30:00-04:00,39.685001373291016,39.72999954223633,39.599998474121094,39.60499954223633,2925400
2024-06-06 15:30:00-04:00,39.709999084472656,39.72999954223633,39.59000015258789,39.685001373291016,5773358
2024-06-07 09:30:00-04:00,39.60499954223633,39.689998626708984,39.279998779296875,39.279998779296875,5017012
2024-06-07 10:30:00-04:00,39.72249984741211,39.814998626708984,39.56999969482422,39.60499954223633,3072763
2024-06-07 11:30:00-04:00,39.810001373291016,39.83000183105469,39.66999816894531,39.72999954223633,2597170
2024-06-07 12:30:00-04:00,39.915000915527344,39.959999084472656,39.685001373291016,39.80500030517578,2944082
2024-06-07 13:30:00-04:00,39.880001068115234,39.93000030517578,39.77000045776367,39.915000915527344,2109723
2024-06-07 14:30:00-04:00,39.8849983215332,39.95000076293945,39.81999969482422,39.8849983215332,2427629
2024-06-07 15:30:00-04:00,39.779998779296875,39.91899871826172,39.77000045776367,39.880001068115234,4057936
2024-06-10 09:30:00-04:00,39.56999969482422,39.720001220703125,39.209999084472656,39.58000183105469,5587235
2024-06-10 10:30:00-04:00,39.56999969482422,39.59000015258789,39.36000061035156,39.564998626708984,3433538
2024-06-10 11:30:00-04:00,39.724998474121094,39.790000915527344,39.52000045776367,39.56999969482422,4167975
2024-06-10 12:30:00-04:00,39.727901458740234,39.84000015258789,39.599998474121094,39.724998474121094,2272540
2024-06-10 13:30:00-04:00,39.755001068115234,39.84000015258789,39.70000076293945,39.724998474121094,2098749
2024-06-10 14:30:00-04:00,39.724998474121094,39.810001373291016,39.689998626708984,39.7599983215332,2203495
2024-06-10 15:30:00-04:00,39.70000076293945,39.7400016784668,39.58000183105469,39.724998474121094,4875385
2024-06-11 09:30:00-04:00,38.654998779296875,39.349998474121094,38.564998626708984,39.33000183105469,8584949
2024-06-11 10:30:00-04:00,38.75,38.790000915527344,38.459999084472656,38.654998779296875,4332582
2024-06-11 11:30:00-04:00,38.685001373291016,38.869998931884766,38.654998779296875,38.75,2866333
2024-06-11 12:30:00-04:00,38.73500061035156,38.78499984741211,38.65999984741211,38.689998626708984,3131876
2024-06-11 13:30:00-04:00,38.8849983215332,38.89509963989258,38.709999084472656,38.73500061035156,2849884
2024-06-11 14:30:00-04:00,38.78499984741211,38.92499923706055,38.77000045776367,38.8849983215332,3622001
2024-06-11 15:30:00-04:00,38.86000061035156,38.915000915527344,38.7400016784668,38.779998779296875,6759474
2024-06-12 09:30:00-04:00,39.63999938964844,39.880001068115234,39.47999954223633,39.75,8602292
2024-06-12 10:30:00-04:00,39.75,39.79999923706055,39.595001220703125,39.630001068115234,5707591
2024-06-12 11:30:00-04:00,39.68000030517578,39.79999923706055,39.6150016784668,39.744998931884766,4371032
2024-06-12 12:30:00-04:00,39.6349983215332,39.720001220703125,39.56010055541992,39.68000030517578,2043021
2024-06-12 13:30:00-04:00,39.54999923706055,39.68000030517578,39.439998626708984,39.63999938964844,4469590
2024-06-12 14:30:00-04:00,39.14500045776367,39.66999816894531,39.13999938964844,39.54999923706055,4171037
2024-06-12 15:30:00-04:00,39.40010070800781,39.47999954223633,39.10499954223633,39.14500045776367,5816367
2024-06-13 09:30:00-04:00,39.03049850463867,39.30009841918945,38.93000030517578,39.290000915527344,7851256
2024-06-13 10:30:00-04:00,39.130001068115234,39.150001525878906,38.95500183105469,39.03499984741211,3627946
2024-06-13 11:30:00-04:00,38.974998474121094,39.21500015258789,38.95000076293945,39.130001068115234,3738895
2024-06-13 12:30:00-04:00,39.20500183105469,39.220001220703125,38.970001220703125,38.970001220703125,2866501
2024-06-13 13:30:00-04:00,39.165000915527344,39.23500061035156,39.09000015258789,39.20500183105469,2274823
2024-06-13 14:30:00-04:00,39.244998931884766,39.290000915527344,39.150001525878906,39.165000915527344,3395451
2024-06-13 15:30:00-04:00,39.22999954223633,39.349998474121094,39.18000030517578,39.244998931884766,7349096
2024-06-14 09:30:00-04:00,38.959999084472656,39.47999954223633,38.904998779296875,39.099998474121094,8140660
2024-06-14 10:30:00-04:00,39.33359909057617,39.35499954223633,38.923500061035156,38.970001220703125,4779217
2024-06-14 11:30:00-04:00,39.2400016784668,39.375,39.22999954223633,39.334999084472656,2963035
2024-06-14 12:30:00-04:00,39.185001373291016,39.369998931884766,39.18000030517578,39.23500061035156,2809251
2024-06-14 13:30:00-04:00,39.125,39.20000076293945,38.97999954223633,39.185001373291016,2469027
2024-06-14 14:30:00-04:00,39.23500061035156,39.27000045776367,39.10499954223633,39.119998931884766,2241208
2024-06-14 15:30:00-04:00,39.2400016784668,39.2599983215332,39.18000030517578,39.22999954223633,3831782
2024-06-17 09:30:00-04:00,39.26689910888672,39.33000183105469,38.97999954223633,39.09000015258789,6286014
2024-06-17 10:30:00-04:00,39.290000915527344,39.33000183105469,39.209999084472656,39.27000045776367,2741077
2024-06-17 11:30:00-04:00,39.32500076293945,39.33000183105469,39.21009826660156,39.28499984741211,1987909
2024-06-17 12:30:00-04:00,39.214500427246094,39.34000015258789,39.209999084472656,39.33000183105469,2310059
2024-06-17 13:30:00-04:00,39.44499969482422,39.45000076293945,39.189998626708984,39.220001220703125,2461798
2024-06-17 14:30:00-04:00,39.375,39.5,39.34000015258789,39.44499969482422,3063188
2024-06-17 15:30:00-04:00,39.529998779296875,39.529998779296875,39.3650016784668,39.375,3340598
2024-06-18 09:30:00-04:00,39.790000915527344,39.97999954223633,39.459999084472656,39.560001373291016,5045920
2024-06-18 10:30:00-04:00,39.790000915527344,39.88999938964844,39.779998779296875,39.790000915527344,2822552
2024-06-18 11:30:00-04:00,39.8849983215332,40.0,39.779998779296875,39.790000915527344,2451617
2024-06-18 12:30:00-04:00,39.873199462890625,39.91999816894531,39.79999923706055,39.8849983215332,2137828
2024-06-18 13:30:00-04:00,39.875,39.970001220703125,39.84000015258789,39.880001068115234,1987484
2024-06-18 14:30:00-04:00,39.93000030517578,39.96500015258789,39.86000061035156,39.87030029296875,2543115
2024-06-18 15:30:00-04:00,40.0,40.02000045776367,39.915000915527344,39.935001373291016,5277013
2024-06-20 09:30:00-04:00,40.23500061035156,40.310001373291016,39.75,39.779998779296875,6469032
2024-06-20 10:30:00-04:00,39.959999084472656,40.2599983215332,39.959999084472656,40.22999954223633,2658087
2024-06-20 11:30:00-04:00,39.959999084472656,40.04499816894531,39.90999984741211,39.970001220703125,1961808
2024-06-20 12:30:00-04:00,40.040000915527344,40.08000183105469,39.93000030517578,39.959999084472656,2220783
2024-06-20 13:30:00-04:00,40.14500045776367,40.18000030517578,40.01499938964844,40.040000915527344,2941332
2024-06-20 14:30:00-04:00,40.005001068115234,40.16999816894531,39.959999084472656,40.14500045776367,3415542
2024-06-20 15:30:00-04:00,40.0,40.04999923706055,39.95000076293945,40.0099983215332,4242217
2024-06-21 09:30:00-04:00,39.869998931884766,39.8849983215332,39.40999984741211,39.85499954223633,11481854
2024-06-21 10:30:00-04:00,39.650001525878906,39.904998779296875,39.595001220703125,39.880001068115234,1858184
2024-06-21 11:30:00-04:00,39.55500030517578,39.654998779296875,39.5,39.654998779296875,2414774
2024-06-21 12:30:00-04:00,39.64500045776367,39.709999084472656,39.529998779296875,39.560001373291016,2125155
2024-06-21 13:30:00-04:00,39.6349983215332,39.65999984741211,39.525001525878906,39.63999938964844,2058700
2024-06-21 14:30:00-04:00,39.46500015258789,39.63999938964844,39.45500183105469,39.6349983215332,2995543
2024-06-21 15:30:00-04:00,39.459999084472656,39.5099983215332,39.369998931884766,39.46500015258789,7346709
2024-06-24 09:30:00-04:00,40.185001373291016,40.19499969482422,39.650001525878906,39.77000045776367,5601234
2024-06-24 10:30:00-04:00,40.2400016784668,40.34000015258789,40.12379837036133,40.189998626708984,3276629
2024-06-24 11:30:00-04:00,40.23500061035156,40.31999969482422,40.1150016784668,40.23500061035156,1590170
2024-06-24 12:30:00-04:00,40.189998626708984,40.2599983215332,40.09000015258789,40.23500061035156,1731877
2024-06-24 13:30:00-04:00,40.14500045776367,40.20000076293945,40.119998931884766,40.185001373291016,1967834
2024-06-24 14:30:00-04:00,40.07500076293945,40.20000076293945,40.064998626708984,40.150001525878906,2762235
2024-06-24 15:30:00-04:00,40.01499938964844,40.130001068115234,40.0099983215332,40.07500076293945,5056650
2024-06-25 09:30:00-04:00,39.744998931884766,40.06999969482422,39.68000030517578,39.779998779296875,5947003
2024-06-25 10:30:00-04:00,39.58000183105469,39.7599983215332,39.54499816894531,39.744998931884766,3309905
2024-06-25 11:30:00-04:00,39.55120086669922,39.689998626708984,39.55120086669922,39.57500076293945,2144807
2024-06-25 12:30:00-04:00,39.58000183105469,39.619998931884766,39.45000076293945,39.54999923706055,3070962
2024-06-25 13:30:00-04:00,39.54499816894531,39.595001220703125,39.47999954223633,39.59000015258789,1846502
2024-06-25 14:30:00-04:00,39.435001373291016,39.54499816894531,39.400001525878906,39.540000915527344,2543791
2024-06-25 15:30:00-04:00,39.380001068115234,39.45000076293945,39.35499954223633,39.435001373291016,4961080
2024-06-26 09:30:00-04:00,38.95500183105469,39.349998474121094,38.880001068115234,39.16999816894531,10636151
2024-06-26 10:30:00-04:00,38.8849983215332,38.98500061035156,38.849998474121094,38.95000076293945,5674072
2024-06-26 11:30:00-04:00,38.68000030517578,38.900001525878906,38.619998931884766,38.8849983215332,4085300
2024-06-26 12:30:00-04:00,38.49800109863281,38.68000030517578,38.470001220703125,38.676998138427734,4785971
2024-06-26 13:30:00-04:00,38.665000915527344,38.689998626708984,38.47999954223633,38.494998931884766,4395517
2024-06-26 14:30:00-04:00,38.95500183105469,38.97999954223633,38.65999984741211,38.665000915527344,3410734
2024-06-26 15:30:00-04:00,38.994998931884766,39.07500076293945,38.89500045776367,38.95000076293945,4769921
2024-06-27 09:30:00-04:00,38.84000015258789,38.84000015258789,38.334999084472656,38.70000076293945,8962425
2024-06-27 10:30:00-04:00,38.96979904174805,39.040000915527344,38.83399963378906,38.84000015258789,3644387
2024-06-27 11:30:00-04:00,39.099998474121094,39.165000915527344,38.939998626708984,38.970001220703125,1960773
2024-06-27 12:30:00-04:00,39.125,39.13999938964844,39.0099983215332,39.099998474121094,1386388
2024-06-27 13:30:00-04:00,38.964500427246094,39.130001068115234,38.959999084472656,39.119998931884766,1696287
2024-06-27 14:30:00-04:00,39.209999084472656,39.209999084472656,38.92499923706055,38.96500015258789,2577423
2024-06-27 15:30:00-04:00,39.27000045776367,39.349998474121094,39.099998474121094,39.20500183105469,4017196
2024-06-28 09:30:00-04:00,39.84000015258789,39.88999938964844,39.314998626708984,39.7400016784668,7637530
2024-06-28 10:30:00-04:00,39.845001220703125,40.04999923706055,39.810001373291016,39.849998474121094,5049907
2024-06-28 11:30:00-04:00,39.78499984741211,39.86000061035156,39.54999923706055,39.84000015258789,2750666
2024-06-28 12:30:00-04:00,39.730098724365234,39.86000061035156,39.66999816894531,39.779998779296875,1884330
2024-06-28 13:30:00-04:00,39.68000030517578,39.75,39.65999984741211,39.7400016784668,1792363
2024-06-28 14:30:00-04:00,39.64619827270508,39.685001373291016,39.56999969482422,39.68000030517578,2518933
2024-06-28 15:30:00-04:00,39.779998779296875,39.790000915527344,39.57099914550781,39.650001525878906,6963425
2024-07-01 09:30:00-04:00,39.939998626708984,40.34000015258789,39.849998474121094,39.90999984741211,8068322
2024-07-01 10:30:00-04:00,39.834999084472656,39.959999084472656,39.69499969482422,39.939998626708984,2782444
2024-07-01 11:30:00-04:00,39.95000076293945,39.95000076293945,39.75,39.84000015258789,2140536
2024-07-01 12:30:00-04:00,39.95000076293945,39.970001220703125,39.849998474121094,39.95000076293945,1567493
2024-07-01 13:30:00-04:00,39.90999984741211,39.96500015258789,39.8849983215332,39.939998626708984,2189537
2024-07-01 14:30:00-04:00,39.935001373291016,39.9900016784668,39.869998931884766,39.907501220703125,2425484
2024-07-01 15:30:00-04:00,40.005001068115234,40.029998779296875,39.90999984741211,39.93000030517578,3971294
2024-07-02 09:30:00-04:00,40.209999084472656,40.290000915527344,39.959999084472656,40.0,5120827
2024-07-02 10:30:00-04:00,40.25,40.27000045776367,40.08000183105469,40.20500183105469,3051974
2024-07-02 11:30:00-04:00,40.380001068115234,40.38999938964844,40.22999954223633,40.25,2078957
2024-07-02 12:30:00-04:00,40.470001220703125,40.58000183105469,40.369998931884766,40.380001068115234,3020931
2024-07-02 13:30:00-04:00,40.55500030517578,40.599998474121094,40.459999084472656,40.470001220703125,2641343
2024-07-02 14:30:00-04:00,40.85499954223633,40.880001068115234,40.54999923706055,40.55500030517578,4644776
2024-07-02 15:30:00-04:00,40.938899993896484,40.959999084472656,40.849998474121094,40.85499954223633,5328044
2024-07-03 09:30:00-04:00,40.959999084472656,41.20000076293945,40.75,41.02000045776367,5622713
2024-07-03 10:30:00-04:00,40.90999984741211,41.04999923706055,40.77000045776367,40.95000076293945,3769846
2024-07-03 11:30:00-04:00,40.8849983215332,40.97999954223633,40.880001068115234,40.904998779296875,2534721
2024-07-05 09:30:00-04:00,40.459999084472656,40.95500183105469,40.3849983215332,40.93000030517578,3936730
2024-07-05 10:30:00-04:00,40.43000030517578,40.560001373291016,40.41999816894531,40.45500183105469,2561987
2024-07-05 11:30:00-04:00,40.31999969482422,40.439998626708984,40.310001373291016,40.435001373291016,2116957
2024-07-05 12:30:00-04:00,40.345001220703125,40.380001068115234,40.290000915527344,40.32500076293945,1391517
2024-07-05 13:30:00-04:00,40.41999816894531,40.494998931884766,40.34000015258789,40.345001220703125,1605365
2024-07-05 14:30:00-04:00,40.37649917602539,40.439998626708984,40.33000183105469,40.42499923706055,2320082
2024-07-05 15:30:00-04:00,40.400001525878906,40.439998626708984,40.34000015258789,40.37369918823242,2437462
2024-07-08 09:30:00-04:00,40.71500015258789,41.040000915527344,40.56999969482422,40.599998474121094,4146421
2024-07-08 10:30:00-04:00,40.630001068115234,40.88999938964844,40.62900161743164,40.71500015258789,2271464
2024-07-08 11:30:00-04:00,40.54999923706055,40.63999938964844,40.43000030517578,40.630001068115234,3226163
2024-07-08 12:30:00-04:00,40.44499969482422,40.59989929199219,40.43000030517578,40.540000915527344,1491449
2024-07-08 13:30:00-04:00,40.56999969482422,40.6349983215332,40.43000030517578,40.44499969482422,1787541
2024-07-08 14:30:00-04:00,40.54999923706055,40.6150016784668,40.52000045776367,40.57500076293945,2211446
2024-07-08 15:30:00-04:00,40.619998931884766,40.65999984741211,40.529998779296875,40.54999923706055,3797237
2024-07-09 09:30:00-04:00,40.81999969482422,40.97999954223633,40.599998474121094,40.7599983215332,4259057
2024-07-09 10:30:00-04:00,41.375,41.43000030517578,40.79999923706055,40.810001373291016,6407762
2024-07-09 11:30:00-04:00,41.68000030517578,41.720001220703125,41.349998474121094,41.375,4659456
2024-07-09 12:30:00-04:00,41.619998931884766,41.83000183105469,41.619998931884766,41.67499923706055,3280000
2024-07-09 13:30:00-04:00,41.556400299072266,41.70000076293945,41.540000915527344,41.625,2600489
2024-07-09 14:30:00-04:00,41.560001373291016,41.599998474121094,41.415000915527344,41.560001373291016,2536630
2024-07-09 15:30:00-04:00,41.41999816894531,41.56999969482422,41.380001068115234,41.564998626708984,5374610
2024-07-10 09:30:00-04:00,41.5,41.54999923706055,41.06999969482422,41.279998779296875,4070340
2024-07-10 10:30:00-04:00,41.58000183105469,41.61000061035156,41.369998931884766,41.494998931884766,3086475
2024-07-10 11:30:00-04:00,41.46989822387695,41.58000183105469,41.369998931884766,41.58000183105469,1708926
2024-07-10 12:30:00-04:00,41.5099983215332,41.56999969482422,41.380001068115234,41.470001220703125,1688602
2024-07-10 13:30:00-04:00,41.560001373291016,41.59000015258789,41.45000076293945,41.5099983215332,1356221
2024-07-10 14:30:00-04:00,41.665000915527344,41.709999084472656,41.54999923706055,41.564998626708984,2127704
2024-07-10 15:30:00-04:00,41.72999954223633,41.7599983215332,41.560001373291016,41.665000915527344,3348693
2024-07-11 09:30:00-04:00,41.75,41.880001068115234,41.38999938964844,41.77000045776367,6149257
2024-07-11 10:30:00-04:00,41.720001220703125,41.849998474121094,41.61000061035156,41.7400016784668,2965114
2024-07-11 11:30:00-04:00,41.61000061035156,41.75,41.560001373291016,41.720001220703125,2873865
2024-07-11 12:30:00-04:00,41.744998931884766,41.75,41.5099983215332,41.60499954223633,2015912
2024-07-11 13:30:00-04:00,41.7599983215332,41.875,41.709999084472656,41.7400016784668,2703889
2024-07-11 14:30:00-04:00,41.775001525878906,41.849998474121094,41.70500183105469,41.755001068115234,2146386
2024-07-11 15:30:00-04:00,41.810001373291016,41.900001525878906,41.77000045776367,41.775001525878906,5574318
2024-07-12 09:30:00-04:00,41.720001220703125,41.810001373291016,41.09000015258789,41.4900016784668,8688086
2024-07-12 10:30:00-04:00,41.72999954223633,41.755001068115234,41.3849983215332,41.720001220703125,2990170
2024-07-12 11:30:00-04:00,41.8650016784668,41.915000915527344,41.689998626708984,41.72010040283203,2636124
2024-07-12 12:30:00-04:00,41.8224983215332,41.90999984741211,41.779998779296875,41.8650016784668,2383586
2024-07-12 13:30:00-04:00,41.744998931884766,41.88999938964844,41.720001220703125,41.82500076293945,2549197
2024-07-12 14:30:00-04:00,41.834999084472656,41.834999084472656,41.689998626708984,41.75,2944835
2024-07-12 15:30:00-04:00,41.61000061035156,41.834999084472656,41.540000915527344,41.834999084472656,4020968
2024-07-15 09:30:00-04:00,41.83000183105469,42.060001373291016,41.70000076293945,41.849998474121094,7186183
2024-07-15 10:30:00-04:00,42.005001068115234,42.02000045776367,41.79999923706055,41.82500076293945,4241980
2024-07-15 11:30:00-04:00,42.099998474121094,42.22999954223633,41.97999954223633,42.005001068115234,3771096
2024-07-15 12:30:00-04:00,41.9463005065918,42.11000061035156,41.935001373291016,42.10499954223633,2597502
2024-07-15 13:30:00-04:00,42.02000045776367,42.04999923706055,41.84000015258789,41.939998626708984,3810195
2024-07-15 14:30:00-04:00,41.875,42.119998931884766,41.869998931884766,42.029998779296875,2963923
2024-07-15 15:30:00-04:00,41.90999984741211,41.96989822387695,41.845001220703125,41.875,6196828
2024-07-16 09:30:00-04:00,43.88679885864258,43.89759826660156,42.220001220703125,42.52000045776367,22912025
2024-07-16 10:30:00-04:00,43.809898376464844,44.22999954223633,43.7599983215332,43.889400482177734,11937036
2024-07-16 11:30:00-04:00,44.099998474121094,44.209999084472656,43.65999984741211,43.809898376464844,7973610
2024-07-16 12:30:00-04:00,44.147499084472656,44.29999923706055,44.02000045776367,44.095001220703125,6668249
2024-07-16 13:30:00-04:00,44.18000030517578,44.310001373291016,44.13010025024414,44.14500045776367,5014179
2024-07-16 14:30:00-04:00,44.15999984741211,44.400001525878906,44.150001525878906,44.189998626708984,5841891
2024-07-16 15:30:00-04:00,44.130001068115234,44.22999954223633,44.040000915527344,44.154998779296875,8244481
2024-07-17 09:30:00-04:00,44.165000915527344,44.439998626708984,43.650001525878906,43.650001525878906,15024666
2024-07-17 10:30:00-04:00,44.13999938964844,44.16999816894531,43.790000915527344,44.165000915527344,10022040
2024-07-17 11:30:00-04:00,44.07500076293945,44.40999984741211,44.064998626708984,44.1349983215332,7149538
2024-07-17 12:30:00-04:00,44.04499816894531,44.310001373291016,43.91999816894531,44.07500076293945,5683200
2024-07-17 13:30:00-04:00,44.09000015258789,44.16999816894531,44.0099983215332,44.04499816894531,3957034
2024-07-17 14:30:00-04:00,44.025001525878906,44.220001220703125,44.005001068115234,44.09000015258789,6060271
2024-07-17 15:30:00-04:00,43.97999954223633,44.029998779296875,43.790000915527344,44.029998779296875,10203485
2024-07-18 09:30:00-04:00,44.1775016784668,44.20000076293945,43.400001525878906,43.619998931884766,9008344
2024-07-18 10:30:00-04:00,43.619998931884766,44.2400016784668,43.56010055541992,44.17499923706055,7301076
2024-07-18 11:30:00-04:00,43.23500061035156,43.689998626708984,43.20000076293945,43.619998931884766,5425994
2024-07-18 12:30:00-04:00,43.415000915527344,43.45000076293945,43.22999954223633,43.23500061035156,3574638
2024-07-18 13:30:00-04:00,43.154998779296875,43.439998626708984,43.150001525878906,43.415000915527344,3842486
2024-07-18 14:30:00-04:00,42.98500061035156,43.22999954223633,42.974998474121094,43.150001525878906,4794878
2024-07-18 15:30:00-04:00,42.9900016784668,43.17499923706055,42.93000030517578,42.9900016784668,7414442
2024-07-19 09:30:00-04:00,43.45500183105469,43.494998931884766,42.689998626708984,42.86000061035156,10036249
2024-07-19 10:30:00-04:00,43.21220016479492,43.560001373291016,43.099998474121094,43.453800201416016,6317670
2024-07-19 11:30:00-04:00,43.23500061035156,43.45500183105469,43.130001068115234,43.21500015258789,3391840
2024-07-19 12:30:00-04:00,43.125,43.25,43.06010055541992,43.2400016784668,3284568
2024-07-19 13:30:00-04:00,43.10499954223633,43.28499984741211,43.08000183105469,43.125,2977879
2024-07-19 14:30:00-04:00,43.21500015258789,43.290000915527344,43.084999084472656,43.11000061035156,3580632
2024-07-19 15:30:00-04:00,42.939998626708984,43.220001220703125,42.869998931884766,43.21500015258789,6689769
2024-07-22 09:30:00-04:00,42.625,42.869998931884766,41.95500183105469,42.63999938964844,13355159
2024-07-22 10:30:00-04:00,42.58000183105469,42.790000915527344,42.540000915527344,42.630001068115234,5319172
2024-07-22 11:30:00-04:00,42.42499923706055,42.625,42.369998931884766,42.584999084472656,3357478
2024-07-22 12:30:00-04:00,42.314998626708984,42.529998779296875,42.31010055541992,42.41999816894531,3536973
2024-07-22 13:30:00-04:00,42.209999084472656,42.42499923706055,42.20000076293945,42.31999969482422,2554049
2024-07-22 14:30:00-04:00,42.2401008605957,42.34000015258789,42.185001373291016,42.21500015258789,3307228
2024-07-22 15:30:00-04:00,42.29999923706055,42.36000061035156,42.209999084472656,42.244998931884766,6243950
2024-07-23 09:30:00-04:00,42.525001525878906,42.779998779296875,42.150001525878906,42.220001220703125,5674417
2024-07-23 10:30:00-04:00,42.595001220703125,42.66999816894531,42.48500061035156,42.52000045776367,4792762
2024-07-23 11:30:00-04:00,42.710201263427734,42.720001220703125,42.55220031738281,42.595001220703125,5695917
2024-07-23 12:30:00-04:00,42.64500045776367,42.72999954223633,42.625,42.709999084472656,2785028
2024-07-23 13:30:00-04:00,42.685001373291016,42.76499938964844,42.599998474121094,42.64580154418945,3180047
2024-07-23 14:30:00-04:00,42.64500045776367,42.7400016784668,42.630001068115234,42.689998626708984,3310987
2024-07-23 15:30:00-04:00,42.40999984741211,42.65999984741211,42.36000061035156,42.6349983215332,6715730
2024-07-24 09:30:00-04:00,42.39500045776367,42.650001525878906,42.06999969482422,42.279998779296875,8190762
2024-07-24 10:30:00-04:00,42.5,42.59000015258789,42.369998931884766,42.39500045776367,3755474
2024-07-24 11:30:00-04:00,42.685001373291016,42.75,42.459999084472656,42.494998931884766,3486232
2024-07-24 12:30:00-04:00,42.560001373291016,42.709999084472656,42.540000915527344,42.685001373291016,2921026
2024-07-24 13:30:00-04:00,42.51499938964844,42.630001068115234,42.45500183105469,42.55739974975586,3129758
2024-07-24 14:30:00-04:00,42.32500076293945,42.529998779296875,42.290000915527344,42.51499938964844,4036803
2024-07-24 15:30:00-04:00,42.185001373291016,42.349998474121094,42.16999816894531,42.33000183105469,5187360
2024-07-25 09:30:00-04:00,42.095001220703125,42.29499816894531,41.88999938964844,42.02000045776367,7491713
2024-07-25 10:30:00-04:00,42.119998931884766,42.2599983215332,42.06999969482422,42.09000015258789,4808930
2024-07-25 11:30:00-04:00,42.130001068115234,42.239898681640625,41.97999954223633,42.119998931884766,4389813
2024-07-25 12:30:00-04:00,42.064998626708984,42.2599983215332,42.05500030517578,42.130001068115234,5498802
2024-07-25 13:30:00-04:00,41.96500015258789,42.18000030517578,41.93000030517578,42.06999969482422,3119128
2024-07-25 14:30:00-04:00,41.95009994506836,42.060001373291016,41.849998474121094,41.96500015258789,4344677
2024-07-25 15:30:00-04:00,41.685001373291016,41.959999084472656,41.65999984741211,41.95500183105469,6511949
2024-07-26 09:30:00-04:00,41.814998626708984,41.959999084472656,41.40999984741211,41.58000183105469,10060398
2024-07-26 10:30:00-04:00,41.75,41.90999984741211,41.599998474121094,41.81999969482422,7467515
2024-07-26 11:30:00-04:00,41.61000061035156,41.755001068115234,41.4900016784668,41.75,6708280
2024-07-26 12:30:00-04:00,41.76499938964844,41.790000915527344,41.43000030517578,41.61000061035156,5078274
2024-07-26 13:30:00-04:00,41.71009826660156,41.86000061035156,41.61009979248047,41.76499938964844,3870864
2024-07-26 14:30:00-04:00,41.77000045776367,41.79999923706055,41.630001068115234,41.709999084472656,4201768
2024-07-26 15:30:00-04:00,41.66999816894531,41.76499938964844,41.59000015258789,41.76499938964844,6435652
2024-07-29 09:30:00-04:00,41.09000015258789,41.869998931884766,41.09000015258789,41.779998779296875,8455920
2024-07-29 10:30:00-04:00,41.29499816894531,41.34000015258789,40.98099899291992,41.095001220703125,4458305
2024-07-29 11:30:00-04:00,41.17499923706055,41.39500045776367,41.16999816894531,41.29999923706055,2437713
2024-07-29 12:30:00-04:00,41.09370040893555,41.220001220703125,41.052799224853516,41.17499923706055,3366139
2024-07-29 13:30:00-04:00,41.13600158691406,41.20989990234375,41.06999969482422,41.09000015258789,2352018
2024-07-29 14:30:00-04:00,41.08000183105469,41.21500015258789,41.08000183105469,41.1349983215332,3035637
2024-07-29 15:30:00-04:00,41.095001220703125,41.150001525878906,41.040000915527344,41.084999084472656,4787259
2024-07-30 09:30:00-04:00,41.44430160522461,41.88999938964844,41.03499984741211,41.13290023803711,9799726
2024-07-30 10:30:00-04:00,41.36000061035156,41.630001068115234,41.314998626708984,41.439998626708984,4087814
2024-07-30 11:30:00-04:00,41.290000915527344,41.54999923706055,41.220001220703125,41.35770034790039,3164625
2024-07-30 12:30:00-04:00,41.0099983215332,41.310001373291016,40.95000076293945,41.28499984741211,6017467
2024-07-30 13:30:00-04:00,40.940101623535156,41.14500045776367,40.900001525878906,41.005001068115234,3256782
2024-07-30 14:30:00-04:00,41.084999084472656,41.099998474121094,40.810001373291016,40.95000076293945,5070898
2024-07-30 15:30:00-04:00,41.279998779296875,41.33000183105469,41.029998779296875,41.084999084472656,6749049
2024-07-31 09:30:00-04:00,40.8849983215332,41.380001068115234,40.810001373291016,41.22999954223633,7884891
2024-07-31 10:30:00-04:00,41.0099983215332,41.15999984741211,40.8650016784668,40.880001068115234,4201426
2024-07-31 11:30:00-04:00,40.89500045776367,41.06999969482422,40.880001068115234,41.0099983215332,2746990
2024-07-31 12:30:00-04:00,40.834999084472656,40.97990036010742,40.790000915527344,40.88999938964844,2617539
2024-07-31 13:30:00-04:00,40.86000061035156,40.93000030517578,40.75,40.83000183105469,3040400
2024-07-31 14:30:00-04:00,40.28499984741211,40.97999954223633,40.279998779296875,40.85499954223633,8124425
2024-07-31 15:30:00-04:00,40.29999923706055,40.529998779296875,40.220001220703125,40.28499984741211,11145241
2024-08-01 09:30:00-04:00,39.720001220703125,40.45000076293945,39.595001220703125,40.439998626708984,9022535
2024-08-01 10:30:00-04:00,39.505001068115234,39.72999954223633,39.400001525878906,39.71500015258789,7515973
2024-08-01 11:30:00-04:00,39.529998779296875,39.689998626708984,39.459999084472656,39.505001068115234,5554295
2024-08-01 12:30:00-04:00,39.19499969482422,39.529998779296875,39.15999984741211,39.525001525878906,5673733
2024-08-01 13:30:00-04:00,39.01499938964844,39.209999084472656,38.97999954223633,39.19499969482422,5804810
2024-08-01 14:30:00-04:00,39.18939971923828,39.209999084472656,39.0,39.0099983215332,4983643
2024-08-01 15:30:00-04:00,39.4900016784668,39.52000045776367,39.18000030517578,39.189998626708984,7774673
2024-08-02 09:30:00-04:00,37.94499969482422,38.529998779296875,37.79499816894531,38.0,13695585
2024-08-02 10:30:00-04:00,37.78499984741211,38.060001373291016,37.68000030517578,37.939998626708984,6070352
2024-08-02 11:30:00-04:00,37.95000076293945,38.025001525878906,37.7400016784668,37.78499984741211,6090695
2024-08-02 12:30:00-04:00,37.66999816894531,37.959999084472656,37.630001068115234,37.94499969482422,5598145
2024-08-02 13:30:00-04:00,37.255001068115234,37.70000076293945,37.18000030517578,37.665000915527344,7726047
2024-08-02 14:30:00-04:00,37.349998474121094,37.400001525878906,37.189998626708984,37.255001068115234,7242072
2024-08-02 15:30:00-04:00,37.58000183105469,37.619998931884766,37.27000045776367,37.349998474121094,12477307
2024-08-05 09:30:00-04:00,36.04999923706055,36.33000183105469,35.13999938964844,35.650001525878906,22736105
2024-08-05 10:30:00-04:00,36.42499923706055,36.529998779296875,36.02000045776367,36.04999923706055,7907651
2024-08-05 11:30:00-04:00,36.810001373291016,36.95500183105469,36.400001525878906,36.42499923706055,8845316
2024-08-05 12:30:00-04:00,36.69499969482422,36.81999969482422,36.529998779296875,36.814998626708984,7015310
2024-08-05 13:30:00-04:00,36.81010055541992,36.939998626708984,36.68000030517578,36.69499969482422,5485262
2024-08-05 14:30:00-04:00,36.599998474121094,36.81999969482422,36.52000045776367,36.810001373291016,7329328
2024-08-05 15:30:00-04:00,36.654998779296875,36.65999984741211,36.4900016784668,36.599998474121094,6800605
2024-08-06 09:30:00-04:00,37.13999938964844,37.290000915527344,36.540000915527344,36.650001525878906,8203015
2024-08-06 10:30:00-04:00,37.0099983215332,37.290000915527344,37.000099182128906,37.150001525878906,4378434
2024-08-06 11:30:00-04:00,37.18000030517578,37.25,36.970001220703125,37.013999938964844,2915325
2024-08-06 12:30:00-04:00,37.21979904174805,37.2599983215332,37.09000015258789,37.183998107910156,2609310
2024-08-06 13:30:00-04:00,37.27149963378906,37.290000915527344,37.099998474121094,37.21500015258789,2669671
2024-08-06 14:30:00-04:00,37.224998474121094,37.310001373291016,36.939998626708984,37.279998779296875,5149924
2024-08-06 15:30:00-04:00,36.90999984741211,37.29999923706055,36.880001068115234,37.224998474121094,4975376
2024-08-07 09:30:00-04:00,38.1349983215332,38.584999084472656,38.040000915527344,38.099998474121094,13065924
2024-08-07 10:30:00-04:00,37.9900016784668,38.2400016784668,37.834999084472656,38.13999938964844,5310520
2024-08-07 11:30:00-04:00,37.814998626708984,38.029998779296875,37.66999816894531,37.994998931884766,3822667
2024-08-07 12:30:00-04:00,37.619998931884766,37.869998931884766,37.45500183105469,37.810001373291016,2910560
2024-08-07 13:30:00-04:00,37.415000915527344,37.779998779296875,37.30500030517578,37.6150016784668,4013542
2024-08-07 14:30:00-04:00,37.46500015258789,37.51499938964844,37.27000045776367,37.415000915527344,3704000
2024-08-07 15:30:00-04:00,37.310001373291016,37.540000915527344,37.27000045776367,37.46500015258789,5510443
2024-08-08 09:30:00-04:00,38.029998779296875,38.09000015258789,37.65999984741211,37.81999969482422,6247507
2024-08-08 10:30:00-04:00,38.130001068115234,38.22999954223633,37.974998474121094,38.03499984741211,4063716
2024-08-08 11:30:00-04:00,38.150001525878906,38.18000030517578,37.970001220703125,38.130001068115234,3352032
2024-08-08 12:30:00-04:00,38.20000076293945,38.22999954223633,38.029998779296875,38.157100677490234,3126751
2024-08-08 13:30:00-04:00,38.290000915527344,38.33000183105469,38.1150016784668,38.20000076293945,3219506
2024-08-08 14:30:00-04:00,38.28499984741211,38.415000915527344,38.20500183105469,38.290000915527344,3817349
2024-08-08 15:30:00-04:00,38.20000076293945,38.34000015258789,38.185001373291016,38.290000915527344,5242253
2024-08-09 09:30:00-04:00,38.349998474121094,38.41999816894531,37.904998779296875,38.15999984741211,4068683
2024-08-09 10:30:00-04:00,38.237098693847656,38.45000076293945,38.230098724365234,38.349998474121094,4561050
2024-08-09 11:30:00-04:00,38.04499816894531,38.2776985168457,38.00339889526367,38.23500061035156,2246873
2024-08-09 12:30:00-04:00,38.29999923706055,38.29999923706055,38.029998779296875,38.040000915527344,2092747
2024-08-09 13:30:00-04:00,38.130001068115234,38.31999969482422,38.040000915527344,38.290000915527344,1922127
2024-08-09 14:30:00-04:00,38.23099899291992,38.29999923706055,38.06019973754883,38.10499954223633,2424191
2024-08-09 15:30:00-04:00,38.2599983215332,38.310001373291016,38.125,38.23500061035156,3830438
2024-08-12 09:30:00-04:00,38.220001220703125,38.72990036010742,38.13999938964844,38.5,7827416
2024-08-12 10:30:00-04:00,38.349998474121094,38.40999984741211,38.19499969482422,38.224998474121094,3833876
2024-08-12 11:30:00-04:00,38.27000045776367,38.415000915527344,38.220001220703125,38.35020065307617,3290980
2024-08-12 12:30:00-04:00,38.244998931884766,38.29999923706055,38.119998931884766,38.26499938964844,2985164
2024-08-12 13:30:00-04:00,38.1150016784668,38.2599983215332,38.029998779296875,38.244998931884766,2188841
2024-08-12 14:30:00-04:00,38.10499954223633,38.150001525878906,38.04999923706055,38.1150016784668,2007932
2024-08-12 15:30:00-04:00,38.16999816894531,38.18000030517578,38.0099983215332,38.11000061035156,3748664
2024-08-13 09:30:00-04:00,38.2400016784668,38.40999984741211,38.119998931884766,38.369998931884766,3863907
2024-08-13 10:30:00-04:00,38.234100341796875,38.290000915527344,38.15999984741211,38.244998931884766,2217133
2024-08-13 11:30:00-04:00,38.29499816894531,38.369998931884766,38.16999816894531,38.23500061035156,1649121
2024-08-13 12:30:00-04:00,38.33000183105469,38.39739990234375,38.2400016784668,38.290000915527344,1660891
2024-08-13 13:30:00-04:00,38.3650016784668,38.43000030517578,38.25,38.33000183105469,1528999
2024-08-13 14:30:00-04:00,38.36520004272461,38.435001373291016,38.33000183105469,38.36000061035156,2250446
2024-08-13 15:30:00-04:00,38.470001220703125,38.47999954223633,38.30500030517578,38.36000061035156,3145268
2024-08-14 09:30:00-04:00,38.56060028076172,38.724998474121094,38.470001220703125,38.52000045776367,2912215
2024-08-14 10:30:00-04:00,38.57849884033203,38.58000183105469,38.43000030517578,38.560001373291016,1818934
2024-08-14 11:30:00-04:00,38.65999984741211,38.77000045776367,38.55500030517578,38.58000183105469,2915886
2024-08-14 12:30:00-04:00,38.724998474121094,38.76499938964844,38.64500045776367,38.665000915527344,2041947
2024-08-14 13:30:00-04:00,38.73970031738281,38.81999969482422,38.70000076293945,38.72100067138672,1850551
2024-08-14 14:30:00-04:00,38.814998626708984,38.915000915527344,38.72999954223633,38.731998443603516,3090201
2024-08-14 15:30:00-04:00,38.779998779296875,38.89500045776367,38.7400016784668,38.814998626708984,4042805
2024-08-15 09:30:00-04:00,39.43000030517578,39.68000030517578,39.33000183105469,39.47999954223633,7648898
2024-08-15 10:30:00-04:00,39.47999954223633,39.625,39.334999084472656,39.435001373291016,3822426
2024-08-15 11:30:00-04:00,39.47999954223633,39.540000915527344,39.415000915527344,39.47999954223633,3083643
2024-08-15 12:30:00-04:00,39.255001068115234,39.47999954223633,39.25,39.474998474121094,2594704
2024-08-15 13:30:00-04:00,39.2599983215332,39.310001373291016,39.209999084472656,39.2599983215332,2695940
2024-08-15 14:30:00-04:00,39.125,39.269901275634766,39.06999969482422,39.26499938964844,4164630
2024-08-15 15:30:00-04:00,39.04999923706055,39.185001373291016,38.96500015258789,39.125,5718475
2024-08-16 09:30:00-04:00,39.23500061035156,39.3390007019043,38.9900016784668,39.0,5979087
2024-08-16 10:30:00-04:00,39.25600051879883,39.2599983215332,39.130001068115234,39.23500061035156,2876513
2024-08-16 11:30:00-04:00,39.180301666259766,39.2599983215332,39.15999984741211,39.255001068115234,2385528
2024-08-16 12:30:00-04:00,39.275001525878906,39.36000061035156,39.16999816894531,39.185001373291016,2133945
2024-08-16 13:30:00-04:00,39.314998626708984,39.349998474121094,39.2599983215332,39.275001525878906,1827511
2024-08-16 14:30:00-04:00,39.36650085449219,39.41999816894531,39.29999923706055,39.314998626708984,2435347
2024-08-16 15:30:00-04:00,39.34000015258789,39.38999938964844,39.290000915527344,39.36009979248047,3888628
2024-08-19 09:30:00-04:00,39.59000015258789,39.69499969482422,39.45000076293945,39.47999954223633,5504737
2024-08-19 10:30:00-04:00,39.564998626708984,39.68000030517578,39.54999923706055,39.58000183105469,2814332
2024-08-19 11:30:00-04:00,39.63999938964844,39.70000076293945,39.560001373291016,39.564998626708984,2149766
2024-08-19 12:30:00-04:00,39.64500045776367,39.720001220703125,39.619998931884766,39.63999938964844,2010192
2024-08-19 13:30:00-04:00,39.685001373291016,39.709999084472656,39.61000061035156,39.64500045776367,2450770
2024-08-19 14:30:00-04:00,39.6349983215332,39.720001220703125,39.63010025024414,39.685001373291016,2573341
2024-08-19 15:30:00-04:00,39.68000030517578,39.744998931884766,39.630001068115234,39.630001068115234,4122267
2024-08-20 09:30:00-04:00,38.775001525878906,39.2400016784668,38.34000015258789,39.119998931884766,13563260
2024-08-20 10:30:00-04:00,38.79499816894531,38.98500061035156,38.77000045776367,38.775001525878906,7700528
2024-08-20 11:30:00-04:00,38.849998474121094,38.86000061035156,38.72330093383789,38.790000915527344,3857900
2024-08-20 12:30:00-04:00,38.77399826049805,38.869998931884766,38.75,38.84000015258789,2359016
2024-08-20 13:30:00-04:00,38.86009979248047,38.900001525878906,38.70000076293945,38.77989959716797,2450299
2024-08-20 14:30:00-04:00,38.79499816894531,38.86989974975586,38.71009826660156,38.86989974975586,3422152
2024-08-20 15:30:00-04:00,38.70000076293945,38.79999923706055,38.68000030517578,38.79499816894531,4489940
2024-08-21 09:30:00-04:00,38.540000915527344,38.994998931884766,38.3849983215332,38.869998931884766,5289198
2024-08-21 10:30:00-04:00,38.48500061035156,38.599998474121094,38.3849983215332,38.54499816894531,4135569
2024-08-21 11:30:00-04:00,38.625,38.630001068115234,38.439998626708984,38.4900016784668,4039150
2024-08-21 12:30:00-04:00,38.6150016784668,38.66999816894531,38.5901985168457,38.625,2521925
2024-08-21 13:30:00-04:00,38.650001525878906,38.68000030517578,38.54999923706055,38.619998931884766,3407464
2024-08-21 14:30:00-04:00,38.564998626708984,38.689998626708984,38.54010009765625,38.654998779296875,4579093
2024-08-21 15:30:00-04:00,38.73500061035156,38.7599983215332,38.540000915527344,38.560001373291016,5019447
2024-08-22 09:30:00-04:00,38.650001525878906,38.904998779296875,38.564998626708984,38.779998779296875,4201653
2024-08-22 10:30:00-04:00,38.814998626708984,38.869998931884766,38.630001068115234,38.63999938964844,3566633
2024-08-22 11:30:00-04:00,38.96500015258789,39.0099983215332,38.810001373291016,38.810001373291016,3050021
2024-08-22 12:30:00-04:00,38.99020004272461,39.130001068115234,38.94499969482422,38.959999084472656,2997448
2024-08-22 13:30:00-04:00,39.21500015258789,39.255001068115234,38.92499923706055,38.9900016784668,4051843
2024-08-22 14:30:00-04:00,39.19499969482422,39.290000915527344,39.16999816894531,39.21500015258789,3762274
2024-08-22 15:30:00-04:00,39.25,39.28499984741211,39.119998931884766,39.19499969482422,7314109
2024-08-23 09:30:00-04:00,39.845001220703125,39.849998474121094,39.27000045776367,39.27000045776367,7768092
2024-08-23 10:30:00-04:00,40.119998931884766,40.16999816894531,39.70000076293945,39.849998474121094,6492314
2024-08-23 11:30:00-04:00,39.41999816894531,40.150001525878906,39.38999938964844,40.1150016784668,5974011
2024-08-23 12:30:00-04:00,39.720001220703125,39.76499938964844,39.404998779296875,39.42100143432617,3032577
2024-08-23 13:30:00-04:00,39.67499923706055,39.73979949951172,39.55500030517578,39.720001220703125,3317766
2024-08-23 14:30:00-04:00,39.78499984741211,39.810001373291016,39.651100158691406,39.67499923706055,3841029
2024-08-23 15:30:00-04:00,39.77000045776367,39.899898529052734,39.72999954223633,39.78499984741211,5539966
2024-08-26 09:30:00-04:00,39.86009979248047,40.20000076293945,39.790000915527344,40.0,5770533
2024-08-26 10:30:00-04:00,39.69499969482422,39.90999984741211,39.65999984741211,39.8650016784668,3534947
2024-08-26 11:30:00-04:00,39.8672981262207,39.93000030517578,39.66999816894531,39.69499969482422,6733136
2024-08-26 12:30:00-04:00,39.89500045776367,39.959999084472656,39.845001220703125,39.86000061035156,6259225
2024-08-26 13:30:00-04:00,39.93009948730469,39.970001220703125,39.80500030517578,39.89500045776367,5575928
2024-08-26 14:30:00-04:00,39.845001220703125,39.97999954223633,39.84000015258789,39.935001373291016,4897836
2024-08-26 15:30:00-04:00,39.91999816894531,39.970001220703125,39.83000183105469,39.84000015258789,6035924
2024-08-27 09:30:00-04:00,39.95500183105469,40.125,39.849998474121094,40.0,5430323
2024-08-27 10:30:00-04:00,39.869998931884766,40.0099983215332,39.830101013183594,39.95500183105469,2986348
2024-08-27 11:30:00-04:00,39.65010070800781,39.869998931884766,39.650001525878906,39.864200592041016,2717881
2024-08-27 12:30:00-04:00,39.810001373291016,39.810001373291016,39.61000061035156,39.64030075073242,2618217
2024-08-27 13:30:00-04:00,39.707298278808594,39.845001220703125,39.68000030517578,39.80500030517578,1869541
2024-08-27 14:30:00-04:00,39.73500061035156,39.7400016784668,39.654998779296875,39.70009994506836,4523981
2024-08-27 15:30:00-04:00,39.66999816894531,39.77000045776367,39.619998931884766,39.7400016784668,7191397
2024-08-28 09:30:00-04:00,39.814998626708984,39.9900016784668,39.33000183105469,39.34000015258789,7301669
2024-08-28 10:30:00-04:00,40.16999816894531,40.27000045776367,39.79999923706055,39.814998626708984,6140152
2024-08-28 11:30:00-04:00,39.94499969482422,40.2400016784668,39.90999984741211,40.16019821166992,4430871
2024-08-28 12:30:00-04:00,39.81990051269531,39.95000076293945,39.77000045776367,39.939998626708984,2949235
2024-08-28 13:30:00-04:00,39.70500183105469,39.8568000793457,39.665000915527344,39.81999969482422,3025242
2024-08-28 14:30:00-04:00,39.89500045776367,39.95000076293945,39.66999816894531,39.70500183105469,4279493
2024-08-28 15:30:00-04:00,39.95000076293945,40.04999923706055,39.880001068115234,39.88999938964844,5740301
2024-08-29 09:30:00-04:00,40.005001068115234,40.099998474121094,39.529998779296875,40.04999923706055,7072603
2024-08-29 10:30:00-04:00,39.999900817871094,40.01499938964844,39.75,40.005001068115234,4130292
2024-08-29 11:30:00-04:00,40.224998474121094,40.2400016784668,39.939998626708984,40.0,3102396
2024-08-29 12:30:00-04:00,40.2401008605957,40.25,40.15999984741211,40.224998474121094,2774411
2024-08-29 13:30:00-04:00,40.2599983215332,40.34000015258789,40.18000030517578,40.244998931884766,3458481
2024-08-29 14:30:00-04:00,40.279998779296875,40.290000915527344,40.06999969482422,40.255001068115234,4467478
2024-08-29 15:30:00-04:00,40.18000030517578,40.31999969482422,40.099998474121094,40.279998779296875,4883083
2024-08-30 09:30:00-04:00,40.337501525878906,40.34000015258789,40.130001068115234,40.16999816894531,8883981
2024-08-30 10:30:00-04:00,40.28990173339844,40.47999954223633,40.27000045776367,40.33000183105469,3843293
2024-08-30 11:30:00-04:00,40.334999084472656,40.41999816894531,40.220001220703125,40.28499984741211,2991413
2024-08-30 12:30:00-04:00,40.505001068115234,40.52000045776367,40.290000915527344,40.334999084472656,2979228
2024-08-30 13:30:00-04:00,40.595001220703125,40.630001068115234,40.45500183105469,40.494998931884766,3637851
2024-08-30 14:30:00-04:00,40.64500045776367,40.68000030517578,40.58000183105469,40.59000015258789,3446305
2024-08-30 15:30:00-04:00,40.7400016784668,40.86000061035156,40.599998474121094,40.64500045776367,6635079
2024-09-03 09:30:00-04:00,40.30500030517578,40.84000015258789,40.26499938964844,40.58000183105469,9974288
2024-09-03 10:30:00-04:00,40.76499938964844,40.77000045776367,40.22999954223633,40.29999923706055,7143225
2024-09-03 11:30:00-04:00,40.73500061035156,40.86000061035156,40.65010070800781,40.76499938964844,4427812
2024-09-03 12:30:00-04:00,40.814998626708984,40.900001525878906,40.709999084472656,40.73500061035156,3494303
2024-09-03 13:30:00-04:00,40.73500061035156,40.89500045776367,40.724998474121094,40.810001373291016,4536959
2024-09-03 14:30:00-04:00,40.630001068115234,40.75,40.54999923706055,40.73500061035156,5280876
2024-09-03 15:30:00-04:00,40.70500183105469,40.720001220703125,40.47999954223633,40.625,7343028
2024-09-04 09:30:00-04:00,40.869998931884766,40.95000076293945,40.560001373291016,40.65999984741211,6268033
2024-09-04 10:30:00-04:00,40.584999084472656,40.88999938964844,40.584999084472656,40.875,5058730
2024-09-04 11:30:00-04:00,40.595001220703125,40.63999938964844,40.45000076293945,40.584999084472656,4204313
2024-09-04 12:30:00-04:00,40.505001068115234,40.650001525878906,40.48500061035156,40.595001220703125,3579883
2024-09-04 13:30:00-04:00,40.45500183105469,40.525001525878906,40.310001373291016,40.5,3363364
2024-09-04 14:30:00-04:00,40.43000030517578,40.47999954223633,40.279998779296875,40.45500183105469,3800524
2024-09-04 15:30:00-04:00,40.4900016784668,40.58000183105469,40.369998931884766,40.41999816894531,5090079
2024-09-05 09:30:00-04:00,40.584999084472656,40.939998626708984,40.349998474121094,40.79999923706055,5468181
2024-09-05 10:30:00-04:00,40.20000076293945,40.619998931884766,40.150001525878906,40.589900970458984,4095105
2024-09-05 11:30:00-04:00,40.09000015258789,40.220001220703125,40.02000045776367,40.189998626708984,3127263
2024-09-05 12:30:00-04:00,40.08250045776367,40.13999938964844,40.0099983215332,40.08000183105469,2187399
2024-09-05 13:30:00-04:00,40.415000915527344,40.459999084472656,40.064998626708984,40.084999084472656,3982086
2024-09-05 14:30:00-04:00,40.32500076293945,40.5099983215332,40.290000915527344,40.410099029541016,4250173
2024-09-05 15:30:00-04:00,40.130001068115234,40.38999938964844,40.119998931884766,40.32500076293945,4904190
2024-09-06 09:30:00-04:00,39.375,39.875,39.334999084472656,39.77000045776367,8489960
2024-09-06 10:30:00-04:00,38.95500183105469,39.54999923706055,38.93000030517578,39.3650016784668,5992719
2024-09-06 11:30:00-04:00,38.68000030517578,38.9900016784668,38.65999984741211,38.95000076293945,6144754
2024-09-06 12:30:00-04:00,38.80500030517578,38.880001068115234,38.560001373291016,38.67499923706055,2851163
2024-09-06 13:30:00-04:00,38.689998626708984,38.919898986816406,38.66999816894531,38.80500030517578,3421190
2024-09-06 14:30:00-04:00,38.755001068115234,38.849998474121094,38.6150016784668,38.69499969482422,4278227
2024-09-06 15:30:00-04:00,38.78499984741211,38.79999923706055,38.625,38.755001068115234,5464802
2024-09-09 09:30:00-04:00,39.435001373291016,39.595001220703125,39.100101470947266,39.25,3970368
2024-09-09 10:30:00-04:00,39.46500015258789,39.476600646972656,39.209999084472656,39.439998626708984,4115001
2024-09-09 11:30:00-04:00,39.64500045776367,39.685001373291016,39.39500045776367,39.462799072265625,4395132
2024-09-09 12:30:00-04:00,39.654998779296875,39.70500183105469,39.619998931884766,39.63999938964844,2961545
2024-09-09 13:30:00-04:00,39.474998474121094,39.665000915527344,39.459999084472656,39.654998779296875,3002236
2024-09-09 14:30:00-04:00,39.51499938964844,39.529998779296875,39.39500045776367,39.47570037841797,3042693
2024-09-09 15:30:00-04:00,39.47999954223633,39.58000183105469,39.41999816894531,39.51499938964844,4815034
2024-09-10 09:30:00-04:00,38.8849983215332,39.84000015258789,38.7599983215332,39.84000015258789,9368122
2024-09-10 10:30:00-04:00,38.55500030517578,38.97999954223633,38.551700592041016,38.880001068115234,5073926
2024-09-10 11:30:00-04:00,38.349998474121094,38.60499954223633,38.34000015258789,38.54999923706055,4230209
2024-09-10 12:30:00-04:00,38.7400016784668,38.7400016784668,38.32500076293945,38.349998474121094,6210069
2024-09-10 13:30:00-04:00,39.334999084472656,39.349998474121094,38.7400016784668,38.7400016784668,8138298
2024-09-10 14:30:00-04:00,39.404998779296875,39.44990158081055,39.30030059814453,39.334999084472656,4258079
2024-09-10 15:30:00-04:00,39.290000915527344,39.43000030517578,39.279998779296875,39.40999984741211,6218247
2024-09-11 09:30:00-04:00,38.04499816894531,38.95000076293945,38.02000045776367,38.939998626708984,9243058
2024-09-11 10:30:00-04:00,38.154998779296875,38.25,38.0099983215332,38.04010009765625,4571711
2024-09-11 11:30:00-04:00,38.404998779296875,38.47999954223633,38.154998779296875,38.154998779296875,4883107
2024-09-11 12:30:00-04:00,38.57500076293945,38.599998474121094,38.36000061035156,38.400001525878906,2605038
2024-09-11 13:30:00-04:00,38.625,38.65999984741211,38.53340148925781,38.57500076293945,2563867
2024-09-11 14:30:00-04:00,38.845001220703125,38.880001068115234,38.61000061035156,38.625,3970244
2024-09-11 15:30:00-04:00,38.970001220703125,39.02000045776367,38.77000045776367,38.845001220703125,5057870
2024-09-12 09:30:00-04:00,39.07500076293945,39.25,38.61000061035156,39.04999923706055,7120844
2024-09-12 10:30:00-04:00,39.0099983215332,39.150001525878906,38.970001220703125,39.08000183105469,2843463
2024-09-12 11:30:00-04:00,38.994998931884766,39.099998474121094,38.9900016784668,39.005001068115234,1824774
2024-09-12 12:30:00-04:00,39.064998626708984,39.119998931884766,38.97999954223633,38.994998931884766,2422446
2024-09-12 13:30:00-04:00,38.89500045776367,39.150001525878906,38.724998474121094,39.06999969482422,4121462
2024-09-12 14:30:00-04:00,38.6349983215332,38.95500183105469,38.560001373291016,38.89500045776367,6894663
2024-09-12 15:30:00-04:00,38.779998779296875,38.790000915527344,38.53499984741211,38.6349983215332,7708517
2024-09-13 09:30:00-04:00,38.834999084472656,39.09000015258789,38.790000915527344,38.880001068115234,4700116
2024-09-13 10:30:00-04:00,38.564998626708984,38.86989974975586,38.529998779296875,38.84000015258789,4849260
2024-09-13 11:30:00-04:00,38.529998779296875,38.650001525878906,38.52000045776367,38.564998626708984,4550947
2024-09-13 12:30:00-04:00,38.599998474121094,38.60499954223633,38.439998626708984,38.525001525878906,2629502
2024-09-13 13:30:00-04:00,38.55500030517578,38.68000030517578,38.540000915527344,38.59870147705078,2999680
2024-09-13 14:30:00-04:00,38.58000183105469,38.58000183105469,38.439998626708984,38.55500030517578,4089145
2024-09-13 15:30:00-04:00,38.650001525878906,38.68000030517578,38.56999969482422,38.57500076293945,4212825
2024-09-16 09:30:00-04:00,39.05500030517578,39.209999084472656,38.79999923706055,38.810001373291016,5194368
2024-09-16 10:30:00-04:00,38.82500076293945,39.05500030517578,38.81999969482422,39.05500030517578,2487886
2024-09-16 11:30:00-04:00,39.055599212646484,39.06999969482422,38.82500076293945,38.83000183105469,2629669
2024-09-16 12:30:00-04:00,39.08000183105469,39.10499954223633,38.95000076293945,39.05500030517578,2031073
2024-09-16 13:30:00-04:00,39.084999084472656,39.130001068115234,39.029998779296875,39.07500076293945,1662515
2024-09-16 14:30:00-04:00,39.10499954223633,39.189998626708984,39.08000183105469,39.084999084472656,1859006
2024-09-16 15:30:00-04:00,39.130001068115234,39.16999816894531,39.04499816894531,39.10499954223633,4192812
2024-09-17 09:30:00-04:00,39.599998474121094,39.67499923706055,39.209999084472656,39.279998779296875,4562438
2024-09-17 10:30:00-04:00,39.70000076293945,39.72999954223633,39.560001373291016,39.61000061035156,2759338
2024-09-17 11:30:00-04:00,39.76499938964844,39.79999923706055,39.65999984741211,39.694000244140625,2542238
2024-09-17 12:30:00-04:00,39.474998474121094,39.77000045776367,39.459999084472656,39.76499938964844,2684643
2024-09-17 13:30:00-04:00,39.54499816894531,39.599998474121094,39.435001373291016,39.470001220703125,2022373
2024-09-17 14:30:00-04:00,39.51100158691406,39.56999969482422,39.459999084472656,39.52009963989258,2137055
2024-09-17 15:30:00-04:00,39.59000015258789,39.650001525878906,39.4900016784668,39.5099983215332,4110301
2024-09-18 09:30:00-04:00,39.51499938964844,39.689998626708984,39.415000915527344,39.619998931884766,4333156
2024-09-18 10:30:00-04:00,39.650001525878906,39.650001525878906,39.45500183105469,39.51499938964844,4087638
2024-09-18 11:30:00-04:00,39.54499816894531,39.67499923706055,39.5099983215332,39.65999984741211,2772792
2024-09-18 12:30:00-04:00,39.724998474121094,39.73500061035156,39.540000915527344,39.54999923706055,2282244
2024-09-18 13:30:00-04:00,39.850101470947266,40.09000015258789,39.5099983215332,39.724998474121094,5977048
2024-09-18 14:30:00-04:00,39.94499969482422,40.119998931884766,39.64500045776367,39.859500885009766,7367976
2024-09-18 15:30:00-04:00,39.630001068115234,40.01499938964844,39.58000183105469,39.95000076293945,7846962
2024-09-19 09:30:00-04:00,40.6349983215332,40.650001525878906,40.0099983215332,40.040000915527344,8905032
2024-09-19 10:30:00-04:00,40.67499923706055,40.75,40.54999923706055,40.6349983215332,5153220
2024-09-19 11:30:00-04:00,40.60129928588867,40.68000030517578,40.5099983215332,40.67499923706055,3168097
2024-09-19 12:30:00-04:00,40.709999084472656,40.790000915527344,40.599998474121094,40.60919952392578,3799992
2024-09-19 13:30:00-04:00,40.845001220703125,40.88750076293945,40.709999084472656,40.71500015258789,4909219
2024-09-19 14:30:00-04:00,40.915000915527344,41.029998779296875,40.83000183105469,40.84389877319336,6957865
2024-09-19 15:30:00-04:00,40.88999938964844,41.04499816894531,40.869998931884766,40.915000915527344,9641702
2024-09-20 09:30:00-04:00,40.459999084472656,40.72999954223633,40.375,40.619998931884766,13344540
2024-09-20 10:30:00-04:00,40.45000076293945,40.59000015258789,40.43000030517578,40.45500183105469,5036179
2024-09-20 11:30:00-04:00,40.36000061035156,40.4900016784668,40.29999923706055,40.45000076293945,4640469
2024-09-20 12:30:00-04:00,40.35499954223633,40.439998626708984,40.32500076293945,40.349998474121094,2680466
2024-09-20 13:30:00-04:00,40.28499984741211,40.439998626708984,40.279998779296875,40.36000061035156,2126907
2024-09-20 14:30:00-04:00,40.45500183105469,40.47999954223633,40.2400016784668,40.279998779296875,3116962
2024-09-20 15:30:00-04:00,40.279998779296875,40.494998931884766,40.27000045776367,40.45500183105469,8668769
2024-09-23 09:30:00-04:00,40.29499816894531,40.439998626708984,40.15999984741211,40.209999084472656,4932085
2024-09-23 10:30:00-04:00,39.90999984741211,40.29999923706055,39.88999938964844,40.29499816894531,3493087
2024-09-23 11:30:00-04:00,39.77009963989258,39.91619873046875,39.77000045776367,39.904998779296875,2588875
2024-09-23 12:30:00-04:00,39.869998931884766,39.88600158691406,39.75,39.775001525878906,2360528
2024-09-23 13:30:00-04:00,39.91999816894531,39.93000030517578,39.849998474121094,39.8650016784668,2285325
2024-09-23 14:30:00-04:00,39.904998779296875,39.93000030517578,39.84299850463867,39.91999816894531,2079189
2024-09-23 15:30:00-04:00,39.869998931884766,39.959999084472656,39.869998931884766,39.904998779296875,4174913
2024-09-24 09:30:00-04:00,39.685001373291016,39.97999954223633,39.65999984741211,39.849998474121094,4418507
2024-09-24 10:30:00-04:00,39.460601806640625,39.709999084472656,39.45000076293945,39.685001373291016,3053875
2024-09-24 11:30:00-04:00,39.275001525878906,39.4900016784668,39.25,39.46500015258789,3014802
2024-09-24 12:30:00-04:00,39.41999816894531,39.48500061035156,39.2599983215332,39.275001525878906,1552686
2024-09-24 13:30:00-04:00,39.505001068115234,39.52000045776367,39.412899017333984,39.415000915527344,2293360
2024-09-24 14:30:00-04:00,39.505001068115234,39.540000915527344,39.435001373291016,39.505001068115234,2249101
2024-09-24 15:30:00-04:00,39.46500015258789,39.56999969482422,39.45000076293945,39.505001068115234,4721713
2024-09-25 09:30:00-04:00,39.005001068115234,39.40999984741211,38.9900016784668,39.25,3639749
2024-09-25 10:30:00-04:00,38.97999954223633,39.13999938964844,38.959999084472656,39.005001068115234,3899774
2024-09-25 11:30:00-04:00,39.244998931884766,39.35499954223633,38.939998626708984,38.97999954223633,6076892
2024-09-25 12:30:00-04:00,39.20000076293945,39.27000045776367,39.18389892578125,39.244998931884766,1553583
2024-09-25 13:30:00-04:00,39.339900970458984,39.349998474121094,39.124000549316406,39.194000244140625,2123846
2024-09-25 14:30:00-04:00,39.28499984741211,39.349998474121094,39.25,39.334999084472656,2449657
2024-09-25 15:30:00-04:00,39.26499938964844,39.28499984741211,39.20500183105469,39.28499984741211,3035865
2024-09-26 09:30:00-04:00,39.29999923706055,39.48500061035156,39.11000061035156,39.38999938964844,8509745
2024-09-26 10:30:00-04:00,39.27399826049805,39.41999816894531,39.15999984741211,39.29499816894531,5066663
2024-09-26 11:30:00-04:00,39.435001373291016,39.459999084472656,39.24399948120117,39.275001525878906,3046477
2024-09-26 12:30:00-04:00,39.58000183105469,39.58000183105469,39.38999938964844,39.435001373291016,3442789
2024-09-26 13:30:00-04:00,39.599998474121094,39.71500015258789,39.57400131225586,39.57400131225586,3079848
2024-09-26 14:30:00-04:00,39.59000015258789,39.63999938964844,39.50400161743164,39.595001220703125,2642184
2024-09-26 15:30:00-04:00,39.5099983215332,39.650001525878906,39.5,39.595001220703125,5196155
2024-09-27 09:30:00-04:00,39.67499923706055,39.86000061035156,39.380001068115234,39.650001525878906,5651392
2024-09-27 10:30:00-04:00,39.81999969482422,39.869998931884766,39.62009811401367,39.68000030517578,2876230
2024-09-27 11:30:00-04:00,39.630001068115234,39.84000015258789,39.59000015258789,39.82500076293945,2311953
2024-09-27 12:30:00-04:00,39.55870056152344,39.63999938964844,39.525001525878906,39.630001068115234,1650051
2024-09-27 13:30:00-04:00,39.5099983215332,39.6349983215332,39.4901008605957,39.559898376464844,2185840
2024-09-27 14:30:00-04:00,39.494998931884766,39.56610107421875,39.43000030517578,39.5099983215332,1979693
2024-09-27 15:30:00-04:00,39.38999938964844,39.5099983215332,39.35200119018555,39.494998931884766,3867572
2024-09-30 09:30:00-04:00,39.56999969482422,39.59000015258789,39.02000045776367,39.29499816894531,6177334
2024-09-30 10:30:00-04:00,39.64500045776367,39.7400016784668,39.56999969482422,39.58000183105469,2873948
2024-09-30 11:30:00-04:00,39.73500061035156,39.77000045776367,39.625,39.665000915527344,3448057
2024-09-30 12:30:00-04:00,39.609798431396484,39.73500061035156,39.54999923706055,39.73500061035156,2695265
2024-09-30 13:30:00-04:00,39.404998779296875,39.66999816894531,39.29499816894531,39.60499954223633,3097312
2024-09-30 14:30:00-04:00,39.563201904296875,39.584999084472656,39.349998474121094,39.404998779296875,3266495
2024-09-30 15:30:00-04:00,39.69499969482422,39.790000915527344,39.54999923706055,39.56999969482422,4857724
2024-10-01 09:30:00-04:00,39.040000915527344,39.560001373291016,38.939998626708984,39.5099983215332,5812620
2024-10-01 10:30:00-04:00,39.404998779296875,39.415000915527344,39.0099983215332,39.04999923706055,3262976
2024-10-01 11:30:00-04:00,39.505001068115234,39.52000045776367,39.38999938964844,39.400001525878906,2187754
2024-10-01 12:30:00-04:00,39.224998474121094,39.5359992980957,39.209999084472656,39.505001068115234,2277406
2024-10-01 13:30:00-04:00,39.439998626708984,39.505001068115234,39.20500183105469,39.220001220703125,2238709
2024-10-01 14:30:00-04:00,39.415000915527344,39.47999954223633,39.349998474121094,39.435001373291016,1979901
2024-10-01 15:30:00-04:00,39.22999954223633,39.40999984741211,39.18000030517578,39.40999984741211,2911875
2024-10-02 09:30:00-04:00,39.2599983215332,39.540000915527344,39.04999923706055,39.25,5297431
2024-10-02 10:30:00-04:00,39.29010009765625,39.369998931884766,39.18000030517578,39.26499938964844,3639421
2024-10-02 11:30:00-04:00,39.19499969482422,39.33000183105469,39.130001068115234,39.29999923706055,2104517
2024-10-02 12:30:00-04:00,39.099998474121094,39.19499969482422,39.09000015258789,39.19499969482422,1761143
2024-10-02 13:30:00-04:00,39.14500045776367,39.189998626708984,39.04499816894531,39.099998474121094,1515661
2024-10-02 14:30:00-04:00,39.095001220703125,39.189998626708984,39.08000183105469,39.14500045776367,1998383
2024-10-02 15:30:00-04:00,39.22999954223633,39.22999954223633,39.06999969482422,39.09000015258789,3384323
2024-10-03 09:30:00-04:00,38.93220138549805,39.11000061035156,38.724998474121094,38.97999954223633,4259095
2024-10-03 10:30:00-04:00,38.999000549316406,39.040000915527344,38.869998931884766,38.935001373291016,1810147
2024-10-03 11:30:00-04:00,39.20500183105469,39.23500061035156,38.970001220703125,38.9900016784668,1962349
2024-10-03 12:30:00-04:00,39.06990051269531,39.255001068115234,39.0099983215332,39.20000076293945,2323623
2024-10-03 13:30:00-04:00,39.224998474121094,39.255001068115234,39.060001373291016,39.064998626708984,2446242
2024-10-03 14:30:00-04:00,39.19499969482422,39.27000045776367,39.16999816894531,39.224998474121094,2533359
2024-10-03 15:30:00-04:00,39.244998931884766,39.2599983215332,39.13999938964844,39.189998626708984,3648471
2024-10-04 09:30:00-04:00,39.8849983215332,40.25,39.755001068115234,39.93000030517578,9125579
2024-10-04 10:30:00-04:00,39.71500015258789,39.939998626708984,39.6150016784668,39.875,2953506
2024-10-04 11:30:00-04:00,39.93000030517578,39.975101470947266,39.67499923706055,39.71500015258789,1921326
2024-10-04 12:30:00-04:00,40.066001892089844,40.09000015258789,39.90010070800781,39.93000030517578,2328162
2024-10-04 13:30:00-04:00,40.03499984741211,40.14500045776367,39.93000030517578,40.064998626708984,3454620
2024-10-04 14:30:00-04:00,40.119998931884766,40.13999938964844,39.959999084472656,40.03010177612305,2367336
2024-10-04 15:30:00-04:00,40.119998931884766,40.22999954223633,40.11000061035156,40.125,4943869
2024-10-07 09:30:00-04:00,40.27000045776367,40.435001373291016,40.10499954223633,40.209999084472656,5793881
2024-10-07 10:30:00-04:00,40.21500015258789,40.29999923706055,40.20000076293945,40.2599983215332,2686174
2024-10-07 11:30:00-04:00,40.08000183105469,40.220001220703125,39.9900016784668,40.220001220703125,2291990
2024-10-07 12:30:00-04:00,40.05500030517578,40.099998474121094,40.029998779296875,40.084999084472656,1450140
2024-10-07 13:30:00-04:00,39.935001373291016,40.060001373291016,39.90999984741211,40.05500030517578,1798511
2024-10-07 14:30:00-04:00,39.989898681640625,40.0,39.709999084472656,39.93000030517578,3125385
2024-10-07 15:30:00-04:00,39.959999084472656,40.09989929199219,39.91999816894531,39.9900016784668,3529222
2024-10-08 09:30:00-04:00,39.92499923706055,40.14500045776367,39.849998474121094,40.04999923706055,4336762
2024-10-08 10:30:00-04:00,39.994998931884766,40.06999969482422,39.80500030517578,39.91999816894531,4232773
2024-10-08 11:30:00-04:00,40.07500076293945,40.099998474121094,39.959999084472656,40.0,2420694
2024-10-08 12:30:00-04:00,40.06010055541992,40.09000015258789,40.02000045776367,40.07500076293945,1668245
2024-10-08 13:30:00-04:00,40.04499816894531,40.130001068115234,40.02450180053711,40.06999969482422,2137682
2024-10-08 14:30:00-04:00,40.095001220703125,40.130001068115234,40.04499816894531,40.049800872802734,1836623
2024-10-08 15:30:00-04:00,39.95000076293945,40.09000015258789,39.93000030517578,40.09000015258789,3928637
2024-10-09 09:30:00-04:00,39.90999984741211,40.09000015258789,39.720001220703125,39.869998931884766,4191718
2024-10-09 10:30:00-04:00,40.185001373291016,40.20000076293945,39.849998474121094,39.904998779296875,2945134
2024-10-09 11:30:00-04:00,40.21500015258789,40.3650016784668,40.18000030517578,40.185001373291016,2380610
2024-10-09 12:30:00-04:00,40.279998779296875,40.3849983215332,40.20000076293945,40.21500015258789,2602187
2024-10-09 13:30:00-04:00,40.095001220703125,40.310001373291016,39.95000076293945,40.279998779296875,4081775
2024-10-09 14:30:00-04:00,40.165000915527344,40.18000030517578,40.060001373291016,40.095001220703125,2677662
2024-10-09 15:30:00-04:00,40.17499923706055,40.25,40.14099884033203,40.165000915527344,4061053
2024-10-10 09:30:00-04:00,39.9900016784668,40.130001068115234,39.810001373291016,40.0099983215332,5509647
2024-10-10 10:30:00-04:00,39.8849983215332,40.04999923706055,39.81999969482422,39.98500061035156,2142439
2024-10-10 11:30:00-04:00,39.95500183105469,39.970001220703125,39.84000015258789,39.88999938964844,1743399
2024-10-10 12:30:00-04:00,39.85499954223633,39.970001220703125,39.77000045776367,39.95500183105469,2869845
2024-10-10 13:30:00-04:00,39.8650016784668,39.91749954223633,39.790000915527344,39.85499954223633,2037943
2024-10-10 14:30:00-04:00,39.834999084472656,39.90999984741211,39.810001373291016,39.86000061035156,2333531
2024-10-10 15:30:00-04:00,39.970001220703125,40.0,39.82500076293945,39.84000015258789,4310917
2024-10-11 09:30:00-04:00,41.8650016784668,42.09000015258789,40.400001525878906,40.5,18750309
2024-10-11 10:30:00-04:00,42.060001373291016,42.099998474121094,41.810001373291016,41.8650016784668,5466791
2024-10-11 11:30:00-04:00,41.92499923706055,42.16999816894531,41.904998779296875,42.06990051269531,4116155
2024-10-11 12:30:00-04:00,41.8650016784668,41.970001220703125,41.78499984741211,41.91999816894531,2564250
2024-10-11 13:30:00-04:00,41.98500061035156,42.060001373291016,41.84000015258789,41.8650016784668,3301280
2024-10-11 14:30:00-04:00,42.07229995727539,42.099998474121094,41.939998626708984,41.98500061035156,3508372
2024-10-11 15:30:00-04:00,41.95000076293945,42.09000015258789,41.939998626708984,42.07500076293945,5159419
2024-10-14 09:30:00-04:00,41.875,42.130001068115234,41.720001220703125,41.959999084472656,5810861
2024-10-14 10:30:00-04:00,42.0099983215332,42.060001373291016,41.875,41.875,3954571
2024-10-14 11:30:00-04:00,42.01499938964844,42.06999969482422,41.90999984741211,42.0099983215332,1774089
2024-10-14 12:30:00-04:00,42.10499954223633,42.179901123046875,42.0099983215332,42.0099983215332,2680538
2024-10-14 13:30:00-04:00,42.0099983215332,42.11000061035156,41.959999084472656,42.10499954223633,2112938
2024-10-14 14:30:00-04:00,41.9900016784668,42.01499938964844,41.939998626708984,42.01499938964844,3322936
2024-10-14 15:30:00-04:00,41.91999816894531,42.01499938964844,41.86000061035156,41.994998931884766,5338128
2024-10-15 09:30:00-04:00,42.470001220703125,43.36149978637695,42.349998474121094,43.224998474121094,16657314
2024-10-15 10:30:00-04:00,42.69499969482422,42.77000045776367,42.3849983215332,42.46500015258789,7344091
2024-10-15 11:30:00-04:00,42.90999984741211,42.959999084472656,42.619998931884766,42.70000076293945,5372989
2024-10-15 12:30:00-04:00,42.5,42.90999984741211,42.45000076293945,42.90999984741211,6873932
2024-10-15 13:30:00-04:00,42.435001373291016,42.52000045776367,42.33000183105469,42.50040054321289,4361006
2024-10-15 14:30:00-04:00,42.543800354003906,42.650001525878906,42.439998626708984,42.439998626708984,5676879
2024-10-15 15:30:00-04:00,42.13999938964844,42.560001373291016,42.04999923706055,42.54999923706055,8118756
2024-10-16 09:30:00-04:00,42.63999938964844,42.93000030517578,42.14500045776367,42.209999084472656,8611929
2024-10-16 10:30:00-04:00,42.595001220703125,42.79999923706055,42.56999969482422,42.63999938964844,4942852
2024-10-16 11:30:00-04:00,42.775001525878906,42.849998474121094,42.59000015258789,42.595001220703125,4601560
2024-10-16 12:30:00-04:00,42.94430160522461,42.959999084472656,42.720001220703125,42.775001525878906,3884467
2024-10-16 13:30:00-04:00,43.060001373291016,43.099998474121094,42.88999938964844,42.95000076293945,6954246
2024-10-16 14:30:00-04:00,42.874298095703125,43.064998626708984,42.84000015258789,43.060001373291016,3529378
2024-10-16 15:30:00-04:00,42.79999923706055,42.95000076293945,42.75,42.875,5547283
2024-10-17 09:30:00-04:00,42.7599983215332,43.0,42.46500015258789,42.83000183105469,6891933
2024-10-17 10:30:00-04:00,42.915000915527344,42.986000061035156,42.72999954223633,42.755001068115234,3350442
2024-10-17 11:30:00-04:00,42.835201263427734,42.959999084472656,42.77000045776367,42.915000915527344,2219520
2024-10-17 12:30:00-04:00,42.849998474121094,42.869998931884766,42.76499938964844,42.834999084472656,2176179
2024-10-17 13:30:00-04:00,42.834999084472656,42.95000076293945,42.779998779296875,42.849998474121094,2957576
2024-10-17 14:30:00-04:00,42.73500061035156,42.90999984741211,42.709999084472656,42.834999084472656,4132767
2024-10-17 15:30:00-04:00,42.599998474121094,42.810001373291016,42.59000015258789,42.73500061035156,5169883
2024-10-18 09:30:00-04:00,42.380001068115234,42.540000915527344,42.11000061035156,42.43000030517578,9129025
2024-10-18 10:30:00-04:00,42.334999084472656,42.415000915527344,42.255001068115234,42.375,3369002
2024-10-18 11:30:00-04:00,42.54499816894531,42.560001373291016,42.29999923706055,42.34000015258789,2348875
2024-10-18 12:30:00-04:00,42.45000076293945,42.64500045776367,42.44279861450195,42.54499816894531,2541681
2024-10-18 13:30:00-04:00,42.49300003051758,42.54999923706055,42.435001373291016,42.45500183105469,2037916
2024-10-18 14:30:00-04:00,42.3650016784668,42.505001068115234,42.36000061035156,42.494998931884766,2345832
2024-10-18 15:30:00-04:00,42.33000183105469,42.45000076293945,42.310001373291016,42.3650016784668,3940901
2024-10-21 09:30:00-04:00,42.095001220703125,42.40999984741211,42.09000015258789,42.25,4676136
2024-10-21 10:30:00-04:00,42.0099983215332,42.209999084472656,41.95000076293945,42.09600067138672,3591014
2024-10-21 11:30:00-04:00,41.902400970458984,42.060001373291016,41.880001068115234,42.01340103149414,2312582
2024-10-21 12:30:00-04:00,41.994998931884766,42.0099983215332,41.85499954223633,41.904998779296875,2178331
2024-10-21 13:30:00-04:00,41.85499954223633,42.0,41.810001373291016,41.994998931884766,2968626
2024-10-21 14:30:00-04:00,41.81999969482422,41.869998931884766,41.779998779296875,41.849998474121094,1631802
2024-10-21 15:30:00-04:00,41.7599983215332,41.82680130004883,41.7400016784668,41.82500076293945,4151059
2024-10-22 09:30:00-04:00,41.75,41.970001220703125,41.56999969482422,41.650001525878906,7948266
2024-10-22 10:30:00-04:00,42.28499984741211,42.314998626708984,41.7400016784668,41.75,6342425
2024-10-22 11:30:00-04:00,42.290000915527344,42.3650016784668,42.189998626708984,42.290000915527344,2346625
2024-10-22 12:30:00-04:00,42.1349983215332,42.310001373291016,42.11000061035156,42.28990173339844,1970826
2024-10-22 13:30:00-04:00,42.185001373291016,42.22999954223633,42.119998931884766,42.13999938964844,1767144
2024-10-22 14:30:00-04:00,42.279998779296875,42.29999923706055,42.154998779296875,42.185001373291016,2825659
2024-10-22 15:30:00-04:00,42.290000915527344,42.404998779296875,42.279998779296875,42.290000915527344,5351283
2024-10-23 09:30:00-04:00,42.375,42.400001525878906,42.02000045776367,42.20000076293945,5881402
2024-10-23 10:30:00-04:00,42.31999969482422,42.470001220703125,42.25,42.375,3161343
2024-10-23 11:30:00-04:00,42.39550018310547,42.439998626708984,42.29999923706055,42.31999969482422,2976047
2024-10-23 12:30:00-04:00,42.255001068115234,42.459999084472656,42.2400016784668,42.39500045776367,2346853
2024-10-23 13:30:00-04:00,42.08000183105469,42.2599983215332,42.03499984741211,42.25,3058004
2024-10-23 14:30:00-04:00,42.30500030517578,42.34619903564453,42.08000183105469,42.089900970458984,2839183
2024-10-23 15:30:00-04:00,42.34000015258789,42.35499954223633,42.260101318359375,42.29999923706055,3610801
2024-10-24 09:30:00-04:00,42.20000076293945,42.56999969482422,42.06999969482422,42.47999954223633,5251238
2024-10-24 10:30:00-04:00,42.17499923706055,42.33599853515625,42.150001525878906,42.20000076293945,2883515
2024-10-24 11:30:00-04:00,42.1150016784668,42.18000030517578,41.970001220703125,42.17499923706055,2445861
2024-10-24 12:30:00-04:00,42.34000015258789,42.349998474121094,42.099998474121094,42.1150016784668,1955473
2024-10-24 13:30:00-04:00,42.345001220703125,42.38999938964844,42.220001220703125,42.33000183105469,2967325
2024-10-24 14:30:00-04:00,42.53350067138672,42.560001373291016,42.33000183105469,42.34000015258789,2864236
2024-10-24 15:30:00-04:00,42.63999938964844,42.65999984741211,42.529998779296875,42.53499984741211,4573888
2024-10-25 09:30:00-04:00,42.595001220703125,42.97999954223633,42.38999938964844,42.91999816894531,4045667
2024-10-25 10:30:00-04:00,42.16999816894531,42.619998931884766,42.150001525878906,42.595001220703125,3071889
2024-10-25 11:30:00-04:00,42.130001068115234,42.275001525878906,42.0099983215332,42.16999816894531,3555858
2024-10-25 12:30:00-04:00,41.93600082397461,42.13999938964844,41.900001525878906,42.138999938964844,1797649
2024-10-25 13:30:00-04:00,41.8849983215332,41.94499969482422,41.78499984741211,41.93000030517578,2502739
2024-10-25 14:30:00-04:00,41.92499923706055,41.974998474121094,41.85499954223633,41.880001068115234,2265336
2024-10-25 15:30:00-04:00,41.880001068115234,41.92499923706055,41.814998626708984,41.91999816894531,3754058
2024-10-28 09:30:00-04:00,42.349998474121094,42.369998931884766,42.005001068115234,42.06999969482422,4436780
2024-10-28 10:30:00-04:00,42.459999084472656,42.5,42.27000045776367,42.35499954223633,2466365
2024-10-28 11:30:00-04:00,42.494998931884766,42.5,42.36000061035156,42.470001220703125,1928458
2024-10-28 12:30:00-04:00,42.5099983215332,42.54999923706055,42.46500015258789,42.49530029296875,2109766
2024-10-28 13:30:00-04:00,42.564998626708984,42.56999969482422,42.43000030517578,42.51499938964844,1866414
2024-10-28 14:30:00-04:00,42.64500045776367,42.68000030517578,42.53499984741211,42.564998626708984,2512926
2024-10-28 15:30:00-04:00,42.630001068115234,42.744998931884766,42.61000061035156,42.64619827270508,3602385
2024-10-29 09:30:00-04:00,42.70000076293945,42.810001373291016,42.51499938964844,42.59000015258789,4090292
2024-10-29 10:30:00-04:00,42.584999084472656,42.73500061035156,42.5,42.69499969482422,2250019
2024-10-29 11:30:00-04:00,42.599998474121094,42.7400016784668,42.54999923706055,42.584999084472656,2018466
2024-10-29 12:30:00-04:00,42.57500076293945,42.68000030517578,42.54499816894531,42.60499954223633,1767596
2024-10-29 13:30:00-04:00,42.494998931884766,42.59000015258789,42.470001220703125,42.57500076293945,2353381
2024-10-29 14:30:00-04:00,42.55500030517578,42.599998474121094,42.4901008605957,42.5,1998516
2024-10-29 15:30:00-04:00,42.529998779296875,42.599998474121094,42.5,42.55500030517578,3234408
2024-10-30 09:30:00-04:00,42.720001220703125,42.900001525878906,41.63999938964844,41.709999084472656,12704356
2024-10-30 10:30:00-04:00,42.65380096435547,42.720001220703125,42.36000061035156,42.71500015258789,4646450
2024-10-30 11:30:00-04:00,42.685001373291016,42.75,42.619998931884766,42.65999984741211,2567113
2024-10-30 12:30:00-04:00,42.529998779296875,42.689998626708984,42.52000045776367,42.685001373291016,2170480
2024-10-30 13:30:00-04:00,42.404998779296875,42.529998779296875,42.390098571777344,42.529998779296875,2609372
2024-10-30 14:30:00-04:00,42.33000183105469,42.40999984741211,42.275001525878906,42.404998779296875,2608329
2024-10-30 15:30:00-04:00,42.33000183105469,42.439998626708984,42.25,42.33000183105469,4097783
2024-10-31 09:30:00-04:00,42.179100036621094,42.54999923706055,42.13999938964844,42.290000915527344,3881660
2024-10-31 10:30:00-04:00,41.92250061035156,42.209999084472656,41.880001068115234,42.16999816894531,3882857
2024-10-31 11:30:00-04:00,42.10499954223633,42.1150016784668,41.869998931884766,41.92499923706055,2700425
2024-10-31 12:30:00-04:00,41.994998931884766,42.119998931884766,41.9900016784668,42.099998474121094,1761009
2024-10-31 13:30:00-04:00,41.94499969482422,41.994998931884766,41.849998474121094,41.994998931884766,2014325
2024-10-31 14:30:00-04:00,42.02000045776367,42.02000045776367,41.88999938964844,41.94499969482422,2763842
2024-10-31 15:30:00-04:00,41.81999969482422,42.04999923706055,41.79999923706055,42.01499938964844,4277868
2024-11-01 09:30:00-04:00,42.41270065307617,42.41999816894531,41.95000076293945,42.150001525878906,4097573
2024-11-01 10:30:00-04:00,42.26499938964844,42.43000030517578,42.15999984741211,42.415000915527344,2824682
2024-11-01 11:30:00-04:00,42.02000045776367,42.27000045776367,42.0099983215332,42.26499938964844,2106013
2024-11-01 12:30:00-04:00,42.08000183105469,42.119998931884766,41.91999816894531,42.02989959716797,2576880
2024-11-01 13:30:00-04:00,41.97010040283203,42.084999084472656,41.79999923706055,42.084999084472656,2759282
2024-11-01 14:30:00-04:00,41.95500183105469,42.06990051269531,41.904998779296875,41.974998474121094,5272449
2024-11-01 15:30:00-04:00,41.77000045776367,41.974998474121094,41.75,41.95000076293945,4648896
2024-11-04 09:30:00-05:00,41.599998474121094,42.02000045776367,41.45500183105469,41.61000061035156,7479123
2024-11-04 10:30:00-05:00,41.45500183105469,41.68000030517578,41.43000030517578,41.608299255371094,3667018
2024-11-04 11:30:00-05:00,41.375,41.45500183105469,41.11000061035156,41.45500183105469,4137202
2024-11-04 12:30:00-05:00,41.345001220703125,41.48500061035156,41.29499816894531,41.380001068115234,2146751
2024-11-04 13:30:00-05:00,41.320098876953125,41.400001525878906,41.31999969482422,41.345001220703125,1797829
2024-11-04 14:30:00-05:00,41.349998474121094,41.36000061035156,41.28110122680664,41.31999969482422,3380317
2024-11-04 15:30:00-05:00,41.33000183105469,41.3849983215332,41.244998931884766,41.34000015258789,4272532
2024-11-05 09:30:00-05:00,41.86000061035156,41.92499923706055,41.375,41.5099983215332,2930987
2024-11-05 10:30:00-05:00,41.78010177612305,41.994998931884766,41.731998443603516,41.849998474121094,2159089
2024-11-05 11:30:00-05:00,41.709999084472656,41.84000015258789,41.709999084472656,41.78499984741211,2196291
2024-11-05 12:30:00-05:00,41.770999908447266,41.869998931884766,41.70000076293945,41.71500015258789,2213916
2024-11-05 13:30:00-05:00,41.72999954223633,41.810001373291016,41.65999984741211,41.770999908447266,2271614
2024-11-05 14:30:00-05:00,41.654998779296875,41.79999923706055,41.619998931884766,41.72999954223633,2878806
2024-11-05 15:30:00-05:00,41.88999938964844,42.0099983215332,41.63010025024414,41.650001525878906,6581381
2024-11-06 09:30:00-05:00,44.630001068115234,45.459999084472656,44.0,45.0,33481392
2024-11-06 10:30:00-05:00,45.064998626708984,45.119998931884766,44.54999923706055,44.630001068115234,12607898
2024-11-06 11:30:00-05:00,45.3650016784668,45.369998931884766,44.96500015258789,45.064998626708984,8358650
2024-11-06 12:30:00-05:00,45.39500045776367,45.54999923706055,45.33000183105469,45.3650016784668,7154908
2024-11-06 13:30:00-05:00,45.19499969482422,45.45000076293945,45.11000061035156,45.39500045776367,8027723
2024-11-06 14:30:00-05:00,45.21500015258789,45.34000015258789,45.130001068115234,45.19499969482422,9780852
2024-11-06 15:30:00-05:00,45.38999938964844,45.540000915527344,45.209999084472656,45.220001220703125,16339200
2024-11-07 09:30:00-05:00,45.1150016784668,45.20000076293945,44.775001525878906,45.040000915527344,11249732
2024-11-07 10:30:00-05:00,44.8650016784668,45.22999954223633,44.724998474121094,45.11000061035156,5770203
2024-11-07 11:30:00-05:00,44.73500061035156,44.93000030517578,44.70500183105469,44.86000061035156,3575836
2024-11-07 12:30:00-05:00,44.755001068115234,44.790000915527344,44.68000030517578,44.73749923706055,2556761
2024-11-07 13:30:00-05:00,44.724998474121094,44.845001220703125,44.650001525878906,44.755001068115234,3637909
2024-11-07 14:30:00-05:00,44.84450149536133,44.970001220703125,44.505001068115234,44.724998474121094,5857219
2024-11-07 15:30:00-05:00,44.779998779296875,44.900001525878906,44.755001068115234,44.845001220703125,6984126
2024-11-08 09:30:00-05:00,45.32849884033203,45.5,44.9900016784668,45.13999938964844,9192968
2024-11-08 10:30:00-05:00,45.27000045776367,45.369998931884766,45.18000030517578,45.32500076293945,4344226
2024-11-08 11:30:00-05:00,45.064998626708984,45.279998779296875,44.94499969482422,45.27000045776367,3459711
2024-11-08 12:30:00-05:00,45.084999084472656,45.26499938964844,45.060001373291016,45.064998626708984,3048649
2024-11-08 13:30:00-05:00,45.275001525878906,45.32500076293945,45.04999923706055,45.084999084472656,3405902
2024-11-08 14:30:00-05:00,45.255001068115234,45.39500045776367,45.189998626708984,45.27000045776367,3899679
2024-11-08 15:30:00-05:00,45.13999938964844,45.256099700927734,45.08000183105469,45.255001068115234,4589407
2024-11-11 09:30:00-05:00,46.32500076293945,46.380001068115234,45.599998474121094,45.599998474121094,9789424
2024-11-11 10:30:00-05:00,46.16999816894531,46.380001068115234,46.11000061035156,46.320098876953125,4001172
2024-11-11 11:30:00-05:00,46.43000030517578,46.51750183105469,46.15999984741211,46.16999816894531,6353158
2024-11-11 12:30:00-05:00,46.169898986816406,46.47999954223633,46.119998931884766,46.42499923706055,3116782
2024-11-11 13:30:00-05:00,46.19499969482422,46.2400016784668,46.119998931884766,46.16999816894531,2786153
2024-11-11 14:30:00-05:00,46.125,46.244998931884766,46.119998931884766,46.19499969482422,2536080
2024-11-11 15:30:00-05:00,46.099998474121094,46.18000030517578,46.06999969482422,46.125,5665650
2024-11-12 09:30:00-05:00,46.26499938964844,46.45000076293945,46.060001373291016,46.13999938964844,6356124
2024-11-12 10:30:00-05:00,46.1505012512207,46.31999969482422,46.1349983215332,46.2599983215332,4134351
2024-11-12 11:30:00-05:00,46.185001373291016,46.2400016784668,46.119998931884766,46.154998779296875,5122306
2024-11-12 12:30:00-05:00,45.935001373291016,46.220001220703125,45.900001525878906,46.185001373291016,3635370
2024-11-12 13:30:00-05:00,46.06010055541992,46.119998931884766,45.91999816894531,45.935001373291016,3650399
2024-11-12 14:30:00-05:00,45.92499923706055,46.119998931884766,45.900001525878906,46.060001373291016,4203055
2024-11-12 15:30:00-05:00,45.880001068115234,45.994998931884766,45.84000015258789,45.92499923706055,4487847
2024-11-13 09:30:00-05:00,46.13999938964844,46.22999954223633,45.939998626708984,46.20000076293945,8004229
2024-11-13 10:30:00-05:00,46.36000061035156,46.36000061035156,46.119998931884766,46.1349983215332,4123621
2024-11-13 11:30:00-05:00,46.2599983215332,46.47999954223633,46.22999954223633,46.3650016784668,4280235
2024-11-13 12:30:00-05:00,46.0,46.2599983215332,45.95500183105469,46.25,2489879
2024-11-13 13:30:00-05:00,45.935001373291016,46.11000061035156,45.91999816894531,46.0,2144628
2024-11-13 14:30:00-05:00,45.95500183105469,45.9900016784668,45.83000183105469,45.93000030517578,2113463
2024-11-13 15:30:00-05:00,45.869998931884766,46.02000045776367,45.849998474121094,45.95500183105469,4189042
2024-11-14 09:30:00-05:00,46.029998779296875,46.154998779296875,45.900001525878906,45.95000076293945,4979656
2024-11-14 10:30:00-05:00,46.040000915527344,46.13999938964844,45.98500061035156,46.029998779296875,3410918
2024-11-14 11:30:00-05:00,45.845001220703125,46.10499954223633,45.80500030517578,46.04690170288086,5482104
2024-11-14 12:30:00-05:00,45.845001220703125,45.970001220703125,45.72999954223633,45.849998474121094,3032704
2024-11-14 13:30:00-05:00,45.970001220703125,45.994998931884766,45.755001068115234,45.845001220703125,3147341
2024-11-14 14:30:00-05:00,46.07500076293945,46.099998474121094,45.83000183105469,45.970001220703125,2808024
2024-11-14 15:30:00-05:00,45.90999984741211,46.084999084472656,45.86000061035156,46.06999969482422,5019845
2024-11-15 09:30:00-05:00,46.26499938964844,46.380001068115234,45.619998931884766,45.619998931884766,7111823
2024-11-15 10:30:00-05:00,46.37990188598633,46.41999816894531,46.15999984741211,46.26499938964844,4195453
2024-11-15 11:30:00-05:00,46.28499984741211,46.470001220703125,46.2400016784668,46.375,3411141
2024-11-15 12:30:00-05:00,46.46500015258789,46.5099983215332,46.22999954223633,46.28499984741211,3703479
2024-11-15 13:30:00-05:00,46.48500061035156,46.5,46.27000045776367,46.46500015258789,3288028
2024-11-15 14:30:00-05:00,46.654998779296875,46.72999954223633,46.470001220703125,46.48500061035156,4171172
2024-11-15 15:30:00-05:00,46.75,46.84000015258789,46.63999938964844,46.654998779296875,4810206
2024-11-18 09:30:00-05:00,46.724998474121094,46.880001068115234,46.48500061035156,46.75,7673832
2024-11-18 10:30:00-05:00,46.904998779296875,46.935001373291016,46.70000076293945,46.724998474121094,3124217
2024-11-18 11:30:00-05:00,46.82500076293945,47.02000045776367,46.79999923706055,46.90999984741211,3219963
2024-11-18 12:30:00-05:00,46.78499984741211,46.95500183105469,46.76499938964844,46.81999969482422,1812675
2024-11-18 13:30:00-05:00,46.7400016784668,46.81999969482422,46.689998626708984,46.78499984741211,2450560
2024-11-18 14:30:00-05:00,46.834999084472656,46.849998474121094,46.665000915527344,46.744998931884766,2278785
2024-11-18 15:30:00-05:00,46.720001220703125,46.84000015258789,46.650001525878906,46.83000183105469,3756182
2024-11-19 09:30:00-05:00,46.420101165771484,46.5099983215332,45.95000076293945,45.9900016784668,4843131
2024-11-19 10:30:00-05:00,46.584999084472656,46.6150016784668,46.38999938964844,46.42499923706055,4291946
2024-11-19 11:30:00-05:00,46.45000076293945,46.580101013183594,46.404998779296875,46.58000183105469,2216716
2024-11-19 12:30:00-05:00,46.41310119628906,46.540000915527344,46.404998779296875,46.44499969482422,1634825
2024-11-19 13:30:00-05:00,46.400001525878906,46.54999923706055,46.369998931884766,46.41999816894531,1927364
2024-11-19 14:30:00-05:00,46.39500045776367,46.43000030517578,46.29999923706055,46.39469909667969,2591203
2024-11-19 15:30:00-05:00,46.400001525878906,46.439998626708984,46.33000183105469,46.39500045776367,3487644
2024-11-20 09:30:00-05:00,46.185001373291016,46.63999938964844,45.97999954223633,46.56999969482422,4735229
2024-11-20 10:30:00-05:00,46.125,46.29999923706055,46.11000061035156,46.189998626708984,2761201
2024-11-20 11:30:00-05:00,45.97999954223633,46.18000030517578,45.91999816894531,46.11970138549805,2916769
2024-11-20 12:30:00-05:00,46.07500076293945,46.11000061035156,45.96500015258789,45.9900016784668,2436553
2024-11-20 13:30:00-05:00,46.08000183105469,46.099998474121094,45.95000076293945,46.07500076293945,2009237
2024-11-20 14:30:00-05:00,46.05500030517578,46.150001525878906,46.04999923706055,46.084999084472656,2328446
2024-11-20 15:30:00-05:00,46.04999923706055,46.185001373291016,45.97999954223633,46.060001373291016,5132847
2024-11-21 09:30:00-05:00,46.68000030517578,46.88999938964844,46.29999923706055,46.38999938964844,10939692
2024-11-21 10:30:00-05:00,46.904998779296875,46.970001220703125,46.619998931884766,46.68000030517578,4653851
2024-11-21 11:30:00-05:00,46.720001220703125,47.04999923706055,46.654998779296875,46.904998779296875,3892866
2024-11-21 12:30:00-05:00,46.790000915527344,47.0,46.720001220703125,46.72999954223633,3694347
2024-11-21 13:30:00-05:00,46.84000015258789,46.880001068115234,46.73500061035156,46.79499816894531,3999906
2024-11-21 14:30:00-05:00,46.70249938964844,46.845001220703125,46.650001525878906,46.84000015258789,3575896
2024-11-21 15:30:00-05:00,46.45000076293945,46.72999954223633,46.40999984741211,46.709999084472656,5775269
2024-11-22 09:30:00-05:00,46.84000015258789,46.880001068115234,46.279998779296875,46.369998931884766,7684344
2024-11-22 10:30:00-05:00,47.03350067138672,47.12990188598633,46.84000015258789,46.849998474121094,5216743
2024-11-22 11:30:00-05:00,47.189998626708984,47.220001220703125,47.0099983215332,47.03499984741211,4147412
2024-11-22 12:30:00-05:00,46.9900016784668,47.185001373291016,46.904998779296875,47.185001373291016,2929392
2024-11-22 13:30:00-05:00,46.96950149536133,47.029998779296875,46.845001220703125,46.994998931884766,2720182
2024-11-22 14:30:00-05:00,46.8849983215332,47.0,46.849998474121094,46.96500015258789,2620294
2024-11-22 15:30:00-05:00,47.0,47.060001373291016,46.849998474121094,46.8849983215332,4363136
2024-11-25 09:30:00-05:00,47.439998626708984,47.4900016784668,47.15999984741211,47.2599983215332,5471589
2024-11-25 10:30:00-05:00,47.400001525878906,47.54990005493164,47.224998474121094,47.44499969482422,3991486
2024-11-25 11:30:00-05:00,47.45130157470703,47.4900016784668,47.310001373291016,47.404998779296875,3487330
2024-11-25 12:30:00-05:00,47.649898529052734,47.650001525878906,47.404998779296875,47.459999084472656,2415198
2024-11-25 13:30:00-05:00,47.61000061035156,47.689998626708984,47.58000183105469,47.64500045776367,3042992
2024-11-25 14:30:00-05:00,47.67319869995117,47.70000076293945,47.529998779296875,47.60499954223633,5703074
2024-11-25 15:30:00-05:00,47.51129913330078,47.7400016784668,47.474998474121094,47.66999816894531,6444512
2024-11-26 09:30:00-05:00,47.41999816894531,47.56999969482422,47.209999084472656,47.505001068115234,5224573
2024-11-26 10:30:00-05:00,47.54999923706055,47.560001373291016,47.34000015258789,47.41999816894531,2047525
2024-11-26 11:30:00-05:00,47.54499816894531,47.58000183105469,47.400001525878906,47.55500030517578,2306161
2024-11-26 12:30:00-05:00,47.66999816894531,47.709999084472656,47.540000915527344,47.540000915527344,2287009
2024-11-26 13:30:00-05:00,47.744998931884766,47.75,47.61000061035156,47.679901123046875,2054253
2024-11-26 14:30:00-05:00,47.72999954223633,47.84000015258789,47.720001220703125,47.744998931884766,3311896
2024-11-26 15:30:00-05:00,47.72999954223633,47.79999923706055,47.689998626708984,47.724998474121094,4096346
2024-11-27 09:30:00-05:00,47.87910079956055,47.97999954223633,47.70000076293945,47.81999969482422,4412872
2024-11-27 10:30:00-05:00,47.810001373291016,47.900001525878906,47.810001373291016,47.87990188598633,2613096
2024-11-27 11:30:00-05:00,47.73500061035156,47.900001525878906,47.650001525878906,47.810001373291016,2530921
2024-11-27 12:30:00-05:00,47.79999923706055,47.81999969482422,47.720001220703125,47.72999954223633,2029435
2024-11-27 13:30:00-05:00,47.73500061035156,47.81999969482422,47.720001220703125,47.790000915527344,1784920
2024-11-27 14:30:00-05:00,47.724998474121094,47.75,47.654998779296875,47.735801696777344,1719316
2024-11-27 15:30:00-05:00,47.7599983215332,47.775001525878906,47.66999816894531,47.72760009765625,2144404
2024-11-29 09:30:00-05:00,47.86000061035156,48.08000183105469,47.70500183105469,47.79999923706055,4582876
2024-11-29 10:30:00-05:00,47.845001220703125,47.93000030517578,47.77000045776367,47.8650016784668,2974527
2024-11-29 11:30:00-05:00,47.779998779296875,47.869998931884766,47.779998779296875,47.84000015258789,3343414
2024-12-02 09:30:00-05:00,47.1708984375,47.81999969482422,47.13999938964844,47.7400016784668,6176956
2024-12-02 10:30:00-05:00,47.11000061035156,47.224998474121094,46.849998474121094,47.16999816894531,3596022
2024-12-02 11:30:00-05:00,47.0099983215332,47.18989944458008,47.0099983215332,47.10499954223633,3399523
2024-12-02 12:30:00-05:00,47.314998626708984,47.31999969482422,47.0,47.0099983215332,2742235
2024-12-02 13:30:00-05:00,47.23210144042969,47.33000183105469,47.15999984741211,47.314998626708984,2252326
2024-12-02 14:30:00-05:00,47.18000030517578,47.279998779296875,47.150001525878906,47.22999954223633,3203203
2024-12-02 15:30:00-05:00,47.029998779296875,47.20000076293945,46.9900016784668,47.16999816894531,5782454
2024-12-03 09:30:00-05:00,46.849998474121094,47.47779846191406,46.84000015258789,47.369998931884766,8990792
2024-12-03 10:30:00-05:00,46.71500015258789,46.88990020751953,46.65999984741211,46.84149932861328,2725582
2024-12-03 11:30:00-05:00,46.86000061035156,46.93000030517578,46.650001525878906,46.709999084472656,2060056
2024-12-03 12:30:00-05:00,46.95500183105469,47.0099983215332,46.84000015258789,46.8650016784668,2556892
2024-12-03 13:30:00-05:00,46.90999984741211,46.959999084472656,46.86000061035156,46.95500183105469,2316031
2024-12-03 14:30:00-05:00,46.814998626708984,46.935001373291016,46.77000045776367,46.915000915527344,2447923
2024-12-03 15:30:00-05:00,46.79999923706055,46.849998474121094,46.70000076293945,46.810001373291016,5740553
2024-12-04 09:30:00-05:00,46.26499938964844,46.779998779296875,46.20500183105469,46.689998626708984,4325454
2024-12-04 10:30:00-05:00,46.185001373291016,46.31999969482422,46.130001068115234,46.26499938964844,2873109
2024-12-04 11:30:00-05:00,46.185001373291016,46.34000015258789,46.150001525878906,46.189998626708984,2182500
2024-12-04 12:30:00-05:00,46.275001525878906,46.359901428222656,46.18000030517578,46.18000030517578,2075429
2024-12-04 13:30:00-05:00,46.334999084472656,46.35300064086914,46.19409942626953,46.27000045776367,2002049
2024-12-04 14:30:00-05:00,46.4552001953125,46.48500061035156,46.31999969482422,46.334999084472656,2087930
2024-12-04 15:30:00-05:00,46.369998931884766,46.47999954223633,46.33000183105469,46.45500183105469,3018990
2024-12-05 09:30:00-05:00,46.97999954223633,47.08000183105469,46.5,46.560001373291016,4820363
2024-12-05 10:30:00-05:00,47.224998474121094,47.2400016784668,46.970001220703125,46.97999954223633,3864076
2024-12-05 11:30:00-05:00,47.04999923706055,47.22999954223633,47.02000045776367,47.224998474121094,2095097
2024-12-05 12:30:00-05:00,47.07500076293945,47.130001068115234,46.97999954223633,47.04999923706055,1629725
2024-12-05 13:30:00-05:00,47.130001068115234,47.189998626708984,47.029998779296875,47.070098876953125,1815694
2024-12-05 14:30:00-05:00,47.130001068115234,47.220001220703125,47.06999969482422,47.130001068115234,2644424
2024-12-05 15:30:00-05:00,46.9900016784668,47.16999816894531,46.959999084472656,47.125,4331991
2024-12-06 09:30:00-05:00,46.52870178222656,47.060001373291016,46.400001525878906,47.060001373291016,4569688
2024-12-06 10:30:00-05:00,46.584999084472656,46.720001220703125,46.42499923706055,46.525001525878906,3008355
2024-12-06 11:30:00-05:00,46.56999969482422,46.66999816894531,46.54999923706055,46.589900970458984,1818895
2024-12-06 12:30:00-05:00,46.561500549316406,46.68000030517578,46.529998779296875,46.57500076293945,2214508
2024-12-06 13:30:00-05:00,46.564998626708984,46.64500045776367,46.4900016784668,46.560001373291016,1942513
2024-12-06 14:30:00-05:00,46.630001068115234,46.630001068115234,46.53499984741211,46.560001373291016,2534803
2024-12-06 15:30:00-05:00,46.724998474121094,46.810001373291016,46.599998474121094,46.625,3968648
2024-12-09 09:30:00-05:00,46.45500183105469,46.744998931884766,46.38999938964844,46.560001373291016,4797990
2024-12-09 10:30:00-05:00,46.209999084472656,46.5,46.095001220703125,46.45500183105469,3284965
2024-12-09 11:30:00-05:00,46.21500015258789,46.380001068115234,46.150001525878906,46.209999084472656,2546855
2024-12-09 12:30:00-05:00,46.18000030517578,46.290000915527344,46.17499923706055,46.209999084472656,2217170
2024-12-09 13:30:00-05:00,46.185001373291016,46.290000915527344,46.150001525878906,46.18000030517578,2158456
2024-12-09 14:30:00-05:00,46.04499816894531,46.22999954223633,45.95500183105469,46.18000030517578,2701451
2024-12-09 15:30:00-05:00,45.92499923706055,46.119998931884766,45.89500045776367,46.04499816894531,5560624
2024-12-10 09:30:00-05:00,45.95000076293945,46.1349983215332,45.584999084472656,45.90999984741211,5569219
2024-12-10 10:30:00-05:00,46.04499816894531,46.11000061035156,45.93000030517578,45.94499969482422,3827008
2024-12-10 11:30:00-05:00,45.95500183105469,46.130001068115234,45.95000076293945,46.04499816894531,2561526
2024-12-10 12:30:00-05:00,45.900001525878906,46.290000915527344,45.845001220703125,45.95000076293945,4523693
2024-12-10 13:30:00-05:00,45.755001068115234,45.90999984741211,45.650001525878906,45.900001525878906,2377481
2024-12-10 14:30:00-05:00,45.88050079345703,45.91999816894531,45.720001220703125,45.755001068115234,3349882
2024-12-10 15:30:00-05:00,45.77000045776367,45.88999938964844,45.72999954223633,45.88010025024414,2933009
2024-12-11 09:30:00-05:00,45.64500045776367,46.060001373291016,45.4900016784668,46.0,4476842
2024-12-11 10:30:00-05:00,45.654998779296875,45.720001220703125,45.470001220703125,45.64500045776367,2526700
2024-12-11 11:30:00-05:00,45.560001373291016,45.72999954223633,45.540000915527344,45.650001525878906,2410347
2024-12-11 12:30:00-05:00,45.95500183105469,46.15999984741211,45.540000915527344,45.564998626708984,5138302
2024-12-11 13:30:00-05:00,45.875,46.03499984741211,45.779998779296875,45.959999084472656,4325754
2024-12-11 14:30:00-05:00,45.98500061035156,46.0,45.86000061035156,45.880001068115234,3068281
2024-12-11 15:30:00-05:00,46.060001373291016,46.099998474121094,45.93000030517578,45.97999954223633,4571309
2024-12-12 09:30:00-05:00,46.19499969482422,46.380001068115234,45.91999816894531,46.13999938964844,4512082
2024-12-12 10:30:00-05:00,46.224998474121094,46.279998779296875,46.099998474121094,46.19499969482422,2770731
2024-12-12 11:30:00-05:00,46.404998779296875,46.470001220703125,46.20000076293945,46.220001220703125,1926668
2024-12-12 12:30:00-05:00,46.380001068115234,46.459999084472656,46.310001373291016,46.404998779296875,2138795
2024-12-12 13:30:00-05:00,46.1515007019043,46.39500045776367,46.150001525878906,46.38999938964844,1986096
2024-12-12 14:30:00-05:00,46.290000915527344,46.310001373291016,46.1349983215332,46.154998779296875,1973552
2024-12-12 15:30:00-05:00,46.08000183105469,46.38999938964844,46.064998626708984,46.29050064086914,3987768
2024-12-13 09:30:00-05:00,45.56100082397461,46.099998474121094,45.5099983215332,46.09000015258789,5579662
2024-12-13 10:30:00-05:00,45.689998626708984,45.70000076293945,45.380001068115234,45.560001373291016,2623716
2024-12-13 11:30:00-05:00,45.480098724365234,45.69499969482422,45.45000076293945,45.685001373291016,1859562
2024-12-13 12:30:00-05:00,45.54999923706055,45.60499954223633,45.459999084472656,45.48500061035156,1689355
2024-12-13 13:30:00-05:00,45.59000015258789,45.64500045776367,45.505001068115234,45.54999923706055,1540097
2024-12-13 14:30:00-05:00,45.564998626708984,45.709999084472656,45.560001373291016,45.595001220703125,2869630
2024-12-13 15:30:00-05:00,45.66999816894531,45.70500183105469,45.529998779296875,45.564998626708984,4716393
2024-12-16 09:30:00-05:00,45.30500030517578,45.68000030517578,45.15999984741211,45.59000015258789,4879195
2024-12-16 10:30:00-05:00,45.35499954223633,45.52560043334961,45.290000915527344,45.30500030517578,2946673
2024-12-16 11:30:00-05:00,45.31999969482422,45.42499923706055,45.2599983215332,45.36000061035156,2081129
2024-12-16 12:30:00-05:00,45.51499938964844,45.52000045776367,45.30500030517578,45.314998626708984,1619814
2024-12-16 13:30:00-05:00,45.4900016784668,45.540000915527344,45.439998626708984,45.52000045776367,1504345
2024-12-16 14:30:00-05:00,45.60499954223633,45.650001525878906,45.44499969482422,45.494998931884766,1806656
2024-12-16 15:30:00-05:00,45.4900016784668,45.6349983215332,45.439998626708984,45.60499954223633,3568455
2024-12-17 09:30:00-05:00,44.95000076293945,45.189998626708984,44.790000915527344,45.189998626708984,5935998
2024-12-17 10:30:00-05:00,44.849998474121094,45.02000045776367,44.810001373291016,44.95000076293945,3199481
2024-12-17 11:30:00-05:00,44.8849983215332,45.0099983215332,44.84000015258789,44.849998474121094,2775084
2024-12-17 12:30:00-05:00,44.73500061035156,44.93000030517578,44.724998474121094,44.8849983215332,2328421
2024-12-17 13:30:00-05:00,44.79999923706055,44.8650016784668,44.619998931884766,44.7400016784668,3056479
2024-12-17 14:30:00-05:00,44.834999084472656,44.880001068115234,44.709999084472656,44.80500030517578,2631268
2024-12-17 15:30:00-05:00,45.060001373291016,45.130001068115234,44.84000015258789,44.84000015258789,5260907
2024-12-18 09:30:00-05:00,45.32500076293945,45.43000030517578,44.9900016784668,45.13999938964844,4288088
2024-12-18 10:30:00-05:00,45.290000915527344,45.40999984741211,45.1349983215332,45.31999969482422,4338144
2024-12-18 11:30:00-05:00,45.23500061035156,45.38999938964844,45.19499969482422,45.279998779296875,2139558
2024-12-18 12:30:00-05:00,45.07310104370117,45.27000045776367,45.05500030517578,45.22999954223633,2053275
2024-12-18 13:30:00-05:00,44.68000030517578,45.2400016784668,44.59000015258789,45.07500076293945,3105834
2024-12-18 14:30:00-05:00,44.0099983215332,44.84000015258789,44.0,44.66999816894531,6336761
2024-12-18 15:30:00-05:00,43.459999084472656,44.029998779296875,43.349998474121094,44.005001068115234,9134379
2024-12-19 09:30:00-05:00,43.834999084472656,44.47999954223633,43.78499984741211,43.970001220703125,8097740
2024-12-19 10:30:00-05:00,43.81829833984375,43.970001220703125,43.630001068115234,43.834999084472656,4380694
2024-12-19 11:30:00-05:00,43.54499816894531,43.869998931884766,43.5,43.810001373291016,3194761
2024-12-19 12:30:00-05:00,43.599998474121094,43.61000061035156,43.310298919677734,43.54499816894531,3292072
2024-12-19 13:30:00-05:00,43.54999923706055,43.834999084472656,43.54999923706055,43.599998474121094,2620591
2024-12-19 14:30:00-05:00,43.584999084472656,43.67499923706055,43.400001525878906,43.55500030517578,3174829
2024-12-19 15:30:00-05:00,43.400001525878906,43.665000915527344,43.349998474121094,43.584999084472656,5670099
2024-12-20 09:30:00-05:00,43.849998474121094,43.869998931884766,43.10240173339844,43.20000076293945,9708042
2024-12-20 10:30:00-05:00,44.15999984741211,44.220001220703125,43.84000015258789,43.845001220703125,3992231
2024-12-20 11:30:00-05:00,44.34170150756836,44.380001068115234,44.150001525878906,44.165000915527344,2735566
2024-12-20 12:30:00-05:00,44.099998474121094,44.39500045776367,44.06999969482422,44.34000015258789,3395809
2024-12-20 13:30:00-05:00,44.28499984741211,44.29999923706055,44.09000015258789,44.095001220703125,2678089
2024-12-20 14:30:00-05:00,44.21500015258789,44.34000015258789,44.15999984741211,44.279998779296875,3103285
2024-12-20 15:30:00-05:00,44.15999984741211,44.3650016784668,44.040000915527344,44.220001220703125,5964055
2024-12-23 09:30:00-05:00,43.849998474121094,44.11000061035156,43.720001220703125,43.900001525878906,3859241
2024-12-23 10:30:00-05:00,43.562400817871094,43.880001068115234,42.779998779296875,43.849998474121094,11739733
2024-12-23 11:30:00-05:00,43.75,43.790000915527344,43.400001525878906,43.564998626708984,2621612
2024-12-23 12:30:00-05:00,43.665000915527344,43.77000045776367,43.56999969482422,43.75,2154114
2024-12-23 13:30:00-05:00,43.60499954223633,43.779998779296875,43.54499816894531,43.65999984741211,2026765
2024-12-23 14:30:00-05:00,43.68000030517578,43.709999084472656,43.56999969482422,43.60499954223633,2016115
2024-12-23 15:30:00-05:00,43.875,43.935001373291016,43.630001068115234,43.68000030517578,3962119
2024-12-24 09:30:00-05:00,44.154998779296875,44.25,43.93000030517578,43.93000030517578,2889505
2024-12-24 10:30:00-05:00,44.165000915527344,44.220001220703125,44.064998626708984,44.154998779296875,1388776
2024-12-24 11:30:00-05:00,44.369998931884766,44.380001068115234,44.15999984741211,44.160099029541016,1990623
2024-12-26 09:30:00-05:00,44.26499938964844,44.349998474121094,44.10499954223633,44.209999084472656,3485801
2024-12-26 10:30:00-05:00,44.375,44.426029205322266,44.23500061035156,44.27000045776367,1331620
2024-12-26 11:30:00-05:00,44.36000061035156,44.47999954223633,44.36000061035156,44.369998931884766,1254939
2024-12-26 12:30:00-05:00,44.43000030517578,44.47589874267578,44.314998626708984,44.36989974975586,1112706
2024-12-26 13:30:00-05:00,44.35020065307617,44.46500015258789,44.34000015258789,44.435001373291016,1243369
2024-12-26 14:30:00-05:00,44.435001373291016,44.459999084472656,44.35499954223633,44.36000061035156,1181454
2024-12-26 15:30:00-05:00,44.540000915527344,44.58000183105469,44.4015007019043,44.435001373291016,1864688
2024-12-27 09:30:00-05:00,44.31999969482422,44.779998779296875,44.220001220703125,44.2400016784668,4142423
2024-12-27 10:30:00-05:00,44.400001525878906,44.470001220703125,44.25,44.310001373291016,1713594
2024-12-27 11:30:00-05:00,44.13999938964844,44.40999984741211,44.060001373291016,44.38999938964844,1553049
2024-12-27 12:30:00-05:00,44.20000076293945,44.23500061035156,44.09000015258789,44.13999938964844,1070224
2024-12-27 13:30:00-05:00,44.34199905395508,44.38570022583008,44.16999816894531,44.20500183105469,906650
2024-12-27 14:30:00-05:00,44.22610092163086,44.43000030517578,44.22100067138672,44.34000015258789,1153482
2024-12-27 15:30:00-05:00,44.36000061035156,44.400001525878906,44.119998931884766,44.220001220703125,2814782
2024-12-30 09:30:00-05:00,43.63999938964844,43.95600128173828,43.54999923706055,43.88999938964844,2617055
2024-12-30 10:30:00-05:00,43.90999984741211,43.9900016784668,43.61819839477539,43.63800048828125,1724372
2024-12-30 11:30:00-05:00,43.97010040283203,44.02000045776367,43.84000015258789,43.915000915527344,1322878
2024-12-30 12:30:00-05:00,44.060001373291016,44.13999938964844,43.915000915527344,43.970001220703125,1644508
2024-12-30 13:30:00-05:00,44.04999923706055,44.11000061035156,43.97999954223633,44.04999923706055,1601500
2024-12-30 14:30:00-05:00,43.994998931884766,44.08000183105469,43.9900016784668,44.04999923706055,1474396
2024-12-30 15:30:00-05:00,43.900001525878906,44.084999084472656,43.88999938964844,43.994998931884766,2151292
2024-12-31 09:30:00-05:00,44.099998474121094,44.22999954223633,44.02000045776367,44.040000915527344,2161963
2024-12-31 10:30:00-05:00,43.88750076293945,44.099998474121094,43.84000015258789,44.09000015258789,1661274
2024-12-31 11:30:00-05:00,43.74020004272461,43.93949890136719,43.72999954223633,43.880001068115234,1257467
2024-12-31 12:30:00-05:00,43.79499816894531,43.97999954223633,43.70500183105469,43.7400016784668,1426844
2024-12-31 13:30:00-05:00,43.809898376464844,43.974998474121094,43.78499984741211,43.790000915527344,1269416
2024-12-31 14:30:00-05:00,43.974998474121094,43.97999954223633,43.7599983215332,43.810001373291016,1224092
2024-12-31 15:30:00-05:00,43.970001220703125,44.0099983215332,43.845001220703125,43.970001220703125,2804153
2025-01-02 09:30:00-05:00,44.28499984741211,44.58679962158203,44.099998474121094,44.13999938964844,4047807
2025-01-02 10:30:00-05:00,44.45009994506836,44.48500061035156,44.209999084472656,44.27000045776367,2385965
2025-01-02 11:30:00-05:00,44.185001373291016,44.525001525878906,44.18000030517578,44.45000076293945,2372457
2025-01-02 12:30:00-05:00,44.02399826049805,44.18000030517578,43.95000076293945,44.18000030517578,2303094
2025-01-02 13:30:00-05:00,44.125,44.1349983215332,43.79999923706055,44.02000045776367,3064567
2025-01-02 14:30:00-05:00,44.275001525878906,44.34000015258789,44.03499984741211,44.125,2355404
2025-01-02 15:30:00-05:00,44.29999923706055,44.369998931884766,44.21500015258789,44.279998779296875,3249717
2025-01-03 09:30:00-05:00,44.375,44.79999923706055,44.150001525878906,44.75,4712298
2025-01-03 10:30:00-05:00,44.41999816894531,44.4900016784668,44.28499984741211,44.369998931884766,2308462
2025-01-03 11:30:00-05:00,44.29999923706055,44.505001068115234,44.29499816894531,44.41999816894531,1819152
2025-01-03 12:30:00-05:00,44.45000076293945,44.45000076293945,44.279998779296875,44.310001373291016,1707197
2025-01-03 13:30:00-05:00,44.51499938964844,44.59000015258789,44.36000061035156,44.44499969482422,1688183
2025-01-03 14:30:00-05:00,44.73500061035156,44.7400016784668,44.5099983215332,44.51499938964844,2296864
2025-01-03 15:30:00-05:00,44.790000915527344,44.849998474121094,44.66999816894531,44.72999954223633,3405649
2025-01-06 09:30:00-05:00,45.64500045776367,45.720001220703125,45.099998474121094,45.154998779296875,5377808
2025-01-06 10:30:00-05:00,45.92499923706055,46.0,45.369998931884766,45.63999938964844,4323166
2025-01-06 11:30:00-05:00,45.89500045776367,46.150001525878906,45.880001068115234,45.92499923706055,3723427
2025-01-06 12:30:00-05:00,45.724998474121094,45.91999816894531,45.66999816894531,45.89500045776367,2495116
2025-01-06 13:30:00-05:00,45.48500061035156,45.72999954223633,45.38999938964844,45.724998474121094,2438270
2025-01-06 14:30:00-05:00,45.380001068115234,45.532501220703125,45.33000183105469,45.4900016784668,3201723
2025-01-06 15:30:00-05:00,45.42499923706055,45.52000045776367,45.314998626708984,45.3849983215332,4781961
2025-01-07 09:30:00-05:00,46.15999984741211,46.650001525878906,45.650001525878906,46.279998779296875,9999452
2025-01-07 10:30:00-05:00,46.29499816894531,46.459999084472656,45.970001220703125,46.15399932861328,4918237
2025-01-07 11:30:00-05:00,46.084999084472656,46.36000061035156,46.04499816894531,46.29999923706055,3036598
2025-01-07 12:30:00-05:00,46.255001068115234,46.279998779296875,46.06999969482422,46.084999084472656,2309554
2025-01-07 13:30:00-05:00,46.244998931884766,46.349998474121094,46.20000076293945,46.25,2407512
2025-01-07 14:30:00-05:00,45.904998779296875,46.279998779296875,45.900001525878906,46.244998931884766,5257198
2025-01-07 15:30:00-05:00,46.08000183105469,46.13999938964844,45.900001525878906,45.900001525878906,5692546
2025-01-08 09:30:00-05:00,45.70500183105469,46.06999969482422,45.689998626708984,45.900001525878906,7520619
2025-01-08 10:30:00-05:00,46.109901428222656,46.154998779296875,45.689998626708984,45.70899963378906,3851830
2025-01-08 11:30:00-05:00,45.974998474121094,46.2599983215332,45.959999084472656,46.10499954223633,7375949
2025-01-08 12:30:00-05:00,46.13999938964844,46.20000076293945,45.91999816894531,45.97999954223633,3832015
2025-01-08 13:30:00-05:00,46.119998931884766,46.2400016784668,46.0,46.1349983215332,3266864
2025-01-08 14:30:00-05:00,46.16999816894531,46.189998626708984,46.02000045776367,46.11000061035156,2732256
2025-01-08 15:30:00-05:00,46.18000030517578,46.23749923706055,46.11000061035156,46.165000915527344,3987957
2025-01-10 09:30:00-05:00,45.23160171508789,46.04999923706055,45.09000015258789,46.0,9008073
2025-01-10 10:30:00-05:00,44.884498596191406,45.290000915527344,44.849998474121094,45.22999954223633,5562013
2025-01-10 11:30:00-05:00,44.880001068115234,44.94499969482422,44.73500061035156,44.8849983215332,3720225
2025-01-10 12:30:00-05:00,45.209999084472656,45.279998779296875,44.875,44.875,3627144
2025-01-10 13:30:00-05:00,45.060001373291016,45.27000045776367,45.02000045776367,45.21500015258789,2358667
2025-01-10 14:30:00-05:00,45.064998626708984,45.2400016784668,45.0099983215332,45.05500030517578,3471002
2025-01-10 15:30:00-05:00,45.11000061035156,45.220001220703125,44.99359893798828,45.064998626708984,4251657
2025-01-13 09:30:00-05:00,44.900001525878906,45.34000015258789,44.810001373291016,45.099998474121094,5320168
2025-01-13 10:30:00-05:00,44.8650016784668,45.064998626708984,44.80500030517578,44.88999938964844,3443887
2025-01-13 11:30:00-05:00,44.779998779296875,44.94499969482422,44.689998626708984,44.8650016784668,2938081
2025-01-13 12:30:00-05:00,44.970001220703125,44.9900016784668,44.71030044555664,44.775001525878906,2268516
2025-01-13 13:30:00-05:00,44.991600036621094,45.040000915527344,44.900001525878906,44.97999954223633,3390866
2025-01-13 14:30:00-05:00,45.01499938964844,45.04999923706055,44.92359924316406,44.994998931884766,4532222
2025-01-13 15:30:00-05:00,45.040000915527344,45.18709945678711,44.994998931884766,45.02000045776367,5712256
2025-01-14 09:30:00-05:00,45.564998626708984,45.720001220703125,45.22999954223633,45.599998474121094,5822651
2025-01-14 10:30:00-05:00,45.45000076293945,45.63999938964844,45.369998931884766,45.56999969482422,3911149
2025-01-14 11:30:00-05:00,45.525001525878906,45.540000915527344,45.29999923706055,45.45000076293945,2751118
2025-01-14 12:30:00-05:00,45.70500183105469,45.78499984741211,45.435001373291016,45.52000045776367,3203406
2025-01-14 13:30:00-05:00,45.849998474121094,45.91999816894531,45.689998626708984,45.70000076293945,2688679
2025-01-14 14:30:00-05:00,45.745399475097656,45.89630126953125,45.61000061035156,45.86000061035156,3735875
2025-01-14 15:30:00-05:00,45.790000915527344,45.880001068115234,45.689998626708984,45.744998931884766,6662483
2025-01-15 09:30:00-05:00,47.130001068115234,47.459999084472656,46.84000015258789,47.119998931884766,13714373
2025-01-15 10:30:00-05:00,47.109901428222656,47.25,46.89400100708008,47.12799835205078,5447788
2025-01-15 11:30:00-05:00,47.13999938964844,47.25,46.97999954223633,47.10499954223633,5085319
2025-01-15 12:30:00-05:00,47.194698333740234,47.25,47.04999923706055,47.1349983215332,4252514
2025-01-15 13:30:00-05:00,47.244998931884766,47.369998931884766,47.189998626708984,47.19499969482422,4501538
2025-01-15 14:30:00-05:00,47.33000183105469,47.39500045776367,47.17380142211914,47.244998931884766,4576790
2025-01-15 15:30:00-05:00,47.08000183105469,47.359901428222656,47.06999969482422,47.329898834228516,7985613
2025-01-16 09:30:00-05:00,47.060001373291016,47.5099983215332,46.70000076293945,47.0,14245054
2025-01-16 10:30:00-05:00,46.7400016784668,47.060001373291016,46.21500015258789,47.060001373291016,7711081
2025-01-16 11:30:00-05:00,46.290000915527344,46.77000045776367,46.279998779296875,46.7401008605957,6027297
2025-01-16 12:30:00-05:00,46.26499938964844,46.349998474121094,45.81999969482422,46.290000915527344,5266895
2025-01-16 13:30:00-05:00,46.255001068115234,46.40999984741211,46.13999938964844,46.2599983215332,5180584
2025-01-16 14:30:00-05:00,46.43000030517578,46.43000030517578,46.154998779296875,46.25299835205078,5996201
2025-01-16 15:30:00-05:00,46.65999984741211,46.77000045776367,46.42499923706055,46.43000030517578,6974047
2025-01-17 09:30:00-05:00,46.82350158691406,46.880001068115234,46.08000183105469,46.61000061035156,12117112
2025-01-17 10:30:00-05:00,46.656700134277344,46.849998474121094,46.58000183105469,46.821998596191406,3882398
2025-01-17 11:30:00-05:00,46.52000045776367,46.779998779296875,46.45000076293945,46.665000915527344,4782644
2025-01-17 12:30:00-05:00,46.23500061035156,46.529998779296875,46.220001220703125,46.525001525878906,3661130
2025-01-17 13:30:00-05:00,46.450199127197266,46.529998779296875,46.189998626708984,46.236000061035156,4407335
2025-01-17 14:30:00-05:00,46.7400016784668,46.7599983215332,46.44499969482422,46.45000076293945,5085818
2025-01-17 15:30:00-05:00,46.51499938964844,46.77000045776367,46.470001220703125,46.73500061035156,6167961
2025-01-21 09:30:00-05:00,46.95000076293945,47.150001525878906,46.54499816894531,46.619998931884766,10335106
2025-01-21 10:30:00-05:00,47.095001220703125,47.13999938964844,46.849998474121094,46.94499969482422,6017868
2025-01-21 11:30:00-05:00,46.790000915527344,47.11000061035156,46.770301818847656,47.09000015258789,5473222
2025-01-21 12:30:00-05:00,46.654998779296875,46.84000015258789,46.63999938964844,46.78499984741211,2826779
2025-01-21 13:30:00-05:00,46.654998779296875,46.7599983215332,46.59000015258789,46.65999984741211,3729520
2025-01-21 14:30:00-05:00,46.58399963378906,46.68000030517578,46.540000915527344,46.654998779296875,3453272
2025-01-21 15:30:00-05:00,46.68000030517578,46.744998931884766,46.58000183105469,46.59000015258789,6021355
2025-01-22 09:30:00-05:00,46.28499984741211,46.72999954223633,46.119998931884766,46.599998474121094,6295898
2025-01-22 10:30:00-05:00,46.04499816894531,46.30500030517578,46.0,46.290000915527344,4350470
2025-01-22 11:30:00-05:00,46.040000915527344,46.130001068115234,45.974998474121094,46.04499816894531,2861264
2025-01-22 12:30:00-05:00,46.064998626708984,46.08000183105469,45.880001068115234,46.04999923706055,3104978
2025-01-22 13:30:00-05:00,45.92499923706055,46.099998474121094,45.915000915527344,46.060001373291016,2736333
2025-01-22 14:30:00-05:00,45.92100143432617,46.029998779296875,45.91999816894531,45.92499923706055,2856089
2025-01-22 15:30:00-05:00,45.79999923706055,45.939998626708984,45.7599983215332,45.93000030517578,6218495
2025-01-23 09:30:00-05:00,46.584999084472656,46.7400016784668,46.04499816894531,46.04999923706055,7619810
2025-01-23 10:30:00-05:00,46.76499938964844,46.88999938964844,46.41999816894531,46.584999084472656,5120103
2025-01-23 11:30:00-05:00,46.724998474121094,46.790000915527344,46.644100189208984,46.76580047607422,4356908
2025-01-23 12:30:00-05:00,46.66999816894531,46.83000183105469,46.66999816894531,46.72999954223633,2561407
2025-01-23 13:30:00-05:00,46.505001068115234,46.70000076293945,46.47999954223633,46.67499923706055,2488968
2025-01-23 14:30:00-05:00,46.415000915527344,46.529998779296875,46.35499954223633,46.5099983215332,2879827
2025-01-23 15:30:00-05:00,46.38999938964844,46.45000076293945,46.34000015258789,46.415000915527344,3215535
2025-01-24 09:30:00-05:00,46.72999954223633,46.810001373291016,46.150001525878906,46.22999954223633,4686889
2025-01-24 10:30:00-05:00,46.76499938964844,46.84000015258789,46.619998931884766,46.72999954223633,3747415
2025-01-24 11:30:00-05:00,46.753700256347656,46.86000061035156,46.70000076293945,46.76499938964844,2212856
2025-01-24 12:30:00-05:00,46.665000915527344,46.779998779296875,46.63999938964844,46.7599983215332,1678974
2025-01-24 13:30:00-05:00,46.5900993347168,46.720001220703125,46.59000015258789,46.665000915527344,1680855
2025-01-24 14:30:00-05:00,46.5,46.61000061035156,46.5,46.595001220703125,1978249
2025-01-24 15:30:00-05:00,46.52000045776367,46.54999923706055,46.45100021362305,46.505001068115234,4464046
2025-01-27 09:30:00-05:00,46.51499938964844,46.79499816894531,46.40999984741211,46.54999923706055,6598239
2025-01-27 10:30:00-05:00,46.595001220703125,46.66999816894531,46.380001068115234,46.51499938964844,3857931
2025-01-27 11:30:00-05:00,46.619998931884766,46.65999984741211,46.5,46.59000015258789,2680907
2025-01-27 12:30:00-05:00,46.564998626708984,46.619998931884766,46.45000076293945,46.6150016784668,2161199
2025-01-27 13:30:00-05:00,46.775001525878906,46.814998626708984,46.529998779296875,46.56999969482422,2496818
2025-01-27 14:30:00-05:00,46.869998931884766,46.939998626708984,46.76499938964844,46.779998779296875,3698925
2025-01-27 15:30:00-05:00,47.1150016784668,47.13999938964844,46.86000061035156,46.880001068115234,6586726
2025-01-28 09:30:00-05:00,47.154998779296875,47.43579864501953,46.900001525878906,47.08000183105469,7254991
2025-01-28 10:30:00-05:00,46.97999954223633,47.29999923706055,46.970001220703125,47.150001525878906,2699741
2025-01-28 11:30:00-05:00,46.779998779296875,47.0,46.709999084472656,46.97999954223633,2713111
2025-01-28 12:30:00-05:00,46.805999755859375,46.86000061035156,46.73500061035156,46.779998779296875,1554025
2025-01-28 13:30:00-05:00,46.849998474121094,46.89500045776367,46.75,46.80500030517578,2043279
2025-01-28 14:30:00-05:00,46.84000015258789,46.900001525878906,46.83000183105469,46.845001220703125,2051955
2025-01-28 15:30:00-05:00,46.83000183105469,47.0,46.82099914550781,46.84000015258789,3498337
2025-01-29 09:30:00-05:00,47.2599983215332,47.31999969482422,46.68000030517578,46.75,4073263
2025-01-29 10:30:00-05:00,47.07500076293945,47.38999938964844,47.06999969482422,47.27000045776367,2717682
2025-01-29 11:30:00-05:00,46.927101135253906,47.119998931884766,46.92499923706055,47.06999969482422,1520840
2025-01-29 12:30:00-05:00,46.8849983215332,46.967201232910156,46.720001220703125,46.92499923706055,1755948
2025-01-29 13:30:00-05:00,46.67499923706055,46.915000915527344,46.65999984741211,46.88999938964844,2396553
2025-01-29 14:30:00-05:00,46.810001373291016,46.97999954223633,46.63999938964844,46.67499923706055,4380846
2025-01-29 15:30:00-05:00,46.7599983215332,46.83000183105469,46.650001525878906,46.810001373291016,3456633
2025-01-30 09:30:00-05:00,46.69499969482422,47.165000915527344,46.68000030517578,47.11000061035156,5399034
2025-01-30 10:30:00-05:00,46.724998474121094,46.79999923706055,46.56999969482422,46.69499969482422,2588291
2025-01-30 11:30:00-05:00,46.63999938964844,46.7599983215332,46.619998931884766,46.720001220703125,2001656
2025-01-30 12:30:00-05:00,46.78499984741211,46.810001373291016,46.630001068115234,46.63999938964844,1964767
2025-01-30 13:30:00-05:00,46.915000915527344,46.970001220703125,46.77000045776367,46.78499984741211,3861025
2025-01-30 14:30:00-05:00,46.93989944458008,47.0,46.88999938964844,46.915000915527344,4433789
2025-01-30 15:30:00-05:00,46.720001220703125,46.93000030517578,46.400001525878906,46.93000030517578,5483941
2025-01-31 09:30:00-05:00,46.625,46.83000183105469,46.45000076293945,46.70000076293945,3706464
2025-01-31 10:30:00-05:00,46.459999084472656,46.627601623535156,46.40439987182617,46.619998931884766,2187179
2025-01-31 11:30:00-05:00,46.56999969482422,46.599998474121094,46.44499969482422,46.459999084472656,2468336
2025-01-31 12:30:00-05:00,46.494998931884766,46.61000061035156,46.45000076293945,46.57500076293945,2112652
2025-01-31 13:30:00-05:00,46.375,46.55500030517578,46.25,46.4900016784668,3346272
2025-01-31 14:30:00-05:00,46.32500076293945,46.47560119628906,46.15999984741211,46.375,3452981
2025-01-31 15:30:00-05:00,46.279998779296875,46.369998931884766,46.21500015258789,46.33000183105469,3845895
2025-02-03 09:30:00-05:00,45.810001373291016,45.849998474121094,45.11000061035156,45.41999816894531,9498230
2025-02-03 10:30:00-05:00,46.0,46.11000061035156,45.75,45.814998626708984,4087689
2025-02-03 11:30:00-05:00,46.04999923706055,46.16999816894531,45.95000076293945,45.9900016784668,2362475
2025-02-03 12:30:00-05:00,46.16999816894531,46.18000030517578,45.970001220703125,46.05500030517578,2765989
2025-02-03 13:30:00-05:00,46.27000045776367,46.31990051269531,46.13999938964844,46.17499923706055,2740860
2025-02-03 14:30:00-05:00,46.334999084472656,46.40570068359375,46.27000045776367,46.275001525878906,2932817
2025-02-03 15:30:00-05:00,46.22999954223633,46.47999954223633,46.20000076293945,46.34000015258789,4834504
2025-02-04 09:30:00-05:00,46.810001373291016,46.849998474121094,46.27000045776367,46.380001068115234,5818647
2025-02-04 10:30:00-05:00,47.07500076293945,47.09000015258789,46.689998626708984,46.80500030517578,3488969
2025-02-04 11:30:00-05:00,46.7599983215332,47.130001068115234,46.7599983215332,47.07500076293945,3017557
2025-02-04 12:30:00-05:00,46.810001373291016,46.849998474121094,46.72999954223633,46.76499938964844,2138316
2025-02-04 13:30:00-05:00,46.90999984741211,47.0,46.75,46.80500030517578,2136568
2025-02-04 14:30:00-05:00,46.76499938964844,46.959999084472656,46.75,46.915000915527344,2336167
2025-02-04 15:30:00-05:00,46.71500015258789,46.869998931884766,46.709999084472656,46.76499938964844,4761540
2025-02-05 09:30:00-05:00,46.880001068115234,46.9900016784668,46.644798278808594,46.97999954223633,4870392
2025-02-05 10:30:00-05:00,46.869998931884766,46.8849983215332,46.7400016784668,46.875,2106620
2025-02-05 11:30:00-05:00,46.71500015258789,46.900001525878906,46.689998626708984,46.869998931884766,1965198
2025-02-05 12:30:00-05:00,46.869998931884766,46.900001525878906,46.689998626708984,46.71500015258789,1637533
2025-02-05 13:30:00-05:00,46.834999084472656,46.904998779296875,46.779998779296875,46.869998931884766,2268013
2025-02-05 14:30:00-05:00,47.01559829711914,47.060001373291016,46.77000045776367,46.83000183105469,3097693
2025-02-05 15:30:00-05:00,47.11000061035156,47.130001068115234,46.970001220703125,47.01499938964844,4070932
2025-02-06 09:30:00-05:00,47.48500061035156,47.58000183105469,47.16999816894531,47.439998626708984,6006236
2025-02-06 10:30:00-05:00,47.869998931884766,47.88999938964844,47.46500015258789,47.48500061035156,4245059
2025-02-06 11:30:00-05:00,47.875,47.97999954223633,47.84000015258789,47.869998931884766,3887729
2025-02-06 12:30:00-05:00,47.875,47.95000076293945,47.75,47.875,3221009
2025-02-06 13:30:00-05:00,47.58150100708008,47.875,47.56999969482422,47.869998931884766,2052079
2025-02-06 14:30:00-05:00,47.69499969482422,47.709999084472656,47.45000076293945,47.584999084472656,3062636
2025-02-06 15:30:00-05:00,47.7400016784668,47.86000061035156,47.69499969482422,47.70000076293945,4505771
2025-02-07 09:30:00-05:00,47.755001068115234,47.970001220703125,47.54999923706055,47.84000015258789,5395593
2025-02-07 10:30:00-05:00,47.65439987182617,47.779998779296875,47.380001068115234,47.755001068115234,4054575
2025-02-07 11:30:00-05:00,47.685001373291016,47.779998779296875,47.599998474121094,47.65999984741211,2613410
2025-02-07 12:30:00-05:00,47.71500015258789,47.75,47.63999938964844,47.689998626708984,1526048
2025-02-07 13:30:00-05:00,47.584999084472656,47.77000045776367,47.52000045776367,47.71500015258789,1755286
2025-02-07 14:30:00-05:00,47.494998931884766,47.630001068115234,47.4900016784668,47.584999084472656,2594978
2025-02-07 15:30:00-05:00,47.415000915527344,47.54999923706055,47.400001525878906,47.5,3593719
2025-02-10 09:30:00-05:00,46.970001220703125,47.55500030517578,46.810001373291016,47.47999954223633,5402361
2025-02-10 10:30:00-05:00,46.75,47.0099983215332,46.75,46.970001220703125,3096170
2025-02-10 11:30:00-05:00,46.51499938964844,46.77000045776367,46.400001525878906,46.75,3464378
2025-02-10 12:30:00-05:00,46.579498291015625,46.7599983215332,46.5099983215332,46.51499938964844,1862080
2025-02-10 13:30:00-05:00,46.78499984741211,46.810001373291016,46.56999969482422,46.56999969482422,1511262
2025-02-10 14:30:00-05:00,46.71500015258789,46.814998626708984,46.70000076293945,46.78179931640625,1683342
2025-02-10 15:30:00-05:00,46.67499923706055,46.775001525878906,46.60499954223633,46.720001220703125,3027555
2025-02-11 09:30:00-05:00,46.48500061035156,46.75,46.275001525878906,46.54999923706055,4310027
2025-02-11 10:30:00-05:00,46.665000915527344,46.7400016784668,46.48500061035156,46.48500061035156,2084559
2025-02-11 11:30:00-05:00,46.915000915527344,46.93000030517578,46.654998779296875,46.660099029541016,1673125
2025-02-11 12:30:00-05:00,46.790000915527344,46.91999816894531,46.775001525878906,46.915000915527344,1460735
2025-02-11 13:30:00-05:00,46.76499938964844,46.84000015258789,46.709999084472656,46.791900634765625,1683288
2025-02-11 14:30:00-05:00,46.79499816894531,46.900001525878906,46.744998931884766,46.7599983215332,1985370
2025-02-11 15:30:00-05:00,46.79999923706055,46.91999816894531,46.72380065917969,46.79999923706055,3404535
2025-02-12 09:30:00-05:00,46.21500015258789,46.58000183105469,46.1349983215332,46.56999969482422,5753097
2025-02-12 10:30:00-05:00,45.994998931884766,46.349998474121094,45.935001373291016,46.209999084472656,3759123
2025-02-12 11:30:00-05:00,46.224998474121094,46.27000045776367,45.935001373291016,45.994998931884766,3726814
2025-02-12 12:30:00-05:00,46.143798828125,46.27000045776367,46.13999938964844,46.220001220703125,2984239
2025-02-12 13:30:00-05:00,46.064998626708984,46.14789962768555,46.0099983215332,46.14789962768555,2543232
2025-02-12 14:30:00-05:00,46.095001220703125,46.20989990234375,46.04999923706055,46.060001373291016,2147111
2025-02-12 15:30:00-05:00,46.209999084472656,46.22999954223633,46.060001373291016,46.095001220703125,3476000
2025-02-13 09:30:00-05:00,46.13999938964844,46.56999969482422,46.095001220703125,46.52000045776367,5564632
2025-02-13 10:30:00-05:00,46.1150016784668,46.150001525878906,45.970001220703125,46.14500045776367,3129891
2025-02-13 11:30:00-05:00,46.04999923706055,46.165000915527344,46.04999923706055,46.1150016784668,1887059
2025-02-13 12:30:00-05:00,46.09000015258789,46.125,45.970001220703125,46.054901123046875,2040823
2025-02-13 13:30:00-05:00,46.20500183105469,46.2599983215332,45.973899841308594,46.095001220703125,2290487
2025-02-13 14:30:00-05:00,46.388999938964844,46.388999938964844,46.189998626708984,46.20500183105469,2758790
2025-02-13 15:30:00-05:00,46.33000183105469,46.48500061035156,46.290000915527344,46.3849983215332,3677973
2025-02-14 09:30:00-05:00,46.6150016784668,47.09000015258789,46.47999954223633,46.47999954223633,5615761
2025-02-14 10:30:00-05:00,46.69499969482422,46.900001525878906,46.61009979248047,46.61009979248047,2663213
2025-02-14 11:30:00-05:00,46.83000183105469,46.83000183105469,46.65999984741211,46.69499969482422,1670887
2025-02-14 12:30:00-05:00,46.82500076293945,46.88999938964844,46.7400016784668,46.83000183105469,1625386
2025-02-14 13:30:00-05:00,46.915000915527344,47.0,46.823429107666016,46.82500076293945,2329385
2025-02-14 14:30:00-05:00,46.96500015258789,47.040000915527344,46.900001525878906,46.91999816894531,2393008
2025-02-14 15:30:00-05:00,46.9536018371582,47.029998779296875,46.900001525878906,46.959999084472656,4176779
2025-02-18 09:30:00-05:00,46.391998291015625,46.650001525878906,46.34000015258789,46.560001373291016,8801841
2025-02-18 10:30:00-05:00,46.20000076293945,46.43000030517578,46.189998626708984,46.399898529052734,4123765
2025-02-18 11:30:00-05:00,46.290000915527344,46.310001373291016,46.15999984741211,46.20500183105469,2903579
2025-02-18 12:30:00-05:00,46.36000061035156,46.36750030517578,46.244998931884766,46.29010009765625,3636605
2025-02-18 13:30:00-05:00,46.290000915527344,46.4900016784668,46.22999954223633,46.3650016784668,3715040
2025-02-18 14:30:00-05:00,46.415000915527344,46.494998931884766,46.290000915527344,46.29499816894531,3141718
2025-02-18 15:30:00-05:00,46.540000915527344,46.540000915527344,46.369998931884766,46.415000915527344,4394263
2025-02-19 09:30:00-05:00,45.814998626708984,46.040000915527344,45.420101165771484,45.880001068115234,10627089
2025-02-19 10:30:00-05:00,45.6349983215332,45.83000183105469,45.560001373291016,45.810001373291016,7235903
2025-02-19 11:30:00-05:00,45.689998626708984,45.814998626708984,45.61000061035156,45.63800048828125,3194462
2025-02-19 12:30:00-05:00,45.88999938964844,45.91999816894531,45.63999938964844,45.685001373291016,3082669
2025-02-19 13:30:00-05:00,45.974998474121094,46.029998779296875,45.86000061035156,45.8849983215332,3004140
2025-02-19 14:30:00-05:00,45.95500183105469,46.04999923706055,45.90999984741211,45.974998474121094,3242811
2025-02-19 15:30:00-05:00,46.02000045776367,46.05500030517578,45.95000076293945,45.95500183105469,3935583
2025-02-20 09:30:00-05:00,45.55500030517578,46.189998626708984,45.52000045776367,45.900001525878906,13250322
2025-02-20 10:30:00-05:00,45.23500061035156,45.630001068115234,45.040000915527344,45.55580139160156,6783032
2025-02-20 11:30:00-05:00,45.369998931884766,45.375,45.18299865722656,45.23500061035156,3962877
2025-02-20 12:30:00-05:00,45.27000045776367,45.369998931884766,45.2400016784668,45.36249923706055,2137488
2025-02-20 13:30:00-05:00,45.39500045776367,45.470001220703125,45.2599983215332,45.275001525878906,2186489
2025-02-20 14:30:00-05:00,45.505001068115234,45.560001373291016,45.38999938964844,45.400001525878906,2459119
2025-02-20 15:30:00-05:00,45.29999923706055,45.52000045776367,45.290000915527344,45.505001068115234,3584599
2025-02-21 09:30:00-05:00,45.404998779296875,45.5,45.119998931884766,45.25,7000902
2025-02-21 10:30:00-05:00,45.43000030517578,45.5,45.314998626708984,45.4099006652832,3349272
2025-02-21 11:30:00-05:00,45.2599983215332,45.5099983215332,45.2599983215332,45.42499923706055,2394091
2025-02-21 12:30:00-05:00,44.779998779296875,45.275001525878906,44.779998779296875,45.27000045776367,3652632
2025-02-21 13:30:00-05:00,44.584999084472656,44.939998626708984,44.53499984741211,44.779998779296875,5864842
2025-02-21 14:30:00-05:00,44.8489990234375,44.8650016784668,44.54999923706055,44.584999084472656,4769094
2025-02-21 15:30:00-05:00,44.81999969482422,44.95000076293945,44.7400016784668,44.849998474121094,4846471
2025-02-24 09:30:00-05:00,44.810001373291016,45.38999938964844,44.459999084472656,45.029998779296875,7828227
2025-02-24 10:30:00-05:00,44.935001373291016,45.04999923706055,44.77000045776367,44.814998626708984,3222542
2025-02-24 11:30:00-05:00,44.95500183105469,45.0099983215332,44.81549835205078,44.939998626708984,2250619
2025-02-24 12:30:00-05:00,44.90999984741211,44.994998931884766,44.8849983215332,44.95000076293945,2015223
2025-02-24 13:30:00-05:00,44.76499938964844,44.994998931884766,44.7599983215332,44.910099029541016,3492689
2025-02-24 14:30:00-05:00,44.59000015258789,44.83000183105469,44.58000183105469,44.77000045776367,2939097
2025-02-24 15:30:00-05:00,44.47999954223633,44.66999816894531,44.435001373291016,44.584999084472656,5015838
2025-02-25 09:30:00-05:00,43.904998779296875,44.834999084472656,43.88249969482422,44.529998779296875,7581959
2025-02-25 10:30:00-05:00,43.65999984741211,43.9900016784668,43.640098571777344,43.90370178222656,5456292
2025-02-25 11:30:00-05:00,43.65439987182617,43.70000076293945,43.349998474121094,43.654998779296875,4021062
2025-02-25 12:30:00-05:00,43.82849884033203,44.0,43.650001525878906,43.654998779296875,3058577
2025-02-25 13:30:00-05:00,43.81639862060547,44.07500076293945,43.79999923706055,43.82500076293945,2313666
2025-02-25 14:30:00-05:00,44.04499816894531,44.08000183105469,43.810001373291016,43.810001373291016,3459393
2025-02-25 15:30:00-05:00,43.959999084472656,44.08000183105469,43.912498474121094,44.04499816894531,5606705
2025-02-26 09:30:00-05:00,44.404998779296875,44.489200592041016,43.88999938964844,44.040000915527344,4066639
2025-02-26 10:30:00-05:00,44.35499954223633,44.5452995300293,44.31999969482422,44.40010070800781,2202090
2025-02-26 11:30:00-05:00,44.32149887084961,44.41999816894531,44.2599983215332,44.349998474121094,1397467
2025-02-26 12:30:00-05:00,44.0,44.34000015258789,43.98500061035156,44.31999969482422,2267746
2025-02-26 13:30:00-05:00,43.9900016784668,44.095001220703125,43.869998931884766,43.994998931884766,2830828
2025-02-26 14:30:00-05:00,43.939998626708984,44.095001220703125,43.90999984741211,43.994998931884766,2043338
2025-02-26 15:30:00-05:00,43.974998474121094,44.06999969482422,43.86000061035156,43.939998626708984,4047400
2025-02-27 09:30:00-05:00,44.6150016784668,44.77560043334961,43.935001373291016,44.09000015258789,7676911
2025-02-27 10:30:00-05:00,44.5099983215332,44.7400016784668,44.459999084472656,44.61000061035156,2269699
2025-02-27 11:30:00-05:00,44.470001220703125,44.54999923706055,44.29999923706055,44.5099983215332,1930710
2025-02-27 12:30:00-05:00,44.499900817871094,44.54999923706055,44.310001373291016,44.474998474121094,2003701
2025-02-27 13:30:00-05:00,44.34000015258789,44.52000045776367,44.334999084472656,44.4900016784668,2277220
2025-02-27 14:30:00-05:00,43.95500183105469,44.345001220703125,43.95000076293945,44.345001220703125,3340152
2025-02-27 15:30:00-05:00,44.165000915527344,44.220001220703125,43.95500183105469,43.959999084472656,3953983
2025-02-28 09:30:00-05:00,45.14500045776367,45.20000076293945,44.19900131225586,44.31999969482422,10088250
2025-02-28 10:30:00-05:00,45.43000030517578,45.65999984741211,45.08000183105469,45.14500045776367,8814309
2025-02-28 11:30:00-05:00,45.375,45.560001373291016,45.290000915527344,45.43000030517578,4484739
2025-02-28 12:30:00-05:00,45.209999084472656,45.40999984741211,45.0192985534668,45.375,4789679
2025-02-28 13:30:00-05:00,45.404998779296875,45.439998626708984,45.16999816894531,45.20500183105469,3506421
2025-02-28 14:30:00-05:00,45.95000076293945,45.96500015258789,45.380001068115234,45.404998779296875,5954526
2025-02-28 15:30:00-05:00,46.1150016784668,46.20000076293945,45.7400016784668,45.95500183105469,7002937
2025-03-03 09:30:00-05:00,46.70500183105469,46.709999084472656,46.13999938964844,46.209999084472656,8905543
2025-03-03 10:30:00-05:00,46.435001373291016,46.959999084472656,46.400001525878906,46.70000076293945,6293139
2025-03-03 11:30:00-05:00,46.45220184326172,46.505001068115234,46.22999954223633,46.435001373291016,3759271
2025-03-03 12:30:00-05:00,46.0099983215332,46.55500030517578,45.9900016784668,46.45500183105469,3121188
2025-03-03 13:30:00-05:00,46.05500030517578,46.154998779296875,45.91999816894531,46.005001068115234,3605401
2025-03-03 14:30:00-05:00,45.25,46.130001068115234,45.25,46.057498931884766,4844540
2025-03-03 15:30:00-05:00,45.59000015258789,45.599998474121094,45.220001220703125,45.25,5848475
2025-03-04 09:30:00-05:00,42.810001373291016,44.84000015258789,42.3650016784668,44.72999954223633,19635994
2025-03-04 10:30:00-05:00,42.10499954223633,42.91999816894531,42.029998779296875,42.80009841918945,10025925
2025-03-04 11:30:00-05:00,42.8849983215332,42.95000076293945,42.095001220703125,42.10499954223633,9990585
2025-03-04 12:30:00-05:00,42.915000915527344,43.185001373291016,42.73500061035156,42.8849983215332,5152691
2025-03-04 13:30:00-05:00,43.2599983215332,43.5,42.8650016784668,42.90999984741211,5286840
2025-03-04 14:30:00-05:00,43.500099182128906,43.665000915527344,43.16999816894531,43.27000045776367,5553558
2025-03-04 15:30:00-05:00,42.68000030517578,43.529998779296875,42.38999938964844,43.505001068115234,8861041
2025-03-05 09:30:00-05:00,41.98500061035156,42.72999954223633,41.86000061035156,42.650001525878906,11608119
2025-03-05 10:30:00-05:00,41.78499984741211,42.38999938964844,41.720001220703125,41.9900016784668,5508301
2025-03-05 11:30:00-05:00,41.90999984741211,42.22999954223633,41.70500183105469,41.779998779296875,6086098
2025-03-05 12:30:00-05:00,42.0099983215332,42.185001373291016,41.89500045776367,41.91999816894531,5181532
2025-03-05 13:30:00-05:00,42.220001220703125,42.459999084472656,41.900001525878906,42.0099983215332,5953678
2025-03-05 14:30:00-05:00,42.38999938964844,42.54999923706055,42.154998779296875,42.224998474121094,5496009
2025-03-05 15:30:00-05:00,42.290000915527344,42.39500045776367,42.03499984741211,42.39500045776367,5878495
2025-03-06 09:30:00-05:00,41.64500045776367,41.790000915527344,41.029998779296875,41.59000015258789,11821708
2025-03-06 10:30:00-05:00,41.5,41.88999938964844,41.36009979248047,41.64500045776367,7876324
2025-03-06 11:30:00-05:00,41.01499938964844,41.59000015258789,40.9900016784668,41.5,5631338
2025-03-06 12:30:00-05:00,41.224998474121094,41.380001068115234,40.959999084472656,41.02000045776367,4160628
2025-03-06 13:30:00-05:00,41.060001373291016,41.310001373291016,41.005001068115234,41.220001220703125,4826291
2025-03-06 14:30:00-05:00,41.345001220703125,41.474998474121094,41.0,41.05500030517578,6843206
2025-03-06 15:30:00-05:00,41.459999084472656,41.5,41.30500030517578,41.345001220703125,6826345
2025-03-07 09:30:00-05:00,41.345001220703125,41.72999954223633,41.102500915527344,41.310001373291016,11994495
2025-03-07 10:30:00-05:00,40.79499816894531,41.404998779296875,40.7400016784668,41.345001220703125,7203503
2025-03-07 11:30:00-05:00,40.8650016784668,40.900001525878906,40.61000061035156,40.79999923706055,6378746
2025-03-07 12:30:00-05:00,41.095001220703125,41.27000045776367,40.79999923706055,40.8650016784668,4475699
2025-03-07 13:30:00-05:00,41.39500045776367,41.47999954223633,41.04499816894531,41.095001220703125,6746932
2025-03-07 14:30:00-05:00,41.435001373291016,41.540000915527344,41.279998779296875,41.39500045776367,4948119
2025-03-07 15:30:00-05:00,41.369998931884766,41.4900016784668,41.194801330566406,41.435001373291016,4253039
2025-03-10 09:30:00-04:00,40.44499969482422,40.619998931884766,40.02000045776367,40.400001525878906,12420772
2025-03-10 10:30:00-04:00,40.154998779296875,40.474998474121094,40.03499984741211,40.44499969482422,7396813
2025-03-10 11:30:00-04:00,40.126800537109375,40.505001068115234,40.09000015258789,40.150001525878906,7806772
2025-03-10 12:30:00-04:00,39.70500183105469,40.209999084472656,39.70000076293945,40.125,6568662
2025-03-10 13:30:00-04:00,39.60499954223633,39.744998931884766,39.54999923706055,39.70500183105469,8160652
2025-03-10 14:30:00-04:00,39.595001220703125,39.7599983215332,39.18000030517578,39.61000061035156,10993776
2025-03-10 15:30:00-04:00,39.84000015258789,39.92499923706055,39.595001220703125,39.595001220703125,10139403
2025-03-11 09:30:00-04:00,39.67499923706055,40.65999984741211,39.650001525878906,39.70000076293945,13920302
2025-03-11 10:30:00-04:00,39.7599983215332,39.88999938964844,39.27000045776367,39.67499923706055,7478946
2025-03-11 11:30:00-04:00,39.643798828125,39.91999816894531,39.584999084472656,39.7599983215332,3257978
2025-03-11 12:30:00-04:00,39.3650016784668,39.75680160522461,39.349998474121094,39.64500045776367,3128463
2025-03-11 13:30:00-04:00,39.85279846191406,39.880001068115234,39.34400177001953,39.3650016784668,3837220
2025-03-11 14:30:00-04:00,39.7400016784668,40.14500045776367,39.67499923706055,39.85499954223633,6896491
2025-03-11 15:30:00-04:00,39.59000015258789,39.849998474121094,39.560001373291016,39.744998931884766,4727538
2025-03-12 09:30:00-04:00,39.69499969482422,40.5,39.54999923706055,40.310001373291016,7941179
2025-03-12 10:30:00-04:00,39.53459930419922,39.689998626708984,39.20000076293945,39.689998626708984,4862501
2025-03-12 11:30:00-04:00,39.7400016784668,39.849998474121094,39.5099983215332,39.53499984741211,5037615
2025-03-12 12:30:00-04:00,39.95000076293945,39.97999954223633,39.619998931884766,39.744998931884766,3812023
2025-03-12 13:30:00-04:00,40.08000183105469,40.1349983215332,39.86000061035156,39.95000076293945,4045633
2025-03-12 14:30:00-04:00,39.96500015258789,40.22999954223633,39.875,40.08000183105469,4343642
2025-03-12 15:30:00-04:00,39.880001068115234,40.02000045776367,39.849998474121094,39.970001220703125,4929763
2025-03-13 09:30:00-04:00,39.974998474121094,40.189998626708984,39.78099822998047,39.970001220703125,6137449
2025-03-13 10:30:00-04:00,39.73500061035156,40.04999923706055,39.724998474121094,39.97999954223633,3433389
2025-03-13 11:30:00-04:00,39.41999816894531,39.790000915527344,39.400001525878906,39.73500061035156,5130853
2025-03-13 12:30:00-04:00,39.48400115966797,39.584999084472656,39.33000183105469,39.42499923706055,4087491
2025-03-13 13:30:00-04:00,39.67499923706055,39.779998779296875,39.3849983215332,39.48500061035156,4631856
2025-03-13 14:30:00-04:00,39.67329788208008,39.78499984741211,39.61000061035156,39.67499923706055,4683633
2025-03-13 15:30:00-04:00,39.68000030517578,39.724998474121094,39.599998474121094,39.68000030517578,5171726
2025-03-14 09:30:00-04:00,40.6150016784668,40.619998931884766,40.172401428222656,40.2599983215332,7544657
2025-03-14 10:30:00-04:00,40.81999969482422,40.869998931884766,40.564998626708984,40.61000061035156,4759395
2025-03-14 11:30:00-04:00,40.755001068115234,40.970001220703125,40.70050048828125,40.83000183105469,3631078
2025-03-14 12:30:00-04:00,40.90999984741211,41.0099983215332,40.7400016784668,40.75,3510439
2025-03-14 13:30:00-04:00,40.90999984741211,40.95000076293945,40.775001525878906,40.90999984741211,3068703
2025-03-14 14:30:00-04:00,40.869998931884766,41.01499938964844,40.849998474121094,40.91999816894531,3082448
2025-03-14 15:30:00-04:00,40.869998931884766,40.9900016784668,40.80419921875,40.869998931884766,4171352
2025-03-17 09:30:00-04:00,40.880001068115234,41.08000183105469,40.59000015258789,40.91999816894531,6660831
2025-03-17 10:30:00-04:00,41.19990158081055,41.25,40.86000061035156,40.880001068115234,3499321
2025-03-17 11:30:00-04:00,41.3224983215332,41.36000061035156,41.099998474121094,41.19499969482422,3042812
2025-03-17 12:30:00-04:00,41.42499923706055,41.46500015258789,41.27000045776367,41.32500076293945,3793033
2025-03-17 13:30:00-04:00,41.55500030517578,41.57749938964844,41.375,41.42499923706055,3565207
2025-03-17 14:30:00-04:00,41.73500061035156,41.744998931884766,41.53499984741211,41.55500030517578,3518679
2025-03-17 15:30:00-04:00,41.45000076293945,41.77000045776367,41.43000030517578,41.73500061035156,6469488
2025-03-18 09:30:00-04:00,41.52989959716797,41.83000183105469,41.290000915527344,41.720001220703125,6594430
2025-03-18 10:30:00-04:00,41.529998779296875,41.67499923706055,41.459999084472656,41.52000045776367,5884952
2025-03-18 11:30:00-04:00,41.58000183105469,41.599998474121094,41.43000030517578,41.529998779296875,3594314
2025-03-18 12:30:00-04:00,41.47999954223633,41.60499954223633,41.38999938964844,41.56999969482422,3641879
2025-03-18 13:30:00-04:00,41.560001373291016,41.665000915527344,41.45000076293945,41.47999954223633,2866041
2025-03-18 14:30:00-04:00,41.71500015258789,41.755001068115234,41.529998779296875,41.564998626708984,3903862
2025-03-18 15:30:00-04:00,41.65999984741211,41.75,41.4900016784668,41.71500015258789,4505055
2025-03-19 09:30:00-04:00,41.654998779296875,41.720001220703125,41.29999923706055,41.720001220703125,7149119
2025-03-19 10:30:00-04:00,41.720001220703125,41.77579879760742,41.58000183105469,41.65999984741211,2840627
2025-03-19 11:30:00-04:00,42.060001373291016,42.06999969482422,41.720001220703125,41.72999954223633,3920762
2025-03-19 12:30:00-04:00,41.89500045776367,42.08000183105469,41.850101470947266,42.05500030517578,3194968
2025-03-19 13:30:00-04:00,42.16999816894531,42.25,41.81999969482422,41.89500045776367,4383677
2025-03-19 14:30:00-04:00,42.33290100097656,42.698299407958984,42.165000915527344,42.16999816894531,5709038
2025-03-19 15:30:00-04:00,42.209999084472656,42.48500061035156,42.189998626708984,42.33000183105469,6295074
2025-03-20 09:30:00-04:00,42.57500076293945,42.689998626708984,41.650001525878906,41.7599983215332,7367413
2025-03-20 10:30:00-04:00,42.6349983215332,42.720001220703125,42.529998779296875,42.57500076293945,4133060
2025-03-20 11:30:00-04:00,42.52000045776367,42.68000030517578,42.459999084472656,42.630001068115234,3568461
2025-03-20 12:30:00-04:00,42.345001220703125,42.55500030517578,42.30500030517578,42.52000045776367,3238053
2025-03-20 13:30:00-04:00,42.41999816894531,42.540000915527344,42.330101013183594,42.345001220703125,2980531
2025-03-20 14:30:00-04:00,42.459999084472656,42.61000061035156,42.369998931884766,42.415000915527344,3533933
2025-03-20 15:30:00-04:00,42.494998931884766,42.564998626708984,42.36000061035156,42.45500183105469,7319740
2025-03-21 09:30:00-04:00,42.07500076293945,42.43000030517578,41.88999938964844,42.15999984741211,11312537
2025-03-21 10:30:00-04:00,42.244998931884766,42.400001525878906,42.040000915527344,42.06999969482422,4115496
2025-03-21 11:30:00-04:00,42.40999984741211,42.459999084472656,42.095001220703125,42.2400016784668,3440258
2025-03-21 12:30:00-04:00,42.5,42.560001373291016,42.345001220703125,42.40999984741211,2570470
2025-03-21 13:30:00-04:00,42.44499969482422,42.65999984741211,42.439998626708984,42.5,2522947
2025-03-21 14:30:00-04:00,42.46500015258789,42.59000015258789,42.400001525878906,42.44499969482422,3359915
2025-03-21 15:30:00-04:00,42.459999084472656,42.55500030517578,42.369998931884766,42.459999084472656,5312448
2025-03-24 09:30:00-04:00,43.11000061035156,43.13999938964844,42.83000183105469,42.93000030517578,6142716
2025-03-24 10:30:00-04:00,42.9900016784668,43.119998931884766,42.8650016784668,43.11000061035156,3318126
2025-03-24 11:30:00-04:00,42.839599609375,43.01499938964844,42.78499984741211,42.994998931884766,2310656
2025-03-24 12:30:00-04:00,42.81420135498047,42.900001525878906,42.790000915527344,42.84000015258789,2161956
2025-03-24 13:30:00-04:00,42.8650016784668,42.880001068115234,42.75,42.81999969482422,3231875
2025-03-24 14:30:00-04:00,43.084999084472656,43.11000061035156,42.814998626708984,42.8650016784668,3647663
2025-03-24 15:30:00-04:00,43.029998779296875,43.150001525878906,43.02000045776367,43.09000015258789,3649678
2025-03-25 09:30:00-04:00,43.189998626708984,43.529998779296875,43.040000915527344,43.349998474121094,4349795
2025-03-25 10:30:00-04:00,43.29330062866211,43.349998474121094,43.17499923706055,43.189998626708984,2719510
2025-03-25 11:30:00-04:00,43.25,43.31999969482422,43.15999984741211,43.29999923706055,2052456
2025-03-25 12:30:00-04:00,43.16999816894531,43.310001373291016,43.150001525878906,43.25,1832181
2025-03-25 13:30:00-04:00,43.21500015258789,43.27000045776367,43.15999984741211,43.165000915527344,1589838
2025-03-25 14:30:00-04:00,43.290000915527344,43.29999923706055,43.14500045776367,43.220001220703125,1963147
2025-03-25 15:30:00-04:00,43.279998779296875,43.400001525878906,43.2400016784668,43.29290008544922,3771030
2025-03-26 09:30:00-04:00,43.540000915527344,43.720001220703125,43.40999984741211,43.459999084472656,4602742
2025-03-26 10:30:00-04:00,43.224998474121094,43.560001373291016,43.209999084472656,43.53499984741211,3205659
2025-03-26 11:30:00-04:00,43.064998626708984,43.310001373291016,42.97999954223633,43.224998474121094,3120469
2025-03-26 12:30:00-04:00,42.994998931884766,43.119998931884766,42.95500183105469,43.064998626708984,2462244
2025-03-26 13:30:00-04:00,42.939998626708984,43.0,42.849998474121094,42.9900016784668,2719590
2025-03-26 14:30:00-04:00,42.79999923706055,42.959999084472656,42.72999954223633,42.93000030517578,2531708
2025-03-26 15:30:00-04:00,42.81999969482422,42.95000076293945,42.77000045776367,42.810001373291016,3406158
2025-03-27 09:30:00-04:00,42.939998626708984,43.02000045776367,42.51499938964844,42.81999969482422,6264760
2025-03-27 10:30:00-04:00,42.89500045776367,43.09000015258789,42.88999938964844,42.95000076293945,3182752
2025-03-27 11:30:00-04:00,42.880001068115234,42.91999816894531,42.67499923706055,42.900001525878906,1841190
2025-03-27 12:30:00-04:00,42.60499954223633,42.95500183105469,42.595001220703125,42.875,2549810
2025-03-27 13:30:00-04:00,42.64440155029297,42.720001220703125,42.529998779296875,42.599998474121094,1995310
2025-03-27 14:30:00-04:00,42.88999938964844,42.90999984741211,42.61000061035156,42.64500045776367,2334923
2025-03-27 15:30:00-04:00,42.56999969482422,42.89500045776367,42.54999923706055,42.88999938964844,2555620
2025-03-28 09:30:00-04:00,41.415000915527344,42.619998931884766,41.415000915527344,42.439998626708984,5876095
2025-03-28 10:30:00-04:00,41.310001373291016,41.4900016784668,41.220001220703125,41.41999816894531,5002980
2025-03-28 11:30:00-04:00,41.185001373291016,41.54999923706055,41.18000030517578,41.31999969482422,3412242
2025-03-28 12:30:00-04:00,41.02000045776367,41.27000045776367,41.0,41.185001373291016,2432893
2025-03-28 13:30:00-04:00,41.125,41.224998474121094,40.98500061035156,41.01499938964844,2450255
2025-03-28 14:30:00-04:00,41.08000183105469,41.185001373291016,41.040000915527344,41.119998931884766,2512551
2025-03-28 15:30:00-04:00,41.25,41.29999923706055,41.005001068115234,41.084999084472656,5209276
2025-03-31 09:30:00-04:00,40.90999984741211,41.11000061035156,40.60499954223633,40.779998779296875,9219129
2025-03-31 10:30:00-04:00,41.25,41.34000015258789,40.904998779296875,40.915000915527344,2421843
2025-03-31 11:30:00-04:00,41.470001220703125,41.474998474121094,41.16999816894531,41.255001068115234,2077923
2025-03-31 12:30:00-04:00,41.349998474121094,41.47999954223633,41.2599983215332,41.459999084472656,1994598
2025-03-31 13:30:00-04:00,41.55500030517578,41.630001068115234,41.220001220703125,41.349998474121094,2345162
2025-03-31 14:30:00-04:00,41.599998474121094,41.7400016784668,41.459999084472656,41.55500030517578,2672334
2025-03-31 15:30:00-04:00,41.755001068115234,41.89500045776367,41.584999084472656,41.60499954223633,4172659
2025-04-01 09:30:00-04:00,41.05500030517578,41.459999084472656,40.96500015258789,41.31999969482422,5192427
2025-04-01 10:30:00-04:00,41.43000030517578,41.599998474121094,41.02000045776367,41.05500030517578,3120022
2025-04-01 11:30:00-04:00,41.47010040283203,41.70000076293945,41.3849983215332,41.41999816894531,3347875
2025-04-01 12:30:00-04:00,41.349998474121094,41.560001373291016,41.330101013183594,41.474998474121094,1933733
2025-04-01 13:30:00-04:00,41.185001373291016,41.42499923706055,41.11000061035156,41.34000015258789,2091794
2025-04-01 14:30:00-04:00,41.40999984741211,41.470001220703125,41.13999938964844,41.18000030517578,2786505
2025-04-01 15:30:00-04:00,41.47999954223633,41.58000183105469,41.369998931884766,41.40999984741211,3109770
2025-04-02 09:30:00-04:00,41.54999923706055,41.58000183105469,40.814998626708984,40.880001068115234,6083568
2025-04-02 10:30:00-04:00,41.755001068115234,41.79999923706055,41.525001525878906,41.54499816894531,2563990
2025-04-02 11:30:00-04:00,41.6599006652832,41.790000915527344,41.529998779296875,41.755001068115234,2267176
2025-04-02 12:30:00-04:00,41.82500076293945,41.970001220703125,41.599998474121094,41.65999984741211,2326915
2025-04-02 13:30:00-04:00,41.5099983215332,41.83000183105469,41.5099983215332,41.82500076293945,2151297
2025-04-02 14:30:00-04:00,41.65999984741211,41.709999084472656,41.4900016784668,41.5,3160520
2025-04-02 15:30:00-04:00,41.82500076293945,41.880001068115234,41.630001068115234,41.654998779296875,4093997
2025-04-03 09:30:00-04:00,37.970001220703125,38.84000015258789,37.76499938964844,38.630001068115234,38609468
2025-04-03 10:30:00-04:00,37.718101501464844,38.04999923706055,37.31999969482422,37.96500015258789,18230841
2025-04-03 11:30:00-04:00,38.27000045776367,38.279998779296875,37.660099029541016,37.71500015258789,7778872
2025-04-03 12:30:00-04:00,37.970001220703125,38.33000183105469,37.915000915527344,38.27000045776367,6570436
2025-04-03 13:30:00-04:00,37.57500076293945,38.150001525878906,37.525001525878906,37.974998474121094,7371228
2025-04-03 14:30:00-04:00,37.121700286865234,37.61000061035156,37.08000183105469,37.57500076293945,10494958
2025-04-03 15:30:00-04:00,37.20500183105469,37.29999923706055,37.01499938964844,37.125,14259097
2025-04-04 09:30:00-04:00,34.40999984741211,35.790000915527344,34.34000015258789,35.59000015258789,26505608
2025-04-04 10:30:00-04:00,34.43000030517578,34.900001525878906,33.66999816894531,34.40999984741211,18124941
2025-04-04 11:30:00-04:00,34.16999816894531,34.5,33.994998931884766,34.42499923706055,12093327
2025-04-04 12:30:00-04:00,34.27000045776367,34.709999084472656,34.0890998840332,34.17499923706055,9929461
2025-04-04 13:30:00-04:00,34.224998474121094,34.6974983215332,34.1349983215332,34.27000045776367,8389451
2025-04-04 14:30:00-04:00,34.44499969482422,34.61000061035156,33.959999084472656,34.220001220703125,8306071
2025-04-04 15:30:00-04:00,34.35499954223633,34.689998626708984,34.23500061035156,34.439998626708984,12368341
2025-04-07 09:30:00-04:00,34.689998626708984,36.630001068115234,33.540000915527344,34.0099983215332,35059989
2025-04-07 10:30:00-04:00,34.470001220703125,35.709999084472656,34.15999984741211,34.70000076293945,22015745
2025-04-07 11:30:00-04:00,34.86000061035156,35.51499938964844,34.474998474121094,34.47999954223633,13844698
2025-04-07 12:30:00-04:00,35.44499969482422,35.46500015258789,34.53499984741211,34.85499954223633,10079005
2025-04-07 13:30:00-04:00,35.369998931884766,35.97999954223633,35.03499984741211,35.439998626708984,15539903
2025-04-07 14:30:00-04:00,35.2864990234375,35.755001068115234,35.19499969482422,35.3650016784668,11673453
2025-04-07 15:30:00-04:00,35.58000183105469,35.7599983215332,35.22999954223633,35.28499984741211,10618341
2025-04-08 09:30:00-04:00,36.904998779296875,37.32500076293945,36.779998779296875,36.86000061035156,15185982
2025-04-08 10:30:00-04:00,35.904998779296875,36.974998474121094,35.88209915161133,36.904998779296875,9716043
2025-04-08 11:30:00-04:00,36.05500030517578,36.36000061035156,35.8849983215332,35.904998779296875,6298896
2025-04-08 12:30:00-04:00,35.40999984741211,36.130001068115234,35.36000061035156,36.05500030517578,8398014
2025-04-08 13:30:00-04:00,35.3849983215332,35.939998626708984,35.33000183105469,35.415000915527344,7790488
2025-04-08 14:30:00-04:00,34.88570022583008,35.93000030517578,34.599998474121094,35.38999938964844,10248867
2025-04-08 15:30:00-04:00,35.02000045776367,35.119998931884766,34.33000183105469,34.8849983215332,10754968
2025-04-09 09:30:00-04:00,33.8650016784668,34.529998779296875,33.619998931884766,34.04999923706055,23489908
2025-04-09 10:30:00-04:00,33.43000030517578,34.099998474121094,33.064998626708984,33.86000061035156,19210149
2025-04-09 11:30:00-04:00,33.564998626708984,33.720001220703125,33.20000076293945,33.435001373291016,10095536
2025-04-09 12:30:00-04:00,36.0099983215332,37.0,33.290000915527344,33.560001373291016,24786028
2025-04-09 13:30:00-04:00,37.33000183105469,37.52000045776367,35.88999938964844,36.040000915527344,28240936
2025-04-09 14:30:00-04:00,37.220001220703125,37.85499954223633,36.775001525878906,37.31999969482422,19320907
2025-04-09 15:30:00-04:00,37.15999984741211,37.57500076293945,37.08000183105469,37.21500015258789,23005226
2025-04-10 09:30:00-04:00,35.81999969482422,36.400001525878906,35.209999084472656,36.31999969482422,17802431
2025-04-10 10:30:00-04:00,35.58000183105469,36.119998931884766,35.52000045776367,35.81999969482422,7725444
2025-04-10 11:30:00-04:00,34.75,35.64500045776367,34.630001068115234,35.58000183105469,9861483
2025-04-10 12:30:00-04:00,35.253700256347656,35.560001373291016,34.70000076293945,34.7400016784668,11652219
2025-04-10 13:30:00-04:00,35.97999954223633,36.0099983215332,35.16999816894531,35.255001068115234,9636133
2025-04-10 14:30:00-04:00,35.46500015258789,36.25,35.45000076293945,35.97999954223633,9886943
2025-04-10 15:30:00-04:00,35.82500076293945,35.88999938964844,35.19499969482422,35.474998474121094,11368436
2025-04-11 09:30:00-04:00,35.09000015258789,36.18000030517578,35.060001373291016,35.20000076293945,13680035
2025-04-11 10:30:00-04:00,35.0,35.625,34.810001373291016,35.084999084472656,8794989
2025-04-11 11:30:00-04:00,35.125,35.290000915527344,34.91999816894531,35.0,5256782
2025-04-11 12:30:00-04:00,35.6057014465332,35.85499954223633,35.125,35.125,6282126
2025-04-11 13:30:00-04:00,35.775001525878906,36.224998474121094,35.54999923706055,35.61000061035156,9002923
2025-04-11 14:30:00-04:00,36.08000183105469,36.130001068115234,35.70000076293945,35.779998779296875,5254503
2025-04-11 15:30:00-04:00,35.95000076293945,36.119998931884766,35.900001525878906,36.084999084472656,8023395
2025-04-14 09:30:00-04:00,36.88999938964844,36.9900016784668,36.27000045776367,36.5099983215332,12306640
2025-04-14 10:30:00-04:00,36.51499938964844,36.98500061035156,36.505001068115234,36.89500045776367,5445279
2025-04-14 11:30:00-04:00,36.474998474121094,36.65999984741211,36.310001373291016,36.52000045776367,4639398
2025-04-14 12:30:00-04:00,36.69499969482422,36.849998474121094,36.45500183105469,36.47999954223633,4800529
2025-04-14 13:30:00-04:00,36.8849983215332,36.90999984741211,36.63999938964844,36.689998626708984,3768217
2025-04-14 14:30:00-04:00,36.82500076293945,36.959999084472656,36.810001373291016,36.880001068115234,3407819
2025-04-14 15:30:00-04:00,36.709999084472656,36.88999938964844,36.625,36.81999969482422,6178274
2025-04-15 09:30:00-04:00,37.8650016784668,38.75,37.79499816894531,37.79999923706055,31242646
2025-04-15 10:30:00-04:00,38.08000183105469,38.334999084472656,37.849998474121094,37.87620162963867,10471305
2025-04-15 11:30:00-04:00,38.23500061035156,38.31999969482422,38.064998626708984,38.09000015258789,5855547
2025-04-15 12:30:00-04:00,38.345001220703125,38.41999816894531,38.18000030517578,38.233699798583984,6266535
2025-04-15 13:30:00-04:00,38.19499969482422,38.40999984741211,38.15999984741211,38.345001220703125,7309125
2025-04-15 14:30:00-04:00,38.040000915527344,38.25,38.0099983215332,38.189998626708984,6257732
2025-04-15 15:30:00-04:00,38.0099983215332,38.119998931884766,37.869998931884766,38.03499984741211,9744095
2025-04-16 09:30:00-04:00,37.58000183105469,38.154998779296875,37.45000076293945,37.86000061035156,11122696
2025-04-16 10:30:00-04:00,37.85240173339844,37.880001068115234,37.415000915527344,37.58000183105469,5244248
2025-04-16 11:30:00-04:00,37.78499984741211,37.89500045776367,37.60499954223633,37.86000061035156,4748898
2025-04-16 12:30:00-04:00,37.81010055541992,37.8849983215332,37.665000915527344,37.78499984741211,3996164
2025-04-16 13:30:00-04:00,37.51499938964844,37.82500076293945,37.2400016784668,37.81999969482422,7085179
2025-04-16 14:30:00-04:00,37.005001068115234,37.540000915527344,36.970001220703125,37.5099983215332,7255844
2025-04-16 15:30:00-04:00,37.349998474121094,37.36000061035156,37.0099983215332,37.0099983215332,7505521
2025-04-17 09:30:00-04:00,37.28499984741211,37.724998474121094,37.279998779296875,37.505001068115234,9527756
2025-04-17 10:30:00-04:00,37.57500076293945,37.64500045776367,37.2400016784668,37.290000915527344,5847267
2025-04-17 11:30:00-04:00,37.80500030517578,37.834999084472656,37.470001220703125,37.57500076293945,6378745
2025-04-17 12:30:00-04:00,37.540000915527344,37.86989974975586,37.52000045776367,37.79999923706055,4303976
2025-04-17 13:30:00-04:00,37.755001068115234,37.84000015258789,37.540000915527344,37.540000915527344,4121244
2025-04-17 14:30:00-04:00,37.60499954223633,37.83000183105469,37.54999923706055,37.75510025024414,4475000
2025-04-17 15:30:00-04:00,37.41999816894531,37.65999984741211,37.400001525878906,37.60499954223633,5772707
2025-04-21 09:30:00-04:00,36.8849983215332,37.27980041503906,36.709999084472656,37.06999969482422,6551479
2025-04-21 10:30:00-04:00,36.685001373291016,36.939998626708984,36.6349983215332,36.880001068115234,3696543
2025-04-21 11:30:00-04:00,36.70500183105469,36.75,36.529998779296875,36.685001373291016,3341926
2025-04-21 12:30:00-04:00,36.62969970703125,36.849998474121094,36.599998474121094,36.70500183105469,3366436
2025-04-21 13:30:00-04:00,36.669700622558594,36.68000030517578,36.494998931884766,36.625,3279197
2025-04-21 14:30:00-04:00,36.64500045776367,36.72999954223633,36.540000915527344,36.664398193359375,3045688
2025-04-21 15:30:00-04:00,36.91999816894531,36.95000076293945,36.6150016784668,36.6422004699707,5532812
2025-04-22 09:30:00-04:00,37.76499938964844,37.95930099487305,37.400001525878906,37.56999969482422,7365958
2025-04-22 10:30:00-04:00,37.869998931884766,38.0,37.720001220703125,37.76499938964844,4278169
2025-04-22 11:30:00-04:00,38.17499923706055,38.23500061035156,37.779998779296875,37.869998931884766,3850265
2025-04-22 12:30:00-04:00,37.709999084472656,38.20000076293945,37.68000030517578,38.16999816894531,4695285
2025-04-22 13:30:00-04:00,38.09000015258789,38.12580108642578,37.654998779296875,37.70500183105469,3768599
2025-04-22 14:30:00-04:00,38.150001525878906,38.25,38.06999969482422,38.09000015258789,3706868
2025-04-22 15:30:00-04:00,38.33000183105469,38.4900016784668,38.130001068115234,38.14500045776367,7240838
2025-04-23 09:30:00-04:00,39.619998931884766,40.130001068115234,39.369998931884766,39.404998779296875,16163516
2025-04-23 10:30:00-04:00,39.185001373291016,39.72999954223633,39.10499954223633,39.625,6517691
2025-04-23 11:30:00-04:00,38.92499923706055,39.20500183105469,38.7599983215332,39.185001373291016,6541128
2025-04-23 12:30:00-04:00,39.10499954223633,39.209999084472656,38.91999816894531,38.92499923706055,4142754
2025-04-23 13:30:00-04:00,38.831600189208984,39.185001373291016,38.80500030517578,39.11000061035156,4385190
2025-04-23 14:30:00-04:00,38.69499969482422,38.95000076293945,38.66999816894531,38.834999084472656,3877917
2025-04-23 15:30:00-04:00,38.724998474121094,38.91999816894531,38.685001373291016,38.70000076293945,6338952
2025-04-24 09:30:00-04:00,39.16999816894531,39.244998931884766,38.595001220703125,38.65999984741211,12667473
2025-04-24 10:30:00-04:00,39.2599983215332,39.29999923706055,39.09000015258789,39.16999816894531,4056320
2025-04-24 11:30:00-04:00,39.55500030517578,39.650001525878906,39.20000076293945,39.26499938964844,5065937
2025-04-24 12:30:00-04:00,39.625,39.6968994140625,39.54499816894531,39.55500030517578,3013358
2025-04-24 13:30:00-04:00,39.53010177612305,39.70000076293945,39.52000045776367,39.630001068115234,2566458
2025-04-24 14:30:00-04:00,39.564998626708984,39.64500045776367,39.4900016784668,39.53499984741211,2694513
2025-04-24 15:30:00-04:00,39.58000183105469,39.689998626708984,39.53010177612305,39.56999969482422,4499570
2025-04-25 09:30:00-04:00,39.375,39.775001525878906,39.34000015258789,39.540000915527344,9026435
2025-04-25 10:30:00-04:00,39.47999954223633,39.619998931884766,39.314998626708984,39.375,3660409
2025-04-25 11:30:00-04:00,39.654998779296875,39.69820022583008,39.40999984741211,39.474998474121094,2860933
2025-04-25 12:30:00-04:00,39.775001525878906,39.779998779296875,39.56999969482422,39.654998779296875,2490589
2025-04-25 13:30:00-04:00,39.619998931884766,39.790000915527344,39.40999984741211,39.775001525878906,3166728
2025-04-25 14:30:00-04:00,39.625,39.71689987182617,39.56999969482422,39.619998931884766,3307393
2025-04-25 15:30:00-04:00,39.65999984741211,39.70000076293945,39.5099983215332,39.625,3973930
2025-04-28 09:30:00-04:00,39.915000915527344,40.08000183105469,39.779998779296875,39.79999923706055,6527101
2025-04-28 10:30:00-04:00,39.63999938964844,39.970001220703125,39.619998931884766,39.90999984741211,6856398
2025-04-28 11:30:00-04:00,39.54999923706055,39.724998474121094,39.51499938964844,39.6349983215332,2639398
2025-04-28 12:30:00-04:00,39.483699798583984,39.650001525878906,39.483699798583984,39.560001373291016,2076755
2025-04-28 13:30:00-04:00,39.630001068115234,39.68000030517578,39.459999084472656,39.47999954223633,2337744
2025-04-28 14:30:00-04:00,39.81999969482422,39.83000183105469,39.61000061035156,39.63199996948242,2571800
2025-04-28 15:30:00-04:00,39.779998779296875,39.8849983215332,39.7599983215332,39.81999969482422,3982238
2025-04-29 09:30:00-04:00,39.4900016784668,39.86000061035156,39.47999954223633,39.630001068115234,4938411
2025-04-29 10:30:00-04:00,39.869998931884766,39.88999938964844,39.48500061035156,39.492000579833984,3591559
2025-04-29 11:30:00-04:00,39.93000030517578,39.94499969482422,39.77000045776367,39.877899169921875,2537515
2025-04-29 12:30:00-04:00,39.9900016784668,40.0,39.81439971923828,39.93000030517578,2635578
2025-04-29 13:30:00-04:00,39.98500061035156,40.13999938964844,39.939998626708984,39.99639892578125,2947909
2025-04-29 14:30:00-04:00,40.029998779296875,40.057098388671875,39.95000076293945,39.97999954223633,2151886
2025-04-29 15:30:00-04:00,39.97999954223633,40.08000183105469,39.935001373291016,40.03499984741211,3975971
2025-04-30 09:30:00-04:00,39.18000030517578,39.36000061035156,38.814998626708984,39.36000061035156,7686304
2025-04-30 10:30:00-04:00,39.39500045776367,39.459999084472656,39.099998474121094,39.18000030517578,4120303
2025-04-30 11:30:00-04:00,39.41999816894531,39.529998779296875,39.369998931884766,39.38999938964844,2192101
2025-04-30 12:30:00-04:00,39.564998626708984,39.59000015258789,39.3849983215332,39.41999816894531,2387944
2025-04-30 13:30:00-04:00,39.51499938964844,39.779998779296875,39.48500061035156,39.560001373291016,3362364
2025-04-30 14:30:00-04:00,39.52000045776367,39.59000015258789,39.38999938964844,39.512001037597656,3099549
2025-04-30 15:30:00-04:00,39.86000061035156,40.0,39.459999084472656,39.52000045776367,5628373
2025-05-01 09:30:00-04:00,40.064998626708984,40.130001068115234,39.58000183105469,39.81999969482422,6727408
2025-05-01 10:30:00-04:00,40.21500015258789,40.26499938964844,39.959999084472656,40.060001373291016,2922900
2025-05-01 11:30:00-04:00,40.19499969482422,40.22999954223633,40.04999923706055,40.220001220703125,2742623
2025-05-01 12:30:00-04:00,40.290000915527344,40.349998474121094,40.16999816894531,40.19499969482422,2256773
2025-05-01 13:30:00-04:00,40.29999923706055,40.31999969482422,40.220001220703125,40.29499816894531,2049144
2025-05-01 14:30:00-04:00,40.351200103759766,40.380001068115234,40.27000045776367,40.29999923706055,3489258
2025-05-01 15:30:00-04:00,40.15999984741211,40.439998626708984,40.099998474121094,40.349998474121094,6003067
2025-05-02 09:30:00-04:00,40.974998474121094,41.08000183105469,40.70009994506836,40.90999984741211,7278377
2025-05-02 10:30:00-04:00,40.814998626708984,41.0099983215332,40.80500030517578,40.974998474121094,3657984
2025-05-02 11:30:00-04:00,41.02000045776367,41.08000183105469,40.79999923706055,40.814998626708984,3365975
2025-05-02 12:30:00-04:00,41.000999450683594,41.09000015258789,40.959999084472656,41.02000045776367,2445163
2025-05-02 13:30:00-04:00,41.07500076293945,41.09000015258789,40.95000076293945,41.005001068115234,2783537
2025-05-02 14:30:00-04:00,41.220001220703125,41.22999954223633,41.060001373291016,41.07500076293945,3510565
2025-05-02 15:30:00-04:00,41.05500030517578,41.224998474121094,41.029998779296875,41.224998474121094,4670454
2025-05-05 09:30:00-04:00,41.275001525878906,41.275001525878906,40.619998931884766,40.849998474121094,6232560
2025-05-05 10:30:00-04:00,41.31999969482422,41.39500045776367,41.244998931884766,41.27000045776367,2822670
2025-05-05 11:30:00-04:00,41.3849983215332,41.400001525878906,41.244998931884766,41.32500076293945,2330767
2025-05-05 12:30:00-04:00,41.36000061035156,41.43000030517578,41.34000015258789,41.380001068115234,2339238
2025-05-05 13:30:00-04:00,41.3849983215332,41.4900016784668,41.36000061035156,41.36000061035156,3232854
2025-05-05 14:30:00-04:00,41.29499816894531,41.45000076293945,41.27000045776367,41.380001068115234,3288717
2025-05-05 15:30:00-04:00,41.119998931884766,41.30500030517578,41.04499816894531,41.290000915527344,4498221
2025-05-06 09:30:00-04:00,41.05500030517578,41.1150016784668,40.55500030517578,40.650001525878906,5628115
2025-05-06 10:30:00-04:00,41.20500183105469,41.209999084472656,41.04999923706055,41.05500030517578,3068405
2025-05-06 11:30:00-04:00,41.1150016784668,41.27000045776367,41.060001373291016,41.209999084472656,2463184
2025-05-06 12:30:00-04:00,40.974998474121094,41.150001525878906,40.95000076293945,41.11000061035156,2176500
2025-05-06 13:30:00-04:00,41.025001525878906,41.029998779296875,40.83000183105469,40.970001220703125,2424119
2025-05-06 14:30:00-04:00,41.0099983215332,41.06990051269531,40.974998474121094,41.025001525878906,2350631
2025-05-06 15:30:00-04:00,40.810001373291016,41.04990005493164,40.790000915527344,41.01499938964844,3931426
2025-05-07 09:30:00-04:00,41.125,41.209999084472656,40.8650016784668,41.040000915527344,4236619
2025-05-07 10:30:00-04:00,41.165000915527344,41.18000030517578,41.06999969482422,41.12110137939453,2311978
2025-05-07 11:30:00-04:00,41.119998931884766,41.244998931884766,41.1150016784668,41.15999984741211,2315823
2025-05-07 12:30:00-04:00,41.26499938964844,41.34000015258789,41.119998931884766,41.119998931884766,2138107
2025-05-07 13:30:00-04:00,40.974998474121094,41.279998779296875,40.869998931884766,41.262001037597656,4326226
2025-05-07 14:30:00-04:00,40.96500015258789,41.22990036010742,40.92300033569336,40.97999954223633,3807176
2025-05-07 15:30:00-04:00,40.92499923706055,41.224998474121094,40.86000061035156,40.970001220703125,4805268
2025-05-08 09:30:00-04:00,41.459999084472656,41.599998474121094,41.25,41.28499984741211,6853260
2025-05-08 10:30:00-04:00,41.849998474121094,41.90999984741211,41.38999938964844,41.46500015258789,5259097
2025-05-08 11:30:00-04:00,41.95500183105469,42.06999969482422,41.77000045776367,41.849998474121094,3641994
2025-05-08 12:30:00-04:00,42.02000045776367,42.14979934692383,41.95000076293945,41.95000076293945,3205256
2025-05-08 13:30:00-04:00,41.91270065307617,42.06999969482422,41.8849983215332,42.025001525878906,2666408
2025-05-08 14:30:00-04:00,41.994998931884766,42.040000915527344,41.79999923706055,41.915000915527344,3423258
2025-05-08 15:30:00-04:00,41.6349983215332,42.0099983215332,41.59000015258789,41.994998931884766,5399593
2025-05-09 09:30:00-04:00,41.79999923706055,41.97999954223633,41.689998626708984,41.72999954223633,4574191
2025-05-09 10:30:00-04:00,41.79999923706055,41.834999084472656,41.70000076293945,41.79999923706055,2790896
2025-05-09 11:30:00-04:00,41.724998474121094,41.83000183105469,41.689998626708984,41.79999923706055,2090673
2025-05-09 12:30:00-04:00,41.79499816894531,41.81990051269531,41.689998626708984,41.724998474121094,1822699
2025-05-09 13:30:00-04:00,41.87540054321289,41.91999816894531,41.775001525878906,41.79499816894531,2154112
2025-05-09 14:30:00-04:00,41.900001525878906,41.970001220703125,41.83000183105469,41.875,2421008
2025-05-09 15:30:00-04:00,41.790000915527344,41.904998779296875,41.76499938964844,41.904998779296875,2549650
2025-05-12 09:30:00-04:00,43.255001068115234,43.95500183105469,43.22999954223633,43.31999969482422,13657032
2025-05-12 10:30:00-04:00,43.165000915527344,43.380001068115234,42.939998626708984,43.2599983215332,6593480
2025-05-12 11:30:00-04:00,43.23500061035156,43.290000915527344,43.1150016784668,43.15999984741211,3410874
2025-05-12 12:30:00-04:00,43.42499923706055,43.529998779296875,43.22999954223633,43.23500061035156,3327232
2025-05-12 13:30:00-04:00,43.41999816894531,43.45500183105469,43.36000061035156,43.43000030517578,2799887
2025-05-12 14:30:00-04:00,43.29499816894531,43.47999954223633,43.290000915527344,43.42499923706055,3491547
2025-05-12 15:30:00-04:00,43.369998931884766,43.38999938964844,43.26499938964844,43.29499816894531,5433562
2025-05-13 09:30:00-04:00,44.09159851074219,44.185001373291016,43.41999816894531,43.41999816894531,10437899
2025-05-13 10:30:00-04:00,44.11360168457031,44.209999084472656,43.96500015258789,44.09360122680664,5473783
2025-05-13 11:30:00-04:00,44.224998474121094,44.345001220703125,44.084999084472656,44.11000061035156,5048167
2025-05-13 12:30:00-04:00,44.35499954223633,44.48500061035156,44.220001220703125,44.22719955444336,4772809
2025-05-13 13:30:00-04:00,44.29999923706055,44.41999816894531,44.22999954223633,44.35499954223633,3549259
2025-05-13 14:30:00-04:00,44.29999923706055,44.3760986328125,44.27000045776367,44.30500030517578,4386801
2025-05-13 15:30:00-04:00,44.275001525878906,44.40660095214844,44.25,44.29999923706055,4419931
2025-05-14 09:30:00-04:00,44.35499954223633,44.52000045776367,44.130001068115234,44.189998626708984,6120605
2025-05-14 10:30:00-04:00,44.6349983215332,44.650001525878906,44.334999084472656,44.35499954223633,5040666
2025-05-14 11:30:00-04:00,44.775001525878906,44.81909942626953,44.630001068115234,44.6349983215332,6285194
2025-05-14 12:30:00-04:00,44.70500183105469,44.83000183105469,44.654998779296875,44.775001525878906,4208268
2025-05-14 13:30:00-04:00,44.69499969482422,44.795799255371094,44.65999984741211,44.70500183105469,2961408
2025-05-14 14:30:00-04:00,44.76499938964844,44.8650016784668,44.689998626708984,44.69499969482422,4094628
2025-05-14 15:30:00-04:00,44.720001220703125,44.91999816894531,44.68000030517578,44.76499938964844,6173164
2025-05-15 09:30:00-04:00,44.1349983215332,44.97999954223633,44.119998931884766,44.599998474121094,8842610
2025-05-15 10:30:00-04:00,44.084999084472656,44.2599983215332,44.029998779296875,44.13999938964844,5680705
2025-05-15 11:30:00-04:00,44.060001373291016,44.220001220703125,44.0099983215332,44.084999084472656,4689063
2025-05-15 12:30:00-04:00,44.20500183105469,44.209999084472656,44.040000915527344,44.05500030517578,3981557
2025-05-15 13:30:00-04:00,44.435001373291016,44.439998626708984,44.16999816894531,44.20500183105469,3922317
2025-05-15 14:30:00-04:00,44.459999084472656,44.584999084472656,44.41999816894531,44.435001373291016,4058224
2025-05-15 15:30:00-04:00,44.41999816894531,44.540000915527344,44.310001373291016,44.459999084472656,5807290
2025-05-16 09:30:00-04:00,43.96649932861328,44.36000061035156,43.654998779296875,44.34000015258789,13502785
2025-05-16 10:30:00-04:00,44.334999084472656,44.34000015258789,43.845001220703125,43.970001220703125,5878674
2025-05-16 11:30:00-04:00,44.51499938964844,44.584999084472656,44.31999969482422,44.334999084472656,5976730
2025-05-16 12:30:00-04:00,44.65999984741211,44.68000030517578,44.37289810180664,44.51499938964844,3616882
2025-05-16 13:30:00-04:00,44.71500015258789,44.72999954223633,44.599998474121094,44.65999984741211,3681743
2025-05-16 14:30:00-04:00,44.625,44.790000915527344,44.619998931884766,44.709999084472656,4916494
2025-05-16 15:30:00-04:00,44.68000030517578,44.75,44.61000061035156,44.625,5976669
2025-05-19 09:30:00-04:00,44.890899658203125,45.13999938964844,44.11000061035156,44.11000061035156,10622172
2025-05-19 10:30:00-04:00,44.665000915527344,44.97999954223633,44.58000183105469,44.89500045776367,5702917
2025-05-19 11:30:00-04:00,44.86000061035156,44.880001068115234,44.47999954223633,44.665000915527344,2691120
2025-05-19 12:30:00-04:00,44.82500076293945,44.880001068115234,44.790000915527344,44.86009979248047,3012350
2025-05-19 13:30:00-04:00,44.69499969482422,44.84000015258789,44.52000045776367,44.82500076293945,2353411
2025-05-19 14:30:00-04:00,44.71989822387695,44.779998779296875,44.66299819946289,44.69499969482422,2215492
2025-05-19 15:30:00-04:00,44.755001068115234,44.790000915527344,44.630001068115234,44.71989822387695,4218794
2025-05-20 09:30:00-04:00,44.724998474121094,44.84000015258789,44.459999084472656,44.59000015258789,4745625
2025-05-20 10:30:00-04:00,44.849998474121094,44.869998931884766,44.70000076293945,44.720001220703125,3435257
2025-05-20 11:30:00-04:00,44.88010025024414,44.90999984741211,44.79999923706055,44.85499954223633,3645444
2025-05-20 12:30:00-04:00,44.76499938964844,44.90999984741211,44.7400016784668,44.8849983215332,2824324
2025-05-20 13:30:00-04:00,44.5,44.775001525878906,44.5,44.76499938964844,2741926
2025-05-20 14:30:00-04:00,44.599998474121094,44.63999938964844,44.40999984741211,44.5,3380371
2025-05-20 15:30:00-04:00,44.689998626708984,44.720001220703125,44.599998474121094,44.60499954223633,3658094
2025-05-21 09:30:00-04:00,44.18479919433594,44.4900016784668,44.18149948120117,44.369998931884766,5953607
2025-05-21 10:30:00-04:00,43.845001220703125,44.20000076293945,43.79999923706055,44.185001373291016,8320237
2025-05-21 11:30:00-04:00,43.834999084472656,43.880001068115234,43.619998931884766,43.845001220703125,5446558
2025-05-21 12:30:00-04:00,43.31999969482422,43.90999984741211,43.30500030517578,43.83000183105469,5434040
2025-05-21 13:30:00-04:00,43.38999938964844,43.5,43.262298583984375,43.32500076293945,6729618
2025-05-21 14:30:00-04:00,43.17499923706055,43.42499923706055,43.14500045776367,43.38999938964844,6731359
2025-05-21 15:30:00-04:00,43.21500015258789,43.41999816894531,43.17499923706055,43.17499923706055,6934998
2025-05-22 09:30:00-04:00,43.18000030517578,43.276798248291016,42.959999084472656,43.17499923706055,6611657
2025-05-22 10:30:00-04:00,43.334999084472656,43.400001525878906,43.119998931884766,43.189998626708984,4758064
2025-05-22 11:30:00-04:00,43.375,43.47999954223633,43.31999969482422,43.334999084472656,2778689
2025-05-22 12:30:00-04:00,43.415000915527344,43.45000076293945,43.29999923706055,43.375,2834663
2025-05-22 13:30:00-04:00,43.50019836425781,43.52000045776367,43.400001525878906,43.415000915527344,2447692
2025-05-22 14:30:00-04:00,43.560001373291016,43.56999969482422,43.42499923706055,43.50019836425781,2376883
2025-05-22 15:30:00-04:00,43.29999923706055,43.560001373291016,43.25,43.55500030517578,3800806
2025-05-23 09:30:00-04:00,42.95000076293945,43.13999938964844,42.349998474121094,42.47999954223633,6841846
2025-05-23 10:30:00-04:00,43.09000015258789,43.119998931884766,42.86000061035156,42.959999084472656,7065272
2025-05-23 11:30:00-04:00,43.19499969482422,43.244998931884766,43.08000183105469,43.09000015258789,2834657
2025-05-23 12:30:00-04:00,43.345001220703125,43.349998474121094,43.11000061035156,43.19499969482422,2430998
2025-05-23 13:30:00-04:00,43.30500030517578,43.43000030517578,43.2400016784668,43.34000015258789,2564168
2025-05-23 14:30:00-04:00,43.244998931884766,43.3650016784668,43.220001220703125,43.29999923706055,2887272
2025-05-23 15:30:00-04:00,43.19499969482422,43.349998474121094,43.084999084472656,43.2400016784668,4913866
2025-05-27 09:30:00-04:00,43.78499984741211,43.849998474121094,43.29499816894531,43.790000915527344,7885600
2025-05-27 10:30:00-04:00,43.814998626708984,43.86000061035156,43.650001525878906,43.78499984741211,4683976
2025-05-27 11:30:00-04:00,43.905399322509766,43.935001373291016,43.779998779296875,43.814998626708984,3366257
2025-05-27 12:30:00-04:00,44.005001068115234,44.08000183105469,43.880001068115234,43.900001525878906,3500907
2025-05-27 13:30:00-04:00,44.1349983215332,44.18989944458008,44.0,44.005001068115234,2401418
2025-05-27 14:30:00-04:00,44.10499954223633,44.20989990234375,44.0900993347168,44.1349983215332,2688373
2025-05-27 15:30:00-04:00,44.220001220703125,44.220001220703125,44.099998474121094,44.10499954223633,4821684
2025-05-28 09:30:00-04:00,44.20500183105469,44.438499450683594,44.16999816894531,44.209999084472656,5355550
2025-05-28 10:30:00-04:00,44.000099182128906,44.2400016784668,43.9900016784668,44.20000076293945,4428781
2025-05-28 11:30:00-04:00,44.005001068115234,44.04999923706055,43.959999084472656,44.0,2726867
2025-05-28 12:30:00-04:00,44.14500045776367,44.15999984741211,43.97999954223633,44.0,2796296
2025-05-28 13:30:00-04:00,44.22999954223633,44.23820114135742,44.099998474121094,44.14500045776367,2296633
2025-05-28 14:30:00-04:00,44.13999938964844,44.2599983215332,44.07500076293945,44.23500061035156,3394290
2025-05-28 15:30:00-04:00,44.04999923706055,44.154998779296875,43.959999084472656,44.13999938964844,5102431
2025-05-29 09:30:00-04:00,44.1349983215332,44.459999084472656,43.970001220703125,44.369998931884766,4897409
2025-05-29 10:30:00-04:00,44.169898986816406,44.19499969482422,44.029998779296875,44.1349983215332,3368280
2025-05-29 11:30:00-04:00,44.059898376464844,44.16999816894531,43.900001525878906,44.165000915527344,3754321
2025-05-29 12:30:00-04:00,44.04499816894531,44.15999984741211,44.02000045776367,44.04999923706055,3007194
2025-05-29 13:30:00-04:00,44.07500076293945,44.1599006652832,44.029998779296875,44.040000915527344,2836034
2025-05-29 14:30:00-04:00,44.02000045776367,44.189998626708984,44.02000045776367,44.07500076293945,3013880
2025-05-29 15:30:00-04:00,44.27000045776367,44.279998779296875,44.02000045776367,44.02000045776367,4083617
2025-05-30 09:30:00-04:00,44.109901428222656,44.22999954223633,43.83000183105469,44.189998626708984,9714610
2025-05-30 10:30:00-04:00,44.1150016784668,44.15999984741211,44.029998779296875,44.099998474121094,3012678
2025-05-30 11:30:00-04:00,43.88999938964844,44.13999938964844,43.8650016784668,44.11000061035156,3453581
2025-05-30 12:30:00-04:00,43.92499923706055,43.939998626708984,43.720001220703125,43.900001525878906,3767977
2025-05-30 13:30:00-04:00,44.2400016784668,44.29999923706055,43.90999984741211,43.93000030517578,4659800
2025-05-30 14:30:00-04:00,44.23500061035156,44.290000915527344,44.16999816894531,44.244998931884766,3089512
2025-05-30 15:30:00-04:00,44.119998931884766,44.290000915527344,44.084999084472656,44.2400016784668,7008808
2025-06-02 09:30:00-04:00,43.76499938964844,44.09000015258789,43.36000061035156,43.880001068115234,6412623
2025-06-02 10:30:00-04:00,43.79999923706055,43.869998931884766,43.66999816894531,43.7599983215332,3695549
2025-06-02 11:30:00-04:00,43.87009811401367,43.92499923706055,43.779998779296875,43.79999923706055,2657594
2025-06-02 12:30:00-04:00,43.974998474121094,44.0099983215332,43.84000015258789,43.87990188598633,2807965
2025-06-02 13:30:00-04:00,44.060298919677734,44.099998474121094,43.95000076293945,43.97999954223633,2799319
2025-06-02 14:30:00-04:00,44.11000061035156,44.150001525878906,44.04999923706055,44.064998626708984,3222101
2025-06-02 15:30:00-04:00,44.09000015258789,44.114601135253906,44.0099983215332,44.11000061035156,3706154
2025-06-03 09:30:00-04:00,44.41999816894531,44.41999816894531,43.939998626708984,44.0099983215332,6881294
2025-06-03 10:30:00-04:00,44.540000915527344,44.56990051269531,44.33000183105469,44.415000915527344,3417988
2025-06-03 11:30:00-04:00,44.665000915527344,44.685001373291016,44.529998779296875,44.54999923706055,2726454
2025-06-03 12:30:00-04:00,44.65999984741211,44.72999954223633,44.63999938964844,44.660099029541016,2500617
2025-06-03 13:30:00-04:00,44.654998779296875,44.68000030517578,44.56999969482422,44.665000915527344,2846241
2025-06-03 14:30:00-04:00,44.619998931884766,44.689998626708984,44.560001373291016,44.650001525878906,3113147
2025-06-03 15:30:00-04:00,44.66999816894531,44.724998474121094,44.58000183105469,44.630001068115234,4982975
2025-06-04 09:30:00-04:00,44.79499816894531,45.09000015258789,44.55500030517578,44.599998474121094,7753921
2025-06-04 10:30:00-04:00,44.505001068115234,44.79990005493164,44.4901008605957,44.79499816894531,3108125
2025-06-04 11:30:00-04:00,44.369998931884766,44.54999923706055,44.349998474121094,44.5,2902145
2025-06-04 12:30:00-04:00,44.474998474121094,44.47999954223633,44.36000061035156,44.36000061035156,2420031
2025-06-04 13:30:00-04:00,44.5,44.55500030517578,44.459999084472656,44.47999954223633,3189518
2025-06-04 14:30:00-04:00,44.470001220703125,44.5,44.39500045776367,44.5,2989418
2025-06-04 15:30:00-04:00,44.34000015258789,44.47999954223633,44.34000015258789,44.46500015258789,3323759
2025-06-05 09:30:00-04:00,44.314998626708984,44.45000076293945,44.0099983215332,44.45000076293945,5063226
2025-06-05 10:30:00-04:00,44.512298583984375,44.540000915527344,44.22999954223633,44.314998626708984,5289017
2025-06-05 11:30:00-04:00,44.53499984741211,44.56999969482422,44.45000076293945,44.5099983215332,3148236
2025-06-05 12:30:00-04:00,44.4900016784668,44.54999923706055,44.34000015258789,44.53390121459961,2738977
2025-06-05 13:30:00-04:00,44.44499969482422,44.54999923706055,44.33000183105469,44.494998931884766,3430683
2025-06-05 14:30:00-04:00,44.28499984741211,44.52000045776367,44.15999984741211,44.439998626708984,3615777
2025-06-05 15:30:00-04:00,44.369998931884766,44.459999084472656,44.279998779296875,44.290000915527344,4510489
2025-06-06 09:30:00-04:00,44.904998779296875,45.165000915527344,44.720001220703125,44.79499816894531,7244315
2025-06-06 10:30:00-04:00,44.83000183105469,44.970001220703125,44.7599983215332,44.904998779296875,4880501
2025-06-06 11:30:00-04:00,44.850101470947266,44.90999984741211,44.779998779296875,44.83000183105469,2961345
2025-06-06 12:30:00-04:00,44.79349899291992,44.88999938964844,44.779998779296875,44.849998474121094,2917184
2025-06-06 13:30:00-04:00,44.92499923706055,44.959999084472656,44.77000045776367,44.790000915527344,3405492
2025-06-06 14:30:00-04:00,44.980098724365234,45.02000045776367,44.91999816894531,44.93000030517578,4101200
2025-06-06 15:30:00-04:00,44.970001220703125,45.04999923706055,44.95000076293945,44.97999954223633,5342604
2025-06-09 09:30:00-04:00,45.2322998046875,45.400001525878906,44.779998779296875,45.11000061035156,7162042
2025-06-09 10:30:00-04:00,45.03499984741211,45.290000915527344,45.02000045776367,45.23979949951172,4419684
2025-06-09 11:30:00-04:00,45.029998779296875,45.125,45.029998779296875,45.03499984741211,2746419
2025-06-09 12:30:00-04:00,45.17499923706055,45.18000030517578,44.97999954223633,45.03020095825195,2918419
2025-06-09 13:30:00-04:00,45.224998474121094,45.2400016784668,45.119998931884766,45.18000030517578,2149027
2025-06-09 14:30:00-04:00,45.060001373291016,45.23500061035156,45.040000915527344,45.220001220703125,2762825
2025-06-09 15:30:00-04:00,44.875,45.04499816894531,44.86000061035156,45.040000915527344,3263295
2025-06-10 09:30:00-04:00,44.9900016784668,45.06999969482422,44.75,44.79999923706055,4862574
2025-06-10 10:30:00-04:00,45.16999816894531,45.19499969482422,44.959999084472656,45.0,3429715
2025-06-10 11:30:00-04:00,45.08649826049805,45.169898986816406,45.029998779296875,45.169898986816406,3258211
2025-06-10 12:30:00-04:00,45.10499954223633,45.14500045776367,45.04999923706055,45.084999084472656,1867035
2025-06-10 13:30:00-04:00,44.96500015258789,45.169898986816406,44.959999084472656,45.11000061035156,2479015
2025-06-10 14:30:00-04:00,45.07500076293945,45.119998931884766,44.96500015258789,44.96500015258789,3064197
2025-06-10 15:30:00-04:00,45.1150016784668,45.150001525878906,45.02000045776367,45.07500076293945,3980240
2025-06-11 09:30:00-04:00,45.30500030517578,45.40999984741211,44.94139862060547,45.20000076293945,5892653
2025-06-11 10:30:00-04:00,45.0099983215332,45.33000183105469,44.915000915527344,45.30500030517578,10731807
2025-06-11 11:30:00-04:00,44.71500015258789,45.02000045776367,44.619998931884766,45.0099983215332,6394137
2025-06-11 12:30:00-04:00,44.96500015258789,44.970001220703125,44.63999938964844,44.71500015258789,4302641
2025-06-11 13:30:00-04:00,44.62419891357422,44.970001220703125,44.58000183105469,44.959999084472656,4417996
2025-06-11 14:30:00-04:00,44.7599983215332,44.78499984741211,44.54999923706055,44.625,5378523
2025-06-11 15:30:00-04:00,44.7400016784668,44.79999923706055,44.650001525878906,44.76499938964844,4919555
2025-06-12 09:30:00-04:00,44.47999954223633,44.52000045776367,44.02000045776367,44.30690002441406,5348720
2025-06-12 10:30:00-04:00,44.439998626708984,44.57500076293945,44.400001525878906,44.48500061035156,3001325
2025-06-12 11:30:00-04:00,44.46500015258789,44.4900016784668,44.34000015258789,44.439998626708984,2903830
2025-06-12 12:30:00-04:00,44.53499984741211,44.59000015258789,44.380001068115234,44.46500015258789,2898519
2025-06-12 13:30:00-04:00,44.53499984741211,44.619998931884766,44.5099983215332,44.564998626708984,2513766
2025-06-12 14:30:00-04:00,44.64500045776367,44.650001525878906,44.51499938964844,44.529998779296875,2855798
2025-06-12 15:30:00-04:00,44.6150016784668,44.64500045776367,44.529998779296875,44.64500045776367,3358330
2025-06-13 09:30:00-04:00,43.71500015258789,44.16999816894531,43.689998626708984,43.994998931884766,8086936
2025-06-13 10:30:00-04:00,44.36520004272461,44.36989974975586,43.66490173339844,43.73500061035156,6603611
2025-06-13 11:30:00-04:00,44.36109924316406,44.459999084472656,44.29999923706055,44.3650016784668,3627740
2025-06-13 12:30:00-04:00,44.34000015258789,44.459999084472656,44.29999923706055,44.36009979248047,3056998
2025-06-13 13:30:00-04:00,44.11000061035156,44.380001068115234,44.10499954223633,44.334999084472656,4098692
2025-06-13 14:30:00-04:00,44.03499984741211,44.165000915527344,44.0099983215332,44.11000061035156,4812440
2025-06-13 15:30:00-04:00,44.095001220703125,44.11000061035156,43.95000076293945,44.029998779296875,6118029
2025-06-16 09:30:00-04:00,44.70500183105469,44.78499984741211,44.41999816894531,44.63999938964844,8178774
2025-06-16 10:30:00-04:00,44.73500061035156,44.88999938964844,44.70000076293945,44.709999084472656,3477078
2025-06-16 11:30:00-04:00,44.72999954223633,44.79999923706055,44.69499969482422,44.73500061035156,2662956
2025-06-16 12:30:00-04:00,44.63999938964844,44.7598991394043,44.59000015258789,44.73500061035156,2616187
2025-06-16 13:30:00-04:00,44.564998626708984,44.67499923706055,44.52000045776367,44.63999938964844,2485203
2025-06-16 14:30:00-04:00,44.470001220703125,44.58000183105469,44.45000076293945,44.564998626708984,3051851
2025-06-16 15:30:00-04:00,44.43000030517578,44.4900016784668,44.349998474121094,44.46500015258789,3871164
2025-06-17 09:30:00-04:00,44.6349983215332,44.63999938964844,44.060001373291016,44.17499923706055,5374370
2025-06-17 10:30:00-04:00,44.404998779296875,44.66999816894531,44.404998779296875,44.6349983215332,3149405
2025-06-17 11:30:00-04:00,44.404998779296875,44.43000030517578,44.310001373291016,44.40999984741211,2489037
2025-06-17 12:30:00-04:00,44.220001220703125,44.470001220703125,44.209999084472656,44.404998779296875,2401295
2025-06-17 13:30:00-04:00,44.21009826660156,44.33000183105469,44.14500045776367,44.220001220703125,2880777
2025-06-17 14:30:00-04:00,44.29999923706055,44.32500076293945,44.189998626708984,44.21500015258789,2530577
2025-06-17 15:30:00-04:00,44.224998474121094,44.33000183105469,44.20000076293945,44.29999923706055,3653860
2025-06-18 09:30:00-04:00,44.989898681640625,45.019901275634766,44.209999084472656,44.2599983215332,6866541
2025-06-18 10:30:00-04:00,44.869998931884766,44.995399475097656,44.79999923706055,44.980098724365234,4453908
2025-06-18 11:30:00-04:00,45.02000045776367,45.040000915527344,44.80500030517578,44.8400993347168,3224172
2025-06-18 12:30:00-04:00,45.025001525878906,45.04999923706055,44.959999084472656,45.025001525878906,2512065
2025-06-18 13:30:00-04:00,45.05500030517578,45.11000061035156,44.939998626708984,45.025001525878906,3572191
2025-06-18 14:30:00-04:00,44.95500183105469,45.20000076293945,44.85499954223633,45.04999923706055,4841593
2025-06-18 15:30:00-04:00,45.04999923706055,45.130001068115234,44.942283630371094,44.95500183105469,4958114
2025-06-20 09:30:00-04:00,45.45140075683594,45.54999923706055,45.26499938964844,45.30500030517578,11370014
2025-06-20 10:30:00-04:00,45.529998779296875,45.540000915527344,45.36000061035156,45.45989990234375,4388883
2025-06-20 11:30:00-04:00,45.584999084472656,45.650001525878906,45.47999954223633,45.54999923706055,3707140
2025-06-20 12:30:00-04:00,45.4900016784668,45.650001525878906,45.470001220703125,45.59000015258789,2936352
2025-06-20 13:30:00-04:00,45.51499938964844,45.54499816894531,45.40999984741211,45.4900016784668,3050190
2025-06-20 14:30:00-04:00,45.525001525878906,45.595001220703125,45.47999954223633,45.51499938964844,4058404
2025-06-20 15:30:00-04:00,45.52000045776367,45.63999938964844,45.470001220703125,45.52000045776367,6848432
2025-06-23 09:30:00-04:00,45.720001220703125,45.880001068115234,45.31999969482422,45.400001525878906,5488248
2025-06-23 10:30:00-04:00,45.55500030517578,45.7598991394043,45.47999954223633,45.724998474121094,2849610
2025-06-23 11:30:00-04:00,45.255001068115234,45.56999969482422,45.25,45.53499984741211,3337102
2025-06-23 12:30:00-04:00,45.720001220703125,45.72999954223633,45.11000061035156,45.253700256347656,4368818
2025-06-23 13:30:00-04:00,45.899898529052734,45.935001373291016,45.720001220703125,45.724998474121094,5297599
2025-06-23 14:30:00-04:00,46.019798278808594,46.06999969482422,45.88999938964844,45.88999938964844,6454475
2025-06-23 15:30:00-04:00,46.290000915527344,46.369998931884766,45.97999954223633,46.019901275634766,7210397
2025-06-24 09:30:00-04:00,47.025001525878906,47.189998626708984,46.68000030517578,46.75,9613568
2025-06-24 10:30:00-04:00,46.935001373291016,47.09700012207031,46.91999816894531,47.029998779296875,4459158
2025-06-24 11:30:00-04:00,46.720001220703125,46.959999084472656,46.68000030517578,46.935001373291016,4510132
2025-06-24 12:30:00-04:00,46.69459915161133,46.790000915527344,46.66999816894531,46.71500015258789,4942575
2025-06-24 13:30:00-04:00,46.67499923706055,46.7599983215332,46.650001525878906,46.69499969482422,4502072
2025-06-24 14:30:00-04:00,46.689998626708984,46.7599983215332,46.564998626708984,46.67499923706055,5671492
2025-06-24 15:30:00-04:00,46.66999816894531,46.83000183105469,46.61000061035156,46.689998626708984,6100934
2025-06-25 09:30:00-04:00,46.55500030517578,46.75,46.470001220703125,46.57500076293945,5025556
2025-06-25 10:30:00-04:00,46.744998931884766,46.775001525878906,46.53010177612305,46.54999923706055,6195001
2025-06-25 11:30:00-04:00,46.959999084472656,46.97990036010742,46.720001220703125,46.744998931884766,2682846
2025-06-25 12:30:00-04:00,46.93000030517578,46.97999954223633,46.83000183105469,46.95500183105469,2608310
2025-06-25 13:30:00-04:00,46.93669891357422,46.96500015258789,46.869998931884766,46.939998626708984,3185900
2025-06-25 14:30:00-04:00,46.86000061035156,46.939998626708984,46.814998626708984,46.935001373291016,3048131
2025-06-25 15:30:00-04:00,46.8849983215332,46.95000076293945,46.79999923706055,46.849998474121094,5738940
2025-06-26 09:30:00-04:00,47.380001068115234,47.40999984741211,46.900001525878906,46.94499969482422,7241679
2025-06-26 10:30:00-04:00,47.42499923706055,47.58000183105469,47.3650016784668,47.3849983215332,6494987
2025-06-26 11:30:00-04:00,47.39500045776367,47.43000030517578,47.290000915527344,47.42499923706055,3176296
2025-06-26 12:30:00-04:00,47.435001373291016,47.47999954223633,47.380001068115234,47.39500045776367,2999717
2025-06-26 13:30:00-04:00,47.540000915527344,47.56999969482422,47.435001373291016,47.435001373291016,4160728
2025-06-26 14:30:00-04:00,47.505001068115234,47.56999969482422,47.45000076293945,47.540000915527344,4263345
2025-06-26 15:30:00-04:00,47.505001068115234,47.540000915527344,47.45000076293945,47.5,6018114
2025-06-27 09:30:00-04:00,47.36000061035156,47.52000045776367,47.060001373291016,47.45000076293945,7631462
2025-06-27 10:30:00-04:00,47.439998626708984,47.66999816894531,47.310001373291016,47.349998474121094,8049931
2025-06-27 11:30:00-04:00,47.30500030517578,47.47999954223633,47.290000915527344,47.459999084472656,3162162
2025-06-27 12:30:00-04:00,47.31749725341797,47.38999938964844,47.27000045776367,47.30500030517578,2296239
2025-06-27 13:30:00-04:00,47.0,47.31999969482422,47.0,47.310001373291016,3600103
2025-06-27 14:30:00-04:00,47.040000915527344,47.06999969482422,46.90999984741211,47.005001068115234,4018327
2025-06-27 15:30:00-04:00,47.11000061035156,47.150001525878906,46.959999084472656,47.040000915527344,5760513
2025-06-30 09:30:00-04:00,47.5099983215332,47.619998931884766,47.28499984741211,47.619998931884766,7932795
2025-06-30 10:30:00-04:00,47.415000915527344,47.61000061035156,47.334999084472656,47.505001068115234,5129346
2025-06-30 11:30:00-04:00,47.275001525878906,47.595001220703125,47.27000045776367,47.415000915527344,3814031
2025-06-30 12:30:00-04:00,47.165000915527344,47.33000183105469,47.13999938964844,47.275001525878906,3647576
2025-06-30 13:30:00-04:00,47.08000183105469,47.169898986816406,47.029998779296875,47.165000915527344,3730779
2025-06-30 14:30:00-04:00,47.20500183105469,47.2599983215332,47.05500030517578,47.08000183105469,4644239
2025-06-30 15:30:00-04:00,47.279998779296875,47.33000183105469,47.084999084472656,47.20500183105469,6908143
2025-07-01 09:30:00-04:00,47.54330062866211,47.619998931884766,46.939998626708984,47.02000045776367,5684972
2025-07-01 10:30:00-04:00,47.709999084472656,47.71500015258789,47.470001220703125,47.54499816894531,5154442
2025-07-01 11:30:00-04:00,48.08000183105469,48.099998474121094,47.66999816894531,47.713600158691406,7209152
2025-07-01 12:30:00-04:00,48.17499923706055,48.2400016784668,47.91999816894531,48.08000183105469,5212645
2025-07-01 13:30:00-04:00,48.29499816894531,48.31999969482422,48.150001525878906,48.17499923706055,7140843
2025-07-01 14:30:00-04:00,48.224998474121094,48.41999816894531,48.18000030517578,48.29499816894531,6677319
2025-07-01 15:30:00-04:00,48.16999816894531,48.23500061035156,48.095001220703125,48.22999954223633,6410302
2025-07-02 09:30:00-04:00,48.310001373291016,48.63999938964844,48.060001373291016,48.36000061035156,7534269
2025-07-02 10:30:00-04:00,48.54499816894531,48.61000061035156,48.31169891357422,48.31999969482422,6762322
2025-07-02 11:30:00-04:00,48.61000061035156,48.72669982910156,48.53010177612305,48.54999923706055,4829537
2025-07-02 12:30:00-04:00,48.44499969482422,48.630001068115234,48.43000030517578,48.60499954223633,3127778
2025-07-02 13:30:00-04:00,48.494998931884766,48.52000045776367,48.41999816894531,48.44499969482422,4578171
2025-07-02 14:30:00-04:00,48.644901275634766,48.720001220703125,48.494998931884766,48.494998931884766,9089222
2025-07-02 15:30:00-04:00,48.689998626708984,48.72999954223633,48.595001220703125,48.64500045776367,6307415
2025-07-03 09:30:00-04:00,49.005001068115234,49.30500030517578,48.810001373291016,48.94499969482422,6843474
2025-07-03 10:30:00-04:00,48.939998626708984,49.14500045776367,48.88999938964844,49.005001068115234,3705805
2025-07-03 11:30:00-04:00,48.97010040283203,49.0,48.900001525878906,48.935001373291016,2950037
2025-07-07 09:30:00-04:00,49.029998779296875,49.209999084472656,48.73500061035156,48.73500061035156,6915315
2025-07-07 10:30:00-04:00,48.94490051269531,49.150001525878906,48.900001525878906,49.025001525878906,5475641
2025-07-07 11:30:00-04:00,48.69670104980469,48.95000076293945,48.62009811401367,48.94499969482422,3345097
2025-07-07 12:30:00-04:00,48.66999816894531,48.7400016784668,48.45000076293945,48.69160079956055,2473370
2025-07-07 13:30:00-04:00,48.44499969482422,48.75,48.375,48.66999816894531,3027188
2025-07-07 14:30:00-04:00,48.474998474121094,48.56999969482422,48.43000030517578,48.44499969482422,3223204
2025-07-07 15:30:00-04:00,48.64500045776367,48.65999984741211,48.439998626708984,48.470001220703125,4329242
2025-07-08 09:30:00-04:00,47.44499969482422,47.790000915527344,47.34000015258789,47.5,23181260
2025-07-08 10:30:00-04:00,47.2400016784668,47.47999954223633,46.97999954223633,47.45000076293945,11856730
2025-07-08 11:30:00-04:00,47.17499923706055,47.30500030517578,46.97999954223633,47.23350143432617,7095200
2025-07-08 12:30:00-04:00,47.305599212646484,47.31999969482422,46.7599983215332,47.17499923706055,11689332
2025-07-08 13:30:00-04:00,47.342498779296875,47.380001068115234,47.209999084472656,47.30500030517578,6796177
2025-07-08 14:30:00-04:00,47.28450012207031,47.400001525878906,47.28450012207031,47.349998474121094,6678931
2025-07-08 15:30:00-04:00,47.14500045776367,47.349998474121094,47.084999084472656,47.28499984741211,10426693
2025-07-09 09:30:00-04:00,47.029998779296875,47.45000076293945,46.97999954223633,47.15999984741211,9169535
2025-07-09 10:30:00-04:00,46.845001220703125,47.040000915527344,46.709999084472656,47.03499984741211,6138552
2025-07-09 11:30:00-04:00,46.79499816894531,46.900001525878906,46.755001068115234,46.849998474121094,3781935
2025-07-09 12:30:00-04:00,47.0,47.040000915527344,46.71500015258789,46.79499816894531,3619320
2025-07-09 13:30:00-04:00,46.92499923706055,47.060001373291016,46.904998779296875,46.994998931884766,3109360
2025-07-09 14:30:00-04:00,46.84000015258789,46.939998626708984,46.790000915527344,46.926700592041016,3553340
2025-07-09 15:30:00-04:00,46.83000183105469,46.90999984741211,46.790000915527344,46.84000015258789,7006413
2025-07-10 09:30:00-04:00,47.125,47.20000076293945,46.810001373291016,46.900001525878906,10674798
2025-07-10 10:30:00-04:00,47.154998779296875,47.220001220703125,47.099998474121094,47.125,4374157
2025-07-10 11:30:00-04:00,47.079898834228516,47.18000030517578,47.01359939575195,47.154998779296875,3771461
2025-07-10 12:30:00-04:00,47.029998779296875,47.1349983215332,47.02000045776367,47.07500076293945,3050857
2025-07-10 13:30:00-04:00,46.91999816894531,47.040000915527344,46.89500045776367,47.025001525878906,6560661
2025-07-10 14:30:00-04:00,46.85499954223633,46.970001220703125,46.84000015258789,46.910099029541016,4034070
2025-07-10 15:30:00-04:00,46.95000076293945,46.959999084472656,46.779998779296875,46.85449981689453,6853761
2025-07-11 09:30:00-04:00,46.42509841918945,46.72999954223633,46.25,46.63999938964844,5313985
2025-07-11 10:30:00-04:00,46.43000030517578,46.52000045776367,46.400001525878906,46.43000030517578,3994532
2025-07-11 11:30:00-04:00,46.48500061035156,46.5099983215332,46.400001525878906,46.43000030517578,2687303
2025-07-11 12:30:00-04:00,46.53499984741211,46.59000015258789,46.470001220703125,46.48500061035156,2245125
2025-07-11 13:30:00-04:00,46.635101318359375,46.68000030517578,46.5099983215332,46.53499984741211,2928514
2025-07-11 14:30:00-04:00,46.76499938964844,46.79999923706055,46.63010025024414,46.6349983215332,3443403
2025-07-11 15:30:00-04:00,46.709999084472656,46.810001373291016,46.65999984741211,46.7599983215332,5306933
2025-07-14 09:30:00-04:00,46.665000915527344,46.810001373291016,46.54999923706055,46.810001373291016,6766981
2025-07-14 10:30:00-04:00,46.80500030517578,46.84000015258789,46.649898529052734,46.665000915527344,3909125
2025-07-14 11:30:00-04:00,46.8474006652832,46.970001220703125,46.75,46.810001373291016,4164716
2025-07-14 12:30:00-04:00,46.968101501464844,46.97999954223633,46.790000915527344,46.845001220703125,3702442
2025-07-14 13:30:00-04:00,46.95989990234375,47.0,46.900001525878906,46.96500015258789,2759910
2025-07-14 14:30:00-04:00,46.98500061035156,47.029998779296875,46.932498931884766,46.959999084472656,3855438
2025-07-14 15:30:00-04:00,47.040000915527344,47.06999969482422,46.95000076293945,46.98509979248047,5365880
2025-07-15 09:30:00-04:00,46.6150016784668,47.0099983215332,46.35499954223633,46.880001068115234,9033699
2025-07-15 10:30:00-04:00,46.54499816894531,46.65999984741211,46.470001220703125,46.61000061035156,3869568
2025-07-15 11:30:00-04:00,46.52000045776367,46.709999084472656,46.459999084472656,46.54999923706055,5737043
2025-07-15 12:30:00-04:00,46.39500045776367,46.599998474121094,46.2400016784668,46.52000045776367,5168076
2025-07-15 13:30:00-04:00,46.349998474121094,46.43000030517578,46.150001525878906,46.39500045776367,6883317
2025-07-15 14:30:00-04:00,46.28499984741211,46.40999984741211,46.209999084472656,46.345001220703125,6173938
2025-07-15 15:30:00-04:00,46.119998931884766,46.36000061035156,45.95000076293945,46.28499984741211,9545531
2025-07-16 09:30:00-04:00,45.71670150756836,46.560001373291016,45.689998626708984,46.25,17334879
2025-07-16 10:30:00-04:00,45.314998626708984,45.75,45.125,45.71500015258789,10608408
2025-07-16 11:30:00-04:00,45.42499923706055,45.519901275634766,45.0099983215332,45.31999969482422,8357889
2025-07-16 12:30:00-04:00,45.650001525878906,45.75,45.400001525878906,45.41999816894531,5218140
2025-07-16 13:30:00-04:00,45.855098724365234,45.880001068115234,45.56169891357422,45.650001525878906,4502433
2025-07-16 14:30:00-04:00,46.025001525878906,46.064998626708984,45.815101623535156,45.86000061035156,5668011
2025-07-16 15:30:00-04:00,46.0,46.040000915527344,45.90999984741211,46.02009963989258,4752826
2025-07-17 09:30:00-04:00,46.070098876953125,46.375,45.439998626708984,45.6349983215332,9929026
2025-07-17 10:30:00-04:00,46.3213996887207,46.369998931884766,46.01499938964844,46.07500076293945,4690452
2025-07-17 11:30:00-04:00,46.63999938964844,46.63999938964844,46.31999969482422,46.31999969482422,6379309
2025-07-17 12:30:00-04:00,46.79499816894531,46.82500076293945,46.54999923706055,46.6349983215332,6061713
2025-07-17 13:30:00-04:00,47.18000030517578,47.185001373291016,46.779998779296875,46.79499816894531,6699981
2025-07-17 14:30:00-04:00,46.994998931884766,47.220001220703125,46.97999954223633,47.17499923706055,5462617
2025-07-17 15:30:00-04:00,47.05500030517578,47.130001068115234,46.88999938964844,46.9900016784668,8810913
2025-07-18 09:30:00-04:00,46.97999954223633,47.25,46.900001525878906,47.0099983215332,8126218
2025-07-18 10:30:00-04:00,47.09000015258789,47.21500015258789,46.959999084472656,46.97999954223633,3754723
2025-07-18 11:30:00-04:00,47.20000076293945,47.29999923706055,47.09000015258789,47.099998474121094,3271844
2025-07-18 12:30:00-04:00,47.165000915527344,47.369998931884766,47.1349983215332,47.20000076293945,3765026
2025-07-18 13:30:00-04:00,47.27000045776367,47.36000061035156,47.163299560546875,47.169898986816406,5138139
2025-07-18 14:30:00-04:00,47.314998626708984,47.380001068115234,47.27000045776367,47.27000045776367,3221163
2025-07-18 15:30:00-04:00,47.29999923706055,47.345001220703125,47.25,47.314998626708984,3579262
2025-07-21 09:30:00-04:00,47.62009811401367,47.68579864501953,47.20000076293945,47.540000915527344,5080986
2025-07-21 10:30:00-04:00,47.8849983215332,47.959999084472656,47.58000183105469,47.62009811401367,5173828
2025-07-21 11:30:00-04:00,47.95500183105469,48.040000915527344,47.8849983215332,47.8849983215332,4147840
2025-07-21 12:30:00-04:00,47.78139877319336,47.97999954223633,47.73350143432617,47.95500183105469,2944208
2025-07-21 13:30:00-04:00,47.724998474121094,47.79999923706055,47.720001220703125,47.78499984741211,2649898
2025-07-21 14:30:00-04:00,47.51499938964844,47.72999954223633,47.5,47.724998474121094,3630685
2025-07-21 15:30:00-04:00,47.505001068115234,47.56999969482422,47.45000076293945,47.52000045776367,3752589
2025-07-22 09:30:00-04:00,47.79499816894531,47.900001525878906,47.459999084472656,47.599998474121094,5481067
2025-07-22 10:30:00-04:00,47.97999954223633,48.04999923706055,47.790000915527344,47.79499816894531,4987908
2025-07-22 11:30:00-04:00,48.099998474121094,48.16999816894531,47.970001220703125,47.98500061035156,3327479
2025-07-22 12:30:00-04:00,48.03010177612305,48.147499084472656,47.904998779296875,48.095001220703125,2867513
2025-07-22 13:30:00-04:00,47.83000183105469,48.06999969482422,47.83000183105469,48.03499984741211,3648458
2025-07-22 14:30:00-04:00,47.83000183105469,47.94540023803711,47.79499816894531,47.83000183105469,3192916
2025-07-22 15:30:00-04:00,47.7400016784668,47.880001068115234,47.72999954223633,47.82500076293945,4735035
2025-07-23 09:30:00-04:00,48.07500076293945,48.209999084472656,47.80500030517578,48.06999969482422,5848402
2025-07-23 10:30:00-04:00,47.994998931884766,48.119998931884766,47.88999938964844,48.07500076293945,2767896
2025-07-23 11:30:00-04:00,48.0900993347168,48.11000061035156,47.86000061035156,47.994998931884766,2905812
2025-07-23 12:30:00-04:00,48.165000915527344,48.16999816894531,48.0099983215332,48.090301513671875,2823297
2025-07-23 13:30:00-04:00,48.2599983215332,48.290000915527344,48.11000061035156,48.16419982910156,2839993
2025-07-23 14:30:00-04:00,48.185001373291016,48.30500030517578,48.16999816894531,48.26499938964844,3437320
2025-07-23 15:30:00-04:00,48.15999984741211,48.20000076293945,48.08000183105469,48.18000030517578,4065001
2025-07-24 09:30:00-04:00,48.775001525878906,48.95000076293945,48.209999084472656,48.310001373291016,8280533
2025-07-24 10:30:00-04:00,48.869998931884766,48.98500061035156,48.77000045776367,48.775001525878906,5544294
2025-07-24 11:30:00-04:00,48.880001068115234,49.0,48.83420181274414,48.869998931884766,3632674
2025-07-24 12:30:00-04:00,48.845001220703125,48.90999984741211,48.730098724365234,48.8849983215332,3119080
2025-07-24 13:30:00-04:00,48.71500015258789,48.91780090332031,48.65999984741211,48.845001220703125,4221926
2025-07-24 14:30:00-04:00,48.6150016784668,48.720001220703125,48.5,48.71500015258789,3914063
2025-07-24 15:30:00-04:00,48.40999984741211,48.619998931884766,48.369998931884766,48.61000061035156,5353641
2025-07-25 09:30:00-04:00,48.224998474121094,48.39500045776367,47.935001373291016,48.38999938964844,4827800
2025-07-25 10:30:00-04:00,48.224998474121094,48.369998931884766,48.1349983215332,48.224998474121094,2979600
2025-07-25 11:30:00-04:00,48.207401275634766,48.224998474121094,48.130001068115234,48.224998474121094,2125450
2025-07-25 12:30:00-04:00,48.3849983215332,48.38999938964844,48.154998779296875,48.20000076293945,1906657
2025-07-25 13:30:00-04:00,48.45500183105469,48.5,48.380001068115234,48.380001068115234,2006722
2025-07-25 14:30:00-04:00,48.49700164794922,48.525001525878906,48.439998626708984,48.459999084472656,2588737
2025-07-25 15:30:00-04:00,48.470001220703125,48.54999923706055,48.459999084472656,48.4900016784668,4302557
2025-07-28 09:30:00-04:00,48.46500015258789,48.540000915527344,48.36000061035156,48.45000076293945,3721902
2025-07-28 10:30:00-04:00,48.29999923706055,48.47999954223633,48.27000045776367,48.46500015258789,2827627
2025-07-28 11:30:00-04:00,48.296600341796875,48.349998474121094,48.21500015258789,48.29999923706055,1909937
2025-07-28 12:30:00-04:00,48.18000030517578,48.310001373291016,48.150001525878906,48.290000915527344,1858766
2025-07-28 13:30:00-04:00,48.125,48.220001220703125,48.080101013183594,48.18000030517578,2353907
2025-07-28 14:30:00-04:00,48.14500045776367,48.209999084472656,48.119998931884766,48.130001068115234,2162442
2025-07-28 15:30:00-04:00,48.23500061035156,48.2400016784668,48.119998931884766,48.14500045776367,2550541
2025-07-29 09:30:00-04:00,48.30500030517578,48.5099983215332,48.255001068115234,48.38999938964844,3455245
2025-07-29 10:30:00-04:00,48.02870178222656,48.34000015258789,48.014801025390625,48.30500030517578,2429096
2025-07-29 11:30:00-04:00,48.07500076293945,48.15999984741211,47.90999984741211,48.025001525878906,3700116
2025-07-29 12:30:00-04:00,48.06999969482422,48.130001068115234,47.97999954223633,48.06999969482422,3528000
2025-07-29 13:30:00-04:00,48.05009841918945,48.11000061035156,47.9900016784668,48.06999969482422,2883907
2025-07-29 14:30:00-04:00,47.99480056762695,48.1150016784668,47.98500061035156,48.05500030517578,2041691
2025-07-29 15:30:00-04:00,47.970001220703125,48.040000915527344,47.890098571777344,47.994998931884766,3597162
2025-07-30 09:30:00-04:00,48.275001525878906,48.275001525878906,47.95000076293945,48.2599983215332,4068545
2025-07-30 10:30:00-04:00,48.224998474121094,48.48500061035156,48.209999084472656,48.27000045776367,3814249
2025-07-30 11:30:00-04:00,48.350101470947266,48.38999938964844,48.16999816894531,48.224998474121094,2253865
2025-07-30 12:30:00-04:00,48.345001220703125,48.400001525878906,48.29999923706055,48.349998474121094,1877586
2025-07-30 13:30:00-04:00,48.314998626708984,48.470001220703125,48.29999923706055,48.34379959106445,3145760
2025-07-30 14:30:00-04:00,47.79499816894531,48.38999938964844,47.7401008605957,48.314998626708984,5936718
2025-07-30 15:30:00-04:00,47.9900016784668,48.0,47.77000045776367,47.79499816894531,5261309
2025-07-31 09:30:00-04:00,47.755001068115234,48.029998779296875,47.709999084472656,47.7599983215332,5307103
2025-07-31 10:30:00-04:00,47.470001220703125,47.81999969482422,47.459999084472656,47.7599983215332,4122054
2025-07-31 11:30:00-04:00,47.59000015258789,47.61000061035156,47.44499969482422,47.474998474121094,3006808
2025-07-31 12:30:00-04:00,47.39500045776367,47.66999816894531,47.35499954223633,47.59000015258789,2372127
2025-07-31 13:30:00-04:00,47.57500076293945,47.61640167236328,47.34000015258789,47.39500045776367,3002606
2025-07-31 14:30:00-04:00,47.400001525878906,47.68000030517578,47.39360046386719,47.57500076293945,3416077
2025-07-31 15:30:00-04:00,47.279998779296875,47.496498107910156,47.189998626708984,47.404998779296875,5011666
2025-08-01 09:30:00-04:00,45.86000061035156,46.40999984741211,45.31999969482422,46.36000061035156,12604165
2025-08-01 10:30:00-04:00,45.45000076293945,45.98500061035156,45.404998779296875,45.85499954223633,5282966
2025-08-01 11:30:00-04:00,45.724998474121094,45.86989974975586,45.42499923706055,45.44499969482422,4777903
2025-08-01 12:30:00-04:00,45.40999984741211,45.724998474121094,45.380001068115234,45.720001220703125,4218394
2025-08-01 13:30:00-04:00,45.67499923706055,45.68000030517578,45.400001525878906,45.40999984741211,6020975
2025-08-01 14:30:00-04:00,45.75239944458008,45.834999084472656,45.650001525878906,45.67499923706055,5226274
2025-08-01 15:30:00-04:00,45.63999938964844,45.755001068115234,45.525001525878906,45.755001068115234,6833492
2025-08-04 09:30:00-04:00,45.88999938964844,46.10499954223633,45.79499816894531,45.959999084472656,4914174
2025-08-04 10:30:00-04:00,45.80500030517578,45.904998779296875,45.7599983215332,45.88999938964844,2791607
2025-08-04 11:30:00-04:00,45.755001068115234,45.82500076293945,45.6349983215332,45.79999923706055,2772919
2025-08-04 12:30:00-04:00,45.77410125732422,45.939998626708984,45.75,45.755001068115234,3673560
2025-08-04 13:30:00-04:00,45.745201110839844,45.810001373291016,45.709999084472656,45.775001525878906,3374389
2025-08-04 14:30:00-04:00,45.834999084472656,45.87699890136719,45.7400016784668,45.7400016784668,3401691
2025-08-04 15:30:00-04:00,45.84000015258789,45.849998474121094,45.75,45.834999084472656,3977619
2025-08-05 09:30:00-04:00,45.224998474121094,46.0,45.18000030517578,45.95000076293945,5911173
2025-08-05 10:30:00-04:00,45.029998779296875,45.22999954223633,44.75,45.224998474121094,6119680
2025-08-05 11:30:00-04:00,45.39500045776367,45.400001525878906,45.03499984741211,45.03990173339844,3793665
2025-08-05 12:30:00-04:00,45.54499816894531,45.54990005493164,45.349998474121094,45.39500045776367,3307479
2025-08-05 13:30:00-04:00,45.569000244140625,45.65999984741211,45.44499969482422,45.54499816894531,4189973
2025-08-05 14:30:00-04:00,45.6599006652832,45.720001220703125,45.532501220703125,45.560001373291016,3437332
2025-08-05 15:30:00-04:00,45.55500030517578,45.654998779296875,45.51499938964844,45.650001525878906,4086171
2025-08-06 09:30:00-04:00,45.66999816894531,45.939998626708984,45.3849983215332,45.709999084472656,4740558
2025-08-06 10:30:00-04:00,45.744998931884766,45.834999084472656,45.650001525878906,45.670101165771484,3166537
2025-08-06 11:30:00-04:00,45.685001373291016,45.84000015258789,45.68000030517578,45.744998931884766,3094443
2025-08-06 12:30:00-04:00,45.56999969482422,45.709999084472656,45.5,45.685001373291016,2682337
2025-08-06 13:30:00-04:00,45.59000015258789,45.630001068115234,45.52000045776367,45.56999969482422,2234564
2025-08-06 14:30:00-04:00,45.5099983215332,45.59550094604492,45.45000076293945,45.595001220703125,2903815
2025-08-06 15:30:00-04:00,45.43000030517578,45.560001373291016,45.400001525878906,45.505001068115234,3786357
2025-08-07 09:30:00-04:00,45.205101013183594,45.7599983215332,45.03110122680664,45.709999084472656,7432031
2025-08-07 10:30:00-04:00,45.084999084472656,45.209999084472656,44.970001220703125,45.209999084472656,3001198
2025-08-07 11:30:00-04:00,45.255001068115234,45.28990173339844,45.0099983215332,45.084999084472656,3102513
2025-08-07 12:30:00-04:00,45.11000061035156,45.279998779296875,45.040000915527344,45.255001068115234,2839404
2025-08-07 13:30:00-04:00,45.1150016784668,45.220001220703125,45.029998779296875,45.1150016784668,2189461
2025-08-07 14:30:00-04:00,45.005001068115234,45.15999984741211,44.95500183105469,45.11000061035156,2774898
2025-08-07 15:30:00-04:00,44.93000030517578,45.04999923706055,44.779998779296875,45.005001068115234,4416823
2025-08-08 09:30:00-04:00,45.57500076293945,45.619998931884766,44.97999954223633,45.150001525878906,4377622
2025-08-08 10:30:00-04:00,45.86830139160156,45.974998474121094,45.540000915527344,45.56999969482422,5075902
2025-08-08 11:30:00-04:00,45.8849983215332,46.0,45.7599983215332,45.8650016784668,3287306
2025-08-08 12:30:00-04:00,46.165000915527344,46.16999816894531,45.880001068115234,45.8849983215332,3613557
2025-08-08 13:30:00-04:00,46.23500061035156,46.29999923706055,46.10499954223633,46.165000915527344,3052150
2025-08-08 14:30:00-04:00,46.07500076293945,46.2599983215332,46.04999923706055,46.23500061035156,2948082
2025-08-08 15:30:00-04:00,46.029998779296875,46.08000183105469,45.91999816894531,46.07500076293945,3447630
2025-08-11 09:30:00-04:00,46.20500183105469,46.28990173339844,45.810001373291016,46.05500030517578,5124775
2025-08-11 10:30:00-04:00,46.30500030517578,46.31999969482422,45.97999954223633,46.20000076293945,4121626
2025-08-11 11:30:00-04:00,46.39500045776367,46.52000045776367,46.2599983215332,46.3046989440918,3407990
2025-08-11 12:30:00-04:00,46.23500061035156,46.38999938964844,46.13999938964844,46.38999938964844,3250423
2025-08-11 13:30:00-04:00,46.15999984741211,46.29499816894531,46.13999938964844,46.23500061035156,2331972
2025-08-11 14:30:00-04:00,46.189998626708984,46.23789978027344,46.099998474121094,46.165000915527344,2753123
2025-08-11 15:30:00-04:00,46.189998626708984,46.220001220703125,46.09000015258789,46.189998626708984,5094772
2025-08-12 09:30:00-04:00,47.28499984741211,47.31999969482422,46.36000061035156,46.47999954223633,7648288
2025-08-12 10:30:00-04:00,47.39500045776367,47.540000915527344,47.042152404785156,47.28499984741211,5690741
2025-08-12 11:30:00-04:00,47.595001220703125,47.60499954223633,47.400001525878906,47.400001525878906,3460265
2025-08-12 12:30:00-04:00,47.474998474121094,47.65999984741211,47.42499923706055,47.595001220703125,2483590
2025-08-12 13:30:00-04:00,47.44499969482422,47.529998779296875,47.41999816894531,47.475101470947266,2416169
2025-08-12 14:30:00-04:00,47.415000915527344,47.47570037841797,47.34000015258789,47.44499969482422,2751692
2025-08-12 15:30:00-04:00,47.48500061035156,47.52000045776367,47.400001525878906,47.415000915527344,4112895
2025-08-13 09:30:00-04:00,47.564998626708984,47.7599983215332,47.45000076293945,47.68000030517578,4702136
2025-08-13 10:30:00-04:00,47.584999084472656,47.59000015258789,47.41999816894531,47.564998626708984,2992020
2025-08-13 11:30:00-04:00,47.185001373291016,47.65999984741211,47.18000030517578,47.59000015258789,3276604
2025-08-13 12:30:00-04:00,47.154998779296875,47.27000045776367,46.9900016784668,47.18159866333008,3257704
2025-08-13 13:30:00-04:00,47.224998474121094,47.27000045776367,47.025001525878906,47.154998779296875,2504435
2025-08-13 14:30:00-04:00,47.19499969482422,47.345001220703125,47.18000030517578,47.224998474121094,2416302
2025-08-13 15:30:00-04:00,47.2400016784668,47.275001525878906,47.13999938964844,47.19499969482422,3283391
2025-08-14 09:30:00-04:00,47.4900016784668,47.57500076293945,46.89039993286133,47.084999084472656,4070446
2025-08-14 10:30:00-04:00,47.39500045776367,47.52000045776367,47.3650016784668,47.494998931884766,2059531
2025-08-14 11:30:00-04:00,47.29999923706055,47.47999954223633,47.279998779296875,47.39500045776367,1662249
2025-08-14 12:30:00-04:00,47.525001525878906,47.53499984741211,47.279998779296875,47.29499816894531,1467706
2025-08-14 13:30:00-04:00,47.51499938964844,47.540000915527344,47.459999084472656,47.525001525878906,1940082
2025-08-14 14:30:00-04:00,47.65999984741211,47.72999954223633,47.5099983215332,47.51499938964844,2225428
2025-08-14 15:30:00-04:00,47.69499969482422,47.720001220703125,47.56999969482422,47.654998779296875,3049890
2025-08-15 09:30:00-04:00,47.25,47.81999969482422,47.14500045776367,47.75,6575574
2025-08-15 10:30:00-04:00,47.165000915527344,47.275001525878906,47.029998779296875,47.25,2842152
2025-08-15 11:30:00-04:00,47.1349983215332,47.2400016784668,47.05500030517578,47.16999816894531,2616032
2025-08-15 12:30:00-04:00,47.11000061035156,47.16999816894531,47.025001525878906,47.1349983215332,1811130
2025-08-15 13:30:00-04:00,47.095001220703125,47.15999984741211,47.0099983215332,47.1150016784668,2077479
2025-08-15 14:30:00-04:00,47.05009841918945,47.179901123046875,47.0432014465332,47.09000015258789,2552723
2025-08-15 15:30:00-04:00,46.95000076293945,47.06999969482422,46.900001525878906,47.050899505615234,3786449
2025-08-18 09:30:00-04:00,47.435001373291016,47.529998779296875,46.790000915527344,46.91999816894531,6821773
2025-08-18 10:30:00-04:00,47.435001373291016,47.58000183105469,47.31999969482422,47.43000030517578,4723818
2025-08-18 11:30:00-04:00,47.6349983215332,47.689998626708984,47.41999816894531,47.435001373291016,4001940
2025-08-18 12:30:00-04:00,47.7599983215332,47.7599983215332,47.54499816894531,47.63990020751953,3232488
2025-08-18 13:30:00-04:00,47.939998626708984,47.939998626708984,47.66999816894531,47.755001068115234,3706320
2025-08-18 14:30:00-04:00,47.87200164794922,47.970001220703125,47.81999969482422,47.939998626708984,3973558
2025-08-18 15:30:00-04:00,47.91999816894531,48.040000915527344,47.85499954223633,47.87419891357422,5772963
2025-08-19 09:30:00-04:00,47.83000183105469,47.93000030517578,47.630001068115234,47.81999969482422,4146033
2025-08-19 10:30:00-04:00,47.92499923706055,47.939998626708984,47.755001068115234,47.83000183105469,3589279
2025-08-19 11:30:00-04:00,47.77000045776367,47.97999954223633,47.75,47.92499923706055,3188815
2025-08-19 12:30:00-04:00,47.85499954223633,47.900001525878906,47.70500183105469,47.76499938964844,3461614
2025-08-19 13:30:00-04:00,47.915000915527344,47.974998474121094,47.83000183105469,47.85540008544922,2927136
2025-08-19 14:30:00-04:00,47.95000076293945,47.970001220703125,47.86000061035156,47.915000915527344,3760369
2025-08-19 15:30:00-04:00,48.10499954223633,48.1150016784668,47.94499969482422,47.95000076293945,5156543
2025-08-20 09:30:00-04:00,48.09000015258789,48.46500015258789,47.869998931884766,48.165000915527344,7101838
2025-08-20 10:30:00-04:00,48.29499816894531,48.314998626708984,48.01499938964844,48.099998474121094,3501041
2025-08-20 11:30:00-04:00,48.27000045776367,48.31999969482422,48.185001373291016,48.29499816894531,3377971
2025-08-20 12:30:00-04:00,48.275001525878906,48.29999923706055,48.18000030517578,48.27000045776367,3580392
2025-08-20 13:30:00-04:00,48.2400016784668,48.43000030517578,48.20000076293945,48.275001525878906,2874716
2025-08-20 14:30:00-04:00,48.42499923706055,48.45000076293945,48.209999084472656,48.24190139770508,2587852
2025-08-20 15:30:00-04:00,48.3650016784668,48.4900016784668,48.349998474121094,48.42499923706055,3819724
2025-08-21 09:30:00-04:00,48.27090072631836,48.34000015258789,47.810001373291016,48.27000045776367,6099130
2025-08-21 10:30:00-04:00,48.400299072265625,48.45000076293945,48.209999084472656,48.27009963989258,3421531
2025-08-21 11:30:00-04:00,48.29999923706055,48.4900016784668,48.2400016784668,48.404998779296875,2906670
2025-08-21 12:30:00-04:00,48.329498291015625,48.41999816894531,48.290000915527344,48.314998626708984,2805831
2025-08-21 13:30:00-04:00,48.245601654052734,48.375,48.244998931884766,48.33000183105469,3171245
2025-08-21 14:30:00-04:00,48.21500015258789,48.31999969482422,48.17499923706055,48.25,2620608
2025-08-21 15:30:00-04:00,48.2599983215332,48.290000915527344,48.18009948730469,48.21500015258789,3401778
2025-08-22 09:30:00-04:00,48.905799865722656,49.036800384521484,48.459999084472656,48.52000045776367,8662032
2025-08-22 10:30:00-04:00,49.29999923706055,49.400001525878906,48.904998779296875,48.904998779296875,6337248
2025-08-22 11:30:00-04:00,49.404998779296875,49.5099983215332,49.290000915527344,49.29999923706055,4904466
2025-08-22 12:30:00-04:00,49.47850036621094,49.53990173339844,49.39099884033203,49.40999984741211,3709592
2025-08-22 13:30:00-04:00,49.525001525878906,49.540000915527344,49.40999984741211,49.474998474121094,2980220
2025-08-22 14:30:00-04:00,49.595001220703125,49.65999984741211,49.4900016784668,49.525001525878906,5500717
2025-08-22 15:30:00-04:00,49.4900016784668,49.63999938964844,49.470001220703125,49.595001220703125,7254168
2025-08-25 09:30:00-04:00,49.430599212646484,49.564998626708984,49.209999084472656,49.38999938964844,7009285
2025-08-25 10:30:00-04:00,49.45500183105469,49.540000915527344,49.29999923706055,49.431400299072266,6178761
2025-08-25 11:30:00-04:00,49.404998779296875,49.4900016784668,49.310001373291016,49.459999084472656,4346733
2025-08-25 12:30:00-04:00,49.44499969482422,49.4900016784668,49.38999938964844,49.404998779296875,2054286
2025-08-25 13:30:00-04:00,49.435001373291016,49.459999084472656,49.34000015258789,49.44499969482422,2746337
2025-08-25 14:30:00-04:00,49.510101318359375,49.599998474121094,49.43000030517578,49.439998626708984,3008306
2025-08-25 15:30:00-04:00,49.5099983215332,49.65999984741211,49.4900016784668,49.51499938964844,3958127
2025-08-26 09:30:00-04:00,49.48500061035156,49.53499984741211,49.25,49.25,3533640
2025-08-26 10:30:00-04:00,49.54499816894531,49.599998474121094,49.44499969482422,49.47999954223633,4657271
2025-08-26 11:30:00-04:00,49.82500076293945,49.86000061035156,49.54499816894531,49.54499816894531,4536089
2025-08-26 12:30:00-04:00,49.9900016784668,50.015899658203125,49.81010055541992,49.826900482177734,4856653
2025-08-26 13:30:00-04:00,50.08580017089844,50.09000015258789,49.94499969482422,49.994998931884766,3099744
2025-08-26 14:30:00-04:00,50.13159942626953,50.189998626708984,49.98500061035156,50.08000183105469,3985865
2025-08-26 15:30:00-04:00,50.22999954223633,50.2599983215332,50.099998474121094,50.130001068115234,5883917
2025-08-27 09:30:00-04:00,50.20500183105469,50.540000915527344,49.9900016784668,50.0,5464141
2025-08-27 10:30:00-04:00,50.5,50.5,50.130001068115234,50.20500183105469,6258228
2025-08-27 11:30:00-04:00,50.28499984741211,50.630001068115234,50.22060012817383,50.494998931884766,6227039
2025-08-27 12:30:00-04:00,50.445499420166016,50.4900016784668,50.2400016784668,50.28499984741211,5802426
2025-08-27 13:30:00-04:00,50.375,50.45000076293945,50.290000915527344,50.439998626708984,4420231
2025-08-27 14:30:00-04:00,50.44449996948242,50.470001220703125,50.345001220703125,50.375,4902173
2025-08-27 15:30:00-04:00,50.380001068115234,50.529998779296875,50.380001068115234,50.44499969482422,4696888
2025-08-28 09:30:00-04:00,50.54180145263672,50.63999938964844,50.279998779296875,50.380001068115234,4812678
2025-08-28 10:30:00-04:00,50.380001068115234,50.58000183105469,50.345001220703125,50.54499816894531,4180597
2025-08-28 11:30:00-04:00,50.584999084472656,50.599998474121094,50.3849983215332,50.3849983215332,2661655
2025-08-28 12:30:00-04:00,50.35499954223633,50.584999084472656,50.349998474121094,50.58420181274414,2611381
2025-08-28 13:30:00-04:00,50.435001373291016,50.5,50.349998474121094,50.349998474121094,1594446
2025-08-28 14:30:00-04:00,50.525001525878906,50.6150016784668,50.43000030517578,50.435001373291016,4121288
2025-08-28 15:30:00-04:00,50.5099983215332,50.559898376464844,50.439998626708984,50.525001525878906,3145784
2025-08-29 09:30:00-04:00,50.630001068115234,50.7599983215332,50.52000045776367,50.59000015258789,3709980
2025-08-29 10:30:00-04:00,50.709999084472656,50.779998779296875,50.54999923706055,50.630001068115234,4412938
2025-08-29 11:30:00-04:00,50.81010055541992,50.869998931884766,50.689998626708984,50.71500015258789,2932521
2025-08-29 12:30:00-04:00,50.82500076293945,50.875,50.77000045776367,50.814998626708984,2090183
2025-08-29 13:30:00-04:00,50.8849983215332,50.91749954223633,50.80500030517578,50.83000183105469,2714272
2025-08-29 14:30:00-04:00,50.775001525878906,50.90999984741211,50.75,50.8849983215332,2660927
2025-08-29 15:30:00-04:00,50.7599983215332,50.80500030517578,50.650001525878906,50.775001525878906,3482873
2025-09-02 09:30:00-04:00,50.26499938964844,50.349998474121094,49.66999816894531,50.220001220703125,16034352
2025-09-02 10:30:00-04:00,50.22999954223633,50.470001220703125,50.19499969482422,50.2599983215332,6526716
2025-09-02 11:30:00-04:00,50.1150016784668,50.23500061035156,50.064998626708984,50.23500061035156,4357160
2025-09-02 12:30:00-04:00,50.13850021362305,50.244998931884766,50.11000061035156,50.11920166015625,3288006
2025-09-02 13:30:00-04:00,50.06850051879883,50.27000045776367,50.04999923706055,50.1349983215332,4272036
2025-09-02 14:30:00-04:00,50.21500015258789,50.2400016784668,50.04999923706055,50.064998626708984,4265244
2025-09-02 15:30:00-04:00,50.404998779296875,50.40999984741211,50.209999084472656,50.21500015258789,3995276
2025-09-03 09:30:00-04:00,50.31999969482422,50.56999969482422,50.125,50.400001525878906,4351132
2025-09-03 10:30:00-04:00,50.23500061035156,50.38999938964844,50.220001220703125,50.31999969482422,4192908
2025-09-03 11:30:00-04:00,49.93000030517578,50.2599983215332,49.92499923706055,50.22999954223633,3539888
2025-09-03 12:30:00-04:00,49.98550033569336,50.02539825439453,49.70000076293945,49.93000030517578,3985798
2025-09-03 13:30:00-04:00,49.904998779296875,50.025299072265625,49.709999084472656,49.98500061035156,4004645
2025-09-03 14:30:00-04:00,49.88999938964844,49.999000549316406,49.849998474121094,49.904998779296875,2495538
2025-09-03 15:30:00-04:00,50.09000015258789,50.09000015258789,49.880001068115234,49.88999938964844,4773127
2025-09-04 09:30:00-04:00,50.44499969482422,50.52000045776367,50.119998931884766,50.2400016784668,6342893
2025-09-04 10:30:00-04:00,50.26499938964844,50.46500015258789,50.25,50.44499969482422,3659709
2025-09-04 11:30:00-04:00,50.595001220703125,50.650001525878906,50.2046012878418,50.26689910888672,4073197
2025-09-04 12:30:00-04:00,50.69490051269531,50.70000076293945,50.494998931884766,50.595001220703125,3086436
2025-09-04 13:30:00-04:00,50.73500061035156,50.83000183105469,50.65999984741211,50.69499969482422,3506478
2025-09-04 14:30:00-04:00,50.6775016784668,50.7400016784668,50.56999969482422,50.73500061035156,3960623
2025-09-04 15:30:00-04:00,50.65999984741211,50.68000030517578,50.58000183105469,50.66999816894531,5208021
2025-09-05 09:30:00-04:00,49.689998626708984,50.685001373291016,49.654998779296875,50.439998626708984,9024493
2025-09-05 10:30:00-04:00,49.535099029541016,49.724998474121094,49.22999954223633,49.689998626708984,5875193
2025-09-05 11:30:00-04:00,49.470001220703125,49.59000015258789,49.415000915527344,49.53499984741211,3850017
2025-09-05 12:30:00-04:00,49.62910079956055,49.76499938964844,49.43009948730469,49.474998474121094,3229262
2025-09-05 13:30:00-04:00,49.505001068115234,49.650001525878906,49.45000076293945,49.6150016784668,2868509
2025-09-05 14:30:00-04:00,49.69990158081055,49.72999954223633,49.5,49.5099983215332,3421243
2025-09-05 15:30:00-04:00,49.7599983215332,49.775001525878906,49.625,49.69499969482422,5704565
2025-09-08 09:30:00-04:00,49.369998931884766,49.904998779296875,49.13999938964844,49.79999923706055,5701629
2025-09-08 10:30:00-04:00,49.744998931884766,49.77000045776367,49.349998474121094,49.375,6781399
2025-09-08 11:30:00-04:00,49.552799224853516,49.76580047607422,49.380001068115234,49.744998931884766,5194890
2025-09-08 12:30:00-04:00,49.67499923706055,49.709999084472656,49.53499984741211,49.55500030517578,2448194
2025-09-08 13:30:00-04:00,49.55500030517578,49.7599983215332,48.875,49.68000030517578,8581236
2025-09-08 14:30:00-04:00,49.38999938964844,49.619998931884766,49.380001068115234,49.55500030517578,5781595
2025-09-08 15:30:00-04:00,49.47999954223633,49.525001525878906,49.34000015258789,49.39500045776367,6207879
2025-09-09 09:30:00-04:00,50.130001068115234,50.1349983215332,49.459999084472656,49.459999084472656,5355158
2025-09-09 10:30:00-04:00,50.505001068115234,50.560001373291016,50.040000915527344,50.125,5500414
2025-09-09 11:30:00-04:00,50.20500183105469,50.540000915527344,50.099998474121094,50.5,7691194
2025-09-09 12:30:00-04:00,50.224998474121094,50.27000045776367,50.0,50.20000076293945,3654159
2025-09-09 13:30:00-04:00,50.35499954223633,50.38999938964844,50.209999084472656,50.224998474121094,3052691
2025-09-09 14:30:00-04:00,50.2400016784668,50.439998626708984,50.209999084472656,50.35499954223633,2894462
2025-09-09 15:30:00-04:00,50.279998779296875,50.349998474121094,50.189998626708984,50.240299224853516,3656122
2025-09-10 09:30:00-04:00,50.40999984741211,50.625,50.005001068115234,50.369998931884766,5442310
2025-09-10 10:30:00-04:00,50.046226501464844,50.415000915527344,49.96500015258789,50.415000915527344,3453231
2025-09-10 11:30:00-04:00,50.130001068115234,50.33000183105469,50.040000915527344,50.04499816894531,2752521
2025-09-10 12:30:00-04:00,50.20500183105469,50.439998626708984,50.119998931884766,50.1349983215332,3051731
2025-09-10 13:30:00-04:00,50.22999954223633,50.26499938964844,50.125,50.20500183105469,2050753
2025-09-10 14:30:00-04:00,50.130001068115234,50.290000915527344,50.119998931884766,50.224998474121094,2311179
2025-09-10 15:30:00-04:00,50.150001525878906,50.209999084472656,50.084999084472656,50.14229965209961,4342184
2025-09-11 09:30:00-04:00,50.645301818847656,50.65999984741211,49.9900016784668,50.13999938964844,5318481
2025-09-11 10:30:00-04:00,50.814998626708984,50.959999084472656,50.64500045776367,50.650001525878906,4996730
2025-09-11 11:30:00-04:00,50.73820114135742,50.83000183105469,50.650001525878906,50.814998626708984,2424421
2025-09-11 12:30:00-04:00,50.705101013183594,50.77000045776367,50.64500045776367,50.7400016784668,1874916
2025-09-11 13:30:00-04:00,50.62350082397461,50.7598991394043,50.59000015258789,50.70899963378906,1840176
2025-09-11 14:30:00-04:00,50.665000915527344,50.70000076293945,50.58000183105469,50.625,2499590
2025-09-11 15:30:00-04:00,50.72999954223633,50.77000045776367,50.65999984741211,50.65999984741211,3609200
2025-09-12 09:30:00-04:00,50.7400016784668,50.93000030517578,50.52000045776367,50.70000076293945,4266313
2025-09-12 10:30:00-04:00,50.53499984741211,50.76499938964844,50.52000045776367,50.73500061035156,1765847
2025-09-12 11:30:00-04:00,50.62179946899414,50.6349983215332,50.45500183105469,50.540000915527344,1656580
2025-09-12 12:30:00-04:00,50.685001373291016,50.72999954223633,50.58000183105469,50.625,1243873
2025-09-12 13:30:00-04:00,50.71500015258789,50.73500061035156,50.619998931884766,50.685001373291016,1371449
2025-09-12 14:30:00-04:00,50.59579849243164,50.72999954223633,50.59000015258789,50.720001220703125,1760547
2025-09-12 15:30:00-04:00,50.56999969482422,50.689998626708984,50.474998474121094,50.599998474121094,2874511
2025-09-15 09:30:00-04:00,51.0,51.09000015258789,50.650001525878906,50.849998474121094,4444197
2025-09-15 10:30:00-04:00,50.76499938964844,51.040000915527344,50.75,51.0099983215332,2647444
2025-09-15 11:30:00-04:00,50.67499923706055,50.78499984741211,50.619998931884766,50.7666015625,2224505
2025-09-15 12:30:00-04:00,50.6349983215332,50.720001220703125,50.55500030517578,50.66999816894531,1688308
2025-09-15 13:30:00-04:00,50.57500076293945,50.75,50.459999084472656,50.630001068115234,2002457
2025-09-15 14:30:00-04:00,50.54658126831055,50.619998931884766,50.4900016784668,50.57500076293945,1956679
2025-09-15 15:30:00-04:00,50.59000015258789,50.619998931884766,50.4900016784668,50.54499816894531,2764791
2025-09-16 09:30:00-04:00,50.34000015258789,50.79999923706055,50.209999084472656,50.63999938964844,5186399
2025-09-16 10:30:00-04:00,50.45500183105469,50.5099983215332,50.290000915527344,50.345001220703125,2708713
2025-09-16 11:30:00-04:00,50.6349983215332,50.779998779296875,50.349998474121094,50.45500183105469,3417402
2025-09-16 12:30:00-04:00,50.755001068115234,50.84000015258789,50.6150016784668,50.6349983215332,3279714
2025-09-16 13:30:00-04:00,50.814998626708984,50.875,50.744998931884766,50.7599983215332,2547977
2025-09-16 14:30:00-04:00,50.505001068115234,50.85499954223633,50.5,50.814998626708984,3394345
2025-09-16 15:30:00-04:00,50.689998626708984,50.720001220703125,50.494998931884766,50.505001068115234,3989043
2025-09-17 09:30:00-04:00,51.404998779296875,51.5099983215332,50.790000915527344,50.86000061035156,7068518
2025-09-17 10:30:00-04:00,51.494998931884766,51.625,51.36000061035156,51.404998779296875,3582529
2025-09-17 11:30:00-04:00,51.255001068115234,51.548099517822266,51.22999954223633,51.494998931884766,3139981
2025-09-17 12:30:00-04:00,51.20500183105469,51.275001525878906,51.13999938964844,51.255001068115234,2306551
2025-09-17 13:30:00-04:00,51.52000045776367,51.60499954223633,51.130001068115234,51.209999084472656,5430992
2025-09-17 14:30:00-04:00,51.31999969482422,51.540000915527344,50.89500045776367,51.525001525878906,5675053
2025-09-17 15:30:00-04:00,51.400001525878906,51.494998931884766,51.290000915527344,51.31999969482422,4871530
2025-09-18 09:30:00-04:00,51.915000915527344,51.94499969482422,51.29999923706055,51.4900016784668,6227997
2025-09-18 10:30:00-04:00,51.775001525878906,51.97999954223633,51.60430145263672,51.915000915527344,5433056
2025-09-18 11:30:00-04:00,51.93000030517578,51.989898681640625,51.775001525878906,51.779998779296875,2929590
2025-09-18 12:30:00-04:00,51.8849983215332,52.084999084472656,51.85499954223633,51.92499923706055,3544613
2025-09-18 13:30:00-04:00,51.92499923706055,51.939998626708984,51.7400016784668,51.8849983215332,2604602
2025-09-18 14:30:00-04:00,52.095001220703125,52.13999938964844,51.834999084472656,51.92499923706055,3963148
2025-09-18 15:30:00-04:00,52.13999938964844,52.189998626708984,52.02000045776367,52.095001220703125,4288681
2025-09-19 09:30:00-04:00,52.099998474121094,52.310001373291016,51.7599983215332,52.150001525878906,9683746
2025-09-19 10:30:00-04:00,52.23500061035156,52.310001373291016,52.0906982421875,52.099998474121094,3613895
2025-09-19 11:30:00-04:00,52.3650016784668,52.40999984741211,52.220001220703125,52.23500061035156,4444211
2025-09-19 12:30:00-04:00,52.579898834228516,52.58000183105469,52.345001220703125,52.3650016784668,3823453
2025-09-19 13:30:00-04:00,52.51499938964844,52.61000061035156,52.5,52.57500076293945,3480731
2025-09-19 14:30:00-04:00,52.625,52.64500045776367,52.5,52.51499938964844,3557877
2025-09-19 15:30:00-04:00,52.25,52.65999984741211,52.220001220703125,52.630001068115234,9637776
2025-09-22 09:30:00-04:00,52.289798736572266,52.349998474121094,51.755001068115234,51.7599983215332,5060465
2025-09-22 10:30:00-04:00,52.22380065917969,52.29999923706055,52.16999816894531,52.28499984741211,2183270
2025-09-22 11:30:00-04:00,52.165000915527344,52.22999954223633,52.10499954223633,52.224998474121094,1978933
2025-09-22 12:30:00-04:00,51.98469924926758,52.21500015258789,51.970001220703125,52.165000915527344,2082123
2025-09-22 13:30:00-04:00,51.880001068115234,52.029998779296875,51.779998779296875,51.9900016784668,2557533
2025-09-22 14:30:00-04:00,51.96500015258789,51.98500061035156,51.83000183105469,51.88999938964844,2458761
2025-09-22 15:30:00-04:00,51.93000030517578,52.11000061035156,51.93000030517578,51.959999084472656,3862596
2025-09-23 09:30:00-04:00,52.654998779296875,52.880001068115234,51.95000076293945,52.0,4878210
2025-09-23 10:30:00-04:00,52.28499984741211,52.65999984741211,52.27180099487305,52.654998779296875,2819795
2025-09-23 11:30:00-04:00,52.17060089111328,52.36000061035156,52.150001525878906,52.290000915527344,1835722
2025-09-23 12:30:00-04:00,51.84000015258789,52.2599983215332,51.84000015258789,52.16999816894531,1461553
2025-09-23 13:30:00-04:00,51.59000015258789,51.85499954223633,51.540000915527344,51.83000183105469,3521684
2025-09-23 14:30:00-04:00,51.54499816894531,51.65999984741211,51.51499938964844,51.595001220703125,2374539
2025-09-23 15:30:00-04:00,51.70500183105469,51.709999084472656,51.52000045776367,51.54719924926758,3487890
2025-09-24 09:30:00-04:00,52.09000015258789,52.25,51.790000915527344,51.849998474121094,4692977
2025-09-24 10:30:00-04:00,51.84859848022461,52.19860076904297,51.81999969482422,52.095001220703125,2156047
2025-09-24 11:30:00-04:00,51.73500061035156,51.92499923706055,51.564998626708984,51.84510040283203,2763561
2025-09-24 12:30:00-04:00,51.64500045776367,51.78499984741211,51.630001068115234,51.73500061035156,1476175
2025-09-24 13:30:00-04:00,51.665000915527344,51.66999816894531,51.45500183105469,51.64500045776367,2499927
2025-09-24 14:30:00-04:00,51.5516471862793,51.665000915527344,51.529998779296875,51.665000915527344,1890601
2025-09-24 15:30:00-04:00,51.68000030517578,51.70000076293945,51.54100036621094,51.55500030517578,4263756
2025-09-25 09:30:00-04:00,52.095001220703125,52.220001220703125,51.439998626708984,51.47999954223633,5594816
2025-09-25 10:30:00-04:00,52.025001525878906,52.33000183105469,51.97999954223633,52.099998474121094,3489552
2025-09-25 11:30:00-04:00,51.8650016784668,52.1349983215332,51.84000015258789,52.029998779296875,2034430
2025-09-25 12:30:00-04:00,51.855098724365234,51.989898681640625,51.77000045776367,51.869998931884766,1531915
2025-09-25 13:30:00-04:00,51.79560089111328,51.900001525878906,51.63999938964844,51.85499954223633,1984610
2025-09-25 14:30:00-04:00,51.814998626708984,51.904998779296875,51.744998931884766,51.790000915527344,1468651
2025-09-25 15:30:00-04:00,51.834999084472656,51.88999938964844,51.78099822998047,51.814998626708984,2568603
2025-09-26 09:30:00-04:00,52.15999984741211,52.619998931884766,52.099998474121094,52.11000061035156,5340860
2025-09-26 10:30:00-04:00,52.21500015258789,52.24509811401367,51.97999954223633,52.150001525878906,2474947
2025-09-26 11:30:00-04:00,52.2599983215332,52.26499938964844,52.09000015258789,52.21500015258789,1141216
2025-09-26 12:30:00-04:00,52.30500030517578,52.377498626708984,52.220001220703125,52.2599983215332,1274135
2025-09-26 13:30:00-04:00,52.32500076293945,52.40999984741211,52.19499969482422,52.29999923706055,1361050
2025-09-26 14:30:00-04:00,52.21379852294922,52.36000061035156,52.185001373291016,52.33000183105469,1975090
2025-09-26 15:30:00-04:00,52.20000076293945,52.25,52.170101165771484,52.21500015258789,2146647
2025-09-29 09:30:00-04:00,52.310001373291016,52.54999923706055,52.150001525878906,52.36000061035156,3780812
2025-09-29 10:30:00-04:00,52.21500015258789,52.415000915527344,52.11000061035156,52.310001373291016,3157938
2025-09-29 11:30:00-04:00,52.275001525878906,52.29999923706055,52.15999984741211,52.21500015258789,2114442
2025-09-29 12:30:00-04:00,52.19499969482422,52.29999923706055,52.165000915527344,52.275001525878906,1626046
2025-09-29 13:30:00-04:00,52.24399948120117,52.2599983215332,52.125,52.19499969482422,1443263
2025-09-29 14:30:00-04:00,52.29999923706055,52.319000244140625,52.220001220703125,52.2400016784668,2176446
2025-09-29 15:30:00-04:00,52.43000030517578,52.470001220703125,52.29999923706055,52.30500030517578,2678846
2025-09-30 09:30:00-04:00,51.75,52.564998626708984,51.7400016784668,52.47999954223633,3973402
2025-09-30 10:30:00-04:00,51.314998626708984,51.75,51.119998931884766,51.75,5604897
2025-09-30 11:30:00-04:00,51.310001373291016,51.44499969482422,51.209999084472656,51.31999969482422,2372196
2025-09-30 12:30:00-04:00,51.125,51.415401458740234,51.08000183105469,51.314998626708984,2975064
2025-09-30 13:30:00-04:00,51.22959899902344,51.275001525878906,51.01499938964844,51.119998931884766,2020156
2025-09-30 14:30:00-04:00,51.564998626708984,51.59000015258789,51.189998626708984,51.22999954223633,2032374
2025-09-30 15:30:00-04:00,51.56999969482422,51.689998626708984,51.474998474121094,51.56999969482422,4383763
2025-10-01 09:30:00-04:00,51.084999084472656,51.67499923706055,50.900001525878906,51.29999923706055,5083394
2025-10-01 10:30:00-04:00,51.03499984741211,51.095001220703125,50.77130126953125,51.09000015258789,2689838
2025-10-01 11:30:00-04:00,51.03499984741211,51.1599006652832,50.91999816894531,51.03010177612305,1744952
2025-10-01 12:30:00-04:00,50.755001068115234,51.099998474121094,50.685001373291016,51.029998779296875,2264922
2025-10-01 13:30:00-04:00,50.665000915527344,50.78630065917969,50.55500030517578,50.755001068115234,3285023
2025-10-01 14:30:00-04:00,50.70000076293945,50.81999969482422,50.61000061035156,50.669898986816406,2216576
2025-10-01 15:30:00-04:00,50.654998779296875,50.77000045776367,50.630001068115234,50.70500183105469,3768439
2025-10-02 09:30:00-04:00,50.21500015258789,50.845001220703125,50.06999969482422,50.650001525878906,5636723
2025-10-02 10:30:00-04:00,50.20000076293945,50.40999984741211,50.119998931884766,50.21500015258789,2842341
2025-10-02 11:30:00-04:00,50.35499954223633,50.36000061035156,50.194698333740234,50.20000076293945,2083179
2025-10-02 12:30:00-04:00,50.3849983215332,50.5,50.26499938964844,50.35499954223633,1533898
2025-10-02 13:30:00-04:00,50.51499938964844,50.59000015258789,50.345001220703125,50.3849983215332,1855333
2025-10-02 14:30:00-04:00,50.483001708984375,50.55500030517578,50.435001373291016,50.51499938964844,2073252
2025-10-02 15:30:00-04:00,50.459999084472656,50.494998931884766,50.40999984741211,50.48500061035156,2940068
2025-10-03 09:30:00-04:00,50.69499969482422,51.130001068115234,50.58000183105469,50.619998931884766,5369700
2025-10-03 10:30:00-04:00,50.59000015258789,50.959999084472656,50.560001373291016,50.69499969482422,2518229
2025-10-03 11:30:00-04:00,50.810001373291016,50.86000061035156,50.55229949951172,50.584999084472656,1989691
2025-10-03 12:30:00-04:00,50.71500015258789,50.880001068115234,50.689998626708984,50.814998626708984,1709127
2025-10-03 13:30:00-04:00,50.82500076293945,50.86000061035156,50.66999816894531,50.709999084472656,1791932
2025-10-03 14:30:00-04:00,50.755001068115234,50.880001068115234,50.73500061035156,50.82500076293945,2257381
2025-10-03 15:30:00-04:00,50.65999984741211,50.779998779296875,50.56999969482422,50.755001068115234,3238580
2025-10-06 09:30:00-04:00,50.560001373291016,51.31999969482422,49.88999938964844,50.93000030517578,6728538
2025-10-06 10:30:00-04:00,50.6150016784668,50.724998474121094,50.47999954223633,50.560001373291016,2407306
2025-10-06 11:30:00-04:00,50.560001373291016,50.650001525878906,50.40999984741211,50.6150016784668,2005564
2025-10-06 12:30:00-04:00,50.43000030517578,50.569698333740234,50.22999954223633,50.561500549316406,2923852
2025-10-06 13:30:00-04:00,50.275001525878906,50.435001373291016,50.27000045776367,50.43149948120117,2227738
2025-10-06 14:30:00-04:00,50.334999084472656,50.3650016784668,50.25,50.275001525878906,2182285
2025-10-06 15:30:00-04:00,50.380001068115234,50.40999984741211,50.279998779296875,50.33000183105469,2632892
2025-10-07 09:30:00-04:00,50.619998931884766,50.90999984741211,50.470001220703125,50.54999923706055,5019430
2025-10-07 10:30:00-04:00,50.48500061035156,50.68000030517578,50.43000030517578,50.625,3402804
2025-10-07 11:30:00-04:00,50.209999084472656,50.519901275634766,50.125,50.48509979248047,2524020
2025-10-07 12:30:00-04:00,50.32939910888672,50.459999084472656,50.21500015258789,50.21500015258789,1429137
2025-10-07 13:30:00-04:00,50.244998931884766,50.36000061035156,50.209999084472656,50.32500076293945,2122890
2025-10-07 14:30:00-04:00,50.2599983215332,50.349998474121094,50.23500061035156,50.2400016784668,1629452
2025-10-07 15:30:00-04:00,50.279998779296875,50.28990173339844,50.20000076293945,50.2599983215332,2568541
2025-10-08 09:30:00-04:00,50.32500076293945,50.439998626708984,49.88999938964844,50.400001525878906,4779134
2025-10-08 10:30:00-04:00,50.42499923706055,50.5099983215332,50.244998931884766,50.3213005065918,3596803
2025-10-08 11:30:00-04:00,50.42100143432617,50.459999084472656,50.25,50.42499923706055,1448705
2025-10-08 12:30:00-04:00,50.32500076293945,50.43000030517578,50.310001373291016,50.42499923706055,1746705
2025-10-08 13:30:00-04:00,50.095001220703125,50.33000183105469,50.09000015258789,50.32500076293945,1510032
2025-10-08 14:30:00-04:00,49.95500183105469,50.099998474121094,49.875,50.095001220703125,2093229
2025-10-08 15:30:00-04:00,49.834999084472656,49.95500183105469,49.779998779296875,49.95500183105469,3463219
2025-10-09 09:30:00-04:00,49.72999954223633,50.275001525878906,49.67499923706055,50.0,4685913
2025-10-09 10:30:00-04:00,49.835201263427734,49.90999984741211,49.68000030517578,49.72999954223633,1965102
2025-10-09 11:30:00-04:00,49.70500183105469,49.85499954223633,49.665000915527344,49.834999084472656,1965293
2025-10-09 12:30:00-04:00,49.82500076293945,49.845001220703125,49.685001373291016,49.709999084472656,1839792
2025-10-09 13:30:00-04:00,49.8650016784668,49.93000030517578,49.76499938964844,49.82500076293945,1702920
2025-10-09 14:30:00-04:00,49.82500076293945,49.900001525878906,49.78499984741211,49.8650016784668,1666619
2025-10-09 15:30:00-04:00,49.79499816894531,49.869998931884766,49.69499969482422,49.82500076293945,3864524
2025-10-10 09:30:00-04:00,50.02000045776367,50.09000015258789,49.7400016784668,49.92499923706055,4594203
2025-10-10 10:30:00-04:00,49.40999984741211,50.13999938964844,49.34000015258789,50.02000045776367,4077234
2025-10-10 11:30:00-04:00,49.255001068115234,49.51499938964844,49.04999923706055,49.400001525878906,3128868
2025-10-10 12:30:00-04:00,49.11000061035156,49.400001525878906,48.9900016784668,49.25,2193027
2025-10-10 13:30:00-04:00,49.029998779296875,49.2599983215332,48.95500183105469,49.10499954223633,2496491
2025-10-10 14:30:00-04:00,48.760501861572266,49.04999923706055,48.7400016784668,49.03499984741211,2599014
2025-10-10 15:30:00-04:00,48.64500045776367,48.869998931884766,48.54999923706055,48.77000045776367,4787959
2025-10-13 09:30:00-04:00,48.939998626708984,49.400001525878906,48.85499954223633,49.20000076293945,5736405
2025-10-13 10:30:00-04:00,49.345001220703125,49.369998931884766,48.86000061035156,48.94499969482422,3828211
2025-10-13 11:30:00-04:00,49.17499923706055,49.3849983215332,49.09000015258789,49.345001220703125,3207489
2025-10-13 12:30:00-04:00,49.03839874267578,49.25,49.02000045776367,49.17499923706055,2994393
2025-10-13 13:30:00-04:00,49.05580139160156,49.09550094604492,48.95000076293945,49.03499984741211,3343896
2025-10-13 14:30:00-04:00,48.974998474121094,49.11000061035156,48.86000061035156,49.05500030517578,3347281
2025-10-13 15:30:00-04:00,48.83000183105469,49.05500030517578,48.810001373291016,48.974998474121094,5608082
2025-10-14 09:30:00-04:00,49.415000915527344,49.439998626708984,48.525001525878906,48.849998474121094,8031348
2025-10-14 10:30:00-04:00,49.93000030517578,50.06999969482422,49.36000061035156,49.415000915527344,6563023
2025-10-14 11:30:00-04:00,50.1150016784668,50.21950149536133,49.8849983215332,49.93000030517578,3890365
2025-10-14 12:30:00-04:00,50.35499954223633,50.369998931884766,50.11000061035156,50.119998931884766,2918996
2025-10-14 13:30:00-04:00,50.2599983215332,50.494998931884766,50.2400016784668,50.35499954223633,3440892
2025-10-14 14:30:00-04:00,50.29499816894531,50.3650016784668,50.16999816894531,50.26499938964844,4447786
2025-10-14 15:30:00-04:00,50.04999923706055,50.310001373291016,49.869998931884766,50.29999923706055,7003500
2025-10-15 09:30:00-04:00,52.68000030517578,52.70000076293945,51.22999954223633,51.56999969482422,22299271
2025-10-15 10:30:00-04:00,52.685001373291016,52.849998474121094,52.5099983215332,52.68000030517578,7199274
2025-10-15 11:30:00-04:00,52.32500076293945,52.73500061035156,52.16999816894531,52.685001373291016,6076615
2025-10-15 12:30:00-04:00,51.93560028076172,52.34000015258789,51.79999923706055,52.31999969482422,4530114
2025-10-15 13:30:00-04:00,51.974998474121094,52.249900817871094,51.68000030517578,51.93000030517578,4783672
2025-10-15 14:30:00-04:00,52.375,52.525001525878906,51.95000076293945,51.970001220703125,4297038
2025-10-15 15:30:00-04:00,52.29999923706055,52.40999984741211,52.18000030517578,52.375,6356705
2025-10-16 09:30:00-04:00,52.209999084472656,52.755001068115234,51.720001220703125,52.599998474121094,8807305
2025-10-16 10:30:00-04:00,51.974998474121094,52.35499954223633,51.88999938964844,52.20500183105469,4919587
2025-10-16 11:30:00-04:00,51.564998626708984,52.095001220703125,51.54499816894531,51.970001220703125,4250041
2025-10-16 12:30:00-04:00,51.339900970458984,51.565101623535156,51.029998779296875,51.565101623535156,4721405
2025-10-16 13:30:00-04:00,50.755001068115234,51.35540008544922,50.529998779296875,51.33000183105469,4329230
2025-10-16 14:30:00-04:00,50.244998931884766,50.97999954223633,50.23500061035156,50.75,6534615
2025-10-16 15:30:00-04:00,50.43000030517578,50.4900016784668,50.0,50.2400016784668,8285012
2025-10-17 09:30:00-04:00,50.970001220703125,51.130001068115234,50.33000183105469,50.95000076293945,9442756
2025-10-17 10:30:00-04:00,51.28499984741211,51.584999084472656,50.83000183105469,50.970001220703125,10125282
2025-10-17 11:30:00-04:00,51.564998626708984,51.77000045776367,51.150001525878906,51.290000915527344,6476641
2025-10-17 12:30:00-04:00,51.23500061035156,51.599998474121094,51.064998626708984,51.560001373291016,3166308
2025-10-17 13:30:00-04:00,51.494998931884766,51.59000015258789,51.165000915527344,51.22999954223633,3608531
2025-10-17 14:30:00-04:00,51.474998474121094,51.70000076293945,51.440101623535156,51.494998931884766,3195343
2025-10-17 15:30:00-04:00,51.29999923706055,51.4900016784668,51.25,51.470001220703125,4599862
2025-10-20 09:30:00-04:00,51.8849983215332,51.915000915527344,51.369998931884766,51.439998626708984,4819062
2025-10-20 10:30:00-04:00,52.099998474121094,52.22999954223633,51.875,51.8849983215332,3573344
2025-10-20 11:30:00-04:00,52.165000915527344,52.20000076293945,52.01499938964844,52.099998474121094,2199464
2025-10-20 12:30:00-04:00,52.185001373291016,52.224998474121094,52.08000183105469,52.166500091552734,1743470
2025-10-20 13:30:00-04:00,52.18000030517578,52.279998779296875,52.11000061035156,52.185001373291016,2306093
2025-10-20 14:30:00-04:00,52.03499984741211,52.205101013183594,52.025001525878906,52.17499923706055,2350502
2025-10-20 15:30:00-04:00,52.02000045776367,52.14500045776367,51.974998474121094,52.040000915527344,3634140
2025-10-21 09:30:00-04:00,51.95500183105469,52.369998931884766,51.88999938964844,52.09000015258789,4882980
2025-10-21 10:30:00-04:00,51.97019958496094,52.23500061035156,51.95000076293945,51.95000076293945,3866096
2025-10-21 11:30:00-04:00,51.75,52.0,51.743499755859375,51.974998474121094,2070606
2025-10-21 12:30:00-04:00,51.65999984741211,51.89500045776367,51.6150016784668,51.75,1851570
2025-10-21 13:30:00-04:00,51.7599983215332,51.79999923706055,51.6150016784668,51.65999984741211,1921368
2025-10-21 14:30:00-04:00,51.56999969482422,51.790000915527344,51.529998779296875,51.755001068115234,2906602
2025-10-21 15:30:00-04:00,51.494998931884766,51.57500076293945,51.439998626708984,51.564998626708984,5422184
2025-10-22 09:30:00-04:00,50.91999816894531,51.58000183105469,50.88999938964844,51.494998931884766,6113116
2025-10-22 10:30:00-04:00,50.790000915527344,51.040000915527344,50.7599983215332,50.91999816894531,4991236
2025-10-22 11:30:00-04:00,50.8849983215332,51.05500030517578,50.779998779296875,50.790000915527344,2255703
2025-10-22 12:30:00-04:00,50.59000015258789,51.05500030517578,50.56999969482422,50.8849983215332,3166377
2025-10-22 13:30:00-04:00,50.685001373291016,50.70500183105469,50.435001373291016,50.595001220703125,2928139
2025-10-22 14:30:00-04:00,51.07099914550781,51.09000015258789,50.66999816894531,50.689998626708984,2788832
2025-10-22 15:30:00-04:00,51.099998474121094,51.11000061035156,50.97100067138672,51.06999969482422,4390463
2025-10-23 09:30:00-04:00,51.35499954223633,51.6349983215332,51.11000061035156,51.47999954223633,4174727
2025-10-23 10:30:00-04:00,51.49100112915039,51.564998626708984,51.27000045776367,51.349998474121094,2773584
2025-10-23 11:30:00-04:00,51.53499984741211,51.6150016784668,51.34000015258789,51.494998931884766,3500524
2025-10-23 12:30:00-04:00,51.66999816894531,51.709999084472656,51.525001525878906,51.529998779296875,2242324
2025-10-23 13:30:00-04:00,51.70500183105469,51.7599983215332,51.64500045776367,51.67499923706055,2149617
2025-10-23 14:30:00-04:00,51.69499969482422,51.75,51.60419845581055,51.70000076293945,2579187
2025-10-23 15:30:00-04:00,51.779998779296875,51.79999923706055,51.6609992980957,51.69499969482422,3929301
2025-10-24 09:30:00-04:00,52.45500183105469,52.67499923706055,51.849998474121094,51.849998474121094,6576158
2025-10-24 10:30:00-04:00,52.7401008605957,52.779998779296875,52.43000030517578,52.45500183105469,6649140
2025-10-24 11:30:00-04:00,52.625,52.814998626708984,52.599998474121094,52.744998931884766,2723766
2025-10-24 12:30:00-04:00,52.584999084472656,52.63999938964844,52.470001220703125,52.625,2197659
2025-10-24 13:30:00-04:00,52.540000915527344,52.599998474121094,52.46268081665039,52.584999084472656,2076445
2025-10-24 14:30:00-04:00,52.564998626708984,52.6349983215332,52.47999954223633,52.53499984741211,2902057
2025-10-24 15:30:00-04:00,52.59000015258789,52.61000061035156,52.41999816894531,52.560001373291016,8721665
2025-10-27 09:30:00-04:00,52.82830047607422,52.88999938964844,52.529998779296875,52.79999923706055,4865321
2025-10-27 10:30:00-04:00,52.80500030517578,52.86000061035156,52.68000030517578,52.83000183105469,3483382
2025-10-27 11:30:00-04:00,52.85499954223633,52.869998931884766,52.7400016784668,52.80500030517578,3298292
2025-10-27 12:30:00-04:00,52.8650016784668,52.90999984741211,52.7599983215332,52.8650016784668,1934129
2025-10-27 13:30:00-04:00,52.845001220703125,52.939998626708984,52.81999969482422,52.8650016784668,1726729
2025-10-27 14:30:00-04:00,52.970001220703125,52.98899841308594,52.775001525878906,52.849998474121094,3073737
2025-10-27 15:30:00-04:00,53.02000045776367,53.064998626708984,52.94499969482422,52.974998474121094,4045197
2025-10-28 09:30:00-04:00,53.03499984741211,53.275001525878906,52.79999923706055,53.0,5177497
2025-10-28 10:30:00-04:00,52.76499938964844,53.06999969482422,52.72999954223633,53.040000915527344,5121174
2025-10-28 11:30:00-04:00,52.41339874267578,52.77000045776367,52.34000015258789,52.76499938964844,3490074
2025-10-28 12:30:00-04:00,52.595001220703125,52.66999816894531,52.38999938964844,52.415000915527344,1894498
2025-10-28 13:30:00-04:00,52.69499969482422,52.75,52.58000183105469,52.595001220703125,1757315
2025-10-28 14:30:00-04:00,52.72999954223633,52.755001068115234,52.619998931884766,52.69499969482422,2609072
2025-10-28 15:30:00-04:00,52.86000061035156,52.880001068115234,52.65999984741211,52.72999954223633,3791283
2025-10-29 09:30:00-04:00,52.66510009765625,52.904998779296875,52.38999938964844,52.65999984741211,3274859
2025-10-29 10:30:00-04:00,52.90999984741211,52.93000030517578,52.404998779296875,52.665000915527344,2288486
2025-10-29 11:30:00-04:00,52.83000183105469,53.005001068115234,52.744998931884766,52.90999984741211,1985630
2025-10-29 12:30:00-04:00,52.78499984741211,52.866600036621094,52.67499923706055,52.82500076293945,1825432
2025-10-29 13:30:00-04:00,52.845001220703125,52.89500045776367,52.689998626708984,52.779998779296875,2651928
2025-10-29 14:30:00-04:00,52.525001525878906,52.939998626708984,52.43000030517578,52.849998474121094,6028801
2025-10-29 15:30:00-04:00,52.630001068115234,52.65999984741211,52.31999969482422,52.52000045776367,4410050
2025-10-30 09:30:00-04:00,53.025001525878906,53.369998931884766,52.560001373291016,52.66999816894531,6403766
2025-10-30 10:30:00-04:00,53.17499923706055,53.439998626708984,53.02000045776367,53.02000045776367,4455184
2025-10-30 11:30:00-04:00,53.14500045776367,53.30500030517578,53.005001068115234,53.16999816894531,3505855
2025-10-30 12:30:00-04:00,53.209999084472656,53.2599983215332,53.060001373291016,53.13999938964844,2934758
2025-10-30 13:30:00-04:00,53.220001220703125,53.31999969482422,53.060001373291016,53.209999084472656,3082642
2025-10-30 14:30:00-04:00,53.0,53.255001068115234,53.0,53.220001220703125,4091024
2025-10-30 15:30:00-04:00,53.029998779296875,53.07500076293945,52.869998931884766,53.005001068115234,6084863
2025-10-31 09:30:00-04:00,53.00419998168945,53.159698486328125,52.77000045776367,52.790000915527344,5595121
2025-10-31 10:30:00-04:00,52.994998931884766,53.18000030517578,52.939998626708984,53.0,2988630
2025-10-31 11:30:00-04:00,53.0,53.06999969482422,52.86000061035156,53.0,3703454
2025-10-31 12:30:00-04:00,52.974998474121094,53.060001373291016,52.91130065917969,52.994998931884766,2679238
2025-10-31 13:30:00-04:00,53.224998474121094,53.25,52.94499969482422,52.974998474121094,3160042
2025-10-31 14:30:00-04:00,53.48500061035156,53.52000045776367,53.20000076293945,53.224998474121094,3938621
2025-10-31 15:30:00-04:00,53.470001220703125,53.63999938964844,53.470001220703125,53.4900016784668,9924050
2025-11-03 09:30:00-05:00,52.81999969482422,53.529998779296875,52.76240158081055,53.2599983215332,6272779
2025-11-03 10:30:00-05:00,53.07500076293945,53.18000030517578,52.709999084472656,52.81999969482422,4799193
2025-11-03 11:30:00-05:00,52.94499969482422,53.22999954223633,52.92499923706055,53.07500076293945,3373525
2025-11-03 12:30:00-05:00,53.17499923706055,53.22999954223633,52.93000030517578,52.95000076293945,2326851
2025-11-03 13:30:00-05:00,53.44499969482422,53.459999084472656,53.16999816894531,53.17499923706055,3465624
2025-11-03 14:30:00-05:00,53.494998931884766,53.525001525878906,53.36000061035156,53.44499969482422,3148507
2025-11-03 15:30:00-05:00,53.58000183105469,53.63999938964844,53.459999084472656,53.494998931884766,4849286
2025-11-04 09:30:00-05:00,53.70000076293945,53.88999938964844,52.720001220703125,53.02000045776367,7997698
2025-11-04 10:30:00-05:00,53.720001220703125,53.994998931884766,53.61009979248047,53.709999084472656,5664630
2025-11-04 11:30:00-05:00,53.540000915527344,53.7599983215332,53.432498931884766,53.724998474121094,4623978
2025-11-04 12:30:00-05:00,53.415000915527344,53.59000015258789,53.34000015258789,53.529998779296875,4621730
2025-11-04 13:30:00-05:00,53.46500015258789,53.630001068115234,53.3849983215332,53.415000915527344,4535390
2025-11-04 14:30:00-05:00,53.56999969482422,53.584999084472656,53.330101013183594,53.459999084472656,5551423
2025-11-04 15:30:00-05:00,53.564998626708984,53.599998474121094,53.415000915527344,53.564998626708984,8459091
2025-11-05 09:30:00-05:00,51.974998474121094,53.06999969482422,51.73500061035156,52.959999084472656,15493342
2025-11-05 10:30:00-05:00,52.20500183105469,52.2400016784668,51.79999923706055,51.974998474121094,6351584
2025-11-05 11:30:00-05:00,52.86000061035156,52.86000061035156,52.19499969482422,52.20500183105469,5426201
2025-11-05 12:30:00-05:00,52.869998931884766,52.9900016784668,52.790000915527344,52.85499954223633,4701177
2025-11-05 13:30:00-05:00,52.720001220703125,52.875,52.654998779296875,52.869998931884766,3841704
2025-11-05 14:30:00-05:00,52.689998626708984,52.84000015258789,52.6609992980957,52.724998474121094,4072986
2025-11-05 15:30:00-05:00,52.44499969482422,52.709999084472656,52.34000015258789,52.69499969482422,7644192
2025-11-06 09:30:00-05:00,53.45500183105469,53.75,52.91999816894531,53.43000030517578,15338056
2025-11-06 10:30:00-05:00,53.04499816894531,53.4900016784668,52.915000915527344,53.459999084472656,5609158
2025-11-06 11:30:00-05:00,52.82500076293945,53.07500076293945,52.77000045776367,53.04499816894531,3770799
2025-11-06 12:30:00-05:00,53.29499816894531,53.45500183105469,52.779998779296875,52.81999969482422,5115052
2025-11-06 13:30:00-05:00,53.54999923706055,53.560001373291016,53.275001525878906,53.29499816894531,3598288
2025-11-06 14:30:00-05:00,53.595001220703125,53.75,53.44499969482422,53.54499816894531,4207024
2025-11-06 15:30:00-05:00,53.32500076293945,53.687198638916016,53.29999923706055,53.59000015258789,7909088
2025-11-07 09:30:00-05:00,53.3849983215332,53.540000915527344,52.709999084472656,53.150001525878906,8699032
2025-11-07 10:30:00-05:00,53.025001525878906,53.52000045776367,52.84000015258789,53.38999938964844,4962431
2025-11-07 11:30:00-05:00,52.994998931884766,53.08000183105469,52.709999084472656,53.025001525878906,3621713
2025-11-07 12:30:00-05:00,53.244998931884766,53.33000183105469,52.869998931884766,52.9900016784668,3310167
2025-11-07 13:30:00-05:00,53.33660125732422,53.470001220703125,53.15999984741211,53.244998931884766,4187225
2025-11-07 14:30:00-05:00,53.2599983215332,53.58000183105469,53.209999084472656,53.34000015258789,4191956
2025-11-07 15:30:00-05:00,53.224998474121094,53.29499816894531,53.14500045776367,53.25,5144863
2025-11-10 09:30:00-05:00,53.654998779296875,53.9900016784668,53.40999984741211,53.40999984741211,6149048
2025-11-10 10:30:00-05:00,53.400001525878906,53.65999984741211,53.34000015258789,53.654998779296875,2243369
2025-11-10 11:30:00-05:00,53.66019821166992,53.68579864501953,53.400001525878906,53.400001525878906,2246498
2025-11-10 12:30:00-05:00,53.7401008605957,53.81999969482422,53.66999816894531,53.66999816894531,2072188
2025-11-10 13:30:00-05:00,53.747501373291016,53.75,53.650001525878906,53.744998931884766,1733096
2025-11-10 14:30:00-05:00,53.54999923706055,53.755001068115234,53.54999923706055,53.7400016784668,2125208
2025-11-10 15:30:00-05:00,53.40999984741211,53.560001373291016,53.36000061035156,53.55009841918945,5167102
2025-11-11 09:30:00-05:00,53.744998931884766,53.90999984741211,53.279998779296875,53.75,4217437
2025-11-11 10:30:00-05:00,53.834999084472656,53.915000915527344,53.599998474121094,53.744998931884766,2787640
2025-11-11 11:30:00-05:00,53.90999984741211,53.95500183105469,53.775001525878906,53.834999084472656,2386006
2025-11-11 12:30:00-05:00,53.8849983215332,53.97999954223633,53.81999969482422,53.915000915527344,2289655
2025-11-11 13:30:00-05:00,53.825599670410156,53.900001525878906,53.72999954223633,53.881500244140625,1514439
2025-11-11 14:30:00-05:00,53.65999984741211,53.83000183105469,53.650001525878906,53.82500076293945,2963935
2025-11-11 15:30:00-05:00,53.63999938964844,53.67499923706055,53.56999969482422,53.654998779296875,3116944
2025-11-12 09:30:00-05:00,54.654998779296875,54.689998626708984,53.77000045776367,53.88999938964844,8350025
2025-11-12 10:30:00-05:00,54.415000915527344,54.654998779296875,54.3650016784668,54.650001525878906,3991463
2025-11-12 11:30:00-05:00,54.26499938964844,54.5099983215332,54.209999084472656,54.40999984741211,2948854
2025-11-12 12:30:00-05:00,54.125,54.400001525878906,54.1150016784668,54.26499938964844,3271280
2025-11-12 13:30:00-05:00,54.085899353027344,54.310001373291016,54.02000045776367,54.12919998168945,5141800
2025-11-12 14:30:00-05:00,54.095001220703125,54.130001068115234,54.0099983215332,54.09000015258789,4653843
2025-11-12 15:30:00-05:00,54.11000061035156,54.189998626708984,54.005001068115234,54.095001220703125,6106870
2025-11-13 09:30:00-05:00,53.915000915527344,54.209999084472656,53.560001373291016,53.790000915527344,5204481
2025-11-13 10:30:00-05:00,53.60499954223633,53.94499969482422,53.57500076293945,53.915000915527344,2415905
2025-11-13 11:30:00-05:00,53.439998626708984,53.65999984741211,53.290000915527344,53.599998474121094,3606440
2025-11-13 12:30:00-05:00,53.349998474121094,53.529998779296875,53.31999969482422,53.439998626708984,3727143
2025-11-13 13:30:00-05:00,53.38999938964844,53.39670181274414,53.165000915527344,53.36000061035156,4176515
2025-11-13 14:30:00-05:00,53.0099983215332,53.435001373291016,52.900001525878906,53.38999938964844,5361015
2025-11-13 15:30:00-05:00,52.88999938964844,53.029998779296875,52.77000045776367,53.004798889160156,6049144
2025-11-14 09:30:00-05:00,52.42499923706055,52.89500045776367,52.029998779296875,52.86000061035156,7656374
2025-11-14 10:30:00-05:00,52.6150016784668,52.689998626708984,52.369998931884766,52.42499923706055,3579010
2025-11-14 11:30:00-05:00,52.79499816894531,52.81999969482422,52.529998779296875,52.619998931884766,3500064
2025-11-14 12:30:00-05:00,52.71500015258789,52.88990020751953,52.560001373291016,52.79499816894531,3296487
2025-11-14 13:30:00-05:00,52.80500030517578,52.849998474121094,52.529998779296875,52.709999084472656,3084469
2025-11-14 14:30:00-05:00,52.6349983215332,52.89849853515625,52.599998474121094,52.810001373291016,2765613
2025-11-14 15:30:00-05:00,52.59000015258789,52.68000030517578,52.474998474121094,52.6349983215332,4085924
2025-11-17 09:30:00-05:00,52.470001220703125,52.58000183105469,52.1349983215332,52.57500076293945,4767717
2025-11-17 10:30:00-05:00,52.20000076293945,52.475799560546875,51.97999954223633,52.46500015258789,3558052
2025-11-17 11:30:00-05:00,52.42499923706055,52.43000030517578,52.165000915527344,52.20000076293945,2387152
2025-11-17 12:30:00-05:00,52.06999969482422,52.45000076293945,52.01499938964844,52.43000030517578,1984697
2025-11-17 13:30:00-05:00,51.84000015258789,52.17499923706055,51.7400016784668,52.064998626708984,3780642
2025-11-17 14:30:00-05:00,51.53499984741211,51.834999084472656,51.48099899291992,51.834999084472656,4660633
2025-11-17 15:30:00-05:00,51.494998931884766,51.650001525878906,51.38999938964844,51.540000915527344,6790361
2025-11-18 09:30:00-05:00,51.3849983215332,51.685001373291016,51.14500045776367,51.279998779296875,6364386
2025-11-18 10:30:00-05:00,51.88520050048828,51.919898986816406,51.36000061035156,51.3849983215332,3648960
2025-11-18 11:30:00-05:00,51.59000015258789,51.970001220703125,51.529998779296875,51.88999938964844,3041412
2025-11-18 12:30:00-05:00,51.96500015258789,52.18000030517578,51.57500076293945,51.58000183105469,2909807
2025-11-18 13:30:00-05:00,51.849998474121094,52.18000030517578,51.83000183105469,51.970001220703125,2896134
2025-11-18 14:30:00-05:00,51.73500061035156,52.0099983215332,51.685001373291016,51.85419845581055,4376515
2025-11-18 15:30:00-05:00,51.650001525878906,51.80500030517578,51.599998474121094,51.7400016784668,5699334
2025-11-19 09:30:00-05:00,52.31999969482422,52.48500061035156,51.66999816894531,51.66999816894531,6155192
2025-11-19 10:30:00-05:00,52.29499816894531,52.41999816894531,52.165000915527344,52.31999969482422,3448660
2025-11-19 11:30:00-05:00,52.15999984741211,52.349998474121094,52.061798095703125,52.290000915527344,3038379
2025-11-19 12:30:00-05:00,52.1150016784668,52.255001068115234,52.025001525878906,52.15999984741211,2147649
2025-11-19 13:30:00-05:00,51.790000915527344,52.22999954223633,51.7400016784668,52.11000061035156,2634977
2025-11-19 14:30:00-05:00,52.04499816894531,52.060001373291016,51.76499938964844,51.790000915527344,2389629
2025-11-19 15:30:00-05:00,52.0,52.15999984741211,51.95500183105469,52.04499816894531,3371081
2025-11-20 09:30:00-05:00,52.88999938964844,52.93000030517578,52.41999816894531,52.5,4934165
2025-11-20 10:30:00-05:00,52.39500045776367,52.95000076293945,52.349998474121094,52.89500045776367,4203083
2025-11-20 11:30:00-05:00,51.54999923706055,52.42499923706055,51.5099983215332,52.38999938964844,4661254
2025-11-20 12:30:00-05:00,51.724998474121094,51.89500045776367,51.310001373291016,51.54499816894531,2821553
2025-11-20 13:30:00-05:00,51.47999954223633,51.79999923706055,51.224998474121094,51.720001220703125,2668111
2025-11-20 14:30:00-05:00,51.3650016784668,51.560001373291016,51.32500076293945,51.470001220703125,3729377
2025-11-20 15:30:00-05:00,51.02000045776367,51.38999938964844,50.970001220703125,51.369998931884766,5752180
2025-11-21 09:30:00-05:00,50.790000915527344,51.41999816894531,50.7400016784668,51.290000915527344,9701721
2025-11-21 10:30:00-05:00,51.33649826049805,51.400001525878906,50.69499969482422,50.790000915527344,5328844
2025-11-21 11:30:00-05:00,51.52000045776367,51.779998779296875,51.2599983215332,51.33000183105469,3907399
2025-11-21 12:30:00-05:00,51.37620162963867,51.61000061035156,51.224998474121094,51.52000045776367,3459371
2025-11-21 13:30:00-05:00,51.64120101928711,51.709999084472656,51.334999084472656,51.369998931884766,3923737
2025-11-21 14:30:00-05:00,51.459999084472656,51.6797981262207,51.439998626708984,51.64500045776367,5891186
2025-11-21 15:30:00-05:00,51.58000183105469,51.584999084472656,51.43000030517578,51.45000076293945,4384657
2025-11-24 09:30:00-05:00,51.96500015258789,52.07500076293945,51.39500045776367,51.64500045776367,7669261
2025-11-24 10:30:00-05:00,51.98500061035156,52.099998474121094,51.869998931884766,51.959999084472656,3885383
2025-11-24 11:30:00-05:00,51.80500030517578,52.06999969482422,51.7400016784668,51.97999954223633,2668727
2025-11-24 12:30:00-05:00,52.01499938964844,52.10499954223633,51.810001373291016,51.810001373291016,2356001
2025-11-24 13:30:00-05:00,52.060001373291016,52.150001525878906,51.970001220703125,52.01499938964844,2122632
2025-11-24 14:30:00-05:00,52.130001068115234,52.2400016784668,51.959999084472656,52.064998626708984,3608009
2025-11-24 15:30:00-05:00,51.90999984741211,52.209999084472656,51.79999923706055,52.130001068115234,7914360
2025-11-25 09:30:00-05:00,52.31999969482422,52.75,51.86000061035156,52.25,10006721
2025-11-25 10:30:00-05:00,52.494998931884766,52.59000015258789,52.27000045776367,52.314998626708984,3415545
2025-11-25 11:30:00-05:00,52.68000030517578,52.720001220703125,52.474300384521484,52.494998931884766,3065154
2025-11-25 12:30:00-05:00,52.70500183105469,52.72999954223633,52.64500045776367,52.68000030517578,2156885
2025-11-25 13:30:00-05:00,52.81999969482422,52.834999084472656,52.66999816894531,52.70500183105469,2220938
2025-11-25 14:30:00-05:00,52.665000915527344,52.880001068115234,52.65999984741211,52.82109832763672,3307653
2025-11-25 15:30:00-05:00,52.470001220703125,52.70500183105469,52.41999816894531,52.65999984741211,5036976
2025-11-26 09:30:00-05:00,52.73500061035156,53.007999420166016,52.54999923706055,52.70000076293945,8594766
2025-11-26 10:30:00-05:00,53.03499984741211,53.150001525878906,52.7400016784668,52.7400016784668,4270629
2025-11-26 11:30:00-05:00,53.0,53.109500885009766,52.93000030517578,53.040000915527344,1677285
2025-11-26 12:30:00-05:00,53.06999969482422,53.150001525878906,52.959999084472656,53.00529861450195,1904699
2025-11-26 13:30:00-05:00,53.17829895019531,53.189998626708984,52.9900016784668,53.06999969482422,2909862
2025-11-26 14:30:00-05:00,53.16510009765625,53.24679946899414,53.07500076293945,53.174400329589844,2576695
2025-11-26 15:30:00-05:00,52.96500015258789,53.189998626708984,52.959999084472656,53.1614990234375,3968509
2025-11-28 09:30:00-05:00,53.599998474121094,53.70000076293945,53.04999923706055,53.11000061035156,4316109
2025-11-28 10:30:00-05:00,53.8650016784668,53.89500045776367,53.599998474121094,53.599998474121094,4544824
2025-11-28 11:30:00-05:00,53.69499969482422,53.939998626708984,53.665000915527344,53.86000061035156,3025135
2025-12-01 09:30:00-05:00,53.435001373291016,53.900001525878906,53.34000015258789,53.5,5947714
2025-12-01 10:30:00-05:00,53.4900016784668,53.685001373291016,53.32500076293945,53.43000030517578,3611241
2025-12-01 11:30:00-05:00,53.60499954223633,53.67610168457031,53.47999954223633,53.494998931884766,2288881
2025-12-01 12:30:00-05:00,53.529998779296875,53.625,53.470001220703125,53.60499954223633,2002816
2025-12-01 13:30:00-05:00,53.35499954223633,53.60499954223633,53.34000015258789,53.53499984741211,2098490
2025-12-01 14:30:00-05:00,53.29999923706055,53.4276008605957,53.25,53.35499954223633,2064629
2025-12-01 15:30:00-05:00,53.2599983215332,53.43000030517578,53.220001220703125,53.30500030517578,4704546
2025-12-02 09:30:00-05:00,53.404998779296875,53.63999938964844,53.01499938964844,53.529998779296875,6444406
2025-12-02 10:30:00-05:00,53.189998626708984,53.45000076293945,53.13999938964844,53.40999984741211,3778724
2025-12-02 11:30:00-05:00,53.314998626708984,53.36000061035156,53.16999816894531,53.19029998779297,2400957
2025-12-02 12:30:00-05:00,53.04499816894531,53.33000183105469,53.010101318359375,53.314998626708984,3237125
2025-12-02 13:30:00-05:00,53.209999084472656,53.28499984741211,52.970001220703125,53.04499816894531,3909979
2025-12-02 14:30:00-05:00,53.20500183105469,53.41999816894531,53.19499969482422,53.20000076293945,2513047
2025-12-02 15:30:00-05:00,53.165000915527344,53.236000061035156,53.08000183105469,53.209999084472656,5599597
2025-12-03 09:30:00-05:00,53.525001525878906,53.70000076293945,53.18000030517578,53.25,4237761
2025-12-03 10:30:00-05:00,53.71500015258789,53.8489990234375,53.52000045776367,53.525001525878906,5076616
2025-12-03 11:30:00-05:00,53.814998626708984,53.81999969482422,53.59000015258789,53.71500015258789,3811096
2025-12-03 12:30:00-05:00,54.09000015258789,54.19499969482422,53.814998626708984,53.81999969482422,2941977
2025-12-03 13:30:00-05:00,54.03499984741211,54.189998626708984,53.93000030517578,54.09000015258789,2844635
2025-12-03 14:30:00-05:00,54.150001525878906,54.2400016784668,54.029998779296875,54.040000915527344,4075009
2025-12-03 15:30:00-05:00,54.08000183105469,54.15999984741211,54.0099983215332,54.13999938964844,5909474
2025-12-04 09:30:00-05:00,54.625,54.689998626708984,54.209999084472656,54.209999084472656,8580289
2025-12-04 10:30:00-05:00,54.5099983215332,54.66999816894531,54.41999816894531,54.625,4548331
2025-12-04 11:30:00-05:00,54.54499816894531,54.58000183105469,54.38999938964844,54.5099983215332,2668030
2025-12-04 12:30:00-05:00,54.494998931884766,54.54999923706055,54.45000076293945,54.54499816894531,2029563
2025-12-04 13:30:00-05:00,54.165000915527344,54.5,54.14500045776367,54.494998931884766,2818106
2025-12-04 14:30:00-05:00,54.099998474121094,54.33000183105469,54.099998474121094,54.15999984741211,4911440
2025-12-04 15:30:00-05:00,54.150001525878906,54.20000076293945,54.0,54.10499954223633,6720253
2025-12-05 09:30:00-05:00,54.31549835205078,54.82500076293945,53.7400016784668,53.93000030517578,6413313
2025-12-05 10:30:00-05:00,54.16999816894531,54.36000061035156,54.099998474121094,54.314998626708984,3675752
2025-12-05 11:30:00-05:00,54.25,54.290000915527344,54.064300537109375,54.15999984741211,2339462
2025-12-05 12:30:00-05:00,54.26499938964844,54.3390998840332,54.165000915527344,54.2599983215332,2323187
2025-12-05 13:30:00-05:00,54.02439880371094,54.290000915527344,53.970001220703125,54.26499938964844,2809048
2025-12-05 14:30:00-05:00,54.01499938964844,54.060001373291016,53.959999084472656,54.02000045776367,3348687
2025-12-05 15:30:00-05:00,53.900001525878906,54.025001525878906,53.81999969482422,54.01499938964844,6484964
2025-12-08 09:30:00-05:00,53.76499938964844,54.20899963378906,53.48500061035156,53.900001525878906,7985083
2025-12-08 10:30:00-05:00,53.95500183105469,53.974998474121094,53.689998626708984,53.77000045776367,2882997
2025-12-08 11:30:00-05:00,53.724998474121094,53.95000076293945,53.595001220703125,53.95000076293945,3532753
2025-12-08 12:30:00-05:00,53.775001525878906,53.904998779296875,53.709999084472656,53.724998474121094,2472110
2025-12-08 13:30:00-05:00,53.83000183105469,53.939998626708984,53.72999954223633,53.77000045776367,2254031
2025-12-08 14:30:00-05:00,53.92499923706055,54.0,53.81999969482422,53.83000183105469,2514261
2025-12-08 15:30:00-05:00,53.900001525878906,53.959999084472656,53.810001373291016,53.92499923706055,4370807
2025-12-09 09:30:00-05:00,54.060001373291016,54.16999816894531,53.650001525878906,53.970001220703125,14122324
2025-12-09 10:30:00-05:00,54.224998474121094,54.27000045776367,54.04499816894531,54.064998626708984,4537855
2025-12-09 11:30:00-05:00,54.03499984741211,54.279998779296875,53.98500061035156,54.22999954223633,3097408
2025-12-09 12:30:00-05:00,53.40999984741211,54.18000030517578,53.33000183105469,54.03499984741211,5360405
2025-12-09 13:30:00-05:00,53.375,53.470001220703125,53.26499938964844,53.40999984741211,3589658
2025-12-09 14:30:00-05:00,53.51499938964844,53.709999084472656,53.32149887084961,53.375,3171015
2025-12-09 15:30:00-05:00,53.54999923706055,53.6349983215332,53.435001373291016,53.5099983215332,3927189
2025-12-10 09:30:00-05:00,53.7599983215332,53.79999923706055,53.34000015258789,53.59000015258789,5140221
2025-12-10 10:30:00-05:00,53.915000915527344,53.95989990234375,53.599998474121094,53.7599983215332,5183805
2025-12-10 11:30:00-05:00,53.834999084472656,53.915000915527344,53.79999923706055,53.90999984741211,1541000
2025-12-10 12:30:00-05:00,53.82500076293945,53.939998626708984,53.709999084472656,53.834999084472656,2668893
2025-12-10 13:30:00-05:00,53.89500045776367,54.029998779296875,53.779998779296875,53.81999969482422,4755717
2025-12-10 14:30:00-05:00,54.02000045776367,54.54999923706055,53.88999938964844,53.900001525878906,11190919
2025-12-10 15:30:00-05:00,54.099998474121094,54.341400146484375,53.974998474121094,54.01499938964844,9719168
2025-12-11 09:30:00-05:00,54.040000915527344,54.099998474121094,53.75,53.95000076293945,6361698
2025-12-11 10:30:00-05:00,54.14500045776367,54.36000061035156,53.92499923706055,54.03499984741211,4623712
2025-12-11 11:30:00-05:00,54.1150016784668,54.25,54.064998626708984,54.150001525878906,3488799
2025-12-11 12:30:00-05:00,54.2599983215332,54.33000183105469,54.04999923706055,54.1150016784668,2400803
2025-12-11 13:30:00-05:00,54.375,54.41999816894531,54.220001220703125,54.26499938964844,2371354
2025-12-11 14:30:00-05:00,54.61000061035156,54.615501403808594,54.344200134277344,54.369998931884766,4626175
2025-12-11 15:30:00-05:00,54.579898834228516,54.650001525878906,54.529998779296875,54.61000061035156,5012972
2025-12-12 09:30:00-05:00,54.67499923706055,54.83399963378906,54.349998474121094,54.779998779296875,5978332
2025-12-12 10:30:00-05:00,54.724998474121094,54.91550064086914,54.560001373291016,54.67499923706055,5722344
2025-12-12 11:30:00-05:00,55.029998779296875,55.20000076293945,54.650001525878906,54.724998474121094,4406918
2025-12-12 12:30:00-05:00,55.21500015258789,55.279998779296875,55.0,55.029998779296875,3267050
2025-12-12 13:30:00-05:00,55.04499816894531,55.29499816894531,54.939998626708984,55.21500015258789,3195839
2025-12-12 14:30:00-05:00,55.095001220703125,55.18000030517578,55.02000045776367,55.04499816894531,3148524
2025-12-12 15:30:00-05:00,55.154998779296875,55.209999084472656,54.95500183105469,55.099998474121094,3997424
2025-12-15 09:30:00-05:00,55.595001220703125,56.06999969482422,55.33000183105469,55.40999984741211,8065714
2025-12-15 10:30:00-05:00,55.48500061035156,55.66999816894531,55.400001525878906,55.599998474121094,3989133
2025-12-15 11:30:00-05:00,55.154998779296875,55.494998931884766,55.099998474121094,55.47999954223633,2957162
2025-12-15 12:30:00-05:00,55.314998626708984,55.36000061035156,55.064998626708984,55.154998779296875,2656102
2025-12-15 13:30:00-05:00,55.41999816894531,55.45500183105469,55.255001068115234,55.310001373291016,2058603
2025-12-15 14:30:00-05:00,55.494998931884766,55.54999923706055,55.334999084472656,55.41999816894531,2922044
2025-12-15 15:30:00-05:00,55.3650016784668,55.5099983215332,55.310001373291016,55.5,4092450
2025-12-16 09:30:00-05:00,54.959999084472656,55.349998474121094,54.90999984741211,55.13999938964844,5361790
2025-12-16 10:30:00-05:00,54.935001373291016,55.20500183105469,54.91999816894531,54.959999084472656,2857064
2025-12-16 11:30:00-05:00,55.0359001159668,55.13999938964844,54.83000183105469,54.935001373291016,2646082
2025-12-16 12:30:00-05:00,54.902400970458984,55.07809829711914,54.689998626708984,55.029998779296875,2217307
2025-12-16 13:30:00-05:00,54.9900016784668,55.06999969482422,54.869998931884766,54.90019989013672,2791072
2025-12-16 14:30:00-05:00,54.95000076293945,55.09000015258789,54.91999816894531,54.98500061035156,2642100
2025-12-16 15:30:00-05:00,54.779998779296875,55.029998779296875,54.75,54.95000076293945,4268084
2025-12-17 09:30:00-05:00,55.22999954223633,55.56999969482422,55.119998931884766,55.119998931884766,5869384
2025-12-17 10:30:00-05:00,54.94499969482422,55.25,54.849998474121094,55.2400016784668,3855501
2025-12-17 11:30:00-05:00,54.79499816894531,54.939998626708984,54.689998626708984,54.939998626708984,3419299
2025-12-17 12:30:00-05:00,54.59000015258789,54.869998931884766,54.58000183105469,54.79499816894531,2770650
2025-12-17 13:30:00-05:00,54.65999984741211,54.6796989440918,54.4635009765625,54.59000015258789,3219593
2025-12-17 14:30:00-05:00,54.65999984741211,54.70000076293945,54.564998626708984,54.654998779296875,3786224
2025-12-17 15:30:00-05:00,54.529998779296875,54.66999816894531,54.470001220703125,54.65999984741211,4993413
2025-12-18 09:30:00-05:00,54.81999969482422,55.150001525878906,54.52000045776367,54.79999923706055,6254784
2025-12-18 10:30:00-05:00,54.564998626708984,54.880001068115234,54.435001373291016,54.81999969482422,3492639
2025-12-18 11:30:00-05:00,53.89550018310547,54.64500045776367,53.79999923706055,54.56999969482422,3810579
2025-12-18 12:30:00-05:00,54.334999084472656,54.369998931884766,53.77000045776367,53.89500045776367,3714415
2025-12-18 13:30:00-05:00,54.41999816894531,54.459999084472656,54.20000076293945,54.334999084472656,3294247
2025-12-18 14:30:00-05:00,54.375,54.45500183105469,54.15999984741211,54.42499923706055,3306991
2025-12-18 15:30:00-05:00,54.22999954223633,54.400001525878906,54.189998626708984,54.369998931884766,4144523
2025-12-19 09:30:00-05:00,54.8849983215332,54.939998626708984,54.375,54.52000045776367,11505210
2025-12-19 10:30:00-05:00,55.0099983215332,55.11000061035156,54.845001220703125,54.880001068115234,3679306
2025-12-19 11:30:00-05:00,54.98500061035156,55.04999923706055,54.85499954223633,55.01499938964844,2135746
2025-12-19 12:30:00-05:00,55.17499923706055,55.19729995727539,54.8650016784668,54.97999954223633,2544356
2025-12-19 13:30:00-05:00,55.1349983215332,55.2400016784668,55.04999923706055,55.17499923706055,3386454
2025-12-19 14:30:00-05:00,55.1349983215332,55.279998779296875,55.099998474121094,55.1349983215332,3463043
2025-12-19 15:30:00-05:00,55.2400016784668,55.310001373291016,54.97999954223633,55.1349983215332,8047142
2025-12-22 09:30:00-05:00,55.6349983215332,55.82899856567383,55.34000015258789,55.369998931884766,4363926
2025-12-22 10:30:00-05:00,55.83000183105469,55.858001708984375,55.56999969482422,55.6349983215332,2989563
2025-12-22 11:30:00-05:00,56.03403854370117,56.06999969482422,55.82600021362305,55.834999084472656,3565404
2025-12-22 12:30:00-05:00,55.974998474121094,56.11000061035156,55.970001220703125,56.039798736572266,2952710
2025-12-22 13:30:00-05:00,55.849998474121094,56.01499938964844,55.77000045776367,55.97999954223633,2159721
2025-12-22 14:30:00-05:00,55.974998474121094,56.02000045776367,55.84000015258789,55.84000015258789,2826579
2025-12-22 15:30:00-05:00,55.849998474121094,56.0,55.775001525878906,55.974998474121094,4460854
2025-12-23 09:30:00-05:00,56.005001068115234,56.166099548339844,55.810001373291016,55.810001373291016,3599182
2025-12-23 10:30:00-05:00,55.93000030517578,56.15999984741211,55.93000030517578,56.005001068115234,2880041
2025-12-23 11:30:00-05:00,56.005001068115234,56.025001525878906,55.88999938964844,55.93000030517578,2180319
2025-12-23 12:30:00-05:00,56.105098724365234,56.130001068115234,55.94499969482422,56.004398345947266,1383524
2025-12-23 13:30:00-05:00,56.047401428222656,56.220001220703125,56.040000915527344,56.10499954223633,2193528
2025-12-23 14:30:00-05:00,55.96500015258789,56.099998474121094,55.95000076293945,56.04439926147461,2485379
2025-12-23 15:30:00-05:00,55.959999084472656,56.040000915527344,55.91999816894531,55.96500015258789,2979600
2025-12-24 09:30:00-05:00,56.21500015258789,56.2599983215332,55.88999938964844,56.130001068115234,3346571
2025-12-24 10:30:00-05:00,56.314998626708984,56.38999938964844,56.18000030517578,56.209999084472656,2293424
2025-12-24 11:30:00-05:00,56.3849983215332,56.46500015258789,56.30440139770508,56.314998626708984,2460994
2025-12-26 09:30:00-05:00,56.29999923706055,56.54499816894531,56.17499923706055,56.279998779296875,3772971
2025-12-26 10:30:00-05:00,56.185001373291016,56.33679962158203,56.165000915527344,56.30500030517578,2242437
2025-12-26 11:30:00-05:00,56.163124084472656,56.22999954223633,56.060001373291016,56.185001373291016,1283609
2025-12-26 12:30:00-05:00,56.060001373291016,56.185001373291016,56.025001525878906,56.16999816894531,1404496
2025-12-26 13:30:00-05:00,56.05500030517578,56.11000061035156,56.04499816894531,56.04999923706055,1097697
2025-12-26 14:30:00-05:00,56.11000061035156,56.13999938964844,56.05009841918945,56.05500030517578,1343008
2025-12-26 15:30:00-05:00,56.189998626708984,56.209999084472656,56.09000015258789,56.11000061035156,1874500
2025-12-29 09:30:00-05:00,55.65999984741211,56.244998931884766,55.650001525878906,56.10499954223633,3987830
2025-12-29 10:30:00-05:00,55.470001220703125,55.68000030517578,55.470001220703125,55.65999984741211,2585477
2025-12-29 11:30:00-05:00,55.404998779296875,55.529998779296875,55.38999938964844,55.470001220703125,2376766
2025-12-29 12:30:00-05:00,55.44499969482422,55.5,55.380001068115234,55.404998779296875,2815520
2025-12-29 13:30:00-05:00,55.404998779296875,55.494998931884766,55.380001068115234,55.44499969482422,1712528
2025-12-29 14:30:00-05:00,55.39500045776367,55.459999084472656,55.29999923706055,55.404998779296875,2115439
2025-12-29 15:30:00-05:00,55.349998474121094,55.42499923706055,55.27000045776367,55.400001525878906,2549759
2025-12-30 09:30:00-05:00,55.30500030517578,55.63999938964844,55.25,55.4900016784668,3979907
2025-12-30 10:30:00-05:00,55.279998779296875,55.33000183105469,55.20000076293945,55.30500030517578,2237872
2025-12-30 11:30:00-05:00,55.21500015258789,55.29999923706055,55.17499923706055,55.28499984741211,1552229
2025-12-30 12:30:00-05:00,55.209999084472656,55.27000045776367,55.18000030517578,55.21500015258789,1636086
2025-12-30 13:30:00-05:00,55.209999084472656,55.25,55.16999816894531,55.21910095214844,1279292
2025-12-30 14:30:00-05:00,55.244998931884766,55.29999923706055,55.20000076293945,55.21500015258789,1920808
2025-12-30 15:30:00-05:00,55.279998779296875,55.31999969482422,55.209999084472656,55.244998931884766,2282221
2025-12-31 09:30:00-05:00,55.154998779296875,55.41999816894531,55.02000045776367,55.31999969482422,2115227
2025-12-31 10:30:00-05:00,55.084999084472656,55.20000076293945,55.040000915527344,55.15999984741211,1610199
2025-12-31 11:30:00-05:00,55.01499938964844,55.13999938964844,55.0099983215332,55.080101013183594,1358708
2025-12-31 12:30:00-05:00,55.099998474121094,55.10499954223633,54.93000030517578,55.01499938964844,1150306
2025-12-31 13:30:00-05:00,55.17499923706055,55.20000076293945,55.08000183105469,55.10499954223633,997194
2025-12-31 14:30:00-05:00,55.03499984741211,55.19499969482422,55.01499938964844,55.17499923706055,1254507
2025-12-31 15:30:00-05:00,55.0,55.1349983215332,54.95000076293945,55.03499984741211,2345216
2026-01-02 09:30:00-05:00,55.209999084472656,55.38629913330078,54.880001068115234,55.029998779296875,5222970
2026-01-02 10:30:00-05:00,55.564998626708984,55.6531982421875,55.20249938964844,55.209999084472656,3342216
2026-01-02 11:30:00-05:00,55.625,55.625,55.439998626708984,55.56999969482422,2009552
2026-01-02 12:30:00-05:00,55.47999954223633,55.68000030517578,55.44089889526367,55.625,1431809
2026-01-02 13:30:00-05:00,55.85499954223633,55.880001068115234,55.47999954223633,55.489898681640625,2558380
2026-01-02 14:30:00-05:00,55.89500045776367,55.9900016784668,55.85499954223633,55.85499954223633,2880591
2026-01-02 15:30:00-05:00,55.96500015258789,55.974998474121094,55.81999969482422,55.89500045776367,3061684
2026-01-05 09:30:00-05:00,57.540000915527344,57.54999923706055,56.13999938964844,56.16999816894531,7969747
2026-01-05 10:30:00-05:00,57.20500183105469,57.529998779296875,57.154998779296875,57.529998779296875,4811088
2026-01-05 11:30:00-05:00,57.20389938354492,57.255001068115234,57.1150016784668,57.209999084472656,3418181
2026-01-05 12:30:00-05:00,57.132198333740234,57.279998779296875,57.1150016784668,57.20000076293945,2811393
2026-01-05 13:30:00-05:00,57.11600112915039,57.20500183105469,57.084598541259766,57.1349983215332,3132930
2026-01-05 14:30:00-05:00,56.95899963378906,57.150001525878906,56.93000030517578,57.1150016784668,2976352
2026-01-05 15:30:00-05:00,56.88999938964844,56.994998931884766,56.78499984741211,56.959999084472656,3485352
2026-01-06 09:30:00-05:00,56.90999984741211,57.2599983215332,56.779998779296875,57.220001220703125,5436743
2026-01-06 10:30:00-05:00,57.060001373291016,57.20000076293945,56.779998779296875,56.847599029541016,3516389
2026-01-06 11:30:00-05:00,57.14500045776367,57.185001373291016,56.994998931884766,57.025001525878906,2514412
2026-01-06 12:30:00-05:00,57.15999984741211,57.27640151977539,57.09000015258789,57.154998779296875,3155405
2026-01-06 13:30:00-05:00,57.275001525878906,57.380001068115234,57.119998931884766,57.165000915527344,2402643
2026-01-06 14:30:00-05:00,57.29669952392578,57.33000183105469,57.23400115966797,57.279998779296875,2119106
2026-01-06 15:30:00-05:00,57.23500061035156,57.29499816894531,57.20000076293945,57.290000915527344,3253382
2026-01-07 09:30:00-05:00,55.89500045776367,56.80500030517578,55.77000045776367,56.689998626708984,9944847
2026-01-07 10:30:00-05:00,55.994998931884766,56.19499969482422,55.810001373291016,55.900001525878906,4299271
2026-01-07 11:30:00-05:00,56.07687759399414,56.11000061035156,55.94499969482422,55.994998931884766,4044222
2026-01-07 12:30:00-05:00,55.8650016784668,56.18000030517578,55.85499954223633,56.06999969482422,3292380
2026-01-07 13:30:00-05:00,55.810001373291016,55.89500045776367,55.7599983215332,55.86000061035156,3275957
2026-01-07 14:30:00-05:00,55.52000045776367,55.94499969482422,55.5,55.810001373291016,3414049
2026-01-07 15:30:00-05:00,55.63999938964844,55.724998474121094,55.439998626708984,55.525001525878906,5734852
2026-01-08 09:30:00-05:00,56.1349983215332,56.26539993286133,55.470001220703125,55.474998474121094,5410984
2026-01-08 10:30:00-05:00,56.46500015258789,56.47990036010742,56.09000015258789,56.1349983215332,3070572
2026-01-08 11:30:00-05:00,56.48979949951172,56.58000183105469,56.400001525878906,56.470001220703125,2733263
2026-01-08 12:30:00-05:00,56.3650016784668,56.54999923706055,56.349998474121094,56.4900016784668,2288523
2026-01-08 13:30:00-05:00,56.1974983215332,56.40999984741211,56.1349983215332,56.3650016784668,4497628
2026-01-08 14:30:00-05:00,56.314998626708984,56.40999984741211,56.15999984741211,56.19499969482422,3181726
2026-01-08 15:30:00-05:00,56.14500045776367,56.3672981262207,56.119998931884766,56.31999969482422,4110744
2026-01-09 09:30:00-05:00,56.150001525878906,56.61000061035156,55.95000076293945,56.16999816894531,6623922
2026-01-09 10:30:00-05:00,56.279998779296875,56.38999938964844,56.029998779296875,56.14500045776367,3307781
2026-01-09 11:30:00-05:00,56.11000061035156,56.38999938964844,56.095001220703125,56.27000045776367,2275599
2026-01-09 12:30:00-05:00,55.98500061035156,56.185001373291016,55.93000030517578,56.11000061035156,2133679
2026-01-09 13:30:00-05:00,56.060001373291016,56.189998626708984,55.98500061035156,55.98500061035156,2411076
2026-01-09 14:30:00-05:00,55.915000915527344,56.1349983215332,55.90999984741211,56.060001373291016,2648599
2026-01-09 15:30:00-05:00,55.810001373291016,55.9900016784668,55.790000915527344,55.90999984741211,4798048
2026-01-12 09:30:00-05:00,55.06999969482422,55.44499969482422,54.970001220703125,55.290000915527344,9769631
2026-01-12 10:30:00-05:00,54.935001373291016,55.165000915527344,54.900001525878906,55.06999969482422,7203258
2026-01-12 11:30:00-05:00,54.88999938964844,55.099998474121094,54.790000915527344,54.935001373291016,3931715
2026-01-12 12:30:00-05:00,54.82500076293945,54.900001525878906,54.80500030517578,54.8849983215332,3431869
2026-01-12 13:30:00-05:00,54.80500030517578,54.838600158691406,54.72999954223633,54.81999969482422,2785554
2026-01-12 14:30:00-05:00,55.025001525878906,55.11000061035156,54.79999923706055,54.80500030517578,3221080
2026-01-12 15:30:00-05:00,55.16999816894531,55.27799987792969,55.0099983215332,55.02000045776367,5165879
2026-01-13 09:30:00-05:00,54.755001068115234,55.52000045776367,54.5099983215332,55.27000045776367,7587374
2026-01-13 10:30:00-05:00,54.78499984741211,55.125,54.724998474121094,54.755001068115234,4972850
2026-01-13 11:30:00-05:00,54.60499954223633,54.79999923706055,54.58000183105469,54.78499984741211,3592203
2026-01-13 12:30:00-05:00,54.619998931884766,54.75,54.560001373291016,54.599998474121094,3760380
2026-01-13 13:30:00-05:00,54.39500045776367,54.75,54.369998931884766,54.61000061035156,4600402
2026-01-13 14:30:00-05:00,54.42499923706055,54.5,54.34000015258789,54.38999938964844,4543393
2026-01-13 15:30:00-05:00,54.38999938964844,54.56999969482422,54.29999923706055,54.41999816894531,6080937
2026-01-14 09:30:00-05:00,51.89500045776367,53.47999954223633,51.83000183105469,52.880001068115234,21330127
2026-01-14 10:30:00-05:00,52.29499816894531,52.32500076293945,51.810001373291016,51.89500045776367,10212107
2026-01-14 11:30:00-05:00,51.82500076293945,52.380001068115234,51.65999984741211,52.290000915527344,9815795
2026-01-14 12:30:00-05:00,51.80500030517578,51.974998474121094,51.7599983215332,51.82500076293945,5850828
2026-01-14 13:30:00-05:00,52.32500076293945,52.45000076293945,51.79999923706055,51.79999923706055,8136844
2026-01-14 14:30:00-05:00,52.255001068115234,52.59920120239258,52.220001220703125,52.31999969482422,6908147
2026-01-14 15:30:00-05:00,52.5099983215332,52.595001220703125,52.22999954223633,52.255001068115234,9223054
2026-01-15 09:30:00-05:00,52.89500045776367,53.0364990234375,52.229698181152344,52.720001220703125,11744120
2026-01-15 10:30:00-05:00,52.845001220703125,53.02000045776367,52.665000915527344,52.88999938964844,5394246
2026-01-15 11:30:00-05:00,52.790000915527344,52.88999938964844,52.65999984741211,52.845001220703125,3599011
2026-01-15 12:30:00-05:00,52.775001525878906,52.904998779296875,52.70000076293945,52.779998779296875,3261625
2026-01-15 13:30:00-05:00,52.810001373291016,52.96500015258789,52.744998931884766,52.775001525878906,4032628
2026-01-15 14:30:00-05:00,52.54499816894531,52.84000015258789,52.52000045776367,52.79999923706055,4535163
2026-01-15 15:30:00-05:00,52.59000015258789,52.61000061035156,52.47999954223633,52.54499816894531,6211365
2026-01-16 09:30:00-05:00,52.470001220703125,52.91999816894531,52.244998931884766,52.685001373291016,9606918
2026-01-16 10:30:00-05:00,52.75,52.85499954223633,52.43000030517578,52.474998474121094,5541352
2026-01-16 11:30:00-05:00,53.03499984741211,53.040000915527344,52.724998474121094,52.744998931884766,4839973
2026-01-16 12:30:00-05:00,53.345001220703125,53.380001068115234,53.04140090942383,53.04999923706055,5989004
2026-01-16 13:30:00-05:00,53.1150016784668,53.345001220703125,53.04499816894531,53.345001220703125,3366535
2026-01-16 14:30:00-05:00,52.98500061035156,53.20989990234375,52.97999954223633,53.1150016784668,5238894
2026-01-16 15:30:00-05:00,52.959999084472656,53.060001373291016,52.93000030517578,52.98500061035156,6910058
2026-01-20 09:30:00-05:00,53.40999984741211,53.47669982910156,52.06999969482422,52.314998626708984,9002067
2026-01-20 10:30:00-05:00,52.86000061035156,53.45000076293945,52.81449890136719,53.40251922607422,4068835
2026-01-20 11:30:00-05:00,52.76369857788086,52.935001373291016,52.7400016784668,52.85499954223633,3068334
2026-01-20 12:30:00-05:00,52.39500045776367,52.7599983215332,52.39440155029297,52.7599983215332,3994209
2026-01-20 13:30:00-05:00,52.04499816894531,52.439998626708984,51.9900016784668,52.400001525878906,4141692
2026-01-20 14:30:00-05:00,52.29499816894531,52.34000015258789,51.959999084472656,52.04499816894531,4688664
2026-01-20 15:30:00-05:00,52.10499954223633,52.31990051269531,52.04499816894531,52.29999923706055,6357598
2026-01-21 09:30:00-05:00,52.78499984741211,52.80500030517578,52.15999984741211,52.22999954223633,6220215
2026-01-21 10:30:00-05:00,52.5098991394043,52.86000061035156,52.415000915527344,52.779998779296875,3921476
2026-01-21 11:30:00-05:00,52.35499954223633,52.52989959716797,52.18000030517578,52.5099983215332,2725757
2026-01-21 12:30:00-05:00,52.39500045776367,52.560001373291016,52.209999084472656,52.35499954223633,2837233
2026-01-21 13:30:00-05:00,52.41999816894531,52.50640106201172,52.16999816894531,52.5,4083096
2026-01-21 14:30:00-05:00,52.275001525878906,52.650001525878906,52.2400016784668,52.43000030517578,3818823
2026-01-21 15:30:00-05:00,52.099998474121094,52.33000183105469,52.04999923706055,52.275001525878906,4995961
2026-01-22 09:30:00-05:00,52.58000183105469,53.025001525878906,52.400001525878906,52.470001220703125,6472660
2026-01-22 10:30:00-05:00,52.849998474121094,52.90999984741211,52.52000045776367,52.58000183105469,3049525
2026-01-22 11:30:00-05:00,53.0099983215332,53.099998474121094,52.72999954223633,52.850101470947266,3850958
2026-01-22 12:30:00-05:00,52.70500183105469,53.130001068115234,52.65999984741211,53.01499938964844,4149880
2026-01-22 13:30:00-05:00,52.70500183105469,52.775001525878906,52.6349983215332,52.709999084472656,1886580
2026-01-22 14:30:00-05:00,52.375,52.724998474121094,52.369998931884766,52.709999084472656,2366323
2026-01-22 15:30:00-05:00,52.42499923706055,52.43000030517578,52.33000183105469,52.380001068115234,3270741
2026-01-23 09:30:00-05:00,51.65999984741211,52.20000076293945,51.5,52.11000061035156,6574633
2026-01-23 10:30:00-05:00,51.54999923706055,51.7400016784668,51.529998779296875,51.66510009765625,4126425
2026-01-23 11:30:00-05:00,51.564998626708984,51.630001068115234,51.380001068115234,51.55500030517578,3502266
2026-01-23 12:30:00-05:00,51.48500061035156,51.650001525878906,51.383201599121094,51.564998626708984,2383227
2026-01-23 13:30:00-05:00,51.72999954223633,51.779998779296875,51.47999954223633,51.47999954223633,2525236
2026-01-23 14:30:00-05:00,51.665000915527344,51.7599983215332,51.650001525878906,51.720001220703125,2474074
2026-01-23 15:30:00-05:00,51.71730041503906,51.79999923706055,51.63999938964844,51.660301208496094,3658784
2026-01-26 09:30:00-05:00,52.04499816894531,52.275001525878906,51.66999816894531,51.79999923706055,6166657
2026-01-26 10:30:00-05:00,51.92499923706055,52.13999938964844,51.88999938964844,52.04499816894531,3218505
2026-01-26 11:30:00-05:00,51.97999954223633,52.0099983215332,51.869998931884766,51.92499923706055,3136702
2026-01-26 12:30:00-05:00,52.095001220703125,52.115501403808594,51.98500061035156,51.98500061035156,2670752
2026-01-26 13:30:00-05:00,52.154998779296875,52.16999816894531,52.09000015258789,52.095001220703125,1960171
2026-01-26 14:30:00-05:00,52.08000183105469,52.18000030517578,52.06999969482422,52.15999984741211,2185171
2026-01-26 15:30:00-05:00,52.029998779296875,52.10499954223633,51.954200744628906,52.084999084472656,3717654
2026-01-27 09:30:00-05:00,51.904998779296875,52.2400016784668,51.84000015258789,52.209999084472656,5142415
2026-01-27 10:30:00-05:00,52.01499938964844,52.060001373291016,51.8650016784668,51.90999984741211,2172118
2026-01-27 11:30:00-05:00,51.875,52.02000045776367,51.8120002746582,52.0099983215332,2440737
2026-01-27 12:30:00-05:00,52.02000045776367,52.04999923706055,51.84000015258789,51.875,2951240
2026-01-27 13:30:00-05:00,52.154998779296875,52.16999816894531,52.02000045776367,52.029998779296875,2488704
2026-01-27 14:30:00-05:00,52.20500183105469,52.24509811401367,52.150001525878906,52.154998779296875,2682811
2026-01-27 15:30:00-05:00,52.15999984741211,52.22999954223633,52.11000061035156,52.209999084472656,3294469
2026-01-28 09:30:00-05:00,51.849998474121094,52.13999938964844,51.75,51.95000076293945,4381655
2026-01-28 10:30:00-05:00,51.814998626708984,51.970001220703125,51.790000915527344,51.84000015258789,2784334
2026-01-28 11:30:00-05:00,51.654998779296875,51.83000183105469,51.60499954223633,51.810001373291016,3621546
2026-01-28 12:30:00-05:00,51.560001373291016,51.65999984741211,51.46500015258789,51.650901794433594,3621245
2026-01-28 13:30:00-05:00,51.48500061035156,51.68000030517578,51.310001373291016,51.560001373291016,3480846
2026-01-28 14:30:00-05:00,51.52000045776367,51.845001220703125,51.375,51.4900016784668,4303690
2026-01-28 15:30:00-05:00,51.790000915527344,51.83000183105469,51.519500732421875,51.525001525878906,5465808
2026-01-29 09:30:00-05:00,52.404998779296875,52.53499984741211,51.95000076293945,51.97999954223633,7643853
2026-01-29 10:30:00-05:00,52.41999816894531,52.46500015258789,52.119998931884766,52.40879821777344,4298861
2026-01-29 11:30:00-05:00,52.8849983215332,52.97999954223633,52.349998474121094,52.40999984741211,3475990
2026-01-29 12:30:00-05:00,52.73500061035156,52.900001525878906,52.43000030517578,52.8849983215332,2803231
2026-01-29 13:30:00-05:00,52.78990173339844,52.83000183105469,52.654300689697266,52.73500061035156,2130776
2026-01-29 14:30:00-05:00,52.82500076293945,52.96500015258789,52.74250030517578,52.790000915527344,3096847
2026-01-29 15:30:00-05:00,53.040000915527344,53.08000183105469,52.810001373291016,52.82500076293945,4725081
2026-01-30 09:30:00-05:00,53.2599983215332,53.27000045776367,52.84000015258789,52.869998931884766,4648664
2026-02-02 13:30:00-05:00,54.033599853515625,54.05500030517578,53.939998626708984,54.03499984741211,14210406
2026-02-02 14:30:00-05:00,53.95500183105469,54.040000915527344,53.790000915527344,54.029998779296875,2965011
2026-02-02 15:30:00-05:00,54.005001068115234,54.04999923706055,53.89099884033203,53.959999084472656,3730210
2026-02-03 09:30:00-05:00,54.84510040283203,55.119998931884766,54.18000030517578,54.20000076293945,9784694
2026-02-03 10:30:00-05:00,54.790000915527344,54.970001220703125,54.66999816894531,54.84000015258789,3500938
2026-02-03 11:30:00-05:00,54.35499954223633,54.82500076293945,54.35499954223633,54.79499816894531,3888924
2026-02-03 12:30:00-05:00,53.93000030517578,54.375,53.67499923706055,54.349998474121094,6056432
2026-02-03 13:30:00-05:00,53.95000076293945,54.244998931884766,53.81999969482422,53.93000030517578,3665825
2026-02-03 14:30:00-05:00,54.290000915527344,54.29999923706055,53.8849983215332,53.95000076293945,4553622
2026-02-03 15:30:00-05:00,54.439998626708984,54.5099983215332,54.28499984741211,54.28499984741211,4557161
2026-02-04 09:30:00-05:00,55.58000183105469,55.72999954223633,54.709999084472656,54.779998779296875,12413244
2026-02-04 10:30:00-05:00,55.83000183105469,55.88999938964844,55.45500183105469,55.58000183105469,7626849
2026-02-04 11:30:00-05:00,55.77009963989258,56.040000915527344,55.584999084472656,55.83000183105469,5771482
2026-02-04 12:30:00-05:00,55.5,55.810001373291016,55.282501220703125,55.78499984741211,5914858
2026-02-04 13:30:00-05:00,55.16999816894531,55.5,55.07500076293945,55.494998931884766,4216052
2026-02-04 14:30:00-05:00,55.584999084472656,55.650001525878906,55.18000030517578,55.18000030517578,4383619
2026-02-04 15:30:00-05:00,55.40999984741211,55.709999084472656,55.349998474121094,55.584999084472656,4998513
2026-02-05 09:30:00-05:00,54.52000045776367,55.290000915527344,54.42499923706055,55.02000045776367,7468690
2026-02-05 10:30:00-05:00,54.470001220703125,54.64500045776367,54.25,54.52000045776367,4720716
2026-02-05 11:30:00-05:00,54.8849983215332,54.88999938964844,54.345001220703125,54.470001220703125,3657368
2026-02-05 12:30:00-05:00,54.82500076293945,54.96500015258789,54.79499816894531,54.8849983215332,2583053
2026-02-05 13:30:00-05:00,54.994998931884766,55.0,54.709999084472656,54.82500076293945,2943160
2026-02-05 14:30:00-05:00,54.9640007019043,55.040000915527344,54.849998474121094,54.994998931884766,2929051
2026-02-05 15:30:00-05:00,54.915000915527344,55.02000045776367,54.790000915527344,54.959999084472656,3481711
2026-02-06 09:30:00-05:00,56.224998474121094,56.41999816894531,55.47999954223633,55.59040069580078,7725593
2026-02-06 10:30:00-05:00,56.21500015258789,56.400001525878906,56.14500045776367,56.345001220703125,4482896
2026-02-06 11:30:00-05:00,56.529998779296875,56.53499984741211,56.189998626708984,56.21500015258789,3285440
2026-02-06 12:30:00-05:00,56.71500015258789,56.810001373291016,56.52000045776367,56.53499984741211,4062416
2026-02-06 13:30:00-05:00,56.665000915527344,56.869998931884766,56.665000915527344,56.720001220703125,3680878
2026-02-06 14:30:00-05:00,56.55500030517578,56.66999816894531,56.474998474121094,56.665000915527344,4366506
2026-02-06 15:30:00-05:00,56.540000915527344,56.650001525878906,56.51499938964844,56.55500030517578,6374322
2026-02-09 09:30:00-05:00,56.58000183105469,56.65999984741211,56.18000030517578,56.38999938964844,7683466
2026-02-09 10:30:00-05:00,56.459999084472656,56.69499969482422,56.40999984741211,56.56999969482422,3896647
2026-02-09 11:30:00-05:00,56.474998474121094,56.487701416015625,56.31999969482422,56.46500015258789,2396166
2026-02-09 12:30:00-05:00,56.51499938964844,56.564998626708984,56.35499954223633,56.474998474121094,2651735
2026-02-09 13:30:00-05:00,56.64500045776367,56.685001373291016,56.494998931884766,56.51499938964844,2230620
2026-02-09 14:30:00-05:00,56.51499938964844,56.71500015258789,56.505001068115234,56.64500045776367,3520036
2026-02-09 15:30:00-05:00,56.369998931884766,56.52000045776367,56.314998626708984,56.5099983215332,4027717
2026-02-10 09:30:00-05:00,56.70439910888672,56.83000183105469,56.40999984741211,56.439998626708984,6041815
2026-02-10 10:30:00-05:00,55.915000915527344,56.755001068115234,55.744998931884766,56.709999084472656,7070341
2026-02-10 11:30:00-05:00,55.77000045776367,56.13999938964844,55.77000045776367,55.915000915527344,4020165
2026-02-10 12:30:00-05:00,54.849998474121094,55.77000045776367,54.849998474121094,55.77000045776367,5579451
2026-02-10 13:30:00-05:00,54.724998474121094,54.869998931884766,54.26499938964844,54.845001220703125,8045804
2026-02-10 14:30:00-05:00,55.51499938964844,55.52000045776367,54.70500183105469,54.724998474121094,5898824
2026-02-10 15:30:00-05:00,55.400001525878906,55.68000030517578,55.380001068115234,55.51499938964844,6151206
2026-02-11 09:30:00-05:00,55.09000015258789,56.11000061035156,54.91999816894531,55.970001220703125,7113375
2026-02-11 10:30:00-05:00,54.595001220703125,55.095001220703125,54.59000015258789,55.09000015258789,4590754
2026-02-11 11:30:00-05:00,54.30500030517578,54.865699768066406,54.2400016784668,54.599998474121094,4764180
2026-02-11 12:30:00-05:00,53.8650016784668,54.474998474121094,53.80500030517578,54.310001373291016,5631304
2026-02-11 13:30:00-05:00,53.529998779296875,53.880001068115234,53.2400016784668,53.869998931884766,7101280
2026-02-11 14:30:00-05:00,53.95000076293945,54.14500045776367,53.4900016784668,53.525001525878906,6605787
2026-02-11 15:30:00-05:00,53.83000183105469,54.060001373291016,53.81999969482422,53.95000076293945,6235288
2026-02-12 09:30:00-05:00,53.165000915527344,53.939998626708984,53.11000061035156,53.90999984741211,8611500
2026-02-12 10:30:00-05:00,52.1349983215332,53.185001373291016,51.92499923706055,53.16999816894531,10386862
2026-02-12 11:30:00-05:00,52.08000183105469,52.349998474121094,51.78499984741211,52.1349983215332,8300929
2026-02-12 12:30:00-05:00,52.275001525878906,52.41999816894531,52.029998779296875,52.08000183105469,5342277
2026-02-12 13:30:00-05:00,52.79999923706055,52.93000030517578,52.20500183105469,52.27000045776367,6638540
2026-02-12 14:30:00-05:00,52.720001220703125,52.963401794433594,52.64500045776367,52.790000915527344,4616617
2026-02-12 15:30:00-05:00,52.5,52.755001068115234,52.435001373291016,52.720001220703125,4809728
2026-02-13 09:30:00-05:00,52.224998474121094,52.375,51.435001373291016,51.90999984741211,8288407
2026-02-13 10:30:00-05:00,52.53499984741211,52.61000061035156,52.15999984741211,52.22999954223633,3759283
2026-02-13 11:30:00-05:00,52.599998474121094,52.81999969482422,52.400001525878906,52.540000915527344,3279818
2026-02-13 12:30:00-05:00,52.560001373291016,52.689998626708984,52.3849983215332,52.599998474121094,2657954
2026-02-13 13:30:00-05:00,52.48500061035156,52.650001525878906,52.415000915527344,52.54999923706055,2580528
2026-02-13 14:30:00-05:00,52.26499938964844,52.56999969482422,52.220001220703125,52.47999954223633,3042819
2026-02-13 15:30:00-05:00,52.525001525878906,52.560001373291016,52.27000045776367,52.27000045776367,3063720
2026-02-17 09:30:00-05:00,52.95000076293945,53.54999923706055,52.869998931884766,53.040000915527344,7751594
2026-02-17 10:30:00-05:00,53.09000015258789,53.20500183105469,52.935001373291016,52.95000076293945,3655603
2026-02-17 11:30:00-05:00,52.77000045776367,53.24639892578125,52.685001373291016,53.09000015258789,3233406
2026-02-17 12:30:00-05:00,52.755001068115234,52.835201263427734,52.6150016784668,52.7599983215332,2546714
2026-02-17 13:30:00-05:00,52.80500030517578,52.93000030517578,52.755001068115234,52.755001068115234,2535090
2026-02-17 14:30:00-05:00,52.83000183105469,52.8849983215332,52.71500015258789,52.80500030517578,2843543
2026-02-17 15:30:00-05:00,52.75,52.86000061035156,52.650001525878906,52.83000183105469,5188128
2026-02-18 09:30:00-05:00,53.404998779296875,53.60860061645508,52.790000915527344,52.9900016784668,6524971
2026-02-18 10:30:00-05:00,53.48500061035156,53.525001525878906,53.310001373291016,53.400001525878906,4805439
2026-02-18 11:30:00-05:00,53.36000061035156,53.52000045776367,53.165000915527344,53.48500061035156,2287573
2026-02-18 12:30:00-05:00,53.314998626708984,53.43000030517578,53.244998931884766,53.3650016784668,2441430
2026-02-18 13:30:00-05:00,53.314998626708984,53.380001068115234,53.17499923706055,53.31999969482422,2358013
2026-02-18 14:30:00-05:00,53.255001068115234,53.459999084472656,53.209999084472656,53.31999969482422,2256034
2026-02-18 15:30:00-05:00,53.36000061035156,53.40999984741211,53.15999984741211,53.25,3902666
2026-02-19 09:30:00-05:00,52.39500045776367,52.67499923706055,51.83000183105469,51.90999984741211,13709935
2026-02-19 10:30:00-05:00,52.54999923706055,52.744998931884766,52.34000015258789,52.38999938964844,5070697
2026-02-19 11:30:00-05:00,52.584999084472656,52.810001373291016,52.4900016784668,52.55500030517578,4933990
2026-02-19 12:30:00-05:00,52.23059844970703,52.67499923706055,52.22999954223633,52.580101013183594,5247071
2026-02-19 13:30:00-05:00,52.39500045776367,52.45000076293945,52.16999816894531,52.22999954223633,3031981
2026-02-19 14:30:00-05:00,52.51499938964844,52.525001525878906,52.34000015258789,52.38999938964844,3253265
2026-02-19 15:30:00-05:00,52.76499938964844,52.79999923706055,52.5099983215332,52.5099983215332,4930761
2026-02-20 09:30:00-05:00,52.78260040283203,52.970001220703125,51.83000183105469,52.529998779296875,9101539
2026-02-20 10:30:00-05:00,52.459999084472656,52.83000183105469,52.38999938964844,52.79499816894531,3823172
2026-02-20 11:30:00-05:00,52.525001525878906,52.70500183105469,52.38999938964844,52.459999084472656,2899620
2026-02-20 12:30:00-05:00,52.654998779296875,52.75,52.51499938964844,52.52109909057617,2252404
2026-02-20 13:30:00-05:00,52.86000061035156,53.029998779296875,52.584999084472656,52.650001525878906,2955898
2026-02-20 14:30:00-05:00,52.95000076293945,52.9900016784668,52.724998474121094,52.86000061035156,2400939
2026-02-20 15:30:00-05:00,53.08000183105469,53.09000015258789,52.91999816894531,52.95000076293945,3545911
2026-02-23 09:30:00-05:00,51.59000015258789,53.2599983215332,51.334999084472656,52.84000015258789,7773483
2026-02-23 10:30:00-05:00,51.51499938964844,51.720001220703125,51.10499954223633,51.584999084472656,6970096
2026-02-23 11:30:00-05:00,50.994998931884766,51.564998626708984,50.90999984741211,51.518001556396484,5597824
2026-02-23 12:30:00-05:00,51.31999969482422,51.349998474121094,50.88999938964844,50.9900016784668,3791375
2026-02-23 13:30:00-05:00,51.27000045776367,51.45000076293945,51.2400016784668,51.31999969482422,3054512
2026-02-23 14:30:00-05:00,51.224998474121094,51.435001373291016,51.154998779296875,51.27000045776367,3179555
2026-02-23 15:30:00-05:00,51.08000183105469,51.31999969482422,51.0,51.220001220703125,6772595
2026-02-24 09:30:00-05:00,50.005001068115234,50.744998931884766,49.470001220703125,50.7400016784668,12999689
2026-02-24 10:30:00-05:00,50.255001068115234,50.2599983215332,49.689998626708984,50.005001068115234,7278019
2026-02-24 11:30:00-05:00,50.435001373291016,50.4900016784668,50.04999923706055,50.255001068115234,4357681
2026-02-24 12:30:00-05:00,50.685001373291016,50.709999084472656,50.3650016784668,50.43439865112305,3019912
2026-02-24 13:30:00-05:00,50.52000045776367,50.880001068115234,50.375,50.685001373291016,4303106
2026-02-24 14:30:00-05:00,50.33000183105469,50.58000183105469,50.314998626708984,50.51499938964844,4218602
2026-02-24 15:30:00-05:00,50.404998779296875,50.4900016784668,50.165000915527344,50.334999084472656,7153789
2026-02-25 09:30:00-05:00,51.165000915527344,51.279998779296875,50.310001373291016,50.33000183105469,6312983
2026-02-25 10:30:00-05:00,51.42499923706055,51.5,51.165000915527344,51.165000915527344,3372973
2026-02-25 11:30:00-05:00,51.6349983215332,51.63999938964844,51.41999816894531,51.420101165771484,3231777
2026-02-25 12:30:00-05:00,51.6349983215332,51.76499938964844,51.57500076293945,51.63999938964844,2785745
2026-02-25 13:30:00-05:00,51.505001068115234,51.69499969482422,51.47999954223633,51.63999938964844,3619181
2026-02-25 14:30:00-05:00,51.56999969482422,51.70000076293945,51.5,51.5004997253418,2904662
2026-02-25 15:30:00-05:00,51.70500183105469,51.749900817871094,51.560001373291016,51.56999969482422,4236414
2026-02-26 09:30:00-05:00,52.15999984741211,52.66999816894531,51.869998931884766,51.880001068115234,7571010
2026-02-26 10:30:00-05:00,52.2962760925293,52.45000076293945,52.1150016784668,52.154998779296875,4713111
2026-02-26 11:30:00-05:00,51.88999938964844,52.309898376464844,51.7401008605957,52.29999923706055,4165928
2026-02-26 12:30:00-05:00,52.1150016784668,52.14500045776367,51.81999969482422,51.900001525878906,2309870
2026-02-26 13:30:00-05:00,52.310001373291016,52.400001525878906,52.10689926147461,52.119998931884766,2267283
2026-02-26 14:30:00-05:00,52.26499938964844,52.415000915527344,52.26499938964844,52.310001373291016,2424553
2026-02-26 15:30:00-05:00,52.29999923706055,52.525001525878906,52.2599983215332,52.26499938964844,4735647
2026-02-27 09:30:00-05:00,49.915000915527344,51.40999984741211,49.849998474121094,51.08000183105469,12381092
2026-02-27 10:30:00-05:00,50.130001068115234,50.244998931884766,49.83000183105469,49.915000915527344,6705535
2026-02-27 11:30:00-05:00,49.32500076293945,50.13999938964844,49.32500076293945,50.125,5647326
2026-02-27 12:30:00-05:00,49.79010009765625,49.79999923706055,49.31999969482422,49.32500076293945,4317103
2026-02-27 13:30:00-05:00,49.6150016784668,49.939998626708984,49.56999969482422,49.79499816894531,3834778
2026-02-27 14:30:00-05:00,49.935001373291016,49.959999084472656,49.52000045776367,49.6150016784668,5271917
2026-02-27 15:30:00-05:00,49.80500030517578,50.040000915527344,49.665000915527344,49.935001373291016,9290429
2026-03-02 09:30:00-05:00,49.7599983215332,49.90999984741211,48.58000183105469,48.779998779296875,8500870
2026-03-02 10:30:00-05:00,49.97999954223633,50.15999984741211,49.66999816894531,49.755001068115234,4195144
2026-03-02 11:30:00-05:00,50.165000915527344,50.41999816894531,49.970001220703125,49.9900016784668,3549952
2026-03-02 12:30:00-05:00,50.14500045776367,50.279998779296875,50.095001220703125,50.15999984741211,3418176
2026-03-02 13:30:00-05:00,50.17499923706055,50.220001220703125,49.974998474121094,50.14500045776367,3927156
2026-03-02 14:30:00-05:00,49.79499816894531,50.2599983215332,49.779998779296875,50.18000030517578,4053030
2026-03-02 15:30:00-05:00,49.79499816894531,49.92499923706055,49.744998931884766,49.79999923706055,5678033
2026-03-03 09:30:00-05:00,48.810001373291016,49.01649856567383,48.5,48.7599983215332,10015402
2026-03-03 10:30:00-05:00,49.3849983215332,49.439998626708984,48.76499938964844,48.80500030517578,6392191
2026-03-03 11:30:00-05:00,49.58000183105469,49.720001220703125,49.285099029541016,49.3849983215332,4327988
2026-03-03 12:30:00-05:00,50.05500030517578,50.099998474121094,49.5,49.58000183105469,3738324
2026-03-03 13:30:00-05:00,50.2599983215332,50.334999084472656,50.01499938964844,50.04999923706055,4407865
2026-03-03 14:30:00-05:00,50.224998474121094,50.5099983215332,50.119998931884766,50.26499938964844,7811232
2026-03-03 15:30:00-05:00,49.97999954223633,50.25,49.869998931884766,50.220001220703125,6146598
2026-03-04 09:30:00-05:00,49.900001525878906,50.09000015258789,49.209999084472656,49.88999938964844,8347212
2026-03-04 10:30:00-05:00,50.02000045776367,50.07500076293945,49.755001068115234,49.900001525878906,3950813
2026-03-04 11:30:00-05:00,49.959999084472656,50.125,49.95000076293945,50.01499938964844,2622248
2026-03-04 12:30:00-05:00,50.01449966430664,50.060001373291016,49.89500045776367,49.959999084472656,2414264
2026-03-04 13:30:00-05:00,50.060001373291016,50.165000915527344,50.0,50.01499938964844,2482179
2026-03-04 14:30:00-05:00,50.20500183105469,50.27000045776367,50.04999923706055,50.060001373291016,2950293
2026-03-04 15:30:00-05:00,50.279998779296875,50.40999984741211,50.189998626708984,50.20500183105469,5035003
2026-03-05 09:30:00-05:00,49.650001525878906,50.43000030517578,49.59000015258789,49.81999969482422,5202004
2026-03-05 10:30:00-05:00,49.525001525878906,49.78310012817383,49.404998779296875,49.63999938964844,4168581
2026-03-05 11:30:00-05:00,49.5099983215332,49.72999954223633,49.5,49.525001525878906,3112910
2026-03-05 12:30:00-05:00,49.57500076293945,49.75,49.435001373291016,49.505001068115234,3106184
2026-03-05 13:30:00-05:00,49.42499923706055,49.709999084472656,49.375,49.58000183105469,3885462
2026-03-05 14:30:00-05:00,49.709999084472656,49.76499938964844,49.33000183105469,49.42499923706055,4411352
2026-03-05 15:30:00-05:00,49.78499984741211,49.88999938964844,49.67499923706055,49.70500183105469,5985638
2026-03-06 09:30:00-05:00,48.15999984741211,48.55500030517578,47.619998931884766,48.54999923706055,9177503
2026-03-06 10:30:00-05:00,47.979801177978516,48.40999984741211,47.910499572753906,48.15999984741211,4124845
2026-03-06 11:30:00-05:00,48.22999954223633,48.39500045776367,47.93000030517578,47.974998474121094,3665970
2026-03-06 12:30:00-05:00,48.244998931884766,48.39630126953125,47.88999938964844,48.23500061035156,3369256
2026-03-06 13:30:00-05:00,48.31999969482422,48.334999084472656,48.084999084472656,48.244998931884766,2587438
2026-03-06 14:30:00-05:00,48.45500183105469,48.5,48.290000915527344,48.31999969482422,2838093
2026-03-06 15:30:00-05:00,48.61000061035156,48.70000076293945,48.40999984741211,48.45500183105469,6584327
2026-03-09 09:30:00-04:00,46.97999954223633,48.060001373291016,46.779998779296875,47.939998626708984,10265774
2026-03-09 10:30:00-04:00,47.21500015258789,47.22999954223633,46.814998626708984,46.97999954223633,8351174
2026-03-09 11:30:00-04:00,47.33000183105469,47.400001525878906,46.97999954223633,47.220001220703125,5393499
2026-03-09 12:30:00-04:00,47.06100082397461,47.380001068115234,47.04999923706055,47.345001220703125,4239431
2026-03-09 13:30:00-04:00,46.8650016784668,47.18000030517578,46.84000015258789,47.06999969482422,5977651
2026-03-09 14:30:00-04:00,47.80500030517578,47.810001373291016,46.77000045776367,46.8650016784668,9525236
2026-03-09 15:30:00-04:00,47.880001068115234,48.150001525878906,47.67499923706055,47.810001373291016,8618792
2026-03-10 09:30:00-04:00,48.39500045776367,48.540000915527344,47.595001220703125,48.279998779296875,7551690
2026-03-10 10:30:00-04:00,48.749900817871094,48.749900817871094,48.38999938964844,48.38999938964844,4781800
2026-03-10 11:30:00-04:00,48.474998474121094,48.77000045776367,48.34000015258789,48.7400016784668,3673942
2026-03-10 12:30:00-04:00,48.970001220703125,48.97999954223633,48.470001220703125,48.47999954223633,2749217
2026-03-10 13:30:00-04:00,48.73500061035156,49.150001525878906,48.415000915527344,48.96500015258789,7988455
2026-03-10 14:30:00-04:00,48.69499969482422,48.91559982299805,48.66999816894531,48.7400016784668,4858077
2026-03-10 15:30:00-04:00,48.56999969482422,48.799598693847656,48.4900016784668,48.70000076293945,4741468
2026-03-11 09:30:00-04:00,47.94499969482422,48.650001525878906,47.91999816894531,48.36000061035156,9423563
2026-03-11 10:30:00-04:00,47.95000076293945,48.43009948730469,47.8650016784668,47.94499969482422,5315083
2026-03-11 11:30:00-04:00,47.95500183105469,47.999900817871094,47.779998779296875,47.94499969482422,3500939
2026-03-11 12:30:00-04:00,48.36349868774414,48.380001068115234,47.94499969482422,47.959999084472656,2846080
2026-03-11 13:30:00-04:00,48.314998626708984,48.380001068115234,48.07500076293945,48.369998931884766,3123009
2026-03-11 14:30:00-04:00,48.369998931884766,48.439998626708984,48.209999084472656,48.314998626708984,3380487
2026-03-11 15:30:00-04:00,48.47999954223633,48.56999969482422,48.36989974975586,48.369998931884766,4477394
2026-03-12 09:30:00-04:00,47.01499938964844,47.78239822387695,46.981998443603516,47.70000076293945,10692711
2026-03-12 10:30:00-04:00,47.154998779296875,47.43000030517578,46.95500183105469,47.01499938964844,6566755
2026-03-12 11:30:00-04:00,47.31999969482422,47.529998779296875,47.125,47.154998779296875,4924420
2026-03-12 12:30:00-04:00,47.060001373291016,47.3849983215332,47.04999923706055,47.31999969482422,3812476
2026-03-12 13:30:00-04:00,46.8849983215332,47.150001525878906,46.81999969482422,47.060001373291016,6552195
2026-03-12 14:30:00-04:00,47.04499816894531,47.130001068115234,46.790000915527344,46.8849983215332,5735924
2026-03-12 15:30:00-04:00,47.099998474121094,47.150001525878906,46.994998931884766,47.04499816894531,7135040
2026-03-13 09:30:00-04:00,47.44499969482422,47.820098876953125,47.16999816894531,47.459999084472656,7580425
2026-03-13 10:30:00-04:00,47.35499954223633,47.709999084472656,47.314998626708984,47.440101623535156,4841168
2026-03-13 11:30:00-04:00,47.3650016784668,47.58000183105469,47.29499816894531,47.36000061035156,3099993
2026-03-13 12:30:00-04:00,47.08000183105469,47.42499923706055,47.060001373291016,47.369998931884766,3826744
2026-03-13 13:30:00-04:00,46.91999816894531,47.10499954223633,46.79999923706055,47.08000183105469,4719272
2026-03-13 14:30:00-04:00,46.76499938964844,47.0,46.710201263427734,46.91999816894531,4157205
2026-03-13 15:30:00-04:00,46.72999954223633,46.869998931884766,46.654998779296875,46.76499938964844,5112391
2026-03-16 09:30:00-04:00,47.35499954223633,47.68000030517578,46.90010070800781,47.119998931884766,7671572
2026-03-16 10:30:00-04:00,47.345001220703125,47.4900016784668,47.04999923706055,47.35499954223633,4219287
2026-03-16 11:30:00-04:00,47.01499938964844,47.43000030517578,46.97999954223633,47.345001220703125,3403368
2026-03-16 12:30:00-04:00,47.08000183105469,47.20000076293945,46.95500183105469,47.02000045776367,3142930
2026-03-16 13:30:00-04:00,47.084999084472656,47.16999816894531,46.97999954223633,47.06999969482422,3454802
2026-03-16 14:30:00-04:00,47.150001525878906,47.279998779296875,47.06999969482422,47.09000015258789,3960181
2026-03-16 15:30:00-04:00,47.064998626708984,47.189998626708984,47.025001525878906,47.154998779296875,3959133
2026-03-17 09:30:00-04:00,47.58000183105469,48.08000183105469,47.400001525878906,47.65999984741211,6205139
2026-03-17 10:30:00-04:00,47.404998779296875,47.68000030517578,47.36000061035156,47.584999084472656,2783640
2026-03-17 11:30:00-04:00,47.439998626708984,47.47999954223633,47.34000015258789,47.404998779296875,2242889
2026-03-17 12:30:00-04:00,47.52000045776367,47.56999969482422,47.349998474121094,47.435001373291016,3240920
2026-03-17 13:30:00-04:00,47.290000915527344,47.587100982666016,47.27000045776367,47.52000045776367,2269922
2026-03-17 14:30:00-04:00,47.41999816894531,47.5099983215332,47.279998779296875,47.290000915527344,3384426
2026-03-17 15:30:00-04:00,47.290000915527344,47.439998626708984,47.20000076293945,47.41999816894531,4918551
2026-03-18 09:30:00-04:00,47.32500076293945,47.880001068115234,47.049400329589844,47.220001220703125,6398064
2026-03-18 10:30:00-04:00,47.474998474121094,47.60499954223633,47.29499816894531,47.33000183105469,2812505
2026-03-18 11:30:00-04:00,47.33000183105469,47.564998626708984,47.31999969482422,47.470001220703125,2738143
2026-03-18 12:30:00-04:00,47.220001220703125,47.349998474121094,47.20000076293945,47.33000183105469,2579351
2026-03-18 13:30:00-04:00,46.95500183105469,47.25,46.90999984741211,47.22999954223633,5040988
2026-03-18 14:30:00-04:00,46.775001525878906,46.9900016784668,46.720001220703125,46.95000076293945,6933635
2026-03-18 15:30:00-04:00,46.810001373291016,46.845001220703125,46.689998626708984,46.77000045776367,6657934
2026-03-19 09:30:00-04:00,46.16999816894531,46.8650016784668,46.1150016784668,46.41999816894531,10005190
2026-03-19 10:30:00-04:00,46.70000076293945,46.720001220703125,46.1150016784668,46.15999984741211,4068534
2026-03-19 11:30:00-04:00,46.724998474121094,46.790000915527344,46.529998779296875,46.69499969482422,3079175
2026-03-19 12:30:00-04:00,46.71500015258789,46.810001373291016,46.55500030517578,46.72999954223633,3212429
2026-03-19 13:30:00-04:00,46.70500183105469,46.84000015258789,46.63999938964844,46.720001220703125,2655493
2026-03-19 14:30:00-04:00,46.93000030517578,47.189998626708984,46.63999938964844,46.70000076293945,4614650
2026-03-19 15:30:00-04:00,47.0,47.125,46.89500045776367,46.93000030517578,4206471
2026-03-20 09:30:00-04:00,47.04999923706055,47.459999084472656,46.849998474121094,47.130001068115234,12401029
2026-03-20 10:30:00-04:00,46.96500015258789,47.34000015258789,46.904998779296875,47.05339813232422,4343654
2026-03-20 11:30:00-04:00,47.20009994506836,47.2400016784668,46.91999816894531,46.96500015258789,2823986
2026-03-20 12:30:00-04:00,47.35499954223633,47.459999084472656,47.125,47.20000076293945,3481025
2026-03-20 13:30:00-04:00,47.07500076293945,47.369998931884766,46.97999954223633,47.36000061035156,3323235
2026-03-20 14:30:00-04:00,46.970001220703125,47.119998931884766,46.92499923706055,47.07500076293945,4970795
2026-03-20 15:30:00-04:00,47.16999816894531,47.21500015258789,46.685001373291016,46.974998474121094,7154074
2026-03-23 09:30:00-04:00,47.915000915527344,48.38999938964844,47.61000061035156,48.34000015258789,7906791
2026-03-23 10:30:00-04:00,48.01499938964844,48.349998474121094,47.875,47.90999984741211,3939118
2026-03-23 11:30:00-04:00,47.53499984741211,48.040000915527344,47.53030014038086,48.0099983215332,3793693
2026-03-23 12:30:00-04:00,47.744998931884766,47.84000015258789,47.5099983215332,47.53499984741211,3688108
2026-03-23 13:30:00-04:00,47.935001373291016,48.0099983215332,47.73500061035156,47.75,3728830
2026-03-23 14:30:00-04:00,47.709999084472656,48.08000183105469,47.665000915527344,47.935001373291016,3761668
2026-03-23 15:30:00-04:00,47.52000045776367,47.845001220703125,47.47999954223633,47.709999084472656,5737476
2026-03-24 09:30:00-04:00,47.654998779296875,47.790000915527344,47.02000045776367,47.04999923706055,6325517
2026-03-24 10:30:00-04:00,48.28499984741211,48.36000061035156,47.6349983215332,47.650001525878906,5051941
2026-03-24 11:30:00-04:00,48.290000915527344,48.40999984741211,48.189998626708984,48.28960037231445,3720515
2026-03-24 12:30:00-04:00,48.209999084472656,48.34000015258789,48.099998474121094,48.28499984741211,3535761
2026-03-24 13:30:00-04:00,48.29499816894531,48.31999969482422,48.130001068115234,48.20000076293945,3062745
2026-03-24 14:30:00-04:00,48.28900146484375,48.459999084472656,48.25,48.29499816894531,3100599
2026-03-24 15:30:00-04:00,48.165000915527344,48.380001068115234,48.08000183105469,48.279998779296875,5921624
2026-03-25 09:30:00-04:00,48.779998779296875,49.11000061035156,48.52000045776367,48.52000045776367,7091192
2026-03-25 10:30:00-04:00,48.599998474121094,48.790000915527344,48.18000030517578,48.779998779296875,5060280
2026-03-25 11:30:00-04:00,48.6349983215332,48.63999938964844,48.47999954223633,48.599998474121094,2477587
2026-03-25 12:30:00-04:00,48.584999084472656,48.72999954223633,48.529998779296875,48.63999938964844,2018401
2026-03-25 13:30:00-04:00,48.68000030517578,48.744998931884766,48.54499816894531,48.59000015258789,2485918
2026-03-25 14:30:00-04:00,48.79499816894531,48.810001373291016,48.654998779296875,48.689998626708984,2421872
2026-03-25 15:30:00-04:00,48.775001525878906,48.82500076293945,48.709999084472656,48.79499816894531,3918181
2026-03-26 09:30:00-04:00,48.619998931884766,48.86989974975586,48.439998626708984,48.709999084472656,5982516
2026-03-26 10:30:00-04:00,48.380001068115234,48.775001525878906,48.279998779296875,48.625,4008827
2026-03-26 11:30:00-04:00,48.135101318359375,48.54999923706055,48.08000183105469,48.400001525878906,3199308
2026-03-26 12:30:00-04:00,48.095001220703125,48.36000061035156,48.025001525878906,48.1349983215332,3064035
2026-03-26 13:30:00-04:00,48.244998931884766,48.279998779296875,48.08000183105469,48.09000015258789,3129181
2026-03-26 14:30:00-04:00,48.29010009765625,48.45000076293945,48.209999084472656,48.244998931884766,2339864
2026-03-26 15:30:00-04:00,48.2400016784668,48.400001525878906,48.15999984741211,48.290000915527344,5190185
2026-03-27 09:30:00-04:00,47.63999938964844,48.25,47.33000183105469,48.06999969482422,6155768
2026-03-27 10:30:00-04:00,47.720001220703125,47.81999969482422,47.58000183105469,47.64500045776367,3586244
2026-03-27 11:30:00-04:00,47.46500015258789,47.845001220703125,47.2400016784668,47.71989822387695,4117882
2026-03-27 12:30:00-04:00,47.31999969482422,47.599998474121094,47.31999969482422,47.46500015258789,2340469
2026-03-27 13:30:00-04:00,47.114200592041016,47.36989974975586,47.04499816894531,47.32500076293945,3496133
2026-03-27 14:30:00-04:00,47.025001525878906,47.20000076293945,46.935001373291016,47.119998931884766,3267613
2026-03-27 15:30:00-04:00,46.95000076293945,47.09000015258789,46.84000015258789,47.025001525878906,5325562
2026-03-30 09:30:00-04:00,47.189998626708984,47.85499954223633,46.93000030517578,47.54999923706055,7282001
2026-03-30 10:30:00-04:00,47.40999984741211,47.54999923706055,47.0,47.18000030517578,3918786
2026-03-30 11:30:00-04:00,47.31930160522461,47.5,47.230098724365234,47.40999984741211,2619592
2026-03-30 12:30:00-04:00,47.275001525878906,47.459800720214844,47.21500015258789,47.314998626708984,3716665
2026-03-30 13:30:00-04:00,47.21989822387695,47.43000030517578,47.20000076293945,47.27000045776367,3248288
2026-03-30 14:30:00-04:00,46.96500015258789,47.279998779296875,46.935001373291016,47.220001220703125,3198039
2026-03-30 15:30:00-04:00,47.220001220703125,47.2599983215332,46.95000076293945,46.970001220703125,4008695
2026-03-31 09:30:00-04:00,47.85499954223633,48.22999954223633,47.369998931884766,47.68000030517578,8452853
2026-03-31 10:30:00-04:00,47.709999084472656,47.869998931884766,47.5099983215332,47.85499954223633,2861955
2026-03-31 11:30:00-04:00,47.93000030517578,47.96500015258789,47.689998626708984,47.709999084472656,3446809
2026-03-31 12:30:00-04:00,48.47169876098633,48.625,47.84000015258789,47.93000030517578,6171534
2026-03-31 13:30:00-04:00,48.54999923706055,48.60499954223633,48.34000015258789,48.474998474121094,3030953
2026-03-31 14:30:00-04:00,48.55500030517578,48.68000030517578,48.46500015258789,48.54499816894531,3110952
2026-03-31 15:30:00-04:00,48.75,48.77000045776367,48.55500030517578,48.55500030517578,6871070
2026-04-01 09:30:00-04:00,49.04999923706055,50.04999923706055,48.89500045776367,49.70000076293945,7366904
2026-04-01 10:30:00-04:00,49.29499816894531,49.41999816894531,48.775001525878906,49.060001373291016,3351273
2026-04-01 11:30:00-04:00,49.189998626708984,49.459999084472656,49.185001373291016,49.290000915527344,2578454
2026-04-01 12:30:00-04:00,49.310001373291016,49.349998474121094,49.119998931884766,49.189998626708984,2016545
2026-04-01 13:30:00-04:00,49.02000045776367,49.33000183105469,48.95500183105469,49.310001373291016,1714367
2026-04-01 14:30:00-04:00,49.150001525878906,49.18000030517578,48.9900016784668,49.02000045776367,2169499
2026-04-01 15:30:00-04:00,49.27000045776367,49.31999969482422,49.150001525878906,49.150001525878906,4722030
2026-04-02 09:30:00-04:00,48.70500183105469,48.779998779296875,48.15999984741211,48.75,4717883
2026-04-02 10:30:00-04:00,49.20000076293945,49.38999938964844,48.68000030517578,48.709999084472656,3642998
2026-04-02 11:30:00-04:00,49.07500076293945,49.2599983215332,49.02000045776367,49.209999084472656,1514509
2026-04-02 12:30:00-04:00,49.46500015258789,49.47999954223633,49.06999969482422,49.08000183105469,2424433
2026-04-02 13:30:00-04:00,49.39500045776367,49.564998626708984,49.34000015258789,49.459999084472656,4230964
2026-04-02 14:30:00-04:00,49.27000045776367,49.435001373291016,49.23500061035156,49.39099884033203,2947996
2026-04-02 15:30:00-04:00,49.3650016784668,49.39500045776367,49.224998474121094,49.26499938964844,3171397
2026-04-06 09:30:00-04:00,49.994998931884766,50.08000183105469,49.25,49.43000030517578,5353655
2026-04-06 10:30:00-04:00,49.845001220703125,50.06999969482422,49.77000045776367,50.0,2898219
2026-04-06 11:30:00-04:00,49.904998779296875,49.94499969482422,49.779998779296875,49.84510040283203,1968664
2026-04-06 12:30:00-04:00,49.875,49.97999954223633,49.779998779296875,49.90999984741211,1847284
2026-04-06 13:30:00-04:00,50.05500030517578,50.07500076293945,49.79999923706055,49.875,1814125
2026-04-06 14:30:00-04:00,49.96500015258789,50.096099853515625,49.96500015258789,50.059600830078125,2526646
2026-04-06 15:30:00-04:00,50.064998626708984,50.1150016784668,49.94499969482422,49.96500015258789,3509751
2026-04-07 09:30:00-04:00,50.1349983215332,50.13999938964844,49.6150016784668,49.79999923706055,4952817
2026-04-07 10:30:00-04:00,50.04499816894531,50.22999954223633,49.91999816894531,50.13999938964844,3288878
2026-04-07 11:30:00-04:00,50.01499938964844,50.18000030517578,49.869998931884766,50.040000915527344,2159624
2026-04-07 12:30:00-04:00,49.994998931884766,50.13990020751953,49.935001373291016,50.0099983215332,1826836
2026-04-07 13:30:00-04:00,50.154998779296875,50.2400016784668,49.97999954223633,49.994998931884766,2792704
2026-04-07 14:30:00-04:00,50.27000045776367,50.36000061035156,49.939998626708984,50.15999984741211,2490035
2026-04-07 15:30:00-04:00,50.29999923706055,50.47999954223633,50.21500015258789,50.27000045776367,4442510
2026-04-08 09:30:00-04:00,51.654998779296875,52.2599983215332,51.619998931884766,51.939998626708984,10242506
2026-04-08 10:30:00-04:00,51.41999816894531,51.69499969482422,51.37099838256836,51.665000915527344,3915841
2026-04-08 11:30:00-04:00,51.79499816894531,51.86000061035156,51.415000915527344,51.41999816894531,2981540
2026-04-08 12:30:00-04:00,51.69940185546875,51.837799072265625,51.665000915527344,51.79499816894531,2292442
2026-04-08 13:30:00-04:00,51.810001373291016,52.029998779296875,51.68000030517578,51.689998626708984,2883172
2026-04-08 14:30:00-04:00,51.790000915527344,51.91999816894531,51.68000030517578,51.814998626708984,2318572
2026-04-08 15:30:00-04:00,51.89500045776367,51.959999084472656,51.790000915527344,51.790000915527344,4847081
2026-04-09 09:30:00-04:00,52.060001373291016,52.11000061035156,51.625,51.625,4507734
2026-04-09 10:30:00-04:00,52.15999984741211,52.189998626708984,51.91999816894531,52.04999923706055,3798302
2026-04-09 11:30:00-04:00,52.65999984741211,52.7599983215332,52.150001525878906,52.15999984741211,3565610
2026-04-09 12:30:00-04:00,52.73500061035156,52.7400016784668,52.54999923706055,52.66510009765625,1818977
2026-04-09 13:30:00-04:00,52.755001068115234,52.834999084472656,52.67499923706055,52.73509979248047,2114135
2026-04-09 14:30:00-04:00,52.68000030517578,52.78499984741211,52.625,52.7599983215332,2131412
2026-04-09 15:30:00-04:00,52.70000076293945,52.817501068115234,52.665000915527344,52.685001373291016,2885417
2026-04-10 09:30:00-04:00,52.64500045776367,52.83000183105469,52.20000076293945,52.79999923706055,4249069
2026-04-10 10:30:00-04:00,52.55500030517578,52.650001525878906,52.5099983215332,52.64139938354492,2361960
2026-04-10 11:30:00-04:00,52.52000045776367,52.564998626708984,52.3849983215332,52.55500030517578,2114601
2026-04-10 12:30:00-04:00,52.55500030517578,52.560001373291016,52.41999816894531,52.52000045776367,1470447
2026-04-10 13:30:00-04:00,52.7599983215332,52.779998779296875,52.540000915527344,52.560001373291016,1625547
2026-04-10 14:30:00-04:00,52.69029998779297,52.76499938964844,52.63999938964844,52.755001068115234,1694909
2026-04-10 15:30:00-04:00,52.5614013671875,52.69499969482422,52.45000076293945,52.69499969482422,3271333
2026-04-13 09:30:00-04:00,52.415000915527344,52.41999816894531,51.849998474121094,52.18000030517578,4644319
2026-04-13 10:30:00-04:00,52.494998931884766,52.56999969482422,52.400001525878906,52.415000915527344,2270500
2026-04-13 11:30:00-04:00,52.790000915527344,52.80500030517578,52.46500015258789,52.494998931884766,2073350
2026-04-13 12:30:00-04:00,52.915000915527344,52.994998931884766,52.78499984741211,52.790000915527344,2459318
2026-04-13 13:30:00-04:00,52.96500015258789,53.02000045776367,52.845001220703125,52.91999816894531,2343716
2026-04-13 14:30:00-04:00,53.17499923706055,53.20000076293945,52.91999816894531,52.96500015258789,2901026
2026-04-13 15:30:00-04:00,53.33000183105469,53.439998626708984,53.150001525878906,53.17499923706055,4820522
2026-04-14 09:30:00-04:00,53.025001525878906,53.42499923706055,52.79499816894531,53.099998474121094,6774070
2026-04-14 10:30:00-04:00,53.36000061035156,53.39500045776367,53.02000045776367,53.025001525878906,3044365
2026-04-14 11:30:00-04:00,53.30500030517578,53.5463981628418,53.29499816894531,53.3650016784668,2274785
2026-04-14 12:30:00-04:00,53.494998931884766,53.5099983215332,53.27000045776367,53.30500030517578,1935657
2026-04-14 13:30:00-04:00,53.310001373291016,53.56999969482422,53.290000915527344,53.4900016784668,3300556
2026-04-14 14:30:00-04:00,53.345001220703125,53.38690185546875,53.25,53.30500030517578,4278277
2026-04-14 15:30:00-04:00,53.349998474121094,53.41999816894531,53.099998474121094,53.349998474121094,6477251
2026-04-15 09:30:00-04:00,54.359500885009766,55.400001525878906,53.849998474121094,54.25,16576013
2026-04-15 10:30:00-04:00,54.17499923706055,54.47999954223633,53.70500183105469,54.36000061035156,7601543
2026-04-15 11:30:00-04:00,54.095001220703125,54.38999938964844,54.0099983215332,54.16999816894531,6115849
2026-04-15 12:30:00-04:00,54.474998474121094,54.560001373291016,54.05500030517578,54.095001220703125,6850743
2026-04-15 13:30:00-04:00,54.54029846191406,54.619998931884766,54.45000076293945,54.474998474121094,4368532
2026-04-15 14:30:00-04:00,54.334999084472656,54.57500076293945,54.209999084472656,54.540000915527344,5860927
2026-04-15 15:30:00-04:00,54.31999969482422,54.39500045776367,54.130001068115234,54.33000183105469,6812876
2026-04-16 09:30:00-04:00,54.189998626708984,54.5099983215332,54.010501861572266,54.244998931884766,9296033
2026-04-16 10:30:00-04:00,53.87990188598633,54.34000015258789,53.869998931884766,54.18000030517578,4437056
2026-04-16 11:30:00-04:00,53.80509948730469,54.029998779296875,53.7599983215332,53.869998931884766,2840981
2026-04-16 12:30:00-04:00,53.55500030517578,53.81999969482422,53.5,53.80500030517578,2475507
2026-04-16 13:30:00-04:00,53.724998474121094,53.77000045776367,53.540000915527344,53.54999923706055,2349260
2026-04-16 14:30:00-04:00,53.67499923706055,53.779998779296875,53.619998931884766,53.724998474121094,2092303
2026-04-16 15:30:00-04:00,53.4900016784668,53.709999084472656,53.470001220703125,53.68000030517578,4257260
2026-04-17 09:30:00-04:00,54.400001525878906,54.43000030517578,53.75,54.15999984741211,8795096
2026-04-17 10:30:00-04:00,54.04499816894531,54.404998779296875,54.005001068115234,54.404998779296875,4061947
2026-04-17 11:30:00-04:00,54.39500045776367,54.51499938964844,54.029998779296875,54.04499816894531,3294476
2026-04-17 12:30:00-04:00,54.33000183105469,54.599998474121094,54.28499984741211,54.39500045776367,3360121
2026-04-17 13:30:00-04:00,54.005001068115234,54.334999084472656,53.95500183105469,54.334999084472656,2830006
2026-04-17 14:30:00-04:00,53.88999938964844,54.03799819946289,53.869998931884766,54.005001068115234,2384811
2026-04-17 15:30:00-04:00,53.900001525878906,54.0,53.790000915527344,53.8849983215332,4601806
2026-04-20 09:30:00-04:00,53.584999084472656,53.84000015258789,53.43000030517578,53.5,6753217
2026-04-20 10:30:00-04:00,53.665000915527344,53.709999084472656,53.17499923706055,53.584999084472656,5278775
2026-04-20 11:30:00-04:00,53.69499969482422,53.72999954223633,53.5099983215332,53.65999984741211,3857558
2026-04-20 12:30:00-04:00,53.845001220703125,53.92599868774414,53.689998626708984,53.70000076293945,3038560
2026-04-20 13:30:00-04:00,53.814998626708984,53.880001068115234,53.73500061035156,53.84000015258789,3479407
2026-04-20 14:30:00-04:00,53.88999938964844,53.90999984741211,53.709999084472656,53.81999969482422,3620618
2026-04-20 15:30:00-04:00,53.939998626708984,53.95000076293945,53.790000915527344,53.89500045776367,5287258
2026-04-21 09:30:00-04:00,54.39500045776367,54.650001525878906,53.880001068115234,54.0,4661629
2026-04-21 10:30:00-04:00,53.93000030517578,54.40999984741211,53.880001068115234,54.38999938964844,3523171
2026-04-21 11:30:00-04:00,53.80500030517578,54.05500030517578,53.7400016784668,53.93000030517578,2590302
2026-04-21 12:30:00-04:00,53.546199798583984,53.84000015258789,53.45000076293945,53.80500030517578,3087227
2026-04-21 13:30:00-04:00,53.404998779296875,53.68000030517578,53.3650016784668,53.54499816894531,2911308
2026-04-21 14:30:00-04:00,53.64500045776367,53.66999816894531,53.38999938964844,53.400001525878906,3128134
2026-04-21 15:30:00-04:00,53.470001220703125,53.650001525878906,53.21099853515625,53.64099884033203,4799239
2026-04-22 09:30:00-04:00,53.51499938964844,53.79999923706055,53.20500183105469,53.66999816894531,4649773
2026-04-22 10:30:00-04:00,53.38999938964844,53.51499938964844,53.25,53.51499938964844,2658834
2026-04-22 11:30:00-04:00,53.06999969482422,53.400001525878906,53.06999969482422,53.3849983215332,3216761
2026-04-22 12:30:00-04:00,53.20989990234375,53.224998474121094,53.060001373291016,53.06999969482422,1938618
2026-04-22 13:30:00-04:00,53.03499984741211,53.22999954223633,53.0,53.20500183105469,1869824
2026-04-22 14:30:00-04:00,53.095001220703125,53.099998474121094,53.0099983215332,53.029998779296875,2233482
2026-04-22 15:30:00-04:00,53.095001220703125,53.130001068115234,53.0,53.095001220703125,3367449
2026-04-23 09:30:00-04:00,53.43000030517578,53.52000045776367,52.821998596191406,53.060001373291016,4029800
2026-04-23 10:30:00-04:00,53.314998626708984,53.459999084472656,53.29499816894531,53.43000030517578,1788203
2026-04-23 11:30:00-04:00,53.125,53.34000015258789,53.11000061035156,53.310001373291016,1545311
2026-04-23 12:30:00-04:00,52.46500015258789,53.130001068115234,52.459999084472656,53.119998931884766,2924102
2026-04-23 13:30:00-04:00,52.5099983215332,52.61000061035156,52.244998931884766,52.470001220703125,4554585
2026-04-23 14:30:00-04:00,52.474998474121094,52.525001525878906,52.32500076293945,52.51499938964844,3638010
2026-04-23 15:30:00-04:00,52.435001373291016,52.52000045776367,52.2599983215332,52.47100067138672,5934779
2026-04-24 09:30:00-04:00,52.275001525878906,52.5099983215332,51.97999954223633,52.31999969482422,4463422
2026-04-24 10:30:00-04:00,52.2401008605957,52.41999816894531,52.13999938964844,52.275001525878906,2732667
2026-04-24 11:30:00-04:00,52.06999969482422,52.38999938964844,52.06999969482422,52.244998931884766,3070205
2026-04-24 12:30:00-04:00,52.060001373291016,52.16999816894531,51.974998474121094,52.06999969482422,3325275
2026-04-24 13:30:00-04:00,52.10499954223633,52.1349983215332,52.0,52.064998626708984,2390528
2026-04-24 14:30:00-04:00,52.025001525878906,52.10499954223633,51.93000030517578,52.10499954223633,2567913
2026-04-24 15:30:00-04:00,52.040000915527344,52.06999969482422,51.93000030517578,52.025001525878906,4655912
2026-04-27 09:30:00-04:00,52.650001525878906,52.93000030517578,51.83000183105469,51.9900016784668,5723205
2026-04-27 10:30:00-04:00,52.540000915527344,52.78499984741211,52.494998931884766,52.64500045776367,2514432
2026-04-27 11:30:00-04:00,52.53499984741211,52.63999938964844,52.494998931884766,52.540000915527344,2310331
2026-04-27 12:30:00-04:00,52.4900016784668,52.587501525878906,52.43000030517578,52.53499984741211,1910153
2026-04-27 13:30:00-04:00,52.474998474121094,52.560001373291016,52.41999816894531,52.4900016784668,1665595
2026-04-27 14:30:00-04:00,52.775001525878906,52.79999923706055,52.470001220703125,52.474998474121094,2015943
2026-04-27 15:30:00-04:00,52.63999938964844,52.810001373291016,52.630001068115234,52.775001525878906,4266194
2026-04-28 09:30:00-04:00,52.724998474121094,53.43000030517578,52.720001220703125,53.02000045776367,4475933
2026-04-28 10:30:00-04:00,52.8650016784668,52.935001373291016,52.685001373291016,52.72999954223633,2066961
2026-04-28 11:30:00-04:00,52.904998779296875,52.95000076293945,52.83000183105469,52.86000061035156,1270133
2026-04-28 12:30:00-04:00,52.875,52.91999816894531,52.83000183105469,52.900001525878906,1465243
2026-04-28 13:30:00-04:00,52.724998474121094,52.959999084472656,52.724998474121094,52.869998931884766,1627982
2026-04-28 14:30:00-04:00,52.67499923706055,52.7599983215332,52.650001525878906,52.724998474121094,1946341
2026-04-28 15:30:00-04:00,52.68000030517578,52.73500061035156,52.625,52.66999816894531,3315472
2026-04-29 09:30:00-04:00,52.4900016784668,52.77000045776367,51.83000183105469,52.43000030517578,4980468
2026-04-29 10:30:00-04:00,52.47999954223633,52.53499984741211,52.32500076293945,52.4900016784668,2652028
2026-04-29 11:30:00-04:00,52.42499923706055,52.52000045776367,52.33000183105469,52.47999954223633,2468479
2026-04-29 12:30:00-04:00,52.58000183105469,52.584999084472656,52.34000015258789,52.42499923706055,2483844
2026-04-29 13:30:00-04:00,52.650001525878906,52.73500061035156,52.529998779296875,52.59000015258789,1826128
2026-04-29 14:30:00-04:00,52.904998779296875,52.935001373291016,52.61000061035156,52.650001525878906,3117182
2026-04-29 15:30:00-04:00,52.88999938964844,53.02000045776367,52.86000061035156,52.904998779296875,3866003
2026-04-30 09:30:00-04:00,53.255001068115234,53.314998626708984,52.25,52.25,4362883
2026-04-30 10:30:00-04:00,53.42499923706055,53.4900016784668,53.255001068115234,53.2599983215332,2707663
2026-04-30 11:30:00-04:00,53.505001068115234,53.5099983215332,53.36000061035156,53.42499923706055,1596272
2026-04-30 12:30:00-04:00,53.40999984741211,53.52000045776367,53.34000015258789,53.5099983215332,1485125
2026-04-30 13:30:00-04:00,53.53499984741211,53.540000915527344,53.37049865722656,53.435001373291016,1608324
2026-04-30 14:30:00-04:00,53.64500045776367,53.64500045776367,53.480098724365234,53.53499984741211,2041166
2026-04-30 15:30:00-04:00,53.47999954223633,53.656700134277344,53.459999084472656,53.650001525878906,4488281
2026-05-01 09:30:00-04:00,53.904998779296875,54.060001373291016,53.279998779296875,53.689998626708984,4615927
2026-05-01 10:30:00-04:00,53.775001525878906,54.02000045776367,53.70500183105469,53.904998779296875,2555011
2026-05-01 11:30:00-04:00,53.189998626708984,53.810001373291016,53.185001373291016,53.775001525878906,2373573
2026-05-01 12:30:00-04:00,53.42499923706055,53.43000030517578,53.09000015258789,53.185001373291016,2266059
2026-05-01 13:30:00-04:00,53.361000061035156,53.625,53.22075271606445,53.42499923706055,2287834
2026-05-01 14:30:00-04:00,53.44499969482422,53.459999084472656,53.220001220703125,53.3650016784668,2395245
2026-05-01 15:30:00-04:00,53.224998474121094,53.4900016784668,53.220001220703125,53.439998626708984,3425169
2026-05-04 09:30:00-04:00,52.665000915527344,53.06999969482422,52.38999938964844,53.06999969482422,6880478
2026-05-04 10:30:00-04:00,52.099998474121094,52.70000076293945,52.06999969482422,52.665000915527344,3766331
2026-05-04 11:30:00-04:00,52.244998931884766,52.40999984741211,52.04999923706055,52.095001220703125,3191430
2026-05-04 12:30:00-04:00,52.32500076293945,52.34000015258789,52.0,52.244998931884766,3596313
2026-05-04 13:30:00-04:00,52.32500076293945,52.474998474121094,52.2400016784668,52.32500076293945,1951290
2026-05-04 14:30:00-04:00,52.23500061035156,52.400001525878906,52.170101165771484,52.32500076293945,2977893
2026-05-04 15:30:00-04:00,52.244998931884766,52.29499816894531,52.15999984741211,52.23500061035156,5357977
2026-05-05 09:30:00-04:00,53.005001068115234,53.04999923706055,52.279998779296875,52.56999969482422,4933479
2026-05-05 10:30:00-04:00,53.20500183105469,53.279998779296875,52.84000015258789,53.005001068115234,2318342
2026-05-05 11:30:00-04:00,53.19499969482422,53.275001525878906,53.10499954223633,53.20000076293945,1734155
2026-05-05 12:30:00-04:00,53.224998474121094,53.25,53.09000015258789,53.19499969482422,1319929
2026-05-05 13:30:00-04:00,53.25,53.29999923706055,53.125,53.224998474121094,1505552
2026-05-05 14:30:00-04:00,53.26499938964844,53.35499954223633,53.209999084472656,53.2401008605957,1929573
2026-05-05 15:30:00-04:00,53.13999938964844,53.29499816894531,53.11009979248047,53.26499938964844,3394180
2026-05-06 09:30:00-04:00,53.685001373291016,54.20000076293945,53.61000061035156,53.81999969482422,5489905
2026-05-06 10:30:00-04:00,53.744998931884766,53.95000076293945,53.61000061035156,53.689998626708984,2222195
2026-05-06 11:30:00-04:00,53.744998931884766,53.85499954223633,53.70000076293945,53.744998931884766,1575957
2026-05-06 12:30:00-04:00,53.630001068115234,53.79999923706055,53.57500076293945,53.744998931884766,1446437
2026-05-06 13:30:00-04:00,53.564998626708984,53.65589904785156,53.470001220703125,53.625,1489565
2026-05-06 14:30:00-04:00,53.654998779296875,53.75,53.5099983215332,53.564998626708984,1847440
2026-05-06 15:30:00-04:00,53.564998626708984,53.749900817871094,53.560001373291016,53.654998779296875,2954070
2026-05-07 09:30:00-04:00,53.08000183105469,54.0,53.04499816894531,53.54999923706055,4908073
2026-05-07 10:30:00-04:00,53.400001525878906,53.47999954223633,53.07500076293945,53.08000183105469,2249484
2026-05-07 11:30:00-04:00,53.41632843017578,53.47999954223633,53.310001373291016,53.39500045776367,2516038
2026-05-07 12:30:00-04:00,52.82500076293945,53.48500061035156,52.81999969482422,53.41999816894531,3077548
2026-05-07 13:30:00-04:00,52.72999954223633,52.95000076293945,52.70000076293945,52.82500076293945,1997278
2026-05-07 14:30:00-04:00,52.720001220703125,52.73500061035156,52.500099182128906,52.72999954223633,2926393
2026-05-07 15:30:00-04:00,52.75,52.790000915527344,52.54999923706055,52.72999954223633,3528051
2026-05-08 09:30:00-04:00,52.34000015258789,53.0099983215332,52.29999923706055,52.97999954223633,5042052
2026-05-08 10:30:00-04:00,51.69499969482422,52.369998931884766,51.685001373291016,52.334999084472656,4273428
2026-05-08 11:30:00-04:00,51.63079833984375,51.849998474121094,51.58000183105469,51.69499969482422,3856727
2026-05-08 12:30:00-04:00,51.44499969482422,51.65999984741211,51.29010009765625,51.59000015258789,3372954
2026-05-08 13:30:00-04:00,51.3849983215332,51.459999084472656,51.154998779296875,51.44499969482422,4251071
2026-05-08 14:30:00-04:00,51.32500076293945,51.5,51.095001220703125,51.380001068115234,3643860
2026-05-08 15:30:00-04:00,51.290000915527344,51.38999938964844,51.14500045776367,51.31999969482422,4784094
2026-05-11 09:30:00-04:00,51.19499969482422,51.38999938964844,50.310001373291016,51.209999084472656,7558472
2026-05-11 10:30:00-04:00,50.57500076293945,51.20000076293945,50.560001373291016,51.189998626708984,2956429
2026-05-11 11:30:00-04:00,50.41999816894531,50.65999984741211,50.27000045776367,50.57500076293945,3507893
2026-05-11 12:30:00-04:00,50.775001525878906,50.790000915527344,50.404998779296875,50.41999816894531,2569597
2026-05-11 13:30:00-04:00,50.685001373291016,50.82500076293945,50.66999816894531,50.775001525878906,2177521
2026-05-11 14:30:00-04:00,50.68000030517578,50.790000915527344,50.54499816894531,50.689998626708984,2708795
2026-05-11 15:30:00-04:00,50.540000915527344,50.685001373291016,50.46500015258789,50.68000030517578,4445846
2026-05-12 09:30:00-04:00,50.1349983215332,50.86000061035156,49.84000015258789,50.86000061035156,7006874
2026-05-12 10:30:00-04:00,50.2599983215332,50.29999923706055,50.02000045776367,50.13999938964844,3006454
2026-05-12 11:30:00-04:00,50.57500076293945,50.64500045776367,50.2400016784668,50.255001068115234,2747844
2026-05-12 12:30:00-04:00,50.994998931884766,51.08000183105469,50.560001373291016,50.58000183105469,3508581
2026-05-12 13:30:00-04:00,50.994998931884766,51.04999923706055,50.88999938964844,50.9900016784668,2636552
2026-05-12 14:30:00-04:00,50.94499969482422,51.05500030517578,50.880001068115234,50.9900016784668,3037115
2026-05-12 15:30:00-04:00,50.79999923706055,50.959999084472656,50.77000045776367,50.94990158081055,4380216
2026-05-13 09:30:00-04:00,50.619998931884766,50.74020004272461,50.10499954223633,50.36000061035156,5644097
2026-05-13 10:30:00-04:00,50.584999084472656,50.779998779296875,50.474998474121094,50.62009811401367,3408119
2026-05-13 11:30:00-04:00,50.40999984741211,50.60499954223633,50.349998474121094,50.584999084472656,1549619
2026-05-13 12:30:00-04:00,50.404998779296875,50.494998931884766,50.290000915527344,50.415000915527344,1824787
2026-05-13 13:30:00-04:00,50.07500076293945,50.4900016784668,50.060001373291016,50.404998779296875,2725609
2026-05-13 14:30:00-04:00,50.095001220703125,50.130001068115234,49.93000030517578,50.07500076293945,2889782
2026-05-13 15:30:00-04:00,49.84000015258789,50.099998474121094,49.79999923706055,50.099998474121094,4697365
2026-05-14 09:30:00-04:00,50.16999816894531,50.3650016784668,49.92499923706055,50.060001373291016,5862028
2026-05-14 10:30:00-04:00,50.42499923706055,50.43600082397461,50.095001220703125,50.17499923706055,2558260
2026-05-14 11:30:00-04:00,50.060001373291016,50.470001220703125,50.060001373291016,50.41999816894531,4253933
2026-05-14 12:30:00-04:00,49.970001220703125,50.150001525878906,49.4900016784668,50.06100082397461,7279770
2026-05-14 13:30:00-04:00,50.05009841918945,50.165000915527344,49.880001068115234,49.970001220703125,2729444
2026-05-14 14:30:00-04:00,49.994998931884766,50.13999938964844,49.98500061035156,50.060001373291016,2943928
2026-05-14 15:30:00-04:00,49.849998474121094,50.060001373291016,49.849998474121094,49.994998931884766,4252499
2026-05-15 09:30:00-04:00,49.83000183105469,49.9900016784668,49.47999954223633,49.619998931884766,8432711
2026-05-15 10:30:00-04:00,49.540000915527344,49.96500015258789,49.52000045776367,49.83000183105469,3994152
2026-05-15 11:30:00-04:00,49.529998779296875,49.619998931884766,49.349998474121094,49.54499816894531,2728845
2026-05-15 12:30:00-04:00,49.584999084472656,49.66999816894531,49.494998931884766,49.525001525878906,2160103
2026-05-15 13:30:00-04:00,49.415000915527344,49.595001220703125,49.349998474121094,49.584999084472656,2611054
2026-05-15 14:30:00-04:00,49.560001373291016,49.59000015258789,49.29999923706055,49.415000915527344,3828115
2026-05-15 15:30:00-04:00,49.76499938964844,49.779998779296875,49.5099983215332,49.560001373291016,7068055
2026-05-18 09:30:00-04:00,50.57500076293945,50.67499923706055,49.720001220703125,49.720001220703125,5896035
2026-05-18 10:30:00-04:00,50.46500015258789,50.7599983215332,50.36000061035156,50.58000183105469,3853576
2026-05-18 11:30:00-04:00,50.55500030517578,50.599998474121094,50.41999816894531,50.459999084472656,2803347
2026-05-18 12:30:00-04:00,50.814998626708984,50.84000015258789,50.46500015258789,50.55500030517578,2268113
2026-05-18 13:30:00-04:00,50.55500030517578,50.81999969482422,50.4900016784668,50.814998626708984,2459760
2026-05-18 14:30:00-04:00,50.72999954223633,50.91999816894531,50.54999923706055,50.560001373291016,2904021
2026-05-18 15:30:00-04:00,50.71500015258789,50.86000061035156,50.60499954223633,50.7400016784668,4081078
2026-05-19 09:30:00-04:00,51.165000915527344,51.275001525878906,50.375,50.709999084472656,11314885
2026-05-19 10:30:00-04:00,50.86000061035156,51.19499969482422,50.755001068115234,51.16999816894531,5357865
2026-05-19 11:30:00-04:00,51.07500076293945,51.099998474121094,50.779998779296875,50.86000061035156,2670151
2026-05-19 12:30:00-04:00,51.14500045776367,51.189998626708984,50.9900016784668,51.08000183105469,2513091
2026-05-19 13:30:00-04:00,51.084999084472656,51.20000076293945,50.9900016784668,51.14500045776367,2349639
2026-05-19 14:30:00-04:00,50.78499984741211,51.09000015258789,50.77000045776367,51.084999084472656,2731981
2026-05-19 15:30:00-04:00,50.724998474121094,50.78499984741211,50.58000183105469,50.78499984741211,4510173
2026-05-20 09:30:00-04:00,51.26499938964844,51.290000915527344,50.4900016784668,50.709999084472656,8642086
2026-05-20 10:30:00-04:00,51.290000915527344,51.57500076293945,51.244998931884766,51.27000045776367,7853482
2026-05-20 11:30:00-04:00,51.26499938964844,51.46500015258789,51.2400016784668,51.290000915527344,2775564
2026-05-20 12:30:00-04:00,51.224998474121094,51.34000015258789,51.11000061035156,51.26499938964844,2418163
2026-05-20 13:30:00-04:00,51.14500045776367,51.29499816894531,51.130001068115234,51.22999954223633,1954949
2026-05-20 14:30:00-04:00,51.29499816894531,51.29999923706055,51.1150016784668,51.150001525878906,2684980
2026-05-20 15:30:00-04:00,51.14500045776367,51.40999984741211,51.13999938964844,51.29499816894531,10436782
2026-05-21 09:30:00-04:00,51.15999984741211,51.25,50.755001068115234,51.0,5123321
2026-05-21 10:30:00-04:00,50.96500015258789,51.220001220703125,50.90999984741211,51.165000915527344,2281615
2026-05-21 11:30:00-04:00,50.814998626708984,51.0,50.814998626708984,50.96500015258789,1665838
2026-05-21 12:30:00-04:00,51.099998474121094,51.11000061035156,50.7599983215332,50.814998626708984,2592322
2026-05-21 13:30:00-04:00,51.435001373291016,51.45500183105469,51.095001220703125,51.10499954223633,2196139
2026-05-21 14:30:00-04:00,51.244998931884766,51.439998626708984,51.165000915527344,51.439998626708984,2520309
2026-05-21 15:30:00-04:00,51.470001220703125,51.5,51.2400016784668,51.244998931884766,3024602
2026-05-22 09:30:00-04:00,51.834999084472656,52.130001068115234,51.64500045776367,51.689998626708984,4240170
2026-05-22 10:30:00-04:00,52.0099983215332,52.150001525878906,51.68000030517578,51.834999084472656,3833632
2026-05-22 11:30:00-04:00,51.93000030517578,52.025001525878906,51.79499816894531,52.0099983215332,2998892
2026-05-22 12:30:00-04:00,52.084999084472656,52.084999084472656,51.86000061035156,51.935001373291016,2288732
2026-05-22 13:30:00-04:00,51.920101165771484,52.09000015258789,51.880001068115234,52.09000015258789,1699440
2026-05-22 14:30:00-04:00,51.82500076293945,51.959999084472656,51.779998779296875,51.92499923706055,1844304
2026-05-22 15:30:00-04:00,51.79999923706055,51.86000061035156,51.67499923706055,51.83000183105469,3305217
2026-05-26 09:30:00-04:00,52.0713005065918,52.5,51.880001068115234,52.220001220703125,5121465
2026-05-26 10:30:00-04:00,52.02000045776367,52.31999969482422,52.0099983215332,52.07500076293945,2785532
2026-05-26 11:30:00-04:00,52.18000030517578,52.27000045776367,52.0099983215332,52.01499938964844,2281778
2026-05-26 12:30:00-04:00,51.97999954223633,52.18000030517578,51.95000076293945,52.170101165771484,1935699
2026-05-26 13:30:00-04:00,52.06999969482422,52.119998931884766,51.89500045776367,51.974998474121094,1669533
2026-05-26 14:30:00-04:00,51.974998474121094,52.119998931884766,51.970001220703125,52.06999969482422,1926002
2026-05-26 15:30:00-04:00,52.22999954223633,52.26499938964844,51.974998474121094,51.97999954223633,3354634
2026-05-27 09:30:00-04:00,52.154998779296875,52.4900016784668,51.3849983215332,52.38999938964844,7498234
2026-05-27 10:30:00-04:00,50.86000061035156,52.255001068115234,50.86000061035156,52.150001525878906,9036992
2026-05-27 11:30:00-04:00,51.08000183105469,51.345001220703125,50.7599983215332,50.869998931884766,5244995
2026-05-27 12:30:00-04:00,51.165000915527344,51.290000915527344,50.869998931884766,51.08000183105469,3631287
2026-05-27 13:30:00-04:00,51.150001525878906,51.400001525878906,51.08000183105469,51.15999984741211,3197261
2026-05-27 14:30:00-04:00,51.18000030517578,51.42499923706055,51.13999938964844,51.150001525878906,2691627
2026-05-27 15:30:00-04:00,51.099998474121094,51.22999954223633,51.01499938964844,51.185001373291016,4715037
2026-05-28 09:30:00-04:00,51.01499938964844,51.5,50.779998779296875,50.923301696777344,7059105
2026-05-28 10:30:00-04:00,51.11000061035156,51.255001068115234,50.86000061035156,51.0099983215332,2298135
2026-05-28 11:30:00-04:00,50.69499969482422,51.119998931884766,50.66999816894531,51.1150016784668,1763764
2026-05-28 12:30:00-04:00,50.81010055541992,50.95000076293945,50.689998626708984,50.69499969482422,1980855
2026-05-28 13:30:00-04:00,50.795501708984375,50.845001220703125,50.720001220703125,50.81999969482422,2393319
2026-05-28 14:30:00-04:00,50.79499816894531,50.79999923706055,50.65999984741211,50.790000915527344,3239519
2026-05-28 15:30:00-04:00,50.83000183105469,50.917701721191406,50.63999938964844,50.79499816894531,6718824
2026-05-29 09:30:00-04:00,51.150001525878906,51.22999954223633,50.60499954223633,50.970001220703125,4622132
2026-05-29 10:30:00-04:00,51.470001220703125,51.51499938964844,51.08000183105469,51.154998779296875,3818883
2026-05-29 11:30:00-04:00,51.25,51.5,51.209999084472656,51.470001220703125,2569146
2026-05-29 12:30:00-04:00,51.30500030517578,51.33000183105469,51.15999984741211,51.25,2028755
2026-05-29 13:30:00-04:00,51.369998931884766,51.44499969482422,51.15999984741211,51.310001373291016,2613338
2026-05-29 14:30:00-04:00,51.51499938964844,51.525001525878906,51.31999969482422,51.369998931884766,4297152
2026-05-29 15:30:00-04:00,51.61000061035156,51.79999923706055,51.459999084472656,51.51499938964844,10614512
2026-06-01 09:30:00-04:00,51.564998626708984,51.82500076293945,50.849998474121094,51.310001373291016,5243015
2026-06-01 10:30:00-04:00,51.404998779296875,51.564998626708984,51.150001525878906,51.560001373291016,2942319
2026-06-01 11:30:00-04:00,51.45500183105469,51.56999969482422,51.375,51.404998779296875,2265190
2026-06-01 12:30:00-04:00,51.65999984741211,51.66999816894531,51.40999984741211,51.459999084472656,1710660
2026-06-01 13:30:00-04:00,51.67499923706055,51.790000915527344,51.630001068115234,51.65999984741211,2281271
2026-06-01 14:30:00-04:00,51.54499816894531,51.7150993347168,51.5099983215332,51.67499923706055,2213192
2026-06-01 15:30:00-04:00,51.51499938964844,51.61000061035156,51.46500015258789,51.540000915527344,3304211
2026-06-02 09:30:00-04:00,51.939998626708984,52.650001525878906,51.2599983215332,51.2599983215332,5821072
2026-06-02 10:30:00-04:00,52.47999954223633,52.584999084472656,51.93000030517578,51.94499969482422,3484150
2026-06-02 11:30:00-04:00,52.3849983215332,52.5099983215332,52.29999923706055,52.48500061035156,2011382
2026-06-02 12:30:00-04:00,52.36000061035156,52.4900016784668,52.34000015258789,52.3849983215332,1621475
2026-06-02 13:30:00-04:00,52.6150016784668,52.6349983215332,52.349998474121094,52.349998474121094,1697134
2026-06-02 14:30:00-04:00,52.630001068115234,52.709999084472656,52.5099983215332,52.6150016784668,2418813
2026-06-02 15:30:00-04:00,52.5,52.650001525878906,52.439998626708984,52.630001068115234,6552222
2026-06-03 09:30:00-04:00,51.3849983215332,52.45000076293945,51.29499816894531,52.255001068115234,6190495
2026-06-03 10:30:00-04:00,51.45000076293945,51.5,51.21500015258789,51.380001068115234,3074969
2026-06-03 11:30:00-04:00,52.1349983215332,52.13999938964844,51.279998779296875,51.44499969482422,3282109
2026-06-03 12:30:00-04:00,52.21500015258789,52.290000915527344,52.1150016784668,52.13990020751953,2159298
2026-06-03 13:30:00-04:00,52.474998474121094,52.52000045776367,52.16999816894531,52.220001220703125,2339182
2026-06-03 14:30:00-04:00,52.415000915527344,52.52000045776367,52.36000061035156,52.47999954223633,3755542
2026-06-03 15:30:00-04:00,52.41999816894531,52.54999923706055,52.244998931884766,52.415000915527344,6429636
2026-06-04 09:30:00-04:00,53.38999938964844,53.744998931884766,52.79999923706055,53.130001068115234,9165060
2026-06-04 10:30:00-04:00,53.935001373291016,53.935001373291016,53.2400016784668,53.38999938964844,4321105
2026-06-04 11:30:00-04:00,54.095001220703125,54.1150016784668,53.935001373291016,53.935001373291016,3754144
2026-06-04 12:30:00-04:00,53.89500045776367,54.33000183105469,53.89500045776367,54.095001220703125,3216982
2026-06-04 13:30:00-04:00,53.834999084472656,53.93000030517578,53.7400016784668,53.89500045776367,2678263
2026-06-04 14:30:00-04:00,54.07500076293945,54.08000183105469,53.83000183105469,53.8380012512207,3667156
2026-06-04 15:30:00-04:00,54.11000061035156,54.119998931884766,53.91999816894531,54.07500076293945,7409615
2026-06-05 09:30:00-04:00,53.89500045776367,54.279998779296875,53.560001373291016,54.16999816894531,7227202
2026-06-05 10:30:00-04:00,53.88999938964844,54.099998474121094,53.880001068115234,53.900001525878906,3006857
2026-06-05 11:30:00-04:00,53.470001220703125,53.900001525878906,53.46189880371094,53.8849983215332,3453397
2026-06-05 12:30:00-04:00,53.625,53.625,53.31999969482422,53.474998474121094,3418554
2026-06-05 13:30:00-04:00,53.77000045776367,53.80500030517578,53.580101013183594,53.625,3715676
2026-06-05 14:30:00-04:00,53.67499923706055,53.89500045776367,53.619998931884766,53.76499938964844,3279744
2026-06-05 15:30:00-04:00,53.83000183105469,53.95000076293945,53.63010025024414,53.67499923706055,4672564
2026-06-08 09:30:00-04:00,54.02000045776367,54.349998474121094,53.58000183105469,53.71500015258789,6400234
2026-06-08 10:30:00-04:00,54.01499938964844,54.2400016784668,53.994998931884766,54.02000045776367,2077645
2026-06-08 11:30:00-04:00,53.95000076293945,54.040000915527344,53.88999938964844,54.02000045776367,4322667
2026-06-08 12:30:00-04:00,53.775001525878906,54.0,53.65999984741211,53.95000076293945,2403375
2026-06-08 13:30:00-04:00,53.834999084472656,53.93000030517578,53.65999984741211,53.775001525878906,3003188
2026-06-08 14:30:00-04:00,53.64500045776367,53.8849983215332,53.6150016784668,53.834999084472656,2244987
2026-06-08 15:30:00-04:00,53.60499954223633,53.724998474121094,53.56999969482422,53.650001525878906,3363187
2026-06-09 09:30:00-04:00,54.349998474121094,54.6150016784668,53.83000183105469,54.0,6627644
2026-06-09 10:30:00-04:00,53.68000030517578,54.439998626708984,53.65999984741211,54.345001220703125,5039697
2026-06-09 11:30:00-04:00,54.025001525878906,54.07500076293945,53.650001525878906,53.689998626708984,3220948
2026-06-09 12:30:00-04:00,54.1349983215332,54.13999938964844,53.67499923706055,54.02000045776367,3198321
2026-06-09 13:30:00-04:00,54.17499923706055,54.439998626708984,54.099998474121094,54.1349983215332,2572613
2026-06-09 14:30:00-04:00,54.2400016784668,54.38999938964844,54.150001525878906,54.17499923706055,2508914
2026-06-09 15:30:00-04:00,54.39500045776367,54.415000915527344,54.099998474121094,54.2400016784668,2553672
2026-06-10 09:30:00-04:00,54.77000045776367,55.060001373291016,54.220001220703125,54.540000915527344,7712238
2026-06-10 10:30:00-04:00,54.810001373291016,54.880001068115234,54.619998931884766,54.77000045776367,3622077
2026-06-10 11:30:00-04:00,55.01499938964844,55.01499938964844,54.650001525878906,54.79999923706055,3041230
2026-06-10 12:30:00-04:00,54.98500061035156,55.29999923706055,54.959999084472656,55.01499938964844,3160405
2026-06-10 13:30:00-04:00,54.834999084472656,54.994998931884766,54.66999816894531,54.98500061035156,4072969
2026-06-10 14:30:00-04:00,54.71799850463867,54.880001068115234,54.68000030517578,54.84000015258789,3833408
2026-06-10 15:30:00-04:00,54.53499984741211,54.83000183105469,54.52000045776367,54.71099853515625,4475240
2026-06-11 09:30:00-04:00,54.435001373291016,54.85609817504883,54.064998626708984,54.71500015258789,4783652
2026-06-11 10:30:00-04:00,54.744998931884766,54.83000183105469,54.400482177734375,54.439998626708984,5154269
2026-06-11 11:30:00-04:00,54.58000183105469,54.83000183105469,54.56999969482422,54.75,1840027
2026-06-11 12:30:00-04:00,55.005001068115234,55.040000915527344,54.47740173339844,54.57500076293945,2710263
2026-06-11 13:30:00-04:00,55.099998474121094,55.275001525878906,54.875,55.03499984741211,2679772
2026-06-11 14:30:00-04:00,55.189998626708984,55.279998779296875,55.074195861816406,55.099998474121094,2362632
2026-06-11 15:30:00-04:00,55.1349983215332,55.30500030517578,55.02000045776367,55.189998626708984,4260796
2026-06-12 09:30:00-04:00,55.810001373291016,55.91999816894531,55.2599983215332,55.36000061035156,8915677
2026-06-12 10:30:00-04:00,56.09000015258789,56.189998626708984,55.755001068115234,55.79999923706055,4978624
2026-06-12 11:30:00-04:00,55.65999984741211,56.119998931884766,55.599998474121094,56.09000015258789,2637064
2026-06-12 12:30:00-04:00,55.685001373291016,55.76499938964844,55.599998474121094,55.665000915527344,1817983
2026-06-12 13:30:00-04:00,55.82500076293945,55.83000183105469,55.6349983215332,55.685001373291016,2208453
2026-06-12 14:30:00-04:00,55.970001220703125,55.97999954223633,55.810001373291016,55.82500076293945,2031465
2026-06-12 15:30:00-04:00,55.994998931884766,56.0099983215332,55.83000183105469,55.974998474121094,2952599
2026-06-15 09:30:00-04:00,56.244998931884766,57.0,56.029998779296875,56.61880111694336,7032117
2026-06-15 10:30:00-04:00,56.1150016784668,56.244998931884766,56.060001373291016,56.244998931884766,2084532
2026-06-15 11:30:00-04:00,56.26499938964844,56.45989990234375,56.11000061035156,56.1150016784668,3063779
2026-06-15 12:30:00-04:00,56.25,56.275001525878906,56.099998474121094,56.27000045776367,1773740
2026-06-15 13:30:00-04:00,55.994998931884766,56.25,55.97999954223633,56.25,2001054
2026-06-15 14:30:00-04:00,56.005001068115234,56.09000015258789,55.970001220703125,55.994998931884766,1876515
2026-06-15 15:30:00-04:00,55.90999984741211,56.029998779296875,55.7400016784668,56.0,3305446
2026-06-16 09:30:00-04:00,56.560001373291016,56.7400016784668,56.22999954223633,56.5,5129881
2026-06-16 10:30:00-04:00,56.755001068115234,56.85499954223633,56.53499984741211,56.560001373291016,4416599
2026-06-16 11:30:00-04:00,56.95500183105469,57.05500030517578,56.75,56.755001068115234,3663449
2026-06-16 12:30:00-04:00,56.900001525878906,57.06999969482422,56.875,56.959999084472656,2539647
2026-06-16 13:30:00-04:00,56.779998779296875,56.939998626708984,56.72999954223633,56.900001525878906,1993773
2026-06-16 14:30:00-04:00,56.654998779296875,56.78499984741211,56.58000183105469,56.78499984741211,3499628
2026-06-16 15:30:00-04:00,56.849998474121094,56.900001525878906,56.625,56.650001525878906,3978554
2026-06-17 09:30:00-04:00,57.70000076293945,57.97999954223633,56.994998931884766,57.13999938964844,6984794
2026-06-17 10:30:00-04:00,57.66999816894531,57.71500015258789,57.40999984741211,57.70500183105469,4373886
2026-06-17 11:30:00-04:00,57.415000915527344,57.720001220703125,57.40999984741211,57.66999816894531,2429662
2026-06-17 12:30:00-04:00,57.42499923706055,57.459999084472656,57.2400016784668,57.40999984741211,2748386
2026-06-17 13:30:00-04:00,57.130001068115234,57.42499923706055,57.03499984741211,57.41999816894531,3795121
2026-06-17 14:30:00-04:00,56.43000030517578,57.220001220703125,56.380001068115234,57.13819885253906,5550124
2026-06-17 15:30:00-04:00,56.52000045776367,56.654998779296875,56.29499816894531,56.42499923706055,5947408
2026-06-18 09:30:00-04:00,56.974998474121094,57.33000183105469,56.70500183105469,57.22999954223633,11981506
2026-06-18 10:30:00-04:00,56.650001525878906,56.97999954223633,56.54999923706055,56.97999954223633,3251225
2026-06-18 11:30:00-04:00,56.334999084472656,56.689998626708984,56.31999969482422,56.650001525878906,2533303
2026-06-18 12:30:00-04:00,56.37779998779297,56.5,56.150001525878906,56.334999084472656,3698151
2026-06-18 13:30:00-04:00,56.244998931884766,56.39099884033203,56.16999816894531,56.380001068115234,1998491
2026-06-18 14:30:00-04:00,56.154998779296875,56.36000061035156,56.130001068115234,56.2400016784668,2674009
2026-06-18 15:30:00-04:00,56.15999984741211,56.38999938964844,56.029998779296875,56.15999984741211,5614034
2026-06-22 09:30:00-04:00,57.45000076293945,57.584999084472656,56.810001373291016,56.849998474121094,8836349
2026-06-22 10:30:00-04:00,57.55500030517578,57.58000183105469,57.310001373291016,57.45000076293945,3797181
2026-06-22 11:30:00-04:00,57.525001525878906,57.724998474121094,57.38999938964844,57.560001373291016,3765951
2026-06-22 12:30:00-04:00,57.435001373291016,57.630001068115234,57.380001068115234,57.52000045776367,2468601
2026-06-22 13:30:00-04:00,57.3849983215332,57.439998626708984,57.220001220703125,57.439998626708984,3017283
2026-06-22 14:30:00-04:00,57.29499816894531,57.415000915527344,57.27000045776367,57.38999938964844,2676051
2026-06-22 15:30:00-04:00,57.369998931884766,57.38999938964844,57.22999954223633,57.29499816894531,3958581
2026-06-23 09:30:00-04:00,57.57500076293945,57.77000045776367,57.20000076293945,57.52000045776367,7402740
2026-06-23 10:30:00-04:00,57.80500030517578,57.880001068115234,57.525001525878906,57.56999969482422,2730095
2026-06-23 11:30:00-04:00,57.89500045776367,57.93000030517578,57.689998626708984,57.80500030517578,2412566
2026-06-23 12:30:00-04:00,57.685001373291016,57.900001525878906,57.665000915527344,57.88999938964844,1786712
2026-06-23 13:30:00-04:00,57.78499984741211,57.904998779296875,57.6842155456543,57.6842155456543,1858015
2026-06-23 14:30:00-04:00,57.904998779296875,57.91999816894531,57.775001525878906,57.78770446777344,2204928
2026-06-23 15:30:00-04:00,57.91999816894531,58.0099983215332,57.75,57.904998779296875,4673163
2026-06-24 09:30:00-04:00,57.51499938964844,58.33000183105469,57.40999984741211,58.209999084472656,5941844
2026-06-24 10:30:00-04:00,57.810001373291016,57.834999084472656,57.43009948730469,57.52000045776367,2907120
2026-06-24 11:30:00-04:00,57.525001525878906,57.81999969482422,57.3849983215332,57.810001373291016,1872359
2026-06-24 12:30:00-04:00,57.505001068115234,57.6150016784668,57.47999954223633,57.525001525878906,1858514
2026-06-24 13:30:00-04:00,57.720001220703125,57.775001525878906,57.474998474121094,57.5,2463472
2026-06-24 14:30:00-04:00,57.78499984741211,57.83000183105469,57.70000076293945,57.720001220703125,2704961
2026-06-24 15:30:00-04:00,57.7599983215332,57.84000015258789,57.654998779296875,57.78499984741211,4022314
2026-06-25 09:30:00-04:00,58.92499923706055,59.01499938964844,57.849998474121094,57.849998474121094,7298531
2026-06-25 10:30:00-04:00,58.77000045776367,59.19499969482422,58.66999816894531,58.93000030517578,7621304
2026-06-25 11:30:00-04:00,58.38999938964844,58.779998779296875,58.38999938964844,58.775001525878906,2350227
2026-06-25 12:30:00-04:00,58.04499816894531,58.404998779296875,57.974998474121094,58.39500045776367,1703169
2026-06-25 13:30:00-04:00,58.22999954223633,58.279998779296875,57.93000030517578,58.040000915527344,2091475
2026-06-25 14:30:00-04:00,58.150001525878906,58.2400016784668,58.04999923706055,58.22999954223633,1969620
2026-06-25 15:30:00-04:00,58.20000076293945,58.20000076293945,58.01900100708008,58.15999984741211,3873302
2026-06-26 09:30:00-04:00,57.89500045776367,58.62990188598633,57.439998626708984,58.540000915527344,6882092
2026-06-26 10:30:00-04:00,58.025001525878906,58.06999969482422,57.59000015258789,57.89500045776367,3077302
2026-06-26 11:30:00-04:00,57.96009826660156,58.27000045776367,57.89500045776367,58.029998779296875,2932526
2026-06-26 12:30:00-04:00,58.095001220703125,58.20000076293945,57.92499923706055,57.96500015258789,2569012
2026-06-26 13:30:00-04:00,57.83000183105469,58.18000030517578,57.80500030517578,58.095001220703125,2072180
2026-06-26 14:30:00-04:00,57.935001373291016,58.0099983215332,57.66999816894531,57.83000183105469,2990442
2026-06-26 15:30:00-04:00,57.79999923706055,57.974998474121094,57.630001068115234,57.939998626708984,4621597
2026-06-29 09:30:00-04:00,58.209800720214844,58.31999969482422,57.61000061035156,57.7599983215332,6134576
2026-06-29 10:30:00-04:00,58.13410186767578,58.334999084472656,58.04999923706055,58.209999084472656,3085944
2026-06-29 11:30:00-04:00,58.185001373291016,58.2400016784668,58.04499816894531,58.130001068115234,1693497
2026-06-29 12:30:00-04:00,58.10499954223633,58.2599983215332,58.084999084472656,58.185001373291016,1856344
2026-06-29 13:30:00-04:00,58.15999984741211,58.20000076293945,58.040000915527344,58.099998474121094,2321523
2026-06-29 14:30:00-04:00,58.04499816894531,58.2400016784668,57.98500061035156,58.15999984741211,2599406
2026-06-29 15:30:00-04:00,57.869998931884766,58.06999969482422,57.869998931884766,58.04999923706055,4135138
2026-06-30 09:30:00-04:00,57.18000030517578,57.75,56.869998931884766,57.470001220703125,7230192
2026-06-30 10:30:00-04:00,57.23500061035156,57.415000915527344,57.14500045776367,57.18000030517578,2538692
2026-06-30 11:30:00-04:00,57.269901275634766,57.35499954223633,56.88999938964844,57.2400016784668,2286713
2026-06-30 12:30:00-04:00,57.189998626708984,57.33000183105469,57.14500045776367,57.26499938964844,1217556
2026-06-30 13:30:00-04:00,56.974998474121094,57.27000045776367,56.95500183105469,57.185001373291016,1804462
2026-06-30 14:30:00-04:00,56.974998474121094,57.20000076293945,56.959999084472656,56.974998474121094,2449238
2026-06-30 15:30:00-04:00,56.970001220703125,57.08000183105469,56.84000015258789,56.974998474121094,5756012
2026-07-01 09:30:00-04:00,57.81999969482422,57.8849983215332,56.845001220703125,57.130001068115234,5814747
2026-07-01 10:30:00-04:00,58.095001220703125,58.10499954223633,57.71500015258789,57.81999969482422,3706535
2026-07-01 11:30:00-04:00,58.435001373291016,58.459999084472656,58.03499984741211,58.09000015258789,3225101
2026-07-01 12:30:00-04:00,58.19499969482422,58.47999954223633,58.09000015258789,58.435001373291016,2376380
2026-07-01 13:30:00-04:00,58.380001068115234,58.45500183105469,58.165000915527344,58.189998626708984,3092920
2026-07-01 14:30:00-04:00,58.34000015258789,58.404998779296875,58.26499938964844,58.380001068115234,2987699
2026-07-01 15:30:00-04:00,58.3849983215332,58.439998626708984,58.32500076293945,58.334999084472656,5454043
2026-07-02 09:30:00-04:00,58.39500045776367,59.0,57.939998626708984,58.935001373291016,4930269
2026-07-02 10:30:00-04:00,58.6150016784668,58.689998626708984,58.314998626708984,58.39500045776367,4589294
2026-07-02 11:30:00-04:00,58.77000045776367,58.83000183105469,58.470001220703125,58.6150016784668,2886670
2026-07-02 12:30:00-04:00,58.459999084472656,58.875,58.41999816894531,58.77000045776367,3287243
2026-07-02 13:30:00-04:00,58.40999984741211,58.525001525878906,58.310001373291016,58.45500183105469,2511396
2026-07-02 14:30:00-04:00,58.54499816894531,58.625,58.40999984741211,58.40999984741211,2655371
2026-07-02 15:30:00-04:00,58.689998626708984,58.720001220703125,58.5099983215332,58.54499816894531,3463498
2026-07-06 09:30:00-04:00,59.505001068115234,59.91999816894531,58.91999816894531,59.13999938964844,7375981
2026-07-06 10:30:00-04:00,59.45000076293945,59.54499816894531,59.290000915527344,59.505001068115234,2786374
2026-07-06 11:30:00-04:00,59.51499938964844,59.57500076293945,59.42499923706055,59.44499969482422,2103599
2026-07-06 12:30:00-04:00,59.70930099487305,59.72999954223633,59.5,59.5099983215332,2058254
2026-07-06 13:30:00-04:00,59.76499938964844,59.845001220703125,59.654998779296875,59.709999084472656,2002089
2026-07-06 14:30:00-04:00,59.8849983215332,59.8849983215332,59.67150115966797,59.7599983215332,2805949
2026-07-06 15:30:00-04:00,59.900001525878906,59.939998626708984,59.70100021362305,59.8849983215332,6023399
2026-07-07 09:30:00-04:00,60.494998931884766,60.82500076293945,60.150001525878906,60.28499984741211,7727928
2026-07-07 10:30:00-04:00,60.19499969482422,60.51499938964844,60.049400329589844,60.5,3052441
2026-07-07 11:30:00-04:00,60.084999084472656,60.275001525878906,59.994998931884766,60.20000076293945,2436184
2026-07-07 12:30:00-04:00,60.17499923706055,60.19499969482422,59.970001220703125,60.079898834228516,1481465
2026-07-07 13:30:00-04:00,60.064998626708984,60.209999084472656,59.93000030517578,60.16999816894531,1625684
2026-07-07 14:30:00-04:00,60.0,60.1150016784668,59.980098724365234,60.064998626708984,2529611
2026-07-07 15:30:00-04:00,59.849998474121094,60.040000915527344,59.790000915527344,60.0,4616463
2026-07-08 09:30:00-04:00,58.93000030517578,59.564998626708984,58.880001068115234,59.369998931884766,5147697
2026-07-08 10:30:00-04:00,58.525001525878906,58.91999816894531,58.345001220703125,58.91999816894531,4312188
2026-07-08 11:30:00-04:00,58.630001068115234,58.70000076293945,58.470001220703125,58.52000045776367,2367527
2026-07-08 12:30:00-04:00,58.60499954223633,58.70000076293945,58.525001525878906,58.630001068115234,2190044
2026-07-08 13:30:00-04:00,58.46500015258789,58.64500045776367,58.439998626708984,58.60499954223633,1746798
2026-07-08 14:30:00-04:00,58.45500183105469,58.60499954223633,58.41999816894531,58.46500015258789,2351187
2026-07-08 15:30:00-04:00,58.310001373291016,58.5099983215332,58.310001373291016,58.45500183105469,3711671
2026-07-09 09:30:00-04:00,59.06999969482422,59.125,58.40999984741211,58.45000076293945,3411896
2026-07-09 10:30:00-04:00,59.1150016784668,59.349998474121094,59.064998626708984,59.07500076293945,2033684
2026-07-09 11:30:00-04:00,59.36000061035156,59.40769958496094,59.062381744384766,59.11000061035156,1833425
2026-07-09 12:30:00-04:00,59.39500045776367,59.42499923706055,59.279998779296875,59.3650016784668,1824767
2026-07-09 13:30:00-04:00,59.35499954223633,59.43000030517578,59.244998931884766,59.39500045776367,1571500
2026-07-09 14:30:00-04:00,59.14500045776367,59.375,59.130001068115234,59.35499954223633,1718572
2026-07-09 15:30:00-04:00,59.23500061035156,59.2599983215332,59.11000061035156,59.14500045776367,3411943
2026-07-10 09:30:00-04:00,59.71500015258789,59.810001373291016,59.40999984741211,59.63999938964844,2731521
2026-07-10 10:30:00-04:00,59.724998474121094,59.84000015258789,59.38999938964844,59.71500015258789,2580173
2026-07-10 11:30:00-04:00,59.685001373291016,59.779998779296875,59.619998931884766,59.724998474121094,2465530
2026-07-10 12:30:00-04:00,59.779998779296875,59.779998779296875,59.622501373291016,59.685001373291016,1947631
2026-07-10 13:30:00-04:00,59.834999084472656,59.849998474121094,59.7599983215332,59.775001525878906,1482788
2026-07-10 14:30:00-04:00,59.7400016784668,59.869998931884766,59.709999084472656,59.834999084472656,1713950
2026-07-10 15:30:00-04:00,59.650001525878906,59.78499984741211,59.56999969482422,59.7400016784668,3649174
2026-07-13 09:30:00-04:00,59.21500015258789,60.04999923706055,58.93000030517578,59.70000076293945,5103827
2026-07-13 10:30:00-04:00,59.07500076293945,59.21500015258789,58.845001220703125,59.21500015258789,2942914
2026-07-13 11:30:00-04:00,59.16999816894531,59.290000915527344,59.05500030517578,59.08000183105469,3580740
2026-07-13 12:30:00-04:00,59.30500030517578,59.369998931884766,59.02000045776367,59.150001525878906,1970886
2026-07-13 13:30:00-04:00,59.314998626708984,59.435001373291016,59.25,59.30500030517578,1927694
2026-07-13 14:30:00-04:00,59.3849983215332,59.470001220703125,59.279998779296875,59.310001373291016,2620427
2026-07-13 15:30:00-04:00,59.540000915527344,59.540000915527344,59.29499816894531,59.38999938964844,3981448
2026-07-14 09:30:00-04:00,60.724998474121094,60.919898986816406,58.66999816894531,59.0,12540780
2026-07-14 10:30:00-04:00,61.029998779296875,61.209999084472656,60.63999938964844,60.72999954223633,6559307
2026-07-14 11:30:00-04:00,60.54499816894531,61.040000915527344,60.40999984741211,61.025001525878906,4387462
2026-07-14 12:30:00-04:00,60.450801849365234,60.75,60.45000076293945,60.54499816894531,2590351
2026-07-14 13:30:00-04:00,60.314998626708984,60.48500061035156,59.95000076293945,60.459999084472656,4182288
2026-07-14 14:30:00-04:00,60.595001220703125,60.689998626708984,60.290000915527344,60.310001373291016,4247601
2026-07-14 15:30:00-04:00,60.630001068115234,60.900001525878906,60.54999923706055,60.595001220703125,6603644
2026-07-15 09:30:00-04:00,61.689998626708984,62.029998779296875,61.11000061035156,61.31999969482422,11185382
2026-07-15 10:30:00-04:00,61.58000183105469,61.93000030517578,61.54499816894531,61.689998626708984,5182744
2026-07-15 11:30:00-04:00,61.470001220703125,61.834999084472656,61.369998931884766,61.57500076293945,4397585
2026-07-15 12:30:00-04:00,61.415000915527344,61.630001068115234,61.27000045776367,61.459999084472656,3489898
2026-07-15 13:30:00-04:00,61.23500061035156,61.589900970458984,61.19499969482422,61.415000915527344,2771662
2026-07-15 14:30:00-04:00,61.361114501953125,61.404998779296875,61.19990158081055,61.23500061035156,3144178
2026-07-15 15:30:00-04:00,61.625,61.650001525878906,61.334999084472656,61.3650016784668,5166054
2026-07-16 09:30:00-04:00,61.63999938964844,62.0,60.9900016784668,61.97999954223633,6876053
2026-07-16 10:30:00-04:00,61.54499816894531,61.859901428222656,61.540000915527344,61.6349983215332,3194816
2026-07-16 11:30:00-04:00,61.5,61.6150016784668,61.314998626708984,61.540000915527344,3533091
2026-07-16 12:30:00-04:00,61.66999816894531,61.779998779296875,61.4900016784668,61.505001068115234,6480286
2026-07-16 13:30:00-04:00,61.474998474121094,61.724998474121094,61.27000045776367,61.66999816894531,4065126
2026-07-16 14:30:00-04:00,61.564998626708984,61.69499969482422,61.3849983215332,61.474998474121094,2911619
2026-07-16 15:30:00-04:00,61.505001068115234,61.630001068115234,61.400001525878906,61.564998626708984,4164919
2026-07-17 09:30:00-04:00,61.880001068115234,61.935001373291016,60.65999984741211,61.25,8920215
2026-07-17 10:30:00-04:00,61.75,62.1150016784668,61.65999984741211,61.875,3282831
2026-07-17 11:30:00-04:00,61.595001220703125,61.78499984741211,61.53499984741211,61.744998931884766,4354953
2026-07-17 12:30:00-04:00,61.459999084472656,61.595001220703125,61.38999938964844,61.595001220703125,3284399
2026-07-17 13:30:00-04:00,61.13999938964844,61.564998626708984,61.119998931884766,61.46500015258789,2923591
2026-07-17 14:30:00-04:00,60.935001373291016,61.21989822387695,60.915000915527344,61.14500045776367,5808419
2026-07-17 15:30:00-04:00,61.28499984741211,61.310001373291016,60.849998474121094,60.935001373291016,7870959
2026-07-20 09:30:00-04:00,60.70000076293945,61.48540115356445,60.505001068115234,61.349998474121094,7532798
2026-07-20 10:30:00-04:00,60.93000030517578,61.04499816894531,60.63999938964844,60.709999084472656,2661689
2026-07-20 11:30:00-04:00,60.77000045776367,60.970001220703125,60.66999816894531,60.939998626708984,2431300
2026-07-20 12:30:00-04:00,60.665000915527344,60.915000915527344,60.64500045776367,60.775001525878906,2005656
2026-07-20 13:30:00-04:00,60.775001525878906,60.779998779296875,60.54999923706055,60.665000915527344,2279427
2026-07-20 14:30:00-04:00,60.53499984741211,60.790000915527344,60.380001068115234,60.775001525878906,3187506
2026-07-20 15:30:00-04:00,60.439998626708984,60.548099517822266,60.3650016784668,60.540000915527344,4540919
2026-07-21 09:30:00-04:00,60.94499969482422,60.98500061035156,60.064998626708984,60.900001525878906,4968770
2026-07-21 10:30:00-04:00,61.0,61.084999084472656,60.849998474121094,60.95000076293945,4590297
2026-07-21 11:30:00-04:00,61.415000915527344,61.470001220703125,60.93000030517578,61.0,4954925
2026-07-21 12:30:00-04:00,61.43199920654297,61.532501220703125,61.36000061035156,61.415000915527344,2930672
2026-07-21 13:30:00-04:00,61.275001525878906,61.529998779296875,61.20000076293945,61.43000030517578,2327586
2026-07-21 14:30:00-04:00,61.30500030517578,61.349998474121094,61.220001220703125,61.275001525878906,2220726
2026-07-21 15:30:00-04:00,61.21500015258789,61.30500030517578,61.06999969482422,61.29999923706055,3541246
2026-07-22 09:30:00-04:00,61.474998474121094,61.650001525878906,61.150001525878906,61.400001525878906,4959003
2026-07-22 10:30:00-04:00,61.709999084472656,61.71500015258789,61.380001068115234,61.474998474121094,4988133
2026-07-22 11:30:00-04:00,61.79499816894531,61.849998474121094,61.650001525878906,61.71500015258789,3054139
2026-07-22 12:30:00-04:00,61.67499923706055,61.89500045776367,61.65010070800781,61.79499816894531,5272708
2026-07-22 13:30:00-04:00,61.584999084472656,61.85499954223633,61.505001068115234,61.67499923706055,3776355
2026-07-22 14:30:00-04:00,61.59000015258789,61.650001525878906,61.47999954223633,61.584999084472656,2986416
2026-07-22 15:30:00-04:00,61.650001525878906,61.84000015258789,61.58000183105469,61.59000015258789,5720307
2026-07-23 09:30:00-04:00,61.07500076293945,61.5,60.7599983215332,61.349998474121094,5716164
2026-07-23 10:30:00-04:00,60.82500076293945,61.209999084472656,60.70500183105469,61.08000183105469,3288475
2026-07-23 11:30:00-04:00,61.09000015258789,61.15999984741211,60.72999954223633,60.81999969482422,1934242
2026-07-23 12:30:00-04:00,61.20500183105469,61.255001068115234,60.94499969482422,61.09000015258789,2456909
2026-07-23 13:30:00-04:00,61.31999969482422,61.31999969482422,61.04999923706055,61.20500183105469,1762722
2026-07-23 14:30:00-04:00,61.380001068115234,61.439998626708984,61.255001068115234,61.319801330566406,2881396
2026-07-23 15:30:00-04:00,61.29499816894531,61.39500045776367,61.209999084472656,61.375,4087535
2026-07-24 09:30:00-04:00,61.75,61.90999984741211,61.279998779296875,61.529998779296875,5765739
2026-07-24 10:30:00-04:00,62.154998779296875,62.2400016784668,61.71500015258789,61.744998931884766,5489659
2026-07-24 11:30:00-04:00,62.125,62.275001525878906,61.9900016784668,62.15999984741211,2263462
2026-07-24 12:30:00-04:00,61.97999954223633,62.125,61.939998626708984,62.120201110839844,1817400
2026-07-24 13:30:00-04:00,61.92499923706055,62.09000015258789,61.900001525878906,61.97999954223633,1803985
2026-07-24 14:30:00-04:00,61.80039978027344,61.974998474121094,61.755001068115234,61.93000030517578,2114752
2026-07-24 15:30:00-04:00,62.04499816894531,62.06999969482422,61.79999923706055,61.79999923706055,4169627
2026-07-27 09:30:00-04:00,62.470001220703125,62.98500061035156,62.290000915527344,62.51499938964844,8068004
2026-07-27 10:30:00-04:00,62.3849983215332,62.66999816894531,62.310001373291016,62.46500015258789,5262973
2026-07-27 11:30:00-04:00,62.23500061035156,62.47999954223633,62.099998474121094,62.380001068115234,3708711
2026-07-27 12:30:00-04:00,61.994998931884766,62.25,61.84000015258789,62.23500061035156,2293855
2026-07-27 13:30:00-04:00,62.02000045776367,62.13999938964844,61.88999938964844,61.994998931884766,2092670
2026-07-27 14:30:00-04:00,62.13999938964844,62.224998474121094,61.915000915527344,62.025001525878906,2340876
2026-07-27 15:30:00-04:00,62.165000915527344,62.2599983215332,62.05500030517578,62.1349983215332,4372492
2026-07-28 09:30:00-04:00,62.33000183105469,62.5099983215332,61.900001525878906,62.29999923706055,6388776
2026-07-28 10:30:00-04:00,62.404998779296875,62.470001220703125,62.09000015258789,62.33000183105469,2986125
2026-07-28 11:30:00-04:00,62.35499954223633,62.540000915527344,62.27000045776367,62.40999984741211,3357288
2026-07-28 12:30:00-04:00,62.48500061035156,62.55500030517578,62.34000015258789,62.349998474121094,2041418
2026-07-28 13:30:00-04:00,62.42802429199219,62.505001068115234,62.349998474121094,62.48500061035156,2445807
2026-07-28 14:30:00-04:00,62.426998138427734,62.470001220703125,62.27000045776367,62.42499923706055,2245026
2026-07-28 15:30:00-04:00,62.61000061035156,62.65999984741211,62.400001525878906,62.41999816894531,3042703
2026-07-29 09:30:00-04:00,61.899898529052734,62.650001525878906,61.30500030517578,62.5099983215332,7510729
2026-07-29 10:30:00-04:00,61.994998931884766,62.127899169921875,61.77000045776367,61.88999938964844,3041577
2026-07-29 11:30:00-04:00,61.70500183105469,62.03499984741211,61.314998626708984,61.994998931884766,4108081
2026-07-29 12:30:00-04:00,61.96500015258789,62.0,61.689998626708984,61.70500183105469,3090617
2026-07-29 13:30:00-04:00,61.6150016784668,62.095001220703125,61.4900016784668,61.959999084472656,3371788
2026-07-29 14:30:00-04:00,61.150001525878906,61.91999816894531,61.13999938964844,61.6150016784668,4197985
2026-07-29 15:30:00-04:00,61.06999969482422,61.209999084472656,60.90999984741211,61.15999984741211,6007088
2026-07-30 09:30:00-04:00,61.470001220703125,61.79999923706055,61.03499984741211,61.52000045776367,4419899
2026-07-30 10:30:00-04:00,61.2400016784668,61.53499984741211,61.029998779296875,61.46500015258789,3652795
2026-07-30 11:30:00-04:00,61.60499954223633,61.650001525878906,61.13999938964844,61.244998931884766,2142673
2026-07-30 12:30:00-04:00,61.841800689697266,61.93000030517578,61.59000015258789,61.61000061035156,1602010
2026-07-30 13:30:00-04:00,61.779998779296875,61.85499954223633,61.70000076293945,61.845001220703125,1295045
2026-07-30 14:30:00-04:00,61.85499954223633,61.900001525878906,61.72999954223633,61.779998779296875,1761021
2026-07-30 15:30:00-04:00,61.75,61.904998779296875,61.72999954223633,61.85499954223633,3288895
2026-07-31 09:30:00-04:00,61.875,62.220001220703125,61.540000915527344,61.540000915527344,3495273
2026-07-31 10:30:00-04:00,62.07500076293945,62.119998931884766,61.79999923706055,61.875,1783780
2026-07-31 11:30:00-04:00,62.1349983215332,62.2400016784668,62.029998779296875,62.07500076293945,1633377
2026-07-31 12:30:00-04:00,62.165000915527344,62.21500015258789,62.030799865722656,62.13600158691406,1534092
2026-07-31 13:30:00-04:00,62.05500030517578,62.18000030517578,62.029998779296875,62.165000915527344,1733791
2026-07-31 14:30:00-04:00,62.084999084472656,62.18000030517578,62.0099983215332,62.05939865112305,2983882
2026-07-31 15:30:00-04:00,61.974998474121094,62.16999816894531,61.95000076293945,62.084999084472656,2758236
2026-08-03 09:30:00-04:00,62.275001525878906,62.45750045776367,62.040000915527344,62.2599983215332,4807108
2026-08-03 10:30:00-04:00,62.04499816894531,62.30500030517578,61.915000915527344,62.275001525878906,2585100
2026-08-03 11:30:00-04:00,61.96500015258789,62.219200134277344,61.915000915527344,62.04499816894531,2051042
2026-08-03 12:30:00-04:00,61.849998474121094,61.974998474121094,61.709999084472656,61.959999084472656,1976134
2026-08-03 13:30:00-04:00,62.244998931884766,62.255001068115234,61.849998474121094,61.85499954223633,1847533
2026-08-03 14:30:00-04:00,62.314998626708984,62.43000030517578,62.20500183105469,62.244998931884766,2937273
2026-08-03 15:30:00-04:00,62.4900016784668,62.505001068115234,62.290000915527344,62.314998626708984,2612278
2026-08-04 09:30:00-04:00,63.07500076293945,63.28499984741211,62.349998474121094,62.470001220703125,7266101
2026-08-04 10:30:00-04:00,63.334999084472656,63.540000915527344,63.01499938964844,63.08000183105469,3832031
2026-08-04 11:30:00-04:00,63.255001068115234,63.45000076293945,63.125,63.334999084472656,2637307
2026-08-04 12:30:00-04:00,63.23500061035156,63.3849983215332,63.20000076293945,63.25,2019410
2026-08-04 13:30:00-04:00,63.17499923706055,63.29999923706055,63.130001068115234,63.23500061035156,2195782
2026-08-04 14:30:00-04:00,63.095001220703125,63.22999954223633,63.06999969482422,63.17499923706055,1988699
2026-08-04 15:30:00-04:00,62.90999984741211,63.125,62.88999938964844,63.095001220703125,3171360
2026-08-05 09:30:00-04:00,63.415000915527344,63.55500030517578,62.83000183105469,63.0,6740226
2026-08-05 10:30:00-04:00,63.26499938964844,63.470001220703125,63.17499923706055,63.40999984741211,2995881
2026-08-05 11:30:00-04:00,63.29499816894531,63.33000183105469,63.130001068115234,63.27000045776367,2765006
2026-08-05 12:30:00-04:00,63.3650016784668,63.439998626708984,63.27000045776367,63.29999923706055,2594290
2026-08-05 13:30:00-04:00,63.38999938964844,63.564998626708984,63.334999084472656,63.36000061035156,1934130
2026-08-05 14:30:00-04:00,63.39500045776367,63.54999923706055,63.345001220703125,63.3849983215332,2149916
2026-08-05 15:30:00-04:00,63.25,63.5099983215332,63.209999084472656,63.38999938964844,3045177
2026-08-06 09:30:00-04:00,63.369998931884766,63.970001220703125,63.2400016784668,63.90999984741211,3744601
2026-08-06 10:30:00-04:00,62.89500045776367,63.439998626708984,62.88999938964844,63.36000061035156,3193474
2026-08-06 11:30:00-04:00,63.154998779296875,63.18000030517578,62.84000015258789,62.891998291015625,2103080
2026-08-06 12:30:00-04:00,62.78499984741211,63.22999954223633,62.78499984741211,63.150001525878906,1755062
2026-08-06 13:30:00-04:00,62.869998931884766,62.974998474121094,62.75,62.78499984741211,2325809
2026-08-06 14:30:00-04:00,62.83000183105469,63.0,62.81999969482422,62.87009811401367,2182072
2026-08-06 15:30:00-04:00,63.005001068115234,63.02000045776367,62.724998474121094,62.83000183105469,3545252
2026-08-07 09:30:00-04:00,62.95000076293945,63.040000915527344,62.38999938964844,62.709999084472656,4415346
2026-08-07 10:30:00-04:00,62.880001068115234,62.9900016784668,62.84000015258789,62.95500183105469,1711139
2026-08-07 11:30:00-04:00,62.90999984741211,63.02000045776367,62.790000915527344,62.880001068115234,1472405
2026-08-07 12:30:00-04:00,63.09000015258789,63.099998474121094,62.86000061035156,62.90999984741211,1290541
2026-08-07 13:30:00-04:00,63.04990005493164,63.119998931884766,63.0099983215332,63.095001220703125,1237717
2026-08-07 14:30:00-04:00,63.154998779296875,63.21500015258789,63.040000915527344,63.04499816894531,1525498
2026-08-07 15:30:00-04:00,63.15999984741211,63.20000076293945,63.03499984741211,63.154998779296875,2908315
2026-08-10 09:30:00-04:00,63.744998931884766,63.79499816894531,63.0,63.15999984741211,4397516
2026-08-10 10:30:00-04:00,63.94499969482422,64.0,63.724998474121094,63.74800109863281,2583021
2026-08-10 11:30:00-04:00,63.64459991455078,63.959999084472656,63.56999969482422,63.95000076293945,2093526
2026-08-10 12:30:00-04:00,63.63999938964844,63.720001220703125,63.55500030517578,63.64500045776367,1776380
2026-08-10 13:30:00-04:00,63.737998962402344,63.775001525878906,63.59000015258789,63.64500045776367,1722267
2026-08-10 14:30:00-04:00,63.70500183105469,63.79999923706055,63.68000030517578,63.7400016784668,1638933
2026-08-10 15:30:00-04:00,63.880001068115234,63.900001525878906,63.68000030517578,63.70000076293945,2840769
2026-08-11 09:30:00-04:00,63.904998779296875,64.2699966430664,63.709999084472656,63.97999954223633,4331990
2026-08-11 10:30:00-04:00,63.880001068115234,63.98509979248047,63.744998931884766,63.915000915527344,2001353
2026-08-11 11:30:00-04:00,64.05500030517578,64.09500122070312,63.80500030517578,63.880001068115234,1716688
2026-08-11 12:30:00-04:00,64.04499816894531,64.1500015258789,64.0199966430664,64.05500030517578,1333231
2026-08-11 13:30:00-04:00,64.04499816894531,64.0999984741211,64.0,64.04499816894531,1264628
2026-08-11 14:30:00-04:00,64.00499725341797,64.12999725341797,63.959999084472656,64.04499816894531,1611309
2026-08-11 15:30:00-04:00,64.0,64.06500244140625,63.834999084472656,64.0,2853660
