Date,Close,High,Low,Open,Volume
1993-01-29,24.11326026916504,24.130410525401995,24.01035873174328,24.130410525401995,1003200
1993-02-01,24.28476333618164,24.28476333618164,24.130411026841504,24.130411026841504,480500
1993-02-02,24.336206436157227,24.353356687345496,24.216154677839324,24.26760543140414,201300
1993-02-03,24.593473434448242,24.610623694862777,24.353369788644702,24.37052004905924,529400
1993-02-04,24.69635581970215,24.747806560993197,24.40480161905289,24.679205572605134,531500
1993-02-05,24.679227828979492,24.730678616670204,24.542025728470918,24.67922782897949,492100
1993-02-08,24.679227828979492,24.764979141797347,24.64492730385235,24.67922782897949,596100
1993-02-09,24.507709503173828,24.59346076105757,24.45625874844358,24.59346076105757,122100
1993-02-10,24.542003631591797,24.559153878713804,24.439102148859757,24.507703137347782,379600
1993-02-11,24.66207504272461,24.76497660757603,24.576323738681754,24.576323738681754,19500
1993-02-12,24.473421096801758,24.62777343728614,24.473421096801754,24.62777343728614,42500
1993-02-16,23.856006622314453,24.404814826422335,23.82170610955771,24.404814826422335,374800
1993-02-17,23.838850021362305,23.890300776804096,23.75309876229266,23.856000273176235,210900
1993-02-18,23.821706771850586,24.11326113838871,23.49585189160209,24.11326113838871,378100
1993-02-19,23.907455444335938,23.907455444335938,23.78740365946481,23.82170416942799,34900
1993-02-22,23.993207931518555,24.027508443214796,23.90745665227796,23.976057675670436,513600
1993-02-23,23.97606658935547,24.078968162700342,23.85601475378645,24.061817900476196,373700
1993-02-24,24.28476333618164,24.28476333618164,23.993208974094713,23.993208974094713,26300
1993-02-25,24.336206436157227,24.353356687345496,24.216154677839324,24.26760543140414,44500
1993-02-26,24.370506286621094,24.387656537350594,24.250454531514585,24.387656537350594,66200
1993-03-01,24.30192756652832,24.456279964622006,24.26762703361861,24.456279964622006,66500
1993-03-02,24.66207504272461,24.662075042724606,24.284769304936052,24.319069826553193,182400
1993-03-03,24.76496696472168,24.782117218852374,24.662065439937518,24.696365948198906,280100
1993-03-04,24.627775192260742,24.799277805020218,24.627775192260742,24.799277805020218,89500
1993-03-05,24.559175491333008,24.76497863790842,24.542025229118387,24.662077064620714,40000
1993-03-08,25.107994079589844,25.107994079589844,24.610636273368463,24.610636273368463,50800
1993-03-09,25.02223014831543,25.07368092997749,24.970779366653368,25.05653066942347,169300
1993-03-10,25.073659896850586,25.073659896850586,24.919307681343298,25.022209158348158,194400
1993-03-11,25.005069732666016,25.15942201496642,24.970769225488144,25.090821000610685,70900
1993-03-12,24.747827529907227,24.816428576421174,24.593475175250838,24.799278314792687,643600
1993-03-15,24.867877960205078,24.867877960205078,24.730675874907394,24.730675874907394,310800
1993-03-16,24.867877960205078,24.93647900285392,24.867877960205078,24.867877960205078,30800
1993-03-17,24.71352195739746,24.833573764268923,24.679221441148467,24.833573764268923,21800
1993-03-18,24.867877960205078,24.97077952417834,24.816427178218447,24.816427178218447,59300
1993-03-19,24.830230712890625,24.968080709908754,24.830230712890625,24.968080709908754,66900
1993-03-22,24.69239616394043,24.744089945162916,24.571777341087966,24.58900860149546,183400
1993-03-23,24.74408721923828,24.778549736256718,24.70962470221984,24.761318477747498,55200
1993-03-24,24.74408721923828,24.84747477029359,24.589005892655308,24.70962470221984,37200
1993-03-25,24.899154663085938,24.950848409791305,24.72684217406804,24.76130467187162,110100
1993-03-26,24.76131248474121,24.899162519450975,24.74408123040249,24.881931265112254,101500
1993-03-29,24.864704132080078,24.985322932443598,24.778547846106132,24.778547846106132,87100
1993-03-30,24.933639526367188,24.933639526367184,24.864714468934242,24.899176997650713,56000
1993-03-31,24.916383743286133,25.071464969904095,24.916383743286133,25.00253998029611,111600
1993-04-01,24.830230712890625,24.95084946028149,24.77853696400883,24.95084946028149,129500
1993-04-02,24.313308715820312,24.623471406737938,24.313308715820312,24.623471406737938,59400
1993-04-05,24.43390655517578,24.502831538406177,24.364981571945385,24.502831538406177,172200
1993-04-06,24.36499786376953,24.48561666507532,24.296072834451937,24.48561666507532,129700
1993-04-07,24.451148986816406,24.451148986816406,24.34776146467342,24.399455225744912,28000
1993-04-08,24.41670036315918,24.55455047106692,24.313312782228373,24.55455047106692,180800
1993-04-12,24.76131248474121,24.778543739079932,24.623462450031447,24.65792495870889,348500
1993-04-13,24.8129940032959,24.899150232474007,24.726837774117786,24.744069019953407,146100
1993-04-14,24.778547286987305,24.847472314211192,24.761316030181334,24.830241057405217,119600
1993-04-15,24.778547286987305,24.830241057405217,24.675159746151472,24.761316030181334,148600
1993-04-16,24.778547286987305,24.830241057405217,24.74408477337536,24.795778543793276,47900
1993-04-19,24.675159454345703,24.84747202036767,24.657928197743505,24.778546993958884,157000
1993-04-20,24.554542541503906,24.675161346970942,24.399461220189142,24.640698831123217,279500
1993-04-21,24.53730010986328,24.606225110171888,24.468375109554678,24.606225110171888,67900
1993-04-22,24.227144241333008,24.640694356405547,24.227144241333008,24.433919298869277,97700
1993-04-23,24.12375831604004,24.24437710762024,24.089295804159985,24.175452083860126,106000
1993-04-26,23.9342098236084,24.227141117345866,23.865284813317228,24.140984854481903,62600
1993-04-27,24.19269561767578,24.19269561767578,23.89976411803156,23.89976411803156,156800
1993-04-28,24.1409912109375,24.20991623937701,24.10652869671775,24.158222468047377,85900
1993-04-29,24.244388580322266,24.24438858032227,24.054844675287764,24.192694788040132,85000
1993-04-30,24.27884292602539,24.41669299231936,24.27884292602539,24.330536700885627,88500
1993-05-03,24.43390655517578,24.43390655517578,24.20990035967699,24.313287834522587,80500
1993-05-04,24.52007293701172,24.60622920172364,24.451147925242186,24.485610431126954,149100
1993-05-05,24.589006423950195,24.675162718357868,24.520081388424053,24.520081388424053,109000
1993-05-06,24.502836227416992,24.571761223837292,24.485604978311915,24.55452997473222,54700
1993-05-07,24.451148986816406,24.520074001578397,24.416686479435413,24.520074001578397,68000
1993-05-10,24.502836227416992,24.640686220257596,24.485604978311915,24.485604978311915,113900
1993-05-11,24.60623550415039,24.60623550415039,24.433922930591912,24.502847960015302,42600
1993-05-12,24.571775436401367,24.589006695473177,24.502850400114127,24.502850400114127,31000
1993-05-13,24.27884292602539,24.4683867671796,24.26161166773864,24.4683867671796,129100
1993-05-14,24.261600494384766,24.347756746140394,24.244369244033642,24.278831744735893,63500
1993-05-17,24.34776496887207,24.34776496887207,24.22714617567879,24.3305337127016,34000
1993-05-18,24.330533981323242,24.382227750405374,24.24437769951969,24.36499649404466,105200
1993-05-19,24.830230712890625,24.830230712890625,24.175443227054508,24.330524473699906,50200
1993-05-20,24.899154663085938,24.899154663085934,24.778535920773407,24.830229667478775,98200
1993-05-21,24.675159454345703,24.95085955998085,24.657928197743505,24.916397046776456,221400
1993-05-24,24.778547286987305,24.864703571017163,24.72685351656939,24.72685351656939,30500
1993-05-25,24.830230712890625,24.881924461772424,24.830230712890625,24.881924461772424,191800
1993-05-26,25.14041519165039,25.15764645634652,24.881946221208473,24.899177485904602,102400
1993-05-27,25.05426597595215,25.174884863044078,25.019803436783025,25.174884863044078,53800
1993-05-28,24.933639526367188,25.0370271125166,24.813020675859534,25.0370271125166,79100
1993-06-01,25.17487144470215,25.261027746703185,24.985327580299874,25.019790101100288,28300
1993-06-02,25.14041519165039,25.22657151513103,25.002565074081367,25.105952662258137,20300
1993-06-03,25.05426597595215,25.08872851512127,25.002572167198466,25.08872851512127,21600
1993-06-04,24.968080520629883,24.985311770126522,24.864693023650048,24.985311770126522,32000
1993-06-07,24.88193702697754,25.019787093608997,24.881937026977543,25.019787093608997,121400
1993-06-08,24.657915115356445,24.81299634249705,24.65791511535644,24.81299634249705,104500
1993-06-09,24.74408721923828,24.84747477029359,24.70962470221984,24.744087219238278,43300
1993-06-10,24.76131248474121,24.778543739079932,24.675156213047607,24.726849976063768,17900
1993-06-11,24.864704132080078,24.899166646469656,24.761316588911345,24.847472874885288,647400
1993-06-14,24.830230712890625,24.91638696102696,24.830230712890625,24.89915571139969,64200
1993-06-15,24.778547286987305,24.881934827823134,24.778547286987305,24.864703571017163,142400
1993-06-16,24.830230712890625,24.830230712890625,24.709611965499764,24.77853696400883,330900
1993-06-17,24.916383743286133,24.916383743286133,24.830227506276152,24.88192124848214,37400
1993-06-18,24.711206436157227,24.90209356452642,24.711206436157227,24.90209356452642,58500
1993-06-21,24.763269424438477,24.780622801750628,24.728562669814174,24.780622801750628,29300
1993-06-22,24.780622482299805,24.79797585938825,24.745915728122913,24.79797585938825,137500
1993-06-23,24.55502700805664,24.780620895763168,24.55502700805664,24.780620895763168,227600
1993-06-24,24.884746551513672,24.884746551513672,24.624445855368133,24.624445855368133,243700
1993-06-25,24.867389678955078,24.936803188177564,24.850036301649457,24.867389678955078,44800
1993-06-28,25.145050048828125,25.14505004882813,24.954162850389817,24.98886961374224,439900
1993-06-29,25.023584365844727,25.110351301926016,24.98887759141221,25.110351301926016,207500
1993-06-30,25.023584365844727,25.110351301926016,24.98887759141221,25.05829114027724,437600
1993-07-01,24.95416831970215,25.058288632579906,24.9194615487429,25.058288632579906,605700
1993-07-02,24.815330505371094,24.88474401727423,24.728563615492174,24.867390639298446,285400
1993-07-06,24.55502700805664,24.850034399672868,24.52032025610179,24.780620895763168,246400
1993-07-07,24.624431610107422,24.659138349515604,24.537664761586957,24.537664761586957,343700
1993-07-08,24.9021053314209,24.95416548193955,24.60709781181522,24.64180457882765,248200
1993-07-09,24.971511840820312,24.971511840820312,24.85003819044801,24.902098326321855,378200
1993-07-12,24.95416831970215,24.971521705181775,24.90210816326327,24.936814934222525,373700
1993-07-13,24.936809539794922,25.040929830148972,24.79798248598952,24.971516303246272,389600
1993-07-14,25.023584365844727,25.09299791470976,24.936817429763433,24.95417081697969,617300
1993-07-15,24.919456481933594,25.00622339168963,24.867396336079974,25.00622339168963,443800
1993-07-16,24.850034713745117,24.954154970925615,24.81532796135162,24.936801594728866,216400
1993-07-19,24.832666397094727,24.850019762850906,24.763252934070003,24.850019762850906,188200
1993-07-20,24.9021053314209,24.902105331420902,24.693864729346302,24.81533841388982,68500
1993-07-21,24.884746551513672,24.884746551513672,24.797979652798492,24.867393171770637,142700
1993-07-22,24.711206436157227,24.884740189220132,24.711206436157227,24.85003343860755,632400
1993-07-23,24.832666397094727,24.832666397094727,24.745899568313824,24.763252934070003,286200
1993-07-26,24.971511840820312,25.023571976694157,24.902098326321855,24.902098326321855,121300
1993-07-27,24.95416831970215,25.00622847614103,24.86740139230402,24.988875090661402,92800
1993-07-28,24.9021053314209,24.95416548193955,24.867398564408468,24.902105331420902,30800
1993-07-29,25.040924072265625,25.110337583207453,24.91945042811742,24.954157183588332,331000
1993-07-30,24.9021053314209,25.040932399470634,24.867398564408468,25.040932399470634,75300
1993-08-02,24.971511840820312,25.058278733943386,24.936805083571084,24.936805083571084,41300
1993-08-03,24.988849639892578,25.092969846725463,24.902082800865173,25.023556375503542,81600
1993-08-04,24.988849639892578,25.040909743309022,24.919436168670654,24.988849639892578,434000
1993-08-05,24.936809539794922,24.988869684971945,24.902102776343572,24.988869684971945,36800
1993-08-06,24.971511840820312,25.023571976694157,24.936805083571084,25.00621859806954,402300
1993-08-09,25.110336303710938,25.179749811115805,24.98886266575242,25.04092279630607,828200
1993-08-10,25.092973709106445,25.11032707958301,25.058266968153326,25.092973709106445,604900
1993-08-11,25.092973709106445,25.162387191012687,25.075620338629886,25.075620338629886,542200
1993-08-12,25.023584365844727,25.16241146357479,24.936817429763433,25.16241146357479,303700
1993-08-13,25.058271408081055,25.075624781632357,25.04091803452975,25.04091803452975,103500
1993-08-16,25.197107315063477,25.266520833837756,25.07563365720849,25.07563365720849,241800
1993-08-17,25.28386116027832,25.28386116027832,25.17974093587086,25.17974093587086,369300
1993-08-18,25.422687530517578,25.474747641501573,25.353274049205584,25.370627419533584,414300
1993-08-19,25.422687530517578,25.440040900845577,25.387980789861583,25.440040900845577,28500
1993-08-20,25.440061569213867,25.440061569213867,25.353294647081487,25.37064803150796,80700
1993-08-23,25.38799285888672,25.405346237464222,25.33593272315421,25.33593272315421,15600
1993-08-24,25.665637969970703,25.665637969970703,25.38798400951125,25.38798400951125,273400
1993-08-25,25.682987213134766,25.78710743156639,25.63092710391895,25.665633843396158,242300
1993-08-26,25.700340270996094,25.839167227220244,25.59622005382798,25.700340270996094,120000
1993-08-27,25.682987213134766,25.682987213134766,25.63092710391895,25.63092710391895,25700
1993-08-30,25.787111282348633,25.82181802700859,25.700344420698737,25.700344420698737,183500
1993-08-31,25.856523513793945,25.856523513793945,25.73504991339357,25.769756656365107,66500
1993-09-01,25.821834564208984,25.87389471454005,25.769774413877915,25.769774413877915,136500
1993-09-02,25.735071182250977,25.873898268871343,25.71771779642343,25.83919149721625,472400
1993-09-03,25.75240707397461,25.787113822052742,25.682993577818344,25.717700325896477,630500
1993-09-07,25.578887939453125,25.787128546829948,25.54418117155699,25.75242177893381,196400
1993-09-08,25.492107391357422,25.578874264711256,25.318573644649746,25.578874264711256,269900
1993-09-09,25.544158935546875,25.561512304388955,25.387978615968123,25.387978615968123,239200
1993-09-10,25.769775390625,25.787128774726433,25.578888165509262,25.613594933712122,106500
1993-09-13,25.787111282348633,25.856524771668546,25.78711128234863,25.856524771668546,66900
1993-09-14,25.682987213134766,25.717693952611974,25.59622036444174,25.717693952611974,184500
1993-09-15,25.75240707397461,25.769760448013677,25.492106463388613,25.578873333583946,101000
1993-09-16,25.648290634155273,25.735057517220753,25.63093725754218,25.71770414060766,54300
1993-09-17,25.59856605529785,25.650950569735706,25.563643045672613,25.633489064923086,200900
1993-09-20,25.389028549194336,25.685874137458644,25.389028549194336,25.63348962188259,57800
1993-09-21,25.301712036132812,25.45886552704047,25.039789551286717,25.42394252906099,318200
1993-09-22,25.511253356933594,25.546176359475595,25.354099845494577,25.38902284803658,439700
1993-09-23,25.650949478149414,25.66841098221895,25.546180453732195,25.58110346187127,88500
1993-09-24,25.581090927124023,25.633475413664208,25.54616793609723,25.616013918150813,53500
1993-09-27,25.86046028137207,25.86046028137207,25.77315285300822,25.77315285300822,274600
1993-09-28,25.8080997467041,25.87794575413767,25.790638244845706,25.87794575413767,158300
1993-09-29,25.720783233642578,25.877936695355263,25.685860242150873,25.80809071237185,221000
1993-09-30,25.668407440185547,25.77317645014549,25.616022935205574,25.720791945165516,99300
1993-10-01,25.790618896484375,25.82554187400162,25.598542520139535,25.63346549765678,22700
1993-10-04,25.82555389404297,25.825553894042972,25.75570790649992,25.825553894042972,1038500
1993-10-05,25.790618896484375,25.877926340277483,25.703311452691267,25.877926340277483,436500
1993-10-06,25.77316665649414,25.912858616691942,25.77316665649414,25.808089646543593,209200
1993-10-07,25.703317642211914,25.808086599992667,25.68585614924845,25.808086599992667,59400
1993-10-08,25.738252639770508,25.7906371431079,25.546176127533418,25.773175641995437,54400
1993-10-11,25.790618896484375,25.84300336276024,25.790618896484375,25.790618896484375,467100
1993-10-12,25.82555389404297,25.843015390928734,25.808092397157207,25.825553894042972,26200
1993-10-13,25.82555389404297,25.843015390928734,25.790630900271445,25.843015390928734,139100
1993-10-14,26.157331466674805,26.157331466674805,25.860485915984906,25.93033192791194,108100
1993-10-15,26.297029495239258,26.349414016146106,26.209721960394504,26.279567988270305,1502500
1993-10-18,26.2271728515625,26.27955735126602,26.192249851760156,26.27955735126602,722400
1993-10-19,26.035104751586914,26.244642817998077,26.035104751586914,26.192258301395288,880100
1993-10-20,26.07002067565918,26.122405178021523,26.01763617329684,26.122405178021523,230400
1993-10-21,26.035104751586914,26.087489268189707,26.00018174051839,26.087489268189707,56200
1993-10-22,25.912872314453125,26.174794878278462,25.912872314453125,26.070025852748326,390700
1993-10-25,25.98271369934082,26.01763670162488,25.86048319134661,25.93032919591473,114500
1993-10-26,25.965242385864258,25.98270388040754,25.877934913147833,25.965242385864254,186200
1993-10-27,25.98271369934082,26.00017520048285,25.93032919591473,25.93032919591473,118400
1993-10-28,26.174779891967773,26.24462586899771,26.01762644365042,26.01762644365042,129600
1993-10-29,26.174779891967773,26.192241386225255,26.139856903452806,26.157318397710288,80700
1993-11-01,26.2446231842041,26.262084676675293,26.13985422937694,26.13985422937694,36400
1993-11-02,26.2271728515625,26.262095851364847,26.07001935245194,26.209711351661326,262100
1993-11-03,25.895423889160156,26.20973112449723,25.773193297640184,26.20973112449723,479100
1993-11-04,25.616018295288086,25.895402271242148,25.598556796790955,25.895402271242148,130400
1993-11-05,25.738252639770508,25.73825263977051,25.44140712085864,25.546176127533418,363200
1993-11-08,25.77316665649414,25.84301263659304,25.685859181370517,25.755705161469418,367600
1993-11-09,25.790618896484375,25.965233784070595,25.773157407725755,25.94777229531197,246900
1993-11-10,25.98271369934082,25.98271369934082,25.72079118221037,25.79063718677849,46500
1993-11-11,25.912872314453125,26.052564348493306,25.895410810198104,25.982718331473215,88900
1993-11-12,26.035104751586914,26.12241227925823,25.947797223915597,25.96525872944986,108200
1993-11-15,26.01764678955078,26.087492821200584,25.947800757900982,26.087492821200584,243300
1993-11-16,26.139877319335938,26.157338827231285,25.965262240382458,26.070031287754546,492600
1993-11-17,26.000164031982422,26.157317474754645,25.93031805741699,26.157317474754645,39600
1993-11-18,25.930335998535156,26.01764352714975,25.86048997564348,25.965259009980993,240800
1993-11-19,25.877946853637695,25.912869858838288,25.82556234583681,25.843023848437106,106000
1993-11-22,25.720783233642578,25.825552208117703,25.633475754913313,25.80809071237185,165300
1993-11-23,25.86046028137207,25.87792176704484,25.72076839598991,25.86046028137207,89700
1993-11-24,25.965242385864258,25.98270388040754,25.895396407691116,25.930319396777687,77200
1993-11-26,25.98271369934082,26.03509820276691,25.96525219819879,26.03509820276691,1019800
1993-11-29,25.877946853637695,26.104946387441537,25.877946853637695,26.05256187964065,517500
1993-11-30,25.895423889160156,26.017654480680132,25.84303934993731,25.860500863011595,230000
1993-12-01,25.930335998535156,26.05256653859559,25.930335998535156,26.03510503287267,379200
1993-12-02,26.000164031982422,26.01762552562378,25.93031805741699,25.982702538341066,352000
1993-12-03,26.10494613647461,26.10494613647461,25.98271561944764,25.98271561944764,306000
1993-12-06,26.1922607421875,26.227183756510417,26.139876220703126,26.139876220703126,99500
1993-12-07,26.174779891967773,26.20970288048274,26.139856903452806,26.192241386225255,88800
1993-12-08,26.174779891967773,26.174779891967773,26.139856903452806,26.174779891967773,146700
1993-12-09,26.087486267089844,26.209716791768308,26.052563260038852,26.17479378471732,416500
1993-12-10,26.035104751586914,26.10495077372397,25.982720234984125,26.10495077372397,412900
1993-12-13,26.1922607421875,26.1922607421875,26.000184163411458,26.035107177734375,273200
1993-12-14,26.000164031982422,26.20970195567872,26.000164031982422,26.20970195567872,41900
1993-12-15,25.965242385864258,26.05254985858068,25.965242385864254,26.035088364037392,82600
1993-12-16,26.05256462097168,26.07002612540933,26.017641612096384,26.07002612540933,78200
1993-12-17,26.195743560791016,26.213324596737856,26.09025734510998,26.10783838105682,104700
1993-12-20,26.23090934753418,26.248490385970868,26.16058519378744,26.178166232224125,68800
1993-12-21,26.142982482910156,26.19572555449639,26.107820435186,26.19572555449639,205700
1993-12-22,26.318817138671875,26.336398178844668,26.160587777116735,26.213330897635114,410300
1993-12-23,26.301223754882812,26.35396685064795,26.266061691039386,26.301223754882812,533800
1993-12-27,26.441877365112305,26.4418773651123,26.30122908125532,26.30122908125532,447100
1993-12-28,26.4946231842041,26.512204221486254,26.406717997793336,26.42429903507549,880600
1993-12-29,26.459457397460938,26.52978153672329,26.441876362645345,26.512200501907703,266700
1993-12-30,26.353961944580078,26.441867087824175,26.301218858633618,26.441867087824175,219900
1993-12-31,26.213327407836914,26.441880899655747,26.195746370004695,26.406718823991312,312900
1994-01-03,26.142982482910156,26.248468626082627,26.107820435186,26.21330657835847,960900
1994-01-04,26.248489379882812,26.248489379882816,26.143003153305926,26.178165228831556,164300
1994-01-05,26.301223754882812,26.318804786804524,26.17815653143082,26.283642722961098,710900
1994-01-06,26.301223754882812,26.35396685064795,26.266061691039386,26.33638581872624,201000
1994-01-07,26.459457397460938,26.477038432276522,26.28364704930505,26.353971188567403,775500
1994-01-10,26.775922775268555,26.775922775268555,26.42430199030114,26.49462614729462,593700
1994-01-11,26.723182678222656,26.758344760694,26.63527747204429,26.758344760694,295200
1994-01-12,26.635257720947266,26.740743890139136,26.54735257995404,26.740743890139136,158400
1994-01-13,26.564937591552734,26.617680684057476,26.52977552988291,26.564937591552738,244300
1994-01-14,26.67043113708496,26.723174244145774,26.65285010139802,26.65285010139802,137200
1994-01-17,26.67043113708496,26.705593208458836,26.617688030024144,26.670431137084957,17700
1994-01-18,26.705577850341797,26.740739901494322,26.652834773613012,26.7055778503418,166400
1994-01-19,26.635257720947266,26.705581833741846,26.58251463635133,26.670419777344556,200800
1994-01-20,26.705577850341797,26.72315887591806,26.652834773613012,26.670415799189275,281100
1994-01-21,26.6528377532959,26.74074289100466,26.63525672575415,26.74074289100466,85600
1994-01-24,26.54736328125,26.758335704677155,26.547363281250004,26.63526845767798,373800
1994-01-25,26.54736328125,26.582525351821193,26.494620175393212,26.5649443165356,310400
1994-01-26,26.617679595947266,26.63526062606348,26.512193415249985,26.547355475482412,145100
1994-01-27,26.86380386352539,26.898965910467176,26.635250558403772,26.670412605345557,344500
1994-01-28,26.93413734436035,27.022042492351083,26.93413734436035,26.969299403556644,356500
1994-01-31,27.12752914428711,27.180272234003805,27.004461934948154,27.039623994759285,313800
1994-02-01,26.98688316345215,27.0923693517132,26.951721100698464,27.0923693517132,303600
1994-02-02,27.16269302368164,27.16269302368164,27.057206837181905,27.074787868265194,307600
1994-02-03,27.039615631103516,27.109939728973746,26.95171050876573,27.109939728973746,466100
1994-02-04,26.424283981323242,27.07478199017817,26.424283981323242,27.039619935645472,1403200
1994-02-07,26.54736328125,26.617687422392386,26.353971893108447,26.353971893108447,516400
1994-02-08,26.564937591552734,26.60009965322256,26.459451406543263,26.60009965322256,188200
1994-02-09,26.67043113708496,26.688012172771895,26.547363887276394,26.58252595865027,144600
1994-02-10,26.441877365112305,26.670430826379896,26.4418773651123,26.652849790897772,883900
1994-02-11,26.529762268066406,26.600086356252135,26.33637102555565,26.459438179880674,519400
1994-02-14,26.564937591552734,26.6528427457273,26.44187037570835,26.477032437378174,2742100
1994-02-15,26.705577850341797,26.72315887591806,26.582510671307965,26.61767272246049,374700
1994-02-16,26.68800163269043,26.740744718921047,26.63525854645982,26.740744718921047,287600
1994-02-17,26.529762268066406,26.828639642855755,26.459438179880674,26.811058620809323,342400
1994-02-18,26.37155532836914,26.564946734110514,26.30123118082682,26.547365697224937,313300
1994-02-22,26.635257720947266,26.635257720947266,26.44186641076217,26.44186641076217,154500
1994-02-23,26.564937591552734,26.688004807397125,26.477032437378174,26.670423776562213,391700
1994-02-24,26.213327407836914,26.47704297532018,26.195746370004695,26.47704297532018,770800
1994-02-25,26.33639144897461,26.336391448974606,26.19574316353282,26.24848627057349,531300
1994-02-28,26.33639144897461,26.477039734416394,26.336391448974606,26.4067155916955,333000
1994-03-01,26.23090934753418,26.389138693464346,26.0902610400407,26.336395578154292,423600
1994-03-02,26.266063690185547,26.26606369018555,25.826537858689807,25.896861991729125,581500
1994-03-03,26.195743560791016,26.230905632684696,26.12541941700366,26.230905632684696,223200
1994-03-04,26.266063690185547,26.336387823224868,26.10783439084708,26.19573955714623,595800
1994-03-07,26.406707763671875,26.44186982460885,26.353964672266404,26.353964672266404,539800
1994-03-08,26.301223754882812,26.424290978334803,26.266061691039386,26.424290978334803,880300
1994-03-09,26.424283981323242,26.44186500858959,26.213311654127047,26.336378844991494,2500100
1994-03-10,26.213327407836914,26.406718823991312,26.125422218675823,26.406718823991312,207400
1994-03-11,26.353961944580078,26.389124001877715,26.107827543496608,26.24847577268716,576600
1994-03-14,26.389123916625977,26.459448030994064,26.353961859441927,26.459448030994064,345900
1994-03-15,26.37155532836914,26.494622586568198,26.35397429148356,26.44187947591146,748600
1994-03-16,26.582521438598633,26.582521438598633,26.318805948136344,26.406711111623775,455500
1994-03-17,26.582521438598633,26.617683503993604,26.494616275111202,26.494616275111202,133000
1994-03-18,26.57673454284668,26.61209945907136,26.43527487794796,26.4529573360603,365500
1994-03-21,26.505990982055664,26.559038328917683,26.43526118623964,26.48830853310166,324800
1994-03-22,26.57673454284668,26.6297819171837,26.4529573360603,26.50600471039732,435700
1994-03-23,26.559024810791016,26.629754570606703,26.541342370837093,26.559024810791012,698500
1994-03-24,26.24075698852539,26.50599375053879,26.11697983291914,26.45294639813611,1200500
1994-03-25,25.99319839477539,26.329164904639835,25.993198394775394,26.258435113089426,100900
1994-03-28,26.02857780456543,26.063942720060766,25.798705853845764,26.02857780456543,1117200
1994-03-29,25.515785217285156,26.046258922426222,25.51578521728516,26.028576465588188,338400
1994-03-30,25.1621150970459,25.60417614934818,25.1621150970459,25.533446380979818,1123900
1994-03-31,25.232852935791016,25.285900279033743,24.631649712373427,25.16212314480071,788800
1994-04-04,24.843847274780273,24.9145770890857,24.525563110405866,24.525563110405866,2627300
1994-04-05,25.356624603271484,25.356624603271484,25.091387944241447,25.091387944241447,1179000
1994-04-06,25.356624603271484,25.40967193507749,25.179800163918127,25.391989491142155,516500
1994-04-07,25.48040771484375,25.53345505914946,25.197488545213282,25.338948130028516,666100
1994-04-08,25.28589630126953,25.427355860996915,25.162119186508072,25.427355860996915,242400
1994-04-11,25.391990661621094,25.49808533012369,25.294737215493715,25.35662577212023,203300
1994-04-12,25.356624603271484,25.4627192668835,25.30357727146548,25.418513157045158,1409200
1994-04-13,25.224016189575195,25.40968192388332,25.03835045526707,25.347793345780612,364100
1994-04-14,25.232852935791016,25.365471293897834,25.126758249305556,25.179805592548284,419900
1994-04-15,25.232852935791016,25.33894762227647,25.188646816422075,25.224011711917225,387300
1994-04-18,25.064861297607422,25.330097925095334,24.98529030936105,25.259368157765223,369100
1994-04-19,25.100238800048828,25.197492279020487,24.888049391383394,25.038350222521412,472200
1994-04-20,25.07370376586914,25.188639643498302,24.941085445527804,25.126751094005677,508000
1994-04-21,25.409677505493164,25.445042401116673,25.091393444881557,25.179805683940337,200300
1994-04-22,25.38315773010254,25.48925243325866,25.312427927998456,25.47156998273264,301800
1994-04-25,25.648393630981445,25.66607608091663,25.374315656986127,25.374315656986127,394600
1994-04-26,25.62186622619629,25.657231120918436,25.568818884113064,25.61302500251575,399000
1994-04-28,25.43619728088379,25.604180509363733,25.35662627791961,25.56881561915743,287000
1994-04-29,25.515785217285156,25.55115013096123,25.35664310574284,25.39200801941891,481900
1994-05-02,25.6749210357666,25.869428013310287,25.427366700710998,25.515778963230858,275000
1994-05-03,25.648393630981445,25.6925997558194,25.4980928065324,25.68375853085181,183400
1994-05-04,25.60418701171875,25.70144048448426,25.506933538953245,25.70144048448426,401900
1994-05-05,25.568817138671875,25.674911815595827,25.568817138671875,25.630705700210846,659800
1994-05-06,25.32125473022461,25.44503181340308,25.232842527954272,25.44503181340308,216300
1994-05-09,25.100238800048828,25.321269434075326,25.056032673243532,25.250539631186847,499300
1994-05-10,25.29474639892578,25.37431742919154,25.206334143074937,25.224016594245107,583400
1994-05-11,25.064861297607422,25.303574262346544,24.994131530277315,25.268209378681487,210600
1994-05-12,25.188634872436523,25.25052341020664,25.12674633466641,25.223999751162303,305200
1994-05-13,25.188634872436523,25.259364629888083,25.064857796896295,25.259364629888083,321300
1994-05-16,25.197486877441406,25.321264005962174,25.18864565397564,25.241692994770254,450400
1994-05-17,25.568817138671875,25.568817138671875,25.179803323284062,25.215168215592044,470200
1994-05-18,25.754493713378906,25.851747208348755,25.471574455284802,25.58651040388553,824800
1994-05-19,25.87825584411621,25.948985617520012,25.701431410606702,25.701431410606702,531000
1994-05-20,25.7810115814209,25.85174137999818,25.745646682132254,25.834058930353862,370400
1994-05-23,25.73680305480957,25.763326726800102,25.657232038837986,25.75448550280326,262700
1994-05-24,25.842905044555664,25.940158535999426,25.807540138576115,25.807540138576115,549600
1994-05-25,25.913625717163086,25.931308163916523,25.65723023923824,25.745642473005425,738200
1994-05-26,25.931312561035156,25.993201135166508,25.878265211779716,25.904788886407438,369600
1994-05-27,25.95783233642578,25.95783233642578,25.842896430304005,25.88710254804315,162000
1994-05-31,25.922473907470703,25.975521261988035,25.834061649941813,25.878267778706256,160000
1994-06-01,26.037399291992188,26.037399291992188,25.78100384904897,25.860574848583074,200500
1994-06-02,26.010875701904297,26.05508181288646,25.966669590922134,26.05508181288646,55100
1994-06-03,26.161191940307617,26.249604214522915,25.949002482190892,26.028573528984662,550400
1994-06-06,26.152339935302734,26.29379951575062,26.13465748774675,26.214228501748686,99300
1994-06-07,26.11697006225586,26.15233495062723,26.04624028551312,26.10812884016302,120600
1994-06-08,25.90479850769043,26.17887658063869,25.90479850769043,26.17887658063869,131900
1994-06-09,26.04623794555664,26.04623794555664,25.966666953869602,26.01971428166096,80500
1994-06-10,26.090456008911133,26.14350336101329,26.072773558210415,26.072773558210415,83100
1994-06-13,26.125818252563477,26.134659477014427,26.046247232504907,26.05508845695586,109700
1994-06-14,26.329160690307617,26.338001912836262,26.205383574906573,26.205383574906573,161000
1994-06-15,26.22307586669922,26.346853028578444,26.205393415002185,26.33801180272993,142800
1994-06-16,26.2761287689209,26.293811224350858,26.196557719486076,26.223081402631017,44000
1994-06-17,26.12944984436035,26.316343048287997,26.093851138850326,26.289644019155478,403800
1994-06-20,25.906953811645508,25.987050886295048,25.88025478676233,25.94255251148975,137400
1994-06-21,25.684463500976562,25.889156037540133,25.577667394943397,25.889156037540133,139200
1994-06-22,25.782379150390625,25.871375971758905,25.728981057569655,25.75568010398014,279900
1994-06-23,25.631084442138672,25.862476176685753,25.59548571374681,25.826877448293896,922500
1994-06-24,25.097084045410156,25.506469104306916,25.061485344636523,25.506469104306916,353800
1994-06-27,25.53317642211914,25.533176422119137,25.070393161767033,25.19498865493875,371200
1994-06-28,25.408573150634766,25.54206828102339,25.20388061737221,25.54206828102339,5382300
1994-06-29,25.488666534423828,25.639960993601623,25.41746914186957,25.444168164077418,311800
1994-06-30,25.328460693359375,25.54205277229143,25.239463993804353,25.533153102335927,271900
1994-07-01,25.38189125061035,25.4530887015237,25.27509507424032,25.4530887015237,406900
1994-07-05,25.515378952026367,25.55097766699257,25.35518473467845,25.435281843352406,112000
1994-07-06,25.479764938354492,25.524263305344284,25.328470490589204,25.417467224568785,174800
1994-07-07,25.586576461791992,25.586576461791992,25.453081280252206,25.479780316560163,66700
1994-07-08,25.577665328979492,25.622163702899083,25.417471182868976,25.42637085765289,148400
1994-07-11,25.488666534423828,25.639960993601623,25.364071097453877,25.595462623255212,124000
1994-07-12,25.52427101135254,25.53317068743739,25.355177165740372,25.497571983097984,257300
1994-07-13,25.568769454956055,25.64886653991763,25.53317075052869,25.53317075052869,532700
1994-07-14,25.84467124938965,25.898069330483427,25.67557732592601,25.693376686290605,494200
1994-07-15,25.853557586669922,25.90695564020521,25.81795888431306,25.826858559902274,49100
1994-07-18,25.898059844970703,25.960357583429396,25.85356146035735,25.85356146035735,72300
1994-07-19,25.84467124938965,25.95146741157721,25.84467124938965,25.942567731394913,609500
1994-07-20,25.728967666625977,25.86246282919927,25.66666992409177,25.86246282919927,185300
1994-07-21,25.782379150390625,25.800178514664278,25.67558296474869,25.728981057569655,86300
1994-07-22,25.826858520507812,25.862457222810374,25.773460467053972,25.844657871659095,151600
1994-07-25,25.86246109008789,25.889160120807183,25.809063028649305,25.835762059368598,120900
1994-07-26,25.835771560668945,25.871370281386366,25.80907252013088,25.853570921027654,489600
1994-07-27,25.835771560668945,25.835771560668945,25.728975398516678,25.835771560668945,83200
1994-07-28,25.889148712158203,25.960346096034883,25.83575067425069,25.83575067425069,828200
1994-07-29,26.147233963012695,26.2273310037435,26.058237251089576,26.067136922281886,459100
1994-08-01,26.2718505859375,26.28964994270304,26.138355410195945,26.165054445344257,486300
1994-08-02,26.307443618774414,26.41423973630665,26.218446854164217,26.36084167754053,505500
1994-08-03,26.31635284423828,26.334152203618896,26.25405508640613,26.298553484857667,144100
1994-08-04,26.165050506591797,26.325244693366848,26.156150829548736,26.29854566223767,231700
1994-08-05,26.07605743408203,26.111656147302618,26.00486000764085,26.031559042556292,138400
1994-08-08,26.138338088989258,26.165037106444814,26.07604038159296,26.102739399048517,328600
1994-08-09,26.18284034729004,26.182840347290043,26.04044556633945,26.04044556633945,105900
1994-08-10,26.280752182006836,26.307451219103356,26.165056354588586,26.20065507071728,840300
1994-08-11,26.18284034729004,26.334134802050045,26.049345240148863,26.218439042527688,876200
1994-08-12,26.387540817260742,26.396440493758977,26.22734664029255,26.22734664029255,184100
1994-08-15,26.378639221191406,26.476535655548055,26.378639221191406,26.414237924593824,325900
1994-08-16,26.56553077697754,26.59222980288405,26.289640842610268,26.396436946236307,1089500
1994-08-17,26.547727584838867,26.618924976953757,26.529928236810147,26.601125628925033,133700
1994-08-18,26.45874786376953,26.52104562194188,26.432048824552812,26.45874786376953,620000
1994-08-19,26.440940856933594,26.494338919923024,26.378643116779255,26.46763988842831,103200
1994-08-22,26.41424560546875,26.449844319222752,26.36084753483775,26.449844319222752,79700
1994-08-23,26.56553077697754,26.69012623120792,26.494333374560178,26.52993207576886,268600
1994-08-24,26.85031509399414,26.85031509399414,26.58332488755734,26.592224561105233,254700
1994-08-25,26.779123306274414,26.885919411184783,26.707925903000838,26.8236216833204,147400
1994-08-26,27.16180992126465,27.215207974845118,26.841421599781842,26.841421599781842,339500
1994-08-29,27.14402198791504,27.33091525406134,27.13512230857474,27.233018781318037,350300
1994-08-30,27.2152099609375,27.259708342168597,27.099514169736654,27.135112874721532,36000
1994-08-31,27.14402198791504,27.27751717801954,27.10842327055384,27.17072102593594,356200
1994-09-01,27.055015563964844,27.072814916309557,26.957119126068918,27.055015563964844,294600
1994-09-02,26.939321517944336,27.179612790155932,26.89482313420145,27.179612790155932,99600
1994-09-06,26.948217391967773,26.974916418445943,26.841421286055088,26.9215183654896,229800
1994-09-07,26.921520233154297,27.010516994255635,26.8948212048239,27.010516994255635,27900
1994-09-08,27.055015563964844,27.09061426865427,26.966018802241276,26.97491847841363,284800
1994-09-09,26.77024269104004,26.841440145005574,26.66344651009174,26.788042054531424,488400
1994-09-12,26.69013786315918,26.80583369250932,26.645639467255283,26.770234975786202,129400
1994-09-13,26.77024269104004,26.841440145005574,26.69014555532882,26.743543645802966,389200
1994-09-14,26.796937942504883,26.832536664447765,26.681242096190513,26.681242096190513,423500
1994-09-15,27.13511085510254,27.13511085510254,26.86812058758759,26.86812058758759,779800
1994-09-16,26.942005157470703,27.013635613190132,26.843513280856484,26.933051350505774,571300
1994-09-19,26.96885108947754,27.121065720460646,26.941989684009933,27.00466629676768,167300
1994-09-20,26.458486557006836,26.852453869530795,26.458486557006832,26.825592461858704,355600
1994-09-21,26.458486557006836,26.5390707800231,26.207780085400678,26.5390707800231,397500
1994-09-22,26.395811080932617,26.521164322158214,26.368949672098562,26.521164322158214,266400
1994-09-23,26.306270599365234,26.458485235236306,26.26150158881492,26.404762422575928,176600
1994-09-26,26.440589904785156,26.458497517318026,26.351051842120796,26.40477467971941,223000
1994-09-27,26.42268180847168,26.512219869496658,26.360005165754192,26.440589420676673,479500
1994-09-28,26.62861442565918,26.66442964344756,26.54803018563533,26.565937794529518,324000
1994-09-29,26.49431037902832,26.628617461044346,26.413726129818702,26.628617461044346,195900
1994-09-30,26.458486557006836,26.610701200482,26.458486557006832,26.485347964678922,5200
1994-10-03,26.395811080932617,26.503256716268844,26.351042066209192,26.47639530743479,72600
1994-10-04,26.00185203552246,26.530126577566477,25.98394442392775,26.530126577566477,84200
1994-10-05,26.01079559326172,26.01079559326172,25.786950536521083,25.957072779643966,461900
1994-10-06,25.93022346496582,26.04662294875192,25.885454432740396,26.02871533586175,345200
1994-10-07,26.04661750793457,26.118247944532534,25.903356634738643,25.93021804846288,188700
1994-10-10,26.324180603027344,26.368949617658345,26.154058347429547,26.163012150355748,213600
1994-10-11,26.718154907226562,26.78978534933709,26.44058694404827,26.44058694404827,461400
1994-10-12,26.75397491455078,26.789790142013363,26.691298266491255,26.75397491455078,162400
1994-10-13,26.843503952026367,27.121071871476943,26.816642540466635,27.058395244504233,1564500
1994-10-14,26.95992088317871,26.968874692837687,26.75398326102225,26.933059454201782,72800
1994-10-17,26.906185150146484,26.96886178776746,26.87932373402321,26.93304656626976,282300
1994-10-18,26.843503952026367,26.879319167439345,26.753965913493925,26.879319167439345,132100
1994-10-19,26.96885108947754,27.067342909525433,26.73605224209161,26.745006043914145,136700
1994-10-20,26.7897891998291,26.968865330844004,26.709204940872397,26.968865330844004,290300
1994-10-21,26.682336807250977,26.753967241632857,26.565937351380416,26.718152024441917,87800
1994-10-24,26.458486557006836,26.798731054186618,26.44953275444947,26.691285423498265,149600
1994-10-25,26.485355377197266,26.539078207576974,26.360002106311274,26.368955911374556,91800
1994-10-26,26.583845138549805,26.61070655162345,26.45849187753947,26.58384513854981,201000
1994-10-27,26.745014190673828,26.745014190673828,26.619660926974653,26.68233755882424,210300
1994-10-28,27.309118270874023,27.335979698681438,26.7987511425331,26.7987511425331,192100
1994-10-31,27.210603713989258,27.273280326690124,27.20164991217485,27.246418921246896,36300
1994-11-01,26.906185150146484,27.094215063009404,26.89723134477206,27.094215063009404,435200
1994-11-02,26.75397491455078,27.067358154848396,26.75397491455078,26.825605369475948,115600
1994-11-03,26.897235870361328,26.942004904766055,26.807697801551868,26.843513029075652,87000
1994-11-04,26.548030853271484,27.022582500901635,26.548030853271484,27.022582500901635,124400
1994-11-07,26.62861442565918,26.700244861235937,26.539076381188234,26.610706816764992,115000
1994-11-08,26.83454704284668,26.92408507101767,26.673378592138892,26.718147606224388,308300
1994-11-09,26.87933349609375,27.12108632900332,26.646534471810458,27.12108632900332,318500
1994-11-10,26.691295623779297,26.950955997173995,26.67338801182104,26.89723316129923,172100
1994-11-11,26.592809677124023,26.68234775684498,26.52117921334726,26.655486332928692,302200
1994-11-14,26.843503952026367,26.852457755879612,26.709196894227706,26.709196894227706,181400
1994-11-15,26.75397491455078,26.98677389305758,26.54803735664092,26.816651562610303,316900
1994-11-16,26.843503952026367,26.843503952026367,26.709196894227706,26.798734932760148,106900
1994-11-17,26.664432525634766,26.861416244763028,26.556986860655716,26.861416244763028,104700
1994-11-18,26.62861442565918,26.718152470130125,26.51221496784695,26.673383447894654,269300
1994-11-21,26.360002517700195,26.691293310212053,26.360002517700195,26.610709063384846,283100
1994-11-22,25.786972045898438,26.360015869140625,25.786972045898438,26.261523962020874,483600
1994-11-23,25.93022346496582,25.9391772714109,25.56311740071734,25.80487017473463,601600
1994-11-25,26.055578231811523,26.091393459621575,25.948132548381373,25.948132548381373,77300
1994-11-28,26.17197036743164,26.180924171867986,25.98394047426843,26.046617105322834,79900
1994-11-29,26.163022994995117,26.216745834820568,26.073484928619365,26.163022994995117,105500
1994-11-30,26.127208709716797,26.33314626980024,26.127208709716797,26.29733104195964,218800
1994-12-01,25.867542266845703,26.15406402265708,25.81381943763107,26.15406402265708,439000
1994-12-02,26.109325408935547,26.109325408935547,25.813849504101913,25.813849504101913,318500
1994-12-05,26.136154174804688,26.25255362813544,26.07347754608813,26.163015587111786,139200
1994-12-06,26.15406036376953,26.163014167386024,25.9928918986727,26.037660916755154,249900
1994-12-07,25.966041564941406,26.073487254175646,25.939180142632846,25.992902987249966,531900
1994-12-08,25.715320587158203,26.1092878942038,25.643690167695365,26.07347268447238,261500
1994-12-09,25.813817977905273,25.83172558663084,25.60788047756125,25.71532612991465,235900
1994-12-12,25.98394012451172,25.98394012451172,25.7600950166162,25.7600950166162,151100
1994-12-13,26.082435607910156,26.091389413474147,25.966036135578253,25.966036135578253,70900
1994-12-14,26.216737747192383,26.333137197572675,26.046615473559644,26.046615473559644,203300
1994-12-15,26.297313690185547,26.37789789965496,26.25254468492476,26.25254468492476,130100
1994-12-16,26.425771713256836,26.479922884800395,26.353570151198756,26.38064573697054,266100
1994-12-19,26.46188735961914,26.479937760273724,26.34455975536435,26.425786558309973,1120200
1994-12-20,26.38064956665039,26.50700231859466,26.38064956665039,26.488951925459766,675600
1994-12-21,26.660423278808594,26.723599637289183,26.39869265081758,26.39869265081758,544500
1994-12-22,26.579212188720703,26.68751458134028,26.552136590565812,26.660438983185387,222000
1994-12-23,26.606277465820312,26.669453837007808,26.56115148640067,26.56115148640067,125800
1994-12-27,26.75066375732422,26.80481489853338,26.678462235712008,26.69651261611506,95200
1994-12-28,26.61529541015625,26.77774889180522,26.552119056181652,26.77774889180522,358200
1994-12-29,26.63334846496582,26.714575213927084,26.606272881978732,26.714575213927084,220100
1994-12-30,26.317472457885742,26.714581095796223,26.31747245788574,26.68750550684778,2209500
1995-01-03,26.443828582763672,26.479929372637756,26.389677397952553,26.398702595421074,324300
1995-01-04,26.570173263549805,26.57017326354981,26.425770147987038,26.561148068827134,351800
1995-01-05,26.570173263549805,26.63334962660852,26.543097679381788,26.588223652995154,89800
1995-01-06,26.597244262695312,26.714571773864314,26.5160175241937,26.624319842195852,448400
1995-01-09,26.624338150024414,26.624338150024414,26.570186953787076,26.588237352532854,36800
1995-01-10,26.651409149169922,26.795812314217912,26.651409149169922,26.68750994043192,229800
1995-01-11,26.669466018676758,26.74166761872732,26.461886418531385,26.74166761872732,222400
1995-01-12,26.67848014831543,26.696530540837973,26.58822818570273,26.64237936327035,40300
1995-01-13,26.99437141418457,26.99437141418457,26.786791827917018,26.822892625528766,170600
1995-01-16,27.156816482543945,27.16584167911508,26.985337747692387,26.985337747692387,105100
1995-01-17,27.165843963623047,27.183894358283258,27.066566792991864,27.102667582312293,89500
1995-01-18,27.138751983642578,27.19290313492354,27.075575640481453,27.147777175522737,84500
1995-01-19,26.9853458404541,27.07559783323154,26.967295441898614,27.04852223539831,139100
1995-01-20,26.88605499267578,26.95825655022577,26.831903824513294,26.94923135553202,78700
1995-01-23,26.96729278564453,26.967292785644535,26.687511635592667,26.705562032370207,53700
1995-01-24,27.00338363647461,27.00338363647461,26.94020727101494,26.958257661146277,32400
1995-01-25,27.075584411621094,27.174861554463707,26.868004931132003,26.868004931132003,15700
1995-01-26,27.1026554107666,27.138756183874516,27.003378284719837,27.05752944438171,9800
1995-01-27,27.210962295532227,27.283163853861996,27.10265995803757,27.283163853861996,91200
1995-01-30,27.093643188476562,27.174869966856406,27.05754239808552,27.156819571660883,26600
1995-01-31,27.201942443847656,27.247068426667575,27.10266528164383,27.14779126446375,127500
1995-02-01,27.192903518676758,27.33730659079718,27.147777558639127,27.23802947871439,380200
1995-02-02,27.355379104614258,27.355379104614258,27.183900317749305,27.183900317749305,131700
1995-02-03,27.743457794189453,27.788583782794184,27.481727060282005,27.52685304888674,405100
1995-02-06,27.860795974731445,27.942022785153405,27.707367555045526,27.73444315851951,405400
1995-02-07,27.896875381469727,27.905900575705076,27.806623439116215,27.905900575705076,702900
1995-02-08,27.896875381469727,27.996152518058583,27.84272421605762,27.86077460452832,521500
1995-02-09,27.896875381469727,27.896875381469723,27.797598244880863,27.85174941029297,390700
1995-02-10,27.932981491088867,27.932981491088867,27.779553159796944,27.86077992342208,148300
1995-02-13,27.9420223236084,27.996173529661903,27.914946720581646,27.914946720581646,79700
1995-02-14,27.97810173034668,28.032252894986062,27.869799401067922,28.032252894986062,170200
1995-02-15,28.13152313232422,28.167623899898583,27.95101929445239,27.978094870133166,431500
1995-02-16,28.095422744750977,28.122498320797956,28.014196016610033,28.095422744750977,99300
1995-02-17,27.987125396728516,28.0864025264815,27.978100203114607,28.068352139253687,49100
1995-02-21,27.97810173034668,28.032252894986062,27.96907653624012,27.987126924453246,168000
1995-02-22,28.185688018798828,28.185688018798828,27.987133700382696,28.00518409296598,386400
1995-02-23,28.230806350708008,28.393259839938423,28.221781156861873,28.293982707630946,402800
1995-02-24,28.303014755249023,28.31203995128067,28.194712402869243,28.26691397112243,307600
1995-02-27,28.077390670776367,28.303020618307517,28.032264681270135,28.2217938371963,280900
1995-02-28,28.312036514282227,28.312036514282227,28.050305861137765,28.050305861137765,493500
1995-03-01,28.13152313232422,28.321052162089636,28.104447556643443,28.28495139451527,242600
1995-03-02,28.167631149291992,28.167631149291996,28.04127843026281,28.122505178210144,488600
1995-03-03,28.176666259765625,28.17666625976562,28.005187509305806,28.077389088446782,290000
1995-03-06,28.194719314575195,28.1947193145752,27.951038961984437,27.987139754960847,85700
1995-03-07,27.97810173034668,28.158605612477952,27.851749012854793,28.095429253732007,180900
1995-03-08,28.050312042236328,28.086412829935476,27.923959285289317,28.02323645146197,155900
1995-03-09,28.041288375854492,28.068363968106684,27.969086796515313,28.041288375854492,63500
1995-03-10,28.45644760131836,28.528649181023574,28.032263320550214,28.068364110402822,192100
1995-03-13,28.42936897277832,28.528646134270563,28.402293383280437,28.43839416927762,261300
1995-03-14,28.636943817138672,28.673044597242217,28.510591086776255,28.510591086776255,223300
1995-03-15,28.582809448242188,28.636960650228122,28.474507044270318,28.591834648573176,278500
1995-03-16,28.754274368286133,28.77232476023107,28.555720056891815,28.555720056891815,20400
1995-03-17,28.78288459777832,28.819180795253452,28.692144104090495,28.71029220282806,89900
1995-03-20,28.78288459777832,28.819180795253452,28.728440301565627,28.819180795253452,91700
1995-03-21,28.710283279418945,28.964356582776638,28.664913046676503,28.782875651806858,104400
1995-03-22,28.73751449584961,28.76473664409323,28.646774001704205,28.76473664409323,74900
1995-03-23,28.755661010742188,28.837327450974655,28.664920521595008,28.70121671725388,220500
1995-03-24,29.163982391357422,29.163982391357422,28.846390797176493,28.846390797176493,134000
1995-03-27,29.281946182250977,29.28194618225098,29.13676144753886,29.209353814894918,132100
1995-03-28,29.281946182250977,29.28194618225098,29.17305763121689,29.209353814894918,121900
1995-03-29,29.27288055419922,29.554176058594813,29.1095476806792,29.25473245714144,246100
1995-03-30,29.21843147277832,29.33639408431438,29.10046886124226,29.33639408431438,298400
1995-03-31,29.100446701049805,29.13674286157497,28.773781256323335,28.991558219474314,541300
1995-04-03,29.173065185546875,29.17306518554687,29.073250654585436,29.09139875112388,193300
1995-04-04,29.363603591918945,29.363603591918945,29.182122729175315,29.182122729175315,66900
1995-04-05,29.363603591918945,29.390825721330486,29.28193720368431,29.300085289958673,107200
1995-04-06,29.472497940063477,29.49972007486033,29.38175749074062,29.43620176033433,352500
1995-04-07,29.445268630981445,29.536009058195564,29.30915799016027,29.536009058195564,361400
1995-04-10,29.49972152709961,29.49972152709961,29.381758937172727,29.39990702793071,285400
1995-04-11,29.399911880493164,29.581392818027073,29.381763786739775,29.57231877115038,250300
1995-04-12,29.49972152709961,29.49972152709961,29.390832982551718,29.445277254825662,150900
1995-04-13,29.663057327270508,29.672131373562117,29.536020679187978,29.554168771771195,243400
1995-04-17,29.490663528442383,29.799181239201474,29.399923025277946,29.771959088252142,178900
1995-04-18,29.39082908630371,29.517865704768745,29.31823673289512,29.517865704768745,329500
1995-04-19,29.363603591918945,29.45434402329076,29.20934485858686,29.390825721330486,223000
1995-04-20,29.408981323242188,29.49064773234715,29.2910187323128,29.445277505066613,207900
1995-04-21,29.554161071777344,29.563235115704817,29.41805041286526,29.41805041286526,145000
1995-04-24,29.89899444580078,29.89899444580078,29.53603244949364,29.53603244949364,169000
1995-04-25,29.81731605529785,29.89898247176093,29.7991679627505,29.853612240392554,293200
1995-04-26,29.84455680847168,29.862704912338188,29.690297925606366,29.762890341072396,204400
1995-04-27,29.917133331298828,29.93528142552467,29.781022624605022,29.79917071883086,502200
1995-04-28,29.962499618530273,30.007869848116176,29.717500378766395,29.90805534302719,130800
1995-05-01,29.880826950073242,29.998789522302502,29.880826950073242,29.935271214179053,518700
1995-05-02,29.944351196289062,29.989721425374345,29.84453669230143,29.90805501302083,228400
1995-05-03,30.36176300048828,30.361763000488285,30.04417133730326,30.04417133730326,724700
1995-05-04,30.343610763549805,30.597684059416846,30.271018393302075,30.398055041235597,311400
1995-05-05,30.307327270507812,30.470660171965637,30.24380891994088,30.470660171965637,314900
1995-05-08,30.525089263916016,30.624903765076265,30.25286789711534,30.280090033795407,183100
1995-05-09,30.497882843017578,30.68843789797246,30.45251259183784,30.65214169702867,180600
1995-05-10,30.53415298461914,30.588597239569427,30.38896830475171,30.579523197077712,330300
1995-05-11,30.615827560424805,30.6158275604248,30.47971688662327,30.579531380744395,351700
1995-05-12,30.63397979736328,30.706572166551346,30.488795058987154,30.49786910513566,94600
1995-05-15,30.7791748046875,30.7791748046875,30.652138116224755,30.715656460456128,147200
1995-05-16,30.797319412231445,30.869911797410545,30.715652978904963,30.770097267789286,221600
1995-05-17,30.67932891845703,30.806365477125592,30.65210679874234,30.797291437220697,189200
1995-05-18,30.234731674194336,30.643063884680153,30.234731674194336,30.62491578643634,577800
1995-05-19,30.25287437438965,30.307318659406548,30.143985804355854,30.189356041869935,363900
1995-05-22,30.588621139526367,30.633991387434296,30.33454775124196,30.35269585040513,216000
1995-05-23,30.869909286499023,30.869909286499027,30.552317627172904,30.64305810126608,136800
1995-05-24,30.851760864257812,31.02416776320513,30.66120587068445,30.924353242761946,370800
1995-05-25,30.878978729248047,30.906200867416644,30.61583139361825,30.761016130517447,379900
1995-05-26,30.525089263916016,30.770088494036628,30.407126671635723,30.761014448476605,518600
1995-05-30,30.516006469726562,30.67933924298112,30.416191997182107,30.59767285635384,61500
1995-05-31,31.151203155517578,31.151203155517578,30.461575587845182,30.461575587845182,564500
1995-06-01,31.06952667236328,31.305451816487537,30.92434196828682,31.01508240833461,810100
1995-06-02,31.09676170349121,31.31453884994111,30.83361431819759,30.94250289142254,112900
1995-06-05,31.287322998046875,31.387137543574283,31.069545807805248,31.09676795658545,257200
1995-06-06,31.232868194580078,31.368978892697076,31.232868194580078,31.26009033420348,165800
1995-06-07,31.06952667236328,31.18748924442541,31.033230496344167,31.169341156415854,41900
1995-06-08,30.99694061279297,31.151199392189184,30.996940612792965,31.06045893372082,141100
1995-06-09,30.81545066833496,30.969709402540406,30.633969804563847,30.933413229786183,304900
1995-06-12,30.98786163330078,31.114898254930715,30.897121189279407,30.91526927808368,378500
1995-06-13,31.323606491088867,31.341754582914525,31.10582938918095,31.133051526919438,120000
1995-06-14,31.296388626098633,31.3326848147053,31.178426013126966,31.2782405317953,389400
1995-06-15,31.432504653930664,31.49602299474403,31.287319874928674,31.341764167054418,274500
1995-06-16,31.525829315185547,31.525829315185547,31.370664550171604,31.370664550171604,325100
1995-06-19,31.881790161132812,31.900044836289485,31.598842696204347,31.617097371361023,134600
1995-06-20,31.799633026123047,31.90003370444892,31.77225102294326,31.790505691729784,287800
1995-06-21,31.7813777923584,31.927415140054475,31.7813777923584,31.900033137361458,158200
1995-06-22,32.20123291015625,32.219487577338874,31.91828556882551,31.91828556882551,297000
1995-06-23,32.13735580444336,32.14648314207597,32.036955090484575,32.12822846681074,315400
1995-06-26,31.75398826599121,32.10082688459071,31.753988265991207,32.04606289218026,132900
1995-06-27,31.690109252929688,31.954801985745057,31.67185458170104,31.744873266615627,127700
1995-06-28,31.854412078857422,31.982194820721034,31.589719256425656,31.690119982175634,212600
1995-06-29,31.799633026123047,31.936543042021967,31.58057700068477,31.854397032482613,89200
1995-06-30,31.7813777923584,31.973051811209498,31.717486452741365,31.86352380043744,714100
1995-07-03,31.90005874633789,31.90005874633789,31.817912672312985,31.817912672312985,9500
1995-07-05,32.01869583129883,32.16473321251342,31.918295131713798,31.991313822321093,409300
1995-07-06,32.42942428588867,32.42942428588867,31.963930157383096,32.02782150835445,202500
1995-07-07,32.575469970703125,32.58459730888488,32.34728651615911,32.365541192522635,481700
1995-07-10,32.59370803833008,32.68498137363764,32.53894403714554,32.602835371860834,400400
1995-07-11,32.43854904174805,32.59371373890891,32.3929123661125,32.56633173352758,420500
1995-07-12,32.84015655517578,32.894920573889245,32.43855375127702,32.502445106442735,203400
1995-07-13,32.76713180541992,32.86753248783207,32.73062246636096,32.79451380971415,215600
1995-07-14,32.73973846435547,32.76712045916815,32.56631916387519,32.593701158687864,543700
1995-07-17,32.922298431396484,32.95880777260125,32.758006395975045,32.78538840187862,171500
1995-07-18,32.63934326171875,32.86752658989072,32.61196126233811,32.86752658989072,221200
1995-07-19,32.28338623046875,32.54807896461735,31.66272740556859,32.511569621976165,486600
1995-07-20,32.40204620361328,32.465937562324626,32.14648076876788,32.3199001709844,318900
1995-07-21,32.36555099487305,32.493333768118454,32.23776822162764,32.37467833581915,94000
1995-07-24,32.60283660888672,32.63934594439499,32.41116259746829,32.41116259746829,108400
1995-07-25,32.84928894042969,32.894925629705085,32.538959453357,32.63936016976287,107400
1995-07-26,32.82189178466797,32.98618379026419,32.81276445102373,32.831019118312206,167800
1995-07-27,33.0957145690918,33.1230965723205,32.97705922176742,32.97705922176742,187700
1995-07-28,32.885807037353516,33.12311788469495,32.85842501650643,33.12311788469495,415600
1995-07-31,32.803653717041016,32.940563790985266,32.73063501093742,32.91318177619642,342500
1995-08-01,32.74886703491211,32.84926768635694,32.56632039592152,32.84926768635694,141000
1995-08-02,32.67585372924805,33.17785706866387,32.62108972858451,32.94054639912184,240400
1995-08-03,32.6667366027832,32.68499127537487,32.39291651390824,32.44768053168323,1193600
1995-08-04,32.70323944091797,32.758003447796426,32.666730102999,32.7306214443572,240500
1995-08-07,32.77626037597656,32.87666106217421,32.75800570575881,32.77626037597656,193100
1995-08-08,32.77626037597656,32.894915732391965,32.67585968977892,32.79451504619432,951900
1995-08-09,32.76713180541992,32.885787157361555,32.739749801125704,32.885787157361555,107100
1995-08-10,32.694114685058594,32.8766613890511,32.55720465706421,32.803642707454095,280800
1995-08-11,32.51157760620117,32.70325170213891,32.37466753767421,32.66674235053172,257200
1995-08-14,32.803653717041016,32.803653717041016,32.52070623088958,32.593724936993176,254800
1995-08-15,32.73973846435547,32.79450245398082,32.51155517424984,32.79450245398082,44400
1995-08-16,32.831016540527344,32.831016540527344,32.67585188075838,32.71236121246873,374900
1995-08-17,32.77626037597656,32.84927905684758,32.65760501956117,32.84927905684758,353800
1995-08-18,32.812782287597656,32.9496923666836,32.78540027178047,32.94056502807787,85400
1995-08-21,32.72150421142578,33.086597703324536,32.71237687412831,32.949687643862504,266700
1995-08-22,32.78539276123047,32.84015678031938,32.60284603093409,32.76713808820083,220200
1995-08-23,32.6667366027832,32.83102865610818,32.6667366027832,32.812773983516514,176500
1995-08-24,32.70323944091797,32.76713078227617,32.566329423721825,32.67585743747874,167400
1995-08-25,32.885807037353516,32.94057107904769,32.75802427340044,32.75802427340044,195000
1995-08-28,32.76713180541992,32.977060505008964,32.71236779683148,32.977060505008964,293000
1995-08-29,32.84928894042969,32.85841627828477,32.575468804777316,32.8036522511543,1133100
1995-08-30,32.922298431396484,32.95880777260125,32.840152413685765,32.87666175489053,437400
1995-08-31,32.94967269897461,33.004436697920276,32.885781366871335,32.913163366344165,491900
1995-09-01,33.0957145690918,33.1504785755492,32.913167880900446,32.94054988412915,629900
1995-09-05,33.40605163574219,33.42430630876718,33.14135887687975,33.19612289595474,272200
1995-09-06,33.469940185546875,33.506449528536294,33.424303506810105,33.43343084255746,214500
1995-09-07,33.48820114135742,33.5247104911981,33.44256445405658,33.50645581627776,258800
1995-09-08,33.6159782409668,33.6159782409668,33.396922178576574,33.6159782409668,107300
1995-09-11,33.707271575927734,33.77116296532159,33.67076221055982,33.67076221055982,260700
1995-09-12,33.86241912841797,33.86241912841797,33.63423571111057,33.71638174134123,139500
1995-09-13,34.017574310302734,34.063210980963184,33.81677295939673,33.825900293528825,239800
1995-09-14,34.32789611816406,34.3552781145359,34.04494882232171,34.13622214356118,457600
1995-09-15,34.31843185424805,34.40101631592939,34.18079108477914,34.30007975165219,431200
1995-09-18,34.18996047973633,34.217488628270736,34.02479158852987,34.1991365292478,307500
1995-09-19,34.35515594482422,34.3735080580426,34.134930586203545,34.25421932212308,549600
1995-09-20,34.52030944824219,34.52030944824219,34.38266866096849,34.41019681842323,290800
1995-09-21,34.23586654663086,34.50197218314983,34.098225700155524,34.474444013854765,508500
1995-09-22,34.245033264160156,34.28173747987737,33.933047430563846,33.96057559235175,449900
1995-09-25,34.18996047973633,34.28172097485103,34.07067183608722,34.28172097485103,130000
1995-09-26,34.18080139160156,34.373498526963616,34.09821690501783,34.290914040379874,466600
1995-09-27,34.15327453613281,34.1716266449647,33.822936577158934,34.033985828725584,654400
1995-09-28,34.410213470458984,34.410213470458984,34.153283876546226,34.18081204732259,456200
1995-09-29,34.345947265625,34.59370055875134,34.30006702615716,34.38265145719927,606600
1995-10-02,34.171630859375,34.42856041470865,34.08904635944633,34.34597591477998,293100
1995-10-03,34.20832824707031,34.263384569356376,34.0339832264978,34.17162403221295,839700
1995-10-04,34.171630859375,34.22668719266078,34.12575058163685,34.22668719266078,248800
1995-10-05,34.27254867553711,34.27254867553711,34.11655581677295,34.208316321928336,268800
1995-10-06,34.30008316040039,34.40101973470868,34.290907108190545,34.290907108190545,75300
1995-10-09,34.0156364440918,34.18998149195739,33.951404058036054,34.17162938165575,358200
1995-10-10,33.99726104736328,33.99726104736328,33.63021909273588,33.66692328819862,360800
1995-10-11,34.10738754272461,34.11656359533228,33.98809885882484,34.11656359533228,228100
1995-10-12,34.31843185424805,34.3367839568439,34.1349108282895,34.1349108282895,199800
1995-10-13,34.42854309082031,34.566183854776156,34.42854309082031,34.47442334547226,488100
1995-10-16,34.26338577270508,34.391850529217635,34.26338577270508,34.32761815096136,443600
1995-10-17,34.49278259277344,34.529486804098546,34.235853113497654,34.3000854833166,146000
1995-10-18,34.593727111816406,34.70383977105826,34.48361445257455,34.657959496374154,228100
1995-10-19,34.75889205932617,34.75889205932617,34.52949071257771,34.575370981927406,500600
1995-10-20,34.54782485961914,34.75887398890765,34.54782485961914,34.73134584160915,748400
1995-10-23,34.47443771362305,34.538670096906344,34.382677166075474,34.382677166075474,533000
1995-10-24,34.5111198425293,34.557000086935744,34.42853540259769,34.52029589141058,172200
1995-10-25,34.22667694091797,34.58454300008574,34.22667694091797,34.53866273608987,302700
1995-10-26,33.914695739746094,34.30926606355808,33.63941411848192,34.28173790143166,606800
1995-10-27,34.171630859375,34.171630859375,33.72200413754112,33.877997081850836,905800
1995-10-30,34.391849517822266,34.41020162535579,34.25420871132084,34.25420871132084,488700
1995-10-31,34.245033264160156,34.55701909775647,34.245033264160156,34.48361066632204,508200
1995-11-01,34.52030944824219,34.52030944824219,34.199147611270234,34.226675768724974,415700
1995-11-02,34.74053955078125,34.74053955078125,34.46525793785905,34.46525793785905,326000
1995-11-03,34.786415100097656,34.79559115261681,34.68547852238701,34.786415100097656,615000
1995-11-06,34.6671257019043,34.77723832986164,34.65794964957452,34.77723832986164,311200
1995-11-07,34.53863525390625,34.64874779988045,34.42852270793205,34.64874779988045,358200
1995-11-08,34.850650787353516,34.8690028941399,34.58454523895087,34.58454523895087,357200
1995-11-09,34.97911071777344,34.98828676990297,34.813941779441876,34.98828676990297,503700
1995-11-10,34.96076202392578,35.00664228904905,34.77724096343273,34.786417016457385,795600
1995-11-13,34.924072265625,35.03418494749244,34.832311697402126,34.896544095158134,818500
1995-11-14,34.69466018676758,34.93323759085537,34.69466018676758,34.859829158828354,341800
1995-11-15,35.043357849121094,35.052533905117194,34.71301983326135,34.73137194525356,584700
1995-11-16,35.236045837402344,35.2727500518163,35.034172658125556,35.04334871172905,577700
1995-11-17,35.34616470336914,35.355340758588085,35.24522809596077,35.29110837205548,267000
1995-11-20,35.16264343261719,35.410396922356405,35.153467377441665,35.401220867180875,448800
1995-11-21,35.447086334228516,35.447086334228516,35.190156896651914,35.19933294799394,119200
1995-11-22,35.33698654174805,35.45627525248363,35.33698654174805,35.419571033795755,351600
1995-11-24,35.428733825683594,35.428733825683594,35.346149364551465,35.37367751826218,62400
1995-11-27,35.437923431396484,35.61226847158202,35.437923431396484,35.50215581462274,273000
1995-11-28,35.81412124633789,35.81412124633789,35.32779062218829,35.4103750677986,479000
1995-11-29,35.85083770751953,35.87836586547258,35.731549023056324,35.87836586547258,549200
1995-11-30,35.768245697021484,35.94259066065499,35.73154149415127,35.850830153479464,286200
1995-12-01,35.81412124633789,35.86917754341143,35.73153680072758,35.81412124633789,465200
1995-12-04,36.25457763671875,36.25457763671875,35.85083139120733,35.89671164637908,631700
1995-12-05,36.493160247802734,36.52986445725488,36.19035051982247,36.21787867691159,567700
1995-12-06,36.57574462890625,36.72256146635294,36.41057568677873,36.58492068124667,272800
1995-12-07,36.383060455322266,36.575757622929274,36.35553228852127,36.529877344927606,289700
1995-12-08,36.50233840942383,36.548218673890176,36.27293708709211,36.53904262099691,296900
1995-12-11,36.658321380615234,36.731729783880546,36.50232852367645,36.57573692694176,186500
1995-12-12,36.548221588134766,36.62163001713429,36.49316526638513,36.49316526638513,299400
1995-12-13,36.77761459350586,36.82349485123229,36.59409356260014,36.59409356260014,390700
1995-12-14,36.511512756347656,36.87855485492868,36.4197522317024,36.814322487677,395000
1995-12-15,36.52487564086914,36.56180675880733,36.39561672808548,36.56180675880733,416700
1995-12-18,35.82319259643555,36.20173664191334,35.813959814838526,36.20173664191334,862300
1995-12-19,36.20173263549805,36.24789653837422,35.795490290187686,35.84165419306387,1022600
1995-12-20,35.850887298583984,36.34945745416564,35.850887298583984,36.31252633152996,1349800
1995-12-21,36.035560607910156,36.14635403022502,35.89706883001657,36.06325896348887,857600
1995-12-22,36.16481399536133,36.266374616742226,36.127882860313726,36.229443481694624,332800
1995-12-26,36.34023666381836,36.35870223122883,36.238676043060735,36.31253831270264,432200
1995-12-27,36.3217658996582,36.43255928826926,36.25713642296842,36.43255928826926,151800
1995-12-28,36.284828186035156,36.43255267737779,36.19250037894601,36.247897063199495,256200
1995-12-29,36.33100509643555,36.35870344847857,36.192513336220415,36.3217723124212,339200
1996-01-02,36.718780517578125,36.718780517578125,36.247908552177954,36.28483968671914,514400
1996-01-03,36.820343017578125,36.93113642685871,36.63568733544383,36.838808585791554,610300
1996-01-04,36.469478607177734,37.00497981204262,36.17402966656262,36.86648812112929,1129700
1996-01-05,36.3956298828125,36.48795771102866,36.14634474662885,36.2294397920234,302400
1996-01-08,36.53411865234375,36.580282562695466,36.4787219599217,36.52488587027341,179900
1996-01-09,35.90629196166992,36.672612926652846,35.82319691727418,36.64491457852093,415500
1996-01-10,35.4354133605957,35.93398353294385,35.241524960238095,35.86012128518857,787700
1996-01-11,35.64776611328125,35.64776611328125,35.32461879031703,35.4908088421272,513200
1996-01-12,35.59238052368164,35.74933784376013,35.2600003164566,35.7401050602261,390400
1996-01-15,35.51850891113281,35.72163009544394,35.370784413451986,35.601603941078274,154200
1996-01-16,35.95242691040039,35.98012523621734,35.389227618789086,35.69390920277553,454600
1996-01-17,35.841644287109375,36.11862762781347,35.72161817280427,35.86934262117979,407600
1996-01-18,35.9616813659668,35.9893797084823,35.67546515997322,35.9801469276438,425600
1996-01-19,36.20173263549805,36.2940604412504,35.92474921824098,35.961680340541925,169800
1996-01-22,36.21098327636719,36.29407834252917,36.10942263994698,36.174052135850744,288200
1996-01-23,36.29405212402344,36.29405212402344,36.118629333294244,36.19249156096969,362200
1996-01-24,36.589508056640625,36.663370298491024,36.33099021016424,36.34945577062683,1506500
1996-01-25,36.46027374267578,36.63569668547417,36.414109810360415,36.617231112548026,298400
1996-01-26,36.774169921875,36.79263548548126,36.38639308614346,36.43255699515912,726300
1996-01-29,36.92189407348633,36.92189407348633,36.718772875782726,36.74647122092413,254800
1996-01-30,37.23582077026367,37.309683048012765,36.94960444398592,36.9957683675791,272100
1996-01-31,37.62359619140625,37.6328289757477,37.20812089604103,37.22658646472393,498000
1996-02-01,37.762081146240234,37.762081146240234,37.5589599273607,37.58665827538973,373900
1996-02-02,37.605125427246094,37.82671222082673,37.52203037965336,37.74361717323399,496200
1996-02-05,37.909793853759766,37.965190532552406,37.48508598301623,37.54048266180887,295300
1996-02-06,38.26987075805664,38.30680187579662,37.87286124235183,37.928257918961805,301600
1996-02-07,38.4914436340332,38.4914436340332,38.22369312662448,38.26062423109465,585100
1996-02-08,38.906944274902344,38.94387540378218,38.36221012392483,38.4360723816845,1526600
1996-02-09,38.8977165222168,39.22086394169878,38.71306085394138,38.888483738803025,804600
1996-02-12,39.19316864013672,39.36859153864381,38.93465068444206,38.97158182096987,626500
1996-02-13,39.11004638671875,39.40549527349283,38.99925305417847,39.02695138731354,1045900
1996-02-14,38.768455505371094,39.211629085808774,38.74998993951952,39.082370124847785,431400
1996-02-15,38.52839279174805,38.94386791171657,38.48222888952932,38.685350059291714,889500
1996-02-16,38.37144470214844,38.54686757253843,38.25141852767107,38.45453974601738,606100
1996-02-20,37.99290466308594,38.18679311944677,37.743619504907734,38.07599971581201,492300
1996-02-21,38.46376037597656,38.49145871518154,38.06675084737191,38.06675084737191,434000
1996-02-22,39.07312774658203,39.19315389514195,38.648419836293094,38.67611817826846,721400
1996-02-23,38.96232986450195,39.35933938681797,38.60225146054092,39.29470992969676,1430400
1996-02-26,38.40837860107422,38.93464725017547,38.38991303443908,38.85155220031738,1408400
1996-02-27,38.28832244873047,38.50990907491072,38.11289970300443,38.50067629881988,601000
1996-02-28,38.11293029785156,38.8423201945401,38.11293029785156,38.59303503997567,865900
1996-02-29,37.74360275268555,38.38066454083019,37.74360275268555,37.891327225298795,914300
1996-03-01,38.343753814697266,38.343753814697266,37.586665489918744,38.19602926352097,1452600
1996-03-04,38.565330505371094,38.79615005591796,38.29757982673672,38.426838775042974,652600
1996-03-05,38.92539978027344,38.92539978027344,38.454528008737874,38.47299356840593,402000
1996-03-06,38.583805084228516,38.98081480392745,38.583805084228516,38.87002139377891,624700
1996-03-07,38.777679443359375,38.79614500499907,38.54685992286319,38.65765329270136,534200
1996-03-08,37.52201461791992,38.334499186418185,36.63566781592181,37.92825690216905,2289900
1996-03-11,37.95595932006836,38.01135600114849,37.263500806566746,37.374294168727005,1511400
1996-03-12,37.6605110168457,37.845166623694666,37.171173658695956,37.706674918557944,1385300
1996-03-13,37.91904830932617,38.076005655627256,37.69746146748935,37.90981552424964,1019300
1996-03-14,38.08523178100586,38.297585800633286,37.95597281253699,37.97443837946112,725600
1996-03-15,38.059627532958984,38.180186781966896,37.83705661171361,38.02253237941809,869200
1996-03-18,38.79226303100586,38.79226303100586,38.328573537448534,38.41203764628885,917600
1996-03-19,38.708805084228516,39.13539948621091,38.57897200536431,39.13539948621091,858300
1996-03-20,38.66242218017578,38.894266880224805,38.365660964113026,38.894266880224805,744300
1996-03-21,38.56968307495117,38.72733746597646,38.439850047048,38.70878989056172,650800
1996-03-22,38.67170333862305,38.77371502608704,38.54187028185069,38.588239230697965,344500
1996-03-25,38.59750747680664,39.06119689868082,38.495495803994324,39.02410174493088,802400
1996-03-26,38.78297805786133,38.88498971702835,38.49549065475427,38.53258580354228,969400
1996-03-27,38.43058395385742,38.8664520633727,38.3934887956008,38.83863069468023,809600
1996-03-28,38.57896041870117,38.59750799582555,38.28219918471117,38.29147297327335,1001300
1996-03-29,38.39348220825195,38.6902434233882,38.2080064487918,38.6902434233882,457700
1996-04-01,38.838619232177734,38.8478930190049,38.45839397226386,38.578953201017036,773400
1996-04-02,38.912811279296875,38.912811279296875,38.75515689613481,38.88498991756239,638800
1996-04-03,38.912811279296875,38.94063264103136,38.680966598176184,38.77370447062446,288000
1996-04-04,38.88500213623047,39.00556140829605,38.87572834607158,38.91282350670714,934900
1996-04-08,38.217288970947266,38.217288970947266,37.7443256762328,37.91125389789673,2217200
1996-04-09,38.068912506103516,38.365673821620035,37.99472217722438,38.365673821620035,1180900
1996-04-10,37.39193344116211,38.17093205451965,37.24355275290353,38.00400378022875,939500
1996-04-11,37.34554672241211,37.67012932367469,36.87258350342949,37.484653551524644,1276000
1996-04-12,37.818519592285156,37.874162338129615,37.49393690819247,37.60522239988139,411300
1996-04-15,38.13383102416992,38.18019998212733,37.892712442791414,38.013271733480664,484200
1996-04-16,38.245121002197266,38.374954099682896,38.124561697389176,38.208025831487085,429700
1996-04-17,38.15237808227539,38.31930632862468,37.892711921287614,38.208020831058484,525300
1996-04-18,38.208003997802734,38.328563233718135,38.0410758249968,38.245099147315166,818600
1996-04-19,38.300750732421875,38.49550031241724,38.23583420575675,38.39348862765776,885100
1996-04-22,38.59750747680664,38.74588809180638,38.3378414005571,38.653150207431544,828900
1996-04-23,38.71807861328125,38.745899987135104,38.449138666027316,38.532602787588885,225400
1996-04-24,38.57896041870117,38.91281680693994,38.49549632164148,38.91281680693994,699000
1996-04-25,38.75518035888672,38.9128348374943,38.43059760881229,38.66244243029403,475500
1996-04-26,38.838619232177734,39.06119011602975,38.718060003424554,38.857166805832065,563300
1996-04-29,38.838619232177734,38.91280952679507,38.67169106928871,38.67169106928871,219900
1996-04-30,38.81080627441406,38.912817951598896,38.6531518642193,38.838627640919015,184400
1996-05-01,38.894287109375,39.05194158740537,38.745906424169945,38.80154918112184,561900
1996-05-02,38.226558685302734,38.8015336097299,38.04108290322946,38.588236460345634,1299600
1996-05-03,38.17091751098633,38.56969045874445,37.83706108960744,38.44913119546874,1329300
1996-05-06,38.13383102416992,38.31930685599954,37.7999745268766,38.31930685599954,647500
1996-05-07,37.97615051269531,38.13380486158806,37.84631751948952,38.13380486158806,582100
1996-05-08,38.449119567871094,38.449119567871094,37.43827681994588,37.79068071371797,1694700
1996-05-09,38.42129898071289,38.616048504872914,38.28219217774145,38.3192873252005,593400
1996-05-10,38.801517486572266,38.93135048007419,38.616041781569535,38.801517486572266,925100
1996-05-13,39.385780334472656,39.55270852990956,38.85717438225581,38.894269536797346,867500
1996-05-14,39.62689971923828,39.728911396493515,39.50634046430027,39.543435619665814,632300
1996-05-15,39.58052062988281,39.95147208845716,39.55269927048974,39.636163348668966,466100
1996-05-16,39.66400146484375,39.72891799751943,39.33941880146532,39.357966382229804,514400
1996-05-17,39.877296447753906,39.942212976854904,39.76601096929506,39.76601096929506,427700
1996-05-20,40.1462516784668,40.21116823234743,39.75675235518299,40.15552547187831,788500
1996-05-21,40.090579986572266,40.28532950767289,40.06275862641503,40.21113921392027,352700
1996-05-22,40.47080612182617,40.47080612182617,39.99784298887174,40.13694979268187,1218100
1996-05-23,40.30390930175781,40.61921830227777,40.08133824256725,40.526480360948376,967900
1996-05-24,40.4615364074707,40.55427428601178,40.322429589659095,40.340977165367306,659100
1996-05-28,40.053497314453125,40.58210332207615,39.95148562877149,40.58210332207615,456400
1996-05-29,39.784568786621094,40.174068061455145,39.65473569500975,40.13697289242334,649600
1996-05-30,39.98859405517578,40.1926174942328,39.61764234779938,39.7289278600123,895800
1996-05-31,39.691802978515625,40.14621847990518,39.69180297851563,39.97929033653759,923500
1996-06-03,39.803096771240234,39.83091813431426,39.589799654339366,39.701085106635475,503100
1996-06-04,40.081321716308594,40.11841687754534,39.91439349074322,39.98858381321672,627100
1996-06-05,40.4337158203125,40.48008476047341,40.01639535886432,40.099859451153954,428000
1996-06-06,40.1369743347168,40.65630671982404,40.06278399398719,40.65630671982404,523300
1996-06-07,40.1369743347168,40.146248127308,39.28378541632633,39.28378541632633,1422800
1996-06-10,40.00711441040039,40.20186392422014,39.942197905793805,40.08130470137934,548800
1996-06-11,39.97003173828125,40.37807846600384,39.97003173828125,40.1555075236097,688700
1996-06-12,39.89582443237305,40.20185934782361,39.83090793515626,40.09984770934008,1120600
1996-06-13,39.89582443237305,40.044204997439984,39.66397979945595,39.988562285539885,1502000
1996-06-14,39.72890090942383,39.914376637292285,39.59906789991591,39.914376637292285,1468200
1996-06-17,39.70109939575195,39.895849007363914,39.599087694431404,39.747468350897655,1101000
1996-06-18,39.37651062011719,39.78455736229457,39.36723683052225,39.67327188715528,718000
1996-06-19,39.55268478393555,39.7659817944937,39.422851820987105,39.56195856700329,552100
1996-06-20,39.52488708496094,39.71963664591452,39.28376858092316,39.589803605278796,1234400
1996-06-21,39.86482620239258,39.86482620239258,39.60378430957991,39.715659406499626,573300
1996-06-24,39.93942642211914,40.107239138178464,39.88348885009937,39.95807227945907,416500
1996-06-25,39.89281463623047,40.079273222985464,39.846199989541724,40.05130443497222,454400
1996-06-26,39.6224479675293,39.930104622335996,39.61312503859576,39.84619826193417,838200
1996-06-27,39.90212631225586,40.004678506049046,39.4732716836662,39.62243851100173,1090500
1996-06-28,40.04197692871094,40.27505013551368,39.95807057426195,40.06994571352727,1060800
1996-07-01,40.386924743652344,40.39624767180185,40.08859104286821,40.14452861176523,471300
1996-07-02,40.23775863647461,40.35895670465676,40.172498138222686,40.34963377633506,389400
1996-07-03,40.15384292602539,40.275040965969275,40.01399903378244,40.2191034090721,308300
1996-07-05,39.12834930419922,39.64111061268885,39.007151176738034,39.454651955056256,842900
1996-07-08,38.969825744628906,39.370711511858346,38.85795064679744,39.156284241014696,942000
1996-07-09,39.12834930419922,39.268193297423664,39.007151176738034,39.14699516996248,716300
1996-07-10,39.286827087402344,39.286827087402344,38.73677421645864,39.11901434711443,1132300
1996-07-11,38.49435806274414,39.19357745114467,38.11211813041851,39.11899404971528,1587400
1996-07-12,38.522342681884766,38.72744712017166,38.2333318824805,38.559634397936925,1312000
1996-07-15,37.38495635986328,38.61558335225779,37.38495635986328,38.61558335225779,1951300
1996-07-16,37.478172302246094,37.88838115331545,36.02379546663654,37.496818159112884,4141000
1996-07-17,37.9256706237793,38.186712604473946,37.59004522002904,38.03754575836272,1340500
1996-07-18,38.447757720947266,38.51301822144354,37.7858297873422,38.03754886068497,1432500
1996-07-19,38.168060302734375,38.41045638672829,37.96295592397029,38.35451882888354,1216000
1996-07-22,37.88838577270508,38.03755264582597,37.599374956033365,37.90703163184519,519800
1996-07-23,37.40357971191406,38.149413803876456,37.33831922886735,37.9443094285868,1479800
1996-07-24,37.478172302246094,37.70192258464756,36.76962974130811,36.956088309975996,2463400
1996-07-25,37.81377029418945,37.925645354231435,37.66460354746682,37.851061980870114,1989800
1996-07-26,38.01890182495117,38.07483939507125,37.82312032953087,37.9256725414177,642300
1996-07-29,37.5993766784668,38.01890852833811,37.55276202848109,37.96297094835526,1297900
1996-07-30,37.962955474853516,38.00024717964217,37.55274672217828,37.85108036048754,1868200
1996-07-31,38.24264144897461,38.345193632284875,37.89769319602189,37.99092245357668,767100
1996-08-01,38.876625061035156,39.01646903607485,38.224019844183246,38.279957434199126,1168600
1996-08-02,39.715675354003906,39.73432121097761,39.230883072687426,39.38004992847711,1098500
1996-08-05,39.48258590698242,39.734304872623156,39.36138788648873,39.724981947969795,710200
1996-08-06,39.60380172729492,39.687708086886644,39.25885336008449,39.473280723485566,640000
1996-08-07,39.70635986328125,39.8275579563131,39.454640746984325,39.752974514447345,917800
1996-08-08,39.64109420776367,39.71567763995137,39.49192734338827,39.71567763995137,925100
1996-08-09,39.51057434082031,39.83687686605125,39.417345047897186,39.780939290297376,648800
1996-08-12,39.79961013793945,39.89283948939867,39.38007805637298,39.529245018707726,764200
1996-08-13,39.48258590698242,39.75295072192988,39.38003373579545,39.724981947969795,805200
1996-08-14,39.6224479675293,39.65973968326344,39.38005181525735,39.491926962459786,533800
1996-08-15,39.5478630065918,39.75296743519741,39.50124836372689,39.51989422087285,632600
1996-08-16,39.883506774902344,39.902152640622255,39.65975638626334,39.65975638626334,475100
1996-08-19,39.90212631225586,39.93009509238127,39.752959484920325,39.89280338554739,436400
1996-08-20,39.8741569519043,39.92077158476834,39.780927686176206,39.91144865819553,645700
1996-08-21,39.73432159423828,39.86484259431321,39.60380059416335,39.771613308545405,266400
1996-08-22,40.10723876953125,40.18182219820541,39.8089050548346,39.82755091200313,584800
1996-08-23,39.89281463623047,40.09791908166096,39.762293625501975,40.03265857629671,757100
1996-08-26,39.69703674316406,39.84620362618206,39.631776231843695,39.79958897523894,784700
1996-08-27,39.84618377685547,39.88347547903315,39.67837111705589,39.808892074677786,389400
1996-08-28,39.78093719482422,39.97671869964993,39.77161426602299,39.939426984445035,227600
1996-08-29,39.389366149902344,39.7343144451796,39.15629297741772,39.7343144451796,680200
1996-08-30,38.97917175292969,39.389380687904314,38.85797365850537,39.38005775756398,1500900
1996-09-03,39.23088073730469,39.2868183048959,38.410463079300214,38.46640064689143,1782000
1996-09-04,39.2681770324707,39.827552773673986,39.07239552304955,39.230885316390484,930200
1996-09-05,38.79269790649414,39.24019838703048,38.79269790649414,39.08170863350719,616600
1996-09-06,39.3427619934082,39.482605934143066,38.867292594909664,38.932553100585935,804900
1996-09-09,39.80891799926758,39.818240930883334,39.42667780302168,39.491938324331954,719200
1996-09-10,39.790245056152344,39.92076600994478,39.60378655073457,39.75295335506878,669900
1996-09-11,40.014007568359375,40.05129928091144,39.62244458656276,39.715673867942904,713500
1996-09-12,40.293697357177734,40.414895428821254,40.06994707106661,40.12588464259439,713300
1996-09-13,40.90900802612305,40.94629973808852,40.64796604236474,40.75984117826116,2008800
1996-09-16,41.058189392089844,41.263293880424534,40.909022491482794,40.96496007921044,1220200
1996-09-17,40.96492385864258,41.16070524258238,40.71320493643426,41.095444781269116,604700
1996-09-18,40.86240768432617,41.020897515636584,40.70391785301576,40.90902234059394,225500
1996-09-19,41.020896911621094,41.04886570496993,40.74120897813277,40.797146564830435,410000
1996-09-20,41.166404724121094,41.25074290816777,41.00709926536624,41.13829199610553,948400
1996-09-23,41.15702438354492,41.23199164107415,40.87589716781033,41.063315311633396,466800
1996-09-24,41.14764404296875,41.53185114972387,40.9695968471554,41.11953132784033,1269800
1996-09-25,41.175758361816406,41.344434659156576,41.08204930773854,41.344434659156576,1353300
1996-09-26,41.15702438354492,41.49437704242644,41.01646077567763,41.23199164107415,773200
1996-09-27,41.194515228271484,41.21325704593676,41.00709705161874,41.21325704593676,407600
1996-09-30,41.15702438354492,41.41940978489721,41.128911661971465,41.250733455456455,578200
1996-10-01,41.38191604614258,41.41002876084784,41.04456346967946,41.20386885300927,561400
1996-10-02,41.66305160522461,41.73801885957499,41.47563346934866,41.531858910111445,609000
1996-10-03,41.62555694580078,41.700524180282194,41.5037351897685,41.68178237166184,342200
1996-10-04,42.18782043457031,42.18782043457031,41.68179149110812,41.79424236743305,754100
1996-10-07,42.234649658203125,42.356471367889526,42.13156975000693,42.16905335298736,235100
1996-10-08,42.06599807739258,42.39397979552774,41.99103082753311,42.253416202041244,386200
1996-10-09,41.73799133300781,42.20653636368819,41.69113682993977,42.13156915877933,528800
1996-10-10,41.65370178222656,41.89734548219009,41.60684722454127,41.738039986060095,1562200
1996-10-11,42.16909408569336,42.16909408569336,41.81299951341417,41.81299951341417,331300
1996-10-14,42.22529602050781,42.393972302880016,42.15969968847418,42.169070593050414,201600
1996-10-15,42.16909408569336,42.65638139512804,41.953563160366485,42.65638139512804,776900
1996-10-16,42.37523651123047,42.37523651123047,41.94417483951074,42.28152745216096,590100
1996-10-17,42.487709045410156,42.600159973629154,42.30966174239675,42.50645086677999,792500
1996-10-18,42.71257781982422,42.76880324038564,42.41270891016332,42.50641794443235,695800
1996-10-21,42.6563720703125,42.956241118258454,42.54392117733276,42.75008114779561,879200
1996-10-22,42.35651397705078,42.62827037203628,42.33777215670695,42.618899461864366,848900
1996-10-23,42.49707794189453,42.515819762376076,42.0941288015414,42.26280518587527,735900
1996-10-24,42.13157653808594,42.572008944066816,42.11283473357611,42.49704172602752,379300
1996-10-25,42.16909408569336,42.31902864244249,42.05664316813151,42.12223953670926,568300
1996-10-28,41.88797378540039,42.42211573299946,41.86923196267762,42.20658477168755,975400
1996-10-29,42.22529602050781,42.32837597084638,41.80360531457731,42.01913611983068,815900
1996-10-30,42.084739685058594,42.35649596447669,42.03788515412444,42.35649596447669,495400
1996-10-31,42.487709045410156,42.50645086677999,42.094130796643675,42.14098535006826,726300
1996-11-01,42.33776092529297,42.675113601988535,42.14097186388722,42.57203361744266,821300
1996-11-04,42.61888885498047,42.61888885498047,42.30027798843048,42.393987066827535,1608400
1996-11-05,42.86253356933594,43.05932263906835,42.75008267234598,42.759453580428485,764000
1996-11-06,43.687164306640625,43.70590611886999,42.90000819300746,42.93749181746618,1665000
1996-11-07,43.790245056152344,43.958921369229756,43.49974696140791,43.55597239910038,1446300
1996-11-08,44.033878326416016,44.04324923050761,43.63092945047733,43.79960572412608,1355700
1996-11-11,43.987030029296875,44.09010998888832,43.91206278595764,43.93080459679244,655900
1996-11-12,43.8558464050293,44.136973625574356,43.79025005356878,44.108860903519854,719900
1996-11-13,44.05263137817383,44.1182277235572,43.79024599664035,43.902696874440416,481900
1996-11-14,44.34313201904297,44.34313201904297,43.87458666803872,43.893328482078886,558800
1996-11-15,44.399375915527344,44.68050324297897,44.21195769722626,44.45560138101767,2250900
1996-11-18,44.40873336791992,44.53055517289628,44.221315206417835,44.48370063252076,1518200
1996-11-19,44.727325439453125,44.736696343588775,44.39934379470541,44.46494012365495,1029300
1996-11-20,44.80231475830078,44.98973293340349,44.56804203942241,44.71797657950457,730000
1996-11-21,44.73672866821289,44.88666324271884,44.60553591552018,44.85855050999897,653000
1996-11-22,45.083438873291016,45.13029341379537,44.80231163026488,44.80231163026488,965100
1996-11-25,45.655052185058594,45.673793996300404,45.02720150845783,45.130281470287805,2058800
1996-11-26,45.505130767822266,45.99241800009713,45.26148715168483,45.7487743839597,2861800
1996-11-27,45.4207763671875,45.69253261118346,45.36455093739523,45.61756537146044,872000
1996-11-29,45.5894660949707,45.711287895430026,45.495757017694295,45.58009518724306,1073400
1996-12-02,45.60818099975586,45.655035510748,45.21460310742182,45.533213782168424,1350600
1996-12-03,44.830413818359375,45.92680980848229,44.83041381835937,45.617569913832234,1777800
1996-12-04,44.952232360839844,45.01782869740976,44.4368325735048,44.90537783471848,2365100
1996-12-05,44.830413818359375,45.06468646582153,44.69922113578056,44.88663925375029,1697700
1996-12-06,44.56801986694336,44.8304051815511,43.57470403307119,43.93079838861027,3401800
1996-12-09,45.22400665283203,45.23337756179449,44.72734847782165,44.792944840558874,1864600
1996-12-10,45.008445739746094,45.383281848342776,44.961591226171514,45.317685529338355,1331600
1996-12-11,44.59614181518555,44.755447217761336,43.96829111091628,44.155709231593676,1847900
1996-12-12,43.8558464050293,44.90538802839752,43.743395516811276,44.84916258428851,2540200
1996-12-13,43.96827697753906,44.12758232890696,43.424764602283894,43.81834252919281,1678300
1996-12-16,43.40605163574219,44.19320801255617,43.218633450786484,44.08075710158274,1831100
1996-12-17,43.75275421142578,43.94954321087747,43.10616178465594,43.27483806990025,2023200
1996-12-18,44.099483489990234,44.24004707952484,43.94017808851768,44.0057744303005,1666800
1996-12-19,45.008445739746094,45.05530025332068,44.314998938842244,44.493046090425665,2269300
1996-12-20,45.107234954833984,45.634584674556464,45.05073319914943,45.276740221887636,1543200
1996-12-23,44.99421691894531,45.32381038737626,44.79646083788674,45.25789169369008,1263700
1996-12-24,45.32380294799805,45.323802947998054,45.07896212592285,45.10721299000845,633000
1996-12-26,45.67223358154297,45.70048444767588,45.42739274172439,45.46506056323494,1384300
1996-12-27,45.728755950927734,45.822925547202296,45.50274891986878,45.67225419316299,410400
1996-12-30,45.3332405090332,45.87942412962396,45.29557267313039,45.87942412962396,694100
1996-12-31,44.50456237792969,45.42742465322319,44.50456237792969,45.370922881266445,1378100
1997-01-02,44.61756134033203,44.824734482900055,43.845370536214844,44.824734482900055,2031900
1997-01-03,45.257896423339844,45.27673033778984,44.64579420371498,44.82471639098994,2123200
1997-01-06,44.86238098144531,45.46506620033962,44.78704532908352,45.2578931563447,1374100
1997-01-07,45.408573150634766,45.48390881741309,44.674050399546104,44.86238956649191,939000
1997-01-08,45.0130615234375,45.672248616876956,45.01306152343749,45.65341469992154,1802200
1997-01-09,45.38971710205078,45.728727437252815,45.16371021191608,45.23904584196099,1415700
1997-01-10,45.87941360473633,45.95474925925971,44.74937878688568,44.74937878688568,2369500
1997-01-13,45.81351852416992,46.1054443359375,45.587511444091795,46.1054443359375,1364600
1997-01-14,46.38796615600586,46.642224192183726,46.10545722691935,46.21846079855395,2111200
1997-01-15,46.274932861328125,46.52919073419256,46.030091946717924,46.23726502831117,1583900
1997-01-16,46.4632682800293,46.585688727463506,46.10542389522161,46.425600450049544,1308400
1997-01-17,46.745765686035156,46.8587691486122,46.47267398480731,46.52917571609583,1604000
1997-01-20,46.802284240722656,47.06595908151546,46.68928073752574,46.85878599232112,1889900
1997-01-21,47.17894744873047,47.33903569356648,46.4726757803363,46.632764025172314,2785800
1997-01-22,47.51796340942383,47.517963409423835,46.93411209523749,47.197786882289385,1201600
1997-01-23,46.858787536621094,48.02649044147259,46.35027175547609,47.64981208506888,2601100
1997-01-24,46.25611114501953,46.95296623963098,46.25611114501953,46.934132318154994,2176000
1997-01-27,46.12425994873047,46.548023055650205,46.03009036941497,46.33143302322456,2108500
1997-01-28,46.25611114501953,46.91529839667901,45.80409702959589,46.78346094634711,4376000
1997-01-29,46.70809555053711,46.70809555053711,46.16191217514776,46.33141736061342,1122700
1997-01-30,47.310791015625,47.32962492924587,46.651604038894554,46.934112743207606,2126300
1997-01-31,47.25428009033203,47.85696520906086,47.23544618037176,47.574456559656724,3208100
1997-02-03,47.39555358886719,47.54622492950337,47.22604833065149,47.44263838281599,755000
1997-02-04,47.687496185302734,47.73458099591223,47.273149851939124,47.46148909437713,654100
1997-02-05,46.7928581237793,47.89464206430701,46.482098550809944,47.753387712957306,2255400
1997-02-06,47.10360336303711,47.13185422471026,46.65158957626666,46.877596469651884,2483100
1997-02-07,47.74396514892578,47.76279906022713,46.87760522906362,47.49912430200821,2321000
1997-02-10,47.29195785522461,47.932310928533106,47.26370698434335,47.76280570324556,1670000
1997-02-11,47.83814239501953,47.83814239501954,47.08478582186962,47.480298022773326,1664300
1997-02-12,48.51615905761719,48.6009116646666,47.77221950685015,47.838138201221916,2675400
1997-02-13,49.043540954589844,49.156544505176456,48.62919460243893,48.70453030283,1104800
1997-02-14,48.930503845214844,49.10000905484031,48.760998635589395,48.93050384521485,1112900
1997-02-18,49.34485626220703,49.38252409141482,48.666835336466775,49.0246797139408,833100
1997-02-19,49.0152587890625,49.42018792026898,48.911672267125965,49.213014876395896,648100
1997-02-20,48.421993255615234,49.03409546518641,48.308989770771326,48.836339366709566,1193900
1997-02-21,48.440853118896484,48.676277171768255,48.299598687173415,48.45968704312622,1844400
1997-02-24,49.0152587890625,49.04350965868156,48.195983570109874,48.195983570109874,787300
1997-02-25,49.052955627441406,49.13770828642527,48.742195877833886,49.06237258955072,1653900
1997-02-26,48.572654724121094,49.08117030285365,47.988803504094825,49.00583466155994,1597800
1997-02-27,47.847564697265625,48.704507894953316,47.838147739049276,48.704507894953316,1813100
1997-02-28,47.706321716308594,48.139501897704214,47.64981995351786,47.76282347909933,2961200
1997-03-03,48.02649688720703,48.06416472790288,47.42381143607345,47.4614792767693,1210400
1997-03-04,47.76280975341797,48.29015938791943,47.66864017582843,48.158321979294065,1478700
1997-03-05,48.572654724121094,48.572654724121094,47.88521699731597,48.04530523506511,1254800
1997-03-06,48.29015350341797,48.76100133398951,48.13948219763507,48.591496114983755,1528500
1997-03-07,48.723358154296875,48.911697381797055,48.365513622046535,48.478517158546644,1859300
1997-03-10,49.231849670410156,49.231849670410156,48.544411830712384,48.779835748417106,1074900
1997-03-11,48.96820068359375,49.297794342041016,48.96820068359375,49.26954345703125,624600
1997-03-12,48.53496551513672,49.02464696775354,48.393711249958784,49.00581306572982,1055600
1997-03-13,47.78165054321289,48.49733943585857,47.64981311562027,48.36550200826594,2514100
1997-03-14,48.02649688720703,48.2336700110342,47.76282200233609,47.99824600668514,1642700
1997-03-17,48.15831756591797,48.23365322108562,47.273123617698126,47.76280537628782,3013500
1997-03-18,47.640377044677734,48.280730007523765,47.44262098262234,48.21481132017197,1352500
1997-03-19,47.48030090332031,47.91348095916179,47.04712084747883,47.51796873426305,1510000
1997-03-20,47.235450744628906,47.61212898023201,46.93410815614643,47.46145768599077,1808200
1997-03-21,47.45417404174805,47.64323449609764,47.39745590544317,47.60542240522772,2810600
1997-03-24,48.11587905883789,48.14423812311618,47.24620108763689,47.491979644715435,2145600
1997-03-25,47.643245697021484,48.38058164233254,47.51090334786309,48.00246064473713,2125800
1997-03-26,47.8511962890625,48.19150507341775,47.60541772258372,47.832290245487215,1335300
1997-03-27,46.58447265625,48.021331390777185,46.07400968477323,48.021331390777185,2898500
1997-03-31,45.601375579833984,46.66011398467258,45.5257514080598,46.52777168406776,4270700
1997-04-01,45.89441680908203,46.09293024945087,45.402859718644905,45.52574899125419,3210900
1997-04-02,45.072017669677734,45.941695862968494,45.03420557431726,45.752635386166155,2672700
1997-04-03,45.31781005859375,45.45015243256545,44.88297082982961,45.034219257225836,2284200
1997-04-04,45.88496780395508,45.89442082575235,44.86404144984977,45.07200792938974,3706700
1997-04-07,46.06456756591797,46.35761119295336,46.06456756591797,46.09292662659881,2596200
1997-04-08,46.39543914794922,46.45215728871688,45.88497588104025,46.05513030334324,1822700
1997-04-09,46.01731872558594,46.612859210325446,45.884976395643825,46.584500139623565,2453200
1997-04-10,45.84714126586914,46.310339187936684,45.79042315296291,46.03620164222324,1996500
1997-04-11,44.391387939453125,45.5635625783995,44.391387939453125,45.41231423789029,4221600
1997-04-14,44.986915588378906,45.0436337000684,44.35356334117962,44.60879484378232,3988500
1997-04-15,45.75263214111328,45.76208516428293,45.072014472898374,45.52575958504165,2760400
1997-04-16,46.282005310058594,46.34817647778131,45.52576339322757,45.601387584910675,2273300
1997-04-17,46.09291458129883,46.58447150464328,45.97947836821934,46.28197493643131,1386000
1997-04-18,46.319801330566406,46.57503288891851,46.13074091697226,46.471049661441725,1702100
1997-04-21,46.01731872558594,46.5277819982198,45.65810383002878,46.43325176254687,2809400
1997-04-22,47.028778076171875,47.028778076171875,45.9794927763819,46.045663921413706,3215000
1997-04-23,47.07604217529297,47.20838446253275,46.697921354607885,46.9815119701217,2047700
1997-04-24,46.8397331237793,47.359649434941325,46.50887728940346,47.21785407735168,2689900
1997-04-25,46.300880432128906,46.707360190924646,46.23470930860402,46.622283032106935,1606200
1997-04-28,46.7546272277832,47.07602984115656,46.206352181440415,46.28197632576356,1666500
1997-04-29,48.229312896728516,48.267124980536224,47.36908799010322,47.54869538818982,3197400
1997-04-30,48.45620346069336,48.815418390757024,47.92683409007322,47.94574013902394,3372200
1997-05-01,48.39948272705078,48.7208855420351,47.983549672365186,48.53182506263256,2149500
1997-05-02,49.26914596557617,49.41094128205423,48.43728010890489,48.56962240428442,1448300
1997-05-05,50.44136047363281,50.55479681652704,49.1841076732218,49.401527330435734,3636200
1997-05-06,50.403533935546875,50.4980641942407,49.91197659033899,50.19556736642046,1721100
1997-05-07,49.306976318359375,50.21446668004697,49.250258170753895,50.21446668004697,2327200
1997-05-08,49.647254943847656,50.346778337953666,49.11788588884852,49.19351003956268,2923700
1997-05-09,49.98759841918945,50.29009523261874,49.40151084317021,50.195564978422084,2558200
1997-05-12,50.819427490234375,50.970675786336265,50.13881015777588,50.17662223180135,2357900
1997-05-13,50.61146926879883,50.8761538297862,50.22389544735304,50.78162362943357,1195100
1997-05-14,50.70598220825195,51.12191494821524,50.47910980463561,50.96121366232034,2772000
1997-05-15,51.046329498291016,51.17867183402733,50.526413179326944,50.70602063496908,884100
1997-05-16,50.34675598144531,51.008467006361045,50.214413776462166,50.895030830661206,1934200
1997-05-19,50.498023986816406,50.7627085004126,50.252245509905656,50.403493803389196,1375800
1997-05-20,51.10302734375,51.235369626919166,50.06319511884943,50.38459780654597,1756400
1997-05-21,50.98960494995117,51.41499097567379,50.61148403819773,51.23538354259091,1208000
1997-05-22,50.819427490234375,51.103018045425415,50.554742972056076,51.04629993438721,907600
1997-05-23,51.29208755493164,51.55677212027224,50.91396674730221,51.04630902997251,644400
1997-05-27,51.500064849853516,51.74584342659658,50.98014862982012,51.046319785097104,1531000
1997-05-28,51.490577697753906,51.69854404791925,51.131363092922875,51.50003071367052,716700
1997-05-29,51.18812561035156,51.57569959927574,51.12195444151085,51.481169358074716,1282700
1997-05-30,51.518978118896484,51.764756730105894,50.29008506284941,50.346803203897736,2143300
1997-06-02,51.29208755493164,51.72692648370548,51.2542754741687,51.63239628179812,1479100
1997-06-03,51.12195587158203,51.68913733465431,51.02742562773665,51.0652377252748,1562100
1997-06-04,51.06520080566406,51.27316719176636,50.86668743711187,51.1408249460649,1063100
1997-06-05,51.2542724609375,51.613487207067266,51.07466508787261,51.17864830385754,1180800
1997-06-06,52.25631332397461,52.29412541755201,51.17866865701855,51.17866865701855,1511100
1997-06-09,52.52099609375,52.55880818597012,52.237405402099085,52.29412354042927,1823400
1997-06-10,52.681671142578125,52.880184527468515,52.33190946443791,52.53987586765642,1217500
1997-06-11,52.80455017089844,52.88017430290115,52.53041269238858,52.634395873892316,1673800
1997-06-12,53.82550811767578,53.84441416197423,52.974736124245716,53.16379656723017,4273300
1997-06-13,54.27924728393555,54.449401664135976,53.78769018557877,53.88222039680122,2132900
1997-06-16,54.298160552978516,54.44940891106481,54.12800615013144,54.29816055297852,800400
1997-06-17,54.222530364990234,54.59119819696977,53.806597426346656,54.10909410899653,2048100
1997-06-18,54.03343200683594,54.22249230077168,53.825465683506614,53.919995830474484,1971900
1997-06-19,54.591217041015625,54.751918459145024,54.07130068824405,54.21309605718176,2029900
1997-06-20,54.40517807006836,54.87017959203476,54.35772893517383,54.623444090583206,1396900
1997-06-23,53.08613586425781,54.60450943205925,53.04817652506278,54.30083471849896,3991500
1997-06-24,54.43365478515625,54.58549203699769,53.44671264818689,53.59854990002833,4895100
1997-06-25,54.05406951904297,54.81325588869245,53.40876110484091,54.34825423728215,4708900
1997-06-26,53.78834915161133,54.43365750417124,53.25691874362081,53.959166068465414,2569900
1997-06-27,53.997135162353516,54.490606344856566,53.864277536295,54.03509448408452,2617900
1997-06-30,53.63652038574219,54.33876782179047,53.37080513966986,53.9971339339832,2384900
1997-07-01,54.262855529785156,54.395713168368054,53.68397581881683,53.75040463810828,1749000
1997-07-02,55.15488815307617,55.15488815307617,54.18692555988729,54.39570180547705,1961800
1997-07-03,55.914058685302734,55.9709976452674,55.55344527219318,55.800180765373405,2539100
1997-07-07,55.344722747802734,56.179828303668074,55.21186504573325,56.103909616771226,1158600
1997-07-08,55.92357635498047,55.99000517467925,55.382655966004755,55.420615291546916,3396500
1997-07-09,55.30673599243164,56.103881809755634,54.68040713596278,56.065922485121156,5390300
1997-07-10,55.55348587036133,55.781241876662776,54.95562635382003,55.34470953125167,2072200
1997-07-11,55.74326705932617,55.99000266428744,55.496531454364906,55.62938908780559,2258900
1997-07-14,55.914058685302734,56.06589591187518,55.40160804562074,55.80967059203418,3186400
1997-07-15,56.198795318603516,56.34114282447637,55.553486625313234,56.06593764645552,2983100
1997-07-16,56.93895721435547,57.147733390808106,56.41701677322388,56.55936416625977,2621300
1997-07-17,56.65428161621094,56.976935816370265,56.350607074884515,56.86305786337286,1794800
1997-07-18,55.44908905029297,56.61633840048739,55.30674156856194,56.49297058298717,3961900
1997-07-21,55.45853042602539,55.62934725485299,55.078937473075186,55.439550778377885,3810300
1997-07-22,56.92949295043945,56.96745227229339,55.64836583786914,55.686325159723076,4243400
1997-07-23,56.882015228271484,57.384975990216496,56.80609662269488,57.052832090818846,3204300
1997-07-24,57.147762298583984,57.25215043961428,56.29367750833614,57.052863988556446,4152700
1997-07-25,57.10980224609375,57.58429379017894,56.86306664316945,57.43245649607168,2364800
1997-07-28,57.071861267089844,57.432474956506105,56.78716624912963,57.24267827786597,2794700
1997-07-29,57.26161193847656,57.37548985416462,56.739671491572985,56.86303923356837,2737100
1997-07-30,57.944915771484375,58.07777342310586,57.33756650692902,57.39450550048109,4839800
1997-07-31,57.88798522949219,58.32451757712442,57.71716822389696,57.944924231357255,2138700
1997-08-01,57.660194396972656,58.134685792602774,56.97692678726527,58.00182820182634,7077700
1997-08-04,57.812049865722656,58.03031597650921,57.33755832053453,57.56531426222483,2339500
1997-08-05,57.850032806396484,58.115748180179146,57.641256441281534,57.755134458616965,1466700
1997-08-06,58.32448196411133,58.62815645530097,57.73611263743138,57.96386850582362,2478200
1997-08-07,57.88798522949219,58.685131255603224,57.77410722576204,58.60921258644979,3641900
1997-08-08,56.71125793457031,57.54636347309812,56.1228881233348,57.28064807447563,7113100
1997-08-11,57.12881088256836,57.261668582295265,56.25574599864871,56.939014168672784,6355900
1997-08-12,56.21773910522461,57.422947219060454,56.16080013921662,57.22366083803248,6132500
1997-08-13,56.04696273803711,56.99594619110242,55.553491342443145,56.90104784579589,6982300
1997-08-14,56.25570297241211,56.67325542362434,55.70529292308689,56.540397825511356,3462700
1997-08-15,54.52858352661133,55.95205855776199,54.433685191201285,55.95205855776199,4907100
1997-08-18,55.74326705932617,55.74326705932617,54.262853429558575,54.889182272921786,5638900
1997-08-19,56.38855743408203,56.42651674571723,55.59141188974294,56.00896431773008,3802800
1997-08-20,57.24267578125,57.28063511532245,56.246243261848264,56.445529765728615,3564600
1997-08-21,56.23671340942383,57.24263504651443,55.93303895294364,57.16671643239439,5392600
1997-08-22,56.21773910522461,56.3221272095726,55.00304116372077,55.26875633842474,8087800
1997-08-25,56.00898742675781,56.730214645401254,55.781231462975676,56.35062137243102,3888000
1997-08-26,55.18337631225586,56.217768060843284,55.08847798669738,55.87613408883276,4290000
1997-08-27,55.51548385620117,55.85711760300857,54.90813497298804,55.268748372395834,5484300
1997-08-28,54.67092514038086,55.83817454018416,54.66143530786213,55.38266257928531,4287900
1997-08-29,54.88917922973633,55.335201260130106,54.490606351512106,54.73734194279377,2652300
1997-09-02,56.67325973510742,56.70172922258319,55.022029461512524,55.07896843646407,7294000
1997-09-03,56.369598388671875,57.09082557344276,56.33163906315762,56.663783161407366,2812500
1997-09-04,56.73019790649414,56.91999448697756,56.331625087478955,56.52142166796237,2473700
1997-09-05,56.56889343261719,57.35654955657411,56.236749283960656,57.07185457201137,3663300
1997-09-08,56.81560516357422,57.090810199442544,56.67325773122854,56.91999328062772,803500
1997-09-09,56.84408950805664,57.26164208541131,56.426536930701964,56.61633355677227,1885200
1997-09-10,55.66732406616211,56.78712362971601,55.66732406616211,56.559367786281314,3623700
1997-09-11,55.382633209228516,55.81916527359187,54.81324356005893,55.74324665370259,7055900
1997-09-12,56.27470397949219,56.464500620232464,55.23082245542066,55.876131033937604,6708000
1997-09-15,56.17977523803711,56.67324623674959,55.989978700070765,56.274673507020275,2060500
1997-09-16,57.584293365478516,57.86898828982993,56.502452652943155,56.673269607554005,6979000
1997-09-17,57.584293365478516,58.00184592119392,57.39449674924424,57.92592727470021,2220000
1997-09-18,57.83102798461914,58.53327545276188,57.6791906942099,57.69817035551106,5045400
1997-09-19,57.928836822509766,58.12885418082491,57.54785137809996,57.70024555586389,1566400
1997-09-22,58.2526741027832,58.64318418097387,58.043132109607726,58.21457555856948,3259000
1997-09-23,57.98598098754883,58.33839250143505,57.75738973529831,58.252670781841104,1872800
1997-09-24,57.5097541809082,58.586038086579386,57.471655635574706,58.138380178910836,2793100
1997-09-25,57.109737396240234,57.757412870380385,57.07163883893787,57.45262441196149,6327800
1997-09-26,57.586002349853516,57.7955445350498,57.41455874378382,57.56695306029021,3995800
1997-09-29,58.138389587402344,58.2526852418992,57.39546783317275,57.605009866417,2065000
1997-09-30,57.52885437011719,58.3289245302314,57.52885437011719,57.90984016064776,4137600
1997-10-01,58.29081344604492,58.405109158684226,57.77648273916805,58.06222202076631,3567500
1997-10-02,58.614646911621094,58.63369619563527,58.100316243238325,58.23366123133756,2577500
1997-10-03,58.90992736816406,59.58617714070079,58.11938185942395,59.41473353639571,6499900
1997-10-06,59.300411224365234,59.50042867308217,59.07181985440302,59.319460505195416,2272100
1997-10-07,59.852840423583984,60.043333232061336,59.25278807688033,59.45280552578155,1832800
1997-10-08,59.43378448486328,59.96716460203513,58.96707688233792,59.95763995708564,4439400
1997-10-09,59.2242317199707,59.500446374180925,58.652753125053,58.99564028200362,3607600
1997-10-10,59.05275344848633,59.1194259120572,58.67176794236706,58.70986649297899,2858100
1997-10-13,59.109920501708984,59.46233220950196,58.957526249690396,59.338511879736856,1760300
1997-10-14,59.12897872924805,59.43376727939881,58.63369733525305,59.414717995014385,2235700
1997-10-15,58.995628356933594,59.1670719007542,58.690839834585866,58.7098891172326,2601700
1997-10-16,58.06222152709961,59.43377006710983,57.90982724487625,59.31947435544232,9488100
1997-10-17,57.47165298461914,58.13837749720172,56.6906328413081,57.91931087163888,8151300
1997-10-20,58.29081344604492,58.36701058780446,57.39549703037038,57.81458131004782,3636400
1997-10-21,59.42424774169922,59.433772384709584,58.538455941734796,58.652751657859234,5225400
1997-10-22,59.03373718261719,59.36709968687527,58.84324432304114,59.33852575793887,4485200
1997-10-23,57.871726989746094,58.36700839255498,57.4716920105543,57.871726989746094,8054100
1997-10-24,57.30025863647461,58.61465951610119,57.10024111131405,58.61465951610119,6778700
1997-10-27,53.14749526977539,57.262140064854776,52.93795317372968,56.7001862618231,10840700
1997-10-28,56.21441650390625,56.61445132145353,51.43304797036492,51.43304797036492,19548000
1997-10-29,56.06201934814453,57.147828081696765,55.64293527554542,56.385857040607476,10134400
1997-10-30,54.82383346557617,56.423973149769495,54.709537773848076,55.24291766857918,9772900
1997-10-31,56.119178771972656,56.38586869145929,55.128616213879454,55.96678453226601,7072700
1997-11-03,57.30025863647461,57.528850093800976,56.61448426449553,56.80497714560083,5548500
1997-11-04,57.30025863647461,57.566948670022036,56.86212500993242,57.2240614840325,3455700
1997-11-05,57.49073791503906,58.08126570674424,57.204998660988174,57.414540780625494,4774900
1997-11-06,57.271644592285156,57.50976052689469,56.995430108138095,57.31926777920706,3679800
1997-11-07,56.652549743652344,56.843042513469605,55.738184448529516,56.309662757981286,10606800
1997-11-10,56.30967330932617,57.20498949523223,56.081081942711855,57.071644531373884,4347900
1997-11-11,56.3287353515625,56.728770333768395,56.10014393315914,56.50017891536503,3212400
1997-11-12,55.16671371459961,56.51921256602799,55.090516596209284,55.85248778011259,6775300
1997-11-13,55.96680450439453,56.17634665876769,54.919093732528744,55.75726235002137,8589600
1997-11-14,56.7287483215332,56.92876573502417,55.842956918930355,56.27156566212528,5827900
1997-11-17,57.77647399902344,58.10031180251285,57.31929121762661,57.52883332576682,5149900
1997-11-18,57.4145393371582,57.96696854776789,57.23357114747572,57.79552499964765,3433600
1997-11-19,57.70022964477539,57.94787011535382,56.5382243597535,57.10970236878066,4387900
1997-11-20,58.57654571533203,58.843235679564444,58.081264353186135,58.1003136363456,4822700
1997-11-21,58.97657775878906,59.01467632323273,58.30985288102497,58.90038062990174,5436500
1997-11-24,57.909828186035156,58.728947466298145,57.681236758985015,58.51940532483552,4337200
1997-11-25,58.06222152709961,58.405108662102165,57.70028510681913,58.29081295043464,4525000
1997-11-26,58.233646392822266,58.509860940645595,58.10030143870066,58.4431884635848,2681100
1997-11-28,58.29081344604492,58.6717991548426,58.27176416060504,58.36701058780446,1564700
1997-12-01,59.79568099975586,59.79568099975587,58.538428707311176,58.65272437026069,4850900
1997-12-02,59.43378448486328,59.729048478297706,59.28139016567133,59.548080224257255,1974900
1997-12-03,59.60517883300781,60.06236141274326,59.05274988249416,59.5099324622296,3302500
1997-12-04,59.54804992675781,60.17667617358539,59.35755712468885,60.04333121213712,2872500
1997-12-05,60.30999755859375,60.34809610411402,59.2051397385058,59.357533920586896,3458800
1997-12-08,60.13860321044922,60.34814538191419,59.89096246235424,60.3290960935992,2289200
1997-12-09,59.77663040161133,60.100468106145236,59.50994052728929,59.87187678529777,1703000
1997-12-10,59.26229476928711,59.64328027085758,58.80511216740254,59.47183679515087,3558400
1997-12-11,58.2526741027832,58.88130008230964,58.10027992592831,58.70985663334788,5072800
1997-12-12,58.36701965332031,58.82420257488679,57.852688866558026,58.78610399808958,4478400
1997-12-15,58.957523345947266,59.19563935299875,58.44319277071606,58.67178413748548,4674700
1997-12-16,59.31946563720703,59.62425415685871,59.05277568251182,59.26231778977235,2885800
1997-12-17,59.014678955078125,59.66235457950442,58.94800646432836,59.643305296433056,2236300
1997-12-18,58.443214416503906,59.09089019556555,58.04317937649524,59.09089019556555,4658300
1997-12-19,58.00638961791992,58.67576767153918,56.533757899957564,57.85338891994981,8556000
1997-12-22,58.379268646240234,58.69483226054424,57.87245435660048,58.407956247540604,5136800
1997-12-23,57.33699417114258,58.52274922071257,57.24136876391919,58.407998732044504,4436500
1997-12-24,57.16485595703125,57.795983506908144,57.069230570686265,57.795983506908144,2019200
1997-12-26,57.39438247680664,57.60475842057368,57.16488144724261,57.60475842057368,941800
1997-12-29,58.52275848388672,58.58013373730229,57.7960052739561,57.89163069631539,2080000
1997-12-30,59.44078826904297,59.51728864004559,58.656659466266014,58.71403474451799,3616000
1997-12-31,59.40253829956055,59.74678997032426,59.17303718571807,59.28778774263931,4359500
1998-01-02,59.70848083496094,59.765856056775434,59.07735339500138,59.555480243455584,2360900
1998-01-05,59.842369079589844,60.2439957177079,59.23036658340996,59.88061923560109,4191800
1998-01-06,58.88615417480469,59.53640725760538,58.867029084134074,59.51728216693478,3154900
1998-01-07,59.039119720458984,59.19212035465519,58.27411654947798,58.809618769164686,4424200
1998-01-08,58.52275848388672,58.9435103422676,58.36975780811185,58.9435103422676,3831000
1998-01-09,56.49546813964844,58.446225671890865,56.24684217965675,58.29322508112675,10258800
1998-01-12,57.52825927734375,57.6430097945193,55.634875743947134,55.768751347318606,12097900
1998-01-13,58.33149337768555,58.369743537277465,57.66211558482686,57.91074162217437,5224900
1998-01-14,58.59926223754883,58.733137836655494,57.9681344131888,58.56101206637549,3770400
1998-01-15,58.1115837097168,58.59927348578979,58.02552080805686,58.44627277172767,2875400
1998-01-16,58.94352340698242,59.17302447151318,58.5418965440536,58.905273229560635,4374800
1998-01-20,59.89974594116211,59.985808794525845,59.05824248605,59.17299295720165,5091700
1998-01-21,59.32597351074219,59.78497524003227,58.84784670939836,59.498099159225966,4699400
1998-01-22,58.80006790161133,59.28775751992035,58.675754861650205,58.84788060928868,4543400
1998-01-23,58.71399688720703,59.230374058527744,58.14024447462846,59.058248334754175,6350300
1998-01-26,58.67576599121094,59.201705875421595,58.3888896907324,58.98176737838805,4362900
1998-01-27,59.268653869628906,59.67028075935534,58.54190045012394,58.637525900058804,7044200
1998-01-28,59.804107666015625,60.04317109608444,59.47898140112203,59.612856921960564,4268600
1998-01-29,60.12925338745117,60.93250677239804,59.70850161438376,59.88062733972952,8007700
1998-01-30,60.16751480102539,60.56914156861011,59.97626395931837,60.4543910635859,3649100
1998-02-02,61.16205596923828,61.50630769139159,61.04730539518717,61.142930873563095,5756300
1998-02-03,61.621009826660156,61.69751014922584,61.02813232677609,61.20025805254888,2759600
1998-02-04,61.54450988769531,61.907886422147214,61.16200827248279,61.37238416084968,3374000
1998-02-05,61.50627899169922,62.17565702798948,61.21940269043197,62.00353124722913,5076200
1998-02-06,62.194793701171875,62.19479370117188,61.62104099175148,61.81229189489161,5701200
1998-02-09,61.984397888183594,62.27127415116501,61.640146372605905,62.25214906696625,2322200
1998-02-10,62.57728958129883,62.71116520081872,61.927036572202205,62.080037280224936,3660400
1998-02-11,62.5199089050293,62.634659426115306,62.24259514573809,62.48165873133396,4073200
1998-02-12,62.787654876708984,62.9980308144622,61.73577518794292,62.252152489700805,5024700
1998-02-13,62.424278259277344,62.739842165918915,62.34777791827333,62.53902877078337,2101300
1998-02-17,62.73027420043945,63.09365078879565,62.5198982808648,62.9215250364164,3055500
1998-02-18,63.30402755737305,63.332715183154335,62.596399454767976,62.61552453862216,3007400
1998-02-19,62.969329833984375,63.2848936736991,62.88326696860763,63.18926826772494,3387800
1998-02-20,63.437862396240234,63.47611253937936,62.653734461888156,63.131861251127226,3707000
1998-02-23,63.68653869628906,63.80128921646255,63.246661702290666,63.80128921646255,3227800
1998-02-24,63.18927764892578,63.7056549178486,62.998026808583994,63.59090441364353,3386800
1998-02-25,63.973388671875,64.18376453895739,63.41876138593049,63.49526170123318,3481800
1998-02-26,64.33674621582031,64.39412143539447,63.76299402007875,63.91599460560983,3187600
1998-02-27,64.33674621582031,64.58537216730832,63.97336982518399,64.24112084986338,3442900
1998-03-02,64.20291900634766,64.71929637100996,64.03079321812687,64.4132949697286,4252300
1998-03-03,64.56631469726562,64.64281507012969,63.973436807569165,63.973436807569165,3349200
1998-03-04,64.14552307128906,64.50889961820454,63.916022094289815,64.3176488040385,4404100
1998-03-05,63.55262756347656,63.91600400756506,63.1318758913741,63.342251727425335,7268000
1998-03-06,64.83399200439453,64.83399200439453,63.91598857778364,63.99248886333454,6896300
1998-03-09,64.6045150756836,65.00614172357861,64.41326429097168,64.5853899972124,3362800
1998-03-10,65.21652221679688,65.38864793525764,64.83402062021743,65.00614633867818,5481900
1998-03-11,65.52252197265625,65.67552260773543,65.35039625819218,65.46514673450156,3439600
1998-03-12,65.79029083251953,65.84766608615254,65.17828812710074,65.54166473344314,3191300
1998-03-13,65.5416488647461,66.09627618224759,65.40777330534918,66.00065078267838,2879400
1998-03-16,66.2492904663086,66.32579080172005,65.8094135376928,66.00066437622141,3223600
1998-03-17,66.44056701660156,66.44056701660156,65.88593937023386,66.28756628656909,4581900
1998-03-18,66.68914794921875,66.68914794921875,66.11539560093182,66.24927114886543,1944100
1998-03-19,66.86129760742188,66.93779794793379,66.49792098999023,66.68917184127004,2554800
1998-03-20,67.4369888305664,67.62878914009589,66.82322784007206,67.24518852103692,3123300
1998-03-23,67.28352355957031,67.7054840836041,67.1492633928323,67.34106363102947,4453100
1998-03-24,67.85897827148438,68.01241858413894,67.47537748984794,67.55209764617523,3333600
1998-03-25,67.609619140625,68.45354062777038,67.01503809286346,68.37682049257535,4597600
1998-03-26,67.57125091552734,67.97403157667581,67.28355044327843,67.43699069514452,3333500
1998-03-27,67.28352355957031,67.99318444089988,66.89992308317596,67.97400441708015,2611300
1998-03-30,67.24517059326172,67.57123103253309,66.88075010231135,67.2835306449407,3108700
1998-03-31,67.47537994384766,68.24258153502272,67.36029970517139,67.60964022230328,5926500
1998-04-01,68.0219955444336,68.17543582762983,67.14930393375496,67.70552496034135,2929000
1998-04-02,68.76041412353516,68.89467434637052,67.97403281835666,68.08911300935839,3920900
1998-04-03,69.10564422607422,69.23990442856729,68.64532353181228,68.95220399465357,3787600
1998-04-06,68.54944610595703,69.58516801130725,68.54944610595703,69.50844787017019,4550500
1998-04-07,68.08911895751953,68.70288002981266,67.60961811979053,68.58779982875771,5583700
1998-04-08,67.70550537109375,68.30008629644897,67.36026483379072,68.26172623674863,4854800
1998-04-09,68.24256134033203,68.3001014426426,67.83978062415807,67.8589606582616,4481200
1998-04-13,68.05078887939453,68.3576695507785,67.51374770447258,68.3576695507785,4350200
1998-04-14,68.62615966796875,68.62615966796875,68.0699386980495,68.20419893216794,3279100
1998-04-15,68.81796264648438,68.81796264648438,68.22338158682969,68.72206247557233,3867200
1998-04-16,68.01240539550781,68.43436617348333,67.82060504188257,68.31928596130818,7177900
1998-04-17,68.91384887695312,69.00974902846572,67.78222708910447,67.95484736182713,5688800
1998-04-20,68.89466857910156,69.08646888138192,68.66450821636515,68.74122833727728,3688300
1998-04-21,69.22073364257812,69.45089402044206,68.68369276089561,69.00975329620286,4573200
1998-04-22,69.41251373291016,69.62349401781262,69.23989349980813,69.27825355160859,2386100
1998-04-23,68.74121856689453,69.35497944695608,68.58777834687913,69.124819116933,5062000
1998-04-24,68.01240539550781,69.02894726972154,67.72470486506997,68.5878064563835,11039700
1998-04-27,66.72733306884766,67.32191407635968,66.0560319313341,67.1301137513558,14510200
1998-04-28,66.63142395019531,67.39862514708875,66.36290353128261,67.37944511716641,6511400
1998-04-29,67.09175872802734,67.49453944080281,66.55471777766006,66.91913842255215,7703100
1998-04-30,68.33845520019531,68.69328579834396,67.76305423022454,67.85895439188634,8684500
1998-05-01,69.10564422607422,69.10564422607422,68.3192630400434,68.58778344502953,4008800
1998-05-04,68.93305206298828,69.54681323884127,68.83715187926126,69.18239254067856,4537200
1998-05-05,68.45354461669922,68.8371453150276,68.20420416278577,68.7412451404455,5146400
1998-05-06,67.6479721069336,68.81795404584001,67.62879207514824,68.81795404584001,5526100
1998-05-07,67.11092376708984,67.85894492368216,67.11092376708984,67.82058486436972,6940400
1998-05-08,68.20423126220703,68.35767160250447,67.51374973086861,67.51374973086861,7951000
1998-05-11,67.97404479980469,68.8755064548811,67.74388437723199,68.47272571537887,6336300
1998-05-12,68.70289611816406,68.72207615616466,67.72471418013325,68.01241475014231,6045200
1998-05-13,68.8754653930664,69.08644565464361,68.4918649174715,68.77956527416768,4441500
1998-05-14,68.5302505493164,69.16319157034285,68.33845023991447,68.45353042555563,4187500
1998-05-15,68.14664459228516,68.87548571091922,68.01238438622099,68.74122550485505,6716100
1998-05-18,67.8781509399414,68.49191212391375,67.40824003346259,67.95487108793796,4847200
1998-05-19,68.33845520019531,68.54943555585128,67.99321461821286,68.12747484453936,5918700
1998-05-20,68.99055480957031,69.04809488864417,68.05073351803043,68.79875454599073,5716600
1998-05-21,68.54944610595703,69.22074734090624,68.31928568254587,68.97140688221081,6301500
1998-05-22,68.2809066772461,68.77958745634957,68.08910637759091,68.58778715669439,4862200
1998-05-26,67.18766021728516,68.79878310002908,67.01503990841974,68.79878310002908,6899300
1998-05-27,67.28352355957031,67.45614377394777,66.0272319993788,66.61222272588019,10202600
1998-05-28,67.59042358398438,67.7438638191353,66.93830258459292,67.43698334883344,4907600
1998-05-29,66.91912078857422,68.01238243516313,66.91912078857422,67.89730226183798,4772600
1998-06-01,67.22604370117188,67.64800460314784,66.63146243020573,66.88080296319153,6092200
1998-06-02,67.28352355957031,67.72466410742382,66.99582320227455,67.51368384540693,6701100
1998-06-03,66.20948791503906,67.62881065713434,66.20948791503906,67.43701028658091,6445100
1998-06-04,67.4369888305664,67.5520690162841,66.32454703529541,66.4396272210131,6566300
1998-06-05,68.74121856689453,68.74121856689453,67.43697669676371,67.74385713679449,8463200
1998-06-08,68.66453552246094,69.02895624171423,68.5302752574729,68.70289559817182,4159900
1998-06-09,68.8754653930664,69.00013554763476,68.37678477479302,68.56858501259048,2725300
1998-06-10,68.43433380126953,69.3933351157492,68.28089359095277,68.5110539064279,6186900
1998-06-11,67.14928436279297,68.66450671773745,67.13010433298355,68.39598630040553,8056600
1998-06-12,67.78226470947266,67.78226470947266,66.4396618431277,67.43702397241252,9779000
1998-06-15,65.99847412109375,67.45615619990896,65.97929409374092,66.78485524255984,10234200
1998-06-16,67.01506042480469,67.03424046499497,66.13277857605225,66.53555942004793,7471500
1998-06-17,68.41520690917969,68.6070073210361,67.47538489108331,67.6096451793828,12057700
1998-06-18,68.10826873779297,68.3959691126358,67.97400856286632,68.24252891271962,3844600
1998-06-19,67.76702117919922,68.48856101287895,67.4976463079588,68.38273517060591,3549100
1998-06-22,68.09412384033203,68.3827397933145,67.76702576028522,67.88247214147822,5438300
1998-06-23,68.90229797363281,68.99850336035948,68.3443067306182,68.4020299626542,5004600
1998-06-24,69.8258285522461,69.99899814634095,68.7194672566401,69.05618591182454,8291900
1998-06-25,69.71040344238281,70.4608052459304,69.46026950786694,70.1337070238712,5854800
1998-06-26,69.99897766113281,70.09518296303101,69.65263857429927,69.76808493657713,4833100
1998-06-29,70.24911499023438,70.61469515589158,70.06632490740577,70.34532029698627,5953400
1998-06-30,69.76813507080078,70.30688514856759,69.61420647715312,70.13371548071397,4284800
1998-07-01,70.57623291015625,70.76864357785024,69.96051877353547,70.22989370830706,3489500
1998-07-02,70.71092987060547,70.73017093995801,70.34534955290711,70.6339655931953,3503900
1998-07-06,71.42283630371094,71.42283630371094,70.53774727624038,70.67243473694242,3144400
1998-07-07,71.28821563720703,71.49986755947674,70.98035829572382,71.41328268218459,4920700
1998-07-08,71.80765533447266,72.00006598649428,71.26890550881208,71.34586976962073,6875000
1998-07-09,71.32664489746094,71.86539484543205,71.19195741046815,71.59601987144649,6942500
1998-07-10,71.7114486694336,72.00006464207688,70.84560075150375,71.4420737616332,7849700
1998-07-13,71.73072052001953,71.94237232412902,71.46134549660744,71.76920266622125,6555100
1998-07-14,72.538818359375,72.75047008403101,72.00006851479608,72.00006851479608,6983600
1998-07-15,72.40412139892578,72.82742479270105,72.36563927221894,72.6927373492271,4977500
1998-07-16,72.9043960571289,73.0198424483516,72.07703025336629,72.46185155744193,6315600
1998-07-17,73.00060272216797,73.26997763996194,72.84667419771426,73.0390848532814,3539500
1998-07-20,73.00060272216797,73.41428563163728,72.61578141103371,73.11604911550825,2338400
1998-07-21,71.73072052001953,73.27000636808862,71.59603300831348,73.27000636808862,5518600
1998-07-22,71.73072052001953,72.02895715308291,71.13424725389275,71.63451515451521,10417300
1998-07-23,70.30687713623047,71.78843968124683,70.13370748811168,71.61527003312803,15110900
1998-07-24,70.24911499023438,70.8648289534465,69.49871359756959,70.78786470804499,11540500
1998-07-27,70.74937438964844,70.80709756701285,69.47946448763136,69.96049096566813,9600000
1998-07-28,69.55644989013672,70.59546739886905,68.88301261595835,70.46077994403338,13693000
1998-07-29,69.28704071044922,70.2683345388949,69.11387121131175,70.01820081791855,7462400
1998-07-30,70.32611846923828,70.55701133425356,69.8258505950385,69.96053809963075,6821600
1998-07-31,68.82527923583984,70.49925164107275,68.53666330390314,70.40304633042717,7680500
1998-08-03,68.53668975830078,69.21974772753708,68.36352013229723,68.82530580164007,10486500
1998-08-04,65.88140106201172,69.09465864885632,65.88140106201172,69.09465864885632,15091600
1998-08-05,66.78572082519531,67.03585461105746,65.01554326370929,66.45862279752942,21718400
1998-08-06,67.0743637084961,67.42070293590658,66.22775670815936,66.57409593556984,13084400
1998-08-07,67.18978118896484,68.09411100450933,66.78571893095561,67.53612026725848,12083800
1998-08-10,66.80494689941406,67.51686597639515,66.61253633806783,66.95887534849106,6273000
1998-08-11,65.804443359375,66.15078253495066,64.95783648574562,65.74672016344573,14287100
1998-08-12,66.92046356201172,67.03591002014055,66.18930266052914,66.34323127136757,11158400
1998-08-13,66.11231994628906,67.51691812908274,66.11231994628906,66.99740921215906,9073900
1998-08-14,65.34268188476562,66.93969089431673,65.1310300883191,66.70879802546597,8628500
1998-08-17,66.72804260253906,67.07438192400552,64.95786384837713,65.26572102301398,11290000
1998-08-18,67.95946502685547,68.09415252832433,66.97817037329669,67.11285787476554,7603900
1998-08-19,67.78627014160156,68.40198420476683,67.49765417449285,68.40198420476683,6258600
1998-08-20,67.38219451904297,67.9786674002795,67.20902497287753,67.53612300452338,7402800
1998-08-21,66.84346771240234,66.93967304877597,64.95784311947908,66.61257490510562,16685400
1998-08-24,67.26676940917969,67.69007287800176,66.6895374062405,67.26676940917969,7201700
1998-08-25,67.42064666748047,68.49814558682377,66.8915177338744,67.95939612715212,9688300
1998-08-26,67.03584289550781,67.49762826562612,66.34316484033035,66.67026281083082,9339700
1998-08-27,63.8803596496582,66.22777045606131,63.70719000000552,65.88143115675594,24887800
1998-08-28,63.649417877197266,65.09249718215186,62.89901663862088,64.63071180456639,23735900
1998-08-31,59.108551025390625,64.0438841432333,58.49283695220947,63.880335092544556,22563100
1998-09-01,61.60988235473633,61.917739355884294,57.646223464956286,59.14702634555261,24748500
1998-09-02,61.16740417480469,62.64896759772383,60.82106467334307,61.456020426022704,13843200
1998-09-03,60.686309814453125,61.18657742864963,59.570328213553225,60.10907795191869,17311300
1998-09-04,60.1860466003418,61.455956790758215,58.954618536907695,61.225064028864324,17783800
1998-09-08,63.418582916259766,63.418582916259766,61.45599327504056,62.11018982211363,14746500
1998-09-09,61.87931442260742,63.49556517245164,61.84083226189684,63.26467220818818,12109700
1998-09-10,60.6478385925293,61.167347362198804,59.608821053190276,60.60935646144266,19889300
1998-09-11,62.61046600341797,62.61046600341797,59.724304386788376,60.455465329667874,20379800
1998-09-14,63.68791198730469,64.31324647056373,62.86054636330043,63.3415728888843,10686800
1998-09-15,64.07274627685547,64.22667479643951,62.976005574819204,63.34158580883129,8337900
1998-09-16,64.64996337890625,64.80389186314174,63.514740807669504,64.49603489467076,11024900
1998-09-17,62.80287170410156,63.437827208462885,62.66818417287341,62.95680031121946,12945200
1998-09-18,63.08258819580078,63.275678456577644,62.46469936131483,63.25636943049996,7019200
1998-09-21,63.04400634765625,63.89360398296923,61.132411668202046,61.55721048585854,8834600
1998-09-22,63.565345764160156,64.04807165848094,63.12123794138503,63.951526479616774,7270100
1998-09-23,66.11408996582031,66.11408996582031,64.1252607407971,64.18318780560361,13688500
1998-09-24,64.4921646118164,65.99826905484684,63.79703948426389,65.6893245537124,11129500
1998-09-25,64.41490936279297,65.13899782235673,63.41084003219787,63.71978444161174,10247400
1998-09-28,64.9941635131836,65.6892882566401,64.41489289363649,65.07139959578987,8847800
1998-09-29,64.83973693847656,65.45762603378068,63.87428522706387,65.11006341767212,10618100
1998-09-30,62.870182037353516,64.45352200266771,62.63847374974657,63.95148737951931,7908400
1998-10-01,61.05513000488281,62.7446694974278,60.61102248112813,61.80818189298858,13335600
1998-10-02,62.23299026489258,62.329535394065545,60.070379371418184,61.093757740651604,14351800
1998-10-05,60.9778938293457,61.76956376189895,59.529717123455605,61.53785548895654,12807200
1998-10-06,60.92000198364258,62.58057889983695,60.26349483072852,62.25232532337993,12621000
1998-10-07,60.01246643066406,61.80820625629204,59.162869093807814,60.9392998890527,14348500
1998-10-08,59.684165954589844,59.780711030543564,56.980903827885676,58.42907996719148,20625000
1998-10-09,60.881370544433594,61.035842781780715,58.12017930185383,59.935228090682486,12708500
1998-10-12,61.769569396972656,62.67709354878813,61.59578817641224,62.17505891161361,9508500
1998-10-13,61.557193756103516,62.03991955406543,61.01654086238617,61.51857569226656,6256800
1998-10-14,62.13645553588867,62.90881669854733,61.074458937233025,61.13238602443243,8176900
1998-10-15,65.47691345214844,66.26858359415318,61.75027107637001,61.86612524349266,20541100
1998-10-16,65.49625396728516,65.95967085856311,64.87836477891454,65.57349011583149,16573900
1998-10-19,65.72791290283203,65.99823921911864,65.18726027025879,65.3031144058102,7915900
1998-10-20,66.11408996582031,67.22435870794493,65.55412833935748,66.46165235465932,14611600
1998-10-21,65.88238525390625,66.50027397844465,65.41896871050245,66.03685743504086,9178400
1998-10-22,66.86717987060547,67.02165213135189,65.59278371944752,65.97896437131357,8277500
1998-10-23,66.01750946044922,66.73194287666351,65.97889143795115,66.71263386541447,6237200
1998-10-26,66.50029754638672,67.02164134248208,65.97895375029135,66.55822463484176,5838600
1998-10-27,66.11408996582031,67.33055832675684,65.66998246897047,67.00230495952,10089700
1998-10-28,65.99825286865234,66.4423604801149,65.51552720401914,65.84378065596971,5650600
1998-10-29,67.60090637207031,67.62021539988295,65.8824028967449,66.17203831393458,9625600
1998-10-30,67.9677963256836,68.5277582840486,67.65885179693049,68.04503245787187,9872800
1998-11-02,69.12633514404297,69.12633514404297,68.08364740723339,68.46982805049619,6501400
1998-11-03,68.62427520751953,69.08769180993384,68.43118495651356,68.95252863422967,6866000
1998-11-04,69.35800170898438,69.87934526303297,68.64356794973259,69.4931648526266,8233600
1998-11-05,70.30414581298828,70.40069091847165,68.66287901977104,68.9138962940278,6841500
1998-11-06,70.5165786743164,70.78690509858816,70.01454388638317,70.11108903790878,5224800
1998-11-09,70.01455688476562,70.59382790146253,69.5125220036283,70.40073756256356,6188700
1998-11-10,69.8214340209961,70.4007047678517,69.35801742351161,69.8214340209961,14015200
1998-11-11,69.35800170898438,70.43930685812222,69.13594797300071,70.3234527350003,10922400
1998-11-12,69.28079223632812,69.89868113029762,69.01046584521649,69.39664640394741,5457400
1998-11-13,69.95659637451172,69.95659637451172,69.28078051110903,69.33870758511497,5524600
1998-11-16,70.47796630859375,70.66140211131474,69.75387761364244,70.57451146792059,6023700
1998-11-17,70.47796630859375,71.44341790186215,69.82145922517122,70.22694889434396,9058900
1998-11-18,70.90276336669922,71.0572356180428,70.13040210998136,70.63243692684797,4567700
1998-11-19,71.52061462402344,71.61715973015738,70.82548985985906,71.23097930562162,5249300
1998-11-20,72.06129455566406,72.13853066987164,71.57856884186674,71.89716781297298,5562000
1998-11-23,73.76048278808594,73.91495500334894,72.38954187762674,72.5826321467055,7151300
1998-11-24,73.29707336425781,73.93427131500083,73.19087370580064,73.52878170998255,5323700
1998-11-25,73.29707336425781,73.64463588284491,73.04605598972269,73.49016365236176,4393500
1998-11-27,73.83773040771484,73.9728936171432,73.53844044398065,73.81842137779651,4557900
1998-11-30,71.75235748291016,73.76049665896578,71.75235748291016,73.53844280776731,8705400
1998-12-01,72.67919158935547,72.93020898857482,71.19239622474856,71.7523581153148,8950600
1998-12-02,72.46676635742188,72.85294683361383,71.67509638122834,72.42814830980268,7495500
1998-12-03,71.26962280273438,73.10398047443846,71.11515057774878,72.44747351824964,12145300
1998-12-04,73.14257049560547,73.21980657849417,71.98402925227487,72.06126533516357,10339500
1998-12-07,73.4901351928711,73.81838855552975,72.91086455288526,72.94948259555098,4290000
1998-12-08,73.16191101074219,73.99219925921459,72.60194916874917,73.23914712687916,10102600
1998-12-09,73.29707336425781,73.50947268117216,72.83365667280835,73.33569142187861,5327900
1998-12-10,72.22541046142578,73.43222456484487,72.1192108203249,73.43222456484487,5966600
1998-12-11,72.37022399902344,72.50538717084659,71.40477277171523,71.94542545900782,8198200
1998-12-14,70.28486633300781,71.92613381605882,70.28486633300781,71.7716615823599,9521400
1998-12-15,72.09990692138672,72.1385249754421,70.76758405647625,70.8641291916147,9631500
1998-12-16,72.00337982177734,72.37025142719803,71.52065402517117,72.37025142719803,7260000
1998-12-17,73.1522216796875,73.27773030867469,72.31227931646553,72.42813343553064,6914700
1998-12-18,73.4631118774414,73.85057554768107,73.07564820720174,73.34687277636951,4802400
1998-12-21,74.48985290527344,75.2260335061578,73.77304547809656,73.92803086775642,8580700
1998-12-22,74.81919860839844,75.14854256912935,73.88928624868764,74.64484004095266,5461100
1998-12-23,76.38842010498047,76.38842010498047,74.89668580417309,75.12916387702619,7791000
1998-12-24,76.05909729003906,76.40781449615743,75.94285822133294,76.34969496180437,1507100
1998-12-28,75.8653793334961,76.44657478293554,75.63290115372031,76.40782841963957,4203600
1998-12-29,77.06648254394531,77.17303499592914,75.71036042778739,76.07845071645883,3935800
1998-12-30,76.4465103149414,77.337675919221,76.27215182714757,76.83397362114992,6810700
1998-12-31,76.4465103149414,76.83397362114992,75.92343485155989,76.4465103149414,6790500
1999-01-04,76.2721939086914,77.62831622863258,75.45852051672671,76.48529884468216,9450400
1999-01-05,77.14397430419922,77.41519872415371,76.21406200721238,76.21406200721238,8031000
1999-01-06,79.00384521484375,79.1975770569596,77.95769326741815,77.99643963584133,7737700
1999-01-07,78.61632537841797,78.8681765932823,77.97701075607007,78.34510099317947,5504900
1999-01-08,79.19752502441406,79.66248114001728,78.09325424985643,79.46874942518261,6224400
1999-01-11,78.4419937133789,79.15880126274789,77.62832027896006,79.15880126274789,7578300
1999-01-12,77.02774047851562,78.24825045088647,76.71776969188176,78.24825045088647,7768800
1999-01-13,76.4852523803711,77.57014957725579,74.62542861428304,74.64480177851313,10810600
1999-01-14,75.14852142333984,76.81461393233887,74.95478973624694,76.64025541395526,11400700
1999-01-15,77.105224609375,77.35707584553627,75.67160988045697,75.86534160058103,7817700
1999-01-19,77.6089096069336,77.8801339540372,76.56275855381966,77.6767156937095,6535100
1999-01-20,78.22888946533203,79.31378738758528,77.51208190955757,78.17076993378275,6534400
1999-01-21,76.1559829711914,78.0158085538,76.00099750597403,77.85113649700652,6937500
1999-01-22,75.98159790039062,76.77589813341358,75.49726849001077,75.7103734305779,7522300
1999-01-25,76.75650787353516,76.87274690615536,75.57474437522986,76.42716394777794,5700300
1999-01-26,78.15139770507812,78.15139770507812,76.64028986645738,76.95026070514882,6047000
1999-01-27,77.24081420898438,78.5000700212703,76.96958988018433,78.34508469052741,7399400
1999-01-28,78.53882598876953,78.71318450724485,77.60891389023452,77.64766022767347,5961700
1999-01-29,79.13943481445312,79.53658497692467,77.74456595113841,78.94570302788163,6456800
1999-02-01,78.67447662353516,79.77874778028017,78.67447662353516,79.77874778028017,9426800
1999-02-02,78.19012451171875,78.86818555183524,77.34739150471682,78.78100627524883,9194500
1999-02-03,78.98442840576172,79.31377235545462,77.89953068912628,77.91890386263763,10290700
1999-02-04,77.80265808105469,79.04254107836233,77.35707512889725,78.9650483910306,7761100
1999-02-05,76.91146850585938,77.89949996525455,76.38839302735606,77.89949996525455,7516100
1999-02-08,77.06648254394531,77.55081187114456,76.46591417821823,77.55081187114456,8528400
1999-02-09,75.34227752685547,77.1827291506794,75.33259093936167,77.10523645072892,8985700
1999-02-10,75.82659149169922,76.25280125481046,75.21633660360814,75.71035246539616,6936700
1999-02-11,77.57015991210938,78.17072808325707,75.94281389996722,76.29153090256911,9181800
1999-02-12,76.64028930664062,77.80267994324285,76.02034763378609,77.37647004315536,10676600
1999-02-16,76.17530822753906,77.88014727230596,76.17530822753906,77.33769848533467,6915500
1999-02-17,76.09780883789062,77.71546847077347,75.7878381297933,76.36903320747577,7858100
1999-02-18,76.69837951660156,77.1052160838783,75.76846736282614,76.3690356288061,9048900
1999-02-19,77.02774047851562,77.95765283841722,76.48529160190635,76.87275508519869,5312200
1999-02-22,79.0813217163086,79.17818761747996,77.04713779170977,77.14400369288114,10695800
1999-02-23,79.04254913330078,79.6624906951306,78.48072709289252,79.10066865472233,7770700
1999-02-24,77.64764404296875,79.87555798132739,77.49265872551773,79.25561671152325,7271000
1999-02-25,76.91146850585938,77.66702197480863,76.05904920755766,77.20206599391679,11633000
1999-02-26,76.60153198242188,77.39583213701957,76.13657579436469,77.33771261351242,9621300
1999-03-01,76.81465911865234,77.06651046002499,75.86537329347858,76.65967367780766,7607200
1999-03-02,76.1365737915039,77.68642771092382,75.82660300761992,77.18272518711235,9651500
1999-03-03,76.54342651367188,76.60154604785083,75.49727489845085,76.31094837695609,7881400
1999-03-04,77.51207733154297,77.79298838410666,76.41749288534648,76.91150887433781,8256400
1999-03-05,79.07160949707031,79.43001321523663,78.46135451748984,79.04254973613791,10703100
1999-03-08,79.5849838256836,79.84652162550023,78.88754969283924,79.52686431461323,4802200
1999-03-09,79.39128875732422,80.55367951511813,79.19755696435857,79.43003511591735,7893400
1999-03-10,80.08869171142578,80.12743805477915,79.21689898597485,79.64310876286197,3950000
1999-03-11,80.9798355102539,81.32855250527415,79.89493819241319,80.39864051855352,6583700
1999-03-12,80.20489501953125,81.23167266108563,80.10802920429026,81.21229949803744,5286500
1999-03-15,81.34795379638672,81.36732696947469,80.28242927654836,80.55365369977994,5394400
1999-03-16,81.03799438476562,81.61918965886149,80.88300897834006,81.28984567020717,4547500
1999-03-17,80.68927001953125,81.17359937138917,80.35992606026785,81.01861397879463,4524100
1999-03-18,81.9873046875,82.06479741404773,80.43745015654537,80.4568233381823,3506300
1999-03-19,80.59370422363281,82.41920017472233,80.59370422363281,82.22499847779791,5526700
1999-03-22,80.74903869628906,81.1568621240481,80.42860600304982,80.82671934919556,4603800
1999-03-23,78.41859436035156,80.4965511698012,78.11758192533783,80.36061007011757,9713800
1999-03-24,78.86528015136719,79.03035153311716,78.06905348645557,78.82643982624954,6280900
1999-03-25,80.47715759277344,80.47715759277344,79.38962843611434,79.58383007123203,6639600
1999-03-26,79.89458465576172,80.24414773884479,79.37024003113713,79.93342499832652,6159700
1999-03-29,81.50643920898438,81.68122070836033,80.2635485467554,80.2635485467554,5863900
1999-03-30,81.07919311523438,81.54527709960938,80.51600830078125,80.74905029296875,5401400
1999-03-31,79.77802276611328,81.7880094643345,79.73918244344235,81.50641712497017,7413600
1999-04-01,80.3801040649414,80.59372598925026,79.62271724239181,80.59372598925026,7683600
1999-04-05,82.28321075439453,82.39973170424734,80.94321983108719,81.37046331388083,5791100
1999-04-06,82.08900451660156,82.64247899701867,81.50639980037302,82.14726498822442,5381300
1999-04-07,82.7492904663086,82.88523156775524,81.6423414973859,82.45798810606578,6248600
1999-04-08,83.79801940917969,83.8562799093483,82.20556573790444,82.76875057286763,5909100
1999-04-09,83.81745147705078,84.20585486665713,83.02122452835776,83.54556910432635,4365800
1999-04-12,84.7107925415039,84.76905305907027,82.78819546181364,82.94355684199064,8213200
1999-04-13,84.1669921875,84.80785761024745,83.58438725772957,84.67191645996769,10071400
1999-04-14,82.7492904663086,84.55536509981404,82.45798810606578,84.55536509981404,11551700
1999-04-15,82.4386215209961,83.00180645011478,81.40935251260674,82.92412577023634,11150000
1999-04-16,81.73944091796875,82.59392782706607,81.52581919069442,82.59392782706607,6476200
1999-04-19,80.47715759277344,83.60380391816835,79.77803170634972,82.45801427097395,12487200
1999-04-20,81.48700714111328,81.52584746863526,80.16643600536598,80.67136026315171,9049600
1999-04-21,83.81745147705078,84.28353554457841,81.04036724136537,81.44819080045204,5772200
1999-04-22,84.61367797851562,84.74961916415933,83.51643840867717,83.97281238905246,6897400
1999-04-23,84.4000473022461,84.9826523227402,83.8951229511512,84.4388876369457,4593100
1999-04-26,84.88554382324219,85.0214849824192,84.18641786176045,84.82728332645205,3606500
1999-04-27,85.29338836669922,85.4487497298444,84.41948069900764,85.21570768512663,5147200
1999-04-28,84.1281509399414,85.29336078675499,83.89510897057869,84.78843651980243,5544300
1999-04-29,83.48725128173828,84.55535986989729,83.1571086272164,84.24463737152375,9824300
1999-04-30,82.80758666992188,84.283519265352,81.72005738907862,83.95337644795316,10991900
1999-05-03,84.32231140136719,84.41941217451478,82.71043856711718,82.92406026804188,10709700
1999-05-04,83.11827087402344,84.40000121927706,82.72986773909808,83.97275777085919,10509300
1999-05-05,83.77859497070312,83.93395629656442,81.93367922610025,83.23483033018859,10032300
1999-05-06,83.2639389038086,83.97277476852906,82.26380062892903,83.54553123362906,13507200
1999-05-07,83.89508819580078,83.97276883301912,82.9240802305716,83.58436564692744,8680700
1999-05-10,83.47754669189453,84.34174369731254,82.98233267755387,83.79797928940907,5580100
1999-05-11,84.32231140136719,85.06027727728886,83.72028660785212,84.08926954581297,7000600
1999-05-12,84.98262023925781,85.27392263952949,81.72003335621501,84.36117511867823,13865800
1999-05-13,85.35162353515625,85.75944699232082,85.02148073649921,85.2933630412756,4485700
1999-05-14,83.13770294189453,84.43885363031008,82.96292150613722,83.62320693010929,8370100
1999-05-17,83.39019775390625,83.57468934185736,82.26382805904677,83.04063474515675,6268100
1999-05-18,83.23481750488281,83.88539295668252,82.41917066979063,83.60380059694832,8218600
1999-05-19,83.83687591552734,83.89513642693494,82.80760688065986,83.56499352895858,5052400
1999-05-20,83.3319091796875,84.26407688899185,83.31248901907699,83.97277447983424,4670400
1999-05-21,82.86585998535156,83.7009272408871,82.39977593575033,83.35136420368617,6418200
1999-05-24,81.48700714111328,83.1765613883194,81.03063329273003,83.1765613883194,7952000
1999-05-25,80.16641235351562,82.24436926287274,79.81684950895088,81.64234436390012,15406400
1999-05-26,81.05976104736328,81.40932398431885,79.60324881004841,80.36063517345214,12575900
1999-05-27,79.89458465576172,80.9626940762933,79.54502157267866,80.69081167833981,14515400
1999-05-28,80.91413116455078,81.2539841095597,79.91399249781027,80.16645468553118,8748000
1999-06-01,80.63250732421875,80.88496941362503,79.77802025238213,80.86554925290146,6705300
1999-06-02,80.710205078125,80.90440672653241,79.55470527010083,80.63252441876203,6981900
1999-06-03,81.15682983398438,81.33161123348326,80.65190579098758,81.215090300484,6076600
1999-06-04,82.78814697265625,82.87553769782092,81.37047520887396,81.7006179483849,9787200
1999-06-07,83.00179290771484,83.39019624373597,82.59396940489266,82.92411224051062,5299100
1999-06-08,82.1861343383789,83.14743245977536,81.778310892938,82.88526024484905,4895700
1999-06-09,82.10845184326172,82.71047691590626,81.91425020692476,82.28323331596496,7409700
1999-06-10,81.35105895996094,81.70062187743034,80.53541215253236,81.6812017153487,7040700
1999-06-11,80.6714096069336,82.16676313118344,80.2247455672226,81.54531751071598,12824800
1999-06-14,80.74903869628906,81.25396294018121,80.5062866559563,81.21512261372797,6823500
1999-06-15,81.29277801513672,81.81712225938152,80.83640432107181,81.07915628599996,5700900
1999-06-16,82.84642791748047,83.19599090447406,82.26382293915782,82.26382293915782,7865800
1999-06-17,83.62324523925781,84.24469062886679,82.41919479689042,82.57455614429267,8162800
1999-06-18,83.7198257446289,83.95357118644732,83.13546214008286,83.5639954500833,2875100
1999-06-21,83.91458892822266,84.30416454998786,83.31074671448661,83.81719502278136,4646400
1999-06-22,83.33024597167969,84.26522769366207,83.2133732564319,83.52503383042603,5862400
1999-06-23,82.92121124267578,83.29130826255148,82.35632631760235,82.90173245215601,9629200
1999-06-24,82.29788970947266,82.8627746329223,81.44082292906631,82.82381705199472,9176900
1999-06-25,82.0933837890625,82.91149320160031,81.81094125378158,82.64852946185601,4087000
1999-06-28,83.09652709960938,83.29131502061173,82.59007850500322,82.70695125760464,5028900
1999-06-29,83.87568664550781,84.26526252402851,82.7653953917238,82.90174694920606,6956200
1999-06-30,85.39498138427734,85.70664190027836,83.42762437702095,83.91459393327253,16856100
1999-07-01,86.03781127929688,86.32999311520122,84.81064756849867,85.39501124030734,9939500
1999-07-02,86.89488220214844,86.9533185721566,85.95990028201773,86.09625181203678,3772800
1999-07-06,86.87539672851562,87.73246342269829,86.38842701591183,86.79748157449902,11221100
1999-07-07,86.99227905273438,87.0896730059954,86.33973956588561,86.68061840229915,3230700
1999-07-08,87.06040954589844,87.65451235183868,86.48578552048083,86.68057332570714,7101500
1999-07-09,87.57664489746094,87.63508127083557,86.99228116371454,87.26498423946285,2976800
1999-07-12,87.18709564208984,87.84937474214148,86.95335007736576,87.84937474214148,4436300
1999-07-13,86.87539672851562,87.21627552733827,86.42738459292013,86.87539672851562,6477600
1999-07-14,87.3623275756836,87.4012851353606,86.48578248295098,87.26493367649108,4382500
1999-07-15,87.91754913330078,88.12207649918085,87.45979740966446,87.75197936092168,3348600
1999-07-16,88.3947525024414,88.60901920088277,87.73247361634996,88.04413426862828,2281500
1999-07-19,87.8104019165039,88.66746883849285,87.61561397968823,88.62851125112972,4287000
1999-07-20,86.00857543945312,87.51818128172638,85.72613305606006,87.34287221617207,7060100
1999-07-21,85.91118621826172,86.58320433968333,85.58978624714703,86.0767559003511,4793700
1999-07-22,84.78141021728516,86.01831304297099,84.44053148579694,85.66769491915454,7804100
1999-07-23,84.61588287353516,85.39503464953457,84.22630698553546,85.18076791113472,4603000
1999-07-26,83.99256896972656,84.84963600002989,83.91465378515353,84.07048415429959,4333400
1999-07-27,84.69380187988281,85.52165067930669,84.38214115539382,84.77171706100506,5908500
1999-07-28,84.96651458740234,85.58983610661299,84.51850224546968,84.92755699245167,3955500
1999-07-29,83.77824401855469,84.30417114910594,83.09648662709934,84.10938332297584,7760600
1999-07-30,82.74593353271484,84.36267375946045,82.62906074523926,84.03153419494629,5994300
1999-08-02,82.94071960449219,83.99257466758345,82.59010125012844,82.74593162984566,6065500
1999-08-03,82.55109405517578,83.42763941442139,81.88881533930132,83.34972427137734,5445400
1999-08-04,81.42132568359375,83.44711943265924,81.3044529673015,82.72640434885709,6497900
1999-08-05,82.16151428222656,82.2394294214226,80.31102972632056,81.57715073825625,10322000
1999-08-06,81.26553344726562,82.27843079608103,80.72012718251888,81.79146091684285,7537700
1999-08-09,81.0902099609375,82.1518041100778,80.8759432519367,81.40187062857503,5565900
1999-08-10,80.19418334960938,81.12916532696698,79.16180741627703,80.95385620621242,9793300
1999-08-11,81.16809844970703,81.36288630295806,80.17468039812674,80.83695909918026,8003400
1999-08-12,81.11942291259766,82.16153820274629,80.97333198407215,81.46030174582384,7036800
1999-08-13,82.99909973144531,83.05753608422502,81.73297875455164,82.04463930271008,5857700
1999-08-16,83.36918640136719,83.50553787445354,82.43420487163223,82.97961076397763,3927000
1999-08-17,83.91458892822266,84.05094039584048,82.9796074359862,83.79771624169311,4808000
1999-08-18,83.31080627441406,83.75881855973357,83.05758193923347,83.65168518715716,4355500
1999-08-19,82.6290512084961,83.04784531528126,82.08364492989216,82.51217843450954,6448100
1999-08-20,83.46662902832031,83.60298058099201,82.70695609200655,82.94070161087232,3663700
1999-08-23,85.06389617919922,85.1125931657914,83.93412609026092,84.03152006344526,5637800
1999-08-24,85.37551879882812,85.99883994908195,84.3821007156111,84.81063400641061,9279500
1999-08-25,86.25208282470703,86.50530709677597,84.86908872340753,85.51188879865941,6005300
1999-08-26,85.21971893310547,86.28131314610073,85.0833673828125,86.19365857805525,4322300
1999-08-27,84.18736267089844,85.43400570906074,84.18736267089844,85.31713292423302,6247400
1999-08-30,82.6290512084961,84.46005800095216,82.27843288653642,84.36266402263003,4652000
1999-08-31,82.31734466552734,83.36919904601443,81.5771508422216,82.86275064059473,11453700
1999-09-01,83.33024597167969,83.35946415049165,82.47317939319585,82.8627551106885,6863900
1999-09-02,82.3465347290039,82.69715273612917,81.4407715439303,82.35627411809072,10896300
1999-09-03,84.75218963623047,85.0833289659974,83.95355948796904,84.07043219259266,9160800
1999-09-07,84.44058227539062,85.16129774117826,84.2847519044095,84.81067940647075,4560800
1999-09-08,84.031494140625,84.81064568573974,83.54452442492828,84.05097292925286,6159600
1999-09-09,83.99256896972656,84.30422970801868,83.3302899008558,83.99256896972656,6177800
1999-09-10,84.69380187988281,84.99572320673151,84.10943802146596,84.92754742324955,2934500
1999-09-13,84.11915588378906,84.44055592363681,83.83671342452891,84.22628923040497,2320500
1999-09-14,83.56400299072266,83.87566360793747,83.13546964205229,83.56400299072266,3736000
1999-09-15,82.23944091796875,84.421065120435,82.20048334292471,84.421065120435,6984500
1999-09-16,82.56082916259766,82.7848351872219,81.22653240722714,82.59004733972256,15377600
1999-09-17,83.60398864746094,83.72119050070503,82.60777289488605,82.90077752799631,8542300
1999-09-20,83.48682403564453,83.7602951485362,83.19381927183201,83.72122784669453,2803900
1999-09-21,81.72879028320312,82.80314101589342,81.35765093918285,82.66640546809647,9335200
1999-09-22,81.6408920288086,82.41247122132873,81.10371664161102,82.04133186290133,13009100
1999-09-23,79.93170928955078,82.39294960491817,79.77544006317825,82.39294960491817,12204100
1999-09-24,79.85355377197266,80.24422673563201,78.95500595555613,79.85355377197266,13792900
1999-09-27,80.38098907470703,81.10373429846503,80.18565252774542,80.47865734818784,6970300
1999-09-28,80.2247314453125,80.51773630815148,78.48623592580122,79.97079389751872,11063400
1999-09-29,79.26751708984375,80.71300655870733,79.2284498069015,80.2832664463425,7580300
1999-09-30,80.47864532470703,80.90838566381954,79.36522717337006,79.65823195003769,7498900
1999-10-01,80.30282592773438,80.36142687100444,79.15034071008992,79.97075391587072,11127100
1999-10-04,81.72879028320312,81.80692488194424,80.47863670334533,80.75210779893922,6341600
1999-10-05,81.65064239501953,82.4905891947769,80.43955631164843,81.70924333453749,11976000
1999-10-06,82.90081024169922,83.01801214119267,81.68972394693358,81.72879124676473,10308200
1999-10-07,82.43199920654297,83.13521057418173,82.19759541733005,83.04730915322688,6535600
1999-10-08,83.68214416503906,83.68214416503906,82.03155098531316,82.3538561624194,9674300
1999-10-11,83.54541015625,83.8384148680442,83.3305400342676,83.50634286134411,4282000
1999-10-12,82.25619506835938,83.33054575198791,82.00225763404718,83.21334385922843,8686100
1999-10-13,80.12700653076172,82.08037090255016,80.12700653076172,81.68969802819247,10469300
1999-10-14,80.10749816894531,80.75210861507436,79.2284839242239,80.31260149271365,10562200
1999-10-15,78.05651092529297,79.22853060885592,77.82210698858037,78.75972273543074,14238700
1999-10-18,78.62296295166016,78.72063122861874,77.15793879728139,78.0955542560838,9758800
1999-10-19,79.38471984863281,80.16606551643432,78.72057603100153,79.50192169880303,14392900
1999-10-20,80.16609954833984,80.92791189784892,79.462888148793,79.85356114854125,9759400
1999-10-21,80.63494110107422,80.63494110107422,79.15038307692653,79.52152258296346,9105400
1999-10-22,81.31858825683594,82.02179968543216,80.98651619333215,81.1037180980982,8309600
1999-10-25,80.90835571289062,81.55296598293538,80.47861553286079,80.83022113470338,8114300
1999-10-26,79.89260864257812,81.68970399590751,79.89260864257812,81.37716567358936,6256300
1999-10-27,81.33811950683594,81.45532140814262,80.16610049376914,80.24423509464026,5433300
1999-10-28,84.11188507080078,84.29745471970291,82.62732787958367,82.78359705760653,10509700
1999-10-29,85.635498046875,86.06523822867958,84.8346186171483,84.91275319565823,10988600
1999-11-01,84.73696899414062,85.63551684423986,84.73696899414062,85.32297846159665,4006500
1999-11-02,84.13140869140625,85.79176851002003,84.13140869140625,84.99088906810044,6516900
1999-11-03,84.69792938232422,85.24487173073406,84.46352551871999,85.01046786712983,7222300
1999-11-04,85.34252166748047,85.8601634217007,84.86394721546553,85.47925722519902,7907500
1999-11-05,86.18241882324219,86.95399759557176,85.49874143003878,86.65122617858167,7431500
1999-11-08,86.2606430053711,86.49504692658134,85.47929660133694,85.63556588214377,4649200
1999-11-09,85.449951171875,86.6903379359427,85.1862468991992,86.57313603697567,4533700
1999-11-10,86.08477783203125,86.50475122059234,85.05926141810305,85.16669647099076,6405600
1999-11-11,86.57313537597656,86.57313537597656,85.92852493657962,86.37779887918961,4794100
1999-11-12,87.35450744628906,87.5010098626234,85.71368038334445,87.04196895810914,11802900
1999-11-15,87.55958557128906,87.66702064560967,87.1396120989449,87.41308319721551,2187500
1999-11-16,88.29209899902344,89.38598341140072,87.56935394084559,87.86235869416093,7544800
1999-11-17,88.52650451660156,89.34691784177748,88.3311680106073,88.9171775285901,9459000
1999-11-18,89.15155792236328,89.38596166799614,88.52648126734233,89.03435604954684,4491000
1999-11-19,89.07349395751953,89.36649887185348,88.76095538222998,89.01489297465274,4832100
1999-11-22,89.0539321899414,89.3860043213801,88.44838889143556,89.0343985351509,4155400
1999-11-23,88.27255249023438,89.2883021537644,87.74514401109379,89.2883021537644,5918000
1999-11-24,88.74137878417969,89.03438355674467,87.51075873940678,87.97956637551074,4459700
1999-11-26,88.40929412841797,89.3078419697585,88.29209223606921,89.05390453633618,1693900
1999-11-29,88.0967788696289,88.71208896594672,87.78424040800716,88.0577115619262,7348600
1999-11-30,87.06146240234375,88.9562261117957,86.88565958394099,87.97954378733593,7682000
1999-12-01,87.76464080810547,87.82324172562701,86.88562704528225,87.08096343702074,6980200
1999-12-02,88.29209899902344,88.37023359990752,87.74515679283479,87.90142599460297,6698300
1999-12-03,89.91339111328125,90.85100631498395,89.40551621235896,89.40551621235896,10045400
1999-12-06,89.24925994873047,89.83526953473657,88.91718784999367,89.71806761753535,3138900
1999-12-07,88.52650451660156,89.5813216489706,88.37023531180616,89.56178799837117,10714200
1999-12-08,87.96005249023438,88.79999969367209,87.82331689897707,88.35072560811238,4611400
1999-12-09,88.3897476196289,88.89762241258147,87.1200606372475,88.6436850161052,6474700
1999-12-10,88.6827621459961,89.26877158748947,88.05768540840317,88.93669957064323,5127300
1999-12-13,88.83903503417969,89.21017436259865,88.31162651484749,88.40929475916828,4210800
1999-12-14,87.97956085205078,89.06367844247903,87.90142625093884,88.5265030598344,5739000
1999-12-15,88.44835662841797,88.88786370088691,87.53027518814949,87.74514531246764,6879100
1999-12-16,88.83903503417969,89.17110706487034,88.23349191939087,88.87810233190801,5854900
1999-12-17,89.40956115722656,89.80119305016228,89.01792926429083,89.60537710369442,4775400
1999-12-20,88.76338958740234,89.72288795267539,88.41092080015919,89.33125596684967,4608700
1999-12-21,90.11444091796875,90.27109357493175,88.56749593045907,88.72414858742208,7981300
1999-12-22,90.3495101928711,90.3495101928711,89.58582772700157,89.99704136246977,5377500
1999-12-23,91.78876495361328,91.78876495361328,90.85863880208333,90.8684296036784,5721700
1999-12-27,91.66140747070312,91.97471285834065,90.89772558833666,91.79847857779454,2691000
1999-12-28,91.60273742675781,91.7985534537496,91.1621513660263,91.40692139976603,4084500
1999-12-29,91.99436950683594,91.99436950683594,91.05445257700875,91.6810638635602,3001000
1999-12-30,91.88665771484375,92.46431491305107,91.60272451572489,92.19017251390184,3641300
1999-12-31,92.03350067138672,92.42513258913729,91.64186875363613,92.01391907549919,3172700
2000-01-03,91.13277435302734,92.89511850682462,90.15369426758443,92.89511850682462,8164300
2000-01-04,87.56892395019531,90.27118502021476,87.500388343347,89.9382977869515,8089800
2000-01-05,87.72559356689453,88.68509224653243,86.00241226468766,87.68643035548074,12177900
2000-01-06,86.31566619873047,88.66545747455797,86.31566619873047,87.49056183664422,6227200
2000-01-07,91.32858276367188,91.32858276367188,87.76473154948056,87.92138435010435,8066500
2000-01-10,91.64186096191406,92.05307444058931,90.87817878723145,91.64186096191406,5741700
2000-01-11,90.54531860351562,91.54398020576028,89.91870740210722,91.36774580536417,7503700
2000-01-12,89.64456176757812,90.604060135121,89.52707217155246,90.604060135121,6907700
2000-01-13,90.85862731933594,91.32858573650492,89.78163927999037,90.52574010717458,5158300
2000-01-14,92.09225463867188,92.40556020410219,91.46564350781127,91.81811226892036,7437300
2000-01-18,91.36772918701172,91.87685069555486,90.97609725736315,91.07400523977529,6488500
2000-01-19,92.11180114746094,92.11180114746094,90.85857936314174,91.05439526694161,6157900
2000-01-20,90.70198059082031,92.09227433476423,90.11453252999894,92.09227433476423,5800100
2000-01-21,90.50614929199219,91.17192364853216,90.27117010733102,91.17192364853216,6244800
2000-01-24,87.94096374511719,91.38732527242527,87.35351575750785,91.2698356749034,7896900
2000-01-25,88.93962860107422,88.93962860107422,87.09895817207797,88.0486657870388,9942500
2000-01-26,88.23467254638672,88.69484005744755,87.78429583343357,88.35216212367885,5158100
2000-01-27,87.88223266601562,89.11587363258403,86.5506836862275,88.8808944008567,10922700
2000-01-28,85.14078521728516,87.76471926032016,84.92538764658826,87.37308731359853,11916200
2000-01-31,87.45140075683594,87.51993633736636,84.5924879689949,85.10160942436384,10768700
2000-02-01,88.31305694580078,88.78301556369418,86.80527304672613,87.5689558008029,8419900
2000-02-02,88.3913345336914,89.13543526747083,87.96053937202964,88.52840572149287,6205900
2000-02-03,89.72285461425781,89.76201779828848,87.7255322286938,88.27381680512313,7997500
2000-02-04,89.35081481933594,90.23198656311637,89.05709090474245,89.72286511115433,4925400
2000-02-07,89.21378326416016,89.4683441031492,88.62633517418544,89.3312728821551,5845800
2000-02-08,90.4278335571289,90.58448636536993,89.9970383344661,90.2124359457975,4936400
2000-02-09,88.5284194946289,90.52574282761987,88.51862869397699,90.52574282761987,8511500
2000-02-10,88.70462799072266,89.33123904937676,88.27383288789795,88.74379118188854,6690600
2000-02-11,86.90310668945312,88.93959229010727,86.4918932508595,88.88084751316534,9849800
2000-02-14,87.41223907470703,87.58847342768023,86.66813847326463,87.58847342768023,8528800
2000-02-15,88.40106964111328,88.48918677775855,86.34500311939064,87.25554686472495,11078300
2000-02-16,87.09895324707031,88.31301239754656,86.97167285226232,87.96054361192442,8845400
2000-02-17,86.64856719970703,87.99969740010924,86.60940400549248,87.99969740010924,7584200
2000-02-18,84.7883071899414,87.02060904205533,84.3575120956738,87.02060904205533,9409200
2000-02-22,84.57292938232422,85.4345197719566,83.67217579316309,84.71000058067483,16415400
2000-02-23,85.571533203125,86.1393992129398,84.27914849113273,84.98408560676488,12119000
2000-02-24,83.848388671875,85.86529292997943,83.39801199288081,85.64989538785177,17375000
2000-02-25,83.54486083984375,85.66946353552476,83.41758049401953,84.70996554392688,10559900
2000-02-28,85.29741668701172,85.64988535100764,83.16302311059201,83.57423655192058,13397800
2000-02-29,86.11984252929688,86.11984252929688,85.06243655008313,85.25825247215974,8242500
2000-03-01,86.74647521972656,87.0989439677977,85.98279293223914,86.23735369473495,6868000
2000-03-02,86.80519104003906,87.17724126105433,86.06109059800849,86.90309899293781,7600200
2000-03-03,88.43051147460938,88.8025618993254,87.54933941607142,87.99971624599081,12770300
2000-03-06,87.56892395019531,88.56758564998512,86.94231268758212,88.23469841672186,11967100
2000-03-07,85.87508392333984,87.82345260430492,84.72956062850109,87.72554463038708,20062000
2000-03-08,85.76739501953125,86.37442452766035,84.61208079438231,85.51283425805775,11808500
2000-03-09,88.2738265991211,88.2738265991211,85.297424282558,86.00236167332294,5500900
2000-03-10,87.80386352539062,88.97875911226026,87.43181325621524,87.84302671161961,7924600
2000-03-13,86.84439086914062,88.01928679972653,85.0233021767325,85.64991333971163,10540500
2000-03-14,85.61073303222656,87.78429006941255,85.3170091082825,87.27516860124285,8263900
2000-03-15,87.60807037353516,87.99970233765467,85.25827858881807,85.76740014217344,10300800
2000-03-16,91.70059967041016,92.01390515721917,88.27382090843669,88.7437791386502,25601400
2000-03-17,92.30667877197266,92.97414518589164,91.36437324643997,91.59994962782314,10272900
2000-03-20,91.83554077148438,92.56190139750936,90.95212919929182,92.26743087344518,12502300
2000-03-21,93.72017669677734,94.0735414182985,90.77547068410107,91.42330600688985,13612600
2000-03-22,94.28942108154297,94.76057371655381,93.40600989089766,93.95568796507696,8260000
2000-03-23,95.89922332763672,96.40963884585956,93.70051032606143,93.70051032606143,11654500
2000-03-24,96.46856689453125,97.84276300413995,95.31031588786105,96.03667668865423,11462900
2000-03-27,95.44769287109375,96.6059433604797,95.36916741418622,96.35073562553025,8798600
2000-03-28,94.89798736572266,96.10531591826548,94.60351698705368,95.01577551719025,6334400
2000-03-29,94.99617004394531,95.79124028299879,94.014601847583,95.21211504714502,6747500
2000-03-30,93.40603637695312,95.43788269158419,92.4244681090154,94.32871054881457,9491900
2000-03-31,94.46615600585938,95.68330099180353,93.24901101991523,93.99500310807454,9249100
2000-04-03,95.01580810546875,95.01580810546875,93.40603614996287,94.30907895427104,8508200
2000-04-04,94.30907440185547,96.11515992328984,88.8221080622804,95.32990534875316,19585500
2000-04-05,93.72017669677734,94.74100811450514,92.73860802588526,92.89565901322798,8387200
2000-04-06,94.53483581542969,95.29064334920479,93.60234600103182,94.38760058157739,6378500
2000-04-07,95.13359069824219,95.5654807096663,94.54464977357291,95.21211615486474,6023600
2000-04-10,94.76060485839844,96.18387891106757,94.42687163225533,95.3299144794661,9624200
2000-04-11,94.48575592041016,95.2513791244193,93.20971724706159,94.23054818574045,9006400
2000-04-12,91.89436340332031,94.95685447166424,91.8158379913115,94.46607064660913,10779200
2000-04-13,90.61835479736328,93.07227471713591,90.32388440699057,92.64038481125593,12225800
2000-04-14,85.4356689453125,89.71530493567971,83.86516032499425,89.59751678915585,29604000
2000-04-17,88.41962432861328,88.41962432861328,84.61114139794033,84.92524308294428,23918200
2000-04-18,90.75579833984375,90.75579833984375,87.8110936565263,88.30187777041255,11069200
2000-04-19,89.91166687011719,91.16807444210136,89.53867087218438,90.7754470758563,6553700
2000-04-20,90.34347534179688,90.4220007440931,89.4404332153904,90.18642453720445,8537600
2000-04-24,89.36196899414062,90.02943537063464,88.26261260932695,88.89081625779191,12893100
2000-04-25,93.072265625,93.072265625,90.7361340895908,90.8539222342333,14102000
2000-04-26,92.02204895019531,93.44532330729167,91.71776270833334,92.95453904622396,7711100
2000-04-27,91.71770477294922,92.56185316876189,89.83309440090231,89.83309440090231,15595300
2000-04-28,91.14844512939453,92.88582126421068,91.12881376063955,92.3459586234486,8743400
2000-05-01,92.38521575927734,93.27844298346925,91.6195924242557,92.07111387824283,7328300
2000-05-02,90.53984832763672,92.4244592208399,90.53984832763672,91.40362832035485,9411900
2000-05-03,88.41962432861328,90.46128528113898,87.81105231391811,90.46128528113898,12630700
2000-05-04,89.08708953857422,89.4306382531897,88.41962346446415,89.20487766929953,5963600
2000-05-05,90.1668472290039,90.46131766410842,88.5374441547589,88.6159696041201,7862400
2000-05-08,89.48957061767578,90.06869584159186,89.1067590289855,89.67606857114029,5064100
2000-05-09,88.7730484008789,90.08835009102903,88.11539755580384,89.8724050374223,5620300
2000-05-10,86.77059173583984,88.55704509510713,86.53501546868371,88.26257476116197,10293900
2000-05-11,88.75341796875,88.89083754976775,87.39885352728932,88.0270573262276,7091100
2000-05-12,89.71530151367188,90.12756001078066,88.96930994747504,89.08709808950611,5960800
2000-05-15,91.26620483398438,91.4723341415251,89.20491175857711,89.67606446152735,4441300
2000-05-16,92.14962005615234,92.79745505015597,91.28584006414751,92.07109460233373,8192200
2000-05-17,91.18766021728516,91.83549504767707,90.75577033035722,91.52139331172947,5907200
2000-05-18,90.0687026977539,91.91405100934695,90.0687026977539,91.48216097897411,4325600
2000-05-19,88.6552505493164,89.98036777962616,88.20372912269234,89.55829340256453,6518400
2000-05-22,87.98776245117188,88.87117372076194,86.06388901962015,88.73375418993683,10839400
2000-05-23,86.69207763671875,88.45889987116274,86.4172386224719,88.22332357323687,7979200
2000-05-24,88.1055908203125,88.38043000736339,85.74982635987634,86.6921321440508,11081500
2000-05-25,86.59394073486328,89.0871237938811,86.51541528418555,88.38039473778156,8278900
2000-05-26,86.69207763671875,87.75217097738515,86.27000343626824,87.20249294889146,4814000
2000-05-30,89.51902770996094,89.7938668301231,87.61478523455168,87.94851845189145,5362700
2000-05-31,89.71530151367188,90.46129307986871,89.26378030255273,89.55825065763044,6056500
2000-06-01,91.28583526611328,91.36436071580455,89.8331144468246,90.26500442012663,8961600
2000-06-02,92.87602233886719,93.66127723076208,92.65026155744741,93.56312036927521,8962200
2000-06-05,92.42442321777344,93.1115206716014,92.26737237118418,92.64036813183365,6998100
2000-06-06,92.01219940185547,92.83671665700332,91.65883486393497,92.1103562179445,4858900
2000-06-07,92.65022277832031,92.97414028564997,91.71773298449253,92.11036026610422,4919500
2000-06-08,92.28704833984375,92.81709520331445,91.75700147637303,92.66004428080461,5723100
2000-06-09,92.09072875976562,92.95450877797703,91.48215647420759,92.66003831722314,3085300
2000-06-12,91.0110092163086,92.32631068686352,91.0110092163086,92.32631068686352,3678900
2000-06-13,92.71895599365234,92.81711283887111,90.85397593449567,90.97176414875818,6558700
2000-06-14,92.87602233886719,93.52385762468047,92.46376352062238,93.13123017873303,6420500
2000-06-15,93.072265625,93.44526141636786,92.24774861250265,93.0526342675596,5881200
2000-06-16,92.30755615234375,93.38982338499754,91.85497167323399,93.38982338499754,5567900
2000-06-19,93.48821258544922,93.92111948439258,92.09110395704111,92.22884706125036,5106900
2000-06-20,93.15367126464844,93.7439987124599,92.56334381683698,93.31109191739816,6480000
2000-06-21,93.1143569946289,93.46855361886884,92.49451290220904,92.52402928756237,3115000
2000-06-22,91.69752502441406,92.99624533591863,91.30397341486722,92.91753501400926,7490500
2000-06-23,90.91045379638672,92.01239869088838,90.59561239795767,91.81562281687022,4863300
2000-06-26,92.08125305175781,92.09109184362146,91.2252781596216,91.54011949925791,5201300
2000-06-27,91.40235900878906,92.38623800780725,91.31380989887744,91.9238148782687,4159500
2000-06-28,91.65821838378906,92.55354876946154,91.50079765663786,91.69757356557686,5347700
2000-06-29,90.79239654541016,91.77627600515669,90.36932837771914,91.1465931509189,6345700
2000-06-30,91.4810791015625,91.67785492238754,90.60542669889105,90.6349430720148,7420200
2000-07-03,92.74046325683594,92.8388511873015,91.42206498859746,91.57948567734235,1436600
2000-07-05,91.06787109375,92.34691422708919,90.91045040041595,92.16981594708838,2748200
2000-07-06,91.77623748779297,92.22882184933226,90.81203602190492,91.26462038344421,5963200
2000-07-07,93.25206756591797,93.68497439994417,92.09109014739313,92.36657631450072,3034800
2000-07-10,93.09468078613281,93.76371886407163,92.8979048808567,93.11435837666043,2816100
2000-07-11,93.2914047241211,93.9014096906783,92.66172217799752,92.85849797366113,5431600
2000-07-12,93.90148162841797,94.53116465694046,93.62599530343937,93.99986960162461,5883000
2000-07-13,94.31464385986328,94.68851789143795,93.94076982828861,94.44254813382304,5356000
2000-07-14,95.23954772949219,95.23954772949219,94.24582930793447,94.72793032433377,5341900
2000-07-17,95.08206176757812,95.70190550633613,94.88528597749622,95.07222297807404,4208300
2000-07-18,94.30485534667969,94.84598910192929,94.0392078668299,94.84598910192929,4262100
2000-07-19,93.54725646972656,94.39339278192644,93.35048058316845,94.11790654074508,8506800
2000-07-20,94.845947265625,94.845947265625,93.70464748525026,93.8227129797718,4538900
2000-07-21,92.99627685546875,94.29499760715325,92.99627685546875,94.29499760715325,5656900
2000-07-24,92.4649429321289,93.7341467668006,92.28784472263983,93.2717236642458,5628500
2000-07-25,92.76008605957031,93.09460482558912,92.4255672935515,93.03557210217403,4757100
2000-07-26,91.85497283935547,92.66175387757603,91.70739094212,92.54368835978765,12062500
2000-07-27,91.54012298583984,92.32722636490983,91.10721612735135,91.89431950642134,7652600
2000-07-28,89.47394561767578,91.87461009213288,89.10991043097532,91.75654462617598,6229500
2000-07-31,90.0445785522461,90.7529712156816,89.45425133271651,90.00522340427746,5265500
2000-08-01,90.59556579589844,91.12686038245128,90.12330394118482,90.43814517766056,3946600
2000-08-02,91.04817962646484,91.55979680180265,90.43817453279283,90.59559520212754,7439800
2000-08-03,91.67792510986328,91.81566828989527,89.80855338085769,89.96597415803711,4607100
2000-08-04,92.16975402832031,92.38620733624336,91.55974925144629,92.13039888142522,3686600
2000-08-07,93.27174377441406,93.46851960516177,92.16979912222689,92.38625253604937,4159800
2000-08-08,93.62596893310547,93.70467928950151,92.87822054734295,92.87822054734295,3658700
2000-08-09,92.83882904052734,93.96045118027088,92.79947387772931,93.91125722677336,5383800
2000-08-10,92.38629150390625,93.10452358908039,92.11080522466138,92.89790887964674,4193400
2000-08-11,92.81915283203125,93.19302688414245,91.65817551231747,92.32721328977965,5089400
2000-08-14,93.99982452392578,94.1769227907701,92.60271597437612,93.0553004340894,2966700
2000-08-15,93.92111206054688,94.33434134051157,93.54723795010264,94.03917756910822,5564600
2000-08-16,93.58658599853516,94.41304449557857,93.0946464169617,94.0194928303198,5191600
2000-08-17,94.57047271728516,94.72789339596562,93.40949521201678,93.62594864520241,5652200
2000-08-18,94.25559997558594,94.688506697812,93.96043630134089,94.688506697812,4626400
2000-08-21,94.7672348022461,94.90497787608658,94.07851943304372,94.47207107258794,2380600
2000-08-22,94.60984802246094,95.27888604924208,94.51146007734607,94.80662391269068,3075300
2000-08-23,94.98368835449219,95.25917450260962,93.99980925407274,94.33432814821535,5483200
2000-08-24,95.27889251708984,95.39695805924237,94.76727516776222,95.18050456529608,4529000
2000-08-25,95.23954772949219,95.47567883956532,95.04277180443125,95.18051495197392,2822200
2000-08-28,95.56422424316406,96.2824563413573,95.23954397959726,95.23954397959726,5518700
2000-08-29,95.58387756347656,95.63307153031315,95.02306634153955,95.35758531602829,3561900
2000-08-30,94.66888427734375,95.39695509801756,94.66888427734375,95.27888955952992,3964800
2000-08-31,95.92826080322266,96.4005230102539,95.02309157307943,95.12147953287761,4863100
2000-09-01,96.02662658691406,96.71534214645136,95.71178518826845,96.4988886848825,3191200
2000-09-05,95.25914001464844,95.83962847373378,94.9639763913847,95.63301393744916,3470800
2000-09-06,94.17689514160156,95.68222996783066,94.15721756217373,95.2001292718488,4322200
2000-09-07,94.98368835449219,95.13127021955509,94.34416693921955,94.6098142963328,4265500
2000-09-08,94.33433532714844,94.7672421642776,94.02933278280743,94.6294990797365,3518200
2000-09-11,94.19658660888672,95.20014330766534,93.62593672134595,94.2949745205317,3937500
2000-09-12,93.50785827636719,94.60980273416949,93.46850311715995,94.29496146051169,4769100
2000-09-13,93.75382995605469,94.03915486619485,92.97656554567287,93.1930189257792,7691600
2000-09-14,94.22608184814453,94.41301883834133,93.29139689716054,94.37366368251043,3397100
2000-09-15,92.16463470458984,93.58498010243456,92.16463470458984,93.54552606360554,4085700
2000-09-18,91.31639099121094,92.77619071757724,91.03034915293645,92.40137727432102,5109300
2000-09-19,92.14490509033203,92.3619022977809,91.34596082654302,91.61227558113936,6588200
2000-09-20,91.4643325805664,92.18436884481545,90.3694829184891,91.96737161449383,6508100
2000-09-21,90.07356262207031,91.88844824651851,90.03410858675622,91.1980026285219,5972300
2000-09-22,91.7109146118164,91.7306416315221,89.90589230874451,90.03411793683159,7791300
2000-09-25,91.0599136352539,92.20408066100016,90.72455433460414,92.12517259025904,9726300
2000-09-26,89.89607238769531,91.53341581718374,89.89607238769531,91.13887523176484,5302400
2000-09-27,90.36949157714844,90.88239417068824,89.71849982380945,90.62594287391835,7186200
2000-09-28,91.53338623046875,92.3717847034849,90.20181218509018,90.3892189025879,7036400
2000-09-29,90.66535186767578,92.14487784462871,90.66535186767578,91.8292456362121,9333600
2000-10-02,90.80345916748047,91.47417774486355,90.35960128538872,91.07963740522644,5517800
2000-10-03,89.95521545410156,92.00682563112493,89.81712630757114,91.23747181474117,9347200
2000-10-04,90.70480346679688,91.05988969176477,89.48172869190749,90.19190114184326,6148900
2000-10-05,91.02051544189453,91.43478306744282,90.46815860783016,90.5273396971942,4566900
2000-10-06,89.04777526855469,91.30651923582307,88.21924036353047,90.8232072078923,10014900
2000-10-09,88.37709045410156,89.20562567710877,87.98254987171718,89.20562567710877,4508000
2000-10-10,86.91726684570312,89.16614755846076,86.91726684570312,88.43624767800434,6104700
2000-10-11,86.18739318847656,87.50910418495813,85.29967684755611,86.8778392314147,10346000
2000-10-12,84.0371322631836,86.85809703164259,83.82013497330215,86.66082676811398,12336900
2000-10-13,86.8383560180664,86.89753708759257,83.87930254175791,83.91875658810869,11778800
2000-10-16,87.23287963867188,87.26247016772163,86.28598270907978,86.73970415450933,5659000
2000-10-17,85.06293487548828,87.46963201250348,84.84593759264264,87.39072390965053,7831700
2000-10-18,84.74728393554688,85.93090521956289,82.1630441321119,83.72147882273299,10897300
2000-10-19,87.94304656982422,88.0318181511531,86.12816090710017,86.3846121420503,8767300
2000-10-20,88.31788635253906,89.12669433566484,87.35126217758386,87.35126217758386,7373500
2000-10-23,88.71241760253906,89.02804995335975,87.70633948429813,88.3376041859395,5290000
2000-10-24,88.12059783935547,89.60012433094975,87.74578446148492,88.98858671442412,5750700
2000-10-25,86.04925537109375,88.10086531116568,85.93089325916652,87.5879628261477,9137600
2000-10-26,86.28600311279297,86.89754085776246,84.60920607013466,86.5621814492308,9345800
2000-10-27,87.92333221435547,87.92333221435547,86.24653543665292,87.03561627321882,9762900
2000-10-30,88.71241760253906,89.06750399721234,87.2131639361408,87.39070713347745,10154100
2000-10-31,90.24122619628906,90.70481102864512,88.41647738807904,89.01815131943478,7752400
2000-11-01,89.93548583984375,90.42866134894578,89.14640502528053,89.7973966972952,6753600
2000-11-02,90.08341979980469,90.84290992622371,89.96505770218094,90.36946153572873,11395100
2000-11-03,90.13275909423828,90.7442967462237,89.87630782082503,90.56675355693761,5187100
2000-11-06,90.76403045654297,91.08952632755643,90.290581916887,90.36949000682966,4042500
2000-11-07,90.7442855834961,90.90210173233696,89.994658876502,90.3596087206965,5231300
2000-11-08,88.73209381103516,90.94151900152781,88.73209381103516,90.94151900152781,6123300
2000-11-09,88.39678955078125,89.1464164204375,86.64108451395475,88.37706252789556,10635300
2000-11-10,86.24652862548828,88.04168738690626,86.18734756741955,87.74578209656264,8569500
2000-11-13,85.57581329345703,86.4733927090523,83.96806115343473,85.61526733370297,17285300
2000-11-14,87.82467651367188,88.14030877427805,86.48323940609556,86.77914465041387,7668900
2000-11-15,88.10086059570312,88.44608340368,86.9566935749797,87.78522831412424,8837700
2000-11-16,86.7199478149414,88.29810883068191,86.68049378954788,87.47943780376653,6684100
2000-11-17,86.2563705444336,87.74576013302244,85.69415063350932,86.6805013544291,6551100
2000-11-20,85.02342224121094,86.08868089574119,84.78669809575977,85.69414065332258,5458500
2000-11-21,85.45746612548828,85.9703687384298,84.28370822279517,85.1418337482935,7684300
2000-11-22,83.41572570800781,85.14184040576131,83.40586219544922,84.8064809787692,5736900
2000-11-24,85.12210845947266,85.20101655537945,84.35275452438124,84.35275452438124,3411600
2000-11-27,85.87173461914062,86.28600211902621,85.41801307164688,86.14791295239768,5992000
2000-11-28,84.39218139648438,86.22679403553839,84.36259087004802,85.29962420719927,5336100
2000-11-29,84.23439025878906,85.79282511369405,84.1258916296501,84.82620096318335,6914100
2000-11-30,83.50447082519531,84.2738245606507,81.90658229771107,83.64255995720013,11201600
2000-12-01,83.46502685546875,84.62892110847575,82.69567302720988,84.07656451382836,7587200
2000-12-04,84.17518615722656,84.51054546462588,83.01129209037013,83.24801630735789,6996600
2000-12-05,86.93700408935547,87.27236353331259,84.84593932115223,85.1418447128791,8883400
2000-12-06,85.5462417602539,87.3315374778379,85.2404728804467,86.97645103677146,12888000
2000-12-07,84.37244415283203,85.77306223439646,84.37244415283203,85.1417977469308,6529100
2000-12-08,84.5697250366211,88.04168015825518,84.51054398341142,86.52269979254027,10276300
2000-12-11,87.5090560913086,88.10086666000545,86.30570793495832,86.71997533304612,6405600
2000-12-12,87.13424682617188,87.62742232326363,86.7199794086148,87.23288192559023,5022900
2000-12-13,85.94075775146484,88.00223122444271,85.87171318538425,87.90359613004186,6070500
2000-12-14,84.8459243774414,86.16763489436504,84.60920010575359,85.77309444155202,7678400
2000-12-15,82.92952728271484,84.29486667248037,82.67228942667205,84.29486667248037,9065300
2000-12-18,84.03764343261719,84.51254417252366,83.43412374231937,83.62210528519901,7235400
2000-12-19,82.3260269165039,85.462350739666,82.3260269165039,83.87934817907944,9616600
2000-12-20,79.94161987304688,81.64334742479986,79.84268222468916,81.44547212808439,9994300
2000-12-21,80.49568939208984,81.59389754382559,79.48652514454889,79.78333815853154,14331500
2000-12-22,82.90977478027344,83.0186062268824,81.58400988521895,81.68294756395436,10182900
2000-12-26,83.80017852783203,83.80017852783203,82.49420171960608,82.85037721275862,4665300
2000-12-27,84.4135971069336,84.68072874334794,83.10762021779679,83.42422067576935,4854100
2000-12-28,84.67085266113281,84.76979032491072,83.95850148193188,84.09701421122095,8358700
2000-12-29,83.06804656982422,85.02701193676386,83.06804656982422,84.88849923405095,8774600
2001-01-02,81.56417846679688,83.6814436526162,80.77267746275226,83.58250602711063,8737500
2001-01-03,85.48213195800781,86.11533293547454,80.83206227973656,81.2476004211991,19431600
2001-01-04,84.5619888305664,85.77892162875989,84.21570714002355,85.44253370080398,9219000
2001-01-05,81.80166625976562,84.61149611193949,81.80166625976562,84.51255844108829,12911400
2001-01-08,82.43486785888672,82.43486785888672,80.85186511555716,82.23699251597051,6625300
2001-01-09,82.21722412109375,83.26596368268652,81.95009234597106,82.97904436866585,5702400
2001-01-10,83.66165924072266,83.66165924072266,81.56418150195336,81.68290665697803,8746100
2001-01-11,83.74083709716797,84.52244462678472,83.00869839853961,83.00869839853961,7245100
2001-01-12,83.58251190185547,84.67082585891089,83.1273987925414,84.01783748467764,7244000
2001-01-16,84.11677551269531,84.33443830512995,83.2758056328342,83.5825122949012,8542200
2001-01-17,84.50262451171875,85.51178827476703,83.98814886781179,85.38316936379029,7851400
2001-01-18,85.34356689453125,85.92729868757291,84.17610330844794,84.492703602979,8107000
2001-01-19,84.85881042480469,86.23404356565204,84.76976655237571,86.23404356565204,7782500
2001-01-22,85.42276000976562,85.9768108043622,84.5718962894923,85.00722191381819,7050900
2001-01-23,86.09553527832031,86.53086089912543,84.94785864165229,85.14573392383643,8463100
2001-01-24,86.352783203125,86.94640911882017,86.01639518423107,86.27363308103232,6199900
2001-01-25,86.13511657714844,86.90683023359428,85.89766622131894,86.27362928471564,10818300
2001-01-26,86.03619384765625,86.19449411232536,85.13586109235074,85.58108058673258,7136800
2001-01-29,86.49523162841797,86.685184135586,85.71638770151999,85.79870689587766,6705900
2001-01-30,87.25507354736328,87.33105455275984,85.98233373570557,86.30527233239607,7069100
2001-01-31,86.76116180419922,87.82493433250457,86.49521867212287,87.00177149786305,9706900
2001-02-01,87.33740997314453,87.35007669856981,86.27363692255443,86.8118616415024,8239100
2001-02-02,85.35550689697266,87.37541987341572,85.32384491082607,87.0018238958967,8276600
2001-02-05,85.98236846923828,86.07735442623219,85.32384361206873,85.35550559773337,4352900
2001-02-06,85.72904968261719,86.55854112431209,85.62140671388119,85.67206393361755,7106700
2001-02-07,85.28582763671875,85.7353948485664,84.64628856758874,85.30482289007126,5748700
2001-02-08,84.29169464111328,85.73539181611257,84.27903758057835,85.35547710062123,5943300
2001-02-09,83.48120880126953,84.43734839500121,83.11395110020511,84.43734839500121,9913000
2001-02-12,84.43732452392578,84.5323007724025,83.39253748129812,83.39253748129812,5804400
2001-02-13,83.74716186523438,84.95657810973297,83.5825330813814,84.65897286293216,6587600
2001-02-14,83.62051391601562,83.99410014875117,82.73403647191779,83.99410014875117,8400100
2001-02-15,84.43102264404297,84.54500385311171,83.57620705449155,84.1144221304578,5929800
2001-02-16,82.56938934326172,83.13293772944863,81.87287418541324,82.94931372890888,6434900
2001-02-20,81.29667663574219,83.03797939928371,81.11305259554162,82.97465543403906,5760000
2001-02-21,79.54271697998047,81.58162028606863,79.46673111547248,80.98641458904812,10910800
2001-02-22,79.6629867553711,80.12522543976256,77.89635604005284,80.00491574842674,21281600
2001-02-23,79.124755859375,79.49201341072285,77.12384423615921,79.20074167960007,20173000
2001-02-26,80.80911254882812,80.80911254882812,78.83352370949979,79.65668693362164,11503700
2001-02-27,80.06192016601562,80.94839752609938,79.47304315913753,80.2898728674484,11415000
2001-02-28,78.48523712158203,80.31518704463446,78.05466038492624,80.25820129156205,14825800
2001-03-01,78.89686584472656,78.89686584472656,77.09224345288031,78.54860809524976,14672000
2001-03-02,78.26996612548828,79.56169658229501,77.44047446600018,77.56711271765315,12564300
2001-03-05,78.9854507446289,79.01077935130866,78.39657392440341,78.61186466571246,5293200
2001-03-06,79.83394622802734,80.8913902483656,79.46035529913695,80.0049082931548,6917000
2001-03-07,80.40385437011719,80.44184487914383,79.63134848031147,80.35319713745527,6371700
2001-03-08,80.49252319335938,80.56850423131262,79.8719840080763,80.16325592575909,6055000
2001-03-09,78.11164093017578,79.84660954419388,77.95334075073411,79.84660954419388,10020300
2001-03-12,74.76835632324219,77.56710287574154,74.55939888668217,77.4657884225225,13972900
2001-03-13,75.99676513671875,76.26271316959047,74.42009634704539,75.60418369508669,12888000
2001-03-14,74.49609375,75.53454293569185,73.29301096239898,74.11617414100493,19883400
2001-03-15,74.51510620117188,75.26228369802409,74.31248204088693,75.00266892622156,10370300
2001-03-16,73.0205307006836,74.53795545126937,72.89354661121023,74.36652814146726,58514600
2001-03-19,74.50621032714844,74.72208086339049,72.89989909043129,73.4967122179823,10067800
2001-03-20,72.50623321533203,75.21093301079111,72.44909402410612,74.8553873481952,15083900
2001-03-21,71.2745361328125,73.17925379119056,71.04596962629132,72.49355427162706,19004600
2001-03-22,70.55073547363281,71.4903933614556,68.59522441288702,71.12214682846836,28624800
2001-03-23,72.68404388427734,72.79832716255248,70.7920217981552,71.90310734207245,12861700
2001-03-26,73.6109619140625,73.82047709517994,72.86811862919754,73.45858107186444,9943800
2001-03-27,75.11570739746094,75.33157789908883,73.1919435024646,73.40781400409249,12880700
2001-03-28,73.03955078125,74.25221812402843,72.95066437262523,74.22047574606015,10953300
2001-03-29,73.31890106201172,73.96650264481926,71.1983138321413,72.82367062345851,12060300
2001-03-30,74.087158203125,74.087158203125,72.69671297262494,73.36336598986527,9183600
2001-04-02,72.50623321533203,74.52523365240211,72.25227479573286,73.83953913795945,10561000
2001-04-03,70.08724212646484,72.474488992803,69.87772207606908,72.366556182822,12836000
2001-04-04,70.3792953491211,71.17292746817736,69.39519442785894,70.20152252948385,14884300
2001-04-05,73.0458755493164,73.32523065951221,71.42686467901437,71.93479098764284,21522800
2001-04-06,71.93480682373047,72.63320201888462,71.14752038764473,72.37288839632112,14937800
2001-04-09,72.73481750488281,73.0078272324538,71.60468579110677,72.37927175509644,9034300
2001-04-10,74.061767578125,74.7601630368561,73.12210479885154,73.29987765991613,17873600
2001-04-11,74.1125717163086,75.54745563774723,73.73797469685489,75.4141259730444,12722300
2001-04-12,75.45858001708984,75.51572407812844,73.62370199443163,73.83957256154065,9233200
2001-04-16,74.66490173339844,75.48393058410917,74.22682013897779,75.10298817176468,7350000
2001-04-17,75.71888732910156,75.97285068585965,74.29669446883554,74.48081778138645,10924700
2001-04-18,78.72831726074219,79.99812882946384,76.62678066457082,76.86169270465842,32481600
2001-04-19,79.7759017944336,79.89653058297664,78.46164719544107,78.88703284987119,13809900
2001-04-20,79.04578399658203,79.61720027137093,78.51246536941076,79.2997473235935,7626700
2001-04-23,77.61090087890625,78.65849665044533,77.40138559975676,78.50612058089628,8451800
2001-04-24,77.1918716430664,78.50612685229147,76.88711463567512,77.78867998145404,10044700
2001-04-25,78.20136260986328,78.51881557638278,76.7918706634851,77.09027722704508,8249000
2001-04-26,78.55054473876953,79.50290341922222,78.410864690605,78.5568951529443,10590400
2001-04-27,79.85848236083984,79.89657517385584,78.85532963719596,79.31246276918299,7938700
2001-04-30,80.41719818115234,80.80448639385123,79.15373172371982,80.28386365533405,10766900
2001-05-01,80.66476440429688,80.72825400021983,79.1092426624831,79.40764909166127,10578000
2001-05-02,80.51876068115234,81.07113052118194,79.9981380715872,80.89335765605443,9572900
2001-05-03,79.49659729003906,80.09341061231784,78.86804156709725,80.08070977689307,9926200
2001-05-04,80.84892272949219,80.85527314540614,78.37279335733723,78.50612302784188,12145300
2001-05-07,80.1505126953125,80.87430497271153,80.14416712449032,80.54415606391171,7185200
2001-05-08,80.11241149902344,80.69652365396588,79.718768171677,80.54414762309975,6952600
2001-05-09,79.7759017944336,80.34731789050558,79.40130491436294,79.52193854685204,9507400
2001-05-10,80.0108413696289,80.95050425625419,79.85211489069508,80.79812819278307,6872400
2001-05-11,79.45849609375,80.30926790742755,78.98231653846658,79.99816528761475,7734400
2001-05-14,79.61717987060547,79.6425766811938,79.02036693164546,79.29972700417079,7914000
2001-05-15,79.9854507446289,80.31559969504224,79.2680039476217,79.7124410025005,9782200
2001-05-16,81.87112426757812,82.02985076274129,79.12198505275286,79.26166029957994,14909000
2001-05-17,81.9980697631836,82.58853711977002,81.62347771393306,81.90283778045632,11824600
2001-05-18,82.3726806640625,82.3726806640625,81.33143555620804,81.95998608791746,6683100
2001-05-21,83.58533477783203,83.7059684155824,81.99807046615355,82.43615696623961,11531500
2001-05-22,83.4773941040039,83.86468694708797,83.21709014420637,83.69961496186373,8342700
2001-05-23,82.06153869628906,83.20437057315762,82.06153869628906,83.20437057315762,12330800
2001-05-24,82.30281829833984,82.53773027669457,81.61711906887885,82.20123107444394,7902800
2001-05-25,81.33142852783203,82.34727189108612,81.20444447446552,82.31552466675791,7425000
2001-05-29,80.68384552001953,81.49017875146872,80.56956226059947,81.40763788169727,9003900
2001-05-30,79.55371856689453,80.69019597035332,79.36324484169523,80.37274299098654,10041800
2001-05-31,79.96636199951172,80.48063885265663,79.52828040957894,79.63621320391415,9874200
2001-06-01,80.46162414550781,80.69653622051948,79.43942529320218,80.1251199608537,8848300
2001-06-04,80.84892272949219,80.90606678482165,80.04894470646431,80.50607777330771,5623500
2001-06-05,81.77587127685547,82.04887612834253,80.80446130662718,80.94414136158602,9115400
2001-06-06,81.09649658203125,81.79489179186712,80.86157975994614,81.79489179186712,12064900
2001-06-07,81.38855743408203,81.490144663938,80.63301815485188,80.66476537516832,7355300
2001-06-08,80.63302612304688,81.18539584109627,80.08700681847748,81.0774581877214,8170600
2001-06-11,80.06163787841797,80.62670377618377,79.62355607472463,80.4489308884302,7012200
2001-06-12,79.92192077636719,80.46794001808813,78.75369671571956,79.27431915039003,9364400
2001-06-13,79.23625946044922,80.3663912045739,79.14102260521392,80.10607745652729,7629400
2001-06-14,77.45853424072266,78.91882002054518,77.299807736131,78.84262955451973,12603000
2001-06-15,77.5832748413086,77.93346801703643,76.6600453528944,76.98476949241277,16821100
2001-06-18,77.20762634277344,77.95894599510214,76.9847783225324,77.45594340214524,11368300
2001-06-19,77.54513549804688,78.24551754979288,76.97209387108165,77.92079315155829,7732300
2001-06-20,77.95260620117188,78.22639240040571,77.10577855496905,77.1630851285281,8787200
2001-06-21,78.83763885498047,79.14962621339419,77.77433153099174,77.81890115362228,12259100
2001-06-22,78.22001647949219,78.69118168761415,77.78068879339791,78.62751150128261,12212000
2001-06-25,77.50054168701172,78.5956864863049,77.36046434881501,78.49381029208028,8406800
2001-06-26,77.39229583740234,77.92713124219196,76.7683163407572,76.97843233166337,8005800
2001-06-27,77.34770202636719,77.83159918665704,76.98477672728859,77.42410428445379,10105100
2001-06-28,77.77430725097656,78.91402136841158,77.63422994994657,77.67879955866312,10269300
2001-06-29,78.06080627441406,78.95857156058058,77.84432675894578,78.18815145209113,9824200
2001-07-02,79.03500366210938,79.15598041216677,78.07357271054092,78.18818098487854,8522200
2001-07-03,79.01589965820312,79.01589965820312,78.34735546839534,78.93949738378136,3303100
2001-07-05,77.47505187988281,78.7293742532771,77.4623197878783,78.36008043474745,5517900
2001-07-06,75.80052947998047,77.35410271759294,75.80052947998047,77.23949441781028,11665900
2001-07-09,76.21439361572266,76.74923400531033,75.89603774454967,76.08068473275702,8339300
2001-07-10,75.29751586914062,76.81288774230624,75.26567834575802,76.59003965180014,8630700
2001-07-11,75.37389373779297,75.69861791175956,74.55253544936129,75.19561532313601,15328600
2001-07-12,77.1630859375,77.34136442115401,75.96606493400989,76.08704170122842,12002800
2001-07-13,77.83163452148438,77.8825726218158,76.80016470725839,76.94023719658288,10433800
2001-07-16,76.85743713378906,77.85707389760495,76.5900194955582,77.53234970391159,6915300
2001-07-17,77.57691955566406,77.646958202716,76.29713305820135,76.53271318217348,7469800
2001-07-18,77.04844665527344,77.44957308214761,76.44356792020899,76.76192361517268,7709300
2001-07-19,77.72335815429688,78.30276784323495,76.8892677989075,77.79339679488768,10082900
2001-07-20,77.2585678100586,77.6405985800763,76.99115015722461,77.1375959334278,6705800
2001-07-23,75.7368392944336,77.60240438849826,75.7368392944336,77.55147115477773,8065200
2001-07-24,75.0046615600586,75.89605430769564,74.33611214160467,75.76871387452638,12269000
2001-07-25,75.83235168457031,76.07430520501097,74.7881450340948,75.08103179140143,12088500
2001-07-26,76.62823486328125,76.94659064157301,75.48852059406993,75.80687637236169,12898200
2001-07-27,76.92110443115234,77.2649291779085,76.3480680442813,76.93384137976696,8478800
2001-07-30,76.94660186767578,77.26495769241397,76.59641337509841,77.16308635451443,8547700
2001-07-31,77.26493835449219,78.11176580220507,76.91474994956019,77.04209030449489,11918100
2001-08-01,77.74884033203125,78.12449777893862,77.39228345256349,77.65970111216431,11940800
2001-08-02,78.06720733642578,78.47470235965517,77.60877422086176,78.46197026543345,11070100
2001-08-03,77.640625,77.90804274383215,76.9784442597551,77.90804274383215,10816300
2001-08-06,76.59640502929688,77.3668254582928,76.46905979864228,77.26494927376912,8550100
2001-08-07,76.8956527709961,77.16943893541857,76.34808529987485,76.57729699179433,8865100
2001-08-08,75.46939849853516,77.14395252366131,75.40572833258213,76.48177211076077,15183800
2001-08-09,75.69222259521484,75.74952912687364,75.04277933531323,75.577614389618,14118500
2001-08-10,75.95331573486328,76.3035041466906,74.71172539004846,75.64132845872393,11173300
2001-08-13,75.97240447998047,76.30986074663838,75.64768030399611,76.1506828957452,7431600
2001-08-14,75.94058227539062,76.62823189572411,75.64133193587323,76.49452305694652,13178100
2001-08-15,75.28477478027344,76.1570713811548,75.18290345494957,75.91512273300228,8520600
2001-08-16,75.54582977294922,75.6094999592649,74.4952546967073,75.0046259026803,10734700
2001-08-17,74.33607482910156,75.04919352699211,73.86490963360222,74.90911620618114,11604600
2001-08-20,75.02373504638672,75.0683046676734,74.2087449098733,74.36792282271497,10417400
2001-08-21,73.74394226074219,75.47579870606424,73.73121016528731,75.00463345064479,14480800
2001-08-22,74.50801086425781,74.76906502753907,73.71848961185852,74.33610081988937,11752300
2001-08-23,74.24058532714844,74.82635894169582,74.17054664956942,74.46980193418435,8744100
2001-08-24,75.78141784667969,75.85145651624411,74.3297160733888,74.6289713237596,11687700
2001-08-27,75.32935333251953,75.89602630920817,75.29752066483356,75.74958535085908,7425100
2001-08-28,74.22781372070312,75.44392992843056,74.22781372070312,75.3102211217834,12046600
2001-08-29,73.56566619873047,74.60987293846561,73.33008113440657,74.57803541219432,16180000
2001-08-30,72.15214538574219,73.692986015721,71.33715546105003,73.12631318190464,17692600
2001-08-31,72.68061828613281,73.07537630496083,72.0311698394751,72.20308466382934,15985400
2001-09-04,72.21585845947266,73.96681608572595,72.18402578090367,72.4896447553413,24473400
2001-09-05,72.39411163330078,72.7061038349294,71.27986626163249,72.39411163330078,21477100
2001-09-06,70.52854919433594,72.13943379183534,70.52854919433594,71.72557023686869,21653000
2001-09-07,69.2232666015625,70.8341457225567,69.16596004754645,70.05098853582172,33133900
2001-09-10,70.07009887695312,70.26110940239347,68.5738230435273,68.5738230435273,23408700
2001-09-17,66.40901947021484,67.74611281129675,63.67115774412782,64.3078693215691,32388700
2001-09-18,66.24981689453125,67.04570606982489,65.81048451529813,66.42809529256151,22029200
2001-09-19,64.91270446777344,66.53631996012808,62.754253902660636,66.28163451026762,42771800
2001-09-20,62.84980773925781,64.82361292513134,62.75430001816041,63.92585200535453,36210900
2001-09-21,62.17171859741211,63.26458026698167,59.947650774553544,60.254416396212555,49782100
2001-09-24,64.357421875,64.65141241171172,63.30929738847597,63.731106081710095,25549600
2001-09-25,65.02848815917969,65.18826331436195,63.846152986021124,64.38938753845065,25466200
2001-09-26,64.79841613769531,65.44390917564186,64.18488008343022,65.41195219196041,18587500
2001-09-27,65.36084747314453,65.37363222179074,63.91009056278853,64.70896669482339,20536800
2001-09-28,66.74772644042969,70.05827063086278,65.50786863474457,65.81463933572255,21687200
2001-10-01,66.63904571533203,66.67100270928306,65.71874377616562,66.40258151352421,20457400
2001-10-02,67.4762191772461,67.4762191772461,66.24275525088075,66.4664394083151,19833100
2001-10-03,68.60747528076172,68.94619795115103,66.6901727305255,66.8499479430452,32045800
2001-10-04,68.66499328613281,69.64281675524066,68.22401216243622,69.20822800497581,32674100
2001-10-05,68.53076934814453,68.78001822794684,67.43790287399429,68.54354921656586,29796100
2001-10-08,68.08332824707031,68.57543802116517,67.6615247452212,67.9171608670951,12970300
2001-10-09,67.71910095214844,68.22399102588501,67.48902433940897,68.13451732936974,15976300
2001-10-10,69.22734832763672,69.3743435506041,67.4378654331704,67.61681762337594,19987400
2001-10-11,70.30104064941406,70.49277271065564,69.62998331101738,69.62998331101738,23006300
2001-10-12,69.98152160644531,70.23077047140588,68.57550211815742,69.75783735275647,31360500
2001-10-15,69.85370635986328,69.9495675612196,69.06121800500858,69.42550519801634,16873000
2001-10-16,70.294677734375,70.69092188486033,69.63001248644039,70.17325192892942,15877100
2001-10-17,68.79914855957031,71.03599961897888,68.79914855957031,70.98487042453621,28542300
2001-10-18,68.65221405029297,69.12515220316085,68.2240176390866,68.90785537260888,16510000
2001-10-19,68.60747528076172,68.96537507245353,67.75108248211343,68.38379095842467,21912500
2001-10-22,69.96236419677734,70.02627330052785,68.51799504744598,68.57551665398788,17540600
2001-10-23,69.60446166992188,70.48002653463442,69.2657341929398,70.27551449952439,22062500
2001-10-24,69.4190902709961,69.94953992071555,69.1634491245094,69.64916681523918,16065200
2001-10-25,70.66534423828125,70.68451647371214,68.21758807863829,68.67134886231922,27467900
2001-10-26,70.50558471679688,71.44506346848999,70.09016831201372,70.26911571691697,18623300
2001-10-29,68.67139434814453,70.65261117143322,68.67139434814453,70.40336219383684,18727500
2001-10-30,67.84693908691406,68.83114996741729,67.46347472978603,68.60746567639383,26178600
2001-10-31,67.61688232421875,68.93342871826252,67.61688232421875,68.31989239261242,28124200
2001-11-01,69.34883880615234,69.66838925053943,67.552961993049,68.12815376813631,29806800
2001-11-02,69.82173919677734,69.90482051782492,68.93978214121287,69.30406928111456,17575900
2001-11-05,70.73564910888672,70.9976777990402,70.26910356170579,70.37775436098917,15929500
2001-11-06,71.83492279052734,71.88605201898729,70.20521398401584,70.52476434796307,23245800
2001-11-07,71.73908233642578,72.29510192368605,71.34923036305135,71.43231173201758,19716000
2001-11-08,71.96275329589844,72.90862468040464,71.51538466022468,72.13531325248148,22563500
2001-11-09,72.03944396972656,72.19282679861801,71.2213957143692,71.73906580934798,15895800
2001-11-12,71.59844970703125,71.99469389120577,70.30107608310436,70.94017677476894,26068800
2001-11-13,73.208984375,73.208984375,72.33341469367129,72.49958223467225,15296200
2001-11-14,73.27925872802734,73.75219168795603,72.67211038497825,73.60519644146432,17571300
2001-11-15,73.41351318359375,73.6116328781228,72.81275685056718,73.0939627725715,19470200
2001-11-16,73.08755493164062,73.56048807460056,72.4740188574342,73.54770820628327,18134900
2001-11-19,73.98867797851562,74.03980719927432,73.14506533980058,73.44544341681934,13625400
2001-11-20,73.3687744140625,74.00787521949526,73.2665159447362,73.73306167812109,16209700
2001-11-21,72.88306427001953,73.28569606537359,72.54434158688716,73.17705008700146,11470200
2001-11-23,73.93115234375,73.9758891875295,72.85746321709169,72.88302782438716,6717100
2001-11-26,74.0909423828125,74.35297112737467,73.54131540530014,73.97590406482267,13726000
2001-11-27,73.77136993408203,74.71084843680521,72.91497273991779,73.89280058777953,19261400
2001-11-28,72.43568420410156,73.60523986856465,72.37816747107172,73.33042632242227,20195500
2001-11-29,73.41351318359375,73.44546529912458,72.21839289102772,72.6402017740342,16354700
2001-11-30,72.88945770263672,73.4390848524406,72.87028058033425,73.11314203663765,13680300
2001-12-03,72.4548110961914,72.90857177624471,72.22473457166453,72.63375842061255,15220400
2001-12-04,73.68190002441406,73.68829239492244,72.44204344708999,72.80633055086716,17239900
2001-12-05,75.03038787841797,75.413847142938,73.85444060781421,73.88639757816968,25204000
2001-12-06,74.99208068847656,75.37554504447375,74.73005191289377,74.99208068847656,17972900
2001-12-07,74.49357604980469,74.8322986407348,73.94394905759496,74.71087282335223,18857800
2001-12-10,73.100341796875,74.38493566555081,73.08116955458834,74.03982067653558,13862700
2001-12-11,72.9533462524414,73.95673416152323,72.79357107662614,73.4326717798872,20833300
2001-12-12,73.03642272949219,73.3559730598634,72.28867612665182,73.20898263842525,16171500
2001-12-13,71.61762237548828,72.66574712600382,71.60484250699723,72.50597195213315,19026700
2001-12-14,72.30144500732422,72.53152160030452,71.57926312577239,71.79016748199605,16721900
2001-12-17,73.0492172241211,73.08756170857966,72.15447520445798,72.21199193114583,13925900
2001-12-18,73.48379516601562,73.59244110670669,73.07476626256214,73.26010603689154,13663700
2001-12-19,74.00145721435547,74.08453853494213,72.85746658375956,72.91498329586945,20143400
2001-12-20,73.27291107177734,74.00787800083677,73.20900196402269,73.81614580162044,14867900
2001-12-21,73.7173080444336,73.79426567532374,73.23633385999565,73.7686131316937,14037700
2001-12-24,73.5761947631836,73.77499577494899,73.49923716537748,73.64032364832853,5728800
2001-12-26,73.980224609375,74.52532757141037,73.52490308142916,73.52490308142916,10304800
2001-12-27,74.42915344238281,74.44198216111295,73.90970286643314,73.94176977053583,9407300
2001-12-28,74.39068603515625,74.87166029831458,74.33938093949912,74.57666333737092,10593800
2001-12-31,73.30048370361328,74.64079637566799,73.25559296561919,74.48688597293445,14619500
2002-01-02,74.08927154541016,74.23035810607163,72.98623649957281,73.81992714381444,18651900
2002-01-03,74.9293441772461,74.99988743170584,74.09565873147282,74.16620198593256,15743000
2002-01-04,75.42957305908203,75.66044103821594,74.74338348019016,75.14098563880367,20140700
2002-01-07,74.8973159790039,75.66687287515757,74.74981504600069,75.48089556516369,13106500
2002-01-08,74.72413635253906,75.07043830246074,74.37142493717711,74.89728977386075,12683700
2002-01-09,74.11489868164062,75.5321683767581,73.96739781168662,74.82674070803158,16610300
2002-01-10,74.44198608398438,74.61513465418447,73.94177366704754,74.19187987551597,12823400
2002-01-11,73.7109146118164,74.57025299309714,73.55699931655616,74.52536225516045,13708400
2002-01-14,73.24915313720703,73.64675528042042,73.08241407146366,73.52491182978493,12301100
2002-01-15,73.84556579589844,73.99947615460465,73.04394220908392,73.46078745277188,20219900
2002-01-16,72.35133361816406,73.36458694120225,72.26796653185907,73.30045803691212,17067000
2002-01-17,72.89643859863281,73.26197874488352,72.72329006313382,72.95415803894709,17283400
2002-01-18,72.56295013427734,73.01185727492663,72.25512460017436,72.4667543490751,17028000
2002-01-22,72.06273651123047,73.06316091521157,71.83827805258069,72.9477269537737,11689300
2002-01-23,72.61426544189453,72.81948086265226,71.8382895865353,72.22948224684244,12438900
2002-01-24,72.83873748779297,73.26840661931578,72.67199838723083,72.87721385995238,12142800
2002-01-25,72.81951141357422,73.22352806661543,72.49244751765117,72.54375261754569,12810700
2002-01-28,73.01828002929688,73.22990980253562,72.41545760590947,73.04393256781565,10589200
2002-01-29,70.72241973876953,73.19141875123171,70.57492377793174,73.01185589835748,27720800
2002-01-30,71.74211120605469,72.71688340166037,69.51680319363993,70.7929866613902,34711800
2002-01-31,72.58221435546875,72.65917198978732,71.58178957294044,71.92167722891621,19909200
2002-02-01,72.24231719970703,72.65916243518667,71.9344915956341,72.5244853696584,15838500
2002-02-04,70.44669342041016,71.97298815548082,70.18376337742932,71.97298815548082,24243400
2002-02-05,70.01060485839844,70.85711927259244,69.60017392380271,70.15810576898252,33614000
2002-02-06,69.70918273925781,70.37613412752704,69.29875186843397,70.31841957978084,29486000
2002-02-07,69.27306365966797,70.45305547526638,69.26023984212337,69.72197555723929,23445400
2002-02-08,70.60057830810547,71.02383783922012,69.45265783056516,69.66428270340123,19277800
2002-02-11,71.46633911132812,71.59459691293597,70.4274333045072,70.57493417980558,18792400
2002-02-12,71.24189758300781,71.63950469102168,70.56212226572465,71.15853048138413,13942500
2002-02-13,71.99864196777344,72.17179545066244,71.40864801785386,71.49202002543873,16781100
2002-02-14,71.86396789550781,72.44755236260927,71.56255656790361,72.15255539528182,20453800
2002-02-15,71.11363220214844,71.97938470905189,70.99819820837983,71.92167015852866,18366800
2002-02-19,69.74766540527344,70.72885187854335,69.65146959769909,70.63907042953316,15988100
2002-02-20,70.92124938964844,70.92124938964844,69.14485342946435,69.93365330030134,29242800
2002-02-21,69.45269775390625,70.94692100871926,69.42704520157278,70.49801357469373,26288600
2002-02-22,70.31202697753906,70.50441864833408,69.17692981947407,69.48475062147797,26572900
2002-02-25,71.47274780273438,71.7036157573063,70.35047492629032,70.37612746487846,17458700
2002-02-26,71.32526397705078,71.85112887592251,70.90841871621681,71.56895579608617,22346500
2002-02-27,71.60107421875,72.37704585393054,70.95977486147096,71.79987545383425,28597900
2002-02-28,71.28038024902344,72.30645760455685,71.2034226125874,71.7164637367155,23755400
2002-03-01,72.94137573242188,73.01191904173388,71.51128113686066,71.64595339298582,26273600
2002-03-04,74.2303466796875,74.38425704366155,72.88361998628946,73.04394470913975,27184600
2002-03-05,73.99304962158203,74.6471771007209,73.73011967258324,73.96098761901798,22718900
2002-03-06,74.87162017822266,75.12814062632813,73.7942382103561,73.81347638773791,20143200
2002-03-07,74.71134185791016,75.35264092965187,74.11493352548142,75.26285945102592,19330800
2002-03-08,75.02555847167969,75.60914283109246,74.69849954876723,75.27566465636447,19930100
2002-03-11,75.18590545654297,75.60916521297855,74.66645474884827,74.96145174906525,15621800
2002-03-12,75.14094543457031,75.19225048975413,74.35215100517632,74.45475622282461,17153600
2002-03-13,74.41632080078125,74.87164240730934,74.15980027651587,74.79468478221311,17175300
2002-03-14,74.31372833251953,74.66644474897751,74.15340357826103,74.41633852375212,11168100
2002-03-15,75.02181243896484,75.21475028735479,74.53946045788287,74.58447977984767,21220100
2002-03-18,75.03469848632812,75.60708930576213,74.66811105245759,75.31124724568588,17548900
2002-03-19,75.53629302978516,75.72280298894533,75.13111926751498,75.43982659119924,17912000
2002-03-20,74.114990234375,74.97679501388191,74.08283637886557,74.92534295698097,17114500
2002-03-21,74.1471176147461,74.53943079578201,73.39465000131109,74.15355034582069,25846800
2002-03-22,73.98634338378906,74.56516658797615,73.76767465921314,74.28218526443207,15235400
2002-03-25,73.06666564941406,74.19215340752982,72.86729510241804,74.01850397707626,17499600
2002-03-26,73.49112701416016,73.97347887273934,72.97662130905114,73.00877515558098,19947600
2002-03-27,73.68409729003906,73.96707872310874,73.16315865801415,73.33680323310956,19020300
2002-03-28,73.65193176269531,74.45585175398134,73.63907120179955,73.94134590360122,17532900
2002-04-01,73.68409729003906,74.02495861256098,72.99594191058766,73.46543338756791,17711000
2002-04-02,73.27890014648438,73.92846382060303,73.16956332312179,73.30462616923221,15669500
2002-04-03,72.76438903808594,73.45254419527915,72.1341186583882,73.32391898910245,25658500
2002-04-04,72.46212005615234,72.93161141810477,72.17914359915204,72.41710073980656,23549000
2002-04-05,72.47496795654297,73.07951221427594,72.14696735595473,72.79653582585874,19404900
2002-04-08,72.62933349609375,72.6936461013042,71.53600448730454,71.59388435997276,16470100
2002-04-09,72.12124633789062,72.7901081412491,71.98618841222256,72.7901081412491,15122700
2002-04-10,72.9380874633789,73.02169341288622,72.08914286804128,72.09557560469273,17199300
2002-04-11,71.1244125366211,72.70653151802846,71.06653264806987,72.60362739606369,25453700
2002-04-12,71.65824127197266,71.80616477148233,70.77071499513552,71.40098578533079,14950600
2002-04-15,71.11153411865234,71.9411799933996,70.873572076415,71.78682875594862,17394900
2002-04-16,72.80297088623047,72.88014894896199,71.81897389340327,71.83826718240196,15040900
2002-04-17,72.64864349365234,73.10526947441302,72.41711413626123,72.92519217571736,12920100
2002-04-18,72.33346557617188,72.97016848025503,71.48452673514917,72.61001409519554,25204800
2002-04-19,72.59718322753906,72.8287125587548,72.39137992276261,72.80298653231551,10499200
2002-04-22,71.38807678222656,72.30776121091571,71.28517269469411,72.27560245687759,13922900
2002-04-23,71.07937622070312,71.69679099144133,70.85427964113056,71.44596348078913,16967000
2002-04-24,70.36549377441406,71.90901584670321,70.35906104220405,71.10509605624553,18902700
2002-04-25,70.40412902832031,70.57777366414466,69.92177682056996,70.23691222241287,25451500
2002-04-26,69.06637573242188,70.75139384531754,69.00206311275925,70.60990313801675,19769800
2002-04-29,68.72552490234375,69.62591643500849,68.57760143851934,69.41368034172355,17724400
2002-04-30,69.36862182617188,69.87026692203449,68.58399543244367,68.82838524904083,19473500
2002-05-01,70.21759033203125,70.2626096568233,68.68692838236335,69.43939634248969,24575600
2002-05-02,69.94744873046875,70.68705585801015,69.31717350779141,70.1661125401969,15666800
2002-05-03,69.18855285644531,69.94745332210518,68.94415810395712,69.84454923542869,18185500
2002-05-06,67.83153533935547,69.45223543768506,67.72863125349994,69.22713888329719,23630400
2002-05-07,67.59358215332031,68.37820873691682,67.46495693593032,68.23671805374532,21910000
2002-05-08,70.10824584960938,70.33334243331556,68.6804833661908,68.8477000741172,27917400
2002-05-09,69.29788208007812,70.16611442409604,69.18855017227858,69.87670527833563,18085600
2002-05-10,67.99234771728516,69.49085597352568,67.91516962062963,69.43940390908865,18958900
2002-05-13,69.37504577636719,69.4264929003193,68.0373224188982,68.31387095042558,14677700
2002-05-14,70.8864517211914,70.98292310392192,70.10182500486614,70.5005710970077,34201200
2002-05-15,70.60987854003906,71.33019238684844,70.28831064701042,70.42336857327405,29535300
2002-05-16,70.97645568847656,71.05363373829688,70.3140267077441,70.5519837745688,28092000
2002-05-17,71.32377624511719,71.54887284124771,70.80926553390074,71.16942499444737,27823700
2002-05-20,70.55203247070312,71.18874078103097,70.41697447035037,71.15658201139203,13833800
2002-05-21,69.90886688232422,71.05365284891577,69.66447701893264,70.81569081135275,16877200
2002-05-22,70.063232421875,70.17899708990245,69.45868305476075,69.60017374976519,15844200
2002-05-23,70.80923461914062,70.97645126329115,69.76735799857232,70.26900302428827,13879800
2002-05-24,69.90245819091797,70.87359008448396,69.85100612978188,70.73210427646764,11877000
2002-05-28,69.52302551269531,70.1854550448127,69.10498598166065,70.13400787551215,24236900
2002-05-29,69.00846862792969,69.47152225090268,68.89913182021644,69.21427187371872,14773300
2002-05-30,68.8155517578125,69.14355249054486,68.10810314164992,68.52614252152635,18217900
2002-05-31,68.95700073242188,69.8188000926286,68.71903879083845,69.07276533822795,19826300
2002-06-03,67.1241226196289,69.20144966351758,66.96976640875819,68.87344884884166,26056300
2002-06-04,67.29129791259766,67.65788512736749,66.59671496816947,66.98259547212665,25856200
2002-06-05,67.92157745361328,67.96016403442476,67.111224909412,67.49710543773833,19695900
2002-06-06,66.53881072998047,67.91512056576377,66.3394402577153,67.87653399867642,22998500
2002-06-07,66.46163177490234,66.83465160740056,65.41975522399154,65.45834179054815,24011600
2002-06-10,66.71895599365234,67.18201489811223,66.25589708919246,66.39738785519302,18759900
2002-06-11,65.57412719726562,67.23341877982628,65.42620870738824,66.969730740086,19990700
2002-06-12,65.97286987304688,66.12078835553316,64.81522349963109,65.41333997477314,31266000
2002-06-13,65.31048583984375,66.24303140665896,65.17542291419022,65.68350112252583,21043900
2002-06-14,65.21398162841797,65.3168808215252,63.3488865260004,64.51296094175363,39267500
2002-06-17,66.96332550048828,67.10481130604164,65.5034039582821,65.54842328430784,17647200
2002-06-18,67.50995635986328,67.54854293236265,66.64815195573394,66.71889727647351,21628500
2002-06-19,65.93431091308594,67.16270322118469,65.75423358989093,66.56458645100753,21540700
2002-06-20,65.09178924560547,66.27516195119793,64.9310052572782,65.7670839592752,25691000
2002-06-21,64.07401275634766,65.13890216123356,63.686781588364994,64.84202476831646,31190700
2002-06-24,64.40960693359375,64.98400081240621,62.76386856464796,63.64159503823095,37169700
2002-06-25,62.963951110839844,65.11309089903641,62.951045537982914,64.7323149508594,33355000
2002-06-26,63.06721878051758,63.34473538902601,61.434390449212216,61.440840774031614,37913600
2002-06-27,64.17085266113281,64.20957431939219,62.32504478409043,63.57064233854331,31616400
2002-06-28,63.867469787597656,64.86136593609457,63.815837667800686,64.04817728297711,28184200
2002-07-01,62.62187194824219,64.40959589989026,62.53151820237295,64.00945436539091,20270200
2002-07-02,61.29241943359375,62.73163004442451,61.163339047118235,62.51220077328605,34213900
2002-07-03,61.640899658203125,61.85387357734626,60.48565660141067,61.06650575341678,30565800
2002-07-05,64.0933837890625,64.23536972219343,62.383112114291436,62.46055540588123,19013500
2002-07-08,63.29311752319336,64.34509680374913,62.96396869841551,63.88042219242611,19118600
2002-07-09,61.69898986816406,63.46734868755537,61.31821394081275,63.07366718805297,28620400
2002-07-10,59.453067779541016,62.00234512746788,59.40143562428298,61.95716822259544,50522500
2002-07-11,59.937068939208984,60.24685182023828,58.29133076554422,59.22068925645233,59476500
2002-07-12,59.278785705566406,60.59537557077774,59.06580684709591,60.23396048288449,39018600
2002-07-15,59.595001220703125,59.63372776817151,56.72303258219238,59.14323253281697,77317200
2002-07-16,58.44624328613281,59.62084739183146,58.000929618551126,58.80766334290217,53282400
2002-07-17,58.56239700317383,60.214590563661154,57.923465448233664,59.67246308984031,48880600
2002-07-18,56.66496276855469,58.79473624514994,56.632691459127734,58.53658054146583,32656700
2002-07-19,54.67071533203125,56.50361640764637,54.4061093040054,55.99376024389207,77572600
2002-07-22,53.05082321166992,55.445213936713444,52.56678283592873,54.27705981499695,78134000
2002-07-23,51.59868240356445,53.722005966136074,51.469606988831025,53.27669233856773,74484100
2002-07-24,54.67716598510742,54.93532166864904,50.13364269606937,50.424064762609866,107022800
2002-07-25,54.21253204345703,55.4064975382027,52.66360157171827,54.38678444421731,87176600
2002-07-26,55.24513626098633,55.45811519145328,54.083442404091294,54.63202046906225,41206800
2002-07-29,57.936363220214844,58.30423345068898,56.342262170766816,56.47133754416095,53492900
2002-07-30,58.691497802734375,58.98837524424294,57.258737815170974,57.64596904653378,47532200
2002-07-31,58.83347702026367,59.08517753811189,57.60078557610966,58.4010640194242,44669900
2002-08-01,57.29747772216797,58.95612271298665,57.007055437064686,58.65278992583967,66571900
2002-08-02,56.01312255859375,57.38134438618,55.25802116282065,57.116733427164604,51772900
2002-08-05,54.06407165527344,56.10349712101802,53.92209063867049,55.819525239987136,47191300
2002-08-06,55.884029388427734,56.729489274334846,54.92885987427511,55.00630804727784,64730000
2002-08-07,56.85859298706055,57.1167487685369,55.3548401145794,56.71015673635224,43289400
2002-08-08,58.69794845581055,58.794757495170316,56.66498324881687,57.065120056432555,48339800
2002-08-09,58.91737747192383,59.33687998998131,57.665325166189376,58.14936539689143,41879200
2002-08-12,58.48499298095703,58.90449074437977,57.794428836786544,58.07839587179233,25841700
2002-08-13,57.42008590698242,59.156178625385095,57.213562250526195,58.18164281339834,49690500
2002-08-14,59.51757049560547,59.78217651877853,56.806943026265984,57.45232981555009,57423600
2002-08-15,60.343692779541016,60.659931074235566,59.50468759485931,59.91773493761909,45551500
2002-08-16,60.162960052490234,60.71799311071988,59.37558734551745,59.90480434011889,36517300
2002-08-19,61.56993103027344,61.79581553307914,60.0855387136996,60.31787846627486,33669900
2002-08-20,60.91808319091797,61.56992548942148,60.42113732946699,61.19559981907987,30508300
2002-08-21,61.79579162597656,61.81515244388219,60.388848079206774,61.3504731185034,39628900
2002-08-22,62.396018981933594,62.699351677382026,61.35694545765432,61.628006831663086,38399800
2002-08-23,61.053627014160156,62.05397912535727,60.76320474905827,61.96362531292942,33716400
2002-08-26,61.47954177856445,61.724786965351655,60.34365974583048,61.25365740600912,33830100
2002-08-27,60.769649505615234,62.118506132441624,60.34369167151472,61.763541270691185,35335700
2002-08-28,59.44012451171875,60.33721178816569,59.246511422102586,60.20168114826118,38970600
2002-08-29,59.465965270996094,60.053269878397195,58.60759927121571,58.90447673771388,42965700
2002-08-30,59.23362350463867,60.27269706384769,58.98837819475495,59.16908578350217,30366700
2002-09-03,56.9747314453125,58.730183883275444,56.89083295522944,58.555931658053936,76586400
2002-09-04,57.78795623779297,58.24618044600005,56.83278125066122,57.18774609275027,51099500
2002-09-05,57.29747772216797,57.71698040813902,56.47138285226955,57.110314833845074,67250900
2002-09-06,58.08483123779297,58.45270163867584,57.65887344523799,57.92348448435466,38622200
2002-09-09,58.51076889038086,58.956082428329154,57.31034906408283,57.50396214721804,33998400
2002-09-10,59.18201446533203,59.23364663196563,58.44627332450382,58.820599146725726,41416600
2002-09-11,58.814117431640625,60.23397183171765,58.79475660884299,59.67893859992852,27711200
2002-09-12,57.72983169555664,58.62691871130871,57.432954438623,58.56883627847589,43601700
2002-09-13,57.87186813354492,58.02030935373604,56.955419505674435,57.2393914448678,41131000
2002-09-16,58.01384353637695,58.013843536376946,57.09093982601167,57.6395178526959,28167600
2002-09-17,56.6843376159668,58.85283818543485,56.632705477667145,58.659220128767025,47609700
2002-09-18,56.116390228271484,57.11674191499126,55.68398217743345,56.155116791388856,54719400
2002-09-19,54.66427230834961,56.01958883288175,54.66427230834961,55.496822058823604,48510500
2002-09-20,54.68243408203125,55.233471264861954,54.48795298890682,55.05195359955165,46325600
2002-09-23,54.235103607177734,54.49441163333664,53.60627125717689,54.22861942272869,46893800
2002-09-24,53.35993957519531,54.22863758085322,53.06173128847251,53.44421916330266,69507000
2002-09-25,54.68243408203125,54.954710579996714,53.18490839723577,54.047122253445174,59294400
2002-09-26,55.5770378112793,55.73262360186665,54.74723538751946,55.11675473140388,53638000
2002-09-27,53.645179748535156,55.512224707265,53.645179748535156,55.10381001360107,64648300
2002-09-30,53.02284240722656,53.677606846655046,52.44587337859683,53.15898066663502,73096400
2002-10-01,55.5705680847168,55.60297912044707,52.81537780243988,53.43772607268313,67198100
2002-10-02,53.90448760986328,55.44739236156613,53.54793160090592,54.902839488959586,56749100
2002-10-03,53.35993957519531,54.8445017681743,53.12655831671917,53.89801330701448,55547000
2002-10-04,52.38103485107422,53.75538551844204,51.59013232574797,53.67759507069501,68483700
2002-10-07,51.29840087890625,52.64034044481114,50.922402191974435,51.9013015503119,53188000
2002-10-08,52.10226058959961,52.711640370296315,50.695489360008565,51.73922045971316,79531000
2002-10-09,50.63066864013672,51.66791568431935,50.423219231300195,51.27246447591471,79956400
2002-10-10,52.270816802978516,52.55606159760902,49.962941489285434,50.52694689340009,76749000
2002-10-11,54.55925369262695,54.92877313893653,53.042275739471954,53.22379336980164,82308300
2002-10-14,54.863983154296875,55.00660567182382,53.83321941651474,53.93694173635999,40631900
2002-10-15,57.50244903564453,57.51541740878159,56.30313171169646,56.39389053971511,82320300
2002-10-16,56.108665466308594,56.91901589218834,55.70024568623385,56.66618695499278,62977800
2002-10-17,57.22368621826172,57.8914189221848,56.95140974442027,57.61265826201807,68534100
2002-10-18,57.463565826416016,57.76825836105432,56.35500709863718,56.82176970948853,47448700
2002-10-21,58.45540237426758,58.669335946523,56.76987547991777,57.1264314336768,45859100
2002-10-22,58.03403091430664,58.351691716416,57.38575083063216,57.72934342960664,40966800
2002-10-23,58.47488784790039,58.52026727631193,56.841223479098375,57.54784671379039,54905800
2002-10-24,57.28203201293945,58.928664117411024,57.11347779623382,58.83142110985067,54987400
2002-10-25,58.47488784790039,58.598062701868876,57.0097777614784,57.18481128649811,43672100
2002-10-28,58.092350006103516,59.1814602066826,57.59965600094148,59.09070143546619,39416100
2002-10-29,57.41817092895508,58.014587461650564,56.40037132246945,57.748795180203935,59508200
2002-10-30,57.975677490234375,58.31926508046001,57.197743510326646,57.48946751629614,41688600
2002-10-31,57.38577651977539,58.53971973991371,57.17184775534435,58.12482069630835,41620600
2002-11-01,58.52022933959961,58.876785293108874,57.08105199466726,57.27553301350396,51878900
2002-11-04,59.0777587890625,60.25114903514761,58.928657148290114,59.512110178666106,49080600
2002-11-05,59.54450988769531,59.6871322619913,58.889745781147035,58.889745781147035,37270800
2002-11-06,60.31599044799805,60.33543806265537,58.857359996874024,59.95295511843362,65013100
2002-11-07,58.83789825439453,59.784386526340256,58.48782643666377,59.654727549782066,51572000
2002-11-08,58.11830520629883,59.36300166674548,58.03402563765403,58.68878984750752,37905400
2002-11-11,57.217201232910156,58.05996236913143,56.91899298969483,58.02755133272937,33505100
2002-11-12,57.67097091674805,58.299803119581824,57.28848820548848,57.476489942643695,37724500
2002-11-13,57.729347229003906,58.176657152909065,56.69209507007144,57.25610056054211,63891500
2002-11-14,58.81843566894531,58.99346906025422,58.18311921052545,58.390568574216694,31896800
2002-11-15,59.252803802490234,59.3500468094333,58.312794663353685,58.34521064766297,39152100
2002-11-18,58.6563835144043,59.73901005542667,58.5721039390056,59.73901005542667,28934800
2002-11-19,58.5786247253418,59.0583508969499,58.18965742549772,58.35820678963803,32806600
2002-11-20,59.88166427612305,59.914075329585,58.312821898148556,58.33227446541025,36688400
2002-11-21,60.99668884277344,61.06152082721326,59.92054615567919,60.03075261564929,55128200
2002-11-22,60.5623664855957,61.11340395199368,60.465123415998896,60.60126668102722,32513800
2002-11-25,60.6012077331543,61.10686526801007,60.14092464785412,60.568791759490956,33846400
2002-11-26,59.44728088378906,60.58177101474674,59.39542223675061,60.335426366864624,42284700
2002-11-27,61.119842529296875,61.35970792916223,59.92052542193868,59.978868252563494,37764000
2002-11-29,60.92534255981445,61.55416986052066,60.78919943866957,61.45693183967824,19385700
2002-12-02,61.022605895996094,62.267307484955985,60.43267355889235,61.89130382843701,49911900
2002-12-03,60.20575714111328,60.54934470273429,59.86864881749717,60.45210172684567,34407700
2002-12-04,59.933528900146484,60.38084401781323,59.27228498123649,59.49269797221063,64040800
2002-12-05,59.27226638793945,60.16041215493692,59.05833270781812,60.11503273303113,36724900
2002-12-06,59.66122055053711,59.751979374546075,58.33224922984291,58.42300805385188,49824100
2002-12-09,58.02105712890625,59.291685272512865,58.008093705780645,59.03885648070247,36789600
2002-12-10,58.79899597167969,59.0583089694766,58.1896161147386,58.35816535922015,33319900
2002-12-11,58.85087203979492,59.39542994524064,58.44894150666497,58.61749078688749,39201000
2002-12-12,58.84436798095703,59.311130329141264,58.47484861297508,59.12312855301242,34465600
2002-12-13,57.917354583740234,58.65639861168208,57.871975164531904,58.28687907070403,36862200
2002-12-16,59.41487121582031,59.50563003270813,58.124795222071,58.228517464520834,37098400
2002-12-17,58.896270751953125,59.473239886814895,58.82495951542084,59.23337931483059,32353900
2002-12-18,58.21556091308594,58.604528023675265,57.91086844356233,58.55266442333398,35612600
2002-12-19,57.80062484741211,58.79897130931478,57.43758482437462,57.92379463656624,39264200
2002-12-20,58.62539291381836,58.64493608822622,58.04558887837227,58.11073444982796,31176900
2002-12-23,58.644927978515625,58.938090464959025,58.182388023767494,58.364797586734326,22599300
2002-12-24,58.208457946777344,58.54070683772876,58.143312372350664,58.36480831945912,10937000
2002-12-26,58.23454284667969,59.02933212786482,57.87623457391888,58.43649570753164,17485600
2002-12-27,56.92510223388672,58.16940478767767,56.92510223388672,57.95441979613919,22205700
2002-12-30,57.40065383911133,57.6351819321032,56.82084965651745,57.19218497537296,29968000
2002-12-31,57.47880935668945,57.60910048241261,56.74916612989139,57.322454041476256,34036600
2003-01-02,59.328983306884766,59.478822610385016,57.680775819827154,57.8827286038462,44516300
2003-01-03,59.51137161254883,59.530914782034095,58.95762693922133,59.224730176286066,32222600
2003-01-06,60.56026840209961,60.905544527778545,59.39414386518095,59.43974627856703,40984500
2003-01-07,60.4104118347168,60.827349452564285,60.06513086561293,60.52115980220694,38640400
2003-01-08,59.537471771240234,60.195453761352,59.31597573770616,60.0651575913696,38702200
2003-01-09,60.46255874633789,60.70360295913834,59.550510309344226,59.81760878866631,34804900
2003-01-10,60.62540817260742,61.003259544529186,59.804564810516474,59.902280708177436,37768900
2003-01-13,60.605865478515625,61.146583311256435,60.221503023864344,60.93811444409357,31649900
2003-01-14,60.80128479003906,61.127017585480885,60.201937639295245,60.38434720949658,30733000
2003-01-15,60.19546127319336,60.957675324117695,59.87624431490981,60.93813213875419,33511800
2003-01-16,59.94789123535156,60.540727602989215,59.576555863084074,60.260597061082834,44812100
2003-01-17,59.06191635131836,60.13032030956915,58.72966726360266,59.276896377212815,35618300
2003-01-21,58.143314361572266,59.231260899614135,57.947872661316964,59.19869059643086,36826200
2003-01-22,57.439735412597656,58.50162779248169,57.328987425213846,57.830613878257154,42286500
2003-01-23,57.79152297973633,58.22800381590581,57.296407644668086,57.81758220477034,55919800
2003-01-24,56.27360153198242,57.77197452772642,56.136794340764,57.71334003418224,68633900
2003-01-27,55.5048713684082,56.547220384198106,55.04884740171647,55.85015233780448,57884400
2003-01-28,55.9152946472168,56.28662984708846,55.459265736836464,55.784998542698915,46929100
2003-01-29,56.33877944946289,56.79480364177869,55.22476826340828,55.64822213929634,53712200
2003-01-30,55.00327682495117,56.59936660201338,54.98373363939968,56.54073704535891,49845900
2003-01-31,56.065120697021484,56.162841518445084,54.820824146442554,54.820824146442554,55317000
2003-02-03,56.17591094970703,56.55375742257496,55.97395312578939,56.117276429766186,39696000
2003-02-04,55.62213897705078,55.863183072322784,54.9185598073203,55.576536577435945,43633400
2003-02-05,55.27687072753906,56.37784949197983,55.03583156866587,55.8631909266581,55270600
2003-02-06,55.01631164550781,55.30295832775727,54.4951417335812,54.964198133519574,53638000
2003-02-07,54.345279693603516,55.368080873259466,54.05212205094855,55.315967382987225,43165000
2003-02-10,54.729637145996094,54.80780985229258,53.843643359182764,54.371329007840316,45455900
2003-02-11,54.351802825927734,55.296426437827286,53.96092426135863,54.96418239160339,46861000
2003-02-12,53.4853401184082,54.475570898006,53.478824068857165,54.17589723242205,35873600
2003-02-13,53.64822006225586,53.85017788683145,52.76874202260395,53.5179288601929,57934100
2003-02-14,54.82084655761719,54.85341686454841,53.30293009245902,53.661238260728794,59580900
2003-02-18,55.78499984741211,55.89575278141468,54.977183861660535,55.068388651812086,39492700
2003-02-19,55.49185562133789,55.68078129493314,54.90553542229908,55.58306043337843,31432000
2003-02-20,54.938114166259766,55.64820952913913,54.75570453066836,55.51140230244558,29280100
2003-02-21,55.49185562133789,55.85667486950004,54.37133367879473,54.9706810065724,60955800
2003-02-24,54.59282302856445,55.374579814297995,54.45601086928708,55.328977417968346,30628600
2003-02-25,55.02933120727539,55.04235833972991,53.563532776743074,54.03910015084177,56770600
2003-02-26,54.22801208496094,55.06840356780689,54.12378014096442,54.73615461638183,37787200
2003-02-27,54.944618225097656,55.21172156471887,54.175893421986835,54.52768054836775,51126000
2003-02-28,55.30944061279297,55.524425493226325,54.827357371754644,55.02931015442834,43666800
2003-03-03,54.781768798828125,55.88274783374879,54.54072958073831,55.54398773008358,42923100
2003-03-04,53.90880584716797,54.729654312776006,53.843660248057304,54.690562977077114,31440500
2003-03-05,54.36481475830078,54.423449260252944,53.654719477729316,53.817585914956446,43974700
2003-03-06,53.90880584716797,54.410432427639726,53.72639618154187,53.98698354827513,41217700
2003-03-07,54.28013610839844,54.71661704858006,53.04886601129497,53.16613006674721,63538000
2003-03-10,52.97718811035156,53.98044583905516,52.8338648676384,53.811063373095166,41014100
2003-03-11,52.45602798461914,53.42019962825177,52.42997372450933,53.081439573634356,48102700
2003-03-12,52.80782699584961,52.83388622963279,51.71336402840912,52.36482996211677,62459800
2003-03-13,54.631927490234375,54.664502771393934,53.114010841536185,53.537464645160114,72117800
2003-03-14,54.80781936645508,55.22475710671,54.29967680616251,54.8534217764739,63951800
2003-03-17,56.534183502197266,56.64493146040632,54.214967575993214,54.371317927011184,88217500
2003-03-18,56.86644744873047,56.90553380429284,56.2084656317909,56.77524263889204,50792300
2003-03-19,57.30290985107422,57.433205944769185,56.469034732577526,56.85991307308689,49630800
2003-03-20,57.42671585083008,57.713357445927706,56.254075329053386,56.89251405097403,67321600
2003-03-21,58.65251159667969,58.78987051258062,57.51439130040556,58.08345394370913,71165300
2003-03-24,56.703285217285156,57.651717426361884,56.480891153505894,57.573224523205056,65398900
2003-03-25,57.24617385864258,57.73020590552196,56.53975774568605,56.735982503045726,61040100
2003-03-26,56.9583740234375,57.46202303435113,56.77522892855981,57.272335617419365,45740800
2003-03-27,57.0041618347168,57.3377504038587,56.245412146524174,56.51359246434975,53120200
2003-03-28,56.71634292602539,57.089175338673506,56.41546106584693,56.55936217078624,32583000
2003-03-31,55.42780303955078,56.6378732971864,55.205413960888464,55.82679990687343,61119500
2003-04-01,56.27815246582031,56.50708397767292,55.53902930174399,55.76141848744861,53574000
2003-04-02,57.638648986816406,58.06380523823844,57.23310972708811,57.25927403323166,50431200
2003-04-03,57.36391067504883,58.20769060508365,57.33120904400657,58.12920269831841,48755500
2003-04-04,57.70402526855469,57.94603623314328,57.31157087462239,57.84138405691457,36250100
2003-04-07,57.59284210205078,59.424297964145886,57.540513508477666,59.09070941802892,69776200
2003-04-08,57.68442153930664,57.985303502815434,57.37045493067619,57.75637211648591,39712700
2003-04-09,56.925682067871094,58.279653642741266,56.75561658296218,57.7956264829722,55647300
2003-04-10,57.23967361450195,57.318161572169394,56.06230434616013,56.96495079166685,41812400
2003-04-11,57.0041618347168,58.01800220594421,56.81447441266864,57.664796650770064,47730100
2003-04-14,58.18153762817383,58.21424425591057,56.906058991732806,57.2134833272675,36711700
2003-04-15,58.72441101074219,58.72441101074219,57.83484500603021,58.10956259828073,49709800
2003-04-16,57.72368621826172,58.9075925199964,57.579785012239036,58.80948259800979,51788000
2003-04-17,58.58053207397461,58.68518928607446,57.684428399439724,57.756378985175736,37403100
2003-04-21,58.639400482177734,58.97298909349028,58.253483267065135,58.77675932440518,32052700
2003-04-22,59.74482345581055,59.88872464497141,58.142298373605314,58.279657238623095,59763600
2003-04-23,60.29426193237305,60.405456487509504,59.6794132316616,59.92797163765014,44227100
2003-04-24,59.75788497924805,60.22883232868163,59.49624700841503,59.86907949499508,49692400
2003-04-25,59.01879119873047,59.82986481378051,58.88142732934182,59.718670243638904,43917200
2003-04-28,60.039161682128906,60.30079972598777,59.06456508384352,59.15613765064453,46432900
2003-04-29,60.24846267700195,60.699788114659505,59.78405758463298,60.26808465423404,52017100
2003-04-30,60.11766052246094,60.54935909563029,59.790614182959786,60.117660522460945,48709100
2003-05-01,60.111114501953125,60.654012589819956,59.19538380959489,60.124194158983165,50240400
2003-05-02,60.967979431152344,61.13804492894716,59.84293919860873,59.8887254875922,50201500
2003-05-05,60.850257873535156,61.34082751777885,60.5035894567228,61.13806032839785,35437800
2003-05-06,61.425838470458984,61.73325780062691,60.83061180901216,60.856776111855694,44401000
2003-05-07,61.08574295043945,61.57631268501756,60.81102509675573,61.10536494136923,41413100
2003-05-08,60.47085952758789,61.04646421562198,60.35966498206514,60.51664581046964,40570700
2003-05-09,61.30813217163086,61.3539184768539,60.57554629772925,60.71944753995393,33608100
2003-05-12,62.06029510498047,62.217280899286465,61.013748094589445,61.15764924420505,35662300
2003-05-13,61.949100494384766,62.25652476991298,61.65476086352955,61.83136364397673,39253600
2003-05-14,61.818275451660156,62.2957601193517,61.425821001280084,62.19764525917441,32195100
2003-05-15,62.21072769165039,62.35462881608696,61.648207836305005,62.06682656721381,43879200
2003-05-16,62.05376434326172,62.4331342438447,61.654767473565045,62.06684399900721,38905000
2003-05-19,60.60166549682617,61.75940691859674,60.392356115871586,61.58280415573757,41606000
2003-05-20,60.47740936279297,60.85024199551944,59.90834692743943,60.71288312981297,55404600
2003-05-21,60.60166549682617,60.75210396327486,60.11763848905542,60.24845498077856,49333800
2003-05-22,61.20344543457031,61.51741208371332,60.62130340978882,60.79790621907948,38421800
2003-05-23,61.32771301269531,61.471614158368496,60.922173874009935,61.177269544856166,26155900
2003-05-27,62.40043640136719,62.68823375823013,60.87639941239129,61.02684290942354,43719200
2003-05-28,62.577030181884766,63.10030619394284,62.420049374399305,62.69476703508134,37727100
2003-05-29,62.41351318359375,63.32924379949448,62.19112410033535,62.7143951734712,50844200
2003-05-30,63.414283752441406,63.505856329025136,62.50509532040934,62.727489428063485,52529500
2003-06-02,63.675933837890625,64.3954349283661,63.231150528996906,63.793670742901675,50305500
2003-06-03,63.93756866455078,63.99643461885707,63.34888416982871,63.54511399818001,38254500
2003-06-04,64.85980224609375,64.9840764038162,63.8197927757429,63.87866368441461,49360700
2003-06-05,65.18032836914062,65.18032836914062,64.27767739036089,64.48044948910457,46262400
2003-06-06,64.92521667480469,66.32497409034639,64.84018146420898,65.6708816535389,60356800
2003-06-09,64.26459503173828,64.82057271842517,63.95062840225011,64.6047209725477,37808500
2003-06-10,64.91868591308594,64.92522823591119,64.2253494035143,64.40195219715476,29965900
2003-06-11,65.60547637939453,65.66434230601539,64.56546676279422,64.8598113668869,37610200
2003-06-12,65.8082504272461,65.9979378614711,65.16070021408487,65.89982298303335,36442000
2003-06-13,65.12149047851562,65.89986266169933,64.72249339220573,65.80829005077572,48628300
2003-06-16,66.49504089355469,66.52120020007713,65.27842853675756,65.3830807338354,36326300
2003-06-17,66.49504089355469,66.83516677196934,66.21378094030956,66.76321620320924,36801800
2003-06-18,66.43618774414062,66.80902034090369,66.06335514737756,66.25304260753151,35521000
2003-06-19,65.42231750488281,66.54081986365944,65.30458067713415,66.4819489546207,43551700
2003-06-20,65.27796936035156,65.97381093771578,65.26483743906515,65.90160039572208,41545000
2003-06-23,64.60834503173828,65.4223534063988,64.28011730244675,65.2844933527416,34237500
2003-06-24,64.67398834228516,65.0481677462058,64.34576061925449,64.47705471348131,36213600
2003-06-25,64.0240707397461,65.2779024951713,64.0240707397461,64.6805258975548,47743400
2003-06-26,64.8577880859375,64.97595024472184,63.649907684102416,64.1882008500407,33477300
2003-06-27,64.10942840576172,65.11380423541667,64.05691077860622,64.82496229441806,54208800
2003-06-30,64.0897445678711,64.77245884526155,63.984714298926704,64.4770558924754,33349000
2003-07-01,64.68054962158203,64.89061514879604,63.30199428621774,63.84028751272598,51322800
2003-07-02,65.49456024169922,65.50769215582037,64.70681567859498,64.83810476965976,34662100
2003-07-03,64.81842041015625,65.54708648038003,64.26700014531579,65.03505194635433,30792800
2003-07-07,66.10504150390625,66.23633555858673,65.41576649816905,65.41576649816905,31391100
2003-07-08,66.40047454833984,66.49237791728598,65.75714595735897,65.97377747345683,30952500
2003-07-09,66.02628326416016,66.56457647495102,65.66523080213584,66.24947568915186,36528500
2003-07-10,65.18598937988281,65.67176472133647,64.74616068388292,65.54047070448776,49777700
2003-07-11,65.80307006835938,65.94092506401316,65.24508413118285,65.24508413118285,39976300
2003-07-14,66.12474822998047,66.89279977145519,65.94093652879457,66.43327803102555,42114900
2003-07-15,65.9803237915039,66.60395432492089,65.61270541678427,66.55143669876716,42573600
2003-07-16,65.59303283691406,66.21666857148227,65.14008194429034,66.17727783551122,39894200
2003-07-17,64.66084289550781,65.56674934829452,64.43765051185915,65.08753981476362,52253500
2003-07-18,65.32386779785156,65.51424043437537,64.63458773486386,65.00220109733387,35698100
2003-07-21,64.5164566040039,65.31076729177235,64.23418049113091,65.28450846634708,34786000
2003-07-22,65.10065460205078,65.25820744062652,64.28008568246754,64.78555894160974,49968300
2003-07-23,65.1466293334961,65.28448435980609,64.51643278106883,65.12693647378852,37275400
2003-07-24,64.65431213378906,65.8687540201449,64.57554066532074,65.63899555651416,40896200
2003-07-25,65.79651641845703,65.83590213348113,64.35887771980003,64.76588180568938,43241100
2003-07-28,65.55364990234375,66.28888190204685,65.42892174844421,65.888443626393,34382800
2003-07-29,65.25167083740234,65.8162229086819,64.77902212578621,65.73744645396005,53472100
2003-07-30,65.09410858154297,65.48141479637765,64.94312166204494,65.38294550177949,28363300
2003-07-31,65.24507141113281,66.24288595898429,65.10065048907366,65.63238252105099,54937200
2003-08-01,64.66737365722656,65.33695545212973,64.49012802939546,65.11376318994648,49321000
2003-08-04,64.66737365722656,64.9890351561656,63.67612535503093,64.53607967210104,55214100
2003-08-05,63.29539489746094,64.83150232313649,63.242877291307764,64.60174405665958,61415600
2003-08-06,63.66306686401367,64.37203511203468,63.295448319024786,63.47269413729915,50096900
2003-08-07,64.3326416015625,64.37859328808644,63.51863815098507,63.78778231252289,43427400
2003-08-08,64.5164566040039,64.6937024235347,64.17510189019322,64.54271542942917,27357300
2003-08-11,64.75933837890625,65.01535563233918,64.2276059993194,64.50332112547332,34631400
2003-08-12,65.35013580322266,65.37638961135802,64.60833801029132,64.79871067359417,43285600
2003-08-13,65.01534271240234,65.54706997796546,64.68054905969063,65.52737711751604,36152000
2003-08-14,65.19259643554688,65.48143846855899,64.6280442846731,65.05474137661605,35525100
2003-08-15,65.39606475830078,65.5076609333523,65.06783717872192,65.22538501458027,12567000
2003-08-18,65.96062469482422,66.03939611824764,65.47484421138502,65.59957230961346,22873800
2003-08-19,66.2100830078125,66.26260063465023,65.64553104019826,66.09848680704974,37437700
2003-08-20,65.94096374511719,66.22980581498288,65.75059602636988,65.83593345230346,21295300
2003-08-21,66.15099334716797,66.64333478473007,65.90810810998524,66.33480502421028,46494200
2003-08-22,65.49456024169922,66.84029596272322,65.46830643017249,66.79434428001477,52040300
2003-08-25,65.5995864868164,66.19039733195659,65.1728894870842,65.45516550152024,23473000
2003-08-26,65.71774291992188,65.90154960939881,64.87748090610916,65.31730477140852,45065800
2003-08-27,65.73741149902344,65.88183241837432,65.36323230268474,65.67833294566435,18919500
2003-08-28,66.14443969726562,66.30198757232534,65.42233984418885,65.90811538049772,27402400
2003-08-29,66.59083557128906,66.61709438757923,65.96063900539652,66.0459764020717,28706600
2003-09-02,67.48359680175781,67.536109411593,66.33480019769918,66.72210636305678,49419100
2003-09-03,67.8512191772461,68.07441157184219,67.47047390702834,67.6345877295336,44912400
2003-09-04,67.88404846191406,67.9759518079635,67.45735149333781,67.68054390278452,28381000
2003-09-05,67.5032730102539,67.97592144070605,67.22099714253135,67.57548346537045,31637300
2003-09-08,68.06128692626953,68.19257598528404,67.5689454424303,67.64115592739525,32632800
2003-09-09,67.61490631103516,67.91687519452817,67.40484078302448,67.85779661244263,35053200
2003-09-10,66.9321517944336,67.48357660368332,66.66300784638344,67.30633094742817,45904900
2003-09-11,67.12913513183594,67.45736285396335,66.85342003889717,67.02409985674353,38396300
2003-09-12,67.25386047363281,67.37858861481999,66.53176046286245,66.89937892942524,42524800
2003-09-15,67.01752471923828,67.37201121157773,66.92562137030104,67.2998007219332,21312800
2003-09-16,67.9956283569336,68.03501406483421,67.07002415442469,67.10941487068085,37892600
2003-09-17,67.86434173583984,68.13349079153318,67.64771531034852,67.92999126732529,31885800
2003-09-18,68.66524505615234,68.73088960520523,67.72651348045771,67.8775004508016,30243600
2003-09-19,68.31596374511719,68.92881093575569,68.1380426377109,68.71134789413959,34331600
2003-09-22,67.57793426513672,67.84811158471989,67.23526421641698,67.77562388316701,36677400
2003-09-23,67.8349380493164,68.06557846359922,67.45273106131405,67.60429260744964,32489200
2003-09-24,66.62898254394531,68.01942061125985,66.60262293276615,67.95352409710283,41694700
2003-09-25,66.08206939697266,67.13642930412244,66.02935014471902,66.82671500919767,52673100
2003-09-26,65.86461639404297,66.33249354535768,65.79871983237138,66.18751809312893,42914700
2003-09-29,66.51041412353516,66.54995105463995,65.75918226703227,66.09526126417893,36771600
2003-09-30,65.86461639404297,66.39839010702927,65.40333543475643,66.21387772331465,70764500
2003-10-01,67.26821899414062,67.33411553739687,66.02934185955371,66.055701482373,65797600
2003-10-02,67.51201629638672,67.58450398032895,66.97165676091525,67.16935135849998,44591500
2003-10-03,68.13143920898438,68.71792668040162,67.92715852475044,68.31595144346423,48806900
2003-10-06,68.44123077392578,68.52689582273061,68.00630430863977,68.19082176601322,20226500
2003-10-07,68.70475769042969,68.73770343480645,67.81514215094651,68.0457824719115,42602900
2003-10-08,68.5334701538086,68.79047026467853,68.14467691906164,68.75093333303252,30920800
2003-10-09,68.71796417236328,69.33740274971885,68.42142720910125,69.11334846590732,40066500
2003-10-10,68.90907287597656,68.92884133800956,68.47415162849707,68.7113782004776,22682800
2003-10-13,69.12648010253906,69.3834799562701,68.86948024880805,69.00127324082074,23825600
2003-10-14,69.3703384399414,69.47577691762838,68.7706734377426,69.06062422379844,38484400
2003-10-15,69.18580627441406,69.7788849722242,68.95516595514952,69.75911652022752,39021700
2003-10-16,69.46259307861328,69.67346498654061,68.96177041194233,68.98153886775069,32772200
2003-10-17,68.70475769042969,69.60755052214718,68.5202454336577,69.50211710152688,32790300
2003-10-20,69.21878814697266,69.21878814697266,68.49391609176949,68.82998998187908,27657000
2003-10-21,69.10013580322266,69.37690416429743,68.74428861287733,69.0737761934658,26729100
2003-10-22,68.2303237915039,68.65865887150717,67.99968337229726,68.55322037839322,33914500
2003-10-23,68.10509490966797,68.50047907637315,67.76901610555645,67.80196688094124,45830500
2003-10-24,68.25665283203125,68.25665283203125,67.33408654098122,67.76242142906679,51723600
2003-10-27,68.28961181640625,68.6520502598864,68.05238029477977,68.36209950510228,32460200
2003-10-28,69.21878814697266,69.2912758552514,68.41483722066974,68.52027571546941,34956200
2003-10-29,69.31101989746094,69.47576371685712,68.44776389265137,69.04083762041168,30955400
2003-10-30,69.45599365234375,69.83160935075365,69.06060950047788,69.71299360243567,39123100
2003-10-31,69.39009094238281,69.68003661317888,69.33737171948106,69.45598745721911,25761600
2003-11-03,69.84480285644531,70.25336942384101,69.66029054458384,69.68665016450456,37589300
2003-11-04,69.6932373046875,70.02931112722034,69.57462153568086,69.84479882600627,31421600
2003-11-05,69.74597930908203,69.83164935991776,69.12654562637562,69.51533884064958,33558800
2003-11-06,70.1150131225586,70.14137275298052,69.25834273039516,69.58783056929103,28392300
2003-11-07,69.5943832397461,70.32584623971493,69.56802362390421,70.27312700803115,31723200
2003-11-10,69.31101989746094,69.745940966324,69.19899530689132,69.680044444082,25530800
2003-11-11,69.29129028320312,69.40990610075906,69.0606498122847,69.25174832562769,26558600
2003-11-12,70.06883239746094,70.1610885208513,69.29783264016363,69.3439607018588,28000000
2003-11-13,70.08860778808594,70.20722353384377,69.70640093757933,69.85796745677408,29714800
2003-11-14,69.49556732177734,70.47743957428854,69.38354267454541,70.11500600484672,49158500
2003-11-17,69.1462631225586,69.28464730161332,68.55977563760133,69.13308583161209,44382100
2003-11-18,68.4280014038086,69.48895217336356,68.33574525233279,69.35056794614984,41155000
2003-11-19,69.0079116821289,69.19901517079552,68.48072929769802,68.55321700124685,29827000
2003-11-20,68.38846588134766,69.35056935744807,68.3686974238553,68.5334412730694,53578700
2003-11-21,68.67181396484375,68.75089280910966,68.28302095926352,68.69158241901461,30016000
2003-11-24,69.58119201660156,69.70639891893732,68.98152717255653,68.98811833256947,28906400
2003-11-25,69.84480285644531,70.12816248611354,69.48895552889103,69.67347286833592,37580000
2003-11-26,70.09519958496094,70.14791378432378,69.4494016238398,70.12814533111494,33053600
2003-11-28,70.14791107177734,70.28630029405223,69.98316726463123,70.03588648953767,10507500
2003-12-01,70.90574645996094,70.95846569443621,70.37856919795695,70.41151494881682,38699000
2003-12-02,70.72784423828125,71.01779005025098,70.55650919421898,70.76078999794967,35352000
2003-12-03,70.61579132080078,71.22204735377564,70.55648093301942,70.93868779068791,39078600
2003-12-04,70.90574645996094,70.98482531167384,70.47082534449723,70.62238685913499,36089500
2003-12-05,70.41154479980469,71.03757466254248,70.25998322091237,70.58947103469488,28824400
2003-12-08,70.88597869873047,70.93210677245274,70.2994910352975,70.33902794775004,32482900
2003-12-09,70.33902740478516,71.12320967959337,70.20723434590543,71.10344122351971,43596100
2003-12-10,70.33242797851562,70.49717178477061,69.82501423980436,70.35878256324429,36915400
2003-12-11,71.12322235107422,71.23524697383884,70.29291185496973,70.2995030173629,45304000
2003-12-12,71.2616195678711,71.30115649425947,70.76738787767728,71.14959492471417,34142200
2003-12-15,70.90574645996094,71.97987949516724,70.82667263583095,71.94033755551933,38693400
2003-12-16,71.27474212646484,71.49879122489868,70.85299347911901,70.9584318978506,32894200
2003-12-17,71.49885559082031,71.49885559082031,71.03757466255871,71.20890470586443,23198800
2003-12-18,72.30278778076172,72.30937894304006,71.42634921834009,71.53178770445867,29353100
2003-12-19,72.10149383544922,72.41267647679314,71.88962555537182,72.36633044838054,41465100
2003-12-22,72.60469818115234,72.60469818115234,72.02205649976584,72.0286788056014,27611300
2003-12-23,72.6510238647461,72.79667919294528,72.41928868748006,72.4855016246063,24741200
2003-12-24,72.5782470703125,72.75038668973657,72.45244845882893,72.51203408447381,8055800
2003-12-26,72.63116455078125,72.88276161496965,72.58481852074735,72.63778685545421,8308400
2003-12-29,73.59781646728516,73.67064161084824,72.68413040446424,72.8959986847213,22483700
2003-12-30,73.6110610961914,73.67064668630398,73.39257049643476,73.55147045474023,19559500
2003-12-31,73.67725372314453,73.83615364852133,73.38593298383911,73.63753000463473,31501800
2004-01-02,73.6441650390625,74.27976990178452,73.31312052401947,73.98182680744273,38072300
2004-01-05,74.44530487060547,74.49826816303846,73.8825250578687,73.9487380132537,27959800
2004-01-06,74.51812744140625,74.63730367700717,74.15397642947599,74.25991310616071,20472800
2004-01-07,74.76970672607422,74.85577647270479,74.08113359901593,74.41217808021676,30170400
2004-01-08,75.0676498413086,75.08751675465493,74.66377514268333,74.98158008882747,36438400
2004-01-09,74.41219329833984,75.14711260101193,74.33274078812107,74.70351411780307,54084300
2004-01-12,74.96171569824219,74.9815775595803,74.39231876697188,74.51811729056405,31564100
2004-01-13,74.52471923828125,74.96832260619449,73.99505118980339,74.87562552009038,54239700
2004-01-14,75.14710998535156,75.25304666195589,74.59757484097878,74.65716548440342,30112800
2004-01-15,75.33252716064453,75.51791137467713,74.53802194297886,75.19348900012008,38408700
2004-01-16,75.63045501708984,75.68341831650761,75.23319743774685,75.50465644687523,31922700
2004-01-20,75.61055755615234,75.90850062031332,75.35896556868705,75.82904812626948,29863000
2004-01-21,76.20648193359375,76.3389028322416,75.29280046395715,75.56425446633887,30725000
2004-01-22,76.0078353881836,76.39184325084898,75.86217496898601,76.23294327142402,29888500
2004-01-23,75.76284790039062,76.38521320498144,75.44504294342086,76.14023844541435,44245300
2004-01-26,76.71625518798828,76.75597891204653,75.72973892894339,75.7363612333992,30460600
2004-01-27,75.92835998535156,77.13336165638492,75.90849812532791,76.63679495044254,35322800
2004-01-28,75.06104278564453,76.32563033489677,74.77634427172823,76.12700663649358,52621300
2004-01-29,75.1338882446289,75.37885802752876,74.52476231237581,75.18685154415267,60117100
2004-01-30,75.1338882446289,75.29278824588016,74.87566879700316,75.16036736872081,30984400
2004-02-02,75.45828247070312,75.92836504415445,74.89550784340722,75.2795156159042,38832400
2004-02-03,75.33252716064453,75.57087973621243,75.10741920113095,75.30604297987688,25093500
2004-02-04,74.71674346923828,75.29938502856322,74.6770197452255,74.94185635843336,39332600
2004-02-05,74.93524932861328,75.17360182395174,74.67041266142172,74.92862702281519,37226800
2004-02-06,75.77609252929688,75.94161479786358,74.94848118646341,75.09414159101631,37216000
2004-02-09,75.79595184326172,76.05416615222299,75.67015331533865,75.92174531984654,24851300
2004-02-10,76.0408935546875,76.23289990245725,75.65026360846852,75.6635031611639,27908100
2004-02-11,76.84867095947266,77.0605392399873,75.59070083395645,76.04092156146736,42965700
2004-02-12,76.57060241699219,76.98109441000801,76.52425638386657,76.78247071861483,27814700
2004-02-13,76.2262954711914,76.93473041288802,75.97470350030373,76.68313844200034,44739900
2004-02-17,76.91486358642578,77.08700810872544,76.65002702550412,76.7029953479559,23984300
2004-02-18,76.57723236083984,77.19959271756,76.37198129251897,76.93475605127901,28618000
2004-02-19,76.29254913330078,77.0605700631119,76.17999011789736,77.02084632316968,51146200
2004-02-20,76.06079864501953,76.51101946263005,75.69003034275416,76.4580561704059,46728800
2004-02-23,75.86878204345703,76.31238554731097,75.59070585394042,76.28590137907054,36357000
2004-02-24,75.73635864257812,76.13361102358606,74.83591721824648,75.6569061458413,43953000
2004-02-25,76.05416870117188,76.17996218197264,75.69001771410494,75.7827097742059,31213600
2004-02-26,76.10051727294922,76.33224743094131,75.70325980057582,75.88202667341157,29683000
2004-02-27,76.15351104736328,76.63021616399689,75.89529661774351,76.26607007031444,39312000
2004-03-01,76.90824890136719,77.02742005385504,76.30574557887897,76.42492178270426,33130800
2004-03-02,76.45803833007812,77.44454950489778,76.29251608356901,76.76259865749432,38556400
2004-03-03,76.59707641601562,76.71625263556354,76.08726506798475,76.30575564571227,31346200
2004-03-04,76.79569244384766,76.86852262918067,76.48450984312252,76.61693065797236,21060000
2004-03-05,77.05390930175781,77.43129979689056,76.32561247535013,76.4183045231836,55905600
2004-03-08,76.11376953125,77.2128399658799,76.08066810392152,77.0274507572148,39281600
2004-03-09,75.80921173095703,76.27929444644676,75.63706712837191,76.20646423194303,39746100
2004-03-10,74.5379638671875,75.98793501225839,74.52471926145263,75.95483360059532,67671800
2004-03-11,73.57134246826172,74.99482998943881,73.5580978575375,74.41881570640925,89134800
2004-03-12,74.5379638671875,74.62403359911593,73.87587501788153,73.97518935554483,54012200
2004-03-15,73.62429809570312,74.38570149026644,73.42567441755949,74.33273315555942,57677200
2004-03-16,74.01494598388672,74.19370783010488,73.38595826653837,74.0083236780744,59832600
2004-03-17,74.84254455566406,74.98820495047491,74.22017925104988,74.2731475857699,41607300
2004-03-18,74.86241149902344,74.9948272934717,74.10763035772302,74.6174367228215,60014300
2004-03-19,73.78936767578125,74.79262812302501,73.77608170711616,74.68632516656731,48636200
2004-03-22,72.8525390625,73.46379489111663,72.48711162743312,73.44386340721204,62752100
2004-03-23,72.72630310058594,73.3508499948011,72.6598631279991,73.25118750139836,54080200
2004-03-24,72.78616333007812,73.17816304361138,72.32107299598114,72.80609483157315,51584300
2004-03-25,73.74951171875,73.94883675101373,72.94557620829961,73.13825572107558,49873600
2004-03-26,73.76944732666016,74.27440038595225,73.61663585323326,73.72293882574156,37409500
2004-03-29,74.80591583251953,74.90557834148677,74.13486541483469,74.16808287179326,44113600
2004-03-30,75.05845642089844,75.12489645834971,74.56014853643896,74.61330259401996,39059900
2004-03-31,75.14479064941406,75.34411573184265,74.66641450682341,75.07170512379341,48517600
2004-04-01,75.59661102294922,75.65641059210351,75.11159429193106,75.1248802689382,45103800
2004-04-02,76.16796875,76.30084873416705,75.67630672572618,76.28091724344664,50987700
2004-04-05,76.58650207519531,76.65958754598829,76.035045889726,76.04833185303218,30251800
2004-04-06,76.34076690673828,76.52680103433278,76.15473277914377,76.29425837483966,28420900
2004-04-07,76.16132354736328,76.39387112419409,75.81583254566178,76.37393456434417,45890500
2004-04-08,75.98860931396484,76.67959664769151,75.5700275726318,76.67959664769151,46929700
2004-04-12,76.28755950927734,76.460307536563,76.1214570016305,76.12810252126933,23085200
2004-04-13,75.21788787841797,76.60650801222262,75.09164830196805,76.57993099249377,56210300
2004-04-14,75.33744812011719,75.50355061708703,74.77934616344056,74.81920914061863,62322300
2004-04-15,75.0517578125,75.59657384473323,74.65311280070311,75.37731731407872,61602500
2004-04-16,75.62979125976562,75.77596227031665,75.06504377549246,75.33080371935324,47059200
2004-04-19,75.62979125976562,75.73609422350073,75.25771821407773,75.44375727144467,28277600
2004-04-20,74.36079406738281,75.95537968342158,74.26777703777661,75.79592264253209,53299400
2004-04-21,74.85908508300781,75.04511910078683,74.32756004207445,74.54681152357298,50177300
2004-04-22,75.90885925292969,76.18791029794464,74.70627850961732,74.73285552376832,62071500
2004-04-23,75.98191833496094,76.12144380891738,75.60320488592335,76.02178130779266,29395700
2004-04-26,75.87562561035156,76.36729269659823,75.47698059453928,76.0749506527809,35515200
2004-04-27,75.94208526611328,76.48690140854443,75.71618317000664,75.89557675648065,43485500
2004-04-28,74.9587631225586,75.7494129307657,74.7461520483829,75.66968187705686,50165800
2004-04-29,74.30099487304688,75.29096466491043,73.85584124968413,74.89231955340578,69687600
2004-04-30,73.72293853759766,74.66639959199944,73.68307555669365,74.526874089789,48681400
2004-05-03,74.51358032226562,74.6065973140062,73.98205031028023,73.99534134855509,33758000
2004-05-04,74.45381164550781,75.25110699392503,74.18805159841672,74.58005121620967,51185100
2004-05-05,74.93219757080078,75.05179163514042,74.52026640289094,74.68636898841552,34405000
2004-05-06,74.28770446777344,74.80594362408202,73.7495338160757,74.42723000454515,54997000
2004-05-07,73.05853271484375,74.56674645423293,73.05853271484375,73.89569084559137,60950000
2004-05-10,72.30775451660156,72.91901060992672,71.99548094941132,72.71304509499143,75279400
2004-05-11,72.91902160644531,73.11834669995899,72.6399705307643,72.72634203446145,48300600
2004-05-12,73.38410949707031,73.44390905499624,71.79616941781363,72.79943030661087,90830500
2004-05-13,73.07846069335938,73.62327673691452,72.83927266750136,72.92564921903403,57393700
2004-05-14,73.1116943359375,73.57677941854541,72.6000956760216,73.05189478586094,54123100
2004-05-17,72.48713684082031,72.75290187976115,72.02869734442001,72.34761133591184,55020400
2004-05-18,72.8525390625,73.04521852198573,72.63992811910965,72.74623105628245,30193100
2004-05-19,72.60009002685547,73.86911576201425,72.52036405835331,73.41731668733033,54804100
2004-05-20,72.83267974853516,72.99878237105767,72.44732044771095,72.71972611274201,38082900
2004-05-21,72.9588623046875,73.45052936671125,72.73296533217346,73.06517034049139,47480400
2004-05-24,73.26449584960938,73.59006043211689,72.87249634326506,73.43724388634331,40961500
2004-05-25,74.31426239013672,74.4006389400261,72.81933979148783,73.01866483225956,48668000
2004-05-26,74.57340240478516,74.60662494373004,74.08838577809546,74.18804832588235,35977000
2004-05-27,74.99195098876953,75.098253942183,74.45377549590054,74.772694494232,45306900
2004-05-28,74.9853515625,74.99863753895131,74.65314639168227,74.8989800429449,23367200
2004-06-01,74.88565063476562,74.98531314876521,74.3275486668416,74.71954813444832,41044700
2004-06-02,75.16471862792969,75.39726623623447,74.71956504291552,75.09827862657711,39774200
2004-06-03,74.4737319946289,75.20458722187621,74.46044602188223,74.95210811826452,38688300
2004-06-04,75.0650634765625,75.46370856602537,74.88566989142343,75.0650634765625,32739500
2004-06-07,76.20783996582031,76.28092548572313,75.35739580954785,75.3640413301882,31643800
2004-06-08,76.31416320800781,76.35402620168946,75.85571850447667,75.98860359849556,32846500
2004-06-09,75.60321807861328,76.2078285712618,75.55670957917877,76.08159411225174,36737600
2004-06-10,75.97530364990234,75.97530364990234,75.6962525887408,75.76933811462322,21711000
2004-06-14,75.22450256347656,75.64307904725827,74.99196007248672,75.6231475578943,34633000
2004-06-15,75.75604248046875,76.04173904549747,75.41719695633131,75.67631650728211,37445000
2004-06-16,75.74275970458984,75.87563971154036,75.54343462511672,75.74275970458984,26633400
2004-06-17,75.62979125976562,75.7892482398913,75.29758626089364,75.64307722934026,28402400
2004-06-18,75.77253723144531,76.16597293203863,75.47246320751769,75.53247597728219,31799800
2004-06-21,75.48578643798828,76.11261351798919,75.43910815038512,75.85254804597855,25284000
2004-06-22,75.86585235595703,75.93920464839121,75.13233451916508,75.43907815682172,37334000
2004-06-23,76.51939392089844,76.57940668979161,75.63250124964799,75.75920165627018,35580000
2004-06-24,76.27928924560547,76.63938091662727,76.19260248848062,76.39265002512634,35272100
2004-06-25,75.91255187988281,76.64607500960487,75.80586084400126,76.29265300394852,32837900
2004-06-28,75.6524658203125,76.42599724172985,75.6257968842738,76.36597941676825,40824500
2004-06-29,75.9659194946289,76.13262841473872,75.63250165440927,75.70585398626179,28418100
2004-06-30,76.3726577758789,76.54603640491035,75.78584445364606,76.06591410146967,52230600
2004-07-01,75.3124008178711,76.28598000918177,75.0723396378163,76.18595366956711,57734700
2004-07-02,75.27237701416016,75.54578196616593,75.08566391891245,75.45909519695815,34615100
2004-07-06,74.61222839355469,74.98565466908916,74.43884972810592,74.93231169226382,38698200
2004-07-07,74.83226776123047,75.06565912860304,74.51885431609435,74.558862811201,29839800
2004-07-08,74.31211853027344,74.89893169224096,74.15207441446948,74.55884430559381,45291100
2004-07-09,74.50550842285156,74.64554322180334,74.27211200371582,74.4988386455064,27412900
2004-07-12,74.5388412475586,74.71221983199368,74.01871058180244,74.36546266312352,35691300
2004-07-13,74.59223175048828,74.69892280257397,74.41885306735308,74.63224025907643,26752000
2004-07-14,74.36547088623047,74.94561943240521,74.09874083458885,74.19209737017334,54089400
2004-07-15,73.88540649414062,74.62559461729671,73.81871884606633,74.51222866810237,38403500
2004-07-16,73.82538604736328,74.46554776358037,73.64534263149565,74.39886520539063,40871200
2004-07-19,73.51189422607422,73.9920162743745,73.34518546416705,73.8519815248782,39592800
2004-07-20,74.44549560546875,74.61887421525,73.51859490662055,73.70530798443892,46679800
2004-07-21,73.07181549072266,74.72556423312464,72.98512364320457,74.56552518104859,56241100
2004-07-22,73.27185821533203,73.6119456302344,72.53167065277654,72.9251061107125,72477100
2004-07-23,72.65837097167969,73.15849742805487,72.47832768590636,73.09848469531356,49610500
2004-07-26,72.51834106445312,72.97178928564549,72.15824938107538,72.81175023332752,49679100
2004-07-27,73.19852447509766,73.42525117166375,72.66505917224048,72.7184072287914,51295100
2004-07-28,73.41856384277344,73.59861221870648,72.41164113815942,73.05180748864413,65862300
2004-07-29,73.73200225830078,73.93205494664984,73.35190622047854,73.71199800697612,52200500
2004-07-30,73.91204071044922,73.9520542979985,73.41858388944894,73.56528850617761,41581700
2004-08-02,74.06541442871094,74.25879732285205,73.38524449720667,73.47860105471607,38263100
2004-08-03,73.491943359375,74.05875254397341,73.45860463531119,73.97206575634587,40948800
2004-08-04,73.48530578613281,73.85206752443587,73.11187935262686,73.27858830866396,40763200
2004-08-05,72.28496551513672,73.60529688848186,72.19827364854429,73.5452841385802,50772000
2004-08-06,71.25138854980469,71.99157653209872,71.0980191985487,71.77151954545946,74729000
2004-08-09,71.35137939453125,71.67146258734637,71.26469263426142,71.36471386243825,37476300
2004-08-10,72.2716064453125,72.29161577742858,71.5247541812293,71.55809289299044,55870600
2004-08-11,72.12489318847656,72.23825394441478,71.41804446090326,71.80481007386149,52933200
2004-08-12,71.33808135986328,71.98490767846457,71.1046848081195,71.80486428824614,50015900
2004-08-13,71.47808837890625,71.58477939771574,71.07798306760712,71.41807054719122,41634700
2004-08-16,72.21830749511719,72.44502918842373,71.41810161200286,71.44477565019525,45731900
2004-08-17,72.62503814697266,72.87176396275082,72.37163746583859,72.51834205227414,40701600
2004-08-18,73.37189483642578,73.46525138108096,72.34496775766867,72.36497200473048,43165400
2004-08-19,73.15851593017578,73.36523328974147,72.80509395896321,73.2251984570469,39881600
2004-08-20,73.6719970703125,73.77201833720784,73.02516574411345,73.09184828456092,44870900
2004-08-23,73.48530578613281,73.86540200239526,73.38528448255342,73.71870239462763,33745100
2004-08-24,73.58525085449219,73.8386514436571,73.25183331089453,73.77863364028458,30453100
2004-08-25,74.08541107177734,74.19877186746355,73.28521063598608,73.5719500581955,38551400
2004-08-26,74.08541107177734,74.22544589366329,73.91870222369164,73.99205452385337,26629500
2004-08-27,74.31883239746094,74.4388630199657,74.05210220305246,74.15212348217946,24902900
2004-08-30,73.70535278320312,74.24548809912667,73.65200470352964,74.16547106716935,26726500
2004-08-31,74.09207153320312,74.12541533364744,73.41856644711545,73.791997679403,44125300
2004-09-01,74.23211669921875,74.44550382421899,73.67197740392452,73.98538576911989,52778300
2004-09-02,75.07232666015625,75.15234364797476,74.17876462496548,74.17876462496548,42736600
2004-09-03,74.76560974121094,75.23239262892282,74.69225741777737,74.90564460752451,30480500
2004-09-07,75.25907897949219,75.43912238348689,74.89898708395003,75.04569175482492,37338800
2004-09-08,75.07232666015625,75.39240478653048,74.8922782624644,75.09900068527911,32963100
2004-09-09,75.00566864013672,75.27239880338698,74.70558957515256,75.0656814006025,34314800
2004-09-10,75.39238739013672,75.53242217405693,74.73889173184243,75.03229576539238,27900600
2004-09-13,75.6391372680664,75.84585460760756,75.35906762980738,75.55911519104231,44398100
2004-09-14,75.7925033569336,75.81250760211488,75.47908994896113,75.55244223965893,28048900
2004-09-15,75.21904754638672,75.59247380388776,75.13902545368599,75.55246530131299,38295000
2004-09-16,75.44579315185547,75.59916760638134,75.21907144848562,75.25241018204147,23911700
2004-09-17,75.76648712158203,75.90710482122564,75.45846666873506,75.63256185378339,33683000
2004-09-20,75.31114959716797,75.65934506752411,75.18392187303472,75.44506975298346,37149400
2004-09-21,75.63926696777344,75.98077004894488,75.35803154032735,75.49864925405039,40920800
2004-09-22,74.69512939453125,75.34464794973061,74.64155927387732,75.33125797393107,49042100
2004-09-23,74.29337310791016,74.79558159248475,74.29337310791016,74.72862148295391,44068700
2004-09-24,74.6348648071289,74.81566269460419,74.4138918818716,74.44067694330232,34981100
2004-09-27,74.15939331054688,74.46071611572283,74.0455607049226,74.39375605998649,39355100
2004-09-28,74.51436614990234,74.66837904118793,73.93180742037441,74.2666131669924,41662900
2004-09-29,74.8893051147461,74.89600265638137,74.32683422684025,74.4674519488167,33325700
2004-09-30,74.8357162475586,74.98303146420102,74.50091079472612,74.69509857041605,43536700
2004-10-01,76.101318359375,76.101318359375,75.13707654010163,75.1705591455541,62824300
2004-10-04,76.22855377197266,76.63032466969473,76.20177381360509,76.40265415373695,33082400
2004-10-05,76.26875305175781,76.44285347717867,76.0276924961691,76.23527043230865,36910600
2004-10-06,76.79100036621094,76.79100036621094,76.121389273066,76.18165181925998,42297800
2004-10-07,75.96739196777344,76.60352570124046,75.90712940928857,76.59013061575833,39388800
2004-10-08,75.33795928955078,76.18166574283238,75.23081904287672,75.76651005879074,51872600
2004-10-11,75.64599609375,75.67947359648464,75.42502311903857,75.51876830066234,20229100
2004-10-12,75.35131072998047,75.55219603539385,74.95624276705318,75.13033791577087,41754700
2004-10-13,74.68843841552734,75.71294279660485,74.54112312514762,75.6660702140957,54212600
2004-10-14,74.08577728271484,74.94957627990824,74.04560224847764,74.78217349228304,64082200
2004-10-15,74.50093841552734,74.8223489085212,74.03890508453003,74.34022806030274,63482200
2004-10-18,74.78216552734375,74.92948078216003,74.12594442190591,74.25317216174308,43535100
2004-10-19,74.1527099609375,75.15043388459802,74.0522673037516,75.00981109930233,55851900
2004-10-20,74.00543975830078,74.20632519486003,73.4898412972677,73.9116945835675,57118500
2004-10-21,74.48753356933594,74.54110368072332,73.79783498858615,74.18621063305417,53218300
2004-10-22,73.65054321289062,74.49425485563214,73.56349558568478,74.45407981364923,48752400
2004-10-25,73.56350708007812,73.73760747042186,73.22200384367717,73.48984941911459,43990900
2004-10-26,74.68843841552734,74.72861345518425,73.57688130355545,73.74428411376363,54337400
2004-10-27,75.58570861816406,75.73302389605493,74.407196612493,74.58129184206591,73896000
2004-10-28,75.81336975097656,76.04103507336278,75.32455139890132,75.5187392314393,54413300
2004-10-29,75.80001831054688,76.09464899972019,75.59913792961706,75.74645327420372,48820200
2004-11-01,76.00757598876953,76.22854382320261,75.79999302304417,76.04105348672437,36720900
2004-11-02,76.03434753417969,76.7173486540234,75.81337463030499,76.11469760196859,56210000
2004-11-03,76.99191284179688,77.24636330762662,76.49639678014508,77.02539034300318,76960200
2004-11-04,78.0431900024414,78.12354007953124,76.7910151776001,76.85797527808435,55350300
2004-11-05,78.53199005126953,78.77305045922351,78.00299666207759,78.37798235707675,63287200
2004-11-08,78.41818237304688,78.49853757087534,78.15703436601557,78.33113474027942,33863800
2004-11-09,78.2641372680664,78.67929795599717,78.18378721207952,78.39806254258933,44658100
2004-11-10,78.32441711425781,78.71279280775589,78.18379938565906,78.38467966563114,45265400
2004-11-11,78.92035675048828,79.09445704949503,78.41145093501373,78.46502104374301,37863200
2004-11-12,79.54312133789062,79.68373908793957,78.79985243854014,78.9940403149111,55583700
2004-11-15,79.7385482788086,79.76540759395189,79.4027504769712,79.58407903546154,35297900
2004-11-16,79.16769409179688,79.52364409355815,79.0669588424824,79.49006226120784,40028700
2004-11-17,79.6378402709961,80.01393232222559,79.29532493927216,79.49680575178505,54494000
2004-11-18,79.74524688720703,79.78554610075534,79.4027368771815,79.60421244945529,31854300
2004-11-19,78.85874938964844,79.73182566679883,78.67070345275266,79.71839088623912,54276500
2004-11-22,79.23484802246094,79.32887099284916,78.59682915326361,78.69085212365184,37560200
2004-11-23,79.35576629638672,79.42292485509023,78.82520497205068,79.20129699988601,41968800
2004-11-24,79.54379272460938,79.64452797592628,79.28187082344878,79.42961756666968,29724800
2004-11-26,79.48332214355469,79.90643056517033,79.44974544467308,79.59077987725604,15487700
2004-11-29,79.12068176269531,79.92659961575146,78.89905909268293,79.77884775316443,61460800
2004-11-30,79.17438507080078,79.4094424472341,79.00648621279605,79.24826097823218,53685200
2004-12-01,80.0743637084961,80.25569230690475,79.31545722999986,79.35575645932208,49898300
2004-12-02,80.14149475097656,80.50415694718207,79.92658438921039,79.98702552664437,60163500
2004-12-03,80.08773803710938,80.68545743309555,79.9802803316503,80.12803211472381,49067900
2004-12-06,80.06092071533203,80.34970706383164,79.81242846815428,80.06092071533203,33030500
2004-12-07,79.31542205810547,80.33625001710651,79.27512797052034,80.24893932884983,52047200
2004-12-08,79.77884674072266,79.79899379011646,79.25500296101154,79.38932003954892,43895100
2004-12-09,80.06092071533203,80.22881963599765,79.06696197435785,79.3423135398379,60922800
2004-12-10,80.14149475097656,80.29595885144154,79.81912664639371,79.86613812790921,47828600
2004-12-13,80.83995819091797,80.8601052375974,80.15492786061301,80.43028449554494,38541000
2004-12-14,81.12201690673828,81.23618690616514,80.71234326280258,80.71234326280258,41500700
2004-12-15,81.18248748779297,81.33695675541932,80.79967813848349,81.06160005517583,46699200
2004-12-16,81.13546752929688,81.42425385909758,80.6183411416328,81.07502638122766,51641800
2004-12-17,80.59430694580078,80.95193323034901,80.40537269344114,80.60780004322407,70761900
2004-12-20,80.6145248413086,81.1678343340084,80.41209240453544,80.80345903665915,47187400
2004-12-21,81.23529052734375,81.29602230297371,80.6077563022047,80.70222337712289,33094200
2004-12-22,81.43102264404297,81.70093094060518,81.17461259374878,81.22859013460317,31500700
2004-12-23,81.49170684814453,81.83583987565842,81.4174871246316,81.55918774817971,25646100
2004-12-27,81.32305145263672,81.88985934970515,81.23533345045556,81.78189397956938,29944100
2004-12-28,81.76841735839844,81.86963362627742,81.37705053490546,81.40404188287808,23422900
2004-12-29,81.88986206054688,81.91685340397433,81.61320465146977,81.70092780462707,22650600
2004-12-30,81.73463439941406,82.0315339247063,81.67390775909732,81.91682461650541,21076900
2004-12-31,81.55924987792969,82.09231747625164,81.51201630076567,81.84940046567269,28648800
2005-01-03,81.17462921142578,82.15979031969358,80.90472085960924,82.02483356974851,55748000
2005-01-04,80.18269348144531,81.33654629917699,79.91953433782608,81.28256361636484,69167600
2005-01-05,79.62938690185547,80.46609792519392,79.62263777922753,80.12196474417942,65667300
2005-01-06,80.03423309326172,80.39860843194727,79.79806532228163,79.91952376851015,47814700
2005-01-07,79.91952514648438,80.45259249478562,79.71034356166275,80.27715136985917,55847700
2005-01-10,80.29741668701172,80.60780944467176,79.85206719901718,79.85206719901718,56563300
2005-01-11,79.74408721923828,80.1219556744739,79.61587964418123,80.05447990004919,63099700
2005-01-12,80.00720977783203,80.18939480032273,79.29870159999977,79.8925004989279,72720500
2005-01-13,79.3662338256836,80.1152269045022,79.2852597921642,80.0544950923445,55537500
2005-01-14,79.78458404541016,79.98026742528297,79.4606982186411,79.6023989113616,42032500
2005-01-18,80.6145248413086,80.71574105969518,79.58887471216167,79.6563556231332,57391700
2005-01-19,79.77108001708984,80.64827539679206,79.7643308951025,80.58754874312103,54378900
2005-01-20,79.28527069091797,79.75760641452817,79.14356997383491,79.54842990093984,72049300
2005-01-21,78.79937744140625,79.62259492448611,78.71165948674357,79.48089431399899,63160400
2005-01-24,78.64421081542969,79.17727299398504,78.52275237204553,79.00858099751099,58441900
2005-01-25,78.86689758300781,79.26501345873424,78.75893735865522,78.8871449513917,68245000
2005-01-26,79.10307312011719,79.35273404284068,78.97486552321217,79.16379978302642,57195100
2005-01-27,79.238037109375,79.45396274701082,78.93439345109981,79.07609416816645,55878800
2005-01-28,79.238037109375,79.31901115401591,78.68472734117861,79.2785215576588,60738900
2005-01-31,79.7306137084961,79.79134037597366,79.42696492688968,79.58890785490271,52532700
2005-02-01,80.23666381835938,80.35137314063104,79.69009824811162,79.7913144757924,49841200
2005-02-02,80.47958374023438,80.695509312141,80.22992285438492,80.33788306630238,52468900
2005-02-03,80.27042388916016,80.40538061705381,80.00726470485851,80.33789967907059,48837100
2005-02-04,81.12734985351562,81.26230137923014,80.28388994762312,80.29738304096628,50024600
2005-02-07,81.0193862915039,81.3230298050568,80.94516140631171,81.14084472653923,45412000
2005-02-08,81.11388397216797,81.41078362487171,81.01941683686637,81.08689262664284,39263500
2005-02-09,80.50658416748047,81.30281076902435,80.46609972695067,81.25557720571548,55279400
2005-02-10,80.79672241210938,80.98565663668083,80.47283664086446,80.74274488228289,45858600
2005-02-11,81.49170684814453,81.67389704132772,80.60776265683833,80.76970549116903,53133000
2005-02-14,81.43102264404297,81.55248112009234,81.29607106979815,81.43777176717698,32432100
2005-02-15,81.73463439941406,81.93706682994433,81.43099090168923,81.51196490351545,43852700
2005-02-16,81.78863525390625,81.95732726750182,81.42425988677122,81.5997010223707,55523000
2005-02-17,81.12734985351562,81.86959354108689,81.12060073280868,81.80211777822963,58124000
2005-02-18,81.23529052734375,81.29602230297371,80.90465576513012,81.13407433334014,47723300
2005-02-22,80.0274887084961,81.28930679966246,80.01399561281487,80.90468922185242,80697600
2005-02-23,80.60108184814453,80.68205590797186,80.04102799891352,80.25020455170797,68292600
2005-02-24,81.13412475585938,81.1881074459526,80.28392055321835,80.45935657391227,68563600
2005-02-25,81.93710327148438,82.0990461990904,81.09364301593013,81.15436968325507,60899900
2005-02-28,81.39727020263672,81.84936872080408,80.9991595135271,81.74815248097342,69381300
2005-03-01,81.8021469116211,81.99782514917567,81.4984981485145,81.52548949288438,47294400
2005-03-02,81.76165008544922,82.2744752869486,81.41077293583727,81.48499783926766,64226500
2005-03-03,81.79535675048828,82.25419907842249,81.44447459779568,82.0922562415251,61230800
2005-03-04,82.81429290771484,82.88176868950964,82.18000923308487,82.3554503842091,56168500
2005-03-07,82.85476684570312,83.16515952107609,82.5916077264071,82.76704885529496,43442400
2005-03-08,82.54438781738281,82.99648123573114,82.3959380028631,82.77380651395157,44362000
2005-03-09,81.6266860961914,82.51737965367849,81.61993697470561,82.30145409877468,73263600
2005-03-10,81.80889129638672,81.98433246163324,81.24208850599841,81.78189995188167,65149000
2005-03-11,81.23529052734375,82.13273288713594,81.0800968248651,81.85607563339735,57976500
2005-03-14,81.74137115478516,81.75486939374957,81.1610704329899,81.38374504327479,36336400
2005-03-15,81.0666275024414,81.95732106085066,81.02614306962731,81.93032972295082,62438500
2005-03-16,80.37840270996094,81.08016236811694,80.22995285849494,80.76976441610243,74874200
2005-03-17,80.54032897949219,80.79673903013801,80.28391892884635,80.50658851184842,62584200
2005-03-18,80.30121612548828,80.97185921481118,80.03702323671578,80.68734459125537,60232000
2005-03-21,80.00312805175781,80.46377286287635,79.77280823034518,80.41635377209768,61244300
2005-03-22,79.19022369384766,80.56538242209771,79.19022369384766,80.18602971590266,92472400
2005-03-23,79.25797271728516,79.74571491478004,79.08861807472687,79.22409972145608,70817300
2005-03-24,79.35279846191406,79.92860312267307,79.29860374440216,79.56957216366897,51932500
2005-03-28,79.46795654296875,79.89473347324866,79.46795654296875,79.54247298577023,46765500
2005-03-29,78.9395980834961,79.8676635372107,78.74992167971078,79.35282389244028,71160300
2005-03-30,80.05729675292969,80.07084284519485,79.10213444705124,79.10891007732961,62002100
2005-03-31,79.9083023071289,80.2470116277771,79.84733711019338,80.06411086867647,64575400
2005-04-01,79.54926300048828,80.60603431741065,79.19700761761202,80.3621632183834,95255300
2005-04-04,79.68472290039062,79.84053140325005,79.08182095019448,79.50182221018291,71581200
2005-04-05,80.06410217285156,80.19280818627905,79.71184162339205,79.78635807930489,46853900
2005-04-06,80.34183502197266,80.57893046908528,80.0573204854375,80.24022121084063,53268200
2005-04-07,80.77539825439453,80.78894952161836,80.15217433774558,80.21314470366457,46734600
2005-04-08,79.93537902832031,80.75505475239864,79.93537902832031,80.72795739354984,63772900
2005-04-11,79.99634552001953,80.21989485796476,79.82022043705616,80.13183231648307,44945000
2005-04-12,80.40957641601562,80.65344749716232,79.30538608681319,79.86086906758216,86144800
2005-04-13,79.461181640625,80.47730925665195,79.34601658290644,80.31472511691717,65949000
2005-04-14,78.42472839355469,79.59666453695597,78.42472839355469,79.52892372845534,96119800
2005-04-15,77.32731628417969,78.71602099103217,77.29344329472052,78.40440912751953,128677300
2005-04-18,77.5644302368164,77.8760421747778,77.19862357008944,77.3070130276206,100035200
2005-04-19,78.1808853149414,78.26217224152929,77.78798127545363,77.97088202857026,64930100
2005-04-20,77.09022521972656,78.32989711228892,76.92087059944447,78.16054249200683,107735900
2005-04-21,78.58731079101562,78.72279240500876,77.48311548063165,77.76085950809755,86952200
2005-04-22,78.28924560546875,78.91924493485638,77.40859960325642,78.40440549502645,88845800
2005-04-25,78.8040771484375,78.91923702645518,78.39085154539357,78.48568970003069,52284100
2005-04-26,78.03858184814453,79.1021283145663,78.0047140359615,78.5534211752639,72626000
2005-04-27,78.34346771240234,78.62798230430809,77.52379176812484,77.80830636003058,84131900
2005-04-28,77.36119842529297,78.36378018033216,77.36119842529297,78.0860360865743,72481500
2005-04-29,78.41119384765625,78.49248593080523,77.20538970655872,77.95054904639834,103993800
2005-05-02,78.85148620605469,78.85826183575115,78.25535483175291,78.62793694069151,56026400
2005-05-03,78.98700714111328,79.15636178985851,78.37055890719341,78.62797611270041,86000300
2005-05-04,79.5966796875,79.76603432513298,78.77022822892413,79.02087495320656,81055700
2005-05-05,79.56954956054688,79.93535604739941,79.08180757807682,79.71180677738543,96906700
2005-05-06,79.31891632080078,79.92859390174269,79.2985945961514,79.88795045244393,67415400
2005-05-09,79.81342315673828,79.9895533602213,79.29181334463924,79.40019758411933,43750500
2005-05-10,78.98700714111328,79.59668491025484,78.84474985636254,79.501846720421,74613500
2005-05-11,79.4205093383789,79.52889873254708,78.47889844177867,79.21051134754153,91647400
2005-05-12,78.5466537475586,79.65761940167953,78.5466537475586,79.47471872557682,95086800
2005-05-13,78.39085388183594,79.000531442883,77.76763022756202,78.78375777320981,85267000
2005-05-16,79.12248229980469,79.14957449151252,78.35022562880721,78.37731782051505,49207000
2005-05-17,79.65088653564453,79.73217346637334,78.68895328786317,78.85830795127373,61071800
2005-05-18,80.47052001953125,80.66697194560894,79.942134575463,79.99632411125329,77944900
2005-05-19,80.80923461914062,80.89052668074733,80.40955510993908,80.6263287725985,61768100
2005-05-20,80.69408416748047,80.87698486709587,80.4366618598017,80.84311187873001,46345500
2005-05-23,81.14118194580078,81.3173121917281,80.74150753698441,80.75505363207452,51047900
2005-05-24,80.95149993896484,81.17504925450025,80.74827234878859,80.91085648824652,50654100
2005-05-25,80.89054870605469,81.2021606079567,80.49764472041133,80.84990008003741,47608800
2005-05-26,81.32408142089844,81.43246567796433,81.03279130061374,81.14795118883757,43256200
2005-05-27,81.45958709716797,81.45958709716797,81.1547507928121,81.33087590860741,24596100
2005-05-31,80.93795776367188,81.40537297444084,80.88376304789523,81.34440779541153,43377200
2005-06-01,81.62892150878906,81.91343601141705,80.91763008392658,80.96504916769791,69611000
2005-06-02,81.8050537109375,81.8592432591953,81.35795505183542,81.44602275830303,39704500
2005-06-03,81.39186096191406,81.89314937202757,81.10734633738706,81.66282948597086,60999400
2005-06-06,81.31734466552734,81.42572897440905,80.98541093619025,81.2563742925419,36046400
2005-06-07,81.37824249267578,82.13695269984864,81.29695562039007,81.55437266311225,66501300
2005-06-08,81.22925567626953,81.68989529958796,81.06667151337626,81.58151102595217,46881200
2005-06-09,81.61538696289062,81.68312778239337,80.91087106981699,81.11409352832521,56653300
2005-06-10,81.42572021484375,81.73056171038742,81.01927005574638,81.669591343961,36465300
2005-06-13,81.68312072753906,82.02182996409218,81.1615056090033,81.2495733182145,49383200
2005-06-14,81.872802734375,82.1031225503766,81.54763957075099,81.59505866041562,33857100
2005-06-15,82.02862548828125,82.13023932394987,81.44605017825623,82.07604975744839,53195600
2005-06-16,82.23861694335938,82.40119595602569,81.91345374973311,82.00829193781293,46564500
2005-06-17,82.54330444335938,82.91058740105461,82.44808351238115,82.66573209592445,51529400
2005-06-20,82.5705337524414,82.86979739345848,82.25766415233316,82.35288510935946,41019400
2005-06-21,82.61815643310547,82.74058413724289,82.31888755873541,82.63856018560276,39879800
2005-06-22,82.6861343383789,82.93779261662395,82.34605810844576,82.76095152409631,46310100
2005-06-23,81.5230941772461,82.70655829366493,81.50269042872809,82.51611638862659,62185600
2005-06-24,80.92457580566406,81.62513230207716,80.82934964743411,81.53670912425369,58572500
2005-06-27,81.04019927978516,81.2170404435573,80.76813714840195,80.91777158012039,48183800
2005-06-28,81.72037506103516,81.78158633355402,81.18985660925169,81.21026036675798,41174200
2005-06-29,81.502685546875,81.89037231295359,81.45507507346719,81.86996856565773,42316500
2005-06-30,81.06063079833984,81.83600476543164,80.90419333273293,81.76799050657637,62288800
2005-07-01,81.29863739013672,81.48228149341426,81.08098877121132,81.24422393811727,49737500
2005-07-05,81.95159912109375,82.06042604621263,81.06740370569315,81.10821120803602,51549000
2005-07-06,81.2646255493164,82.06040275404821,81.21701508037908,81.88356164550162,52363600
2005-07-07,81.58429718017578,81.58429718017578,80.43484288685377,80.45524663331035,103268800
2005-07-08,82.51609802246094,82.51609802246094,81.42785510077886,81.59789321945267,64491200
2005-07-11,82.93778991699219,83.04661160866988,82.50929056016717,82.52289651484645,49688300
2005-07-12,83.15546417236328,83.40711733098954,82.73376766263543,82.97182005153304,51871100
2005-07-13,83.27107238769531,83.33228362308236,82.97180362139805,83.16224549480472,41182300
2005-07-14,83.59754180908203,83.95802178460002,83.31187383055608,83.64515227397777,63638800
2005-07-15,83.54995727539062,83.68599093229881,83.22348687711785,83.51595275302866,56075900
2005-07-18,83.21665954589844,83.40710142068885,83.01261690397382,83.3186834614367,56598400
2005-07-19,83.67239379882812,83.73361024818303,83.25750537166253,83.46154809481962,59165700
2005-07-20,83.95802307128906,84.1552679114947,83.18264966587462,83.37988931692871,69477000
2005-07-21,83.46832275390625,84.07365811543673,83.29828461439426,84.03285062248256,101110900
2005-07-22,84.02604675292969,84.03964752071944,83.40710544087624,83.57714357858515,52607100
2005-07-25,83.78800201416016,84.30491426359215,83.55674742749626,83.93763641920987,57301600
2005-07-26,83.89000701904297,84.01923765481776,83.62474795866972,83.81519501792006,42758800
2005-07-27,84.19609069824219,84.26410492018674,83.69277922886947,83.99884582219622,43181600
2005-07-28,84.72660827636719,84.77421875029644,84.09406615750576,84.31171477963268,47880700
2005-07-29,84.16207122802734,84.76740655466084,83.9988360764688,84.61777735940413,62358100
2005-08-01,84.100830078125,84.36608905098907,83.96479650925235,84.22325769553534,40418200
2005-08-02,84.60414123535156,84.74697259067912,84.16204121791857,84.2504643348952,45147400
2005-08-03,84.82862091064453,84.8422216774627,84.42053044712604,84.50894840432365,36837200
2005-08-04,84.14848327636719,84.54977083280312,84.04645934517328,84.49536256676538,50855600
2005-08-05,83.5771484375,84.32532043823727,83.434317016219,83.96483520644911,53595500
2005-08-08,83.42071533203125,83.9376327480073,83.23707122871957,83.76079162348742,47616000
2005-08-09,83.92402648925781,84.06005492969118,83.57034943063962,83.6995748923056,47170000
2005-08-10,83.88322448730469,84.67900181316428,83.5363451955892,84.21649782059454,72863700
2005-08-11,84.21647644042969,84.35930783272165,83.6655546145676,83.84239051598543,58570200
2005-08-12,83.6995849609375,84.12808445923842,83.48873929615641,84.04646427166848,54776900
2005-08-15,84.21647644042969,84.25048613870695,83.54312696558142,83.80838600685956,36208500
2005-08-16,83.12145233154297,84.01245061676366,83.03983214780679,83.9580423500923,71942100
2005-08-17,83.11461639404297,83.57032241942353,82.99899173813104,83.10781860662512,62275100
2005-08-18,83.10784912109375,83.35950226587133,82.86979155614372,83.01262817077478,53388600
2005-08-19,83.2983169555664,83.53636940547833,83.11467278766706,83.40713870874576,39842100
2005-08-22,83.2983169555664,83.81523455334244,82.89702409215414,83.37313418113219,69912000
2005-08-23,83.14185333251953,83.3935116655247,82.40048948073934,83.3186944635273,55168600
2005-08-24,82.4004898071289,83.47513217720974,82.35967712187156,82.93781099216932,79104600
2005-08-25,82.69973754882812,82.75415099262216,82.4412814745339,82.53650240659763,35631100
2005-08-26,82.1352310180664,82.63173951974714,82.08081756361705,82.62494172980544,61956800
2005-08-29,82.76776885986328,82.82898010107722,81.87676545424792,81.89717439047158,56179200
2005-08-30,82.3324966430664,82.502534839199,81.88359331448245,82.46852512431091,74160200
2005-08-31,83.3730697631836,83.427483192308,82.12158683907307,82.42765848603526,102945200
2005-09-01,83.31188201904297,83.76078518002552,82.39367714057646,83.33228576469635,74578700
2005-09-02,83.16226959228516,83.57716316063623,83.00583737486625,83.55675940959492,47653400
2005-09-06,84.13488006591797,84.20289948170395,83.42072290254099,83.42752588195016,57251300
2005-09-07,84.2777099609375,84.42733917192622,83.97163818178899,84.08726287675172,41749700
2005-09-08,83.99885559082031,84.33893192924468,83.86962492169006,84.10768250990961,39068700
2005-09-09,84.74703979492188,84.84226077398365,84.20292065587664,84.22332441008214,43093900
2005-09-12,84.57698059082031,84.79462923022781,84.52256713368023,84.64499481766899,33017600
2005-09-13,84.10771179199219,84.62462427016997,84.01248561005953,84.42737930251467,58427500
2005-09-14,83.80158996582031,84.28449762425065,83.6723593286517,84.16206996513085,57694600
2005-09-15,83.76079559326172,84.10087190083553,83.5907574394748,84.06005921530287,73156900
2005-09-16,84.35643005371094,84.52036011855397,83.92611167928192,84.2198225348822,75424100
2005-09-19,84.07633972167969,84.39054625267335,83.76897033814123,84.33590118543616,53355300
2005-09-20,83.36599731445312,84.43155035852088,83.2430484854267,84.15149822136664,84480300
2005-09-21,82.58732604980469,83.24305142401293,82.49852648550306,83.1884063400184,94469100
2005-09-22,82.88103485107422,83.09961519549186,82.26629587174739,82.614646570368,84597200
2005-09-23,82.9493179321289,83.25668732588562,82.58047153287647,82.81270525949434,59368100
2005-09-26,83.04496002197266,83.49576889946903,82.7034360921681,83.34549753655637,70415400
2005-09-27,83.02447509765625,83.3250126327924,82.66245532986356,83.00397928302341,66150800
2005-09-28,83.10640716552734,83.41378173788083,82.78537393298129,83.28400101547112,58620500
2005-09-29,83.78267669677734,83.9192842229036,82.70345952215351,83.02449294091758,66607700
2005-09-30,84.04224395751953,84.04224395751953,83.15427928905079,83.75536498878117,47824200
2005-10-03,83.74166870117188,84.24712267114434,83.63921047734512,83.98756635385939,50994800
2005-10-04,82.79904174804688,84.03535639834134,82.75806055427721,83.87142641202236,60776300
2005-10-05,81.7130355834961,82.86055650524544,81.67205436847601,82.81957529022536,106052100
2005-10-06,81.41928100585938,82.14331508705118,80.71574273241733,81.81544990917789,140941800
2005-10-07,81.6993408203125,81.99988349432623,81.37147561127564,81.76081261568402,75661400
2005-10-10,81.0094985961914,81.76768235709311,80.80458730563936,81.74719174916223,52677000
2005-10-11,80.89334869384766,81.54907393648811,80.81821302124125,81.27585378257767,75629800
2005-10-12,80.25813293457031,81.37149920050906,80.1966611213784,80.86604518415406,100510400
2005-10-13,80.21029663085938,80.65427870584674,79.83461828789144,80.23078722934113,99052900
2005-10-14,81.05726623535156,81.15289249282705,80.29908290019571,80.68159314133788,88651000
2005-10-17,81.35784149169922,81.4671264535178,80.90702734468654,81.14609829544662,68109300
2005-10-18,80.47664642333984,81.25532006144198,80.46298776795132,81.24166140605344,74996900
2005-10-19,81.81547546386719,81.82913933996821,79.99857078556975,80.25812710782887,116563800
2005-10-20,80.37422943115234,81.83595123452298,80.12150509274845,81.61737615769862,131966700
2005-10-21,80.68844604492188,81.13242821938586,80.26495968477256,80.79773620963259,96579500
2005-10-24,81.93840026855469,82.0271945922098,80.87967947577944,80.90017007268136,71308400
2005-10-25,81.7745132446289,82.12969593709487,81.24173660030846,81.7745132446289,76594500
2005-10-26,81.53543853759766,82.33460341653013,81.41248969382016,81.63106483706432,80855800
2005-10-27,80.66797637939453,81.53545035040443,80.55185945768241,81.41932821744908,66623100
2005-10-28,81.8291244506836,81.93157744659011,80.66794012174776,80.89334713522388,72322000
2005-10-31,82.05452728271484,82.85369713950163,82.05452728271484,82.16381742804127,77698900
2005-11-01,82.30042266845703,82.580474749837,82.11600206726693,82.3618996763476,66365100
2005-11-02,83.16104125976562,83.16104125976562,82.05450232547862,82.08182485349997,74012300
2005-11-03,83.51622772216797,83.78262108039077,83.16104526327028,83.43426534539753,84897600
2005-11-04,83.40696716308594,83.64603285051722,83.02446206319588,83.60505165016933,59156000
2005-11-07,83.48895263671875,83.75534091845367,83.22939108234156,83.58457893214963,46765400
2005-11-08,83.48895263671875,83.61872820266508,83.1884098732261,83.284036168657,42152800
2005-11-09,83.59822082519531,83.9807259301741,83.23620632066309,83.38647767225937,57666800
2005-11-10,84.24712371826172,84.37007254613363,83.16108008142805,83.56407583258265,79048100
2005-11-11,84.53398895263672,84.58862881077094,83.62553421643202,84.25393688052102,34867000
2005-11-14,84.4861831665039,84.71158497760462,84.27443480707323,84.55448690354173,45092200
2005-11-15,84.1788101196289,84.75939971225537,83.91925382949644,84.39055848305075,69592500
2005-11-16,84.349609375,84.39059580511451,84.00125859210937,84.26764693725796,51133000
2005-11-17,85.13509368896484,85.14192562742151,84.11052179263304,84.47936830066153,55717500
2005-11-18,85.46977996826172,85.5722381932532,84.9233447870435,85.4219668247646,72437200
2005-11-21,85.90010833740234,86.0025665681983,85.3673317907539,85.48344868707633,50021200
2005-11-22,86.2689437866211,86.41920993312499,85.66785835563981,85.76348463579748,66438800
2005-11-23,86.76754760742188,87.027109065954,86.20744870761517,86.23477124068383,50854700
2005-11-25,86.83586883544922,86.89734585005392,86.61729373808845,86.7334158298437,15270000
2005-11-28,86.22113800048828,86.93150322475026,86.09135723295874,86.91784455980908,54498500
2005-11-29,86.12550354003906,86.73342093947997,86.12550354003906,86.50801389138587,51738900
2005-11-30,85.66106414794922,86.41924273952087,85.57909650045126,86.17335021951381,56007200
2005-12-01,86.53535461425781,86.76758843776351,86.05039114936993,86.077708484053,65468200
2005-12-02,86.64462280273438,86.80172610856485,86.40555708624608,86.58997772146797,46699400
2005-12-05,86.46021270751953,86.56267094457385,86.18699247912215,86.54217512816906,59273400
2005-12-06,86.62413787841797,87.25254072044906,86.49435710471337,86.7812411945468,57935200
2005-12-07,86.11865997314453,86.65826831098336,85.84543983596477,86.58995936825791,66816500
2005-12-08,86.06404113769531,86.62414024458617,85.70885849896253,86.21431251951226,62608600
2005-12-09,86.28942108154297,86.59679047590274,85.94106527969211,86.17330421800622,50744500
2005-12-12,86.37141418457031,86.65146635516653,86.03672213662574,86.54900811686932,48389900
2005-12-13,86.95881652832031,87.22520476193084,86.26211004300998,86.35090438379972,88630900
2005-12-14,87.30035400390625,87.49160658993398,86.84271314287673,86.87686762377116,64375000
2005-12-15,87.0475845336914,87.43008950769094,86.86999070523187,87.3207993944114,55900300
2005-12-16,86.76742553710938,87.45409398533666,86.76742553710938,87.399159252151,46238300
2005-12-19,86.32109832763672,87.11763631909814,86.30736726244757,87.021503146179,48733000
2005-12-20,86.40351867675781,86.92538308596127,86.16318569372122,86.42411789832293,46603200
2005-12-21,86.54085540771484,87.0421258637288,86.38292454050755,86.67132413712939,51806900
2005-12-22,86.99407958984375,86.99407958984375,86.57521116594171,86.73314207004846,32247900
2005-12-23,87.04210662841797,87.11077243545836,86.80863659784228,87.05583769427993,27977300
2005-12-27,86.15633392333984,87.24127186891607,86.09453100802621,87.17946895360242,44499500
2005-12-28,86.34857177734375,86.51337076554344,86.17690463663332,86.34170362483302,30764300
2005-12-29,85.96406555175781,86.49279820299468,85.87479525820244,86.32799916400575,32788900
2005-12-30,85.49713134765625,85.87479603370255,85.39412998278289,85.69626592271355,44645600
2006-01-03,87.00091552734375,87.20691821710379,85.41471262833592,85.96404964178534,73256700
2006-01-04,87.4129409790039,87.54340448953458,87.00093550487733,87.11080502834234,51899600
2006-01-05,87.46782684326172,87.6120265916834,87.12449261210591,87.30989603069422,47307500
2006-01-06,88.19573974609375,88.29187295614783,87.45413620664772,87.90734011593152,62885900
2006-01-09,88.42231750488281,88.62144678631442,88.15451717317482,88.18197930664665,43527400
2006-01-10,88.51158905029297,88.56652380226255,88.07212151226894,88.16139179393608,44960800
2006-01-11,88.79312896728516,88.88239925221201,88.39485985926228,88.59399965214021,49598900
2006-01-12,88.44295501708984,88.77255315011219,88.19575379788914,88.63522146783086,40509200
2006-01-13,88.36051177978516,88.51157971233069,88.03091378047283,88.28498829124386,44856700
2006-01-17,88.12017822265625,88.18197587886411,87.76310763501513,88.03090795631329,52066600
2006-01-18,87.76998901367188,88.51158719424502,87.31679041659197,87.6051900000852,75067600
2006-01-19,88.1064682006836,88.42234044508085,87.76313381568974,87.98287285139808,81530400
2006-01-20,86.49964904785156,88.10645114390117,86.49964904785156,88.08585192300812,114957800
2006-01-23,86.80865478515625,87.08332330972904,86.60952023581265,86.66445498850048,67017400
2006-01-24,86.89788055419922,87.30988051057656,86.80861031709394,86.95281003988283,53008800
2006-01-25,86.97349548339844,87.33056104774002,86.41042189073102,87.23442780969157,87747700
2006-01-26,87.45414733886719,87.66701301124488,87.04214706635291,87.37861334437167,71294000
2006-01-27,88.26438903808594,88.34679640596421,87.5159226786432,87.66012771413064,65771200
2006-01-30,88.19573974609375,88.44980384172221,88.13394207057343,88.19573974609375,33709600
2006-01-31,87.55024719238281,88.26437793182866,87.54337903944611,88.11332047814685,72937000
2006-02-01,88.16136932373047,88.18883145384953,87.7013026806943,87.76996848372187,63561000
2006-02-02,87.13825988769531,87.98972761672684,87.06959406483037,87.96226547867404,83626900
2006-02-03,86.70565032958984,88.16138979050481,86.61638528881751,86.91852117891798,86040400
2006-02-06,86.9322509765625,87.06958785135821,86.63698324433436,86.82238671559205,45511900
2006-02-07,86.1632080078125,86.97347744536528,86.10827324350139,86.78120577027637,71208100
2006-02-08,86.94598388671875,87.96225576503942,86.24557894978892,86.41724610742739,59422200
2006-02-09,86.8017578125,87.61888967293783,86.77429044693324,87.15195493603152,62023300
2006-02-10,86.95970153808594,87.29616764826487,86.14256431735771,86.81550177658067,64508700
2006-02-13,86.8017578125,87.06268992708776,86.48588572791441,86.93222125036174,52308700
2006-02-14,87.72193908691406,87.91420551244745,86.66446850761322,86.83613570739192,90964400
2006-02-15,88.0309066772461,88.11331402872332,87.37170549294675,87.67384133365844,85471300
2006-02-16,88.69013214111328,88.72446767178934,88.01718926860791,88.12705877567812,61017900
2006-02-17,88.44977569580078,88.69011388332412,88.29184486048213,88.61457992247942,40342600
2006-02-21,88.23001861572266,88.85487884089648,88.09267656579429,88.65574963286407,46456300
2006-02-22,88.76565551757812,89.02658246854523,88.33991384795412,88.42232120728256,42326700
2006-02-23,88.63517761230469,89.01971032352496,88.08584067724834,88.76564631312526,43423200
2006-02-24,88.86180114746094,88.90986250921124,88.41546019494268,88.65579843689352,36777400
2006-02-27,88.8961410522461,89.29439970714087,88.77253522873139,88.85493212591878,35858600
2006-02-28,88.0515365600586,89.20514558291404,87.98287596726858,88.71760612875389,74394800
2006-03-01,88.83431243896484,88.91671979490361,88.23691411649756,88.30558516682467,48641600
2006-03-02,88.82745361328125,88.86865205428117,88.31245214531874,88.5115814360623,60642300
2006-03-03,88.41546630859375,89.3150111910144,88.33993232542053,88.35366863447034,73402500
2006-03-06,88.01031494140625,88.70384646910864,87.7905811946248,88.6763843347685,57478400
2006-03-07,87.87299346923828,87.93479113694384,87.48159252383724,87.79745949390944,61780800
2006-03-08,88.05839538574219,88.19572702633691,87.33052302176458,87.68758843063063,66692400
2006-03-09,87.46782684326172,88.36049270094804,87.46782684326172,88.08582950711508,56313600
2006-03-10,88.2987060546875,88.47037319165254,87.50904141574048,87.69443961856201,60490800
2006-03-13,88.4635238647461,88.69012577767006,88.25752117320319,88.47038677929574,45479100
2006-03-14,89.39051818847656,89.42485371589335,88.31245387616642,88.38112493099999,69877300
2006-03-15,89.78880310058594,89.85747416753793,89.16394249335126,89.36993473873976,53398900
2006-03-16,89.97418975830078,90.27632563196346,89.84372104215265,89.96045345193473,65526400
2006-03-17,90.04931640625,90.24234733269925,89.88386733752009,90.09067867343248,47286800
2006-03-20,89.90454864501953,90.24234750726089,89.76667091434572,90.0631075093246,45538500
2006-03-21,89.33927154541016,90.30443707996973,89.24275604389427,89.87700227091305,87102700
2006-03-22,89.88388061523438,89.97349536756886,89.24273382100566,89.2840960942982,51605700
2006-03-23,89.69776153564453,89.89079253724184,89.38753389160604,89.80116724385715,46704200
2006-03-24,89.7667007446289,90.01488495007423,89.44268218420305,89.61503203466786,43209200
2006-03-27,89.63568878173828,89.81492879045935,89.44265784330109,89.64257898689776,32523000
2006-03-28,89.08419799804688,89.98730959674903,88.96700135357568,89.57366571793239,82079900
2006-03-29,89.64262390136719,89.96664253596077,89.13246444023201,89.2151995405852,61505700
2006-03-30,89.48406219482422,90.2975486008834,89.31171231021146,89.6977743686397,70571700
2006-03-31,89.50470733642578,89.78736355814961,89.18757904776527,89.63569487914647,62925600
2006-04-03,89.43577575683594,90.22169060408267,89.27032664335202,89.67017953327044,61624700
2006-04-04,90.0079574584961,90.12515405963408,89.18068052614754,89.43575486277747,54809300
2006-04-05,90.31815338134766,90.50429404477983,89.88383919253027,90.0423980068797,50607200
2006-04-06,90.2216796875,90.4560834355723,89.75289323015166,90.20789927597666,57906200
2006-04-07,89.3047866821289,90.58706988689312,89.17380964264049,90.35267663383064,80180900
2006-04-10,89.44268035888672,89.67707362607943,89.11176107877952,89.44268035888672,41496500
2006-04-11,88.68429565429688,89.6632410681713,88.41543043865104,89.51847315480545,72799400
2006-04-12,88.84982299804688,89.0221728964637,88.66368216232388,88.77398862196736,43033700
2006-04-13,88.73258972167969,89.10486072013751,88.45682368634182,88.649854651379,51051800
2006-04-17,88.69810485839844,89.14621013701402,88.25688978489798,88.81530146173795,64167700
2006-04-18,90.10450744628906,90.26996710390875,88.88426745492107,88.88426745492107,92531800
2006-04-19,90.27684783935547,90.35958291918493,89.7873801642805,90.13897006550619,87269000
2006-04-20,90.40090942382812,90.90416783294674,90.0355287339946,90.31128417256475,86005500
2006-04-21,90.41470336914062,90.85591844854937,90.049322624602,90.78698483828389,72342600
2006-04-24,90.249267578125,90.35957399406905,89.88388677978432,90.2354766462823,52546400
2006-04-25,89.87699127197266,90.39404079240401,89.56676366359373,90.33888758123007,84359800
2006-04-26,89.89766693115234,90.40782621386286,89.82873331093661,89.96661107076685,67262400
2006-04-27,90.33199310302734,90.74563690757198,89.33925638763935,89.5529684962078,124478600
2006-04-28,90.63534545898438,90.82837646114481,90.11140567017758,90.16654836845142,55854400
2006-05-01,89.89766693115234,90.86283228876152,89.84252424273927,90.63532925131219,64990300
2006-05-02,90.57327270507812,90.6284259048933,90.13205762595389,90.31818784100822,49063500
2006-05-03,90.23550415039062,90.53195141867359,89.93216667378555,90.41474424138362,60821300
2006-05-04,90.55950164794922,90.73874169713365,90.29063631447278,90.36647066593534,42921400
2006-05-05,91.35919189453125,91.5522228436959,90.89729565764455,91.03517340427676,62588200
2006-05-08,91.24887084960938,91.53152702246496,91.24887084960938,91.3522765131438,30016700
2006-05-09,91.42813873291016,91.53155494739144,91.21442661680784,91.2902609663344,29864000
2006-05-10,91.37989807128906,91.51777585570377,90.9248919152599,91.2833825702587,64378200
2006-05-11,90.27684783935547,91.37989106894952,89.98041115154949,91.35230920253976,80626900
2006-05-12,89.09797668457031,90.11828478748596,89.06350461284086,89.87010059819303,91726500
2006-05-15,89.27722930908203,89.44268896505615,88.66366421568755,88.78775106811749,84029300
2006-05-16,89.14620971679688,89.62189685242481,88.93938785095033,89.45643725586817,62137600
2006-05-17,87.45027160644531,89.00142478479768,87.39511841812129,88.70497771248043,144789500
2006-05-18,87.00910949707031,88.07078534887842,86.94017059961799,87.7950244993684,87906300
2006-05-19,87.62264251708984,87.89150780042033,86.72642665922118,87.46408363702254,124309400
2006-05-22,86.95390319824219,87.67087886544333,86.51958367567215,87.05731411114863,110852800
2006-05-23,86.29214477539062,87.98806712299763,86.29214477539062,87.67783941368836,92006500
2006-05-24,86.98152160644531,87.47789001925449,86.00947118111071,86.64371737094464,168405000
2006-05-25,88.05697631835938,88.05697631835938,87.16075511007723,87.49855929979002,78977900
2006-05-26,88.50508880615234,88.50508880615234,87.90530949925696,88.25000390243314,62989700
2006-05-30,86.93324279785156,88.243102401057,86.8987759917954,88.22242126548356,72419900
2006-05-31,87.9052963256836,87.9052963256836,87.00217976769576,87.29173143849037,86926200
2006-06-01,88.74637603759766,88.891154530706,87.7398536103042,87.81568796014203,73721700
2006-06-02,88.93247985839844,89.22891640861684,88.46369354101259,89.10482962556587,91702600
2006-06-05,87.63645935058594,88.83601291228884,87.39516533705172,88.82912270482241,86105100
2006-06-06,87.4227294921875,87.81568690950961,86.69886333380447,87.69849028287135,130498600
2006-06-07,86.7678451538086,88.0018712265121,86.71958738603593,87.49171693010075,108599400
2006-06-08,86.69197082519531,87.20902035297978,85.39590190237418,86.57477419455878,204957200
2006-06-09,86.41621398925781,87.52614744726021,86.37485170824158,87.11250885799784,94972200
2006-06-12,85.47860717773438,86.81604333766568,85.36141057353589,86.78157127304326,95815900
2006-06-13,84.48589324951172,86.06461314748353,84.48589324951172,85.30627490721461,185688800
2006-06-14,85.14079284667969,85.23041284039545,84.341087328485,84.6857868946659,163566400
2006-06-15,86.94705200195312,87.11250638101349,85.38900792501005,85.45105134477024,134057000
2006-06-16,86.31343078613281,86.9435541605724,86.18186430097629,86.75659598745949,94253500
2006-06-19,85.63481140136719,86.88814248573517,85.55172124707286,86.83274552757582,95804400
2006-06-20,85.9256820678711,86.42424438396752,85.66948024867249,85.87029036393062,65494700
2006-06-21,86.56271362304688,87.04049797864162,85.83564289334967,85.86334137936106,75008200
2006-06-22,86.181884765625,86.5973515801568,85.89105852374747,86.52118204781546,74566100
2006-06-23,86.16803741455078,86.76354178063437,85.88413183592964,86.09186788286935,54107000
2006-06-26,86.54888916015625,86.59736020529691,86.03648021396243,86.2372903389588,37899600
2006-06-27,85.8010482788086,86.75662254614555,85.70410090857823,86.56273837157987,69780200
2006-06-28,86.38270568847656,86.39655229475122,85.62101555262265,85.99493731741228,62368100
2006-06-29,88.12763977050781,88.18303674335398,86.67350357244544,86.69427611652623,110634800
2006-06-30,88.13459777832031,88.39773085360068,87.91301508926465,88.31463536409929,54227800
2006-07-03,88.49467468261719,88.64008254693267,88.15537205605396,88.23846754718237,23914000
2006-07-05,87.98917388916016,88.2523016493608,87.60832621247083,88.14151295983588,69653400
2006-07-06,88.24536895751953,88.52926922811686,87.9960878363895,88.07917802146841,50100300
2006-07-07,87.67066955566406,88.32849175080446,87.44908684207427,88.072289874967,81626500
2006-07-10,87.83680725097656,88.23842735071946,87.53213448819378,87.89913016166908,60964100
2006-07-11,88.224609375,88.224609375,87.20671219464009,87.67065007265732,73640800
2006-07-12,87.28289794921875,88.2176998230428,87.0543892983211,88.04458816926248,82561300
2006-07-13,85.86334991455078,87.02666002793674,85.86334991455078,86.86739503827619,102405700
2006-07-14,85.53096771240234,86.04338179646125,85.05318334070715,85.9533603931542,103242500
2006-07-17,85.40634155273438,85.9326023274622,85.27478032126272,85.53098212351341,81159000
2006-07-18,85.8425521850586,85.89794914633625,84.74848597307772,85.66251470237877,122771000
2006-07-19,87.03358459472656,87.42827880822678,85.66946442157509,85.9879891129133,133565300
2006-07-20,86.43810272216797,87.45599997966235,86.32038807845785,87.33135939133757,112259800
2006-07-21,85.82874298095703,86.68738045887642,85.73872683632977,86.65968196446472,101560000
2006-07-24,87.39368438720703,87.46985393552492,86.16805623482088,86.16805623482088,92884000
2006-07-25,87.7052993774414,88.14846483178829,87.05439780507928,87.23443542182923,95480700
2006-07-26,87.82299041748047,88.25230386421661,87.37289913817376,87.65679945460113,84525800
2006-07-27,87.7398681640625,88.4184678480572,87.38671907938435,88.2038059072412,87257100
2006-07-28,88.61930847167969,88.73009716839395,87.84376646288895,87.96840704853483,82137000
2006-07-31,88.52928161621094,88.60545115182293,88.25230196698071,88.39772037711082,49593100
2006-08-01,88.09303283691406,88.2038215150188,87.66371416225948,88.17612302475591,65225600
2006-08-02,88.68855285644531,88.95168591900944,88.3215570407088,88.34232959134329,64770900
2006-08-03,88.92398071289062,89.01400214145809,88.04457595815062,88.1761372043722,63693800
2006-08-04,88.77162170410156,89.6233277729156,88.2730647599635,89.38097788518114,96294200
2006-08-07,88.56390380859375,88.68854438344066,88.21768057656871,88.56390380859375,45377300
2006-08-08,88.224609375,88.95168029895635,87.90607934223712,88.69546791415962,90901300
2006-08-09,87.9268798828125,89.04864538244121,87.67067271479425,88.75780848503021,78910600
2006-08-10,88.19691467285156,88.28693081809907,87.44214522303857,87.64988129108374,69322300
2006-08-11,87.94761657714844,88.07917779750439,87.51829791786136,88.05840525128748,47482200
2006-08-14,88.01686096191406,88.74393178381938,87.88529445741106,88.37693075983452,57839000
2006-08-15,89.06938171386719,89.23556208377872,88.56389352928413,88.80624870698287,68143000
2006-08-16,89.810302734375,89.94186925083201,89.35328554012253,89.54718026735532,71737600
2006-08-17,90.0388412475586,90.27427058370775,89.66492468813922,89.72724235372614,70992800
2006-08-18,90.49580383300781,90.49580383300781,89.73410871709034,90.14958070138923,58288400
2006-08-21,90.10806274414062,90.21192548853861,89.8795541405704,90.14267661501019,42133600
2006-08-22,90.10111236572266,90.37809723506692,89.79643429239017,90.01110152834163,60839900
2006-08-23,89.85184478759766,90.32271385339534,89.45715581748944,90.14267101975476,66592100
2006-08-24,89.77569580078125,90.08730521772678,89.60258415398769,90.01113567050176,57983000
2006-08-25,89.88650512695312,90.19118336783733,89.70647278729348,89.76879045495664,41756000
2006-08-28,90.31578826904297,90.585852536375,89.76876020517048,89.77568086616823,52681500
2006-08-29,90.41969299316406,90.59280467130247,89.88650606604622,90.35737532484984,61817800
2006-08-30,90.47504425048828,90.73816668340321,90.39887472798563,90.62045206969782,50052200
2006-08-31,90.46121978759766,90.70358031427442,90.41967468380076,90.60663821678295,37510300
2006-09-01,91.00128173828125,91.11207567023713,90.59966165935936,90.80739764030392,48794500
2006-09-05,91.17442321777344,91.29906907360471,90.84897253952346,91.0636292494555,52348300
2006-09-06,90.3711929321289,90.82128951669193,90.2465576282132,90.78666507697238,53795600
2006-09-07,89.95570373535156,90.41272084118877,89.56793548769295,90.05956645672715,86269400
2006-09-08,90.21195220947266,90.33659810556522,89.90035331808792,90.07346498729031,45096300
2006-09-11,90.30192565917969,90.49580978035677,89.65794509778341,89.92107807619179,68496600
2006-09-12,91.18826293945312,91.29212566721043,90.27422867161704,90.40579517070492,69875600
2006-09-13,91.55524444580078,91.71450412559145,91.07053418172622,91.15362435102719,62898400
2006-09-14,91.56221008300781,91.56914131111529,91.22983867664072,91.37525711024311,57805400
2006-09-15,91.77713775634766,92.07619425097914,91.58239021436816,92.02055361218025,76703100
2006-09-18,91.90229034423828,92.07616330240525,91.56149552578027,91.65886395785925,64154100
2006-09-19,91.67277526855469,91.8953377453073,91.1581181126995,91.8883760351819,92089100
2006-09-20,92.15962219238281,92.34045686719742,91.84665297906369,91.97879812993173,75204100
2006-09-21,91.71453094482422,92.32656732948155,91.40156165262125,92.22919886941027,88932500
2006-09-22,91.4363021850586,91.582349511175,91.10942021012491,91.57539841405203,65966800
2006-09-25,92.13874816894531,92.39608734430365,91.14420001611913,91.61712933323196,92299100
2006-09-26,92.90382385253906,92.91773666418402,92.08313776334009,92.15269120919903,73962700
2006-09-27,93.01509857177734,93.1750587511511,92.6882165015146,92.84122558173823,82432200
2006-09-28,92.98031616210938,93.18896585986268,92.69516192892533,93.01509288046233,58597500
2006-09-29,92.90382385253906,93.15420140031907,92.8342704066801,93.05683294353605,47966600
2006-10-02,92.5560531616211,93.07767202934053,92.46563582859356,92.87597345756572,51687400
2006-10-03,92.75080108642578,93.10549813833204,92.25699716331144,92.42391904134254,73108100
2006-10-04,93.8357162475586,93.89135684361563,92.55601437532279,92.6603338602056,80890500
2006-10-05,94.01658630371094,94.17655707541223,93.71752989223803,93.83576223717131,60505900
2006-10-06,93.89834594726562,93.96094827589447,93.47409551641375,93.85661813642166,64983600
2006-10-09,93.95397186279297,94.10002979025285,93.64100271807747,93.78706064553735,41176800
2006-10-10,94.07915496826172,94.2043383666733,93.78008805145629,93.96092266564189,56403700
2006-10-11,93.9678955078125,94.19044736061237,93.40454885986874,93.7801097543771,104071800
2006-10-12,94.78167724609375,94.8581818134595,94.16964070716774,94.20441744003743,59158600
2006-10-13,95.02508544921875,95.08072608861261,94.6147370602349,94.69820332550911,53944000
2006-10-16,95.17108917236328,95.31714711029905,94.87898390885374,94.94853732927305,42273000
2006-10-17,94.8720474243164,95.073735394818,94.35737962608354,94.91377523805028,90500600
2006-10-18,94.99720001220703,95.53968263928643,94.65641590248497,95.3101691259282,86848600
2006-10-19,95.15022277832031,95.19891229381187,94.7468362976426,94.85811752245613,64063200
2006-10-20,95.17108917236328,95.24759368987974,94.81639219789355,95.17108917236328,48094500
2006-10-23,95.60926055908203,95.83877413128043,94.85812812616807,94.97636046111337,66219900
2006-10-24,95.89441680908203,95.92918291065263,95.43538965482837,95.4771174666036,53234900
2006-10-25,96.22128295898438,96.26301076388218,95.63706185333102,95.79703258858777,78105400
2006-10-26,96.5203857421875,96.67339484200589,95.96398998033575,96.436930092238,66843700
2006-10-27,95.9153060913086,96.49951683545271,95.7205691765939,96.40214837809536,80238000
2006-10-30,95.84573364257812,96.11697504946603,95.56057942672155,95.7414141062227,49717800
2006-10-31,95.83183288574219,96.15871495725072,95.45627189526705,96.02658039870411,71274100
2006-11-01,95.18499755859375,96.19345843366963,95.08762914194563,96.13086672561616,83005600
2006-11-02,95.12939453125,95.28935471914903,94.83728916589999,94.94160872053725,60693100
2006-11-03,94.96245574951172,95.55362808700234,94.32260449929949,95.47017245812886,71346400
2006-11-06,96.03351593017578,96.17261217771568,95.24760674364835,95.25456845406157,63303300
2006-11-07,96.40211486816406,96.6594434276526,95.97786446307194,96.11696069489379,63318900
2006-11-08,96.61079406738281,96.70816252067135,95.18503337737066,95.9778938148246,87517800
2006-11-09,96.10302734375,96.77070397107069,95.90829053835647,96.68028666415228,95916300
2006-11-10,96.14482116699219,96.21436400193548,95.78316234324235,96.0752677196828,48991500
2006-11-13,96.38127136230469,96.70119170196722,96.02657430423592,96.10306822741934,59398200
2006-11-14,97.1045913696289,97.18805762752083,96.06135335109016,96.65252580654182,96704000
2006-11-15,97.38276672363281,97.68182310958316,97.04197191447653,97.06979752994714,76509600
2006-11-16,97.63318634033203,97.84182548459758,97.01419878348685,97.67491416918514,76728800
2006-11-17,97.66095733642578,97.66790843397905,97.18106629618285,97.3201625337871,56353800
2006-11-20,97.71660614013672,97.88352800666328,97.32713239727164,97.5775098908797,69174200
2006-11-21,97.81391906738281,97.83478296231311,97.57049281005244,97.70959959273125,51367900
2006-11-22,98.00874328613281,98.17566520688516,97.71663788409145,97.89051090523752,45505300
2006-11-24,97.61229705810547,97.95308131342004,97.50796690071888,97.53579252096786,30998000
2006-11-27,96.26996612548828,97.61227071254825,96.24215112511129,97.56358119643622,84545100
2006-11-28,96.68730926513672,96.78467772915532,96.05440894283248,96.144826306695,106652900
2006-11-29,97.69574737548828,97.73747519122533,96.72901406557811,97.00025548023308,90034900
2006-11-30,97.73750305175781,98.09916191184503,97.20197116829348,97.67491131031016,83994300
2006-12-01,97.5218505859375,97.82786864309561,96.65248592917537,97.73745132283666,126080000
2006-12-04,98.2660140991211,98.44684872654636,97.52879462154023,97.54270742650235,87813200
2006-12-05,98.69032287597656,98.73206131557458,98.24520836490119,98.45385811342307,73374400
2006-12-06,98.60682678222656,98.80852534761442,98.41208992676685,98.66941849740375,53253200
2006-12-07,98.17562103271484,98.9684812278984,98.14084432166003,98.78069547809217,62857400
2006-12-08,98.35649871826172,98.6903319792696,97.91138416612854,98.15481066391914,79625500
2006-12-11,98.64163970947266,98.82246382382542,98.30084478111942,98.35648541915872,39779400
2006-12-12,98.56510925292969,98.66942878910604,97.98784972390503,98.54424534569442,77451600
2006-12-13,98.6694107055664,98.99629267549506,98.45380996207345,98.91978815886577,55520200
2006-12-14,99.5387954711914,99.62226171403867,98.64856670482314,98.66247951402501,64755200
2006-12-15,99.54788970947266,99.9325436686191,99.47795941694147,99.75770193005188,70857400
2006-12-18,99.27510070800781,99.92551728672305,99.13522950261937,99.68772449892487,48954600
2006-12-19,99.46395111083984,99.70173327115172,98.74360413187148,98.99537661675787,65023600
2006-12-20,99.40795135498047,99.7716249137475,99.31703029741729,99.50586223563094,41469600
2006-12-21,99.04434204101562,99.61082755161999,98.83454049745293,99.4989369522174,48698400
2006-12-22,98.43590545654297,99.06533148926624,98.37995481584635,99.05834166098924,62069100
2006-12-26,99.01632690429688,99.0373070490855,98.4568314764623,98.47781162125092,32696900
2006-12-27,99.66674041748047,99.72969152818595,99.19117620363421,99.21914617501226,39727100
2006-12-28,99.45695495605469,99.79963785014381,99.30309340999786,99.5968261784272,37288800
2006-12-29,99.04434204101562,99.68775834142382,98.91146061576423,99.35206520023097,45461200
2007-01-03,98.86945343017578,99.91151351226728,98.30996868395316,99.48489945680566,94807600
2007-01-04,99.07930755615234,99.34507039333484,98.3379803487401,98.77158441236038,69620600
2007-01-05,98.28902435302734,98.89048034400898,98.17713375375759,98.84153020773331,76645300
2007-01-08,98.74363708496094,98.89749869215491,98.08623033994925,98.48487468717762,71655000
2007-01-09,98.65970611572266,99.03036976562909,98.19112084286634,98.82754736308053,75680100
2007-01-10,98.98838806152344,99.00937888666314,98.12117992011372,98.31700180181863,72428000
2007-01-11,99.42202758789062,99.74373047167552,98.96044274959594,99.01639339710088,54476800
2007-01-12,100.17733001708984,100.17733001708984,99.38704191512636,99.41501189885821,55370600
2007-01-16,99.98149108886719,100.31718419394443,99.82062902745211,100.05842187039441,44871300
2007-01-17,100.02346801757812,100.3311911948325,99.82064561825449,99.90457691209225,50241400
2007-01-18,99.68777465820312,100.19131978815837,99.52692322464624,100.12837931478754,68177300
2007-01-19,99.88357543945312,100.0793972974605,99.63180295465925,99.68774290995486,56973000
2007-01-22,99.57588958740234,100.07943474540777,99.26116586002777,100.05845458644878,60253600
2007-01-23,99.86956024169922,100.06538205093585,99.3520250764377,99.49189627282269,54064400
2007-01-24,100.67388153076172,100.69486168787897,99.94654451721134,99.98850483144582,55834700
2007-01-25,99.49197387695312,100.65292598832337,99.31713207722254,100.61096566382749,73583800
2007-01-26,99.4010009765625,99.76466400815401,99.01634712440816,99.70872405828598,67255600
2007-01-29,99.34505462646484,99.86957971882053,99.12825262906294,99.44296555017829,66114600
2007-01-30,99.86258697509766,99.91154777650115,99.35205216691443,99.55487452774156,70407600
2007-01-31,100.53398895263672,100.79975178178886,99.58983939648483,99.75070146228308,91868600
2007-02-01,101.13546752929688,101.17043801540486,100.64591273826753,100.81375399719526,69312400
2007-02-02,101.27533721923828,101.37324817591374,100.9746145206972,101.2193865766389,49607000
2007-02-05,101.3033218383789,101.36626231195469,100.94663781179418,101.19841037759161,45705300
2007-02-06,101.33126068115234,101.42917161156457,100.93961695950341,101.38721130874376,57081300
2007-02-07,101.55504608154297,101.65994682092132,101.10745180771322,101.49209496642669,55669700
2007-02-08,101.42219543457031,101.4921257248527,100.89767023573627,101.25434352920612,70641000
2007-02-09,100.6668930053711,101.63901275986554,100.28223900075226,101.45018067187192,79084400
2007-02-12,100.32417297363281,100.73679685593032,100.14234143350797,100.66686657349366,65657000
2007-02-13,101.17042541503906,101.33826665306285,100.5409887579716,100.54798925721776,64081800
2007-02-14,101.83479309082031,102.03760475325609,101.25431740662168,101.26830772966579,66039400
2007-02-15,101.96772766113281,102.07262845994913,101.7089545715604,101.87680652116181,38715200
2007-02-16,101.91870880126953,101.93968894908528,101.5690254423548,101.71589714855425,39841800
2007-02-20,102.1355209350586,102.24742218219875,101.40818417162816,101.79982786512842,56911800
2007-02-21,102.09358978271484,102.156540921885,101.65299583748374,101.83482741238123,63971600
2007-02-22,102.01664733886719,102.40130127212743,101.5270926381233,102.14253893133969,79067400
2007-02-23,101.6180191040039,101.96070207683053,101.42918704109387,101.92574226682243,71966200
2007-02-26,101.5271224975586,102.07262799189262,101.23338959072451,101.98870735322438,69192800
2007-02-27,97.56173706054688,100.84876119280334,97.21205341516857,100.62496920894017,274466500
2007-02-28,98.56178283691406,99.29612029624776,97.77150541039644,98.18412936521017,177536300
2007-03-01,98.26805114746094,98.78558655771326,96.54761434167789,97.44979305619924,212828600
2007-03-02,96.98118591308594,98.37292958690843,96.97419608732432,97.94631544267568,162574000
2007-03-05,96.05805206298828,97.61763732820296,96.04406173637638,96.46367549130133,143750400
2007-03-06,97.7015609741211,97.99529381312345,96.31681739839769,97.05814465942645,143333300
2007-03-07,97.60364532470703,98.23308195351908,97.49174405671926,97.62462547851821,115144900
2007-03-08,98.42890930175781,98.72264214291528,97.96033472147144,98.28902737326038,117891600
2007-03-09,98.45689392089844,98.90448841274697,97.96733911286012,98.8275576092342,107765100
2007-03-12,98.60370635986328,98.84847828083275,98.02323076841128,98.20506225297329,80366900
2007-03-13,96.6874771118164,98.44988474592307,96.54060536251903,98.03725015098873,190605200
2007-03-14,97.40779876708984,97.46374938691086,95.6384017672719,96.81333276904479,231853800
2007-03-15,97.54070281982422,97.9043765974195,97.07212827537072,97.1910193683074,132435900
2007-03-16,97.26754760742188,98.03990664145769,96.97966735711611,97.81521648107763,121531600
2007-03-19,98.44012451171875,98.5314062316172,97.70287463010226,97.78011053605859,96161200
2007-03-20,98.98079681396484,99.03696936781176,98.2716384100585,98.3558918839193,82147400
2007-03-21,100.60974884033203,100.86251995267001,98.87547094996263,99.07206951357904,152368700
2007-03-22,100.5324935913086,100.8835639179392,100.25865916508937,100.74313793005018,118942200
2007-03-23,100.67994689941406,100.97484468536327,100.51142928723623,100.60271099972623,74416800
2007-03-26,100.54652404785156,100.8624851507994,99.76714761321252,100.75716835442162,113787500
2007-03-27,100.30780792236328,100.51845224801971,99.97780097872514,100.49036062389729,99864600
2007-03-28,99.5776138305664,100.03400106701872,99.18440598125339,99.80229331635545,152907900
2007-03-29,99.68291473388672,100.13228434746365,99.1352458521466,100.08312935647372,139432700
2007-03-30,99.70401763916016,100.29381348204662,98.6929329291714,99.87253532876527,128194100
2007-04-02,99.81636810302734,100.02701254784225,99.33890664719213,99.81636810302734,79416400
2007-04-03,100.89063262939453,101.09424878639298,100.34296355738998,100.38509029926412,82417800
2007-04-04,101.0029525756836,101.07316022336803,100.51847373724469,100.8906074828072,63995200
2007-04-05,101.27679443359375,101.41722045302726,100.83444229425065,100.87656902869885,46822800
2007-04-09,101.417236328125,101.6700074881996,101.21360946132646,101.5646799217734,50967400
2007-04-10,101.53659057617188,101.7051082401825,101.29786525418797,101.3399919917358,56620000
2007-04-11,101.12234497070312,101.71214081110324,100.78530959291373,101.68405988653124,106365700
2007-04-12,101.57171630859375,101.75426910564617,100.64488507627897,100.92574789538392,115534400
2007-04-13,102.03508758544922,102.03508758544922,101.36102782633075,101.74017907508612,84287000
2007-04-16,103.0040512084961,103.11639630562159,102.38617460194214,102.39319215283068,83064600
2007-04-17,103.27789306640625,103.49555501150377,102.96894938414438,103.1936395944508,108424100
2007-04-18,103.40424346923828,103.70615876798583,102.91274721905928,102.93381057879448,88345300
2007-04-19,103.3761978149414,103.49556047778894,102.76533868336307,102.89874716355132,102947700
2007-04-20,104.35216522216797,104.35216522216797,103.24278144109907,104.07131317974337,124114100
2007-04-23,103.95894622802734,104.42937919281715,103.89575613883537,104.17660812223285,77270800
2007-04-24,104.00105285644531,104.19765134959512,103.43934899819695,104.07828874402662,114471000
2007-04-25,104.95598602294922,105.08237691674627,103.93086662816339,104.42938051206407,108418800
2007-04-26,105.0753402709961,105.18066779306085,104.68917149820577,104.963005913469,88741600
2007-04-27,104.9910659790039,105.13852019509206,104.50658732961742,104.6821224510581,108191100
2007-04-30,104.12043762207031,105.13855018791367,104.06427579534397,105.06833183378082,100874100
2007-05-01,104.38726043701172,104.94897516051194,103.68511971109075,104.21172525553148,134342700
2007-05-02,104.99810028076172,105.28598049717492,104.44341392257934,104.54873072672306,87129800
2007-05-03,105.56687927246094,105.60197774330368,105.13154466753032,105.30006232561497,86569700
2007-05-04,105.96711730957031,106.1075433653155,105.47562075755151,105.84775462649584,96409000
2007-05-07,105.98809814453125,106.16363325597095,105.88979891067753,105.93895388451087,63461400
2007-05-08,105.84772491455078,105.96708756411961,105.41240104979173,105.72836226498195,80584000
2007-05-09,106.1356201171875,107.30117657264122,105.58092281114226,105.77050385240757,102070100
2007-05-10,105.0262222290039,106.0373066959787,104.8085602950504,105.83367986408658,153617800
2007-05-11,105.92498016357422,105.97412445704003,105.12453993921756,105.14560330982007,113408900
2007-05-14,105.69327545166016,106.23392697845311,105.17368729608323,105.92498324885713,108027500
2007-05-15,105.72132873535156,106.48665951540744,105.45451184498407,105.8125997395694,180673300
2007-05-16,106.44454956054688,106.46561292744042,105.58793692748148,105.88283477780948,114166500
2007-05-17,106.23387145996094,106.69728681217111,106.10046303609907,106.29004399178777,101132800
2007-05-18,107.16072082519531,107.16072082519531,106.5919885160447,106.73241452719753,99182000
2007-05-21,107.1045150756836,107.5889937707182,107.07643416768524,107.13260669749651,174664600
2007-05-22,107.0202865600586,107.53987454645033,106.99220564552094,107.21688510327341,82148800
2007-05-23,107.03433227539062,107.77859971884752,106.97815973255013,107.39242018295468,133786600
2007-05-24,106.06537628173828,107.57498526988093,105.84069682075916,107.09752400534732,187593000
2007-05-25,106.50776672363281,106.73947453215449,106.14966796781702,106.37435822353055,83309200
2007-05-29,106.89393615722656,107.07648893712775,106.33923883774746,106.6832917411436,82020000
2007-05-30,107.76454162597656,107.80666834985276,106.26196109610264,106.34622525767087,129013600
2007-05-31,107.6522445678711,108.05245929718315,107.51180782120205,107.89798744690283,114866700
2007-06-01,108.18584442138672,108.41052388267471,107.78561906466199,108.04541841885457,107771700
2007-06-04,108.19991302490234,108.40352916438711,107.76457839739989,107.80670513565056,78008800
2007-06-05,107.7715835571289,108.05945311139676,107.3292314726966,107.94711873808558,126917900
2007-06-06,106.61308288574219,107.39245979517842,106.54989276942004,107.32926967885628,164096800
2007-06-07,104.6891860961914,107.07646026912369,104.66109446753073,106.41644627522129,232414600
2007-06-08,106.05137634277344,106.156703925453,104.68220347851407,105.02625643981898,175886000
2007-06-11,106.23387145996094,106.69025854955841,105.81258282816715,105.97407216103495,102015600
2007-06-12,105.0753402709961,106.40238562401265,105.00513263676862,105.79152670853675,233898000
2007-06-13,106.64817810058594,106.7745690304873,105.12453367284492,105.67220270350502,193208200
2007-06-14,107.32923889160156,107.51179163544087,106.74646076488406,106.76752413094945,146396500
2007-06-15,107.9399185180664,108.35596446822424,107.84118480786498,107.98927461317254,154030800
2007-06-18,107.81299591064453,108.16557945548409,107.65081049281717,108.15853165818582,88537500
2007-06-19,108.08099365234375,108.15856248471636,107.43928883544288,107.57327234226823,110851700
2007-06-20,106.57894134521484,108.29955056934475,106.45201644835016,108.29955056934475,177119700
2007-06-21,107.17130279541016,107.26297797012036,105.95136661194532,106.5366566504855,205262000
2007-06-22,106.16287994384766,107.02318443072518,105.6692652612113,106.84689270406983,204964700
2007-06-25,105.65519714355469,106.65653322210973,105.08401346409694,105.94431826229157,232014400
2007-06-26,104.56919860839844,106.09942030494813,104.56215081274372,105.92312857363989,198445700
2007-06-27,106.05709075927734,106.17697859350113,104.40700289986657,104.45636974454605,213638000
2007-06-28,106.04302215576172,106.76934334093858,105.54234882656459,106.04302215576172,157705000
2007-06-29,106.07830810546875,106.93861304251492,105.17569485348567,106.40973758580614,199701800
2007-07-02,107.03729248046875,107.12896763219801,106.31802989919004,106.3885401420635,103357000
2007-07-03,107.4251480102539,107.53797732295888,107.17834599370671,107.31231869754895,54048400
2007-07-05,107.31233978271484,107.58030676304153,106.92450642908109,107.46747742816738,89279000
2007-07-06,107.87651062011719,108.01049415365522,107.13608266530245,107.45341661736668,81109000
2007-07-09,107.96104431152344,108.14438381089805,107.62255649115099,108.00335259907206,72348100
2007-07-10,106.42383575439453,107.61557008006956,106.31806497519173,107.38991140443973,180362600
2007-07-11,107.1783447265625,107.22065302832779,106.1417482933314,106.30393370343015,175607600
2007-07-12,108.87078857421875,109.1246492549048,107.4251933303121,107.44634749036926,133882500
2007-07-13,109.19514465332031,109.62529707347214,108.87076300861668,108.99769869915201,111794300
2007-07-16,109.18099975585938,109.67461446703484,109.00470801901145,109.29382904984054,98378700
2007-07-17,109.1246337890625,109.63940287749728,109.07526691592568,109.25155873141689,126201300
2007-07-18,108.92713928222656,109.15984566618862,108.10209524453948,108.75789534116497,237887400
2007-07-19,109.35027313232422,109.67464398984383,109.12461448361789,109.44193754336415,145212700
2007-07-20,108.24317169189453,109.29387475650967,107.77071093075836,109.22335372828114,245502500
2007-07-23,108.57455444335938,109.103429647535,108.10209388549505,108.72263347493215,121183900
2007-07-24,106.69175720214844,108.79315161201684,106.31096103955893,107.9751554020033,256732400
2007-07-25,106.91036987304688,107.46039927519347,105.95134231751024,107.19949092699419,265214500
2007-07-26,104.37882995605469,106.33919349805369,103.22940421912895,105.90904116632036,467592500
2007-07-27,102.32677459716797,104.97819840510188,102.28446630257227,104.51279640455579,422987600
2007-07-30,103.92749786376953,104.23071445634072,102.45369091199277,102.90499728325656,283017500
2007-07-31,102.75696563720703,105.39429484887755,102.27744634417712,104.59745246663536,316976700
2007-08-01,103.25763702392578,103.66663532714132,101.50882522672715,102.37617794630572,467670000
2007-08-02,104.08267974853516,104.19549831938664,102.43258037486535,103.49033114157812,294758400
2007-08-03,101.40306854248047,104.0686003030714,100.97996382238668,103.85704794302451,359398200
2007-08-06,103.10247802734375,103.53967815053356,100.50745771551922,101.69214394222035,324980000
2007-08-07,104.2025375366211,105.0698899915378,102.41140721183916,102.91208054955244,232568700
2007-08-08,105.65519714355469,106.19112031292306,103.89932703707608,104.65386106499963,274930600
2007-08-09,102.52418518066406,105.034576888981,102.45366420728848,103.96272050161326,357622100
2007-08-10,102.04472351074219,103.30696773363601,100.92349977890399,101.81906490106577,411018400
2007-08-13,102.41142272949219,103.58200278715277,102.26334365279833,103.30698802758161,181917200
2007-08-14,100.84595489501953,102.99671695362892,100.64146114649478,102.74285633753081,264134500
2007-08-15,99.45672607421875,101.86840612841634,99.16055729352601,100.64141195698178,323834000
2007-08-16,100.20426940917969,100.7966073101605,96.60791217037098,98.57532404148517,546743700
2007-08-17,102.04472351074219,102.82040077151666,99.70356385532578,102.60180071838936,388218100
2007-08-20,101.99533081054688,102.58062057609594,101.0433512771856,102.36906837312765,187320400
2007-08-21,102.19986724853516,102.9332470912164,101.64278994880313,101.96717156383454,157066400
2007-08-22,103.41273498535156,103.51851649005874,102.48192015189578,102.96142854125299,173156700
2007-08-23,103.32109832763672,104.11792992501935,102.67939361080862,103.89932982060472,203915300
2007-08-24,104.59741973876953,104.59741973876953,103.1518252735669,103.29285651797818,128901900
2007-08-27,103.62428283691406,104.59741668694913,103.46914524458981,104.25893955823891,113024300
2007-08-28,101.34661102294922,103.13068282921219,101.16327146040676,103.0672203760239,219790700
2007-08-29,103.33517456054688,103.47621657825366,101.51585304407617,101.80496335638647,207654200
2007-08-30,103.06016540527344,103.7935452009542,102.46782763491304,102.56655059663977,191817300
2007-08-31,104.07559967041016,104.71730425192851,103.53967659968872,104.11790797073093,185477500
2007-09-04,105.12632751464844,105.76097369093586,103.941641022915,103.97690153493042,120062000
2007-09-05,104.21663665771484,104.61858705286325,103.65955940618849,104.50575773913785,166261800
2007-09-06,104.45640563964844,104.7948828337914,103.74417998447753,104.32946996684733,127878400
2007-09-07,103.00370788574219,103.58193900055738,102.43251380453555,103.29281806315467,235447600
2007-09-10,102.80633544921875,103.46214663033474,101.776797221659,103.32111532299767,192305900
2007-09-11,104.00508880615234,104.15316785639651,103.04606121792305,103.12363002138258,162081900
2007-09-12,104.2730712890625,104.67502176120828,103.6454729062365,103.86407301845713,149554600
2007-09-13,105.00639343261719,105.38717877987497,104.50572025752741,104.75253294778142,154079000
2007-09-14,104.99935913085938,105.13334257880246,104.18137361077576,104.33651120734204,121911000
2007-09-17,104.43527221679688,104.82310558956837,104.10384275424809,104.58335131112828,109870800
2007-09-18,107.5097885131836,107.53799046480856,104.456413459934,104.95002831334688,263759500
2007-09-19,108.14448547363281,108.8708071193176,107.68613091431783,108.1797459997344,193779900
2007-09-20,107.38282012939453,108.19375780161673,107.26294304150042,108.1302953597893,175186800
2007-09-21,107.6726303100586,108.48741524577206,107.50967548512415,108.19693337811708,141457500
2007-09-24,107.4742660522461,108.2748886605992,107.24045562296484,107.99147716554172,139450200
2007-09-25,107.26168060302734,107.45298195814273,106.609850560418,106.85074215661359,142289900
2007-09-26,107.8285140991211,108.23945262736952,107.26170196322525,107.87102311738087,135547000
2007-09-27,108.46612548828125,108.47321752904395,107.82846885982786,108.33859848700568,102713300
2007-09-28,108.10481262207031,108.53700557586527,107.67970089960176,108.29611397828518,133372100
2007-10-01,109.323486328125,109.6423148067113,108.04816160273649,108.1190171806638,148162300
2007-10-02,109.17469024658203,109.57145552305236,108.97630760834687,109.54311977946575,112978800
2007-10-03,108.95500183105469,109.40136796257562,108.40944442708886,108.97625633150446,119055900
2007-10-04,109.12506103515625,109.2950970580594,108.82039514238964,109.18882454374493,76864400
2007-10-05,110.4216079711914,110.59873598474093,109.55722240018682,109.84062289745167,134579700
2007-10-08,109.83353424072266,110.16653574855741,109.65640623915249,110.09568022351523,71280400
2007-10-09,110.86803436279297,110.88220764006263,109.84069338712237,110.24455070648582,94054300
2007-10-10,110.68378448486328,110.83965804464076,110.1098912925185,110.55624665820946,101711100
2007-10-11,110.15235900878906,111.60481073808299,109.49343724198219,111.186780451169,233529100
2007-10-12,110.76172637939453,110.7758996521303,110.0107050899899,110.1453241533812,124546700
2007-10-15,109.82646942138672,110.78296519134113,109.06836700851387,110.71920168962095,161151900
2007-10-16,108.95500183105469,109.47930473457075,108.73536478571513,109.40136796257562,166525700
2007-10-17,109.28804016113281,109.88318799588545,108.02688892561537,109.80525119768869,216687300
2007-10-18,108.8912582397461,109.24551439339949,108.45906529984737,108.72121139401813,148367500
2007-10-19,106.04305267333984,110.86802052692474,106.03597144111018,108.46616385399757,297169900
2007-10-22,106.65946197509766,106.81533558264765,105.32746588927363,105.46916622039844,261989800
2007-10-23,107.52384185791016,107.65846094859194,106.4539919868229,107.31129677898276,180085100
2007-10-24,107.32546997070312,107.50969013890848,105.45499741189728,107.13417938054903,326694200
2007-10-25,107.58055114746094,107.8993796569061,106.1918724984415,107.44593202299546,237374500
2007-10-26,108.84169006347656,108.84169006347655,107.62304766194698,108.44492478131215,176484000
2007-10-29,109.20301055908203,109.4226476549878,108.79207210404786,109.06129944207412,106841000
2007-10-30,108.44490051269531,108.93377577275908,108.31028143400637,108.72121990172604,132981600
2007-10-31,109.5713882446289,110.0106730833163,108.28898311665162,109.09668645096548,220954400
2007-11-01,107.0066146850586,108.69287746399061,106.69486753489906,108.60784863419435,333040800
2007-11-02,107.12706756591797,107.69387962086752,105.71713487678979,107.36087794399869,331228200
2007-11-05,106.31230163574219,107.09875093466589,105.54710684670486,106.02180891923824,226841000
2007-11-06,107.74345397949219,107.77178971025042,106.20597301266683,106.88614947228275,177800500
2007-11-07,104.79603576660156,107.07744577767946,104.54097095756684,106.58857065944312,306639700
2007-11-08,104.26473236083984,105.1432811967995,102.78394340064354,104.85279920387029,374509900
2007-11-09,102.83345794677734,104.53388286385399,102.6563299007886,103.22314181016014,277745100
2007-11-12,101.81324768066406,103.87502172307197,101.81324768066406,102.8831085124856,243087800
2007-11-13,104.9165267944336,105.0794816337946,102.89018071827411,102.99645326328299,191117400
2007-11-14,104.62600708007812,105.85173029726764,103.99543158338116,105.72420327617898,230558800
2007-11-15,103.11688995361328,104.49849778264019,102.39421508946157,103.84666767187366,263111100
2007-11-16,103.29405212402344,103.77584633674692,102.42967665695554,103.66248172068907,308770600
2007-11-19,101.8557357788086,102.98935991035668,101.45188934425923,102.93267762267519,267746000
2007-11-20,102.47919464111328,103.10977000800436,100.68665980676994,102.03992057751462,414767500
2007-11-21,100.38203430175781,101.96202477956048,100.37495306954509,101.37395817465801,259012400
2007-11-23,102.11785888671875,102.2666403829417,101.10468089794348,101.3668377430176,77688400
2007-11-26,99.86481475830078,102.64927394866625,99.65935093121436,102.33043473854089,214232000
2007-11-27,101.01262664794922,101.4802366553259,99.86482911082638,100.42456000861196,293897900
2007-11-28,104.24343872070312,104.48433035556982,102.12498263386027,102.1604104180564,258596900
2007-11-29,104.27882385253906,104.66142650736336,103.51364016496761,103.8820587371943,199409900
2007-11-30,105.32746124267578,106.18475523533827,104.38513840625569,105.5966886166231,222908000
2007-12-03,104.63312530517578,105.17868298070198,104.35680585074829,104.99447361476474,146430400
2007-12-04,103.69791412353516,104.53395387926956,103.66248632806186,103.91047008532968,136533900
2007-12-05,105.43374633789062,105.710065788161,104.7394070956036,104.8102518609552,171130000
2007-12-06,106.94284057617188,107.1341419104612,105.26367000585154,105.30617901101829,154457400
2007-12-07,106.92163848876953,107.33965832588308,106.666573521692,107.28297602086093,148980100
2007-12-10,107.7505874633789,107.8710332968285,106.88620130705289,107.1837752739948,123914300
2007-12-11,104.79603576660156,108.32442328238389,104.73935349670079,107.79303916448136,250346400
2007-12-12,105.83048248291016,107.53091854884643,104.29301203560685,107.02787004144224,322435600
2007-12-13,105.6108627319336,105.84467313480243,104.36388472767499,105.08657044462942,237551300
2007-12-14,104.2717514038086,105.6391857318968,104.2221611657334,104.81021684697647,159152900
2007-12-17,102.78392791748047,104.05924194673645,102.63513551484364,103.87503256298808,177269400
2007-12-18,103.35778045654297,103.78288136091297,101.99743810268693,103.5136540314573,245569300
2007-12-19,103.35778045654297,104.07337400607514,102.69177714755261,103.40028946587596,198917200
2007-12-20,104.0096206665039,104.05212967999523,102.86182324703304,104.03795640515109,214813800
2007-12-21,105.50896453857422,105.71551885123503,104.76819480206618,104.9676302999523,146084400
2007-12-24,106.29240417480469,106.47047226972187,105.75819989005316,106.00038075913515,45601400
2007-12-26,106.52035522460938,106.61294325967413,105.77246692118047,105.87930344949207,67093100
2007-12-27,105.18128967285156,106.14998080799322,104.93200079306222,106.14286199488505,122981700
2007-12-28,104.91777038574219,105.85084587936677,104.63285478604307,105.80098157376236,116398100
2007-12-31,104.14140319824219,105.1385806974142,104.03455576506114,104.77532550880574,108126800
2008-01-02,103.22966003417969,104.69695068174221,102.48178251823529,104.36930051210355,204935600
2008-01-03,103.1798324584961,103.62856777523461,102.6171417601454,103.21544827018356,125133300
2008-01-04,100.65126037597656,102.16840480854346,100.36635562387538,102.09717318630835,232330900
2008-01-07,100.5657958984375,101.30655481012023,99.78942117394634,101.00740154568565,234991000
2008-01-08,98.94178771972656,101.78374838753841,98.60701873419018,101.19969051747347,326365700
2008-01-09,99.9817123413086,100.28086556188333,98.07994559510013,99.070004182866,301824900
2008-01-10,100.63697052001953,101.71250888429985,99.26940870879248,99.49021143119263,335701200
2008-01-11,99.82502746582031,101.07150485199998,99.00591810227036,100.27376280273948,267076600
2008-01-14,100.62987518310547,101.042994608143,100.00307179774954,100.5444059463452,170365500
2008-01-15,98.41474151611328,100.77949267030435,98.22242479732749,99.56862009198494,239940100
2008-01-16,97.56713104248047,99.09139449256817,97.06854222580152,97.83779820085807,378802600
2008-01-17,95.03854370117188,98.2081659961857,94.68240734159002,98.15830168900304,397892600
2008-01-18,94.062744140625,96.17107640874795,93.37896833958324,95.97164089440906,348561500
2008-01-22,93.1082763671875,94.32625644290775,89.74634878145636,90.60819798669705,435923700
2008-01-23,95.34481811523438,95.5798693957972,90.3446610296666,90.52272919357011,511913000
2008-01-24,96.14967346191406,96.4844424230102,94.95304995091983,95.78640751309007,259949300
2008-01-25,94.7607650756836,97.4104206645722,94.44737418458044,97.23235247106314,269603900
2008-01-28,96.32772064208984,96.52715603913735,94.06268882074464,94.91741350357879,217934600
2008-01-29,96.80496215820312,97.18958454228995,96.07132232179549,96.94029567784621,168968300
2008-01-30,96.09272766113281,98.67827057778452,95.87192482839275,96.56994914089178,334939200
2008-01-31,97.84490203857422,98.67825983354324,94.8747260405812,95.01717841376558,343680800
2008-02-01,99.4190444946289,99.44041181039461,97.95176418047224,98.25091746961303,206843600
2008-02-04,98.16542053222656,99.21958099702753,98.03720580535703,99.15547906780175,124694300
2008-02-05,95.53715515136719,97.0471700254279,95.20950487780016,96.8263671940421,286882500
2008-02-06,94.76788330078125,96.33488104051062,94.31202921525237,95.85765964381778,250792900
2008-02-07,95.3946533203125,96.00720812182247,93.82765595108724,93.87752024429224,297368100
2008-02-08,94.7821044921875,95.60121349994752,94.09119931447734,94.79634211658266,221643500
2008-02-11,95.2664794921875,95.6083673660861,94.04848831807062,94.80350655604188,188576300
2008-02-12,96.14967346191406,97.0898675570229,95.43027124540622,96.09269035487469,256654400
2008-02-13,97.13262939453125,97.62409932063076,96.2565369736344,96.87621077519321,181967800
2008-02-14,96.27787017822266,97.58133012571766,96.00720315691528,97.54571432790107,215207200
2008-02-15,96.25650787353516,96.31349097931873,95.38041571749696,95.80065389568269,154110300
2008-02-19,96.52716827392578,97.50297808090708,95.87899771715898,97.38189306509604,145190000
2008-02-20,96.81208038330078,97.26081555235886,95.2735691194584,95.43739962561955,220085700
2008-02-21,96.00724029541016,97.58848668808339,95.49441390845375,97.33919774376594,201051200
2008-02-22,96.59840393066406,96.76223444950914,94.63253552027682,96.13543110050867,205491000
2008-02-25,97.81640625,98.04432785089936,96.00010878314103,96.54143209514308,190107000
2008-02-26,98.55007934570312,98.97031775027311,97.22525131068873,97.40331953653248,212420700
2008-02-27,98.45033264160156,99.10562221592087,97.87339349836492,97.98023005510548,168395800
2008-02-28,97.4887466430664,98.26513203195844,97.26082506414214,97.75229489385724,170831100
2008-02-29,95.31635284423828,96.6411698398398,94.5755830340213,96.58419757913443,252715200
2008-03-03,95.08836364746094,95.30916634844512,94.19090435263084,94.83194515345032,189483500
2008-03-04,94.72514343261719,95.01716695849201,93.30059813567776,94.18380926399261,282513100
2008-03-05,95.32344818115234,95.99298619794666,94.26215804087008,95.03141379196879,270681400
2008-03-06,93.35045623779297,94.88896784384626,92.98720108153815,94.71801848703413,247911700
2008-03-07,92.3888931274414,93.83480578307035,91.5840215296629,92.43162774884232,326434600
2008-03-10,91.17088317871094,92.54556393480016,90.87884883510924,92.48146201598502,235683600
2008-03-11,94.44737243652344,94.5328416899315,91.84757033835677,93.10829616822477,341440600
2008-03-12,93.56414794921875,95.28072786815939,93.42169557431178,94.54708781238999,229161100
2008-03-13,93.77067565917969,94.47582938727851,91.59825310423594,92.31764445789246,351504200
2008-03-14,92.31765747070312,94.59692774910727,91.01419723295528,94.56844162556008,484687800
2008-03-17,91.38458251953125,92.06835817235988,89.79621213026228,90.15234845273245,405311100
2008-03-18,95.1810073852539,95.22374200965669,92.58120542708599,93.03705953474771,334416600
2008-03-19,92.82337188720703,95.90750272879063,92.62392555717248,95.54424760979198,345971600
2008-03-20,94.54271697998047,95.1368313585269,92.52415890427639,93.08964613352288,245320700
2008-03-24,96.43243408203125,97.21265230538991,95.37305470892844,95.42315495517737,208977300
2008-03-25,96.52545166015625,97.02650852727972,95.75238781278551,96.53260571460781,192947200
2008-03-26,95.34442901611328,96.69728875166457,95.28000972447427,96.24634278796512,196934300
2008-03-27,95.04379272460938,96.23202171567799,94.74315844775339,96.06022601937761,225153200
2008-03-28,94.13468170166016,95.45891364580733,93.81257447590633,95.19407162586637,180896100
2008-03-31,94.4639663696289,95.00796951330388,93.83405994478856,93.97721751710064,166692100
2008-04-01,97.7852554321289,97.94988606579571,95.56627521604607,95.63785945097291,254547300
2008-04-02,97.8497314453125,98.54405742238887,97.33435523712741,98.10026549065114,210910800
2008-04-03,98.09306335449219,98.37938942960142,97.14106055614502,97.32001025725468,175884800
2008-04-04,97.9856948852539,98.75160482508413,97.4345267645869,98.15032554698257,204446800
2008-04-07,98.03583526611328,99.18827208618819,97.87835861326633,98.68720405137014,154245500
2008-04-08,97.93559265136719,98.00716597481251,97.31284029628073,97.48463593254982,148937300
2008-04-09,97.2269515991211,97.921277303789,96.55409898451731,97.78527378523427,195610600
2008-04-10,97.36297607421875,97.82824102204972,96.56127382444782,96.9334923360477,192967800
2008-04-11,95.4732437133789,96.71872658655272,95.20839074060291,96.26778078726193,222973300
2008-04-14,95.1511459350586,95.58778371655312,94.87914977044998,95.33726064593401,160522000
2008-04-15,95.37308502197266,95.6951924629434,94.72170515812901,95.61645411761913,172389200
2008-04-16,97.95710754394531,98.00005374078434,96.28929439259208,96.30360251005371,189268900
2008-04-17,98.10026550292969,98.24342313361521,97.10530522465865,97.36299332878345,179665700
2008-04-18,99.12385559082031,99.89691992388049,98.96637891618431,99.45312798021216,218530600
2008-04-21,99.17396545410156,99.48175381811564,98.67290827883023,98.94490450413338,118587400
2008-04-22,98.73724365234375,99.00208559369023,97.9928071199166,98.91619327157092,162166000
2008-04-23,98.5798110961914,99.33855607268279,98.1503274495398,98.8446531557003,193309000
2008-04-24,99.00926971435547,100.0257024374499,98.09303743829759,98.83747411467834,229381300
2008-04-25,99.9255599975586,100.13313693341392,98.71585775564365,99.78239143795892,190788100
2008-04-28,99.94699096679688,100.39078273224875,99.76804126495686,100.1259406686369,105610200
2008-04-29,99.55330657958984,100.01857146885966,99.21688024221982,99.7752024782331,125514100
2008-04-30,98.9664077758789,100.63422146380222,98.96640777587892,99.70368018474996,208395900
2008-05-01,101.0135269165039,101.0135269165039,98.97350681399108,99.05224512180743,187279500
2008-05-02,101.29271697998047,101.90830458374327,100.61271008473963,101.88683148658394,181585500
2008-05-05,100.80598449707031,101.36430689876892,100.50535019786544,100.96346116649576,118504500
2008-05-06,101.67921447753906,101.78657992099772,99.9899289930493,100.2261438908805,179339800
2008-05-07,99.86824035644531,101.67204526474734,99.58907929285893,101.5646798257609,199267300
2008-05-08,99.61056518554688,100.44089442785258,99.48171571997796,100.02572980669973,178321200
2008-05-09,99.42447662353516,99.77522206515701,99.10236925832886,99.20974566154825,152588200
2008-05-12,100.5411376953125,100.61271104578516,99.30279749542095,99.675016053449,147865900
2008-05-13,100.55542755126953,100.84890772492327,100.01857837019664,100.7844884445284,159132200
2008-05-14,100.76301574707031,101.78660294700428,100.54111983224405,100.97775760478834,181910800
2008-05-15,102.02285766601562,102.09444195389952,100.80600122759148,100.95631294102725,166927000
2008-05-16,102.1158676147461,102.26617925834996,101.36427663005541,102.25902520177675,204236800
2008-05-19,102.39503479003906,103.28978341469472,101.85818561524566,102.22323912210439,165664400
2008-05-20,101.5647201538086,101.88682752088792,100.92765947768248,101.83672727020829,178552100
2008-05-21,99.8468246459961,101.72936893210645,99.49607914004712,101.5074729492067,252724800
2008-05-22,99.861083984375,100.33351380106939,99.49603053814167,99.80381877124029,170820400
2008-05-23,98.52256774902344,99.96848469663581,98.43667536951834,99.53184689710945,181376400
2008-05-27,99.25269317626953,99.49606221791434,98.44383680125615,98.63710559184518,168322900
2008-05-28,99.71075439453125,100.21181126641922,98.78021396261323,99.61769707467326,181288100
2008-05-29,100.21183776855469,100.87752544820708,99.55330414531387,99.58909627181878,173927200
2008-05-30,100.46240234375,100.74156353999376,100.1689221080964,100.54829473575519,117362000
2008-06-02,99.42447662353516,100.11164846857108,98.78026189312256,100.09017537237239,181069900
2008-06-03,98.84464263916016,99.9398138071563,98.22905530297355,99.71076389627521,271965700
2008-06-04,98.79454803466797,99.61055818518052,98.3937024761316,98.56548718852015,246637700
2008-06-05,100.77015686035156,100.84889516732683,99.00929788213851,99.1954016430695,237867100
2008-06-06,97.55622863769531,100.06868980200807,97.50612839355232,99.88974007450885,384276300
2008-06-09,97.79248046875,98.42238724221335,96.9263695774666,97.96427620393874,228263900
2008-06-10,97.30569458007812,98.13602384320757,96.88337589222247,97.11242583798932,260234900
2008-06-11,95.87409210205078,97.53473962260266,95.8669271238967,97.32716277836722,283890100
2008-06-12,96.23916625976562,97.25559945405048,95.57347848158494,96.3465426551731,252791800
2008-06-13,97.45600128173828,97.72085426221541,96.21767242827806,96.75452152293815,244726900
2008-06-16,97.5132827758789,98.01433983010293,96.96212547734477,97.02654475812545,185832500
2008-06-17,97.0408706665039,98.15035032148707,96.89770213610895,98.11456911111372,191707700
2008-06-18,96.09600830078125,97.00507601853495,95.70948167652364,96.4109615839227,265893000
2008-06-19,96.21765899658203,96.80461916747278,95.55912550972835,96.02439029126174,304204900
2008-06-20,94.6558837890625,95.742142054545,94.39690692735687,95.5622973166064,289275700
2008-06-23,94.56239318847656,95.12350808362142,94.46888135718937,95.02279543518145,165096400
2008-06-24,94.3753662109375,95.27459027960357,93.65598695600465,94.27465355432116,267300600
2008-06-25,94.82138061523438,95.96519102965257,94.4113401358713,94.75663911483862,287853900
2008-06-26,92.24598693847656,94.5408082232633,92.13808445483812,93.9293425212206,297775000
2008-06-27,91.74241638183594,92.69919190870148,91.38992215714806,92.28195071058202,303423400
2008-06-30,92.06615447998047,92.73517737040771,91.57697639355597,92.00140749655701,258842600
2008-07-01,92.35387420654297,92.41861567836474,90.5913924651296,91.01582341620808,388622000
2008-07-02,90.77124786376953,92.91499982678161,90.6057882689746,92.64882211661593,288064600
2008-07-03,90.86479949951172,91.44030514674483,89.91521902347712,91.44030514674483,239352500
2008-07-07,89.936767578125,91.60572677615181,89.14545171058607,91.21007158659567,372427300
2008-07-08,91.53380584716797,91.64171382246735,89.3468924689155,89.91520268295987,375973700
2008-07-09,89.77131652832031,91.89348263021411,89.48356379710755,91.72083318685719,336729400
2008-07-10,90.13819885253906,90.490693056897,88.9008659851623,89.51233709145616,436475700
2008-07-11,89.08793640136719,90.56986160001834,88.11677537293582,89.18145922981,481124600
2008-07-14,88.2822265625,90.2821000927812,88.05202541128264,90.10945060147527,322720800
2008-07-15,87.03772735595703,88.8361761718244,86.33992833725165,87.62042850443062,502502500
2008-07-16,89.17427062988281,89.61309250721129,87.1168450868629,87.36862678161792,371642900
2008-07-17,90.0662612915039,90.82880687104709,89.26775004995027,90.02310030172056,375490600
2008-07-18,90.62741088867188,90.94393406341804,90.03032472438417,90.7640892299648,267030100
2008-07-21,90.67774963378906,91.21728402949563,90.05908308763797,91.00866340454444,222863000
2008-07-22,91.70646667480469,91.93666780891651,89.81449578690857,90.03031175132564,296904200
2008-07-23,92.20281982421875,92.90780828318465,91.75680828564805,92.00139455022848,311698400
2008-07-24,90.28927612304688,92.3754766972699,90.03749452528812,92.32511488929096,248634500
2008-07-25,90.26770782470703,90.99427689235591,90.04469653219161,90.56265045381357,219131000
2008-07-28,88.9440689086914,90.68496574596202,88.7858045619524,90.28931036754376,205201300
2008-07-29,90.84320068359375,90.91513750288777,88.94404011440852,89.18863188612121,261505600
2008-07-30,92.4617919921875,92.5121537965236,90.84318906712521,91.44027501892617,354710000
2008-07-31,91.23887634277344,92.49060025458111,91.09499719222913,91.648922317075,277402100
2008-08-01,90.75688171386719,91.56258289823725,90.2533129852082,91.44748508122483,248690900
2008-08-04,89.91521453857422,90.74250180704664,89.74976037793675,90.6705649768378,188239600
2008-08-05,92.3395004272461,92.48337404986874,89.9008057513319,90.65615050274118,251577600
2008-08-06,92.74954986572266,93.01572761928674,91.7064577671183,92.09492317227958,209555400
2008-08-07,91.36836242675781,92.39707500022531,91.03025329242239,92.05177053644515,246312500
2008-08-08,93.06609344482422,93.46894408317935,90.9151509458519,91.05903009414182,260811700
2008-08-11,94.03007507324219,94.60556974363261,92.96538578393398,93.13804077116545,249425800
2008-08-12,93.05171203613281,94.02286745482202,92.60568942892385,93.72072948166162,213200800
2008-08-13,92.4905776977539,93.26749747907408,91.84312991084826,92.64883100368644,256393200
2008-08-14,93.18840026855469,93.7207449626414,91.90071600522667,91.9654575151288,239555300
2008-08-15,93.64159393310547,93.87899039846224,93.01573750970965,93.46893896461253,181000800
2008-08-18,92.3611068725586,93.86460695858426,91.83596306285169,93.82863579860832,172275100
2008-08-19,91.35395812988281,91.85752683570131,91.02304437439335,91.66329138868801,194673700
2008-08-20,91.77837371826172,92.04454043445392,90.88633981066691,91.64168995258929,225498200
2008-08-21,91.93667602539062,92.39707833476089,91.07341757900004,91.18132557085242,180609800
2008-08-22,93.26750183105469,93.26750183105469,91.9366569978823,92.56251334192562,167715300
2008-08-25,91.37553405761719,93.26749918084452,91.1813041087432,92.65603351060656,171936900
2008-08-26,91.6417236328125,91.98702809305026,91.05902818761625,91.37555133037031,159117200
2008-08-27,92.53376007080078,92.67763373107465,91.57698431353745,91.75682913309394,171032800
2008-08-28,93.65597534179688,93.76387782591338,92.87904452559326,93.0013376665436,167537100
2008-08-29,92.64886474609375,93.62003129172076,92.44743939952576,93.32508311393974,189195800
2008-09-02,92.07333374023438,94.03005134951192,91.73522466941326,93.54086783087212,252364900
2008-09-03,91.99420166015625,92.44021869897342,91.3107936783752,91.99420166015625,251947000
2008-09-04,89.22457122802734,91.52658718527509,89.17421492053516,91.33954711955023,340042500
2008-09-05,89.50518035888672,89.88645054880058,87.76428359174876,88.69228364243695,289503400
2008-09-08,91.35395812988281,92.25318756967101,89.50515390542219,92.1093029559694,364075300
2008-09-09,88.64192199707031,91.6201519867603,88.33978399543305,91.43311182403922,377326800
2008-09-10,89.0015869140625,89.85045450768929,88.15991464850116,89.12388004903933,298916600
2008-09-11,90.28927612304688,90.45473024939098,87.47650109092527,87.85058131196159,375369400
2008-09-12,90.70649719238281,90.79282464985019,89.08070457327784,89.41161826093,297851200
2008-09-15,86.39024353027344,90.38999552350701,86.24636988891416,87.49808813170819,483607000
2008-09-16,87.83619689941406,87.99446119737706,84.1673641741249,84.31123781494895,581744300
2008-09-17,83.88683319091797,87.65637975140208,83.44801131304229,86.06655191861857,624095600
2008-09-18,86.3758544921875,87.61318751078868,81.86534962765428,84.92271102121495,776114700
2008-09-19,89.80618286132812,92.61352845536051,89.23458307796912,91.67292009890717,501087800
2008-09-22,87.77302551269531,90.26201593500114,87.08566166756152,90.04495076275015,249966500
2008-09-23,85.7760238647461,88.28671340870717,85.58066416569926,87.4401694333574,327470400
2008-09-24,86.05098724365234,86.82517819508399,85.22614849241474,86.35487404248805,311818400
2008-09-25,87.39679718017578,88.20716767560052,85.69647150371425,86.391072419708,328253000
2008-09-26,87.44019317626953,87.91049735256533,85.74710476584033,85.9786383652203,285917400
2008-09-29,80.58824157714844,86.3476449259726,80.2915917284784,86.20293849055258,459562300
2008-09-30,83.92375946044922,84.50983310309456,79.97321494575976,82.1293757313851,328154400
2008-10-01,83.97440338134766,84.43023902906776,82.4477271266881,83.40280371783194,332783000
2008-10-02,80.92829132080078,83.28704327597703,80.35669163275708,83.1712737350183,365337800
2008-10-03,79.83574676513672,83.53305262192174,79.3582111671432,81.65907855433822,461798000
2008-10-06,75.76944732666016,77.86772378102364,72.81738964687416,77.52765758239481,610637500
2008-10-07,72.37601470947266,77.65788149644467,72.10107032140344,77.30334140633417,540012100
2008-10-08,70.55268859863281,73.93163352070827,70.04620512102379,70.55992005502749,725414800
2008-10-09,65.6253890991211,72.80294436136751,65.29979675275462,72.10834330764014,534485200
2008-10-10,64.0335922241211,67.96967016797682,60.4737599473565,62.774628227743015,871026300
2008-10-13,73.33110046386719,73.33110046386719,65.08270707690602,67.91900054848807,455584000
2008-10-14,72.24576568603516,76.355490046729,70.26325945998414,75.75494804651156,546268300
2008-10-15,65.13335418701172,70.7625247256839,64.90905756921629,70.51651717567275,484627500
2008-10-16,67.84663391113281,68.57017700956536,62.6154204007752,66.05225011832975,708811200
2008-10-17,67.44146728515625,71.33412807610632,66.31274155458868,66.55874361578539,476649000
2008-10-20,71.49329376220703,71.70312192896526,68.07816936014844,68.98983523498175,321294200
2008-10-21,69.35883331298828,71.37028199560744,68.89576622865273,70.16196649492544,356502000
2008-10-22,65.58197021484375,69.35886746641961,63.331749906264236,67.4342394642734,516168000
2008-10-23,66.34168243408203,66.89157133016289,62.087244586338684,65.32872077889567,634666400
2008-10-24,62.977195739746094,65.0609980013575,60.777623925724896,60.82103474778052,545812600
2008-10-27,60.74143981933594,64.76434312842841,60.560554047961865,62.20299994334803,397288600
2008-10-28,67.83943176269531,68.18672950867295,61.16112365011276,63.1942788686097,639939500
2008-10-29,67.3473892211914,70.30667768125316,66.63831459485786,67.84663017790626,531270100
2008-10-30,69.6772232055664,69.85087205492044,67.21717483889496,69.30097759173569,414582100
2008-10-31,70.06069946289062,71.31966326640604,68.36037380224558,68.79449868067876,411394000
2008-11-03,70.26329040527344,70.68294684472198,69.42397752637635,70.02451979108403,205419400
2008-11-04,72.65097045898438,72.97656266893381,69.97385748752625,71.67418278874378,346793400
2008-11-05,69.59761047363281,72.86802275892087,68.73659244392526,71.77547116494686,387844100
2008-11-06,65.74112701416016,69.05495576254064,65.16229032162182,68.345881090191,477721900
2008-11-07,67.9117660522461,68.01306165991109,65.48066042789313,66.31273622245263,380391000
2008-11-10,67.02182006835938,69.12009693577288,65.78456157375916,68.88856327924297,301773000
2008-11-11,64.95246124267578,66.66726036597835,64.14209650878419,65.66877288163518,418498200
2008-11-12,62.09447479248047,64.35916293328707,61.58799678022222,63.838216486477016,454330600
2008-11-13,65.96541595458984,66.37060380041957,59.395643993598604,62.31875846329332,753141900
2008-11-14,62.67330551147461,66.6093762344405,62.60094678508454,64.69199142941102,540352300
2008-11-17,61.84125900268555,64.07700559353218,61.616962301651306,62.49968066580474,415254900
2008-11-18,63.00612258911133,63.10741816239006,59.98894975603451,61.60968444868904,523811800
2008-11-19,58.96876907348633,62.85419793099777,58.54911270492604,62.159597141758184,558327600
2008-11-20,54.59132385253906,59.69954181419735,54.30191103311911,57.97750572959194,814180400
2008-11-21,57.53616714477539,58.53466054203372,53.78821221582397,56.04566954854072,718536500
2008-11-24,61.52284622192383,62.94098951253014,58.14390251582745,59.27262756912367,523305300
2008-11-25,61.978721618652344,63.3172756172579,60.64739907849202,63.1653321869489,454112400
2008-11-26,64.37364196777344,64.53282236138594,60.95128006569497,60.99469641316904,370134200
2008-11-28,65.18400573730469,65.21294812839385,64.01910623709698,64.12763330343549,118308100
2008-12-01,59.41014099121094,63.34621832203649,59.22925516564281,63.31727592752191,369927100
2008-12-02,61.69649887084961,61.85567918747977,59.3594584627078,60.39412500060975,469508400
2008-12-03,63.1798095703125,63.54881825057024,60.15539793256821,60.343520762530716,519863500
2008-12-04,61.7182502746582,63.70799449720325,60.58951888922548,62.26813924889194,444173800
2008-12-05,63.62113571166992,63.97567023323383,59.50417430750703,60.524372579196694,471905300
2008-12-08,65.8424301147461,66.84091772701767,63.72968533041677,65.36488896092287,412859300
2008-12-09,64.75711059570312,66.66002705387054,64.38087059431268,65.38659511055205,370790000
2008-12-10,65.198486328125,66.10291544096638,64.39535283430608,65.35042975665868,396187400
2008-12-11,63.6284065246582,65.84244749824578,63.215987019378204,64.78607482718118,365061000
2008-12-12,64.38809204101562,64.44597680767541,61.64586332270412,61.89910779679188,415060400
2008-12-15,63.49089813232422,64.50385943448576,62.434526016705526,64.40979531173531,256694200
2008-12-16,66.4791488647461,66.5804444736232,63.8020411669425,66.4791488647461,377699500
2008-12-17,65.83515930175781,66.87706272356951,65.16226426187002,65.72662677528682,281819800
2008-12-18,64.60517120361328,66.32720198471566,63.82374324437837,66.13184775500511,374673300
2008-12-19,64.3272476196289,66.09973006683909,64.25430151228983,64.99101378936248,301451300
2008-12-22,63.50303268432617,64.67739432282875,62.35784838923469,64.61174947391072,243759500
2008-12-23,62.8465461730957,64.13761129643223,62.58395571326321,63.845843500506376,221625200
2008-12-24,63.21125030517578,63.364427135680145,62.72983263929851,63.05806790966395,62061600
2008-12-26,63.57595443725586,63.678072317517056,63.09453680316128,63.63430353668576,74767700
2008-12-29,63.39363479614258,63.69998860370519,62.438094732063774,63.6343381792217,127795900
2008-12-30,64.89622497558594,64.95457966542914,63.37174070223692,63.83127692849027,168256300
2008-12-31,65.82254791259766,66.35502444269088,64.82325080072013,64.97642760841654,193987200
2009-01-02,67.80657958984375,68.15670207420108,65.53809307965521,65.96845185074008,227566300
2009-01-05,67.72633361816406,68.31716487821441,67.02609431459263,67.56586106765674,240349700
2009-01-06,68.17860412597656,68.89342963020727,67.60236405990744,68.3026036735458,328260900
2009-01-07,66.13617706298828,67.29595191723816,65.79335049874457,67.10630211393217,280899200
2009-01-08,66.4061050415039,66.44257254189564,65.4068020386284,65.76422027152319,263834400
2009-01-09,64.98371124267578,66.6103124344365,62.262990900792424,66.49360869195925,330953600
2009-01-12,63.42274856567383,64.85240948992467,63.028868639100175,64.80134500369674,277858500
2009-01-13,63.53952407836914,64.1011727972255,62.87575184561896,63.26234758354547,356432300
2009-01-14,61.54088592529297,62.54747891788658,60.65829242993769,62.39430208629673,435491600
2009-01-15,61.56279373168945,62.18279704671928,59.607956018353484,61.35855786932761,532647300
2009-01-16,62.044166564941406,62.72252414189789,60.57804338652442,62.627701998992315,399237200
2009-01-20,58.769081115722656,62.04415930443765,58.38978702347958,61.43874790133846,419855200
2009-01-21,61.30746841430664,61.44605378626811,58.696155609887235,59.768398919048714,364360700
2009-01-22,60.35920333862305,61.300151103787094,59.206724162840246,60.11849460602187,427940300
2009-01-23,60.62181091308594,61.2636954842442,58.76909217780313,59.009800978865,386800600
2009-01-26,61.0376091003418,62.26302976886242,60.40301436601538,60.97195868264824,317978800
2009-01-27,61.657569885253906,62.10981007487276,60.76039079351733,61.36580220049999,273789700
2009-01-28,63.74371337890625,64.15218487584181,62.78088373255331,63.021592535393246,330007000
2009-01-29,61.67218780517578,63.816669243948006,61.613833130173084,62.810076142687905,294392500
2009-01-30,60.417572021484375,62.29217226565604,59.96533177317988,61.98581866116256,383383600
2009-02-02,60.23524475097656,60.67289374755609,59.30888223595779,59.498532174978855,288233300
2009-02-03,61.08137893676758,61.533619486945554,59.972667528764035,60.61455249497554,278385800
2009-02-04,60.78230285644531,62.27031378588704,60.57077131811694,61.48983803792093,322989300
2009-02-05,61.68677520751953,62.211956165435176,56.69756723733742,60.322763862100196,417679400
2009-02-06,63.44468307495117,63.707268033614604,61.767022014265976,61.89831727610229,366101700
2009-02-09,63.53217697143555,63.99900309310116,62.963232983468465,63.430059105134085,240075200
2009-02-10,60.62181091308594,63.481122500527405,60.14039331096218,62.926764355204924,536212800
2009-02-11,60.979251861572266,61.307492806302236,60.10395380564431,60.86983821332894,324442500
2009-02-12,61.02301025390625,61.13971404445802,59.119232020146505,59.93617524903393,469302200
2009-02-13,60.366512298583984,61.446045623646896,60.35192085189033,60.9427520128432,293998400
2009-02-17,57.78437805175781,60.512394299456965,57.74790499947313,58.47003136666333,478910100
2009-02-18,57.64579391479492,58.309565702444345,57.098731456185575,58.20015209772106,362964800
2009-02-19,57.02580261230469,58.46275452224704,56.909093259310595,58.23663154207304,316867500
2009-02-20,56.47144317626953,57.14250524742193,55.26790443158891,55.9681494054093,477176600
2009-02-23,54.450958251953125,57.091443167816365,54.407189465358826,57.091443167816365,379641400
2009-02-24,56.51520919799805,56.85803037744688,54.487426067489054,54.91778482063933,426260900
2009-02-25,56.07024383544922,57.20083598024531,55.165763441605385,56.26718382596014,461985800
2009-02-26,55.158512115478516,58.112647442882405,55.09286169575324,56.76322718974657,363353900
2009-02-27,53.92580032348633,55.209575832420406,53.83826827798734,53.984155020485645,470510900
2009-03-02,51.4968147277832,53.91847779967873,51.32905201354459,52.897293369721176,426452600
2009-03-03,51.110233306884766,52.29918064917978,50.79658387038864,52.23353581049863,443761000
2009-03-04,52.32107162475586,53.15260636512345,51.11023701667151,51.95636321003293,462753100
2009-03-05,50.183876037597656,52.321067397813856,49.72433991056639,51.13211450026523,485549400
2009-03-06,50.27139663696289,51.387403275552145,48.94385849174445,50.621519094661316,490470000
2009-03-09,49.680564880371094,51.05916180387516,49.40338857683829,49.56385555361602,379905300
2009-03-10,52.641998291015625,52.78788496000931,50.5996350101707,50.70175289596258,406227900
2009-03-11,52.98483657836914,53.794489681831976,52.3940107436833,53.24742707489809,356648300
2009-03-12,55.07094192504883,55.25329603738343,52.496102749285235,52.97022455435636,409702700
2009-03-13,55.50131607055664,56.1505020772107,54.509314441924055,55.44296696181918,337474700
2009-03-16,55.333560943603516,56.87263089383493,55.29708787624858,56.13591834033342,360644900
2009-03-17,57.02580261230469,57.15709785191892,55.03449240565689,55.486732800996634,356814300
2009-03-18,58.30229949951172,59.00983486130833,56.216166489166845,56.75593349677058,473273200
2009-03-19,57.58016586303711,59.08276273956144,57.39781165705081,59.03170378448562,428520400
2009-03-20,56.35403060913086,57.97023614671459,56.22179566155436,57.860039422927805,371078200
2009-03-23,60.40187454223633,60.45329892464928,57.52944025432553,57.84533449053008,419933300
2009-03-24,59.2117919921875,60.50475579329407,59.14567729565994,59.681959628073464,330271000
2009-03-25,59.83623504638672,60.7545321195654,58.08045149085632,59.674619469573315,441775100
2009-03-26,61.05571365356445,61.19529655057785,59.74071205886535,60.42392505265118,422025200
2009-03-27,59.9537467956543,60.62961172471811,59.733353377341665,60.276988981222836,322332300
2009-03-30,57.882080078125,58.67548979691217,57.27232970508458,58.624065404296616,324108500
2009-03-31,58.41836166381836,59.56439978148066,58.07308680521918,58.44774783143415,364238300
2009-04-01,59.54972457885742,59.81419457442039,57.54416698481857,57.691092269091186,377018300
2009-04-02,61.2907829284668,62.15765506433525,59.60111509597904,61.03366102478487,476230700
2009-04-03,61.900535583496094,61.91522586220842,60.73245945413988,61.33486176841773,284646300
2009-04-06,61.415706634521484,61.91526046246789,60.45333310319375,61.224699275495965,264866600
2009-04-07,59.98317337036133,60.71781111989462,59.88032453381396,60.423954899113056,258947800
2009-04-08,60.629638671875,60.930842770451484,59.902349035935586,60.28435811198095,230402800
2009-04-09,63.03925704956055,63.04660499566026,61.951996430110235,62.20177054909399,269653500
2009-04-13,63.053955078125,63.57554717206401,62.13565795397023,62.385432081416724,224847500
2009-04-14,61.9666748046875,63.00251641682643,61.768325136852155,62.466228551458975,276598800
2009-04-15,62.62786102294922,62.75274808100039,61.42305569916477,61.59201922362446,250726100
2009-04-16,63.546146392822266,64.02366190864953,62.27522099883641,63.12740322460071,335202900
2009-04-17,63.97223663330078,64.39097979581183,63.28167557044977,63.78857725316717,262649000
2009-04-20,61.2907829284668,63.95017165829578,61.22466266475594,62.840867896882735,293690100
2009-04-21,62.488250732421875,62.53967512234565,60.79124026009904,60.84266465002281,114090900
2009-04-22,62.106266021728516,63.428610395144005,61.760985438248376,61.92260661390634,340395200
2009-04-23,62.71599578857422,62.752724295046114,61.4377226988414,62.231132422502085,324903700
2009-04-24,63.6636848449707,64.14119470913228,62.951085613439844,63.20085965901119,287703000
2009-04-27,63.061275482177734,63.92080555105643,62.840887611952574,62.94373640569209,289581600
2009-04-28,62.862918853759766,63.61224649700936,62.267864383978086,62.42213755744599,247926300
2009-04-29,64.19995880126953,64.91255794123128,63.39920676471097,63.56082227675121,311505700
2009-04-30,64.22200012207031,65.39741884035644,63.85468142230349,65.05214397064002,301419800
2009-05-01,64.56729888916016,64.80238269941889,63.707774233355465,64.23671420764764,236110300
2009-05-04,66.76386260986328,66.80794467685055,64.92726862252817,65.0521612733454,287120000
2009-05-05,66.53610229492188,66.80057218028453,65.99981458159262,66.53610229492188,243036300
2009-05-06,67.68951416015625,67.73359062660847,66.56551942689958,67.35158150606108,291941000
2009-05-07,66.74919128417969,68.43151252702224,66.32310001292525,68.32866368290449,317728000
2009-05-08,68.30659484863281,68.48290627316688,67.17525246526425,67.60868588491864,299081700
2009-05-11,67.0283203125,67.66745692074198,66.88139506236666,67.3662528716779,247923600
2009-05-12,66.8299560546875,67.46174458085628,66.00716026123013,67.31481375800435,282431300
2009-05-13,65.14765930175781,66.12472860557025,65.01542431624306,65.9263733248782,269619100
2009-05-14,65.70596313476562,66.20551673230472,65.01540226629861,65.17702337209624,260098700
2009-05-15,65.16969299316406,66.11737605587906,64.75829778014275,65.6545564412301,271502700
2009-05-18,67.02098846435547,67.10179344119011,65.06684982362914,65.78679711359145,241447400
2009-05-19,66.94017028808594,67.56461103531159,66.7124288542776,66.9842467440569,206102200
2009-05-20,66.49202728271484,68.17434746566549,66.41856466960517,67.54990124213798,285722200
2009-05-21,65.53702545166016,65.97046458872298,64.83912191153128,65.72068486799309,258988400
2009-05-22,65.3974609375,66.11740851861099,65.14768675119838,65.72070339491826,166811900
2009-05-26,67.07240295410156,67.26340465996643,64.8831808371262,64.91256700837597,236318500
2009-05-27,65.87493133544922,67.4029784035464,65.77208255248482,67.17524261338785,246015800
2009-05-28,66.79322814941406,67.10177449879446,65.45618836392735,66.45529563273482,289095000
2009-05-29,67.97599792480469,68.83552234016702,66.61691985178211,67.16054996002343,258641500
2009-06-01,69.62159729003906,69.91545342738841,68.63718567548433,68.81349711595809,276246800
2009-06-02,69.6803970336914,70.06241184388858,69.2249251663264,69.34981225222701,230874500
2009-06-03,68.79879760742188,69.15142044109328,68.14497073201888,69.08530576159447,235310500
2009-06-04,69.44527435302734,69.54812314334724,68.54167346595415,69.05591741755363,210102300
2009-06-05,69.45996856689453,70.28275886963343,68.90899051566534,70.15052391314488,284257900
2009-06-08,69.17349243164062,69.86404809737537,68.35069614339785,68.93840297370741,238565100
2009-06-09,69.52607727050781,69.89339593977502,69.07060010287478,69.56281137936978,225125500
2009-06-10,69.34977722167969,70.15052936133341,68.46086656924065,70.14318702223055,296100400
2009-06-11,69.6583251953125,70.60600821118747,69.46731788234784,69.4820137705662,275414200
2009-06-12,69.84932708740234,69.89340353895844,69.05591733036032,69.3497734186913,184361800
2009-06-15,68.2478256225586,69.07061604452255,67.88050686851344,69.02653958758573,224190500
2009-06-16,67.32218170166016,68.53433472733754,67.27810524412844,68.49025826980582,227319000
2009-06-17,67.25608825683594,67.82910480508178,66.72714818004248,67.2928167814325,223445200
2009-06-18,67.74825286865234,68.07883741252665,67.03565378913353,67.35889599547308,211725100
2009-06-19,67.99797058105469,68.48556717351175,67.61379810312009,68.3969163220643,215655600
2009-06-22,65.95893859863281,67.37002524731957,65.93677587832893,67.33308362247938,251913600
2009-06-23,66.01063537597656,66.40219169122386,65.64124177495096,66.09929186936236,188309800
2009-06-24,66.57952117919922,67.2887563925668,66.195348582479,66.60907335098543,211577700
2009-06-25,68.02754211425781,68.09403027177562,66.17318424464591,66.24706185405468,279411000
2009-06-26,67.8502197265625,68.14573575992549,67.4291112108826,67.79850484346144,167579000
2009-06-29,68.48558807373047,68.57424458873253,67.67292308062964,68.04970622376291,168481300
2009-06-30,67.93151092529297,68.7515655320552,67.42913518093864,68.50038047812879,228888200
2009-07-01,68.21223449707031,68.87714421128548,68.12357798967498,68.21961831197831,173041100
2009-07-02,66.3504867553711,68.2343966575112,66.31355077163299,67.32568578275541,212309900
2009-07-06,66.34310150146484,66.43914182090057,65.50088443410614,65.70774397535217,174499600
2009-07-07,65.0575942993164,66.35786125502038,65.01326887421808,66.27659421800772,197088900
2009-07-08,65.01332092285156,65.60435336766055,64.27453318509188,65.44920298260827,248050500
2009-07-09,65.13886260986328,65.67817971726438,64.94678200634944,65.46393076426935,163777600
2009-07-10,64.9837417602539,65.37529819687917,64.5330809763831,64.79165544995632,173520300
2009-07-13,66.56473541259766,66.61645029876688,64.71037768881563,65.24230545312759,217413500
2009-07-14,66.94149780273438,67.00060212192307,66.29136720115305,66.7715742941914,181487400
2009-07-15,68.8993148803711,69.08401173138479,66.99324202514956,67.82806976259128,220877900
2009-07-16,68.78852844238281,69.82283242853909,68.57427931666804,68.70726133826675,231174500
2009-07-17,69.54206085205078,69.68243227166039,69.1061789607381,69.49034595585265,138561700
2009-07-20,70.28083801269531,70.39904669326734,69.5863817420851,69.94838596246171,164179400
2009-07-21,70.60591125488281,70.84971244847702,69.75630462164577,70.8275497284231,217718300
2009-07-22,70.59110260009766,71.01959479150739,70.10350045734141,70.15521532370971,196068100
2009-07-23,72.14996337890625,72.46025266185012,70.57634297619231,70.6354473071814,258795500
2009-07-24,72.44548034667969,72.5045846830418,71.43334535985237,71.81012282203639,154003100
2009-07-27,72.65974426269531,72.69668588963427,71.91356736323566,72.31251326087248,159259400
2009-07-28,72.31987762451172,72.67449795599843,71.70668290365913,72.14995972714226,186685200
2009-07-29,72.14257049560547,72.46763302757935,71.64758442924833,71.98742586151586,194399300
2009-07-30,72.8961410522461,73.75313702005245,72.84442616705087,73.0143497249779,225575400
2009-07-31,72.99956512451172,73.48716740672005,72.68188638696671,72.88136209750623,207358000
2009-08-03,74.20376586914062,74.27025399163755,73.368932976697,73.76787862117055,175776900
2009-08-04,74.39586639404297,74.49929614779843,73.71618354465025,73.87132817528344,176714600
2009-08-05,74.181640625,74.5140926783749,73.56844577086392,74.44759888579982,184726400
2009-08-06,73.79747009277344,74.63229779347988,73.45023912630693,74.52148419694831,193203800
2009-08-07,74.76530456542969,75.37849964013316,74.16688839950343,74.57322384334361,220640900
2009-08-10,74.61012268066406,74.78004622795365,74.07819495966982,74.4254258684577,130898700
2009-08-11,73.67925262451172,74.32938335509442,73.47977691679367,74.27766847466738,157301000
2009-08-12,74.46976470947266,75.03123901890797,73.51672838262851,73.55366436702558,219052400
2009-08-13,75.03861999511719,75.06817216119705,74.07081051112388,74.80959775362243,176449500
2009-08-14,74.46238708496094,75.06080311034059,73.65710584080107,75.00169876211767,199616100
2009-08-17,72.63016510009766,73.10298843941698,72.48240992024742,73.02911084949186,237667500
2009-08-18,73.20642852783203,73.46500858382426,72.65972752140483,72.79270945664383,173461500
2009-08-19,73.84920501708984,74.1003957225384,72.55632676615375,72.63020439604972,192812800
2009-08-20,74.61012268066406,74.78004622795365,73.78268456933915,73.94521302942125,174131300
2009-08-21,76.07295227050781,76.19115534340183,75.07559024011461,75.22334549035749,224605000
2009-08-24,76.06555938720703,76.79695742498272,75.79220598643171,76.38323823375627,191279000
2009-08-25,76.21329498291016,77.02595982599735,76.05076088699285,76.36843962814957,215310600
2009-08-26,76.22067260742188,76.56790348659314,75.71829709561004,75.97687148334431,194620700
2009-08-27,76.39060974121094,76.62702145730269,75.31198093426104,76.17636074279967,196230100
2009-08-28,76.37584686279297,77.09247161281631,75.85130843380192,77.00382072349457,147024400
2009-08-31,75.69615936279297,75.78481588348801,75.20117313770574,75.62967119964728,176051600
2009-09-01,74.0264892578125,76.27240344913996,73.87134459269943,75.31936710358816,321276800
2009-09-02,73.74573516845703,74.20378524352155,73.56103837574535,73.71618300524331,171805000
2009-09-03,74.35894775390625,74.44759862836625,73.5758293316753,74.17425091678105,143572300
2009-09-04,75.40064239501953,75.42280511581279,74.28507744742079,74.50671029185399,142687900
2009-09-08,76.05076599121094,76.13203304462391,75.64443072414609,76.09509142525447,132909100
2009-09-09,76.63439178466797,76.89296615391328,75.94731952553131,76.1837311826268,154612500
2009-09-10,77.41751861572266,77.46923349910658,76.2576228285405,76.6861207974357,162902400
2009-09-11,77.40272521972656,77.79428713373899,77.04072110382668,77.56525929035465,152360100
2009-09-14,77.77952575683594,77.9125076958081,76.20591084274847,76.7452224133302,149593800
2009-09-15,78.10460662841797,78.39273327013285,77.3953713844659,77.90513086938417,196795900
2009-09-16,79.28665161132812,79.30142487704477,78.11198252761491,78.38533021712065,206406300
2009-09-17,79.16844940185547,79.83335345953418,78.7325619659219,79.17583321654097,229170900
2009-09-18,79.21894073486328,79.5455573665186,78.95170997502684,79.53813271670413,153799100
2009-09-21,79.01848602294922,79.42675666366173,78.43206915842961,78.60279639847566,151892000
2009-09-22,79.478759765625,79.70145398947457,79.12987479115702,79.48618441664648,143126700
2009-09-23,78.81807708740234,80.19134250391926,78.6770370889986,79.66430575113048,225947400
2009-09-24,77.94957733154297,79.15953442487464,77.60811715176864,78.98880716666096,228636800
2009-09-25,77.53387451171875,78.20937582148093,77.26664384668607,77.77883689855645,204059000
2009-09-28,78.9219970703125,79.09272999275586,77.81596238843962,77.83080602096437,118285800
2009-09-29,78.6844711303711,79.441621096545,78.52116283132335,79.06304894513198,133733900
2009-09-30,78.38011169433594,79.02592014983836,77.66007941224109,78.95169065989886,254383000
2009-10-01,76.43528747558594,78.48405463315679,76.42043817677886,76.45755576044841,281840600
2009-10-02,76.07897186279297,76.53177916339327,75.70781870907783,75.73008699216511,224748800
2009-10-05,77.21466827392578,77.43736234112646,76.16059510431275,76.38328917151341,149875000
2009-10-06,78.32073974609375,78.76612239596818,77.72689243736272,77.77142900334587,202491100
2009-10-07,78.53600311279297,78.61765725294221,77.99411706119768,78.14257604509784,159200300
2009-10-08,79.13724517822266,79.55293473679993,78.57309101776387,79.09270862933094,183305800
2009-10-09,79.61980438232422,79.61980438232422,78.95172733582874,79.15957226954961,135008300
2009-10-12,79.93154907226562,80.23589173492816,79.63462539559254,79.99093494026985,118031000
2009-10-13,79.76823425292969,79.95381082777737,79.2486221086952,79.71627303850624,157692700
2009-10-14,81.1415023803711,81.2231565289946,79.73854388252781,80.70354436807034,191421600
2009-10-15,81.43842315673828,81.43842315673828,80.7109661572202,80.7480780740582,173873600
2009-10-16,80.82974243164062,81.11181682130606,80.33982315871135,80.76293757488367,192069400
2009-10-19,81.497802734375,81.75018413746051,80.71095993258234,80.96334133566785,159530400
2009-10-20,81.06729125976562,81.6462894170187,80.6738697253936,81.61659647775585,180921100
2009-10-21,80.33979034423828,81.88378270213839,80.28040449803358,80.94105646285934,225379300
2009-10-22,81.15638732910156,81.41619352369268,79.79796480164622,80.31015820194749,238444000
2009-10-23,80.22845458984375,81.47552921892644,79.89441340543866,81.42356801202077,240033200
2009-10-26,79.35994720458984,81.14147729898869,79.13725311111696,80.3175170818235,242028200
2009-10-27,78.99626922607422,79.71630755438387,78.80327358227889,79.44907671782875,253266300
2009-10-28,77.50418090820312,79.0407542747435,77.45963869211121,78.79579190794892,248821400
2009-10-29,79.16697692871094,79.32286058963581,77.89763369259562,78.08321028846069,198110600
2009-10-30,76.87323760986328,79.14469870921822,76.78416447957126,78.90716092286023,325608100
2009-11-02,77.43738555908203,78.24650229338525,76.5169274211405,77.29634556334406,254222900
2009-11-03,77.68232727050781,77.79367430781788,76.85836712309711,77.00682606394682,228362600
2009-11-04,77.88278198242188,78.92943666910662,77.68236175696528,78.32074568004644,247996700
2009-11-05,79.31541442871094,79.33768270803958,78.26876565683752,78.43207392304322,180015300
2009-11-06,79.52326965332031,79.7236955201825,78.72158317591398,78.87746681494708,170954100
2009-11-09,81.33452606201172,81.37906264142846,80.07260722950966,80.13198744761551,159495700
2009-11-10,81.34933471679688,81.60172177276903,80.88910849181043,81.14148988443566,171899800
2009-11-11,81.76504516601562,82.26238905876255,81.37162370866811,81.88381123646583,169466200
2009-11-12,80.93365478515625,82.07680716396543,80.7258099277996,81.65369280053294,157144500
2009-11-13,81.37162017822266,81.72049938858515,80.7258116462475,81.14150136980977,150963000
2009-11-16,82.55187225341797,82.90818172315095,81.89122018503633,81.93575674499786,210922200
2009-11-17,82.64839172363281,82.685509308912,82.02485706705069,82.33662439534174,147134100
2009-11-18,82.59640502929688,82.71517673488208,82.0767929757282,82.58898604520778,156486800
2009-11-19,81.52007293701172,82.62610767447319,81.00787980728614,82.0322660667373,208734600
2009-11-20,81.23057556152344,81.47553799045674,80.91880828652508,81.09696020604594,134196000
2009-11-23,82.26237487792969,82.94529523949979,82.09906660378314,82.1881453887759,148010200
2009-11-24,82.38855743408203,82.54444104490447,81.66110058357728,82.39598208126779,138420100
2009-11-25,82.6781005859375,82.7671794097583,82.26241073480605,82.52221689176321,109564800
2009-11-27,81.33452606201172,81.8912559581184,80.38437461212554,80.46602878328915,126001800
2009-11-30,81.60919952392578,81.80219518621719,80.25820157113282,81.26773912523642,160874800
2009-12-01,82.61869812011719,82.88592885627325,82.19558373176142,82.33661808564804,159613700
2009-12-02,82.58158111572266,83.14573552526188,82.33661866197362,82.6038494000002,132315100
2009-12-03,81.93576049804688,83.27191399156415,81.86895565504459,82.80426310050669,167324900
2009-12-04,82.40343475341797,83.42039089321807,81.68339664187147,83.0195447590577,274907800
2009-12-07,82.27721405029297,82.7894071253788,82.0174080206649,82.32918091956527,127973800
2009-12-08,81.36420440673828,82.22527687997301,81.11181728750421,81.68339638311326,169863700
2009-12-09,81.66851806640625,81.78728976580982,80.92621193517303,81.34190721973914,155063400
2009-12-10,82.1287841796875,82.48509376324317,81.98774414362504,82.1733207538762,138014600
2009-12-11,82.47765350341797,82.663230078547,82.10650035315989,82.47765350341797,124854000
2009-12-14,83.04181671142578,83.13831450195305,82.49250591299858,83.04181671142578,107141500
2009-12-15,82.65579986572266,83.07891420200046,82.3959938107007,82.73745400635059,120408800
2009-12-16,82.78199768066406,83.23480498546473,82.59642110208502,82.98984820588468,155358200
2009-12-17,81.78732299804688,82.34405282268504,81.71309348743151,82.1881691513882,183390100
2009-12-18,82.25000762939453,82.31717782318253,81.55594599404856,82.24254300923211,174591200
2009-12-21,83.08588409423828,83.36201245960672,82.66049176693208,82.66049176693208,118039600
2009-12-22,83.3844223022461,83.56353339705439,83.16052916335643,83.26501110981452,91707500
2009-12-23,83.54855346679688,83.66796458678833,83.21271965603323,83.5858708652531,111783100
2009-12-24,83.94416046142578,84.03371317365152,83.5859325310034,83.72773191714722,39677500
2009-12-28,84.12322235107422,84.32472152950527,83.82470019938975,84.2575570346404,87508500
2009-12-29,84.00382995605469,84.35459313550955,83.99637102862975,84.33966958682194,80572500
2009-12-30,83.97396087646484,84.07098385254685,83.71275612131453,83.75753814636646,73138400
2009-12-31,83.16797637939453,84.18294852727429,83.13065896611039,84.1605546630011,90637900
2010-01-04,84.57846069335938,84.62323701974455,83.22019041926117,83.86201100201663,118944600
2010-01-05,84.80238342285156,84.83970083964267,84.2202681614759,84.52625503641553,111579900
2010-01-06,84.86209106445312,85.07105493832472,84.65312719058153,84.72029170982375,116074400
2010-01-07,85.22030639648438,85.32478831807188,84.46653908174217,84.705355715919,131091100
2010-01-08,85.50389099121094,85.54120839976568,84.82475856744435,84.99640498158702,126402800
2010-01-11,85.62329864501953,85.92181512591176,85.2576062764038,85.88450341271869,106375700
2010-01-12,84.82474517822266,85.23520813834931,84.49637025505237,85.05609713200016,163333500
2010-01-13,85.54124450683594,85.78006121841456,84.60836583756952,85.0412172127911,161822000
2010-01-14,85.77257537841797,85.92929827282762,85.39195938122988,85.4442003460331,115718800
2010-01-15,84.80984497070312,85.70540600284272,84.48146993512745,85.62331793778698,212283100
2010-01-19,85.86959838867188,85.9218393569443,84.77253236111217,84.79492622794766,139172700
2010-01-20,84.99641418457031,85.41434187521625,84.31728168727066,85.28747178253269,216490200
2010-01-21,83.36202239990234,85.28002041226532,83.2575404610062,85.01881556502495,344859600
2010-01-22,81.50374603271484,83.39189162102672,81.41418762723326,82.98888733711924,345942400
2010-01-25,81.921630859375,82.39926974399602,81.65296717166602,82.25000581322796,186937500
2010-01-26,81.5783462524414,82.44406011681994,81.37684702888447,81.60073442241021,211168800
2010-01-27,81.9664306640625,82.15300634761331,80.84697656275765,81.47386812644613,271863600
2010-01-28,81.02606201171875,82.27985043660136,80.5335053236414,82.23507410873147,316104000
2010-01-29,80.14546966552734,81.94406242549726,80.01859953637344,81.37687061526185,310677600
2010-02-01,81.39176940917969,81.39923403034138,80.22753903681306,80.71263692324504,187865000
2010-02-02,82.37687683105469,82.53359968978535,81.25742295968982,81.54102158449116,216327900
2010-02-03,81.9664306640625,82.4515285800622,81.72761401687099,82.00374238446987,172730700
2010-02-04,79.43647003173828,81.36939150635416,79.4215407875312,81.33207978351321,356715700
2010-02-05,79.60064697265625,79.76482878023876,78.04833602411388,79.52601214921975,493585800
2010-02-08,79.0260009765625,80.10067880257775,78.96629538759757,79.66035720125936,224166900
2010-02-09,80.0185546875,80.71261623788105,79.30956389862169,79.95138450193477,337820500
2010-02-10,79.86184692382812,80.30216274741119,79.19017341054803,79.8916997126225,240511500
2010-02-11,80.69768524169922,80.78724358922346,79.29463862683596,79.75734821495706,223591600
2010-02-12,80.63054656982422,80.67532291100596,79.48870431898672,79.84692643611642,304622100
2010-02-16,81.89924621582031,81.98133995781451,80.46634658183653,81.24250197370367,159317500
2010-02-17,82.287353515625,82.39930008145791,81.89927284658275,82.29481244453203,168845100
2010-02-18,82.77242279052734,82.94406919726515,82.12313748901032,82.15299027579883,193708600
2010-02-19,82.94408416748047,83.26499456608053,82.36196895463337,82.55600925686171,222684900
2010-02-22,82.95899963378906,83.27244535883273,82.71271840961035,83.25005719187774,132346900
2010-02-23,81.95146942138672,82.98882936136611,81.73504102971562,82.7350892638567,207497000
2010-02-24,82.70524597167969,82.83958065454864,81.98879622765749,82.19776002460107,176350700
2010-02-25,82.59329986572266,82.65300543481483,81.30219967366403,81.526087017005,259634700
2010-02-26,82.64556884765625,82.9291675501193,82.17540014271152,82.6679570202005,173589300
2010-03-01,83.50382995605469,83.58592372951044,82.96649096392213,82.98887913962112,147709700
2010-03-02,83.73516845703125,84.1381726358058,83.5859101806725,83.86204425515828,160992400
2010-03-03,83.80979919433594,84.30982065893019,83.60082964626979,83.95159284179763,150785000
2010-03-04,84.06352233886719,84.18293348496906,83.60827730856826,83.92172302633043,135770400
2010-03-05,85.26507568359375,85.33224018741423,84.40682651825183,84.60833141738773,176118800
2010-03-08,85.2800064086914,85.46658208234587,85.13074814730292,85.27254748130838,114631200
2010-03-09,85.42179107666016,85.81733052588356,84.98147529547539,85.02625162743676,154556700
2010-03-10,85.80242919921875,86.03378123271234,85.3845014757882,85.45913061299534,186088800
2010-03-11,86.1606216430664,86.18301550096565,85.33969002901718,85.60089476614608,160791100
2010-03-12,86.16812133789062,86.54873736340383,85.92930466761221,86.53380811872725,162074800
2010-03-15,86.19051361083984,86.25021920470905,85.52630453710154,86.01886714576436,146816800
2010-03-16,86.87708282470703,86.95917086710996,86.19048014944573,86.42929673836895,168673000
2010-03-17,87.39202117919922,87.6756197718524,86.8845352539546,87.138281063495,177468100
2010-03-18,87.34727478027344,87.51892122468983,86.99651157580756,87.39951574516166,196509100
2010-03-19,86.90512084960938,87.8942967726296,86.56789827660991,86.90512084960938,226641100
2010-03-22,87.3697280883789,87.52710204895554,86.35807182876417,86.4105279098617,184477800
2010-03-23,87.98423767089844,88.05917412639091,87.21237559919918,87.49714213426971,182941600
2010-03-24,87.55709075927734,87.99922558066613,86.61288109778279,87.65451330019086,196072600
2010-03-25,87.41472625732422,88.55377545344639,87.30981405704794,88.14911165925814,223396300
2010-03-26,87.36225128173828,87.99172434739226,87.01753902426803,87.57957099743832,205808500
2010-03-29,87.91682434082031,88.0741926724717,87.44471934586615,87.80441675613011,134513500
2010-03-30,87.97673797607422,88.298969864374,87.6095453601509,88.02169870369774,145772500
2010-03-31,87.67699432373047,88.06666733845262,87.38473813336752,87.63952323582329,161078700
2010-04-01,88.27649688720703,88.6137138071701,87.75193024613803,88.27649688720703,161215200
2010-04-05,88.99588775634766,89.0558334860887,88.36640899714686,88.61370442816448,105847600
2010-04-06,89.20573425292969,89.36310255248236,88.64370216140463,88.74111899904598,110384200
2010-04-07,88.6961441040039,89.44552010642552,88.28398501575796,89.02587137460067,184576300
2010-04-08,89.00337219238281,89.15325080117893,88.12660377074184,88.3888841895296,158704000
2010-04-09,89.587890625,89.62535598941737,89.02585870318013,89.19071659772844,133006500
2010-04-12,89.73026275634766,89.9625731578032,89.59537487453876,89.70028703624746,110279000
2010-04-13,89.79769897460938,89.95506719862898,89.17571571971045,89.64033075058977,125043600
2010-04-14,90.81685638427734,90.81685638427734,89.98504877650461,90.1274262928725,161609000
2010-04-15,90.89180755615234,91.10163190252639,90.63701676606624,90.66699248944606,144615300
2010-04-16,89.44552612304688,90.89182213369818,88.98840627343837,90.56959020229031,366786700
2010-04-19,89.78272247314453,89.87264963708692,88.77856153690024,89.18322519871465,217947800
2010-04-20,90.58457946777344,90.65952165040918,89.82771373526774,90.34477934828222,157708000
2010-04-21,90.41973114013672,90.84687532703973,89.9176447626336,90.63704519756044,192910100
2010-04-22,90.68946838378906,90.80187591160315,89.26565875575861,89.7827242360484,115360300
2010-04-23,91.28150177001953,91.31897286228634,90.39723773501113,90.62954821595055,177335500
2010-04-26,90.93677520751953,91.51379792127376,90.84685374781711,91.31146320237316,143457300
2010-04-27,88.78606414794922,90.92927408275106,88.613705165637,90.41220857038383,355853300
2010-04-28,89.46052551269531,89.68534065160584,88.6287175029274,89.2132357206375,300674100
2010-04-29,90.569580078125,90.75692407039031,89.97757237649243,90.00005274079868,193775000
2010-04-30,89.03337097167969,90.68200179168727,89.01089060385947,90.58457924141858,270000900
2010-05-03,90.18737030029297,90.43466566975243,89.32558704499326,89.46047490858176,182747900
2010-05-04,88.066650390625,89.19820956369404,87.61702600869265,89.18322456178612,360353400
2010-05-05,87.54210662841797,88.27649764530726,86.90513815341464,87.34726726193136,328973200
2010-05-06,84.63455200195312,87.67701762150962,78.68450299366248,87.12248082029936,647356600
2010-05-07,83.37557983398438,85.25650957845195,81.98923530306328,84.40971671124372,637558800
2010-05-10,87.0475082397461,87.41470083391997,86.11078835450753,86.78522209805173,396159600
2010-05-11,86.8001937866211,87.94673776000344,86.11076947439268,86.2306666204274,317849800
2010-05-12,88.01421356201172,88.14161183387763,86.99506169079713,87.14494032908483,235607100
2010-05-13,86.9201431274414,88.18659072463238,86.84520665151061,87.77443153108305,234452500
2010-05-14,85.34642791748047,86.42553113308418,84.58206695128442,86.26816286702278,345601400
2010-05-17,85.39140319824219,85.8185473409991,83.75776309278339,85.57874722080724,325739800
2010-05-18,84.22986602783203,86.34310618147103,83.95259484143122,86.08831536096764,360556800
2010-05-19,83.75025177001953,84.50711730882595,82.70112437175904,83.75774141253767,394742700
2010-05-20,80.587890625,82.34892297007266,80.53543453701178,81.96673963342437,530418300
2010-05-21,81.7644271850586,81.96675621758286,78.95426679436311,79.3664259385795,500909400
2010-05-24,80.71530151367188,81.97425362886943,80.64036504483707,81.32229434370578,269823000
2010-05-25,80.79772186279297,80.83519295052858,78.21986653674242,78.76691354434186,396505200
2010-05-26,80.31062316894531,82.03419022626632,80.070823081754,81.29230959984399,349719300
2010-05-27,83.00090789794922,83.0308836314404,81.51714053521171,81.82438751553143,300870500
2010-05-28,81.9592514038086,82.97090781376244,81.56957270007452,82.9109563643749,297933500
2010-06-01,80.58041381835938,82.39390266897796,80.46051661133048,81.19490201225848,277909400
2010-06-02,82.67867279052734,82.68616243565266,80.5654322560553,80.99257643693944,240243700
2010-06-03,82.96341705322266,83.22569751222929,82.11662422349117,82.91845632233158,226618300
2010-06-04,80.04833984375,81.92927510478286,79.77856404068214,81.38972349864716,398475600
2010-06-07,79.05168151855469,80.64036087522403,78.99173577695807,80.33311393641598,264609100
2010-06-08,79.89845275878906,80.05582099643587,78.42218146435644,79.11160585327119,357774300
2010-06-09,79.47132110595703,81.14242625851112,79.13409850096508,80.36307459109037,268023300
2010-06-10,81.79439544677734,81.89181227320353,79.4638355181776,80.82769967457132,317890600
2010-06-11,82.19156646728516,82.24402256277956,81.02254164353239,81.0749977390268,214128200
2010-06-14,82.06416320800781,83.27065896433628,81.98173139479644,82.82102881326155,207196100
2010-06-15,83.93009185791016,84.00502829646939,82.49878129710851,82.6411645324697,238268700
2010-06-16,83.9001693725586,84.24488178247348,83.33064178704001,83.4955054868444,216374000
2010-06-17,84.0350112915039,84.17739453919333,83.21819432110189,84.13992345802738,263185800
2010-06-18,84.12615966796875,84.42733168435507,83.85510025763068,84.20145267206533,174006600
2010-06-21,83.88521575927734,85.23297599695138,83.418389958552,85.17274504241246,213140700
2010-06-22,82.49980163574219,84.25415674579344,82.37933398037809,83.88521701160055,239355400
2010-06-23,82.24375915527344,82.84610859059451,81.67905332838728,82.55246202017248,254639900
2010-06-24,80.88097381591797,81.9426240786191,80.6701511169529,81.83721272913657,268523600
2010-06-25,81.21977233886719,81.63388656760888,80.39153239241243,81.12188630274852,238726500
2010-06-28,80.96377563476562,81.55859994056046,80.67012899252953,81.34024627809252,169218600
2010-06-29,78.46401977539062,80.9487286035913,77.96708145644256,79.82684182201388,373649500
2010-06-30,77.71858978271484,78.96846915862811,77.46258679351288,78.24564631271105,284101700
2010-07-01,77.37223815917969,77.92188201001825,76.14494034512944,77.66588476321353,382924800
2010-07-02,76.95063781738281,77.86922759110497,76.51393600641569,77.63581750727003,233385200
2010-07-06,77.45504760742188,78.58445917842519,76.70963183453098,78.03480968629715,256935300
2010-07-07,79.89459228515625,79.99247257448127,77.56800095817742,77.65082495086995,253769400
2010-07-08,80.68519592285156,80.77554520625199,79.74401925752053,80.56472255233568,210842100
2010-07-09,81.28755187988281,81.29508290224886,80.51202316630066,80.66260914670008,144999900
2010-07-12,81.34027099609375,81.49838802500194,80.67768453050404,81.01650591466617,131283600
2010-07-13,82.56755828857422,82.89131758216884,82.01790852830072,82.18355655864306,213025900
2010-07-14,82.56002807617188,82.88379311743087,81.96520366341757,82.30402500554312,184426800
2010-07-15,82.58260345458984,82.86871908556662,81.44566046329756,82.52989779244974,232337900
2010-07-16,80.30870819091797,82.2287047334973,80.15058548959571,82.13834972481105,282693400
2010-07-19,80.78307342529297,81.03907071202777,79.97742645750068,80.6023691202751,186709000
2010-07-20,81.6790771484375,81.73930808839543,79.67625047431137,79.71389983821068,258162400
2010-07-21,80.61741638183594,82.12329882531432,80.2861204060353,82.10071150777985,264527000
2010-07-22,82.41694641113281,82.77836072939012,81.56612488858003,81.57365016485623,274781300
2010-07-23,83.13224029541016,83.2527078997648,82.01788479658101,82.2512947293519,222020800
2010-07-26,83.99813079833984,84.08095480209042,83.04189786115539,83.27530782927812,184445700
2010-07-27,83.9906005859375,84.54777551475821,83.65930459040229,84.45742049475244,204855600
2010-07-28,83.44847106933594,84.07341361776108,83.16988076902365,83.81741063338231,163056200
2010-07-29,83.04190826416016,84.19390769493322,82.37932189563688,83.96802297559115,220149100
2010-07-30,83.02680969238281,83.47104791312113,82.05552076218645,82.19857565997971,220070600
2010-08-02,84.90164947509766,85.0371791179313,83.98306031194574,84.3218815467872,188263200
2010-08-03,84.49507904052734,84.9091933354748,84.2164886735911,84.69084539957677,146657300
2010-08-04,85.05974578857422,85.16515706913876,84.44986541609597,84.72844990995199,158171700
2010-08-05,84.96942901611328,85.01460940273542,84.38966671225573,84.51766536129763,140473800
2010-08-06,84.62306213378906,84.7585917813708,83.51623763595244,84.13364919838358,239728300
2010-08-09,85.0748062133789,85.21786684872997,84.5703370969615,85.02210057053655,120800400
2010-08-10,84.61554718017578,85.0673165875547,83.85508054969368,84.35201885552918,242916300
2010-08-11,82.2964859008789,83.34307384212775,82.16095623790133,83.3129555009676,273406900
2010-08-12,81.7919921875,82.08563876614106,81.01646374932052,81.05411310329394,239542600
2010-08-13,81.55105590820312,82.04046881534211,81.45317562456941,81.53599961244609,158698500
2010-08-16,81.51342010498047,81.7769483896117,80.70024218855913,80.99388881207477,147895300
2010-08-17,82.51481628417969,83.11717149038891,81.98022876729937,82.21364442556005,172270300
2010-08-18,82.66543579101562,83.10966845319,82.00284943668393,82.47720044375797,182922100
2010-08-19,81.22730255126953,82.4395384616724,80.88848127584669,82.23624684531589,265847600
2010-08-20,80.96377563476562,81.27248431964702,80.37648235029343,80.98636295424745,209714200
2010-08-23,80.65505981445312,81.74682220796166,80.61741045833826,81.34776430887902,163490300
2010-08-24,79.45790100097656,80.10543103175962,79.03625567655475,79.77413499429294,280677800
2010-08-25,79.76660919189453,80.06778113907906,78.52425480405499,79.0211931124988,272234800
2010-08-26,79.23200225830078,80.2484716941845,78.96846825184346,80.14306038939569,224439500
2010-08-27,80.45931243896484,80.54213644632215,78.5393097149351,79.72895841653403,272649000
2010-08-30,79.292236328125,80.49694684970501,79.28471105211712,80.24847487379273,167238600
2010-08-31,79.292236328125,79.79671130044296,78.67482477083372,78.99858971822339,273933100
2010-09-01,81.66398620605469,81.7769285132985,80.30869575258205,80.36140139669791,256828100
2010-09-02,82.42446899414062,82.43952528963742,81.68658413612484,81.85976312900618,156112200
2010-09-03,83.4936294555664,83.56892240885655,82.78586305677402,83.23010124680886,212197300
2010-09-07,82.5524673461914,83.20752821565627,82.48470539994595,83.10211691406217,141973700
2010-09-08,83.13224029541016,83.46353051574953,82.68047098174522,82.71812033937911,149924400
2010-09-09,83.5162353515625,84.08847226397606,83.29035644142836,84.06588494741118,147017900
2010-09-10,83.93791198730469,84.03579230384048,83.47861726177482,83.66685261668091,127819000
2010-09-13,84.87152862548828,85.04470187568505,84.42729035316474,84.76611732245934,178503500
2010-09-14,84.8188247680664,85.3007066619587,84.38964852680341,84.70588244257924,209823600
2010-09-15,85.14259338378906,85.24047367304932,84.31435920189713,84.57035645587887,168608400
2010-09-16,85.12001037597656,85.17271603355205,84.59294805573595,84.87906940641926,199962900
2010-09-17,85.15179443359375,85.65139881823796,84.91713491820947,85.56813142079726,195836900
2010-09-20,86.45379638671875,86.6430394413544,85.17451148930509,85.4470219499996,214555200
2010-09-21,86.27969360351562,86.93068438008005,85.92391574668792,86.52192447568179,268389100
2010-09-22,85.85578155517578,86.62789639749228,85.61355069342221,86.14343467398515,191322400
2010-09-23,85.15936279296875,86.04501877995828,84.91713194758941,85.1517914547647,202354300
2010-09-24,86.91555786132812,86.97611703041476,86.02990167058701,86.10559774432518,209671800
2010-09-27,86.49920654296875,87.04422742448085,86.4159449182415,86.94582312235644,128761800
2010-09-28,86.8019790649414,87.0820607879346,85.6740923862726,86.61273606230122,209207500
2010-09-29,86.65060424804688,86.98367384717231,86.30996331023971,86.58247375038974,179665800
2010-09-30,86.39324951171875,87.64982634534947,85.98448376253432,87.08966844101845,287106700
2010-10-01,86.7565689086914,87.14262627925093,86.24182767302489,87.0442162145609,174638700
2010-10-04,86.1055908203125,86.93825911495549,85.6741168819368,86.57491568013371,166153200
2010-10-05,87.83905029296875,88.05100157410097,86.80199635286988,86.90040642999503,229634100
2010-10-06,87.83148956298828,88.0585835489104,87.47571168015558,87.82391822339355,148626600
2010-10-07,87.72550964355469,88.2099713997387,87.19563140249083,88.18726315729877,164860000
2010-10-08,88.21753692626953,88.45976778840082,87.51355258081931,87.84662218196458,177760100
2010-10-11,88.3008041381836,88.54303499979814,87.99801411735558,88.35379195868555,103098300
2010-10-12,88.5733413696289,88.83070921127161,87.543858452576,88.01317764033413,182210000
2010-10-13,89.26216888427734,89.73906511155644,88.85340316456958,89.06536025182702,194347200
2010-10-14,88.9139633178711,89.330300381977,88.35380544772512,89.17890246082932,217764300
2010-10-15,89.09562683105469,89.58765992273598,88.38407688062476,89.5346720990312,243705000
2010-10-18,89.53467559814453,89.82989430964285,88.80041160151131,89.12590989562996,141204800
2010-10-19,88.36137390136719,89.20917913114089,87.82391851789852,88.70958044577281,280604700
2010-10-20,89.22431182861328,89.65578573485008,88.4673396580056,88.52032747893857,200051800
2010-10-21,89.42110443115234,90.14779689185124,88.72469154488736,89.62549011477165,221585500
2010-10-22,89.5876693725586,89.72392461577749,89.32273022608858,89.5573897879277,108212400
2010-10-25,89.85259246826172,90.65498687954451,89.7844677464418,90.1856620644636,151145700
2010-10-26,89.86775970458984,89.95859269183924,89.22433435219638,89.39843476125162,158982900
2010-10-27,89.61035919189453,89.70876926552032,88.76255409751283,89.23944446310254,190024000
2010-10-28,89.6255111694336,90.16296074760596,89.19403723905636,90.12510982686213,168576000
2010-10-29,89.6936264038086,89.86773253546826,89.37569949407082,89.53466294893971,144305500
2010-11-01,89.7238998413086,90.64740670421224,89.20915859519371,90.13266545809736,174074800
2010-11-02,90.43547821044922,90.64742952245496,90.15539639087586,90.39762728677387,158345900
2010-11-03,90.798828125,90.85181595677035,89.66336963685791,90.59444813824025,226702800
2010-11-04,92.54743194580078,92.59284843421769,90.8139647432611,91.80559657529746,215039400
2010-11-05,92.89566040039062,93.04705258096605,92.4868945825472,92.60800717195923,180654100
2010-11-08,92.72152709960938,92.87292501118428,92.30519583706797,92.60798010973815,156107100
2010-11-09,92.05538177490234,93.069721663418,91.68446704591786,92.97131736498021,186621600
2010-11-10,92.42631530761719,92.47173757210865,91.33627913890638,92.0326922585461,221387400
2010-11-11,92.07809448242188,92.21434970430616,91.3514018907855,91.63148367333633,158017600
2010-11-12,90.9880599975586,91.85857921960991,90.57172873500522,91.45738486059456,239068800
2010-11-15,90.8593978881836,91.63151298425707,90.82155273264506,91.27573502579588,163940800
2010-11-16,89.44385528564453,90.45062411788166,89.01237550366201,90.29923195859146,299566200
2010-11-17,89.48926544189453,89.86018024856055,89.21675495427534,89.48169410189392,172308900
2010-11-18,90.80638122558594,91.13187949114872,90.34462773780524,90.35219907660606,197723700
2010-11-19,91.05618286132812,91.09402800461761,90.26893111289138,90.76096417756926,156852900
2010-11-22,90.98048400878906,91.0183291509177,89.90557917307922,90.6019979360679,181361000
2010-11-23,89.66336059570312,90.09483454668006,89.31515405414629,89.90559148440526,222309000
2010-11-24,90.9880599975586,91.01077401572535,90.21595086184375,90.23108776538177,140046100
2010-11-26,89.92831420898438,90.69285209641625,89.92831420898438,90.20082470706085,76007800
2010-11-29,90.20083618164062,90.44306712460755,89.12593095793628,89.70123161319816,223642300
2010-11-30,89.6936264038086,90.20836768515316,89.17888512246402,89.30757477422945,233930700
2010-12-01,91.60121154785156,91.77531192733665,90.98049454769644,90.98806011185505,221037200
2010-12-02,92.77449035644531,92.84262084242175,91.69202012011213,91.74500793132124,191213600
2010-12-03,93.02429962158203,93.13027525209857,92.43386231577882,92.45657055442685,151288900
2010-12-06,92.9259262084961,93.13787753996102,92.72911178274697,92.82751610800122,103050500
2010-12-07,92.97891998291016,93.87214763347761,92.9259321466579,93.81915979722534,206581000
2010-12-08,93.31953430175781,93.3952303686646,92.66097216690504,93.09244610103744,138019200
2010-12-09,93.6828842163086,93.87969283670581,93.22113069687558,93.84184769058623,123705100
2010-12-10,94.2279052734375,94.31873824444247,93.66017610369738,93.97053171336397,117571700
2010-12-13,94.2884521484375,94.77291387779414,94.25817256844779,94.65937267188194,133812700
2010-12-14,94.37171936035156,94.79562770411806,94.08407201388519,94.43227852020954,147249600
2010-12-15,93.94026184082031,94.56855023966261,93.7812983498916,94.19763542749563,160823100
2010-12-16,94.48526763916016,94.55339813874609,93.67530763446166,94.00080590412027,185035200
2010-12-17,94.58647918701172,94.70822867250517,94.22121911930769,94.41906856454787,141075300
2010-12-20,94.81478118896484,95.04306950402729,94.34299385273492,94.84522001801405,119085500
2010-12-21,95.4158935546875,95.47677118634275,95.0202005601494,95.11151120202177,94965500
2010-12-22,95.71269989013672,95.74313871713908,95.43115090018703,95.48441739603801,78878100
2010-12-23,95.57572174072266,95.71269355035425,95.33982810409523,95.60616056570882,70053700
2010-12-27,95.61378479003906,95.70509547186391,95.14960280538597,95.21808581675461,58126000
2010-12-28,95.75072479248047,95.84203544395521,95.49960888970271,95.80399127437776,55309100
2010-12-29,95.81922149658203,96.03228745466934,95.8040049876952,95.86488263446641,58033100
2010-12-30,95.66703796386719,95.97902575933269,95.52245499696657,95.72791561367927,76616900
2010-12-31,95.68984985351562,95.78116631317721,95.370250953117,95.52243924694169,91218900
2011-01-03,96.67909240722656,97.09761312336184,95.65180109123236,96.42036533770737,138725200
2011-01-04,96.62584686279297,96.9226181677584,96.02469309474148,96.89217934088853,137409700
2011-01-05,97.12806701660156,97.18894466659597,96.23014199882678,96.3214584738184,133975300
2011-01-06,96.93783569335938,97.27265698682098,96.64867554348695,97.16612399446731,122519000
2011-01-07,96.74759674072266,97.22699520315814,95.99425464100617,97.06719571567965,156034600
2011-01-10,96.62584686279297,96.76281868090106,96.03229844724949,96.32146439970691,122401700
2011-01-11,96.96821594238281,97.20410945357594,96.60295604238487,96.97582709598524,110287000
2011-01-12,97.84339141845703,97.94992443202563,96.99112150429448,97.56184237071739,107929200
2011-01-13,97.6835708618164,97.92708148984974,97.44007184500889,97.88142614989994,129048400
2011-01-14,98.39124298095703,98.41407064617951,97.47810153838768,97.54658453405511,117677900
2011-01-18,98.55867004394531,98.64998072006982,98.18579876439468,98.2999371095503,114401300
2011-01-19,97.59223937988281,98.57386381324511,97.33351810116386,98.47494780151338,151958400
2011-01-20,97.46287536621094,97.70637432268572,96.73996643098411,97.37155890332428,175745700
2011-01-21,97.6835708618164,98.29233582067391,97.57703786485827,98.0716644738413,151462900
2011-01-24,98.23907470703125,98.35321305641685,97.5998651167945,97.62269278667164,113715500
2011-01-25,98.29232788085938,98.3760332010811,97.48571931030003,97.98033426810343,167552200
2011-01-26,98.67280578613281,98.96197173453274,98.33798450087501,98.5358397755592,141281500
2011-01-27,98.91627502441406,99.0836855970209,98.52057625177788,98.69559217360496,123302700
2011-01-28,97.18894958496094,99.19026033911736,97.02915009984793,99.03045504839181,295637300
2011-01-31,97.91944122314453,97.99554117910137,97.21176039988275,97.4552709699662,149249200
2011-02-01,99.48705291748047,99.66206895048553,98.45215581632557,98.51303348242028,167194300
2011-02-02,99.29680633544922,99.56313303990946,99.17505101335085,99.22831170975226,118323600
2011-02-03,99.51746368408203,99.66965200966236,98.59671676702479,99.1217647485932,145886700
2011-02-04,99.79898071289062,99.83703068490894,99.09890535039433,99.55548179217163,134634800
2011-02-07,100.42298889160156,100.7501931751814,100.01206768521793,100.01968464795847,112439100
2011-02-08,100.87957763671875,100.93283832622902,100.24036808401993,100.5143117176837,99072800
2011-02-09,100.65128326416016,100.92522688128689,100.14905136422375,100.6056279298431,146436700
2011-02-10,100.68933868408203,100.80347702603855,99.91316312510267,100.14145142024071,162708500
2011-02-11,101.2905044555664,101.41986513628189,100.27082971729585,100.29365738970287,137710300
2011-02-14,101.53398132324219,101.61768664086233,101.11546634636595,101.2296046834732,101690700
2011-02-15,101.21437072753906,101.37417599233467,100.68932282600655,101.22198768995321,119575400
2011-02-16,101.85356140136719,101.97530505409806,101.35132964598127,101.55679020249751,130183500
2011-02-17,102.15795135498047,102.29491733648298,101.46548126301306,101.55680352857065,109810500
2011-02-18,102.37100982666016,102.4927650977129,102.01336097495626,102.2492545556074,130002400
2011-02-22,100.31647491455078,102.39387417203899,100.04253126215035,101.29809956243724,233116400
2011-02-23,99.7000732421875,100.49907627799169,99.08370312095126,100.25556572523443,227584000
2011-02-24,99.63159942626953,100.01969299928349,98.69563021770436,99.59356105428552,260431400
2011-02-25,100.69695281982422,100.75783047791947,99.98926020428983,100.05013786238509,141686900
2011-02-28,101.3208999633789,101.45027220741594,100.73497444025946,101.06979565988358,141585500
2011-03-01,99.63159942626953,101.73183774265192,99.60116640643739,101.64052707193083,258565500
2011-03-02,99.84465789794922,100.3088397373032,99.1902377901915,99.49461437514849,200277400
2011-03-03,101.56441497802734,101.67855330279981,100.74258420599575,100.7501895572395,176480100
2011-03-04,100.80348205566406,101.68619064825425,100.14145641683423,101.48833536402421,277202300
2011-03-07,100.0120620727539,101.3285193183844,99.48701417818737,101.1002310622294,216790400
2011-03-08,100.88717651367188,101.20677546389516,99.7381413632579,100.17187864883792,174615000
2011-03-09,100.74259948730469,101.0545931039724,100.14145153361143,100.68933879807301,153806000
2011-03-10,98.87824249267578,99.8218168560699,98.77931487926618,99.68485087863098,301291800
2011-03-11,99.5631103515625,99.92075927170912,98.53583053492294,98.5586582012111,225621800
2011-03-14,98.96194458007812,99.28914881192706,98.20859689496132,98.91628925574774,234974100
2011-03-15,97.8281478881836,98.41408514138328,96.26058605216569,96.32906905791984,359585400
2011-03-16,96.01703643798828,97.83571919658297,95.33217767197499,97.51610876309368,468670300
2011-03-17,97.2878646850586,97.69878010646367,96.71714978959801,97.40200882527314,254303700
2011-03-18,97.6417236328125,98.49769574318506,97.4506588981534,98.46711885510669,230435400
2011-03-21,99.15496826171875,99.36130979823932,98.74226186534352,98.85690771396644,153992600
2011-03-22,98.81102752685547,99.26958752909444,98.71932019107379,99.13966491618196,129538600
2011-03-23,99.09381103515625,99.35365626042231,98.06970691557926,98.53589364591028,148603100
2011-03-24,100.04150390625,100.18671499005778,99.10146855010952,99.65937438535269,159129800
2011-03-25,100.3471908569336,100.7828123439648,100.0338419248889,100.30133719110553,155642800
2011-03-28,100.10262298583984,100.8210281856201,100.07205776233774,100.56118297002527,109762400
2011-03-29,100.77518463134766,100.8057498579167,99.689938332324,100.0185640800216,129798800
2011-03-30,101.47065734863281,101.76871785296166,101.15730840104817,101.30251945781497,135835000
2011-03-31,101.33309173583984,101.61587547826107,101.22609594893255,101.34074178883289,132537100
2011-04-01,101.76104736328125,102.23489571572298,101.5164906286307,101.95976210070175,153850100
2011-04-04,101.84513854980469,102.15848750293942,101.55472809279263,101.97506116561689,100768900
2011-04-05,101.82987213134766,102.28078213711501,101.60059210177666,101.6464457753575,120791500
2011-04-06,102.15086364746094,102.41070891605978,101.73815724517603,102.31900156518188,120411600
2011-04-07,101.8910140991211,102.39541616943023,101.38660036714523,101.9674330010871,170731500
2011-04-08,101.53945922851562,102.40307569847839,101.11911441297322,102.34193357424788,147945400
2011-04-11,101.23373413085938,101.99034294181435,100.98916569708398,101.64642878577438,121385400
2011-04-12,100.47713470458984,100.86690260818888,100.11029363875151,100.66819946037378,161187400
2011-04-13,100.46949768066406,101.01975345608086,100.08736816389269,100.94333454972701,162059000
2011-04-14,100.54590606689453,100.69875552527695,99.56001714791164,99.88864290035055,161220400
2011-04-15,100.91272735595703,101.16493416069402,100.43125223933541,100.72931270644932,170006700
2011-04-18,99.7816390991211,100.90510060358106,98.97916492998324,99.80456593295374,210759300
2011-04-19,100.35482788085938,100.38540476543822,99.68992641207684,99.93448318038466,124258800
2011-04-20,101.72286224365234,101.94449218913807,101.48593219353745,101.55472435604312,156133800
2011-04-21,102.2425765991211,102.28843027707187,101.72288603345513,102.25021499155694,135935400
2011-04-25,102.13554382324219,102.30368168930708,101.79926809111237,102.1661090435887,65757100
2011-04-26,103.01445007324219,103.22080323764916,102.34191018375279,102.44890596128508,146600000
2011-04-27,103.68700408935547,103.83985353779744,102.79282257122127,103.21316730068574,143031000
2011-04-28,104.02330017089844,104.16086120283875,103.48832116612887,103.50359795078823,124791100
2011-04-29,104.2678451538086,104.37485260426884,103.9239309513758,104.06150362934872,115094100
2011-05-02,104.10734558105469,104.8410275754246,103.90099241815969,104.7569702938113,126278700
2011-05-03,103.73283386230469,104.08439800823538,103.20549347423999,103.90862176610139,138375000
2011-05-04,103.04502868652344,103.73285703052312,102.58646868274677,103.68700336247852,182678500
2011-05-05,102.11266326904297,103.13676770888813,101.66175317918606,102.47186599463579,226900000
2011-05-06,102.56353759765625,103.65643384130382,102.16611972163307,103.12909335731753,222787200
2011-05-09,102.96094512939453,103.25900559105017,102.39538942655354,102.55588890359749,114104500
2011-05-10,103.83982849121094,104.02325478209738,103.1749271369493,103.30484971987039,114806900
2011-05-11,102.74695587158203,103.70227938026356,102.27311914300846,103.68699093885876,193564200
2011-05-12,103.23606872558594,103.45006023306848,101.94446963006895,102.47181000981612,171550700
2011-05-13,102.44127655029297,103.43481563423684,102.07443547650372,103.289604550827,157444900
2011-05-16,101.79166412353516,102.87691056861203,101.62352620061236,102.07443623860188,141675400
2011-05-17,101.77635192871094,101.9139245888498,100.97387778595133,101.40951093778206,192686200
2011-05-18,102.68582916259766,102.79282494514456,101.6082212844473,101.8298629022224,135217900
2011-05-19,102.93042755126953,103.19792294657404,102.36488318425027,103.02214658885214,119489500
2011-05-20,102.11266326904297,102.93041447762506,101.92159848571355,102.66293077796522,182594900
2011-05-23,100.92801666259766,101.43243027639616,100.56881408868031,100.86687455834961,168700000
2011-05-24,100.84396362304688,101.44008465635231,100.65289889027807,101.21845469747345,147199600
2011-05-25,101.18023681640625,101.60058155002027,100.4083395140718,100.43890473939577,151050100
2011-05-26,101.64642333984375,101.82984965534783,100.71402664394363,100.90509134946966,164850000
2011-05-27,102.03619384765625,102.31132749737883,101.61586081368006,101.92919807618995,120921900
2011-05-31,103.09852600097656,103.11381444499256,102.28841339311752,102.99918026903738,164731200
2011-06-01,100.78282165527344,103.11381373076554,100.69875270626665,102.8004647697706,233094300
2011-06-02,100.67581176757812,101.06559123185359,100.0873408686352,100.85159969375358,200466800
2011-06-03,99.67464447021484,100.438903371224,99.4147992426714,99.46829130167606,234690200
2011-06-06,98.61997985839844,99.62880737312662,98.49005722301689,99.42245417026544,179951200
2011-06-07,98.55884552001953,99.40717347432478,98.47477656376705,99.1243897151118,161660500
2011-06-08,98.14614868164062,98.73463143267624,97.96272230605773,98.40599396746539,198696400
2011-06-09,98.89507293701172,99.30012912253999,98.17667954157501,98.41359787707316,160964400
2011-06-10,97.51944732666016,98.5359073661943,97.25960206521286,98.47477690840294,238629400
2011-06-13,97.59584045410156,98.00854671137272,97.09907692917258,97.74105148307981,207599800
2011-06-14,98.83396911621094,99.17788329782287,98.45183965627199,98.49004327293336,160570400
2011-06-15,97.07615661621094,98.81867169309331,96.81631140586381,98.00855917750252,300958000
2011-06-16,97.29015350341797,97.80220553123446,96.5411772681922,97.1067271820368,308032800
2011-06-17,97.5804672241211,98.26402924053204,97.25020646317901,98.25634712244339,233284900
2011-06-20,98.07971954345703,98.28709576860477,97.2195096013353,97.25023222208834,159479000
2011-06-21,99.42378997802734,99.6158019369341,98.11811100135732,98.58662064986902,193157300
2011-06-22,98.82472229003906,99.70029643083369,98.76327705145054,99.11658424346425,176703000
2011-06-23,98.54054260253906,98.8016760617885,96.91996115210952,97.66496851251193,334286500
2011-06-24,97.39615631103516,98.59430920896756,97.25023118868486,98.51751144751219,226129300
2011-06-27,98.26404571533203,98.6403816686844,97.26558114701606,97.45759311325067,168904700
2011-06-28,99.54669189453125,99.56205613446541,98.51751048908694,98.65575349005054,165556300
2011-06-29,100.39920043945312,100.56048390022487,99.5620312244576,99.99981233745922,244295500
2011-06-30,101.35928344726562,101.52056694518097,100.39154730133048,100.72180227671592,223322700
2011-07-01,102.8569564819336,102.99521117537486,101.21333471444558,101.4514276492555,202385700
2011-07-05,102.77250671386719,102.97988296684196,102.44992794228591,102.74946621014588,165936000
2011-07-06,102.89535522460938,103.02592193224375,102.2348337086789,102.52669559602535,143331600
2011-07-07,103.96298217773438,104.22411569618322,103.59432240348409,103.809374915087,170464200
2011-07-08,103.22564697265625,103.96297821251746,102.44992270820971,102.78786570483433,194100500
2011-07-11,101.35928344726562,102.28861485387013,101.12119047068896,101.95835987848469,195918600
2011-07-12,100.92149353027344,101.98140342617667,100.89077676957947,101.14423399335986,214675700
2011-07-13,101.25942993164062,102.31933975884012,101.01366070357561,101.45144190210543,204062600
2011-07-14,100.56050109863281,101.98139433327722,100.36848913284196,101.51288466796834,226111800
2011-07-15,101.14420318603516,101.28244614627292,100.43760071048287,101.1211626926622,220012800
2011-07-18,100.31472778320312,100.82931842418706,99.56204418947078,100.6757112017184,196872100
2011-07-19,101.9429931640625,102.0658836391449,100.85236656653797,100.87540706568082,166554900
2011-07-20,101.88151550292969,102.26553932573678,101.704867825892,102.20410582722742,137145400
2011-07-21,103.29475402832031,103.54821121157117,101.89690139090278,102.45757300989312,245246300
2011-07-22,103.36384582519531,103.47137201876312,102.73404117752946,103.31776484501998,126019400
2011-07-25,102.78783416748047,103.294748506886,102.27324356940962,102.38076978811877,136653800
2011-07-26,102.40382385253906,102.88769776058504,102.17340714778,102.7187262917271,131278200
2011-07-27,100.30706787109375,101.86620428623122,100.17648940526097,101.83547580504171,249020100
2011-07-28,100.01522064208984,101.20569749483329,99.85392539077012,100.30708265900957,207939900
2011-07-29,99.33162689208984,100.2686461787754,98.287081378382,99.00904821102299,307038400
2011-08-01,98.9092025756836,100.5835530063475,97.94914274968924,100.49137929380544,325790900
2011-08-02,96.38230895996094,98.69413429108612,96.38230895996094,98.16417947697464,346653800
2011-08-03,96.90460205078125,97.01212828790672,94.87695606535748,96.51290184114151,370830800
2011-08-04,92.36544036865234,95.7141296188531,92.2118272756787,95.56051652587946,520721800
2011-08-05,92.22718811035156,93.75560170564188,89.75407307230243,93.51750874499719,655619200
2011-08-08,86.2210693359375,92.25792702976891,86.03673359860167,89.7924936753784,702263900
2011-08-09,90.23027038574219,90.35315500337916,84.6926398385359,87.61122421910501,717828700
2011-08-10,86.24410247802734,89.30861206787868,85.98296313562467,88.52520576015198,662607400
2011-08-11,90.11504364013672,91.33623674625281,86.26712278359676,86.98908954152056,487979700
2011-08-12,90.72180938720703,91.55897868706745,90.07664618002325,90.93686183635504,313731600
2011-08-15,92.64196014404297,92.73412216204026,91.39772016340389,91.54365117155525,258810600
2011-08-16,91.8508529663086,92.69571041233264,90.8677525124707,91.75869096109938,294095200
2011-08-17,91.9122543334961,93.08736621687845,91.18261146177471,92.35772334515707,238201100
2011-08-18,87.94917297363281,91.94301999600236,87.08895715446883,89.47758676345713,512956300
2011-08-19,86.51290893554688,89.00138231674808,86.40538270584769,86.75868401196502,428281300
2011-08-22,86.58201599121094,88.50213515675973,86.33624097241024,88.45604831216427,275090600
2011-08-23,89.4314956665039,89.53133977988374,86.46683042587006,86.90461747644343,331136600
2011-08-24,90.69108581542969,90.81397041661586,89.0320997513688,89.23947593924626,246869700
2011-08-25,89.30855560302734,91.70486573116548,88.99365919892406,91.19027535144978,312365400
2011-08-26,90.60659790039062,91.02134440639,87.44223892484328,88.85544989266407,314495900
2011-08-29,93.21028900146484,93.26405211741545,90.67572871295884,91.82780050596335,190977200
2011-08-30,93.45603942871094,94.03207517325188,91.59736549932946,92.80320009017893,241315700
2011-08-31,93.87081909179688,94.86160162624515,93.16421640140824,94.05514895456332,301828400
2011-09-01,92.8877182006836,94.77711539863009,92.76482771964285,93.92458173056707,254585900
2011-09-02,90.51445007324219,92.83395817235065,90.1918713393765,90.95223717198584,255517200
2011-09-06,89.85393524169922,89.98450785708238,87.84932946252472,87.85701158336875,285130500
2011-09-07,92.38846588134766,92.42686475355713,90.90613346810792,91.2133537444807,209803200
2011-09-08,91.42842102050781,92.88771317534352,91.22104480990603,91.83548546238643,250568200
2011-09-09,89.0321044921875,91.44377424874793,88.5405543417892,90.38387033565284,380195100
2011-09-12,89.60813903808594,89.67726638994198,87.59585747106236,87.91843615375073,305793500
2011-09-13,90.42993927001953,90.76788215074784,89.26250928346417,89.89999031402377,272514700
2011-09-14,91.68186950683594,92.78017811333059,89.64654163133663,90.8907753376138,319389500
2011-09-15,93.26405334472656,93.29477596277981,91.70491710190137,92.66497694203908,326777200
2011-09-16,93.8160629272461,94.1634761838241,92.88963935648627,93.63850125637822,284528300
2011-09-19,92.88190460205078,93.36056005155318,91.6543932466321,92.2797287756147,241517000
2011-09-20,92.7738037109375,94.17888232468772,92.65028335843864,93.27561876371732,218932200
2011-09-21,90.0408706665039,93.10579714234429,89.8941905782031,92.82015294035112,316251300
2011-09-22,87.13034057617188,88.17256834678464,85.92598900924655,87.4314284679032,513911300
2011-09-23,87.65531921386719,88.13397465007382,86.48184327028206,86.55132826604813,307242500
2011-09-26,89.73976135253906,89.8632875975245,87.22297595654389,88.48136865454148,260673700
2011-09-27,90.74342346191406,92.30290456915986,90.20300478470631,91.50772322947141,311753900
2011-09-28,88.89055633544922,91.47682722016404,88.75931409214836,90.92869265397515,286696800
2011-09-29,89.59307861328125,90.81286785063898,87.95639125662358,90.36509995112924,298108900
2011-09-30,87.35421752929688,89.12986311243509,87.2924544072602,88.35784175714312,288392300
2011-10-03,84.8683090209961,87.97183232146008,84.77566433663314,86.84468183362766,365136800
2011-10-04,86.72892761230469,86.9142170881969,82.93830357474275,83.64856222881926,459177500
2011-10-05,88.33468627929688,88.56629505297234,86.14214835274052,86.94505130741146,284108000
2011-10-06,89.93277740478516,90.0640255282292,87.63215677342936,88.28837383042456,257800800
2011-10-07,89.3305892944336,90.51950287481998,88.82877424121028,90.45773975348824,312657900
2011-10-10,92.3183364868164,92.35693402949796,90.84377252905041,90.85149439360947,230666300
2011-10-11,92.41095733642578,92.67344766989329,91.67753937742863,91.77018406395642,209088000
2011-10-12,93.22157287597656,94.29468202214365,92.89732534045596,93.10576850184631,281544900
2011-10-13,93.03630828857422,93.31423648685671,91.96319892467203,92.6734572580356,212538800
2011-10-14,94.62666320800781,94.64982290770794,93.592157354363,94.1171321444374,211397600
2011-10-17,92.82015228271484,94.61124201869477,92.58854346484955,94.17890595135002,202311600
2011-10-18,94.6343994140625,95.34465779944067,92.02496290465201,92.75066501887483,318857900
2011-10-19,93.51496124267578,95.02040668670755,93.1907136295206,94.47998810805902,226601300
2011-10-20,93.92413330078125,94.26381873667698,92.50361075684611,93.74656577401825,262075600
2011-10-21,95.70751953125,95.82332395027403,94.74249252281206,95.02813674767295,278999400
2011-10-24,96.88095092773438,97.12028153508238,95.77696023723506,95.86188305112387,203215600
2011-10-25,94.99725341796875,96.46408964064645,94.78880430249724,96.41777023278921,268596800
2011-10-26,95.9622802734375,96.32512545146292,94.34875218367792,96.00087781660262,289053800
2011-10-27,99.30516052246094,99.91505251587691,97.74567330394187,98.53313288978548,393220200
2011-10-28,99.28199005126953,99.47499546600363,98.66437036809727,98.81877234386143,225906500
2011-10-31,96.888671875,99.29737452966758,96.74970780722649,98.17023004336185,228146700
2011-11-01,94.1866226196289,95.35237672913688,93.81604970950055,94.20978232212632,416565800
2011-11-02,95.72293090820312,96.03946250669001,94.79650759224462,95.59941054810136,244717600
2011-11-03,97.46769714355469,97.660702484433,95.4218393522333,96.7111136156872,291174800
2011-11-04,96.87324523925781,97.04308499500982,95.73837286959339,96.68023989448646,249401600
2011-11-07,97.47543334960938,97.57579402121385,95.88506510151649,96.80377254410001,196617200
2011-11-08,98.72608184814453,98.83417024913159,97.05079703864402,97.98494210601604,224426300
2011-11-09,95.08216094970703,97.1202970280588,94.85055216759869,96.41775470837123,337982000
2011-11-10,95.9776840209961,96.45633932866723,94.9740540142858,96.34053496019222,231866500
2011-11-11,97.78421020507812,98.03897273033176,97.11254962564438,97.14343118114122,189924400
2011-11-14,96.85783386230469,98.39415527057724,96.44094147155612,97.42141224888822,159258300
2011-11-15,97.33647155761719,97.85372454594271,96.28652185262581,96.63392916954736,184709400
2011-11-16,95.79241943359375,97.53718360607672,95.6534553420631,96.35599177309425,235782500
2011-11-17,94.27153015136719,95.85417631907016,93.59215346482182,95.61484568865134,331219600
2011-11-18,94.17118072509766,94.76563466046726,93.77744812943106,94.57262929455999,215580400
2011-11-21,92.38005828857422,92.91274890366435,91.60031523859051,92.79694454732154,229611600
2011-11-22,92.01725006103516,92.71978660589374,91.49999114816208,92.17937387907945,216494900
2011-11-23,89.98680877685547,92.01722874450239,89.98680877685547,91.15256269184941,224329100
2011-11-25,89.81697082519531,90.86692044688368,89.7088882956147,89.84785238936922,99557000
2011-11-28,92.41868591308594,92.78153693244212,91.73158730241168,92.28744368184617,210686000
2011-11-29,92.6811752319336,93.41459323602874,92.34148391716646,92.6811752319336,199241500
2011-11-30,96.49495697021484,96.6725244908936,92.64257168038775,95.33692482420999,324439500
2011-12-01,96.47950744628906,96.99676032856759,96.06261521742036,96.3868627654109,176954800
2011-12-02,96.39461517333984,97.66073009626871,96.332852033183,97.36736401560961,221109700
2011-12-05,97.4445571899414,98.18569714228236,96.84238134679293,97.92320676267134,225263900
2011-12-06,97.47543334960938,98.13165042714485,97.08942261105246,97.43682991973111,178842100
2011-12-07,97.83827209472656,98.24744248378332,96.4795128164929,97.15116764756505,237802500
2011-12-08,95.69207763671875,97.4136884444297,95.46047468428435,97.19752333280125,240862800
2011-12-09,97.31330871582031,97.56035535078637,96.03947211144119,96.12439494440356,209111400
2011-12-12,95.89278411865234,96.47952207305568,95.08216512578221,96.46407834554029,215826100
2011-12-13,94.99725341796875,96.94274511871349,94.53403577916848,96.39461052886058,245159800
2011-12-14,93.98588562011719,94.98179395446982,93.77744242923221,94.6189429462108,238618800
2011-12-15,94.32557678222656,95.11303603441891,94.17889082846236,94.98179380739617,199109200
2011-12-16,94.46540832519531,95.52201673747257,94.24010743687245,94.96264104339423,220481400
2011-12-19,93.45543670654297,95.03257878808775,93.25343643219668,94.83057851374146,183903000
2011-12-20,96.2834243774414,96.44657640616218,93.51759887213458,94.92381821068918,225418100
2011-12-21,96.4698715209961,96.6174877840341,95.36664978516406,96.2834129285456,194230900
2011-12-22,97.32450103759766,97.42550415639097,96.51651165172957,96.82727406441126,119465400
2011-12-23,98.19465637207031,98.22573380045661,97.43328012255293,97.63527451594378,92187200
2011-12-27,98.27235412597656,98.52873848324847,97.93827915579574,98.0237406082197,86075700
2011-12-28,96.9826431274414,98.30340091748171,96.90495253874703,98.28786517070763,119107100
2011-12-29,97.98484802246094,98.08584517471355,97.00593020500264,97.30115675364084,123507200
2011-12-30,97.503173828125,98.14801695809304,97.503173828125,97.90716843433174,95599000
2012-01-03,99.0569839477539,99.74067515991628,99.0025999583692,99.25898416293009,193697900
2012-01-04,99.21236419677734,99.29782559753595,98.44321751736008,98.82390543966011,127186500
2012-01-05,99.47651672363281,99.62413295317948,98.22568493596472,98.67629853227845,173895000
2012-01-06,99.22013092041016,99.61636049592684,98.89382700053054,99.60081882693639,148050000
2012-01-09,99.46101379394531,99.58531162442847,98.98709349168249,99.44547211957588,99530200
2012-01-10,100.3233871459961,100.72737581754932,100.18353579444046,100.52538148177271,115282000
2012-01-11,100.37776947021484,100.50984406321648,99.84947109820831,100.01261718463579,111540700
2012-01-12,100.61857604980469,100.76619226408283,99.86496516467281,100.66520105548697,118983700
2012-01-13,100.09808349609375,100.26124144530921,99.22793937980987,99.94270231173226,179836200
2012-01-17,100.48652648925781,101.2479143253929,100.14468082484169,101.06144982075975,132209200
2012-01-18,101.5975341796875,101.6519122559089,100.28454132815568,100.46322908548838,163395200
2012-01-19,102.13361358642578,102.21907501391811,101.62084502147185,101.94714905694504,126328900
2012-01-20,102.5143051147461,102.5143051147461,101.71408069965896,101.96270009513181,138230200
2012-01-23,102.25012969970703,102.74735650842827,101.76066779954532,102.1724331948228,129295800
2012-01-24,102.13361358642578,102.16468508059383,101.4654638409833,101.62084502147185,103083300
2012-01-25,102.98820495605469,103.22904753819353,101.58198586305859,101.97820960901382,198613200
2012-01-26,102.45994567871094,103.64085245765325,102.05594501495308,103.44662296515028,184880500
2012-01-27,102.41329193115234,102.59197967412479,101.89274666518538,101.96267826445523,135259100
2012-01-30,102.06370544433594,102.11809539016515,101.04594484509224,101.39555554527739,147311800
2012-01-31,102.02484893798828,102.69298685063265,101.52761017631413,102.56868901503867,157212000
2012-02-01,102.9183120727539,103.43884562755326,102.65416283983949,102.77846069044121,166234500
2012-02-02,103.08145141601562,103.34561248640146,102.71631094440255,103.12029967826282,113090400
2012-02-03,104.52651977539062,104.58867462445488,103.92830158094463,104.10698936273855,160598500
2012-02-06,104.45658874511719,104.5032019131796,103.97490353537363,104.09143645552963,107694500
2012-02-07,104.7207260131836,104.89942561017934,103.82727544749562,104.23904085827245,135528100
2012-02-08,105.03153228759766,105.05483887609833,104.34784074537414,104.77514795926383,139361400
2012-02-09,105.16360473632812,105.34229252941988,104.54206806121317,105.20245300130269,148602900
2012-02-10,104.38667297363281,104.47213440328082,103.9826724103127,104.23129178922491,167907500
2012-02-13,105.16360473632812,105.28791444231632,104.6819194441564,105.13253323724409,115841900
2012-02-14,105.03153228759766,105.09368714187491,104.30122756837278,104.88391599054246,165329500
2012-02-15,104.54206848144531,105.52875751260055,104.33229733360025,105.37337630690374,195195100
2012-02-16,105.69966125488281,105.79288759045396,104.3633617891846,104.54982631515084,186567800
2012-02-17,105.97933959960938,106.15026243118541,105.62972902768479,106.06480101539739,129869400
2012-02-21,106.0259780883789,106.47659185609751,105.69967401964999,106.22797245811812,134042300
2012-02-22,105.68415069580078,106.08815136026,105.49768611493636,105.86283850986204,124455300
2012-02-23,106.15030670166016,106.22799138625184,105.2723855964988,105.62977308106858,137704300
2012-02-24,106.38333129882812,106.59310238993832,106.15026548073111,106.38333129882812,105539100
2012-02-27,106.56208038330078,106.84953626232141,105.50547138292019,105.67639429877796,145728900
2012-02-28,106.8728256225586,106.99713533310728,106.38336354653973,106.5931347012373,129355900
2012-02-29,106.45327758789062,107.36226996836373,106.08034851783151,107.02818915828884,185934700
2012-03-01,107.00489807128906,107.20690431053474,106.38336138599496,106.67859397884557,145023500
2012-03-02,106.67857360839844,107.07480924521003,106.43773100435749,106.93495788668125,120638300
2012-03-05,106.24349212646484,106.5931027094813,105.87833987058768,106.51541805482373,140765000
2012-03-06,104.68963623046875,105.21793445582624,104.38663887067356,105.15579148622467,202129900
2012-03-07,105.41996002197266,105.59088285692009,104.82949500858234,104.93049809873023,143692200
2012-03-08,106.46883392333984,106.68638186246538,105.84730902810396,106.06484511240201,116968900
2012-03-09,106.88059997558594,107.16027903576615,106.5387542067085,106.67082882562457,122836800
2012-03-12,106.88835906982422,107.02819859230416,106.50766505614175,106.86505248274423,104003500
2012-03-13,108.81509399414062,108.86948392486981,107.28456513696496,107.46326474808346,184090500
2012-03-14,108.69856262207031,109.11809298081407,108.36448183313144,108.84617888777653,145163600
2012-03-15,109.32787322998047,109.37448640098066,108.58202692950331,108.86171781032915,165118500
2012-03-16,109.4792251586914,109.6196774626839,109.2451260785968,109.52604259335557,152893500
2012-03-19,109.9084701538086,110.24400323953473,109.33102700056298,109.40906404257325,125291100
2012-03-20,109.58846282958984,109.72111618828181,108.9642026246835,109.28413761687929,121729700
2012-03-21,109.40901947021484,109.75235135755901,109.18271928464651,109.65091753240607,122388400
2012-03-22,108.62090301513672,108.89402068653158,108.26196128866232,108.60529322931411,135216700
2012-03-23,108.97205352783203,109.09690800970874,108.11370575518178,108.71455753078207,120521000
2012-03-26,110.50146484375,110.50146484374999,109.71334343983445,109.75235003769862,120164000
2012-03-27,110.15812683105469,110.67314254305177,110.08790066308505,110.60291637508213,119868500
2012-03-28,109.61190795898438,110.27518687956146,108.96423882307818,110.10351496851273,148562100
2012-03-29,109.42462921142578,109.62752069728266,108.53506196965031,108.96424175883526,164963700
2012-03-30,109.87718963623047,110.06447128911987,109.28414892890885,109.96302557212466,135486800
2012-04-02,110.68095397949219,110.96968143615284,109.52607987318316,109.74456924716655,151741100
2012-04-03,110.22836303710938,110.71217113188183,109.58069386881888,110.52488942679788,155806700
2012-04-04,109.13591766357422,109.5104691720181,108.7301465838063,109.41683427160159,146896000
2012-04-05,109.08128356933594,109.40121867112448,108.66771357210767,108.76136037432452,137439400
2012-04-09,107.85613250732422,109.1202506268256,107.55960626921046,107.70786938826734,127555900
2012-04-10,106.04584503173828,107.94983423261729,105.93660033529991,107.64550887062623,235360300
2012-04-11,106.90415954589844,107.3255283664419,106.70907896278548,107.13044778332896,154133000
2012-04-12,108.30097198486328,108.38680794996375,106.92760845003417,107.00564547531762,154321500
2012-04-13,107.01343536376953,108.32438345562383,106.91198962083715,108.0512657970108,169246700
2012-04-16,106.94322204589844,107.71573385254213,106.576469446203,107.55967170319443,147825300
2012-04-17,108.5272445678711,108.74573389487276,107.45039580852338,107.55964047202421,147877600
2012-04-18,108.1605224609375,108.52727505717644,107.98105158621802,108.0434788267245,123884200
2012-04-19,107.46599578857422,108.58185104206733,106.9587910200363,108.17609198994668,198666700
2012-04-20,107.6455307006836,108.33221859285575,107.58310344623327,107.94205718262727,143199600
2012-04-23,106.74030303955078,106.83394983045918,106.07703609898464,106.54522242642385,171844900
2012-04-24,107.14606475830078,107.4191823557072,106.74810462846753,106.83394056707172,137484200
2012-04-25,108.61309814453125,108.65991559266455,108.09808240151038,108.191717297777,150252200
2012-04-26,109.37004089355469,109.4948953927755,108.31660040489716,108.37902765450757,136291600
2012-04-27,109.5494613647461,109.86158556233535,109.08907400593073,109.6977245259722,130725000
2012-04-30,109.1436996459961,109.40901833391821,108.84718520515221,109.33098132451006,115092200
2012-05-01,109.82262420654297,110.5405196821382,108.95646550864812,109.08130809504482,138832200
2012-05-02,109.49485778808594,109.60410246069029,108.82377996872312,109.18272164723328,121081000
2012-05-03,108.65991973876953,109.59630445749674,108.4570401535249,109.51046849705138,143759700
2012-05-04,106.90415954589844,108.69890329189238,106.84173233048942,108.09025282512187,193927300
2012-05-07,106.98223114013672,107.34117286135371,106.48282516212954,106.52183176594787,127765900
2012-05-08,106.5530776977539,106.72474966142494,105.28114775967688,106.34238721383387,213377700
2012-05-09,105.9209976196289,106.59987449459226,104.94559433639269,105.4215916148831,220752500
2012-05-10,106.13945770263672,106.78712673272935,105.89755966025484,106.65446144486663,150600000
2012-05-11,105.81954956054688,106.80275176216949,105.42938825576007,105.47620570724999,153032400
2012-05-14,104.64904022216797,105.81952385216458,104.49297811952346,104.80510232481247,163910000
2012-05-15,104.04820251464844,105.19527757771439,103.88434145236862,104.57882802260515,207629300
2012-05-16,103.65023040771484,104.99238594765214,103.62682168722093,104.51638878631653,207265500
2012-05-17,102.1130142211914,103.79851386690478,102.05838592484267,103.67365939534577,247992900
2012-05-18,101.23905944824219,102.69045997539162,101.09079624763787,102.51097720267163,319615900
2012-05-21,102.97915649414062,103.01817499868349,101.40290178346055,101.56677473983025,177861100
2012-05-22,103.15860748291016,103.9623385134257,102.48752981690194,103.24444341368239,197531200
2012-05-23,103.21324920654297,103.36151237053531,101.4341150521852,102.41731700903287,204958400
2012-05-24,103.4161376953125,103.65803575990185,102.5499792631136,103.49417470630475,167357600
2012-05-25,103.08061981201172,103.66586175967997,102.83091086575321,103.37713430222132,135465600
2012-05-29,104.3291244506836,104.50859530654932,102.35490931582818,103.9077555050037,152883500
2012-05-30,102.8153076171875,104.32133651646895,102.60462907551153,103.43956811574802,162370400
2012-05-31,102.58899688720703,103.35370957990114,101.70722867903024,102.77627856791369,196186000
2012-06-01,100.00614166259766,102.61241614274111,100.00614166259766,100.98154485787087,253240900
2012-06-04,99.95931243896484,100.45871833984293,99.21019763425977,100.18560071462915,202545800
2012-06-05,100.71624755859375,100.86449885658405,99.70962469820537,99.76424704416398,164149400
2012-06-06,102.97915649414062,103.02597393688171,101.38729200028823,101.41851156663287,184202800
2012-06-07,103.04158782958984,104.19646178810737,102.83089742207623,104.14964434349909,184772700
2012-06-08,103.86093139648438,103.88434011936684,102.44853764417493,102.77628357808267,143915400
2012-06-11,102.54218292236328,104.75829597207924,102.44073718685873,104.69586874305924,169756100
2012-06-12,103.72047424316406,103.7907004166124,102.34711081080557,102.83870593172132,181931800
2012-06-13,103.05719757080078,104.06380834979191,102.70604292283109,103.41613925050018,172223900
2012-06-14,104.14962005615234,104.56318992945083,102.9869355234834,103.26785203240063,230615500
2012-06-15,105.2148208618164,105.3089409215795,104.39908575076943,104.61870720253098,169444500
2012-06-18,105.41875457763672,105.6775967176514,104.54026874617249,104.77558087059235,131360900
2012-06-19,106.43840789794922,106.8698113650432,105.3952002296925,105.95210506329911,137382600
2012-06-20,106.26585388183594,106.75216871868646,105.31677815686922,106.44626659688737,206451800
2012-06-21,103.88139343261719,106.50117195303378,103.79511272836535,106.39136123566513,205272200
2012-06-22,104.68147277832031,104.87756424301422,104.02259636090919,104.42263060870759,130029200
2012-06-25,103.00292205810547,103.61472642140386,102.63426917657026,103.57550573791607,146375700
2012-06-26,103.52058410644531,103.83433757471573,102.6969977088831,103.30096266289152,141634000
2012-06-27,104.45397186279297,104.65790262253563,103.51273547929382,103.86569762704725,108088000
2012-06-28,104.15592956542969,104.3128123005834,102.97154151324192,103.76374666449001,169242100
2012-06-29,106.7521743774414,106.885515107502,105.77171727246295,106.04623808077461,212250900
2012-07-02,107.07373046875,107.1835411603932,106.29721628086864,107.05020046114558,129524500
2012-07-03,107.77969360351562,107.85812299235609,106.94041656047443,107.05022727962769,80450000
2012-07-05,107.29338836669922,108.08560545388544,106.90120548186543,107.37966908010152,126177500
2012-07-06,106.27372741699219,106.49334888530475,105.77173377963884,106.25803674969204,151192100
2012-07-09,106.14039611816406,106.336487587225,105.65408113633103,106.18745615578294,103780500
2012-07-10,105.2148208618164,106.85414240120492,104.85400735193872,106.68158097932493,167884800
2012-07-11,105.23047637939453,105.57559910787843,104.61867225834308,105.2696970473527,141733400
2012-07-12,104.72064208984375,105.28538625312541,104.00687852298856,104.61868270513226,143583200
2012-07-13,106.4776382446289,106.58744895818658,104.97949696300829,104.99518762736514,129642600
2012-07-16,106.22665405273438,106.54040755235157,105.81094113815479,106.23450537051995,97525200
2012-07-17,106.95609283447266,107.17571424322867,105.53639302484662,106.65019073167184,138860300
2012-07-18,107.74832916259766,107.96011128575789,106.64238244936672,106.705121182885,113349700
2012-07-19,108.03068542480469,108.38364759909999,107.62282387464921,107.96793473205673,129847300
2012-07-20,107.04237365722656,107.58358783247932,106.92472360541908,107.41886579147967,142904500
2012-07-23,105.95989990234375,106.9717377881869,104.97944332918163,105.47359727196383,145210900
2012-07-24,105.05006408691406,106.08543227617442,104.34413993494022,106.03837226183849,173301200
2012-07-25,105.07366943359375,105.5442818292518,104.51676433498575,105.26976092390329,129122300
2012-07-26,106.80707550048828,107.03454825491123,106.09329984394427,106.58745406285486,156526500
2012-07-27,108.77583312988281,109.08174725273564,106.78354945209706,107.37182374655958,236768900
2012-07-30,108.77583312988281,109.29351738144291,108.45425227828139,108.65034370976889,106782000
2012-07-31,108.0150146484375,108.9248698388232,108.0150146484375,108.62681898700363,120575900
2012-08-01,107.92086029052734,108.81503659793418,107.77182891121466,108.79150658735526,138293800
2012-08-02,107.17571258544922,107.90517879990273,106.34428698395197,107.10512255554148,199556600
2012-08-03,109.30134582519531,109.52880657199314,107.20707924291816,108.68169032902532,157825000
2012-08-06,109.51317596435547,109.94457965361596,109.46611591979527,109.59161735093927,86326200
2012-08-07,110.06221008300781,110.53282236175146,109.83473730841403,109.952387385982,109545100
2012-08-08,110.19557189941406,110.3210613499929,109.66219685267623,109.6935781916765,89754700
2012-08-09,110.28965759277344,110.50927902340426,109.92884411761116,110.03865483292658,90291700
2012-08-10,110.47006225585938,110.50928293453234,109.6621665427737,109.84256730250438,99792700
2012-08-13,110.4151382446289,110.47003760774527,109.84254279439713,110.28179754166848,79426900
2012-08-14,110.43084716796875,110.8936320501858,110.10141499368513,110.82303003761182,102379400
2012-08-15,110.55636596679688,110.74461808251726,110.24262440906949,110.31321446428717,71085900
2012-08-16,111.37212371826172,111.50546449135274,110.43872633815027,110.71324723505256,112014200
2012-08-17,111.52108764648438,111.61521965061445,111.27009689523051,111.56030831749955,90813700
2012-08-20,111.52896118164062,111.5524911952439,111.05833697263326,111.3642391179468,78255700
2012-08-21,111.19164276123047,112.23485025418282,110.94849138476546,111.80344685958342,105581100
2012-08-22,111.23877716064453,111.41917796562495,110.65050273840626,110.90933295193419,133243500
2012-08-23,110.32884216308594,110.97201557988106,110.15628081428241,110.96417623437779,111466400
2012-08-24,110.99559783935547,111.24660063522454,109.9837712436294,110.05436129179056,99481200
2012-08-27,111.01908874511719,111.44265282181323,110.86221803719815,111.29362146032639,68785900
2012-08-28,110.90928649902344,111.25440926380885,110.572015049736,110.73672511663074,75689600
2012-08-29,110.99559783935547,111.29366066733198,110.68969566218507,111.00344915702142,65421300
2012-08-30,110.19557189941406,110.54853416808557,109.96025973080837,110.5171528290853,96589900
2012-08-31,110.72105407714844,111.23873826011608,110.09355918583641,110.82301346945208,151970400
2012-09-04,110.61910247802734,110.95638597935559,109.91317807948428,110.62694182699899,120226200
2012-09-05,110.52500915527344,110.96425217338393,110.3053876462182,110.6661892817484,100660300
2012-09-06,112.76825714111328,112.77609648926227,111.18383511667396,111.19167446482294,158272500
2012-09-07,113.20750427246094,113.25456430006899,112.85454209692966,112.95650150059014,107272100
2012-09-10,112.5643539428711,113.29382050494851,112.52514521988358,113.09772901611234,86458500
2012-09-11,112.87804412841797,113.23884556295141,112.60351141079943,112.63489273373935,88760000
2012-09-12,113.25456237792969,113.3800637617351,112.87021887820212,113.25456237792969,87640900
2012-09-13,114.98017120361328,115.33313339368475,112.9408274562718,113.23887829955788,225470200
2012-09-14,115.4900131225586,116.17240747023614,115.1135089590038,115.20764098412805,169777000
2012-09-17,115.09782409667969,115.45078625869375,114.80760065675976,115.2546948388559,119427800
2012-09-18,115.00370025634766,115.15273166097971,114.7134887642566,114.90174084933992,98326600
2012-09-19,115.06642150878906,115.43507426745376,114.83896076992723,115.13701153445636,128318300
2012-09-20,115.07430267333984,115.13704140011701,114.227186240192,114.5409277479632,154009800
2012-09-21,115.02618408203125,115.65702867912438,114.97887284291224,115.63337305956489,108737500
2012-09-24,114.85272216796875,115.1129460622724,114.37170442983694,114.45844572793816,95682000
2012-09-25,113.63047790527344,115.31798063298368,113.59892905109433,115.09718678317952,133165200
2012-09-26,112.99171447753906,113.63833348646452,112.72360943926445,113.60679667175678,146502200
2012-09-27,114.05628204345703,114.31650592396352,113.16521348587675,113.46486741476812,111830300
2012-09-28,113.52794647216797,113.9931897318672,113.12578887973723,113.62256895689033,150696100
2012-10-01,113.82760620117188,114.8842641091116,113.55948909348756,113.96165873883336,135911200
2012-10-02,113.94587707519531,114.45843157089384,113.4175481547853,114.27706779997351,113422200
2012-10-03,114.4111099243164,114.67921495822708,113.65410606005574,114.25340178862538,121283100
2012-10-04,115.23124694824219,115.39683633035801,114.68714348513524,114.84485166936662,124311600
2012-10-05,115.23915100097656,116.0434785421473,114.8921857074376,115.84634026466975,124842100
2012-10-08,114.84477996826172,115.22328178057941,114.58455621218216,114.8132431640501,78415400
2012-10-09,113.70929718017578,114.85269619118407,113.66986713861839,114.7580737173338,148872900
2012-10-10,112.98384857177734,113.80395025347687,112.83402160883062,113.69354130615925,124247500
2012-10-11,113.04693603515625,113.93800459795519,113.02328041245907,113.77240320671339,123601500
2012-10-12,112.67630767822266,113.51217171041837,112.43185823850814,113.1257885440415,124181900
2012-10-15,113.61468505859375,113.73296316168377,112.58168285040612,112.94441038812248,107689100
2012-10-16,114.76593017578125,114.84479024189835,114.07201212984914,114.1508601636095,108815500
2012-10-17,115.28643798828125,115.3810725235533,114.67136765464657,114.84485026488846,128834100
2012-10-18,114.98678588867188,115.53877049412648,114.60039064867266,114.98678588867188,148108500
2012-10-19,113.07058715820312,114.7817453152523,112.8024820900633,114.77386411878736,185645200
2012-10-22,113.08636474609375,113.2913841511647,112.1952961938351,112.88133330866144,125578600
2012-10-23,111.51715850830078,112.02183192298558,111.05191514821203,111.86412373696471,192056300
2012-10-24,111.2016830444336,112.05332123522753,111.02820052228907,111.91925671436928,120179400
2012-10-25,111.5250244140625,112.19529915319791,110.84688051039554,111.99027974271918,134457400
2012-10-26,111.46192169189453,111.8483047889968,110.70490585500525,111.42249165299306,146023500
2012-10-31,111.46192169189453,111.99813171740728,110.93358082886016,111.85619801619221,103438500
2012-11-01,112.62901306152344,112.77094680913709,111.59601067934928,111.69851437517164,100995600
2012-11-02,111.62752532958984,113.33080215681868,111.50924723007121,113.29925330870698,137702200
2012-11-05,111.85621643066406,112.10854706292838,111.13073728604792,111.46194004145813,98378500
2012-11-06,112.7314682006836,113.17305566573894,112.076968196278,112.19524625571925,107068100
2012-11-07,110.17656707763672,111.72212339123065,109.65611948878353,111.7063610029799,264304500
2012-11-08,108.85179138183594,110.7206691532499,108.76505011791075,110.16079153475876,181517300
2012-11-09,108.94641876220703,109.95576502254328,108.46540124498769,108.52059366441598,201055300
2012-11-12,109.0332260131836,109.459039336343,108.7887765098547,109.28555671481335,97677500
2012-11-13,108.65464782714844,109.80593981531982,108.31557601474007,108.45750969462543,123018300
2012-11-14,107.1879653930664,109.15934719194449,106.94351597518306,108.98587666341406,191505000
2012-11-15,107.00659942626953,107.62956279996826,106.59654865151232,107.22739322059432,178128400
2012-11-16,107.53489685058594,107.74780938727228,106.21801566507384,107.16427622583247,239483900
2012-11-19,109.7114028930664,109.72716529265978,107.56653737649042,108.74147386159972,151495800
2012-11-20,109.75865936279297,109.94002312650498,108.88336532768183,109.53786555504963,119807400
2012-11-21,109.96368408203125,110.05831859877024,109.63249335434642,109.85328717280298,81710800
2012-11-23,111.46192169189453,111.50133969843748,110.42890761505348,110.49988649801953,65409200
2012-11-26,111.22535705566406,111.46980645938596,110.54720127484255,110.9099287667012,100124400
2012-11-27,110.65763854980469,111.49350276395725,110.58667167102493,111.11500071143526,128646200
2012-11-28,111.54869842529297,111.61177206875587,109.60885299884377,110.20814887064024,177086500
2012-11-29,112.069091796875,112.37662682995177,111.47767734616136,111.9665881407546,151085900
2012-11-30,112.0927734375,112.30568605825017,111.70639027403408,112.08489224130948,136568300
2012-12-03,111.540771484375,112.69994485855469,111.45403021037657,112.60532238959593,124656300
2012-12-04,111.3830795288086,111.87197839921686,111.08342562379167,111.53290648131704,127512200
2012-12-05,111.5802001953125,112.10064783310617,110.68913184869838,111.47768450025535,147300500
2012-12-06,111.95870971679688,112.00602095393204,111.31210275535074,111.4776920853238,103220600
2012-12-07,112.29781341552734,112.5186072492854,111.7142799792459,112.39243590646322,108726400
2012-12-10,112.3451156616211,112.61322071937062,112.09277299619058,112.14009627022921,98840700
2012-12-11,113.1100082397461,113.63833713768359,112.75516190917436,112.81035434477616,152570400
2012-12-12,113.16523742675781,113.98533929016033,113.00752923221546,113.55163273089592,145880100
2012-12-13,112.47126770019531,113.41752846851018,112.18738826646499,113.0942189960254,135715000
2012-12-14,112.0533676147461,112.43186962319965,111.87988502079615,112.22685020869604,137701700
2012-12-17,113.3702163696289,113.43330202468286,112.31354668792335,112.34509553162952,143238200
2012-12-18,114.6319351196289,114.73445085046994,113.38602005138975,113.55162146025891,177762800
2012-12-19,113.78028869628906,114.79752864009325,113.74087067854757,114.75809858998979,150895400
2012-12-20,114.43476867675781,114.45054310046672,113.53581904310659,113.85124735548584,168487000
2012-12-21,113.39603424072266,114.42842584728832,112.72101781474825,112.90366789263555,245883800
2012-12-24,113.04660034179688,113.21336408664804,112.9195341720171,113.14983100175814,53874600
2012-12-26,112.57010650634766,113.33249139542588,112.25245320455481,113.27689540287894,106947700
2012-12-27,112.41923522949219,112.83219428313961,111.11683709201837,112.60188530184254,167920600
2012-12-28,111.20418548583984,112.3080471676163,111.07711930663014,111.68861469109125,148806700
2012-12-31,113.09426879882812,113.21338578226305,110.81506286827958,110.91036857272675,243935200
2013-01-02,115.99285888671875,116.06432905442898,114.93664419900648,115.23842328626583,192059000
2013-01-03,115.73082733154297,116.23907999761849,115.42111105249225,115.93731292937638,144761800
2013-01-04,116.2390365600586,116.42963578274885,115.68313730766396,115.92138330660305,116817700
2013-01-07,115.92141723632812,116.03259711934896,115.4925718891775,115.8261236559384,110002500
2013-01-08,115.58789825439453,115.87379116437984,115.13522943120923,115.7149644627659,121265100
2013-01-09,115.88169860839844,116.19936404804795,115.65933885949251,115.84198891373005,90745600
2013-01-10,116.80290222167969,116.81083931299176,115.92140037817397,116.5249464957008,130735400
2013-01-11,116.7950210571289,116.8585420534355,116.4297086810025,116.77118553638586,113917300
2013-01-14,116.71554565429688,116.79496503814146,116.28670036985075,116.65201257076053,89567200
2013-01-15,116.7950210571289,116.90620097721913,116.10410601584455,116.1755762249663,93172600
2013-01-16,116.77909088134766,116.96174094194747,116.42966494441033,116.55673112469626,104849500
2013-01-17,117.5335464477539,117.86708613895462,116.85851785418345,117.29530034898198,133833500
2013-01-18,117.79558563232422,117.92265180133133,117.08084751993182,117.50969281090663,169906000
2013-01-22,118.43096923828125,118.43096923828125,117.51769428064308,117.79565016290329,111797300
2013-01-23,118.62154388427734,118.72478670690457,118.21653392410484,118.43095666429132,104596100
2013-01-24,118.6532974243164,119.23302032141274,118.33563191257166,118.44681181225725,146426400
2013-01-25,119.32038879394531,119.32038879394531,118.62153671569068,119.02655876908891,147211600
2013-01-28,119.1773910522461,119.38386446798785,118.73265950514013,119.35209187006105,113357700
2013-01-29,119.64598846435547,119.79687807911796,118.85977989581987,118.93919930917943,105694400
2013-01-30,119.1773910522461,119.86829358595888,119.06619907719788,119.63004757229031,137447700
2013-01-31,118.88358306884766,119.42360832886764,118.80417578669999,119.03447265793704,108975800
2013-02-01,120.1065902709961,120.24953066888452,119.43156163376551,119.63803513661568,131173000
2013-02-04,118.75654602050781,120.1304268452899,118.66918950631764,119.37599083239404,159073600
2013-02-05,119.9556884765625,120.29716524863211,119.35213009958439,119.39978901174015,113912400
2013-02-06,120.04303741455078,120.12244469441201,119.44742828594713,119.53478477618361,138762800
2013-02-07,119.88421630859375,120.19393258515335,119.01065136563109,120.08275269402168,162490000
2013-02-08,120.55128479003906,120.62275497410366,120.09067896323695,120.09067896323695,103133700
2013-02-11,120.52745819091797,120.63068885925617,120.22567904262654,120.50363479686315,73775000
2013-02-12,120.72599029541016,120.94835004387811,120.40038776454728,120.53539103199586,65392700
2013-02-13,120.82923126220703,121.19454351880721,120.4877545185512,120.9721837513805,82322600
2013-02-14,120.94038391113281,121.08333636811454,120.32890074725962,120.46390399581718,80834300
2013-02-15,120.79747772216797,121.1786641857238,120.35275816173629,121.05159799197212,215226500
2013-02-19,121.70281982421875,121.72664322409943,120.83720398135179,121.00396778051655,95105400
2013-02-20,120.1860122680664,121.65518672051391,120.1224791553317,121.61547701034193,160574800
2013-02-21,119.45536041259766,120.24950588438813,119.07417397909374,119.88420575327552,183257000
2013-02-22,120.62275695800781,120.62275695800781,119.51095812861209,120.03508493807098,106356600
2013-02-25,118.3276596069336,121.39306120629088,118.3276596069336,121.21041116495336,245824800
2013-02-26,119.1376953125,119.28063566681944,118.11324096908925,118.89944927093724,186596200
2013-02-27,120.63866424560547,120.9722039524431,118.93124388910985,119.03448669754788,150781900
2013-02-28,120.40039825439453,121.40101720967893,120.24157157989362,120.63069511476607,126866000
2013-03-01,120.79747772216797,120.980127802124,119.44743273722919,119.98744588412502,170634800
2013-03-04,121.44071960449219,121.44071960449217,120.32892083214897,120.51950798300906,99010200
2013-03-05,122.5287094116211,122.85431198961288,122.01251966032619,122.0284059640012,121431900
2013-03-06,122.69547271728516,123.02901235404335,122.42546617100919,122.96547926356112,94469900
2013-03-07,122.9178237915039,123.07665044764005,122.71135035029664,122.85429070551002,86101400
2013-03-08,123.44198608398438,123.60874986337431,122.82255352513721,123.45787238792131,123477800
2013-03-11,123.91048431396484,123.91842140421807,123.19575842493416,123.34664796361054,83746800
2013-03-12,123.63253784179688,123.96608954041865,123.2593006889505,123.82313708133847,105755800
2013-03-13,123.80728912353516,123.98200211779742,123.27521304744545,123.6961092287955,92550900
2013-03-14,124.4664306640625,124.52202666995403,123.81523760377357,124.13289098181212,126329900
2013-03-15,124.30210876464844,124.46961425384858,123.88731298158993,124.31806572558008,138601100
2013-03-18,123.6161117553711,124.15055434345808,123.00189653018641,123.11357091916585,126704300
2013-03-19,123.32891082763672,124.04681566281403,122.51527642193501,123.87931021468222,167567300
2013-03-20,124.19037628173828,124.3977679904467,123.84736872594794,124.05477260624556,113759300
2013-03-21,123.12948608398438,124.15051219994555,122.92209433816431,123.44855218087547,128605000
2013-03-22,124.1186752319336,124.1186752319336,123.4246872430616,123.52041685935987,111163600
2013-03-25,123.60013580322266,124.65307602747568,123.12153656895701,124.44567207152627,151322300
2013-03-26,124.58924102783203,124.62114276986168,123.97502599233329,124.1106296962449,86856600
2013-03-27,124.58924102783203,124.62912733406291,123.640002928859,123.84739468103115,99950600
2013-03-28,124.97209930419922,125.1156875453276,124.23823765951386,124.50944501636921,102932800
2013-04-01,124.47760009765625,125.16360336561887,124.17447869481846,124.9083406744723,99194100
2013-04-02,125.0918197631836,125.40291357187594,124.73285506949624,124.92430209468979,101504300
2013-04-03,123.82351684570312,125.25933926621556,123.49647821037274,125.16362182871367,154167400
2013-04-04,124.32604217529297,124.5733203056217,123.71182696113765,123.98303444784689,131885000
2013-04-05,123.76766967773438,123.91923038185206,122.65889820796241,122.80247434559269,159666000
2013-04-08,124.60518646240234,124.6131588542746,123.4405721547478,123.85536779232771,86571200
2013-04-09,125.03592681884766,125.49060875873424,124.42171184046407,124.83650747782876,101922200
2013-04-10,126.5675277709961,126.72706088748234,125.33910938529581,125.37101113995443,135711100
2013-04-11,126.98231506347656,127.39711087569658,126.46381725530262,126.59144860853888,110142500
2013-04-12,126.67118072509766,126.8626155221163,125.96922067845094,126.57545115499644,116359900
2013-04-15,123.73572540283203,126.13674238028776,123.71978061695894,126.0330404141514,217259000
2013-04-16,125.56245422363281,125.62626990253447,124.36593763031807,124.66904689060571,147507800
2013-04-17,123.727783203125,124.69297853404225,123.06570928005857,124.66903700620566,226834800
2013-04-18,122.95398712158203,123.96704077137336,122.48336040289752,123.93512686105446,167583200
2013-04-19,124.02291870117188,124.07876197952702,122.93807660079806,123.2411980053657,149687600
2013-04-22,124.57330322265625,124.86844002527334,123.44060254679226,124.26220946077525,106553500
2013-04-23,125.8575668334961,125.97721360113111,124.57330545064026,125.19549298553004,166141300
2013-04-24,125.93733215332031,126.27235525485564,125.66611254309282,125.89744584255806,96781200
2013-04-25,126.44783020019531,127.0460882754799,126.11280713862695,126.30424193289933,131060600
2013-04-26,126.22447967529297,126.51164403415909,125.8176564001376,126.29626772211162,95918800
2013-04-29,127.07007598876953,127.3492559158429,126.36811562977857,126.56753507980125,88572800
2013-04-30,127.37311553955078,127.40502945017609,126.51960708997876,127.04607707098054,116010700
2013-05-01,126.25640106201172,127.15778058429326,126.11282494603417,127.09396491999432,138874200
2013-05-02,127.42896270751953,127.54063705495355,126.45579532062683,126.57544206016651,96407600
2013-05-03,128.7212677001953,129.12809118384885,127.45296287002338,128.53780520710322,144202300
2013-05-06,129.0482940673828,129.23175652569444,128.76112961578417,128.8169728957373,66882100
2013-05-07,129.70236206054688,129.74223619694828,128.96051568095925,129.32745267427217,90359200
2013-05-08,130.2926483154297,130.3325346273156,129.4869983703454,129.55878642878395,97419200
2013-05-09,129.9257354736328,130.57982479699785,129.59868472615298,130.23682926056387,106738600
2013-05-10,130.34841918945312,130.4600934977525,129.63050248902573,130.01339626455504,103203000
2013-05-13,130.45217895507812,130.667555297965,129.87786232670194,130.18097151386846,81843200
2013-05-14,131.80026245117188,131.8959920369588,130.55588738028652,130.55588738028652,119000900
2013-05-15,132.51019287109375,132.77342792747586,131.54500983595298,131.58489614842185,120718500
2013-05-16,131.8879852294922,132.70161962770175,131.6885658691579,132.2389652511352,109913600
2013-05-17,133.16427612304688,133.24403656549455,132.19908104817137,132.37457106178508,129801000
2013-05-20,133.15631103515625,133.67480875906975,132.90106054175993,133.03666426818828,85071200
2013-05-21,133.34779357910156,133.8503344775121,132.81335092486043,133.27600549978493,95804200
2013-05-22,132.3585662841797,134.863284269617,131.75233601991874,133.48329400918416,244031800
2013-05-23,131.97572326660156,132.3426602257428,130.77123477555244,130.9467247771081,211064400
2013-05-24,131.8640899658203,131.91993324351304,130.80317723401328,131.19404366307742,151573900
2013-05-28,132.65379333496094,133.83435282849558,132.2629269114471,133.24406699593087,143679800
2013-05-29,131.7923126220703,132.25496715587354,131.0903523402177,131.95184573023792,160363400
2013-05-30,132.2788543701172,132.8850848566504,131.79227063369186,131.89597259818004,107793800
2013-05-31,130.38037109375,132.6617289883241,130.12512065008684,131.9119102705031,176850100
2013-06-03,131.09828186035156,131.18602685873992,129.75020514492624,130.68348621600742,168390700
2013-06-04,130.46817016601562,131.69660071073977,129.80609617635716,131.17013047728656,157631500
2013-06-05,128.6414794921875,130.3564815906289,128.52980510677637,130.09324650253228,211737800
2013-06-06,129.8060760498047,129.81406061584704,127.82783895483715,128.58563026159214,200225500
2013-06-07,131.45730590820312,131.57695271141537,130.1331578185328,130.69951442079818,188337800
2013-06-10,131.45730590820312,131.93590529264955,131.1142981196656,131.8641172107222,105667100
2013-06-11,130.10125732421875,131.24990316099667,129.81409282212488,130.2607904539159,159505400
2013-06-12,129.02432250976562,131.13019040884188,128.90467576556472,130.99458670821704,177361500
2013-06-13,130.9866180419922,131.2179391445582,128.66537376573012,128.95253813157277,163587800
2013-06-14,130.16505432128906,131.3535985954763,129.94969008420043,130.843085303049,141197500
2013-06-17,131.1700897216797,131.792277196407,130.19692220036924,131.05043079402125,136295600
2013-06-18,132.2070770263672,132.40649640709088,131.233909474708,131.24188186816346,114695600
2013-06-19,130.38037109375,132.32670593449606,130.32454000390769,132.0953848395641,206149500
2013-06-20,127.14978790283203,130.39634115159473,126.81476481534274,129.11207989708947,321255900
2013-06-21,127.55803680419922,128.11133664943853,126.27499394230254,128.01511271739753,271956800
2013-06-24,125.94615173339844,127.04474854726215,124.87962546940038,126.22682104771285,222329000
2013-06-25,127.15704345703125,128.3839471101948,126.23485289526822,127.08486329696332,162262200
2013-06-26,128.41595458984375,128.70463838032344,127.70226580726798,128.19943868798563,134848000
2013-06-27,129.16983032226562,129.7632397020954,129.0655795868356,129.18587172063988,129483700
2013-06-28,128.64053344726562,129.42639041401299,128.19147232340998,128.80893748671045,160402900
2013-07-01,129.3943328857422,130.29245522384082,129.16980230121752,129.31413814726946,131954800
2013-07-02,129.27406311035156,130.1481295423729,128.7047097891266,129.20188294568916,154863700
2013-07-03,129.33021545410156,129.72315020412796,128.48020482865908,128.6886940761819,75216400
2013-07-05,130.72552490234375,130.7736368648911,129.3462582079736,130.28447818565516,122416900
2013-07-08,131.47125244140625,131.82408972793098,130.77360468414122,131.39908451534427,108092500
2013-07-09,132.41749572753906,132.57787297126393,131.72786256712266,132.29720361774588,119298000
2013-07-10,132.46559143066406,132.91465255241786,132.01653030891026,132.28917281340395,121410100
2013-07-11,134.2698516845703,134.40617292560066,132.4575537174681,134.0052237804537,135592200
2013-07-12,134.32594299316406,134.66273871848827,134.02123004320046,134.22971913906963,104212700
2013-07-15,134.83920288085938,135.03166289013652,134.46230967685693,134.69486705089986,69450600
2013-07-16,134.333984375,135.0075758987068,133.97313264701384,134.927381187601,88702100
2013-07-17,134.6788787841797,135.1038840991526,134.50246009841706,134.8472828882268,92873900
2013-07-18,135.41661071777344,135.73737749475842,134.8793401318252,134.9675494659959,103620100
2013-07-19,135.6571502685547,135.70526221458528,134.96751715811982,135.13592120522534,103831700
2013-07-22,135.9217987060547,136.11425875520035,135.52886402754905,135.84963077612517,79428600
2013-07-23,135.63307189941406,136.18638365939833,135.56090399228475,136.16232769035523,80829700
2013-07-24,135.1359405517578,136.2104816202709,134.86328575855282,136.1543428511992,112914000
2013-07-25,135.46466064453125,135.58495271931804,134.67078923651906,134.89531975959278,111088600
2013-07-26,135.60902404785156,135.64912141065577,134.3340086682596,134.89533503952677,107814600
2013-07-29,135.1920166015625,135.56890974001837,134.80710888594643,135.26418450399132,79695000
2013-07-30,135.1920166015625,135.74532832550815,134.87126221121505,135.60099252065052,85209600
2013-07-31,135.28826904296875,136.20243262543573,135.11185043617712,135.4727022278883,142388700
2013-08-01,136.85198974609375,136.9722696168495,136.24253910493374,136.31471926338625,110438400
2013-08-02,137.0845184326172,137.10055982545634,136.36281482282297,136.5472480144819,91116700
2013-08-05,136.8840789794922,137.0925804319207,136.60342183076256,136.77984048927866,54072700
2013-08-06,136.106201171875,136.9161263224441,135.80148812460914,136.61941561758323,87495000
2013-08-07,135.66517639160156,135.8656510077868,135.1599886792944,135.67320320728865,84854700
2013-08-08,136.16236877441406,136.4670818862328,135.46470875367083,136.3067046322229,102181300
2013-08-09,135.76942443847656,136.40293106532772,135.29630729022017,135.98594044578007,91757700
2013-08-12,135.60902404785156,135.76940126307116,135.0236417061013,135.0877950393886,68593300
2013-08-13,136.0099334716797,136.24247853041575,135.04765822547185,135.84955630331064,80806000
2013-08-14,135.31231689453125,136.16232709298225,135.28023411195022,135.94581113654777,79829200
2013-08-15,133.41989135742188,134.26187508835866,133.18733391409535,134.24584592647517,152931800
2013-08-16,132.9788055419922,133.62032667253578,132.71417761679305,133.1632387373742,130868200
2013-08-19,132.1287384033203,133.283473494339,132.12071159219298,132.82638575581387,96437600
2013-08-20,132.77841186523438,133.27558523227148,132.2010437195115,132.34537963793954,89294400
2013-08-21,131.96043395996094,133.13922590140214,131.66373538830626,132.40949522603344,159530500
2013-08-22,133.16329956054688,133.35575965841664,132.2250795259381,132.23309410818138,101471400
2013-08-23,133.61231994628906,133.78072400982512,132.93071358435665,133.55619341577685,90888900
2013-08-26,133.11517333984375,134.15764401199476,133.02696400060015,133.74866787731895,89702100
2013-08-27,130.97410583496094,133.1151737271925,130.87788191405232,131.80006045209888,158619400
2013-08-28,131.43914794921875,131.90425041264112,130.7495149497989,130.91790673379876,108113000
2013-08-29,131.64767456054688,132.34532233623182,131.03020929282573,131.1505014087714,119200500
2013-08-30,131.23068237304688,131.93635695642723,130.84577452574845,131.92031556062318,134928900
2013-09-03,131.82406616210938,132.7783271338926,131.2707543558823,132.4976578236043,142375100
2013-09-04,132.91465759277344,133.1391881621649,131.6155861218658,131.85614584907213,97389400
2013-09-05,133.08306884765625,133.4358938786728,132.89862339880784,132.99485953090235,63090500
2013-09-06,133.14720153808594,133.9009879725176,131.896242023922,133.52409475530177,159756500
2013-09-09,134.42225646972656,134.50243898230153,133.4760098277366,133.4760098277366,87559300
2013-09-10,135.41661071777344,135.44066669654714,134.9274520893726,135.23217746850796,105847200
2013-09-11,135.8415985107422,135.8415985107422,134.99961489000606,135.23216006689512,94545900
2013-09-12,135.480712890625,135.96987133422925,135.29627971103557,135.7934527325361,83209000
2013-09-13,135.7854766845703,135.88972740678804,135.31235949850569,135.6250994291586,72727800
2013-09-16,136.5713348388672,137.3171068243979,136.3548188126163,137.2529534745458,106299200
2013-09-17,137.1807403564453,137.212810902807,136.69158193145432,136.69158193145432,82523300
2013-09-18,138.76849365234375,139.14538680612327,136.7878040096287,137.13261438147168,203460600
2013-09-19,138.5360107421875,139.20961492881287,138.39968943570454,139.14546156646745,146616900
2013-09-20,137.56735229492188,138.8647018706927,137.45453982292605,138.8647018706927,132867100
2013-09-23,136.93084716796875,137.5110294863483,136.49571657700676,137.3821096455436,104616500
2013-09-24,136.6084747314453,137.41428181995528,136.35062285685513,136.90661941958908,106333100
2013-09-25,136.21365356445312,136.9711143547332,136.09278739393736,136.69714283780215,117306500
2013-09-26,136.73741149902344,137.12419547197402,136.22169543654238,136.43926680066994,77146900
2013-09-27,136.10887145996094,136.29420363826446,135.75431439145697,136.05245906468087,99141800
2013-09-30,135.38360595703125,135.81068260865936,134.69061156645108,134.95652930540314,143937000
2013-10-01,136.4553680419922,136.58430012580797,135.3514162764652,135.48840200465435,127160000
2013-10-02,136.32644653320312,136.45537862702034,135.2386142676785,135.6576374247639,113350000
2013-10-03,135.06936645507812,136.1330376052511,134.44083797384468,136.0121591769283,176698000
2013-10-04,136.0927734375,136.22975918191753,134.99687518651817,135.17415374885655,96878000
2013-10-07,134.9163055419922,135.73823240156005,134.771266135056,134.90825189571012,96295000
2013-10-08,133.34494018554688,135.06936669012342,133.24824727923166,134.8920881647861,178015000
2013-10-09,133.44168090820312,133.92515786411457,132.57946127858193,133.60283989350694,168973000
2013-10-10,136.31838989257812,136.39090958289123,134.75512210241084,134.80346856261957,195955000
2013-10-11,137.1967315673828,137.24509032847007,135.9960866900252,136.1088992079442,105040000
2013-10-14,137.7446746826172,137.85748719055837,136.24587290817493,136.35063177113503,112106000
2013-10-15,136.7454833984375,137.91390141363706,136.56015117977225,137.3981852823111,155485000
2013-10-16,138.6551971435547,138.727716812534,137.50288689978805,137.56735292631546,161676000
2013-10-17,139.58189392089844,139.66247954169273,138.0669727785694,138.0911460056798,129389000
2013-10-18,140.52471923828125,140.62141216913597,139.81560495696723,140.09764239948322,138316000
2013-10-21,140.53280639648438,140.81484390625715,140.2185420006224,140.5730992258298,104104000
2013-10-22,141.34658813476562,141.76559886058297,140.5568885374787,140.9436846937309,126663000
2013-10-23,140.6697540283203,140.92760591149866,140.178211196132,140.8631398667939,105484000
2013-10-24,141.13710021972656,141.31437875479287,140.62138419834457,140.95176804057175,70350000
2013-10-25,141.78173828125,141.8220310901193,141.15320980893355,141.42718123622248,93625000
2013-10-28,142.00738525390625,142.200783389054,141.58030846414073,141.73341378417757,84979000
2013-10-29,142.76486206054688,142.8212744672106,142.12827977410376,142.32973157680178,87401000
2013-10-30,142.0557098388672,143.03879535711312,141.5480597926929,142.9340488087236,140002000
2013-10-31,141.65284729003906,142.53924015965924,141.44334183705726,141.9429383841291,133795000
2013-11-01,141.99131774902344,142.31363576893935,141.19356405061174,141.8382123860879,142805000
2013-11-04,142.49085998535156,142.54726008427116,141.80591908489023,142.3780474918727,85677000
2013-11-05,142.03965759277344,142.4264416577483,141.47559493642595,141.93489870815043,85825000
2013-11-06,142.76486206054688,143.03077991558533,142.25719958314238,142.65204954286168,87348000
2013-11-07,140.95980834960938,143.14355066371832,140.82282263922448,143.03073817895202,157000000
2013-11-08,142.8614959716797,142.87761555201595,140.89533751795446,140.9114448026536,136713000
2013-11-11,142.88572692871094,143.05493954132263,142.55534305275714,142.72455566536883,62614000
2013-11-12,142.59564208984375,142.91796003930807,142.12020651526768,142.57952250367805,83990000
2013-11-13,143.73989868164062,143.78017920692352,141.8945932257774,141.8945932257774,103844000
2013-11-14,144.45703125,144.57789738753198,143.6351046278637,143.86878325897206,103435000
2013-11-15,145.08558654785156,145.14198665723475,144.5054043892828,144.69073659960168,102818000
2013-11-18,144.5779266357422,145.44819988894812,144.2556086733587,145.32733372696484,104796000
2013-11-19,144.263671875,144.94054701822694,144.0138735932598,144.50541651062187,93891000
2013-11-20,143.81243896484375,144.98891081213736,143.41758893628938,144.553780252535,124909000
2013-11-21,144.97276306152344,145.08557556739376,144.12666311967556,144.21530239540516,92841000
2013-11-22,145.697998046875,145.71411763367496,144.85996396790966,145.02917659456168,81296000
2013-11-25,145.552978515625,145.98810905346704,145.34346074556004,145.9558821711114,79486000
2013-11-26,145.59320068359375,146.02834334265256,145.3756416497032,145.6254398486701,86994000
2013-11-27,145.94776916503906,146.04447437220907,145.56903886735944,145.74631740225797,58800000
2013-11-29,145.8510284423828,146.4553835326137,145.68986954411508,146.10889251611982,55870900
2013-12-02,145.47227478027344,146.19749585319886,145.2466499000018,145.92352454081671,99726000
2013-12-03,144.8438262939453,145.35954234636517,144.376456700246,144.9969316103207,116563000
2013-12-04,144.82769775390625,145.4320530418243,143.71569238517208,144.32004767309013,123033000
2013-12-05,144.1910858154297,144.83573378186966,144.05410012060224,144.56981603462677,106934000
2013-12-06,145.80274963378906,145.93973537563994,145.16615509123565,145.58517825760637,127728000
2013-12-09,146.17340087890625,146.3909722354961,145.98001504695117,146.22981327698673,70124000
2013-12-10,145.64962768554688,146.1411704893403,145.5609884161533,145.8349598685916,80976000
2013-12-11,144.0138702392578,145.7302435869926,143.83659166364,145.7060703535577,130591000
2013-12-12,143.5384521484375,144.1266880095147,143.24029509914376,143.94940942744051,115565000
2013-12-13,143.5222930908203,143.96548942412403,143.2483216468288,143.83655734613754,107808000
2013-12-16,144.41671752929688,144.89214066227376,144.15885341237782,144.19914621760117,96195000
2013-12-17,143.9573974609375,144.56981857284455,143.63507961987722,144.5456453495469,89886000
2013-12-18,146.41510009765625,146.43927331916055,142.88567450602696,144.17495807025676,234906000
2013-12-19,146.24594116210938,146.4151537746742,145.61741258130075,145.99613062225475,136531200
2013-12-20,147.0966033935547,147.4449879907023,146.29453133568106,146.39174919423715,197087000
2013-12-23,147.8825225830078,147.9716430993791,147.5098457781072,147.8177065381563,85598000
2013-12-24,148.20657348632812,148.27138952376308,147.8825056615485,147.89060303032971,45368800
2013-12-26,148.96006774902344,149.04109089655717,148.52257489457256,148.538769634162,63365000
2013-12-27,148.95199584960938,149.21934508491407,148.79805926041055,149.1545413906818,61814000
2013-12-30,148.92759704589844,149.0896309036476,148.73314899916488,148.96809623854253,56857000
2013-12-31,149.63246154785156,149.63246154785156,149.0167155381727,149.13015284512767,86119900
2014-01-02,148.1984405517578,149.13015695859025,147.8419586126144,149.0572312074803,119636900
2014-01-03,148.17417907714844,148.74941371172457,147.96353621672114,148.44963797826006,81390600
2014-01-06,147.74473571777344,148.71695128800147,147.51788583013328,148.6602449972873,108028200
2014-01-07,148.65219116210938,148.90334560626084,148.2227956874511,148.3362206739194,86144200
2014-01-08,148.6845703125,148.9357246974411,148.17415181252719,148.62785165143927,96582300
2014-01-09,148.78179931640625,149.17879288638107,148.10124950707313,149.16258578737953,90683400
2014-01-10,149.1868896484375,149.25170568178598,148.27138017568237,149.03295311453414,102026400
2014-01-13,147.20196533203125,149.21931054218263,146.9183966952136,148.8061221845073,149892000
2014-01-14,148.80609130859375,148.88711443441463,147.41257760874925,147.6880364567109,105016100
2014-01-15,149.60816955566406,149.8350194636987,148.83849934180418,149.1544697395948,98525800
2014-01-16,149.41372680664062,149.60817489005757,148.93572250926636,149.30030184857904,72290600
2014-01-17,148.78179931640625,149.4380446584342,148.5225475443531,149.15448841907593,107848700
2014-01-21,149.21929931640625,149.697316042143,148.30380215799119,149.64059737408806,88621200
2014-01-22,149.3165283203125,149.53528089724108,149.0005578702578,149.4704648610254,61270900
2014-01-23,148.09312438964844,148.58733577749584,147.30725942444167,148.56303131271588,132496900
2014-01-24,144.9334259033203,147.1776330157601,144.884816971896,147.12902408433578,208677100
2014-01-27,144.22048950195312,145.44387220107907,143.4994280357858,145.0711830516192,180843100
2014-01-28,145.07928466796875,145.26562305107743,144.30960194174656,144.32580904187628,110463200
2014-01-29,143.6858367919922,144.65805308588605,143.30505011950362,143.8721752607416,216597300
2014-01-30,145.20889282226562,145.6787997894586,144.42301542086977,144.8848250198401,118938100
2014-01-31,144.35818481445312,145.2574870921497,143.33736021371362,143.41027360753938,194677900
2014-02-03,141.10939025878906,144.51215201274135,140.83393135981478,144.18808417422994,254837100
2014-02-04,142.09779357910156,142.46237293758875,141.06076180445658,141.7413115886185,165012400
2014-02-05,141.91957092285156,142.2355413893563,140.73671219691906,141.6036004563468,164230500
2014-02-06,143.7910919189453,143.7910919189453,141.96008512555076,142.25175112791763,132877600
2014-02-07,145.57345581054688,145.72739232621592,143.99360381729878,144.46351073161745,170787200
2014-02-10,145.84083557128906,145.88945686843468,145.1926999580803,145.58968116681152,92218800
2014-02-11,147.43687438964844,147.80956344164937,145.86511978483205,145.96235000322815,117814100
2014-02-12,147.50982666015625,148.12556046284902,147.2181606773239,147.65565347037497,94717700
2014-02-13,148.2714080810547,148.4253446439296,146.50521719888187,146.51331456867652,100542200
2014-02-14,149.0896453857422,149.36510420691204,147.99589510550783,148.13362451609277,96498400
2014-02-18,149.2679901123047,149.47053568555404,148.78997316401168,149.21936879030827,80460900
2014-02-19,148.27955627441406,149.84320205573357,148.15802152159037,148.87908321703821,126524300
2014-02-20,149.15443420410156,149.49470898508432,147.93916183099608,148.4819820074964,104998100
2014-02-21,148.9843292236328,149.79451101556347,148.91141582933338,149.43802904913107,118116400
2014-02-24,149.81076049804688,150.81537829234057,149.23552582357502,149.30034186875469,114063900
2014-02-25,149.75404357910156,150.36168010209204,149.2598320459068,149.93228461483716,117085000
2014-02-26,149.76214599609375,150.36978248940375,149.34084789926126,149.97278886331196,98677200
2014-02-27,150.54803466796875,150.58853388060575,149.37326080396693,149.54340447415106,93880800
2014-02-28,150.92877197265625,151.62552886080928,149.92415438675698,150.5236810461113,150842000
2014-03-03,149.8673858642578,150.24817219751915,148.87086597795619,149.60002445819836,167748500
2014-03-04,151.9739227294922,152.2979905454811,151.3014702670402,151.3338721036812,167545900
2014-03-05,152.1116485595703,152.37091269612452,151.8685915221494,152.10355119120092,88376900
2014-03-06,152.45999145507812,152.80837602613695,152.13592370923035,152.48430828028918,82516500
2014-03-07,152.52484130859375,153.09197853321342,151.852388842529,153.09197853321342,114513500
2014-03-10,152.44384765625,152.50055396764373,151.56884961523474,152.28991109870154,74939200
2014-03-11,151.69033813476562,152.88941612484356,151.34196588740602,152.67066357278438,99009100
2014-03-12,151.73089599609375,151.78761467453904,150.61284079151804,150.95312813739542,104824400
2014-03-13,150.02951049804688,152.30613250992536,149.60822472058095,152.18459778141232,155014300
2014-03-14,149.60816955566406,150.53177628477448,149.42992857615215,149.7621060709146,153919600
2014-03-17,150.9612274169922,151.31770950773668,150.296872181987,150.36168823143123,98359500
2014-03-18,152.0387420654297,152.24128754541803,151.10702544004627,151.26907171395297,101804600
2014-03-19,151.2285614013672,152.26559327852806,150.26444293063284,152.05493806565795,176267300
2014-03-20,152.1116485595703,152.22507352871418,150.62901422993644,150.89637573486004,117241000
2014-03-21,151.52163696289062,153.81643896619968,151.38329968436506,152.75041867753828,163128000
2014-03-24,150.89508056640625,152.22965508121388,150.23593883265067,152.04248187469906,121411000
2014-03-25,151.6111297607422,152.1238008642236,150.76482758093246,151.6599532149877,103852000
2014-03-26,150.52078247070312,152.44938449879717,150.48009209698395,152.20525467344078,119843000
2014-03-27,150.203369140625,150.8218204046986,149.65000755322882,150.34170643323534,142383000
2014-03-28,150.94390869140625,151.70069733435002,150.54516297881761,150.63467681564543,101642000
2014-03-31,152.18080139160156,152.4167980445773,150.96831053767258,151.90412679296927,99745000
2014-04-01,153.18984985351562,153.2793636754734,152.17265297533822,152.6771786534889,89193000
2014-04-02,153.7025604248047,153.90599985255164,153.1003752485691,153.3851954141977,78774000
2014-04-03,153.4990997314453,153.97921373434386,153.02711883442527,153.93852337104022,77435000
2014-04-04,151.68446350097656,154.36986698192007,151.44034607113065,154.33732213026056,169381000
2014-04-07,150.00799560546875,151.57040790128832,149.69877632054403,151.31814516215928,140803000
2014-04-08,150.6265869140625,150.87070434183556,149.39780458179288,149.94302086541887,112660000
2014-04-09,152.24588012695312,152.2947035878135,150.59395347742492,151.0333894590753,100254000
2014-04-10,149.04782104492188,152.3109840264459,148.86064788679155,152.23774883428374,172959000
2014-04-11,147.70513916015625,149.25941917363315,147.54239012172462,148.21781042732383,167251000
2014-04-14,148.8688507080078,149.21876059432105,147.6482140343337,148.86070518332997,132382000
2014-04-15,149.89419555664062,149.9999880520286,147.70518492319698,149.17809708228373,157093000
2014-04-16,151.46470642089844,151.47283952681371,150.26033622983206,150.92762342355442,105197000
2014-04-17,151.6763153076172,152.09947283886547,151.00089484597657,151.26130330119355,105255000
2014-04-21,152.2052001953125,152.25403607647112,151.52979238454628,151.7169531363145,68329000
2014-04-22,152.89695739746094,153.31196941852613,152.27850591993968,152.3598742523467,85790000
2014-04-23,152.53880310058594,152.92127002418727,152.4167444726072,152.83990174451841,73869000
2014-04-24,152.84811401367188,153.30381635008726,152.11572461561227,153.28753771894173,88170000
2014-04-25,151.5949249267578,152.44123993546825,151.25314816372554,152.35172608679613,100380000
2014-04-28,152.0750732421875,152.73421512377286,150.51265963699566,152.2134105887089,135121000
2014-04-29,152.78302001953125,153.01900430736484,152.2378038082981,152.56330194674956,84098000
2014-04-30,153.23866271972656,153.3932786212297,152.31911283202044,152.53069771489976,101508000
2014-05-01,153.25502014160156,153.6700321824731,152.76676045602125,153.1655062798105,93019000
2014-05-02,153.0352783203125,153.91413816795452,152.8074271468821,153.2387177549438,98122000
2014-05-05,153.3281707763672,153.4339632138332,151.86340494471466,152.286562277626,75883000
2014-05-06,151.99365234375,153.09223013420257,151.96110750132425,152.98643766664537,85454000
2014-05-07,152.8887481689453,152.96198335673694,151.3670133487641,152.50628118787407,106500000
2014-05-08,152.72607421875,153.8409309670839,152.23782693689625,152.75049837895463,93618000
2014-05-09,152.95388793945312,153.01897762222592,152.03433785409985,152.75044853415946,83679000
2014-05-12,154.4430389404297,154.51628655633604,152.98641839892133,153.63742691805237,86940000
2014-05-13,154.58135986328125,154.95568131062976,154.42674397187332,154.6464495278139,66454000
2014-05-14,153.84901428222656,154.5163014935054,153.6292962471767,154.44305387051818,72367000
2014-05-15,152.4981689453125,153.57233493514147,151.74951344495696,153.53977767771636,154956000
2014-05-16,153.0271453857422,153.0922474949326,151.9448461022474,152.58770925294638,97458000
2014-05-19,153.58863830566406,153.710696998282,152.59585288251313,152.73419020646597,63839000
2014-05-20,152.6202392578125,153.5316437897845,152.22963908938956,153.51536516115488,111644000
2014-05-21,153.90603637695312,153.9792716082522,153.03530945941904,153.0597212031854,89093000
2014-05-22,154.2803497314453,154.5977148002371,153.6863099702626,153.94670602870124,61549000
2014-05-23,154.8988037109375,155.00458378243965,154.28033983003843,154.41867716735567,61092800
2014-05-27,155.85086059570312,155.89968406548113,155.38701279890086,155.47652663247905,72010000
2014-05-28,155.7369384765625,156.0949938188057,155.476530076038,155.850864047553,66723000
2014-05-29,156.5425262451172,156.56693797675206,155.6962239088822,156.09496955384185,64377000
2014-05-30,156.79481506347656,156.89247442315178,156.26587756780648,156.39608176940274,76316000
2014-06-02,156.97384643554688,157.0470940612684,156.2170577777276,157.0145368016241,64656000
2014-06-03,156.89248657226562,156.97385489184703,156.4449173552182,156.59138778063894,65047000
2014-06-04,157.20982360839844,157.2993374358825,156.46116814987485,156.62391717704,55529000
2014-06-05,158.2351531982422,158.39790222493775,156.81107748498502,157.38885080925232,92103000
2014-06-06,158.99197387695312,159.03265182595115,158.50371431941352,158.57694952795757,78696000
2014-06-09,159.1547393798828,159.5372065088782,158.82109572829833,158.96757857748858,65119000
2014-06-10,159.1709442138672,159.20348904473292,158.61758275353472,158.95935935390835,57129000
2014-06-11,158.61761474609375,158.780363767152,158.25955944959293,158.6013361189016,68772000
2014-06-12,157.49464416503906,158.51998671213835,157.14473434890292,158.43047287734328,106350000
2014-06-13,157.97479248046875,158.12940843625597,157.29937207289998,157.80389789329402,82017000
2014-06-16,158.10496520996094,158.4386088198935,157.5923063441892,157.77946712321838,87424000
2014-06-17,158.54441833496094,158.65834391926754,157.71438198246568,157.8852765674043,84834000
2014-06-18,159.7080535888672,159.79756741677176,158.1944640369068,158.54438624306277,105267000
2014-06-19,159.88710021972656,159.9847595816383,159.33375097570436,159.84640985367636,85929000
2014-06-20,160.21173095703125,160.3425590847571,160.01548876544248,160.28531710020567,100587000
2014-06-23,160.16262817382812,160.3016283415038,159.8682712080287,160.25257092661278,70611000
2014-06-24,159.19776916503906,160.6695538328441,159.01788367917112,159.87642577509504,96237000
2014-06-25,159.91737365722656,160.08090257839908,158.82988824056676,158.8625890342185,82782000
2014-06-26,159.80288696289062,159.95824378998552,158.73175828318043,159.94188715648718,84312000
2014-06-27,160.11363220214844,160.16268963586512,159.35320455016532,159.42679070074033,71445100
2014-06-30,160.0318603515625,160.39980357826684,159.87650349493092,160.0155037149544,70201200
2014-07-01,161.10296630859375,161.5935655253552,160.36707995990795,160.42430946520486,90470000
2014-07-02,161.26649475097656,161.47090901128735,161.04573633288945,161.1193224722518,52475000
2014-07-03,162.0596160888672,162.13320222505553,161.60173016175438,161.72437372206824,52938800
2014-07-07,161.49542236328125,161.8797221342282,161.25830733351543,161.748906502179,61696000
2014-07-08,160.45701599121094,161.2583163668906,160.0645316437118,161.20107438754272,108143000
2014-07-09,161.17654418945312,161.3237289375223,160.51424401428102,160.85765845783487,72992000
2014-07-10,160.53878784179688,160.9639730161399,159.49218777915013,159.6230159060952,99040000
2014-07-11,160.7595672607422,160.87403875876763,160.08091035228506,160.44068148221004,64243000
2014-07-14,161.56898498535156,161.78157125697973,161.43815690598697,161.5771570616422,58658000
2014-07-15,161.26649475097656,161.97786486084837,160.55513711756103,161.66715119270998,111307000
2014-07-16,161.86338806152344,162.10867518468064,161.4218462869287,161.98603162310204,79986400
2014-07-17,160.023681640625,161.97788167296954,159.79472616697322,161.36463882838706,145398000
2014-07-18,161.65896606445312,161.82249496421016,160.45700931273308,160.54695207906775,124330000
2014-07-21,161.35643005371094,161.48725816860198,160.6123591862809,161.1520158028646,67592000
2014-07-22,162.0596160888672,162.35397311007625,161.78978777972088,161.9042592614991,67678000
2014-07-23,162.41940307617188,162.59111655388585,161.97787373933983,162.30493158318157,65612000
2014-07-24,162.4275665283203,162.76280891014906,162.26403761508513,162.57475128375143,56888000
2014-07-25,161.66717529296875,162.1087046714195,161.34828949840482,161.9697044508617,76837000
2014-07-28,161.7325897216797,161.96970480987252,160.76774777928472,161.69987644826523,69259000
2014-07-29,161.03750610351562,162.26399131752024,161.01297739735176,162.03504840902227,80466000
2014-07-30,161.06202697753906,161.82245426099925,160.39155491424245,161.60985551598026,104222000
2014-07-31,157.8813934326172,160.0808928465753,157.78327858116978,159.94189264820605,183479000
2014-08-01,157.39898681640625,158.42923023858918,156.63857172594055,157.4480442446354,189261000
2014-08-04,158.53549194335938,158.87073425846435,157.03100627870552,157.70147843246164,91340000
2014-08-05,156.99835205078125,158.2984364607699,156.42599451493078,157.8896078670969,152690000
2014-08-06,157.04736328125,157.71783543659228,156.23787847671767,156.26240718505616,94818000
2014-08-07,156.19703674316406,157.91412166494467,155.80456482372696,157.7587648177936,135733000
2014-08-08,158.0040740966797,158.1103610434927,156.13163221338309,156.5486453499341,117014000
2014-08-11,158.46194458007812,159.16513016785112,158.3883584372367,158.60094478648642,74544000
2014-08-12,158.24119567871094,158.74813914627433,157.7587809288388,158.30660975137374,73632000
2014-08-13,159.31231689453125,159.49220246653186,158.5927870829868,158.8626029645297,69047000
2014-08-14,160.0644989013672,160.0644989013672,159.42672756271162,159.57391228203005,57371000
2014-08-15,160.0318603515625,160.79227552165426,158.8789607616252,160.6451032215558,139951000
2014-08-18,161.37281799316406,161.44640414339491,160.82498919179298,160.9149319786723,75424000
2014-08-19,162.2149658203125,162.33760937526148,161.4381941939069,161.7652519914076,59135000
2014-08-20,162.6483612060547,162.8446034165057,161.9615321841634,161.99423298100947,72763000
2014-08-21,163.12255859375,163.33514490540614,162.65648815192674,162.787316255925,67791000
2014-08-22,162.8690643310547,163.2778927419559,162.5011212565342,162.99170786374387,76107000
2014-08-25,163.6949005126953,164.01378618832806,162.83635831631378,163.64584309743697,63855000
2014-08-26,163.80120849609375,164.20186486916006,163.76032315574753,163.80120849609375,47298000
2014-08-27,163.73580932617188,163.99746554700212,163.48233766002713,163.88298159304742,47874000
2014-08-28,163.6458740234375,163.75217342755485,163.03263126390982,163.19616017115933,58330000
2014-08-29,164.1119384765625,164.12828263316752,163.38422426106558,163.899339676143,65907000
2014-09-02,164.0301513671875,164.34903705943867,163.41690869159257,164.32450835053123,72426000
2014-09-03,163.94024658203125,164.68431752844901,163.71130359489612,164.65978881386005,57462000
2014-09-04,163.70315551757812,164.82334190290595,163.25344155674833,164.2182710759296,85236000
2014-09-05,164.43898010253906,164.50439415189038,163.04896586407267,163.67038061822885,102177000
2014-09-08,164.01380920410156,164.52076501130287,163.53139458442675,164.2836375023405,64146000
2014-09-09,162.97540283203125,163.98111747085966,162.64016046026978,163.86664598738696,88591000
2014-09-10,163.5885772705078,163.69486415447568,162.52562109567373,163.06526502010882,67251000
2014-09-11,163.7766876220703,163.80121633216064,162.81184594485,162.93450197175642,66774400
2014-09-12,162.82005310058594,163.62952559884081,162.35398259126396,163.61318144081503,117409300
2014-09-15,162.6973419189453,162.9753547051007,162.20675533884315,162.84452662649255,76401000
2014-09-16,163.92384338378906,164.21820035170092,162.30488629850066,162.39482905193077,116201000
2014-09-17,164.14466857910156,164.9050837200585,163.32701145043856,164.161025215083,151266000
2014-09-18,165.01956176757812,165.04409048244028,164.43084765797215,164.64343401226316,94990000
2014-09-19,164.87086486816406,165.8566373529881,164.53405540429287,165.54448379590644,121649000
2014-09-22,163.5975341796875,164.6079623521423,163.25251451157166,164.58331898547505,125553000
2014-09-23,162.66107177734375,163.68792065044275,162.6117850369992,163.00609149453186,111393000
2014-09-24,163.93434143066406,164.04113770801106,162.25852984529376,162.68568988513317,107276000
2014-09-25,161.28921508789062,163.51542912433348,161.23171806483828,163.50720631048515,150300000
2014-09-26,162.5706787109375,162.9732079077673,161.35489337826505,161.5849064808038,103547000
2014-09-29,162.27500915527344,162.56253191310876,161.051013067685,161.1742299440265,95112000
2014-09-30,161.84780883789062,162.8993010379308,161.51099941301544,162.3981983070698,131302000
2014-10-01,159.65447998046875,161.6424580462418,159.29302714400507,161.5849484882693,177798000
2014-10-02,159.67913818359375,160.2377380483554,158.01153633438454,159.51483230828418,157285000
2014-10-03,161.43704223632812,161.78206188147936,160.2541105759389,160.74699041125197,121569000
2014-10-06,161.24810791015625,162.32425593280718,160.6648648377657,162.11066336986852,104778000
2014-10-07,158.7590789794922,160.7799234960903,158.7262253240421,160.4184706122452,147913000
2014-10-08,161.53562927246094,161.76564238855954,158.01970017235396,158.84938944579716,186461000
2014-10-09,158.3319091796875,161.5028194663607,158.20046949630316,161.28101656749686,210705000
2014-10-10,156.52462768554688,159.07942827749446,156.48356375692845,158.29081533332499,221909000
2014-10-13,153.95343017578125,157.0257545669811,153.8630669563472,156.4589444102898,230939000
2014-10-14,154.19161987304688,155.93316403572277,153.64944067519184,154.78308580983855,215847000
2014-10-15,153.14834594726562,154.18341765817033,149.44347963772088,152.10507649247734,380715000
2014-10-16,153.01686096191406,154.09299619402896,150.24025858181537,150.3799084748987,270391000
2014-10-17,154.8241424560547,155.87563453471907,154.125880317747,154.78306600060583,214625000
2014-10-20,156.3274383544922,156.45065517651102,154.49554390342996,154.54483063223748,130011000
2014-10-21,159.42446899414062,159.53125276289714,157.29682841133018,157.46112173884418,154949000
2014-10-22,158.29075622558594,160.11444021330956,158.2250364156496,159.70370080228662,151822000
2014-10-23,160.13088989257812,161.1741716960859,159.580500485864,159.87623341698531,154944000
2014-10-24,161.36317443847656,161.41247372616667,159.76951511032212,160.39383487182243,117927000
2014-10-27,161.14134216308594,161.3795655851563,160.21306677530146,160.78809963441634,82954000
2014-10-28,162.9896240234375,162.99783429953962,161.60953301714767,161.6834756411575,106736000
2014-10-29,162.7432098388672,163.57289914004178,161.66707432369984,163.1046626147532,142557000
2014-10-30,163.78651428222656,164.25475087204973,162.15997656656242,162.30784932924865,113330000
2014-10-31,165.6595001220703,165.7909398037196,164.9283841282159,165.7580736159183,146903000
2014-11-03,165.7498779296875,166.3084778237115,165.37199194536961,165.873094807846,93600000
2014-11-04,165.1748046875,165.61018759726343,164.34510279416602,165.30623181391417,93343000
2014-11-05,166.21803283691406,166.42340255600723,165.48691713833324,166.38232610523403,91709000
2014-11-06,166.88343811035156,166.97380129322747,165.6430094497584,166.2591186417013,107089000
2014-11-07,167.03955078125,167.25314336131757,166.43987457097933,166.89990084377743,89540000
2014-11-10,167.56527709960938,167.6145638323363,166.86702749468742,167.07239723756584,66319000
2014-11-11,167.7295684814453,167.83636475765658,167.29418563427126,167.6309950171113,54499400
2014-11-12,167.5488739013672,167.7788870344358,167.01490499370564,167.04777117544438,90120300
2014-11-13,167.73779296875,168.26353900840627,166.9327470875082,167.71314960242034,85357900
2014-11-14,167.77886962890625,167.98423937175338,167.3516970540474,167.66386307430284,80417500
2014-11-17,167.88572692871094,168.05824310358918,167.29426080738529,167.45856670147117,80441000
2014-11-18,168.8550262451172,169.15896949150834,167.94318397116785,167.94318397116785,76068100
2014-11-19,168.58392333984375,168.85501291716375,167.82816415524326,168.65785344235604,82373000
2014-11-20,168.8796844482422,168.98648074842,167.72960612223105,167.79532595812685,72840300
2014-11-21,169.78330993652344,170.73622878823045,169.20827702076141,170.5719354601238,142327300
2014-11-24,170.25979614257812,170.36659246329532,169.9722859068633,170.18586601351828,65880800
2014-11-25,170.1365509033203,170.69515072059616,169.88189436692826,170.4897809286958,79108300
2014-11-26,170.57192993164062,170.6705034183542,170.07082714955146,170.28440721568992,62167800
2014-11-28,170.21043395996094,170.76082334590794,169.972210582523,170.44866987217276,57890100
2014-12-01,169.0275421142578,169.6682948360523,168.71538856695847,169.5532882586732,103968400
2014-12-02,170.12013244628906,170.32550225585814,169.0439966497117,169.0686400240777,74507200
2014-12-03,170.7772979736328,170.9908780375887,170.12833496810504,170.29262828920778,68952000
2014-12-04,170.58836364746094,171.08946643138046,169.79973814654045,170.48977762561017,91316600
2014-12-05,170.8676300048828,171.2537261331566,170.4979669661541,170.76083372500187,91025500
2014-12-08,169.72579956054688,170.96622850516556,169.16718724719559,170.4733485596189,108588200
2014-12-09,169.61085510253906,169.71765143716863,167.50786981457287,167.88574332440186,125180100
2014-12-10,166.8916473388672,169.2082111939498,166.70269817701256,169.15071419213032,159856400
2014-12-11,167.73779296875,169.38075090952267,167.34348657270138,167.48313649349413,159012800
2014-12-12,165.0269317626953,167.4338719834707,164.99407811482007,166.46452015167512,202330200
2014-12-15,163.89324951171875,166.37411927955355,163.2935734292659,165.9223033812234,189965800
2014-12-16,162.57884216308594,166.26727326874413,162.53776572375,163.12923135283347,259543800
2014-12-17,165.76625061035156,166.21806659106207,162.8910739591806,163.01430333652465,253910100
2014-12-18,169.86541748046875,174.9503742225222,167.5159871654493,168.18960592590847,257633900
2014-12-19,170.58822631835938,171.25729490243907,169.83655138396585,170.51387556149317,245084600
2014-12-22,171.3729705810547,171.3729705810547,170.5387017330833,170.77824003067204,148318900
2014-12-23,171.6041717529297,172.00065439682518,171.31506221019916,171.95109564183275,122167900
2014-12-24,171.62071228027344,172.09153310258455,171.57940911243207,171.82721551552294,42963400
2014-12-26,172.17408752441406,172.51275575305792,172.01714309631308,172.06670184119687,57326700
2014-12-29,172.40542602539062,172.61192926539766,171.9263369960994,171.99241954537655,79643900
2014-12-30,171.4803466796875,172.1163677737243,171.4059959121055,171.984215239719,73540800
2014-12-31,169.77867126464844,171.9676128230689,169.65477438192607,171.80241277812058,130333800
2015-01-02,169.68785095214844,170.8855799305739,168.6553346631324,170.47257341496748,121465900
2015-01-05,166.6233367919922,168.8122661140158,166.3177160273211,168.6470660413276,169632600
2015-01-06,165.05393981933594,167.44937271154942,164.26096171619886,166.928980437492,209151400
2015-01-07,167.1106719970703,167.44934031956146,165.9294795701786,166.3755210016873,125346700
2015-01-08,170.07598876953125,170.29076011139267,168.4983142874409,168.51482546454412,147217800
2015-01-09,168.71319580078125,170.50564292912694,168.1019414964393,170.48911913604712,158567300
2015-01-12,167.39151000976562,169.0022452562674,166.78852411875266,168.84530078782205,144396100
2015-01-13,166.92076110839844,169.72920115106805,165.62391424017915,168.60582261320778,214553300
2015-01-14,165.9129638671875,166.111211515272,164.0213997320499,164.91348263853635,192991100
2015-01-15,164.39312744140625,166.86289849504993,164.2774861138506,166.54902209394717,176613900
2015-01-16,166.5489501953125,166.7058946300912,164.00482948341775,164.18655329169266,211879600
2015-01-20,166.9041748046875,167.44934637710867,165.34301083199585,167.18501618298058,130991100
2015-01-21,167.7467041015625,168.2257931041972,165.9790369696136,166.441602184859,122942700
2015-01-22,170.24124145507812,170.3733939227786,167.12716970045457,168.49835395998116,174356000
2015-01-23,169.30784606933594,170.241244574568,169.17568099525872,169.98517001706017,117516800
2015-01-26,169.70436096191406,169.79522289212784,168.3827477816635,169.0931194349828,92009700
2015-01-27,167.46592712402344,168.6058168130193,166.63991389236418,167.6559066381958,134044600
2015-01-28,165.31822204589844,168.74617055474414,165.12824260715124,168.64705303956416,168514300
2015-01-29,166.8463592529297,167.1024212491774,164.11224581839372,165.51647790768044,173585400
2015-01-30,164.74830627441406,166.9950628601836,164.48398864289024,165.6734494946458,197729700
2015-02-02,166.7884979248047,166.87935983416344,163.43488807676155,165.24385806966035,163107000
2015-02-03,169.20046997070312,169.20873816577404,167.3089060809817,167.6806093444516,124212900
2015-02-04,168.5561981201172,169.64654124823144,168.10188848340294,168.44055681294967,134306700
2015-02-05,170.25778198242188,170.40647086465165,169.14267208350574,169.21701022264207,97953200
2015-02-06,169.78695678710938,171.18292062670562,169.26656461865574,170.62122529181084,125672000
2015-02-09,169.0270538330078,169.8613224730138,168.62230290257145,169.14269515542406,87219000
2015-02-10,170.82774353027344,171.08380553916865,169.0683318377307,170.05955750358785,96164200
2015-02-11,170.92684936523438,171.35637961746548,170.01824270561735,170.6625317819855,91087800
2015-02-12,172.57058715820312,172.62841410225678,170.9598647703792,171.7197950096614,97545900
2015-02-13,173.281005859375,173.33056462266381,172.43846907159076,172.69454368851316,93670400
2015-02-17,173.5535430908203,173.72701131774258,172.71927473303418,172.96706848013085,76968200
2015-02-18,173.570068359375,173.64440648413964,172.9175112092286,173.18184134699794,80652900
2015-02-19,173.44618225097656,173.80962993740306,172.83494078194687,172.97536146007414,91462500
2015-02-20,174.4869384765625,174.5612765993815,172.41363840005616,173.0331479647899,140896400
2015-02-23,174.46221923828125,174.46221923828125,173.85922064591023,174.2391921889939,74411100
2015-02-24,174.95782470703125,175.15607237940614,174.09050847083483,174.38787367741764,72472300
2015-02-25,174.80909729003906,175.31296561485897,174.47042900857946,174.83387666634533,73061700
2015-02-26,174.60260009765625,174.87518585036773,173.99960164289035,174.71824139238635,72697900
2015-02-27,174.00791931152344,174.7678498363769,173.95836054311377,174.5035195995795,108076000
2015-03-02,175.10647583007812,175.16429017790526,174.0574359382095,174.1069946946203,87491400
2015-03-03,174.3878936767578,175.1560924668457,173.52884553919984,174.67700332329895,110325800
2015-03-04,173.65269470214844,173.86746613042823,172.6862610867606,173.7931153877391,114497200
2015-03-05,173.84268188476562,174.12352324808586,173.338813507535,173.9748343708267,76873000
2015-03-06,171.3976593017578,173.41313258921616,171.06725921697512,172.9836023958344,188128000
2015-03-09,172.10813903808594,172.46331872234364,171.43907025316275,171.59601480349548,89818900
2015-03-10,169.3161163330078,170.8277214133803,169.27481316828494,170.74512768789077,157121300
2015-03-11,168.91966247558594,169.74567549502646,168.83705613205854,169.57220721520224,110145700
2015-03-12,171.0673065185547,171.13337647061587,169.497874171987,169.5474329380123,93993500
2015-03-13,170.01824951171875,171.7528691698583,168.9857333090318,170.79470371277253,162410900
2015-03-16,172.28981018066406,172.38067212385542,170.04305358898614,170.74516975037025,136099200
2015-03-17,171.7776336669922,172.15759251056483,170.96813201877035,171.55460667379185,94510400
2015-03-18,173.84268188476562,174.51175032254008,170.67078274412282,171.30681621137117,228808500
2015-03-19,173.04969787597656,173.850931375652,172.66147081514595,173.42966934545456,117917300
2015-03-20,174.5771942138672,175.0833117613719,173.81387167111257,173.99640669875154,177715100
2015-03-23,174.23703002929688,175.1579976944319,174.23703002929688,174.5855025701291,71784500
2015-03-24,173.25799560546875,174.56891073329592,173.1916180726312,174.112585767895,77805300
2015-03-25,170.71913146972656,173.69776520861421,170.67765658234543,173.46545013430293,159521700
2015-03-26,170.3125762939453,171.2252389858429,169.3584133966899,170.05537123840853,153067200
2015-03-27,170.70252990722656,170.87675986583287,170.00557209213895,170.19641226043072,118939000
2015-03-30,172.78506469726562,173.08375727229875,171.71475702185867,171.7313419103126,96180400
2015-03-31,171.2749786376953,172.66058888963727,171.21690621635824,171.96363121206426,126768700
2015-04-01,170.66928100585938,171.2666659960578,169.68193601760873,171.2417760098176,137303600
2015-04-02,171.28329467773438,171.73132717172223,170.42039946381973,170.60293450290862,86900900
2015-04-06,172.43658447265625,172.9509945167097,170.262774121107,170.39551652393973,114368200
2015-04-07,171.98020935058594,173.20816176547933,171.94702692216907,172.46143685403993,81236300
2015-04-08,172.56105041503906,173.00079052443866,171.81432527158861,172.20428539278765,89351900
2015-04-09,173.32432556152344,173.5566405495446,171.90554564612407,172.39506560943883,85548900
2015-04-10,174.27024841308594,174.31173596083772,173.37418321480183,173.57330318765517,72722900
2015-04-13,173.48204040527344,174.7597860138336,173.43226041069465,174.12920565524252,74436600
2015-04-14,173.8138427734375,173.99637777072883,172.66056037794198,173.28283532501257,75099900
2015-04-15,174.5937957763672,175.09991337221425,174.195543250851,174.27851832960081,99529300
2015-04-16,174.5440216064453,175.05013921914878,174.0627939861519,174.2619265856519,68934900
2015-04-17,172.5361328125,173.5981479249098,171.7562126949012,173.35754046703426,191113200
2015-04-20,174.11253356933594,174.44440847380847,173.37410114570088,173.45706354171097,92189500
2015-04-21,173.90516662597656,174.95058431814448,173.60647404818283,174.79293925483387,72559800
2015-04-22,174.75975036621094,174.94228541591448,173.324359960795,174.24532765331014,78264600
2015-04-23,175.19949340820312,175.84665853711883,174.24533060310532,174.36148812213582,102585900
2015-04-24,175.60601806640625,175.87152817072322,175.1579855906446,175.6143231698028,61327400
2015-04-27,174.87591552734375,176.2946957863419,174.685075365081,176.17024581984043,79358100
2015-04-28,175.4317626953125,175.4815426675977,173.6810952620545,174.85097525162385,86863500
2015-04-29,174.7099609375,175.30733337852325,173.90515080555448,174.5440107847622,125684900
2015-04-30,172.95925903320312,174.52739144939122,172.2623014458399,174.1374314558223,161304900
2015-05-01,174.83438110351562,174.87586863463142,173.63961110459596,173.73917105110024,103399700
2015-05-04,175.33218383789062,175.9129712189305,175.14964885239016,175.25750122730196,70927200
2015-05-05,173.32432556152344,175.44836820377265,173.1832780802404,175.09159061917188,113326200
2015-05-06,172.61083984375,174.1789728589376,171.5488245033172,173.871987808097,135060200
2015-05-07,173.29945373535156,173.722608883763,172.17936621005825,172.5112411819484,88244900
2015-05-08,175.58111572265625,175.78024828688288,174.8841707381896,174.96714580500512,155877300
2015-05-11,174.74313354492188,175.8051486295798,174.66846357652057,175.53965118852454,75708100
2015-05-12,174.22044372558594,174.75975644947212,173.0920509518764,173.9134587041349,119727600
2015-05-13,174.253662109375,175.24929994623557,174.02134703611495,174.62702471566996,94667900
2015-05-14,176.0706329345703,176.16190043598417,174.99202046155673,175.26582296579826,95934000
2015-05-15,176.26148986816406,176.40253736481634,175.7802622947641,176.26148986816406,76510100
2015-05-18,176.80908203125,177.05798191288406,176.02916197488247,176.09553949672417,74549700
2015-05-19,176.75106811523438,177.1991134030024,176.468973028994,176.92531076274923,72114600
2015-05-20,176.62655639648438,177.3732814015002,176.31126631603755,176.85056630185804,76857500
2015-05-21,177.14097595214844,177.34840098253736,176.31956827412938,176.48551842661584,64764600
2015-05-22,176.7178192138672,177.17414411579225,176.6514416902629,176.75929408842902,57433500
2015-05-26,174.81781005859375,176.65145286603982,174.4029600049852,176.22829770881899,124308600
2015-05-27,176.4772491455078,176.70956421388289,174.86762855732204,175.2741862570893,93214000
2015-05-28,176.2781219482422,176.38597437256442,175.5894692165826,176.17025686369877,74974600
2015-05-29,175.18292236328125,176.25323018911732,174.91742484828134,176.21175530193312,124919600
2015-06-01,175.5396270751953,176.1784869307174,174.75140198295153,175.84661200993233,93338800
2015-06-02,175.3653564453125,176.05400882292818,174.4609866697339,175.08326154177297,91531000
2015-06-03,175.8300323486328,176.45230738355588,175.34051235961232,175.8964098715841,87820900
2015-06-04,174.34487915039062,175.78025672160754,174.02958907362384,175.12479923909686,151882800
2015-06-05,174.04620361328125,174.71825870761285,173.39073340655372,174.19554356303513,121704700
2015-06-08,172.9758758544922,174.08768362665737,172.90120588284333,173.93833102314068,89063300
2015-06-09,172.95101928710938,173.49033206041878,172.32045163762882,172.95101928710938,105034700
2015-06-10,175.02528381347656,175.4069515395513,173.65628331951808,173.71435575987715,134551300
2015-06-11,175.58949279785156,175.9711478771171,175.23271505656643,175.4650301466123,73876400
2015-06-12,174.2453155517578,175.46497572633368,173.97151299621842,174.7680306723529,135382400
2015-06-15,173.49855041503906,173.7806453487977,172.40334044602406,173.1085904406367,124384200
2015-06-16,174.4444580078125,174.5274330875997,173.17501778043052,173.3492477236761,85308200
2015-06-17,174.72654724121094,175.33223745113244,173.7060196267391,174.72654724121094,126708600
2015-06-18,176.5436248779297,177.00825500991627,174.75977433686225,175.3239644513541,165867900
2015-06-19,175.7598876953125,176.3768569276957,175.38470903205058,176.30182373940372,130478700
2015-06-22,176.6603240966797,177.24393676409846,176.45189009247287,176.6770023791208,70696000
2015-06-23,176.78536987304688,177.11887189486686,176.39352567033555,176.8687485589522,68476800
2015-06-24,175.50143432617188,176.89377196974425,175.47642326301445,176.51859330058082,92307300
2015-06-25,174.96786499023438,176.12675770364896,174.89283179166455,176.00170237269924,97107400
2015-06-26,174.93446350097656,175.56809817200963,174.384194782506,175.3263076494394,104174800
2015-06-29,171.26600646972656,174.9427844001069,171.19097330097563,173.45873569419442,202621300
2015-06-30,171.62457275390625,172.85016577780942,171.1493370940324,172.8001309279785,182925100
2015-07-01,173.0001678466797,173.44204677572495,172.21645420745284,173.19192350676775,135979900
2015-07-02,172.84181213378906,173.6422043099479,172.4249441241193,173.47545965044043,104373700
2015-07-06,172.3498992919922,173.1252676311306,171.35775146051736,171.55785267148914,117975400
2015-07-07,173.4337615966797,173.55881690458054,170.17385087151584,172.55000349604325,173820200
2015-07-08,170.52401733398438,172.3832449894244,170.29057227957045,172.0997778121791,164020100
2015-07-09,170.83248901367188,172.87515224406943,170.72411199229873,172.61668341636218,144113100
2015-07-10,172.98350524902344,173.40037316113816,170.87415463146684,172.82509340693198,129456900
2015-07-13,174.8927764892578,175.00115350121004,174.2007741926102,174.24246353034553,106069400
2015-07-14,175.65150451660156,175.9599955052407,174.79275740475703,174.85112503459231,81709600
2015-07-15,175.59317016601562,176.15177185705397,175.1179344564702,175.69321443252878,97914100
2015-07-16,177.00216674804688,177.00216674804688,176.40187577162789,176.6436536296121,106683300
2015-07-17,177.15225219726562,177.2106198337727,176.58531772618835,176.99384029452227,89030000
2015-07-20,177.2439422607422,177.73584347269255,176.92713121534828,177.37734308080402,70446800
2015-07-21,176.54359436035156,177.36899756318357,176.24344889766735,177.11052872219872,77965000
2015-07-22,176.2267608642578,176.56026287200874,175.82657117675748,175.8599150166322,88667900
2015-07-23,175.234619140625,176.4602120277821,174.87611878188716,176.36016778288803,90509100
2015-07-24,173.4170684814453,175.3930185080703,173.08357920770112,175.3346636099752,117755000
2015-07-27,172.40823364257812,173.04188104088917,171.9663546525979,172.53330165520254,132361100
2015-07-28,174.52597045898438,174.66770406215596,172.41661925106152,173.24200980610797,123544800
2015-07-29,175.7265167236328,175.95161625375798,174.5092567292299,174.65099030361242,105791300
2015-07-30,175.7682342529297,175.9349789129583,174.6009961891253,175.21796542521344,91304400
2015-07-31,175.50143432617188,176.29348101036186,175.21796712918638,176.26846994720444,103266900
2015-08-03,174.90943908691406,175.5264081982769,173.95898072291158,175.46805330387474,113965700
2015-08-04,174.567626953125,175.29297311573126,174.08405860412074,174.83441582600307,81820800
2015-08-05,175.14292907714844,176.1767535837583,174.85944916623106,175.45974010894733,85786800
2015-08-06,173.70889282226562,175.43471964877418,173.12526747125386,175.32632990270608,116030800
2015-08-07,173.37539672851562,173.70055325602934,172.47496033190805,173.5504868841622,117858000
2015-08-10,175.55982971191406,175.64319569501873,174.48430293888842,174.48430293888842,80270700
2015-08-11,173.97564697265625,174.64263815361645,173.21694434529155,174.22577025574114,126081400
2015-08-12,174.1841278076172,174.36755074979908,171.2160296112949,172.67506764659507,172123700
2015-08-13,173.9673614501953,174.7093860011013,173.4254254026694,174.0257163564138,89383300
2015-08-14,174.6009521484375,174.67598531825396,173.6338155536956,173.77554911505968,72786500
2015-08-17,175.5764617919922,175.5764617919922,173.55048941147336,174.00904675741438,79072600
2015-08-18,175.06788635253906,175.65149902362893,174.83444128410312,175.301331420975,71692700
2015-08-19,173.68386840820312,175.09287138975742,172.87514356925766,174.32583589007928,172946000
2015-08-20,170.05712890625,173.65886172552786,169.99876128116887,172.1748126984539,194327900
2015-08-21,164.93800354003906,170.03213129099785,164.67954740121536,168.18956903137342,346588500
2015-08-24,157.99295043945312,164.64615924941685,152.07342055854252,156.31714588799085,507244300
2015-08-25,156.13372802734375,162.95368169086757,155.84191536900306,162.93700341049941,369833100
2015-08-26,162.12831115722656,162.4034328471312,157.05084915471605,160.14401536953736,339257000
2015-08-27,166.13858032226562,166.26363563658603,162.75361411543824,164.26267427664732,274143900
2015-08-28,166.1469268798828,166.6138170544639,165.01304528941307,165.49661374788724,160414400
2015-08-31,164.80459594726562,166.02185612224434,164.2543271261738,165.1714418279935,163298800
2015-09-01,159.88555908203125,162.3867671258326,159.0184665026377,161.01109506866067,256000400
2015-09-02,162.9203643798828,162.96205372669115,160.42748901365306,162.26170577699753,160269300
2015-09-03,163.03704833984375,165.12138796903685,162.54514724058606,163.62899367032688,152087800
2015-09-04,160.56922912597656,161.62807751318965,159.75217132697426,160.78600864944872,207081000
2015-09-08,164.60447692871094,164.75455600996594,162.7202383253575,163.36221854722507,116025700
2015-09-09,162.40345764160156,166.30534940483957,162.03662442512285,166.18029407215408,149347700
2015-09-10,163.2871856689453,164.42939981290357,161.9532031029294,162.21165920366735,158611100
2015-09-11,164.02920532226562,164.09590572079074,162.18664338818505,162.89532399093918,119691200
2015-09-14,163.42056274414062,164.25429861131062,162.93699441456607,164.20427649476838,79452000
2015-09-15,165.46322631835938,165.90510531161007,163.3788866438561,163.92080987050704,113806200
2015-09-16,166.89723205566406,167.08900045592938,165.4215287987995,165.76336354174293,99581600
2015-09-17,166.52210998535156,169.1567191508858,166.14693127954274,166.76390058189295,276046600
2015-09-18,163.80084228515625,166.50780585133356,163.39019601063427,164.0187487536993,223657500
2015-09-21,164.64730834960938,165.669742422647,163.59972040089897,164.63054336180713,105726200
2015-09-22,162.51023864746094,162.971179937286,161.3788384622485,162.48509755782862,153890900
2015-09-23,162.25048828125,163.14721725645575,161.6722174676966,162.67789972312073,92790600
2015-09-24,161.66380310058594,162.12474445816738,159.70272109335767,161.03525019150445,159378800
2015-09-25,161.6219024658203,163.42374894153775,160.7503019768851,163.1220430473588,155054800
2015-09-28,157.5656280517578,160.8341106320066,157.2555460629324,160.72515737628274,178515900
2015-09-29,157.65774536132812,159.01542763842642,156.66043988207957,157.78346355087643,159045600
2015-09-30,160.59945678710938,160.76706833242253,158.76408031426854,159.54347975454826,163452000
2015-10-01,161.01846313476562,161.32016897733686,159.082522639908,160.97655705897594,131079000
2015-10-02,163.4237060546875,163.44884714027629,158.49584867228302,159.04060203189462,211003300
2015-10-05,166.3318634033203,166.55814603288178,164.53839293436835,164.64734619822048,126320800
2015-10-06,165.761962890625,166.75926885770076,165.09989280505525,166.19776314261216,110274500
2015-10-07,167.11962890625,167.4716169552266,165.50214631315984,166.69220479911124,124307300
2015-10-08,168.6281280517578,168.91306888019523,166.4323752043093,166.73408101910707,153055200
2015-10-09,168.72869873046875,169.2063921622075,168.1001459916969,168.77060480397452,107069200
2015-10-12,168.88792419433594,169.08905287462173,168.3767008187138,168.80411205225855,56395600
2015-10-13,167.82362365722656,169.42434143886834,167.65601210879015,168.15884675409936,88038700
2015-10-14,167.01901245117188,168.34316496451413,166.72569554002493,167.76489445302335,99106200
2015-10-15,169.58360290527344,169.59197900820092,167.31242579347253,167.68117892937616,134142200
2015-10-16,170.3545684814453,170.37132068160702,169.22316836151685,169.98581547086303,114580100
2015-10-19,170.4384002685547,170.4384002685547,169.39920099152405,169.7092829967101,76523900
2015-10-20,170.22048950195312,170.83227734943787,169.75117209632427,170.00259578875122,78448500
2015-10-21,169.16453552246094,170.79038155042025,168.9969111921257,170.63953499864772,102038000
2015-10-22,172.0223388671875,172.2318564832243,169.16452830328043,170.1115392319672,174911700
2015-10-23,173.90798950195312,174.27674253547696,172.89393144770239,173.6900957948435,144442300
2015-10-26,173.4805908203125,173.79067280838166,173.1118377599379,173.73201452401705,69033000
2015-10-27,173.14535522460938,173.48057828002285,172.46650743729634,172.81011938125604,77905800
2015-10-28,175.11485290527344,175.13999400075386,172.81854759844293,173.48061775933203,135906700
2015-10-29,175.0142059326172,175.38295887623602,174.49460648730158,174.61193580682243,90525500
2015-10-30,174.25991821289062,175.52541230959258,174.1006956280277,175.2069415639957,131076900
2015-11-02,176.32167053222656,176.51442318688035,174.46115280346794,174.58687106445788,86270800
2015-11-03,176.83285522460938,177.3859847602942,175.74336114194094,175.9696437316192,95246100
2015-11-04,176.29649353027344,177.25189329467037,175.76012897461092,177.12618784722594,96224500
2015-11-05,176.12049865722656,176.8160986601643,175.23214603282946,176.3551573584658,78408700
2015-11-06,176.02830505371094,176.26297653576705,174.7041650460284,175.7768941585432,110471500
2015-11-09,174.3856964111328,175.56737878519792,173.43867273416632,175.4165194582403,131008700
2015-11-10,174.7879638671875,174.82149384506457,173.63981148972155,173.9079873730397,75874600
2015-11-11,174.10079956054688,175.10648177213253,174.03375237471542,175.0561995797447,67846000
2015-11-12,171.67031860351562,173.53083570794695,171.6535664046923,173.0615183821333,121315200
2015-11-13,169.7427978515625,171.5278921550629,169.65899847215078,171.2597162378276,153577100
2015-11-16,172.32403564453125,172.38270671213425,169.44107135405784,169.55841348926387,117645200
2015-11-17,172.19833374023438,173.51409767680042,171.703875251433,172.63413394816544,121123700
2015-11-18,174.93045043945312,175.07292088872342,172.6341454727028,172.67603876700397,121342500
2015-11-19,174.77964782714844,175.19868317902942,174.4863179656541,174.81316502860352,88220500
2015-11-20,175.41653442382812,176.0953694832022,175.03940525616932,175.53386378238736,94011500
2015-11-23,175.21536254882812,175.97799679772703,174.7544213294247,175.47516229396336,64931200
2015-11-24,175.4500274658203,175.8522976407663,173.82416899099331,174.20967417883455,98874400
2015-11-25,175.4249267578125,175.77691484040187,175.16511415567015,175.5757733126617,51980100
2015-11-27,175.62603759765625,175.82717910489592,175.03939085313215,175.51708434940895,37317800
2015-11-30,174.89697265625,175.90265491696695,174.78801937545822,175.7853255330157,112822700
2015-12-01,176.56466674804688,176.6820088811428,175.2489028622171,175.52546763035855,97858400
2015-12-02,174.7628173828125,176.83285226890064,174.51139370825462,176.51438142859806,108441300
2015-12-03,172.3156280517578,175.28239116925315,171.59488711086138,175.0142153336303,166224200
2015-12-04,175.67636108398438,175.96969091918655,172.31570246678578,172.31570246678578,192913900
2015-12-07,174.6119842529297,175.76851278396063,173.6481955578069,175.34947755684817,102027100
2015-12-08,173.43873596191406,174.56174767713273,172.45819473701914,173.05323058526028,103372400
2015-12-09,172.08935546875,174.88850725265175,171.11719083392987,172.80172035190606,162401500
2015-12-10,172.5335693359375,173.84095726678345,171.9217814530039,172.15644016941516,116128900
2015-12-11,169.18968200683594,171.0837167933455,168.8795872161852,170.42164670400737,211173300
2015-12-14,170.0445098876953,170.1702281432619,167.57220431685354,169.3489225829156,182385200
2015-12-15,171.8295440673828,172.73466148106345,170.0193092400215,171.55297934754117,154069600
2015-12-16,174.34375,174.64545579617976,171.6367867210136,172.952550340508,197017000
2015-12-17,171.68711853027344,174.72092956664895,171.67035354010022,174.65388239389682,173092500
2015-12-18,168.62852478027344,171.0818146567759,168.4683416450139,170.9469351054431,251393500
2015-12-21,170.01953125,170.19657911718517,168.6874978631349,169.800340767622,99094300
2015-12-22,171.5623321533203,171.8574076490797,169.91837134677345,170.90474783070158,111026200
2015-12-23,173.6868133544922,173.72896882744485,172.47280777210335,172.5655446669815,110987200
2015-12-24,173.4001922607422,173.94818777080295,173.1810017751457,173.4339217902471,48539600
2015-12-28,173.00392150878906,173.04606411357548,171.93323434792845,172.7088460910262,65899900
2015-12-29,174.8502655029297,175.17905768630865,174.0662275518134,174.09994421962654,92640700
2015-12-30,173.61097717285156,174.6901035548786,173.46765881575018,174.60579258526704,63317700
2015-12-31,171.87425231933594,173.57723329901134,171.87425231933594,172.9365137681449,114877900
2016-01-04,169.4715576171875,169.47998356786456,167.42291956654066,169.0247378144135,222353500
2016-01-05,169.75819396972656,170.2134397222684,168.6537898230363,169.7919106364143,110845800
2016-01-06,167.61685180664062,168.66223583088512,166.5883196857206,167.21217457398305,152112600
2016-01-07,163.59547424316406,166.45344151506174,163.20766174470162,164.67458789447326,213436100
2016-01-08,161.79969787597656,165.11292267031985,161.51306122906905,164.55650127523245,209817200
2016-01-11,161.95993041992188,163.05590878200323,160.02933257438642,162.71867774379808,187941300
2016-01-12,163.26663208007812,164.0169532623226,161.14212210067134,163.4015244612569,172330500
2016-01-13,159.1946563720703,164.27829548813105,158.8152828146417,163.93263859321036,221168900
2016-01-14,161.80819702148438,162.9294662682444,158.2083468158371,159.8017267214328,240795600
2016-01-15,158.33473205566406,159.13563463917376,156.40413476008618,157.45795733418973,324846400
2016-01-19,158.54550170898438,160.27377335933696,156.97741315333434,160.14731979196418,195244400
2016-01-20,156.513671875,158.07333391524676,152.61032309706727,155.99098016734666,286547800
2016-01-21,157.39051818847656,159.22837866520982,155.66224651680315,156.98585390384602,195772900
2016-01-22,160.6194305419922,160.82175625014105,159.23681579211092,159.99556292576025,168319600
2016-01-25,158.19139099121094,160.30746178479558,157.9974912673792,160.11356206096383,130371700
2016-01-26,160.34970092773438,160.62791173616895,158.5118398383817,158.8490580439721,141036800
2016-01-27,158.60455322265625,161.49623685514294,157.70247471737795,159.82698511645978,185681700
2016-01-28,159.43072509765625,160.3496553813156,157.78676430027338,160.14732966105083,143798800
2016-01-29,163.31723022460938,163.45212261959614,160.07988992920824,160.19791755880993,210529300
2016-02-01,163.2582244873047,164.0422753468065,161.73229111753486,162.31400336657373,136061600
2016-02-02,160.31590270996094,161.84183553979187,159.79319803389856,161.83340959135535,182564900
2016-02-03,161.2770538330078,161.6817182112357,157.73621157940443,161.36979075969012,205054900
2016-02-04,161.5299072265625,162.49941871660846,160.14729271287396,160.77958617091525,139531800
2016-02-05,158.45278930664062,161.5889669028916,157.82049564391338,161.01569349009503,180788300
2016-02-08,156.31982421875,156.9099622889876,154.1110162141271,156.61489968589137,191526700
2016-02-09,156.32827758789062,157.60130371702277,154.44826138293897,154.5831537838088,184513100
2016-02-10,156.193359375,158.7815407475706,156.06689295648195,157.15444498113396,148214100
2016-02-11,154.16163635253906,155.2070332423687,152.66941960703548,153.72324244853974,219058900
2016-02-12,157.33993530273438,157.35678720240546,155.0889717482724,155.9320298374662,127632400
2016-02-16,159.9955291748047,160.02081988298823,158.1829598134219,159.14404531652525,120250700
2016-02-17,162.6090545654297,162.98000219707777,161.0325271309253,161.15899356755773,136009500
2016-02-18,161.9430389404297,162.93785425898483,161.63111153758322,162.8788340130157,102343000
2016-02-19,161.86715698242188,162.01890126735088,160.56041434022336,161.1674172080311,114793000
2016-02-22,164.21092224121094,164.35424063261036,163.37628975288987,163.44373597191037,103640300
2016-02-23,162.13693237304688,163.8230484940775,162.01889189509143,163.55326373997096,111455300
2016-02-24,162.87879943847656,163.15701011603204,159.6077432180979,160.71214711551747,150812200
2016-02-25,164.8515625,164.86000131333842,162.5668824290666,163.3256295149316,110728300
2016-02-26,164.4722137451172,165.81267313539044,164.312030636082,165.71994908705076,129833700
2016-02-29,163.18235778808594,165.43332184054452,162.9884579866063,164.48910068824537,125918100
2016-03-01,167.0182647705078,167.1025757382741,163.93266859254652,164.4047791383236,141799700
2016-03-02,167.76853942871094,167.81912084968863,166.29318795132278,166.7062909960473,102415000
2016-03-03,168.42617797851562,168.44304274563157,167.0182722294656,167.5915456709263,95172200
2016-03-04,168.97413635253906,169.74976115952904,167.7938601054609,168.62005347841563,129293600
2016-03-07,169.1090545654297,169.51373179540596,167.9793595758545,168.05523173245695,100219000
2016-03-08,167.2627410888672,168.54419314985492,167.10257083728501,168.0383659502354,123974900
2016-03-09,168.08895874023438,168.43460284757697,167.288043107976,168.07209397322683,94801200
2016-03-10,168.22381591796875,169.5137067095646,166.40282010875242,168.57791165780847,156838700
2016-03-11,170.93844604492188,170.9806015203438,168.2069461885924,169.6738589665338,137964500
2016-03-14,170.71929931640625,171.17454512106875,170.10387038253248,170.4326625925799,73612000
2016-03-15,170.44105529785156,170.74455672977479,169.49683433811077,169.75818029203575,93169100
2016-03-16,171.42742919921875,171.83210634515947,169.91836087595732,169.96051635333183,129303200
2016-03-17,172.51498413085938,173.02081127539734,170.94689554110465,171.34313387955126,134278500
2016-03-18,173.1929168701172,173.53187424367286,172.701419627185,173.01495584424373,138372400
2016-03-21,173.43865966796875,173.66746300768244,172.70142026604074,172.93022360575443,72926700
2016-03-22,173.345458984375,173.91321974650177,172.5065348857441,172.66753124752051,97471900
2016-03-23,172.2014617919922,173.150552830856,172.0319701661417,172.96412238673693,81052500
2016-03-24,172.12513732910156,172.1590408169637,170.95572560569772,171.17604655523365,84360900
2016-03-28,172.22689819335938,172.75228607488955,171.77777379197454,172.54043445422136,62408200
2016-03-29,173.8200225830078,173.9301895691832,171.515075796429,171.82014266319376,92922900
2016-03-30,174.5826416015625,175.30292916554708,174.21825018534045,174.8199143203331,86365300
2016-03-31,174.15895080566406,174.91314191454202,173.99794153572478,174.48943875381522,94584100
2016-04-01,175.34532165527344,175.5317520880499,172.85394489943778,173.16749404386812,114423500
2016-04-04,174.77760314941406,175.4724827357991,174.47253627033734,175.26910050628197,63497000
2016-04-05,173.03189086914062,174.7860151498737,172.77766639834624,173.43864226417537,99662200
2016-04-06,174.9215545654297,174.98087919527146,172.85388174312445,173.03184270225964,91839800
2016-04-07,172.82852172851562,174.1928464631695,172.09975175353787,173.83693734939823,113859000
2016-04-08,173.29457092285156,174.43857448496388,172.76070086981346,174.00638903997393,95040600
2016-04-11,172.88784790039062,174.62503351153455,172.79463268426892,173.93015409491906,83757500
2016-04-12,174.4979248046875,174.7775704690855,172.6166815572068,173.0573365069002,115350600
2016-04-13,176.2605438232422,176.3452896414696,175.27754922554817,175.41313736255353,96336400
2016-04-14,176.26901245117188,176.76899208786213,175.92158563093162,176.31986770012065,65212900
2016-04-15,176.07408142089844,176.40456936338802,175.75206288653632,176.26898125098356,75761600
2016-04-18,177.3113555908203,177.34524616428894,175.41316021662465,176.07413630764674,82531000
2016-04-19,177.87059020996094,178.12481470463754,177.0570873434698,177.73501501914237,88316100
2016-04-20,178.04010009765625,178.7349666619935,177.43843582952366,177.9129813720752,81100300
2016-04-21,177.08248901367188,178.16716800323152,176.8113128010852,178.057001050569,85695000
2016-04-22,177.08248901367188,177.35365229586503,176.18424043766717,176.72657993244698,99251700
2016-04-25,176.7774200439453,176.81979294293484,175.87068914106388,176.48082268141187,66166500
2016-04-26,177.04010009765625,177.54854898506105,176.56555469895437,177.1417847029803,75864200
2016-04-27,177.4045867919922,177.79438660874322,176.30295556437525,176.65886480460856,77329400
2016-04-28,175.79444885253906,177.75195549817673,175.37922800673414,176.65033756160483,97216200
2016-04-29,174.84539794921875,175.52332578668234,173.74376682964018,175.1758859920525,142424100
2016-05-02,176.2350616455078,176.41300969961898,174.9131100933998,175.34528258377605,62188000
2016-05-03,174.70127868652344,175.24361817887922,173.95555703563667,175.00634545912317,106422100
2016-05-04,173.72677612304688,174.43860730448847,173.22680946555437,173.70983730544705,92243800
2016-05-05,173.6929168701172,174.54879280742685,173.26921360662573,174.19288361774173,67619200
2016-05-06,174.3284454345703,174.37081834059887,172.76922076372438,172.92174770895267,89315000
2016-05-09,174.4724578857422,174.90463038260785,174.02333364476644,174.2012946319418,74374900
2016-05-10,176.64186096191406,176.65881271037375,175.1080574513968,175.1758515148401,77472200
2016-05-11,174.9894256591797,176.71812906590588,174.9894256591797,176.1842718141911,81727000
2016-05-12,175.04025268554688,175.82834731079288,174.03183706537783,175.65885569735008,89586300
2016-05-13,173.51492309570312,175.29448163900955,173.1929174688306,174.74367267247877,96474600
2016-05-16,175.22669982910156,175.70124535905617,173.62510220030677,173.68442685674904,77486800
2016-05-17,173.5912322998047,175.2436724420577,173.06583146017744,174.95555732605408,114924900
2016-05-18,173.64205932617188,174.81995377820982,172.55738010114683,173.2437772589709,120062100
2016-05-19,173.04034423828125,173.32845924429304,171.83702898047395,172.9217078869592,115430500
2016-05-20,174.133544921875,174.65046334051098,173.59967475481287,173.65051706969587,104990400
2016-05-23,173.89620971679688,174.4300667617476,173.70977934224555,174.15042119992066,58682600
2016-05-24,176.1503448486328,176.4638939748023,174.68433555844706,174.70975671321835,93537800
2016-05-25,177.34519958496094,177.76043335068047,176.1503535302454,176.82828119514468,76621400
2016-05-26,177.39602661132812,177.70957572593335,177.0824904271165,177.48077241103627,55280700
2016-05-27,178.15872192382812,178.16719133268288,177.5062153909457,177.55705770486466,64211200
2016-05-31,177.8197021484375,178.54000254297296,177.26041099011996,178.42983560653087,109879400
2016-06-01,178.18417358398438,178.36212171316362,177.01474844207405,177.20964832225997,69936200
2016-06-02,178.72647094726562,178.74340976386634,177.3113039374439,177.7858494101513,63044700
2016-06-03,178.19265747070312,178.54009727738045,176.98934165941918,178.1672363073266,101757100
2016-06-06,179.09933471679688,179.45524382712608,178.38750356574386,178.54851283883448,64887000
2016-06-07,179.3790283203125,179.93831979656628,179.22650133427908,179.251922498618,60974800
2016-06-08,179.96368408203125,180.0908027939479,179.38745396527267,179.51455974679448,66170900
2016-06-09,179.71792602539062,179.83656238777846,178.96373495084086,179.23489823755855,73786900
2016-06-10,178.01467895507812,178.6841243604403,177.47232641451623,178.34516695298538,113829200
2016-06-13,176.64186096191406,178.26887969336636,176.55712808040656,177.41300388688646,117751200
2016-06-14,176.29441833496094,176.8876131477305,175.34532732316208,176.26052776899468,125059300
2016-06-15,176.04872131347656,177.4130464579594,175.86229082687157,176.29446353832938,109124500
2016-06-16,176.5740509033203,176.74354251177266,174.21826236624872,176.04866312222205,149533100
2016-06-17,175.91650390625,176.49573076917162,175.26060396047285,176.47017740743334,117055700
2016-06-20,177.04937744140625,178.5485639825912,176.96419092301392,177.87563727878802,82789600
2016-06-21,177.55194091796875,177.96080760410712,176.98974110100497,177.4326875929435,72461700
2016-06-22,177.26229858398438,178.45483163932184,177.11747892946045,177.73078535724414,95560500
2016-06-23,179.57080078125,179.6219075113215,178.25901371805932,178.71898728634523,102731400
2016-06-24,173.12254333496094,179.60484320130777,172.67959677050362,173.454750008894,333444400
2016-06-27,170.02197265625,171.7255995846788,169.21273946713276,171.7170731315458,230775800
2016-06-28,173.08847045898438,173.11402381972314,171.31669712780246,171.6233504543078,159382400
2016-06-29,176.03578186035156,176.26576214813448,174.38326158292858,174.48547504416544,137328600
2016-06-30,178.43780517578125,178.48891188233904,175.950512474756,176.5041987902838,165021900
2016-07-01,178.8126220703125,179.29816182418008,178.27597560501414,178.43782218963668,106055300
2016-07-05,177.5264434814453,178.09715693080918,176.93017666850108,177.98641702353322,109803700
2016-07-06,178.59117126464844,178.7104246011787,176.376451588928,177.0323514386638,96021500
2016-07-07,178.48040771484375,179.4344342805806,177.7137810813248,178.7700210654943,85593800
2016-07-08,181.13807678222656,181.38510989572447,179.54519021349057,179.77518342317939,133971000
2016-07-11,181.77696228027344,182.34768865826774,181.39364887527617,181.5980887568401,73633900
2016-07-12,183.0972137451172,183.3953535137022,181.8024542609601,182.7394538213966,101275600
2016-07-13,183.07167053222656,183.52313043699377,182.5861438223003,183.51461698511312,87324100
2016-07-14,184.09388732910156,184.56238724640937,183.70206048745473,184.33239401470564,91230900
2016-07-15,183.84686279296875,184.8519962300285,183.4039162455943,184.65608281389027,107155400
2016-07-18,184.3408660888672,184.5027126487079,183.71051974991803,183.96606626558042,58725900
2016-07-19,184.15345764160156,184.18752444321422,183.676444433214,183.92346448840215,54345700
2016-07-20,184.92018127441406,185.1586880038702,184.1535543579682,184.1535543579682,58159500
2016-07-21,184.2216339111328,185.03085380551673,183.7786874330219,184.80938706527985,67777300
2016-07-22,185.0479278564453,185.0990345753437,184.07686120445751,184.3409212505255,62787500
2016-07-25,184.54531860351562,184.89456512363662,183.966091885143,184.84345841291403,55873100
2016-07-26,184.6304931640625,184.98825311359136,183.78719349883522,184.44309323845644,70080500
2016-07-27,184.4346160888672,185.0734760525525,183.66797633386125,185.0053294300427,84083900
2016-07-28,184.64759826660156,184.93721170929925,183.77874494086717,184.23871846764345,65035700
2016-07-29,184.94566345214844,185.3034234086294,184.1023767681707,184.38347666204226,79519400
2016-08-01,184.7924041748047,185.39718442026862,184.34094410504446,185.00535752837618,73311400
2016-08-02,183.60836791992188,184.6986879546182,182.77359448659124,184.54535479474276,92295500
2016-08-03,184.14492797851562,184.20456112734067,183.2505347272191,183.54866147843964,53993600
2016-08-04,184.3408660888672,184.6560327595239,182.50094677326078,184.2556795844345,46585500
2016-08-05,185.84861755371094,185.89121081778012,184.3409173872479,184.3409173872479,71892200
2016-08-08,185.7378692626953,186.1382225030644,185.47380925258756,186.03599608154948,39906500
2016-08-09,185.84861755371094,186.34267082210715,185.5249373415915,185.80603728728104,51251700
2016-08-10,185.3886260986328,186.03599945766584,185.03937956386426,185.9593393883668,57941100
2016-08-11,186.2489471435547,186.49598024514216,185.65268051536748,185.91674052230485,72504300
2016-08-12,186.0870819091797,186.30003516857525,185.6867287417052,185.9422622548715,61313500
2016-08-15,186.623779296875,186.97302588150868,186.44490577630455,186.45341923045174,49813500
2016-08-16,185.6612548828125,186.27454857463394,185.6612548828125,186.20641494037457,53213600
2016-08-17,186.01043701171875,186.14673023779346,184.86049703551163,185.69527029935375,75134300
2016-08-18,186.42782592773438,186.46189273466416,185.87415258107467,185.98487945182433,52989300
2016-08-19,186.1552276611328,186.33411412965725,185.47378758471052,185.95931428904322,75443000
2016-08-22,186.1467742919922,186.37676754071967,185.5505075338474,185.91678104326473,61368800
2016-08-23,186.5215606689453,187.05820721101114,186.46192749865375,186.76006735483244,53399200
2016-08-24,185.56752014160156,186.4704400993404,185.15012697348288,186.3767401227276,71728900
2016-08-25,185.4397430419922,185.85713621615523,185.03087631886928,185.18419646592582,69224800
2016-08-26,185.09048461914062,186.64930433578445,184.20460460957435,185.627131094704,122506300
2016-08-29,186.00192260742188,186.26598260806702,185.1841762527955,185.2182560579585,70502200
2016-08-30,185.6953125,186.19787926302044,185.1416390149965,185.91677929447332,58114500
2016-08-31,185.1671905517578,185.48235733264187,184.39203728227727,185.3631039833095,85269500
2016-09-01,185.17562866210938,185.46524196441618,184.0171624552472,185.1585887626693,97844200
2016-09-02,186.01043701171875,186.43634359497415,185.43972374987302,186.02747691438745,79293900
2016-09-06,186.5726318359375,186.64929189944218,185.57601201746544,186.29153193878327,56702100
2016-09-07,186.5555877685547,186.73447424370875,185.9508077286711,186.41078109706655,76554900
2016-09-08,186.12966918945312,186.49595556821146,185.82301596444177,186.2233691470298,74102900
2016-09-09,181.6746368408203,184.8689349093329,181.64908349608277,184.81782821985783,221589100
2016-09-12,184.28128051757812,184.68163379603857,180.8484740642897,180.91662068590415,168110900
2016-09-13,181.63209533691406,183.2675748541307,181.01027544179323,183.00351488487263,182828800
2016-09-14,181.5640106201172,182.88432391408446,181.0103371408601,181.68326396938673,134185500
2016-09-15,183.3783416748047,183.76165500904514,181.22325535365334,181.40214184170566,134427900
2016-09-16,182.66949462890625,182.94345806111463,181.98461217497623,182.76366792581595,155236400
2016-09-19,182.7037353515625,183.96222703135763,182.3784070616497,183.32013997282112,80250500
2016-09-20,182.7122802734375,183.7139344539165,182.67804138032696,183.55983983997842,69665300
2016-09-21,184.7669677734375,184.94674482420382,182.72940744279296,183.4143028791124,110284400
2016-09-22,185.93124389648438,186.23088968519738,185.52888144386645,185.77714930568925,76678700
2016-09-23,184.91249084472656,185.67443352635397,184.81831756662461,185.537451837607,73630900
2016-09-26,183.414306640625,184.2618531667787,183.21739054421255,184.08207611232544,89827300
2016-09-27,184.55294799804688,184.6471082252483,182.8835112062276,183.2516479102736,78494800
2016-09-28,185.46896362304688,185.62307129089558,183.81666606772146,184.77551177596033,87411000
2016-09-29,183.7909698486328,185.66586590978932,183.24305615132027,185.26349035952774,128070600
2016-09-30,185.17787170410156,185.87987994889195,184.37312066831626,184.62138853136247,117202900
2016-10-03,184.73269653320312,184.95528197487212,184.09916603466326,184.7669484862553,83512100
2016-10-04,183.7909698486328,185.06658734449323,183.20026080352932,184.844001895467,119948100
2016-10-05,184.60430908203125,185.0323671094434,184.34747165292507,184.41596250490633,72816000
2016-10-06,184.73269653320312,184.95528197487212,183.84234170323464,184.3816858625273,62927400
2016-10-07,184.09921264648438,185.17792736477304,183.37152175103935,185.00670674603865,89788300
2016-10-10,185.0580596923828,185.52035663948527,184.91252152267842,185.0580596923828,51855000
2016-10-11,182.7208251953125,184.69846405905517,181.99313445883374,184.62997321386428,130367400
2016-10-12,182.96055603027344,183.48278731258375,182.36126437989276,182.85781322727746,73866100
2016-10-13,182.36126708984375,182.8578159446073,180.82026871823211,181.63357631731463,101357000
2016-10-14,182.45542907714844,183.79953740371388,182.3783817759969,183.33722747021903,93346200
2016-10-17,181.82192993164062,182.68660243484823,181.6421398142282,182.42976500852797,58275700
2016-10-18,182.96055603027344,183.47421779207957,182.5838629003062,183.41429646501757,76869700
2016-10-19,183.44854736328125,183.75674966585316,182.8663947158089,183.22596189159376,66519200
2016-10-20,183.10609436035156,183.6625645353384,182.44688138226903,183.09752483983908,73639800
2016-10-21,183.19174194335938,183.27735878920382,182.14727912788103,183.10613816081155,89089100
2016-10-24,183.97073364257812,184.33887024930587,183.6197230104936,184.06490690817907,60146600
2016-10-25,183.35438537597656,184.04783733368188,183.19172122524665,183.79099988849228,66542300
2016-10-26,182.9862518310547,183.56840448294915,182.29278684752947,182.532511363168,75705500
2016-10-27,182.498291015625,183.739656908129,182.42124369187502,183.70541800756126,77220200
2016-10-28,181.95889282226562,183.1488935654366,181.24832802261642,182.4725676586778,140623200
2016-10-31,181.9674530029297,182.51536670410897,181.8047888776386,182.2927681902188,61272500
2016-11-01,180.6490020751953,182.3441208756771,179.44188864631383,182.29274295115147,122781800
2016-11-02,179.56182861328125,180.72614724641807,179.1252009612941,180.34088447977118,103330800
2016-11-03,178.73992919921875,179.98986452919675,178.465978823447,179.77583549116116,88939300
2016-11-04,178.54299926757812,179.690191603582,178.3974611112159,178.85120155849046,109122100
2016-11-07,182.48114013671875,182.51539209591,178.54301394389404,178.54301394389404,109794900
2016-11-08,183.30299377441406,183.86803345879056,181.82191678048162,182.08731064527544,106772100
2016-11-09,185.24639892578125,185.86280353964403,181.78768269651837,181.81336513348813,258429000
2016-11-10,185.70867919921875,186.89867990417122,184.2532846271845,186.03400745605103,172113300
2016-11-11,185.28062438964844,185.52033582618566,184.338904621336,184.98954808289514,100552700
2016-11-14,185.42617797851562,186.00834370377714,184.68136117179486,185.80287114251522,94580000
2016-11-15,186.873046875,186.873046875,185.60599853106606,185.81145806271672,91652600
2016-11-16,186.52194213867188,186.75309705864177,186.1366926475822,186.25654833510544,65617700
2016-11-17,187.48085021972656,187.54077154766955,186.5647998162659,186.676099078109,69797200
2016-11-18,187.0613250732422,187.72053797721748,186.88153498550636,187.5493174090308,86265800
2016-11-21,188.47398376464844,188.49966620661488,187.48945532047617,187.63499351271832,72402600
2016-11-22,188.84207153320312,189.02184858031546,188.11436769753672,188.7821371419699,67429000
2016-11-23,188.9447784423828,188.99614330677943,188.1314709417549,188.32837394303928,56620200
2016-11-25,189.64682006835938,189.68105896052663,189.2101925476429,189.28725291578274,37872300
2016-11-28,188.75648498535156,189.61260113485753,188.65375522766547,189.3386507599294,76572500
2016-11-29,189.1245880126953,189.5783284459944,188.49105747219588,188.79070329643193,69886700
2016-11-30,188.6708984375,189.90370789549405,188.61096403117952,189.74104372210638,113291800
2016-12-01,187.9773712158203,188.97045571472006,187.61779104827826,188.97045571472006,79040500
2016-12-02,188.07150268554688,188.55949493601005,187.71193563623754,188.06294623078583,74840300
2016-12-05,189.20162963867188,189.54407080184095,188.7050808077716,188.90198382342916,67837800
2016-12-06,189.80093383789062,189.83518579680896,188.91057885543555,189.39000177393402,59877400
2016-12-07,192.28369140625,192.34361274349058,189.5269963740866,189.64685211186347,110738100
2016-12-08,192.75453186035156,193.22539832109896,191.99258906506745,192.2579960253395,99714400
2016-12-09,193.9188232421875,193.93594921927246,192.94285156103166,192.9771035152016,88005800
2016-12-12,193.69622802734375,194.3040760819301,193.276726521317,193.82464019077423,102016100
2016-12-13,194.98898315429688,195.48553202149307,194.33833967139873,194.35546564979694,110477500
2016-12-14,193.37953186035156,195.39139709678585,192.94290423688426,194.68938860416048,142501800
2016-12-15,194.1757354736328,195.0318517716962,193.38811004701026,193.61926510521081,124972600
2016-12-16,193.79588317871094,194.69149898252175,193.47725745596665,194.63121133752213,156420200
2016-12-19,194.21791076660156,194.63988497695757,193.8303904029604,193.9767864007674,90341100
2016-12-20,194.9671173095703,195.1135264473923,194.51932242546528,194.75182675903397,89838800
2016-12-21,194.42457580566406,195.01015974080977,194.42457580566406,194.83792994460757,67909000
2016-12-22,194.0886993408203,194.39871819214375,193.69255903179445,194.27815603553404,56219100
2016-12-23,194.3729248046875,194.38153169613182,193.94234370721074,194.1317873010316,36697800
2016-12-27,194.85519409179688,195.25132138470968,194.62267659534322,194.63990352034185,42672500
2016-12-28,193.24473571777344,195.13068248480434,193.13279360002076,195.1134687068661,64095000
2016-12-29,193.20169067382812,193.66671234975908,192.7624896651442,193.3136327930532,48696100
2016-12-30,192.4955596923828,193.61507303026372,191.80662739674145,193.52895156569957,108998300
2017-01-03,193.9681396484375,194.4762220905839,192.79695876636885,193.7958967308444,91366500
2017-01-04,195.1221160888672,195.26851207345445,194.28678777541126,194.29539466616654,78744400
2017-01-05,194.9671173095703,195.1221333389085,194.17484966043173,194.85517515869023,78379000
2017-01-06,195.66465759277344,196.12967937135483,194.53652414010315,195.0790604986911,71559900
2017-01-09,195.01878356933594,195.54409299917106,194.98432972524992,195.4063039034097,46939700
2017-01-10,195.01878356933594,195.87132567623993,194.63125009497077,195.03599735108756,63771900
2017-01-11,195.56991577148438,195.56991577148438,194.26955260662038,194.93265109478259,74650000
2017-01-12,195.07901000976562,195.2684666846739,193.72699261914352,195.0531762032134,72113200
2017-01-13,195.52685546875,195.82825431654757,195.21683659025288,195.25127729217894,62717900
2017-01-17,194.837890625,195.29430540595925,194.4503703766765,194.88955823940466,61240800
2017-01-18,195.2685089111328,195.31156964479436,194.53651585975967,195.08765908587074,54793300
2017-01-19,194.5451202392578,195.483783712224,194.11453921786523,195.34599463170878,66608800
2017-01-20,195.2598876953125,195.75074323022767,194.59678923838771,195.22543385479455,129168600
2017-01-23,194.7517852783203,195.32015536434764,193.9939716372401,195.25988085598757,75061600
2017-01-24,196.00048828125,196.41384238690753,194.855141175314,194.967083306671,95555300
2017-01-25,197.697021484375,197.697021484375,196.78417847332832,196.9478014011602,84437700
2017-01-26,197.49026489257812,197.81751062740526,197.21468677055776,197.55053939409,59970700
2017-01-27,197.18026733398438,197.71418357760163,196.99941752937463,197.56778761210302,59711100
2017-01-30,195.95742797851562,196.5171780573932,194.97570376275382,196.4913442470013,79737300
2017-01-31,195.94024658203125,196.00053424714602,194.89824761335842,195.46660471431943,75880800
2017-02-01,196.01768493652344,196.8530131051667,195.43210109969132,195.94018351228783,79117700
2017-02-02,196.1468963623047,196.43108143382898,195.32879499049955,196.01771416236227,69657600
2017-02-03,197.49893188476562,197.67978172491428,196.74111809916565,197.0511370106404,80563200
2017-02-06,197.14584350585938,197.49031624796152,196.809990794992,197.09417587961693,57790100
2017-02-07,197.15447998046875,197.77451782767443,196.9650232415841,197.53339345823807,57931200
2017-02-08,197.41285705566406,197.5420261489128,196.6119692566388,197.1545057288722,51566200
2017-02-09,198.58396911621094,198.88536794214565,197.41278823132038,197.41278823132038,65955200
2017-02-10,199.36764526367188,199.5915558331859,198.60121147329366,198.9284572962501,66015900
2017-02-13,200.45272827148438,200.71107955863835,199.83269043843177,199.85852425311793,55182100
2017-02-14,201.2535858154297,201.26220584645884,199.92740192577156,200.27186151936579,71109000
2017-02-15,202.30418395996094,202.49364065914128,200.98660709584573,201.03827471556946,86785800
2017-02-16,202.1319580078125,202.51087141334727,201.38275122705335,202.3300216006002,84722400
2017-02-17,202.4506072998047,202.4506072998047,201.45165604912492,201.46888297145847,77204100
2017-02-21,203.65621948242188,203.8284492656725,202.81227120600053,202.82089123635168,88946100
2017-02-22,203.47537231445312,203.69926972156108,203.08785201202807,203.25147490734517,62115200
2017-02-23,203.61317443847656,204.00930165644274,202.8553475654405,203.9920878749946,74615900
2017-02-24,203.8715362548828,203.91458385102231,202.72618899532657,202.76924973175792,82381600
2017-02-27,204.19012451171875,204.36235428548795,203.53564611528,203.78537731620193,56515400
2017-02-28,203.63902282714844,204.05237699644127,203.25150247216814,203.8112526359961,96961900
2017-03-01,206.48944091796875,206.95447579618843,205.27519924075014,205.29242616150023,149158200
2017-03-02,205.18905639648438,206.3085695316657,205.1373887832171,206.2999495025957,70246000
2017-03-03,205.3182830810547,205.4819059958703,204.72407908105768,205.102992538464,81974300
2017-03-06,204.7068328857422,205.05989933306515,204.10400894970482,204.52598307687302,55391500
2017-03-07,204.0954132080078,204.75851168969493,203.88872957805205,204.40543208279615,65103700
2017-03-08,203.71646118164062,204.64651762974174,203.57867212111717,204.3881664263323,78168800
2017-03-09,203.9748992919922,204.30214516509193,203.0104017379638,203.83711017276136,90683900
2017-03-10,204.6896514892578,204.97383660051867,203.742367785055,204.9307758611835,81991700
2017-03-13,204.79298400878906,204.83604474754756,204.30212837976146,204.62936108568235,57256800
2017-03-14,204.00926208496094,204.3020671365696,203.39784445486842,204.25038638137607,59880800
2017-03-15,205.77468872070312,206.196662895698,204.34515642855678,204.57767388337365,96081800
2017-03-16,205.36993408203125,205.98997184571738,205.0427014191847,205.91247041032932,78344000
2017-03-17,205.00930786132812,205.82232414995448,205.00930786132812,205.6320431803841,89002100
2017-03-20,204.7843780517578,205.2946708714881,204.3951718875136,205.0092494983875,52537000
2017-03-21,202.15505981445312,205.51090901439778,202.02532881856098,205.38982235241298,131809300
2017-03-22,202.6307830810547,202.91620449898713,201.56694921236672,202.18968445195426,97569200
2017-03-23,202.41455078125,203.54757889187846,202.04264643239952,202.63077792289533,100410300
2017-03-24,202.2675018310547,203.28808752371825,201.4890894619878,202.71725794521547,112504900
2017-03-27,202.05992126464844,202.31939645634566,200.321459915953,200.59822377562864,87454500
2017-03-28,203.5302276611328,203.95402428211742,201.64472070287894,201.7571630051581,93483900
2017-03-29,203.7205352783203,203.95406426057835,203.0199615290021,203.24484617764165,61950400
2017-03-30,204.36923217773438,204.56817064319617,203.48703497312647,203.66001404084622,56737900
2017-03-31,203.89358520507812,204.5595554133915,203.84167959631716,204.03196056939515,73733100
2017-04-03,203.5388641357422,204.14429728338644,202.3106959798202,203.94537207718605,85546500
2017-04-04,203.6686248779297,203.7551209962921,202.8729107393236,203.2534725441906,56466200
2017-04-05,203.063232421875,205.32064431094852,202.8556496145903,204.34329340648705,108800600
2017-04-06,203.6340789794922,204.15301621103774,202.76051286391876,203.20162468780876,69135800
2017-04-07,203.42648315429688,204.11841261621606,202.94213649019045,203.38323508840378,74412300
2017-04-10,203.5475616455078,204.3432758756478,203.01996693669741,203.56486351066155,67615300
2017-04-11,203.3053741455078,203.40915893428013,201.81773058497976,203.16698562884116,88045300
2017-04-12,202.41455078125,203.21892261084852,202.18967930502347,203.02864167040403,81864400
2017-04-13,201.0998992919922,202.81242786863328,201.0998992919922,202.07725025970024,92880400
2017-04-17,202.881591796875,202.881591796875,201.41989433024537,201.61881958860167,68405400
2017-04-18,202.276123046875,202.8123752285135,201.59285121855888,202.14639206600955,83225800
2017-04-19,201.90423583984375,203.21024288163855,201.6793511907246,202.83833857341216,68699900
2017-04-20,203.5475616455078,203.98867342346213,202.19830650755497,202.51831842688946,92572200
2017-04-21,202.89889526367188,203.52163048064483,202.5010447179408,203.46973807880664,110389800
2017-04-24,205.13035583496094,205.33793863462017,202.87294402881207,205.13900016923373,119209900
2017-04-25,206.32394409179688,206.66990224429958,205.68390699246353,205.770403129318,76698300
2017-04-26,206.1941375732422,207.1714881950138,206.1509027153384,206.28927801604698,84702500
2017-04-27,206.3671417236328,206.6698517337253,205.83088956162,206.5141745623842,57410300
2017-04-28,205.91737365722656,206.65253780806938,205.78762949122824,206.62659161436042,63532800
2017-05-01,206.4363555908203,206.8601655092565,206.02120320380425,206.4363555908203,66882500
2017-05-02,206.51419067382812,206.6958140545623,206.10768265367307,206.57472740158775,57375700
2017-05-03,206.2633819580078,206.60935328750722,205.588754362305,206.51421282157696,73137700
2017-05-04,206.5055389404297,206.6439274612729,205.65793234581244,206.5660888673445,61462700
2017-05-05,207.31857299804688,207.33587486401794,206.43636259791836,206.87747439671105,62001300
2017-05-08,207.2839813232422,207.50885278980158,206.86017139275205,207.3618199234985,48385700
2017-05-09,207.0936737060547,207.74235501951878,206.74770242040077,207.54342977867722,51363200
2017-05-10,207.46556091308594,207.46556091308594,206.8428258476256,207.05040860193037,54293800
2017-05-11,207.04177856445312,207.20611327327558,205.96064305636312,207.01583236805536,62358300
2017-05-12,206.69581604003906,207.08502219994918,206.4276965342667,206.7909564966798,53912700
2017-05-15,207.83753967285156,207.95862634921738,207.10236208226476,207.11966394959072,61918900
2017-05-16,207.64724731445312,208.15754019413583,207.25804110448254,208.1315939933016,51241800
2017-05-17,203.9626922607422,207.6471970595044,203.90214234181187,207.6471970595044,172174100
2017-05-18,204.7843780517578,205.63198464016048,203.625390695013,203.8848658703277,107047700
2017-05-19,206.11639404296875,206.78237744972157,205.21689478501634,205.26878719639404,115011400
2017-05-22,207.1629180908203,207.32725284158846,206.55748469124688,206.62666576766244,61010600
2017-05-23,207.62132263183594,207.78565738578942,207.15426457349884,207.53482648845247,48341700
2017-05-24,208.1056365966797,208.2094213944331,207.51749194867847,207.85481893629006,46927700
2017-05-25,209.10031127929688,209.3770883831444,208.40839491459548,208.61596454502242,64071700
2017-05-26,209.05703735351562,209.2213588810894,208.83215269928246,208.90999129615258,46629900
2017-05-30,208.87539672851562,209.12621437940422,208.58133101438253,208.7370082051156,35201900
2017-05-31,208.82347106933594,209.20403284934062,208.13154176000506,209.16942912527443,91796000
2017-06-01,210.48416137695312,210.50146324456628,208.9965175012174,209.28193892827278,68962000
2017-06-02,211.1847381591797,211.34042857493054,210.24199092185276,210.5360566880442,88666100
2017-06-05,211.02902221679688,211.2971417307393,210.8300837666508,211.01172035211985,44698800
2017-06-06,210.3544158935547,211.02038598008141,210.27656409337987,210.466845031661,50375400
2017-06-07,210.74363708496094,210.96850857461544,210.02576134813626,210.69174467946053,54144300
2017-06-08,210.8473663330078,211.32306858716709,210.31977168702295,210.83872200018845,65950700
2017-06-09,210.52737426757812,211.91121990384883,209.26460209199337,211.11550569356558,132256400
2017-06-12,210.48416137695312,210.53605378233445,209.6365546283226,210.28523609050535,86108100
2017-06-13,211.51336669921875,211.56525909526675,210.67440443656096,211.02036254185137,60067000
2017-06-14,211.24526977539062,211.79015318961186,210.42359609192093,211.78150885516482,78602300
2017-06-15,210.8387908935547,210.95987757986546,209.6192664973441,209.89603041000055,66464900
2017-06-16,210.88482666015625,211.04996279608503,210.00701378083883,210.99781733459514,84553100
2017-06-19,212.6404571533203,212.7012891020136,211.61488115848746,211.71048558799038,65123800
2017-06-20,211.2064208984375,212.2928289972436,211.1890479173653,212.28414250670747,56906400
2017-06-21,211.15420532226562,211.71044555369375,210.68488301460977,211.59746816696568,55977600
2017-06-22,211.05862426757812,211.65832352725792,210.8848016626108,211.1629284400103,44148100
2017-06-23,211.31069946289062,211.64095846683273,210.7370728734632,211.11949059974816,66986800
2017-06-26,211.44973754882812,212.39709532104865,211.24115571861205,211.97990513698605,56700500
2017-06-27,209.74627685546875,211.52798863761825,209.72889061406468,211.23247558101465,82247700
2017-06-28,211.6235809326172,211.82347628093936,210.52847323786168,210.76314106699724,70042600
2017-06-29,209.7635955810547,211.8234202535992,208.55551079773352,211.77127480798728,106949700
2017-06-30,210.15478515625,210.94569343453097,209.96357627003223,210.5719621526262,86820700
2017-07-03,210.51107788085938,211.5279540165934,210.51107788085938,211.09339088533196,39153800
2017-07-05,210.997802734375,211.20638456590143,210.06783119610182,210.8761255787128,54427600
2017-07-06,209.06834411621094,210.35464738842117,208.88582174928314,210.23297023107446,65400800
2017-07-07,210.42417907714844,210.57192896378987,209.0770305954212,209.64197067450192,57972300
2017-07-10,210.65013122558594,211.0238624203301,210.119963666866,210.42416316812717,36663300
2017-07-11,210.4937286376953,210.8066146776675,209.32910242406086,210.6501650267731,50354600
2017-07-12,212.07553100585938,212.24066714602068,211.4584586799916,211.4584586799916,59610400
2017-07-13,212.43179321289062,212.54478384618244,211.85816682176343,212.08414808834704,39471600
2017-07-14,213.42269897460938,213.77904401869978,212.3362908610297,212.43189530549742,60262700
2017-07-17,213.39657592773438,213.7268481601751,213.22275332290783,213.34443047246788,33531900
2017-07-18,213.5095672607422,213.56171271617282,212.64912746069257,212.98808618280643,42742500
2017-07-19,214.66552734375,214.6742138332142,213.81377395088398,213.82247370216416,51034300
2017-07-20,214.7611541748047,215.03926774664197,214.213600259683,214.9175905723724,47135200
2017-07-21,214.5698699951172,214.59594271889569,213.9614710754518,214.187452363949,82340800
2017-07-24,214.51773071289062,214.65678082310137,214.04839514776342,214.4916447265497,46622300
2017-07-25,215.03924560546875,215.36951787097334,214.81327752275382,215.26521368818368,54915600
2017-07-26,215.0479278564453,215.36081387501542,214.78720055915,215.3260546559813,47575400
2017-07-27,214.84803771972656,215.54334147361757,213.52696191351524,215.50858225374023,70766600
2017-07-28,214.59597778320312,214.7263414233966,213.9180603305673,214.36999645778127,50088400
2017-07-31,214.4743194580078,215.09139175817583,214.26572435357318,214.9957873263703,65838700
2017-08-01,214.9523162841797,215.10875264770706,214.43083521545947,215.0739934319725,55050400
2017-08-02,215.05665588378906,215.19571930184148,214.12668419510814,215.0827286169467,47211200
2017-08-03,214.63946533203125,214.96972435177045,214.36133851349652,214.9436516202599,40856000
2017-08-04,215.03057861328125,215.36083764691514,214.6481608526152,215.12618305344776,60191800
2017-08-07,215.43032836914062,215.43032836914062,214.99576522593466,215.10006939833806,31995000
2017-08-08,214.9001922607422,216.3342588003273,214.5264742685518,215.11747386415053,61719400
2017-08-09,214.89151000976562,214.94365547372158,213.85724743524958,214.21359245470444,62632600
2017-08-10,211.85818481445312,214.18744978451153,211.80603936752414,214.05707290537646,120479500
2017-08-11,212.17111206054688,212.76212485168887,211.84953956734344,212.0842073860186,74869900
2017-08-14,214.2744140625,214.491695659703,213.41398742513857,213.4487466454919,73291900
2017-08-15,214.2483367919922,214.67421348773985,213.94415051944327,214.65682724702344,55242700
2017-08-16,214.62203979492188,215.16959358002424,214.19616315519622,214.76978966703544,56715500
2017-08-17,211.27589416503906,214.32653575018128,211.27589416503906,214.01364977380297,128490400
2017-08-18,210.9456787109375,212.23198209604297,210.50241575027266,211.1108015904025,136748000
2017-08-21,211.11077880859375,211.37151935817374,210.18082053799722,210.88481073859253,65469700
2017-08-22,213.318359375,213.47479574199497,211.6757112124789,211.6930974516388,63140100
2017-08-23,212.5535430908203,212.97941978670568,212.205897847276,212.35364773887312,50203800
2017-08-24,212.05812072753906,213.09236983592203,211.84952565110638,212.9359334749582,50741700
2017-08-25,212.5535430908203,213.46612843239413,212.40579319922318,212.8490428740146,64445900
2017-08-28,212.5621795654297,213.1097199979264,212.14498948318874,213.08364727551285,40565600
2017-08-29,212.80557250976562,213.06629978130863,211.13683840100393,211.24982905988216,51135700
2017-08-30,213.81378173828125,214.08322206327634,212.60569656795954,212.7882189478831,62030800
2017-08-31,215.10006713867188,215.34342143536554,213.84852317749608,214.430836191857,103803900
2017-09-01,215.4042205810547,215.83009716633168,215.25647072783104,215.47375226406803,62007000
2017-09-05,213.85726928710938,215.126199840903,212.89253831989768,214.9002184582473,91398800
2017-09-06,214.58729553222656,214.91756779673688,214.00498245551665,214.5351500718967,57916900
2017-09-07,214.5611572265625,214.90881562553457,214.15266689640274,214.891429390133,58034700
2017-09-08,214.30914306640625,214.76977889807915,214.06578878785504,214.2743705912912,63832800
2017-09-11,216.59498596191406,216.67320415146062,215.56072347185696,215.57809645054567,71364800
2017-09-12,217.3250274658203,217.3597866815819,216.7774736694203,216.95999602215846,56896000
2017-09-13,217.42930603027344,217.46407850587528,216.92521122855646,217.03820188154188,59228000
2017-09-14,217.3597869873047,217.55969557911206,216.93392360000743,217.10774620268882,95446300
2017-09-15,217.65243530273438,217.73977127387886,217.11090696769054,217.21571546411664,95432400
2017-09-18,218.1153564453125,218.4647269838403,217.73104085635288,218.0192775480726,46235200
2017-09-19,218.3336944580078,218.42104374769173,218.01052607591205,218.35989657938688,47108100
2017-09-20,218.4123077392578,218.525859153917,217.41658711242658,218.42105066508134,59574100
2017-09-21,217.8271026611328,218.34242882969582,217.65241740557613,218.25509286573282,48211400
2017-09-22,217.87075805664062,218.03671369942697,217.5039150540953,217.53011717373215,51214000
2017-09-25,217.4253387451172,217.9668804234547,216.6829229945747,217.61749654587692,57064400
2017-09-26,217.5563201904297,218.09784843533004,217.32048778509616,217.85328643262474,54082000
2017-09-27,218.40357971191406,218.78789527725007,217.37291402963743,218.25509657578533,81001400
2017-09-28,218.6656494140625,218.7442557938906,218.03677172017154,218.12410769965842,44778800
2017-09-29,219.43423461914062,219.5128543148782,218.47345902225527,218.65687388117044,85578000
2017-10-02,220.3863067626953,220.3863067626953,219.4866516296174,219.6613502279669,59023000
2017-10-03,220.85794067382812,220.8841427959599,220.30766945379898,220.38628914782512,66810200
2017-10-04,221.11996459960938,221.36452661284386,220.59589552688965,220.70944693575927,55953600
2017-10-05,222.4301300048828,222.447589200853,221.15490233464226,221.45186859770155,63522800
2017-10-06,222.1768341064453,222.4650707832565,221.7226550953771,221.9846763219045,80646000
2017-10-09,221.8099822998047,222.46506199550856,221.54794775599703,222.4039281542774,35803100
2017-10-10,222.3951873779297,222.7707733374642,221.83618656529862,222.3777281817695,43057400
2017-10-11,222.7445831298828,222.7445831298828,222.13317804080668,222.29912037898842,47674300
2017-10-12,222.41262817382812,222.77947115532052,222.17679578300132,222.43010069512647,47065100
2017-10-13,222.68345642089844,222.96296353166534,222.4126922371134,222.84941210196223,54800400
2017-10-16,222.9803466796875,223.1725044208934,222.56984240815999,222.9104832534563,38221700
2017-10-17,223.13760375976562,223.18127840295898,222.70961358067885,222.9279734690156,31561000
2017-10-18,223.35597229003906,223.55685966334508,223.1638145146575,223.51318501846194,40888300
2017-10-19,223.41712951660156,223.4520745672181,222.1593875746752,222.57863488865067,61903800
2017-10-20,224.5700225830078,224.59625135770185,223.39963015043398,224.21193583581314,89176400
2017-10-23,223.6966094970703,224.9194462959128,223.61800312947534,224.89324417338113,63915300
2017-10-24,224.08963012695312,224.3254491898928,223.7315167426879,224.12457516951147,66935900
2017-10-25,222.9803466796875,223.87125863185784,221.85361567682375,223.75770724088306,103715300
2017-10-26,223.26864624023438,223.86257882405025,223.14636521841157,223.5918279839053,69798000
2017-10-27,225.09410095214844,225.2513403305325,223.2773584004407,224.01104443027998,85562500
2017-10-30,224.255615234375,224.99804421858872,223.95864897174172,224.01105321483814,54285700
2017-10-31,224.60494995117188,224.8582548559498,224.3079837358577,224.631152068545,60304800
2017-11-01,224.90194702148438,225.72298235215794,224.5351173279343,225.38235477957573,54202700
2017-11-02,224.98934936523438,225.1291029284388,223.76653900627872,224.83213660235435,56449500
2017-11-03,225.74044799804688,225.7841093106653,224.7359712552437,225.14648888383707,59589700
2017-11-06,226.08987426757812,226.22088489302695,225.53960298542842,225.60946643391293,49652600
2017-11-07,225.93263244628906,226.5265649754122,225.42602255271962,226.19465366347248,57502200
2017-11-08,226.31690979003906,226.41300200160703,225.47841528260687,225.75792233683754,50469600
2017-11-09,225.4958953857422,225.68805314872068,223.91494531222034,225.11157985978514,95085500
2017-11-10,225.426025390625,225.600723974454,224.7971478062067,225.1115999260466,59984700
2017-11-13,225.63565063476562,225.86275347101255,224.7098067481224,224.74475179722094,50228600
2017-11-14,225.11166381835938,225.21647233629946,224.0547824001691,224.83215666700647,61315200
2017-11-15,223.98480224609375,224.66608391303228,223.27731846332122,224.14201494109759,80811500
2017-11-16,225.88900756835938,226.2558640301473,224.8845570815793,224.92821841155157,67777000
2017-11-17,225.22509765625,225.86271808991955,225.14649129953867,225.53954973835357,75756800
2017-11-20,225.60943603515625,225.80159381167795,225.22512048211286,225.4697091570141,48075500
2017-11-21,227.08554077148438,227.26898226933415,225.57450740471495,226.3780568662347,69176800
2017-11-22,226.8845977783203,227.22522523960578,226.7186421813281,227.09421467757292,45033400
2017-11-24,227.40870666503906,227.51354180063734,227.2340347495609,227.37378827509912,27856500
2017-11-27,227.29519653320312,227.74937552896802,227.09429582945995,227.45240926382237,52274900
2017-11-28,229.60101318359375,229.62721529965407,227.66197662936466,227.7580688250894,98971700
2017-11-29,229.46127319335938,230.2648492252935,229.0158371941007,229.7320372936807,77512100
2017-11-30,231.47024536132812,232.37860338664402,230.29983945330548,230.37844582153883,127894400
2017-12-01,230.98983764648438,231.73226666483723,227.75812700080465,231.25188552927713,164390900
2017-12-04,230.7103271484375,233.03365281038865,230.6578962545037,232.6056759761227,94040600
2017-12-05,229.88055419921875,231.59248823067725,229.74954359953608,229.88055419921875,77994500
2017-12-06,229.92420959472656,230.35221308301692,229.46128771759268,229.9766138332505,75898600
2017-12-07,230.64923095703125,230.96365645856784,229.6622398184337,230.64923095703125,77218600
2017-12-08,231.90699768066406,231.9157139526257,230.61429724847798,231.60128843562327,76563900
2017-12-11,232.605712890625,232.66686006386954,231.88076970373237,232.605712890625,83077500
2017-12-12,233.01617431640625,233.48783908067503,232.64060175192208,233.3917468808904,85195800
2017-12-13,232.99000549316406,233.69748941303737,232.90265620503862,233.2607696276706,102905400
2017-12-14,232.0379638671875,233.40052749040524,231.9855596243915,233.28697607926028,100666700
2017-12-15,233.9702911376953,234.4355793600918,232.98704257651892,233.03971469290238,144610300
2017-12-18,235.45388793945312,235.80504421757664,235.26074796775922,235.36609217204557,83653600
2017-12-19,234.54969787597656,235.74363483481503,234.47945053044936,235.69975033749483,82382900
2017-12-20,234.42677307128906,235.56803789071338,234.12828883838594,235.51536577852528,76751500
2017-12-21,234.90951538085938,235.62064219290528,234.6637033588377,235.04998322080047,67032300
2017-12-22,234.84814453125,234.96227635583207,234.31260907548216,234.92715268868957,78720900
2017-12-26,234.5672149658203,234.78669100611233,234.3038544340734,234.44429552333253,45244400
2017-12-27,234.68136596679688,235.04130991726413,234.40921779792106,234.73403807744953,57751000
2017-12-28,235.16416931152344,235.20808059186288,234.79546458911238,235.18174454026212,45116100
2017-12-29,234.27749633789062,235.76115654365725,234.08438313836797,235.74360810502137,96007400
2018-01-02,235.9542999267578,235.98942359604385,234.751575470931,235.1378554585482,86655700
2018-01-03,237.44679260253906,237.5960481315541,236.12114844966464,236.12114844966464,90070400
2018-01-04,238.44754028320312,238.9304036547057,237.50820317682505,238.08762314772258,80636400
2018-01-05,240.0365753173828,240.15946797234622,238.7460550869637,239.23767928983673,83524000
2018-01-08,240.4754638671875,240.6334801496035,239.6502320036782,239.9399285214409,57319200
2018-01-09,241.01983642578125,241.6431409316476,240.61598118737896,240.89691697282984,57254000
2018-01-10,240.6510772705078,240.9144645859903,239.59760838310203,240.2647973076733,69574300
2018-01-11,242.40692138671875,242.40692138671875,241.03739287651788,241.2041968302037,62361500
2018-01-12,243.98716735839844,244.15394452208946,242.37179991942867,242.67031094880144,90816100
2018-01-16,243.15313720703125,245.89219413547542,242.45958535928062,245.2425535744117,106555100
2018-01-17,245.47076416015625,245.85704412576092,243.1531111580364,244.08368740476362,113258800
2018-01-18,245.05825805664062,245.77811933534434,244.56660692241562,245.35674235103335,100728000
2018-01-19,246.17303466796875,246.17303466796875,245.0581063650994,245.6374993598814,140920100
2018-01-22,248.17477416992188,248.17477416992188,245.9097660228466,245.96246493019794,91322400
2018-01-23,248.70150756835938,248.9912041885166,247.89382385358272,248.21864414608123,97084700
2018-01-24,248.6049041748047,249.9393357013387,247.42851576534068,249.3423404855951,134816100
2018-01-25,248.71026611328125,249.56183431704545,247.92015763767293,249.46527770838205,84587300
2018-01-26,251.5897216796875,251.63363295548834,249.2896174392641,249.54421710609475,107743100
2018-01-29,249.92173767089844,251.45806987609902,249.76372135975387,251.0191178174703,90118300
2018-01-30,247.3582763671875,249.97441352934558,246.88420063512552,248.0957126217795,131796400
2018-01-31,247.481201171875,248.7102617559007,246.41015692190018,248.20987669807295,108364800
2018-02-01,247.20025634765625,248.49956422699574,246.4101479147717,246.75254341754422,90102500
2018-02-02,241.81871032714844,246.01509111839752,241.78358665930918,245.88338406187754,173174800
2018-02-05,231.7052459716797,242.1698756837403,231.1609496616137,240.06291099027115,294681800
2018-02-06,236.2703399658203,236.7707517438932,227.11380642946904,228.20239896435808,355026800
2018-02-07,234.9885711669922,239.10591620344402,234.9095362319154,235.71721968539316,167376100
2018-02-08,226.17449951171875,235.42761876147887,226.13937583647754,235.28715085202828,246449500
2018-02-09,229.57192993164062,231.42429478550562,222.039510890829,228.95738632420708,283565300
2018-02-12,232.943115234375,234.40922715006334,229.71243395839974,231.61747121653497,143736000
2018-02-13,233.52243041992188,234.06672653501252,231.1608668561899,231.7402866278509,81223600
2018-02-14,236.67416381835938,237.03410771542661,232.03004361372035,232.0388312280291,120735700
2018-02-15,239.69412231445312,239.70290992752416,235.9542427906361,238.41239000673542,111200300
2018-02-16,239.76438903808594,241.70457649535732,239.0269527686309,239.07086405094287,160420100
2018-02-20,238.26321411132812,240.25607395574437,237.47310562466865,238.81629808944345,86369700
2018-02-21,237.0779266357422,241.17774944949892,236.98137007107857,238.70205413476359,98883700
2018-02-22,237.38526916503906,239.711709729396,236.7180802507282,237.99981276687265,110511300
2018-02-23,241.1690673828125,241.1690673828125,238.1315262000043,238.60560199341734,92766400
2018-02-26,243.96957397460938,244.0661573690469,241.65192079774243,242.24010161368724,86491400
2018-02-27,240.92323303222656,244.8650409424878,240.86177331085185,244.15391392223984,99099200
2018-02-28,238.48268127441406,242.46837402290828,238.16664860815584,242.02063428753124,121907800
2018-03-01,235.01490783691406,239.81704371338597,233.5224603436801,238.27192412429704,176855100
2018-03-02,236.2264862060547,236.78835783926957,232.48663196458529,233.34696106461368,139083200
2018-03-05,238.9566650390625,239.5712084865752,234.93585016785295,235.04122114087008,97307400
2018-03-06,239.56246948242188,240.0102091362149,238.0700218307826,239.93117419254034,79213200
2018-03-07,239.47471618652344,239.8258725222724,237.20973504815836,237.40287505154694,87063500
2018-03-08,240.63363647460938,240.7565291769346,239.15876329758623,240.15077290931438,66901200
2018-03-09,244.8211669921875,244.8211669921875,241.72216589576155,242.0382253742353,113625300
2018-03-12,244.5138397216797,245.7341392777814,244.12755977525234,245.11083486984458,71924800
2018-03-13,242.9336395263672,246.17310801074694,242.32788351439316,245.67269621102778,91968900
2018-03-14,241.6869354248047,244.07483512888254,241.13387846701005,243.89048280961765,105895100
2018-03-15,241.4237060546875,242.83711925566197,240.9232941249013,242.19626620070503,83433000
2018-03-16,241.68553161621094,242.73442424885863,241.6326485337935,241.9499470282981,100343700
2018-03-19,238.4154052734375,241.8617624081865,236.76715336090905,240.93628170934107,109208400
2018-03-20,238.82078552246094,239.4554090668735,238.14207483401023,238.81196271389197,59757300
2018-03-21,238.36244201660156,240.86567198647185,238.15090979060938,238.77671055837496,78709600
2018-03-22,232.40406799316406,236.9874367365729,232.13080299363773,236.14128090528047,148785900
2018-03-23,227.45045471191406,233.17088967006566,227.2565412065732,232.8447685244487,183534800
2018-03-26,233.6732940673828,233.95535498438946,228.64921511489823,231.04667911183574,141956100
2018-03-27,229.69810485839844,235.13645231917573,228.1467967301256,234.60762172890932,129941400
2018-03-28,229.01937866210938,231.49619395397707,227.91760350865525,229.83029701052686,146452300
2018-03-29,231.94577026367188,233.80558127407573,229.02827092448925,230.15648794780927,111601600
2018-04-02,226.93922424316406,231.9280650176336,224.47124538181424,231.41682631878385,186286300
2018-04-03,229.84796142578125,230.32393591836862,226.38398611035794,228.1732682393446,119956900
2018-04-04,232.30709838867188,233.01222376677336,226.17242152300034,226.30462916904324,123715300
2018-04-05,234.14048767089844,235.02190791920242,232.97700648742247,234.06113617759715,82652600
2018-04-06,228.9224395751953,233.67328013698705,227.40639586017514,232.1837048489923,179521200
2018-04-09,230.0506591796875,233.4353093282673,229.11635597247158,230.37678033142026,105442900
2018-04-10,233.7085418701172,234.49301869650768,231.79587525314687,232.93288785263687,103529000
2018-04-11,232.4834442138672,234.14051880483157,232.1573229824398,232.22782477620186,91140200
2018-04-12,234.39613342285156,235.3392597584988,233.62930193643803,233.80559678567172,68890500
2018-04-13,233.7085418701172,235.81514889026525,232.70373691024142,235.70055996966371,85079200
2018-04-16,235.63009643554688,236.39695475492138,234.51952505696408,235.33923954798865,63405300
2018-04-17,238.1509552001953,238.75031455399508,236.8817078046116,237.39291974783774,64682000
2018-04-18,238.32725524902344,239.12932407604146,237.86889946351178,238.59167058773116,57303900
2018-04-19,237.00511169433594,237.8777091627883,235.9738381325913,237.6749728150779,77655900
2018-04-20,234.99542236328125,237.1549125737747,234.11400217921198,236.9345575277574,99953100
2018-04-23,234.96018981933594,236.1236709422671,233.88485609641046,235.56837191092225,65558000
2018-04-24,231.7958526611328,236.20295287745273,230.297427828062,235.98259786663672,112885500
2018-04-25,232.36880493164062,232.8095150189369,229.91845792222574,231.73418132998165,103840900
2018-04-26,234.7310028076172,235.5595399175105,232.9505437516809,233.3912538357174,67731900
2018-04-27,234.95132446289062,235.63883102034006,234.01702136940307,235.339151433637,57053600
2018-04-30,233.14447021484375,236.12367485222273,233.0739415341474,235.5683758116827,82182300
2018-05-01,233.5587615966797,233.66452772924058,231.02906273180506,232.58037107286572,74203400
2018-05-02,231.9897918701172,234.17569660455436,231.60196485617357,233.36480513816895,86368900
2018-05-03,231.47854614257812,232.13078841962331,228.33186987842024,231.16124781281792,136311500
2018-05-04,234.475341796875,235.154052421026,230.18283064429028,230.50895174476614,91222100
2018-05-07,235.26869201660156,236.23823271919028,234.55471690649136,235.24225048650933,55304900
2018-05-08,235.26869201660156,235.63005062825889,233.70856104472983,234.89848369650036,67499200
2018-05-09,237.542724609375,237.86884575308144,235.41849887202426,235.93853351993553,59666100
2018-05-10,239.76390075683594,240.09004880901813,238.17735523817117,238.2831213529077,72063900
2018-05-11,240.49551391601562,240.75992922415082,239.3760930143519,239.88733180849408,59871500
2018-05-14,240.61009216308594,241.57963284906248,240.06358905252702,240.9273905187562,54790600
2018-05-15,238.95306396484375,239.40257005534806,238.00993772791824,239.3849513317959,87036100
2018-05-16,239.9578399658203,240.4161957105122,238.96183078069996,238.98829921102723,53942600
2018-05-17,239.75515747070312,240.83049137123183,238.97950326064117,239.69345159062675,56536400
2018-05-18,239.15577697753906,239.77278199560305,238.80321420956608,239.41139641631585,64368000
2018-05-21,240.95382690429688,241.49150719389405,240.2487015297659,240.6365285554006,58025900
2018-05-22,240.28387451171875,241.72941611018345,239.9577534410119,241.47379679849365,52966400
2018-05-23,240.94505310058594,240.97152153385284,238.85609118238685,239.0147672879168,64694200
2018-05-24,240.45143127441406,240.8216396115561,238.67097206902508,240.54840148842243,76043800
2018-05-25,239.8784942626953,240.50429505271225,239.37607830929167,239.8784942626953,56374800
2018-05-29,237.1196746826172,239.01474980878663,236.00910341800926,238.25671437855638,115908600
2018-05-30,240.28387451171875,240.7245844772797,238.35358960945925,238.4240913684763,69678400
2018-05-31,238.81192016601562,240.1781103104658,238.21256106385695,239.87843075938645,93519900
2018-06-01,241.1565399169922,241.45621951714224,240.0371191971426,240.10764786706392,71258400
2018-06-04,242.3024139404297,242.5580333367851,241.73831898505043,241.97629276170582,45385200
2018-06-05,242.4787139892578,242.8577182376583,241.66779553102288,242.43462683786473,51135000
2018-06-06,244.50601196289062,244.61177810638046,242.46993300426405,243.08693803970908,62732200
2018-06-07,244.47952270507812,245.2816183350628,243.57166095224892,244.99076149724047,72969400
2018-06-08,245.2022705078125,245.2551535642236,243.85369877171357,244.02117074995135,72139700
2018-06-11,245.52842712402344,246.24237538751734,245.30807205754232,245.4226609959224,58892500
2018-06-12,245.84579467773438,246.20715337794084,245.20234808940336,245.9427380122248,72329000
2018-06-13,245.06121826171875,246.33928810853234,244.8584819643025,246.0836687594085,79070600
2018-06-14,245.6783447265625,246.20717550552266,245.0877811582985,245.92514138968352,77097600
2018-06-15,245.3647918701172,245.70123980912814,243.7888202239004,244.89554264454674,120041600
2018-06-18,244.8601837158203,244.98414962861307,243.43473783628795,243.91282259238102,52917600
2018-06-19,243.92172241210938,244.14306698780095,242.17752607487577,242.59365495795998,97531500
2018-06-20,244.33782958984375,245.00186325793013,244.00138154154413,244.60343224923864,53785500
2018-06-21,242.80615234375,244.34672906058458,242.3103426246502,244.3290042008718,71061400
2018-06-22,243.2487335205078,244.17839659575208,243.02738902920078,244.06329313713783,54898500
2018-06-25,239.9373779296875,242.25706338580025,238.2551655547618,242.09770187039987,137854200
2018-06-26,240.4686737060547,241.31862903294743,239.7515196771776,240.50409639205643,68547400
2018-06-27,238.4765625,242.4784612120571,238.3260363559265,241.0530156445214,105110700
2018-06-28,239.84007263183594,240.60148478447195,237.71514369883715,238.42346234970134,76650500
2018-06-29,240.18531799316406,242.29252173902026,240.07021454189785,240.92903219412693,97592500
2018-07-02,240.69888305664062,240.85827165334734,238.3791967022646,238.61826608752668,63554800
2018-07-03,239.84886169433594,241.6904628111467,239.42389760552464,241.59305719440172,42187100
2018-07-05,241.80560302734375,241.86758597984274,239.90204549181354,240.9733724606823,56925900
2018-07-06,243.850830078125,244.2226737215322,241.45143615123604,241.8321692408488,66493700
2018-07-09,246.04649353027344,246.09961403850156,244.80696997230578,244.85122805596683,50550400
2018-07-10,246.93190002441406,247.0293056471973,246.2058836349034,246.49807348366292,51966800
2018-07-11,245.1257781982422,246.1705449354682,244.82475287381996,245.38254542362452,77054700
2018-07-12,247.34803771972656,247.40115823605083,245.78092844897768,246.38297898038041,60124700
2018-07-13,247.54281616210938,247.84384142076897,246.71942115875308,247.17097255653775,48216000
2018-07-16,247.32156372070312,247.7288301610967,246.87887458387516,247.58719341456032,48201000
2018-07-17,248.32196044921875,248.7115289177783,246.4980839916861,246.551204508345,52315500
2018-07-18,248.8444061279297,248.95064719365996,247.95902788737786,248.40171700765376,44593500
2018-07-19,247.9058837890625,248.56105497851968,247.42777201912497,248.18034885597547,61412100
2018-07-20,247.62258911132812,248.3309079420703,247.46322750676137,247.7022699136115,82337700
2018-07-23,248.08297729492188,248.28659698414955,247.07363319847968,247.41894365871448,47047600
2018-07-24,249.331298828125,250.1724187805513,248.46364563466813,249.49068741146465,68026900
2018-07-25,251.456298828125,251.77502204570084,249.0392063497694,249.08346445678782,78882900
2018-07-26,250.86297607421875,251.54470734410916,250.6416315946919,250.73903721587038,57919500
2018-07-27,249.1631622314453,251.2880646550527,248.24236127402867,251.19065899609888,76768700
2018-07-30,247.86158752441406,249.40213663305357,247.33919071533526,249.2427750741446,63742500
2018-07-31,249.08340454101562,249.69431758068527,248.24231157277697,248.6230176642827,68570500
2018-08-01,248.6672821044922,249.79172959266052,248.0209733790744,249.28705758708554,53853300
2018-08-02,250.02195739746094,250.19015439375062,247.1621761469714,247.36582285557148,63426400
2018-08-03,251.09323120117188,251.14635172489284,249.96878373668994,250.14587016215646,53935400
2018-08-06,252.01406860351562,252.3239293637216,250.73912180973468,251.128690386701,39400900
2018-08-07,252.84628295898438,253.22701610254995,252.54525762703747,252.67808596667044,43196600
2018-08-08,252.7400665283203,253.13849754684549,252.27967956747327,252.67811058599844,42114600
2018-08-09,252.3947296142578,253.19156446296677,252.26192830940533,252.80199595567012,35717000
2018-08-10,250.70367431640625,251.50050922879808,249.99535560126085,250.9604415393712,77076000
2018-08-13,249.76513671875,251.589013219035,249.47294685068562,250.9781002435462,65732900
2018-08-14,251.3588409423828,251.59791032549649,250.1016191525683,250.49118768395763,43842000
2018-08-15,249.48178100585938,250.15467684918175,248.04747314579978,250.0130131442934,102925400
2018-08-16,251.50050354003906,252.36818381411726,250.88072805575527,250.91615074561037,69967900
2018-08-17,252.38584899902344,252.82853799635836,250.889558026464,251.29682433852633,65618500
2018-08-20,252.92601013183594,253.1916127922392,252.38591536288368,252.83746690516844,39807500
2018-08-21,253.51914978027344,254.37796757696117,252.96135728082962,253.43946899743776,67272000
2018-08-22,253.36874389648438,253.89111390040034,252.84634687296446,253.1119765997786,44993300
2018-08-23,253.03216552734375,254.05034474029873,252.71341542317927,253.19152706963095,49204900
2018-08-24,254.55502319335938,254.69668690778963,253.55454178616444,253.60766230162693,57487400
2018-08-27,256.5649108886719,256.6711519566475,255.5909893995617,255.75035100152513,57072400
2018-08-28,256.6888427734375,257.1315318443619,256.2284288471343,257.0252637708789,46943500
2018-08-29,258.0700378417969,258.3002177918885,256.6622897986318,256.9013321766645,61485500
2018-08-30,257.02520751953125,257.9637059829279,256.432019425289,257.59186237570543,61229500
2018-08-31,257.0341491699219,257.4768382804098,256.1310731115822,256.6180203252793,66140800
2018-09-04,256.59149169921875,256.9456376273583,255.59100986301283,256.61805196833916,57594400
2018-09-05,255.9008331298828,256.4409278252253,254.89151613831157,256.23728113360505,72452400
2018-09-06,255.13055419921875,256.3080951728007,254.1035123702836,256.007069863912,65909900
2018-09-07,254.63478088378906,255.6087023274441,253.84678130041397,254.0858507118014,73524800
2018-09-10,255.07740783691406,255.90966532054676,254.882623595647,255.6440357081322,50210900
2018-09-11,255.9185028076172,256.3611918123144,254.0857908630611,254.4310742365368,50530500
2018-09-12,255.98048400878906,256.58253456637283,255.1925116359852,255.92736349015473,59810800
2018-09-13,257.4945068359375,257.68045569530796,256.75965488471724,257.0429823679138,51034200
2018-09-14,257.5388488769531,257.8841323699944,256.75971163574974,257.69821048912604,55079900
2018-09-17,256.1753845214844,257.52114997034784,255.90091937743722,257.4857542882548,68244000
2018-09-18,257.5653076171875,258.15849572409456,256.36117953190404,256.38773979012984,61930400
2018-09-19,257.83978271484375,258.25591145639254,257.4944723248046,257.61843821443676,49080600
2018-09-20,259.9292907714844,260.2480409377501,257.85750925934076,259.0970602153132,100360600
2018-09-21,259.69189453125,260.78584944072276,259.53181151286344,260.6702248801384,105479700
2018-09-24,258.82916259765625,259.2560777454784,258.25106699504545,259.11377269620436,53409600
2018-09-25,258.5889892578125,259.38943125963567,258.3488647998379,259.28270927831363,44370000
2018-09-26,257.8152770996094,259.91421551245395,257.3972644981479,258.7313438038446,79739700
2018-09-27,258.53558349609375,259.62063535481394,258.01084908419097,258.2865565354975,59249500
2018-09-28,258.562255859375,259.0603097649122,257.87743852473693,257.9129944166309,70091400
2018-10-01,259.460693359375,260.5279407094553,258.7936535873556,259.7986373779872,62078900
2018-10-02,259.309326171875,260.02082396744885,258.9357993288641,259.309326171875,47258200
2018-10-03,259.4516296386719,260.776805810469,259.0958807429701,260.3587933939966,64694600
2018-10-04,257.42388916015625,259.02477312297555,255.840783146468,258.97141213367536,111545900
2018-10-05,255.983154296875,258.16213430130995,254.5601308834581,257.6463022241773,105951700
2018-10-08,255.983154296875,256.3389033647507,253.91977170451622,255.29830952075233,87742200
2018-10-09,255.60952758789062,256.9080235309674,255.04921007260296,255.6006521845047,74339000
2018-10-10,247.51609802246094,255.17372513463502,247.14257112444565,255.10255905945726,214731000
2018-10-11,242.06419372558594,248.04974399043707,240.4543801338489,246.43105499541062,274840500
2018-10-12,245.4261016845703,246.4399877104538,242.2420842920822,246.15537764841622,183186500
2018-10-15,244.04747009277344,246.3954617483494,243.95852608001945,245.07025838468942,102263700
2018-10-16,249.38377380371094,249.75732778351343,245.53274521806253,246.0041186081105,118255800
2018-10-17,249.42837524414062,250.0509293104676,246.85803605064686,249.4194726965644,110626000
2018-10-18,245.8263397216797,249.09039901108488,244.55452397248047,248.49449831592784,134557500
2018-10-19,245.69287109375,248.40548741105457,244.99915113163212,246.47553508012004,139901600
2018-10-22,244.590087890625,246.68012357912642,244.05645078512885,246.35995760097512,82415800
2018-10-23,243.34483337402344,244.4654681566747,238.89790441670948,240.97909105360475,146352700
2018-10-24,235.971923828125,243.47834459638236,235.42050879522853,243.09588794996847,177806700
2018-10-25,240.20541381835938,241.74406172098753,236.78129864956196,237.8040873548617,138061500
2018-10-26,235.98080444335938,241.0236356256426,233.2770902132027,236.5055661327389,201574600
2018-10-29,234.67340087890625,240.35659102695715,231.10698111147096,239.06697033859635,160749100
2018-10-30,238.1508331298828,238.46212359771985,234.01519446262319,234.5043729526247,157116000
2018-10-31,240.69451904296875,243.0069278938109,240.24092353238416,240.7122969905174,128296300
2018-11-01,243.2559814453125,243.45164745734314,240.4721988322022,241.55725087311626,99495000
2018-11-02,241.8151397705078,244.7856853505812,239.76953596281086,244.35877035739765,122634100
2018-11-05,243.14938354492188,243.7007988215144,241.33502752039047,242.30445552954853,65622500
2018-11-06,244.6879119873047,244.84799497942296,243.0247642380611,243.08702778229969,60085900
2018-11-07,249.92637634277344,250.0064178282418,246.43106862587547,246.85798369028106,102752100
2018-11-08,249.4728240966797,250.11318323351344,248.33441086918774,249.12595045751826,65584900
2018-11-09,247.03582763671875,248.3521013519031,245.6305827643591,248.16533791916257,98812600
2018-11-12,242.42002868652344,246.76911355069015,241.9041694364947,246.5289890223831,99673600
2018-11-13,241.96633911132812,244.8746213934451,241.24593866399726,242.88240555311336,98176600
2018-11-14,240.31211853027344,244.23428707633516,238.7556929624398,243.834079644037,125335900
2018-11-15,242.82020568847656,243.28270387403552,237.47501319005792,239.04921696143316,135101400
2018-11-16,243.45166015625,244.35882418194376,241.21038987573397,241.72624899886281,126668000
2018-11-19,239.33377075195312,243.14034163054626,238.41770428548043,242.8468290600021,103061700
2018-11-20,234.90467834472656,237.46611493845413,234.04197264672683,236.00750854517096,136021300
2018-11-21,235.70506286621094,237.59945934806558,235.6961874628989,236.4521438330722,75563700
2018-11-23,234.130859375,235.5272018784924,233.97077641256175,234.06859584230529,42807900
2018-11-26,237.91078186035156,238.13312838545468,235.98970462643132,236.3810366819656,79981400
2018-11-27,238.711181640625,238.711181640625,236.27427284254324,236.87904876964447,75502400
2018-11-28,244.20755004882812,244.20755004882812,238.6488885933492,239.77842597191955,127629600
2018-11-29,243.6740264892578,245.07034211312993,242.2954616753383,243.43387485858386,82346400
2018-11-30,245.15924072265625,245.71955823450747,243.2026078457021,243.52277377138495,98204200
2018-12-03,248.4054412841797,249.38377108547434,246.81346025587797,249.27704913295136,103176300
2018-12-04,240.35650634765625,248.00522946184512,240.0452158971794,247.5783145175997,177986000
2018-12-06,239.991943359375,240.1075678957514,233.41049160957218,236.50556502661695,204185400
2018-12-07,234.41546630859375,241.21926354147223,233.5794413265767,239.65393555098828,161018900
2018-12-10,234.86016845703125,235.82959594381217,230.01300388121976,234.23758739782187,151445900
2018-12-11,234.9134979248047,238.23979244613875,233.44601664432807,238.0530290101989,121504400
2018-12-12,236.0963897705078,239.24482367435746,236.01634829099115,237.88406423876316,97976700
2018-12-13,236.016357421875,237.90185139073836,234.90462492684645,237.03914588891996,96662700
2018-12-14,231.65835571289062,234.82456747202116,231.10694077556747,233.87291800694808,116961100
2018-12-17,227.11367797851562,231.81852536582636,225.48609947927983,230.7067925306345,165492300
2018-12-18,226.86459350585938,229.41714067784332,225.26369591406458,228.75010114550832,134515100
2018-12-19,223.4671630859375,230.7067659311748,221.7684458235465,226.94466625050688,214992800
2018-12-20,219.8295135498047,223.7872781315787,217.58825725874033,222.22196381691975,252053400
2018-12-21,215.32533264160156,223.3855045339363,214.6812341608542,220.72860171340417,255345600
2018-12-24,209.6358184814453,215.45058694361018,209.57320499611265,213.84034063943142,147311600
2018-12-26,220.22764587402344,220.22764587402344,209.11696653417636,211.09399387368785,218485400
2018-12-27,221.9184112548828,222.1152062471228,213.76878896161634,216.99822249418898,186267300
2018-12-28,221.6321258544922,224.89733637571823,220.46916948727355,223.26920838177477,153100200
2018-12-31,223.57339477539062,223.81493515727374,221.38167686997687,223.25134548294824,144299400
2019-01-02,223.8059539794922,224.72738367473102,220.02188548142522,220.0487217817502,126925200
2019-01-03,218.46533203125,222.36570038148278,217.9822513104657,222.06153288497993,144140700
2019-01-04,225.78298950195312,226.42708803378295,221.1132819712888,221.4890038398222,142628800
2019-01-07,227.5631866455078,228.96766966524018,225.15676508760038,226.0513447804907,103139100
2019-01-08,229.7012176513672,230.1842983290865,227.22324173305432,229.7459630162037,102512600
2019-01-09,230.77474975585938,231.61565694335764,229.18239882003667,230.40796876553281,95006600
2019-01-10,231.5888214111328,231.83930266140655,228.56513733970846,229.24502671919808,96823900
2019-01-11,231.67823791503906,231.70507421140275,229.9337967501892,230.5152680383381,73858100
2019-01-14,230.26480102539062,231.06991726630778,229.37917589042223,229.78172036067835,70908200
2019-01-15,232.90382385253906,233.21693219887842,230.63158383386505,230.64053836674492,85208300
2019-01-16,233.46739196777344,234.35301702855713,233.12744735442945,233.3331831885252,77636700
2019-01-17,235.23866271972656,236.09747886046176,232.55492370584037,232.59966906964814,96118400
2019-01-18,238.36968994140625,238.83488883956215,235.27445194397527,237.04572950918973,127900300
2019-01-22,235.14926147460938,237.11734819205563,233.539028560635,236.9026577503023,115531200
2019-01-23,235.64122009277344,236.87574433178852,233.1811261470387,236.1779733228326,86030300
2019-01-24,235.7664794921875,236.34797816335373,234.4514461827318,235.46232565671974,59204100
2019-01-25,237.76136779785156,238.58439305172763,235.8648633915669,237.60927725188202,96883400
2019-01-28,235.9543914794922,236.01699132108016,234.19206807171742,235.62340130094339,85613700
2019-01-29,235.64122009277344,236.66102665952286,234.80926760140358,236.09746443338423,66136300
2019-01-30,239.37161254882812,240.21251961023302,236.39267430393105,237.15307247227437,92473700
2019-01-31,241.47390747070312,241.95698818402894,239.0943220389077,239.30903974505677,104012100
2019-02-01,241.59024047851562,242.6100746470518,240.80300581517082,241.67074939175615,85782500
2019-02-04,243.28988647460938,243.35251360542537,240.9639738049802,241.63490857696522,60744800
2019-02-05,244.30975341796875,244.61390727961893,243.2183649495019,243.71932746285626,79552800
2019-02-06,243.9876251220703,244.52437832841062,243.25409061715408,244.03237048116657,58347800
2019-02-07,241.66172790527344,242.92306102117962,240.0067503108111,242.3773806107919,95482000
2019-02-08,241.95692443847656,242.055315081717,239.59522139590058,240.41824656842263,75788900
2019-02-11,242.09115600585938,242.86943598309523,241.56335725463512,242.61002752428735,68021400
2019-02-12,245.20433044433594,245.58003867487145,243.62986124861985,243.7014429213756,72270200
2019-02-13,246.00050354003906,246.8414107807634,245.61584075769358,246.03629437805574,65277200
2019-02-14,245.45481872558594,246.58199805028215,244.1039944428411,244.91806536618728,83234400
2019-02-15,248.12957763671875,248.16536847036366,247.0203074973905,247.22604336493276,97088700
2019-02-19,248.5589599609375,249.21198562989034,247.32443568208936,247.33339021467367,59120800
2019-02-20,249.05999755859375,249.51624205164575,248.02228158053015,248.52324414919363,76610800
2019-02-21,248.17428588867188,248.78259346762562,247.2170791597752,248.42476708591184,64214700
2019-02-22,249.71299743652344,249.90977876755096,248.15641015139627,248.79155411176745,78114600
2019-02-25,250.05294799804688,251.65425356184153,249.97243908819044,251.13540926485206,69030700
2019-02-26,249.87405395507812,250.75072474880014,249.49831840033238,249.70408159702777,56844100
2019-02-27,249.7666778564453,250.1155497637619,248.2279995898932,249.15834287634237,56921600
2019-02-28,249.30145263671875,249.99029644590678,248.9794170639072,249.5519338490404,69268300
2019-03-01,250.8580780029297,251.2695770643132,249.4267448715506,250.87595977067375,78880500
2019-03-04,249.94558715820312,252.155200325263,247.65546508632025,251.913673610794,106494600
2019-03-05,249.60565185546875,250.26765948736204,249.0599712687937,250.07085083470344,59114600
2019-03-06,248.09385681152344,249.73095348275567,247.77182111906677,249.72199894671584,75039800
2019-03-07,246.0183868408203,247.78963728117097,245.17747968817417,247.646501244507,94885100
2019-03-08,245.5262908935547,245.69626318879477,243.70136830318856,244.1665398320347,85795800
2019-03-11,249.08680725097656,249.24782506646932,246.21521367305095,246.24204997563308,65098900
2019-03-12,250.02606201171875,250.54493350601277,249.45354522192397,249.6413993075936,79667500
2019-03-13,251.68104553222656,252.6114160495917,250.75067501486143,250.91172010661697,80639200
2019-03-14,251.5200653076172,252.12837303273284,251.08172993222647,251.7079194255833,67518400
2019-03-15,252.76268005371094,253.57134263691682,251.88212050895183,252.07082946753658,81309000
2019-03-18,253.67916870117188,253.9756956908309,252.75369409159345,252.97832411741985,62199800
2019-03-19,253.7420196533203,255.50311101686006,252.85249370807736,254.73939102219583,90268100
2019-03-20,252.97833251953125,254.73045774743304,251.87317030498068,253.52644405949383,84609200
2019-03-21,255.83570861816406,256.240026322461,252.11582121464255,252.16076368445215,79550400
2019-03-22,250.9117889404297,255.00004525839176,250.8488859396825,254.4789155595248,122659300
2019-03-25,250.7230682373047,251.7563609170328,249.46514552195487,250.57030774799213,85575200
2019-03-26,252.5919952392578,253.5444244613853,251.1903059153472,252.47518322548854,68125900
2019-03-27,251.27120971679688,253.1671019089378,249.72575362213158,252.58304174647847,72224700
2019-03-28,252.2235870361328,252.67284711720208,250.75002822896835,251.90013293967937,56238500
2019-03-29,253.81394958496094,254.1374036359353,252.60993602746407,253.73308607221736,82186800
2019-04-01,256.8239440917969,257.1204710295328,255.539067150015,255.80863958619787,77617900
2019-04-02,256.9497375488281,257.1833614980266,256.15903564752676,257.0126405229433,40070400
2019-04-03,257.3542175292969,258.5582315397109,256.752196813757,258.162880381585,68243200
2019-04-04,258.03704833984375,258.2886329223049,256.98579496410593,257.67764571070825,48997500
2019-04-05,259.2859191894531,259.3398281950125,258.41435370537175,258.7018866821242,58621700
2019-04-08,259.48358154296875,259.59139954862746,258.20767116115127,258.86360058977857,53566300
2019-04-09,258.15380859375,258.8456592016085,257.60572449284734,258.522205126451,66142300
2019-04-10,259.0342712402344,259.12412870104095,258.1537119973657,258.5670234122992,52601500
2019-04-11,258.96246337890625,259.528535413988,258.3963913438245,259.5195414386195,55093100
2019-04-12,260.714599609375,260.9931386511058,259.0074168766403,260.57083310063365,69727800
2019-04-15,260.54388427734375,260.8853263154702,259.74418819639936,260.78647484201645,49596700
2019-04-16,260.714599609375,261.47834719052565,260.12157304356356,261.4244381773299,52153200
2019-04-17,260.0766906738281,261.8557431740678,259.6633516265314,261.8287886640842,58268300
2019-04-18,260.5887756347656,260.8583481027852,259.36680152584245,260.6606725944999,68708500
2019-04-22,260.8134765625,260.96623707797863,259.7352686592267,259.8251261729986,40160100
2019-04-23,263.15863037109375,263.3922544241675,260.94827810651367,261.1818747389239,52246600
2019-04-24,262.5745544433594,263.410171605521,262.43078792825753,263.0777235358863,50392900
2019-04-25,262.412841796875,263.06877148518953,261.22681584442034,262.4757447986305,57770900
2019-04-26,263.6347961425781,263.7066656882998,261.68499538422964,262.4577369591944,50916400
2019-04-29,264.0480651855469,264.56922213553327,263.6347536677554,263.72461115092415,57197700
2019-04-30,264.1828308105469,264.47036378092696,262.29596081647924,263.7066163248907,81111700
2019-05-01,262.1971130371094,265.0184789347916,262.18811906270474,264.8118094680611,71671900
2019-05-02,261.63104248046875,262.9968104059952,260.13949601586444,262.0803024726753,65030200
2019-05-03,264.1918640136719,264.4704030511326,261.7388942682371,263.10466237001356,56543700
2019-05-06,263.104736328125,263.5450025264516,259.5825244795173,259.89701208717844,107198100
2019-05-07,258.7109069824219,261.29864946948265,256.806048601852,260.70562286447625,144729900
2019-05-08,258.35150146484375,260.0586842910349,257.75847486656824,258.35150146484375,91568300
2019-05-09,257.5697021484375,258.1716950892347,254.55066120944176,256.2848253505931,103471100
2019-05-10,258.8635559082031,259.6183092381913,253.65212469545477,256.635216966823,112429300
2019-05-13,252.35836791992188,254.7214804117822,251.52275072246363,253.7600846462088,127290500
2019-05-14,254.64064025878906,256.16813569340195,253.24794480185466,253.3737233815152,77003200
2019-05-15,256.13214111328125,256.77008271546595,252.80760572827901,253.01427522562122,73956400
2019-05-16,258.5042419433594,259.8609886388919,256.76111076781007,256.83298031022184,76749600
2019-05-17,256.8330078125,259.3129323114473,256.1860721788903,256.2040601319123,100353000
2019-05-20,255.13475036621094,256.9407568168034,254.38896345332793,255.2335743986409,62877600
2019-05-21,257.4349365234375,257.812299512973,256.57233770605575,256.8239221726295,46847100
2019-05-22,256.644287109375,257.59671617184193,256.1680725781415,256.48256008080267,49482500
2019-05-23,253.5084686279297,254.46986427419012,252.09778552084444,254.42494923843603,98733800
2019-05-24,254.08348083496094,255.35939128162846,253.46349985025927,254.94605234472476,55268100
2019-05-28,251.72047424316406,255.31455569563306,251.70251370734124,254.362126304382,70029400
2019-05-29,250.0311279296875,251.01051135068815,248.62943905003047,250.60619383962467,104972900
2019-05-30,250.71409606933594,251.62161026679743,249.6179003033244,250.78596562189657,62523800
2019-05-31,247.33567810058594,248.9979461732618,247.30872358786854,248.17132283615277,86862800
2019-06-03,246.7067108154297,248.4857633553792,245.3768909783469,247.37160702364017,96428000
2019-06-04,252.0618896484375,252.19666220448534,248.5486721105906,248.99793224452503,77231900
2019-06-05,254.24525451660156,254.27220902433356,251.87317557420914,253.67918243357073,71169700
2019-06-06,255.89849853515625,256.5723885707165,253.8948163786434,254.54175190960748,69430400
2019-06-07,258.459228515625,259.53746330032743,256.7430523173093,256.913773281898,74272200
2019-06-10,259.6453552246094,261.3076228990596,259.5554977301904,260.0047577816279,60799100
2019-06-11,259.58251953125,261.82882037077394,258.93558379264056,261.46042374261225,58641300
2019-06-12,259.12420654296875,259.9059145875843,258.6120435410981,259.3488365521413,47096300
2019-06-13,260.1933898925781,260.5528198019677,259.33081843547797,260.03166288574414,48945200
2019-06-14,259.9058837890625,260.5078767867424,259.14213636424796,259.9058837890625,52324700
2019-06-17,260.0047607421875,260.7685083224592,259.83403972704474,260.13953327502185,39205700
2019-06-18,262.72723388671875,263.7785143172778,261.46031743785153,261.8197473625696,85434800
2019-06-19,263.3203430175781,263.85046667610106,261.8916991065089,262.86208891416766,78674400
2019-06-20,265.8361511230469,266.240496147716,263.3832087300726,265.9979055853094,116570000
2019-06-21,265.44976806640625,266.8221515056671,265.23308319547755,265.5671482228351,83309500
2019-06-24,265.12469482421875,265.97338627298683,264.9711913645555,265.6573967423069,47582700
2019-06-25,262.5243835449219,265.2059687471691,262.41604112123906,265.1788831412484,82028700
2019-06-26,262.2624816894531,263.9237961241511,262.1541392888887,263.41817988550474,51584900
2019-06-27,263.1924743652344,263.6980906365372,262.64172460878746,263.02092303525444,40355200
2019-06-28,264.54681396484375,265.04339252576335,263.65296153358025,264.1675879780534,59350900
2019-07-01,266.9484558105469,268.0861060069671,265.747596702322,267.8693936742107,78705600
2019-07-02,267.64373779296875,267.69790900113674,266.06367992868246,266.9033612093092,61504500
2019-07-03,269.7837219238281,269.80179737186177,268.17657762892503,268.32104344301075,40898900
2019-07-05,269.4765625,269.6391036536074,267.26449836154364,268.55562454830994,51677300
2019-07-08,267.9958190917969,269.29598290911434,267.45407957557853,268.16737039783294,45841800
2019-07-09,268.3299560546875,268.6278977139199,266.7860214397084,266.84019265047795,41101300
2019-07-10,269.6120300292969,270.5600812739369,268.8626432853066,269.39534519807506,58448500
2019-07-11,270.2440185546875,270.48778894864506,269.2418238255109,270.25305627246956,50826100
2019-07-12,271.4539794921875,271.526226150782,270.42469881644513,270.7316782304043,40326000
2019-07-15,271.544189453125,271.8872920895059,271.0385732165695,271.8872920895059,33900000
2019-07-16,270.6684875488281,271.66167251628906,270.3615081141636,271.45399780135625,36650100
2019-07-17,268.8265380859375,270.80386996621183,268.8265380859375,270.64135633183906,36036300
2019-07-18,269.8106384277344,270.18986439626957,267.88750564607955,268.32991298102115,51392600
2019-07-19,268.3118896484375,270.93026568631416,268.1403383081677,270.903180082799,58678600
2019-07-22,268.970947265625,269.51268682028854,268.194475028688,268.7091014293009,43638100
2019-07-23,270.8941955566406,270.8941955566406,269.25996619761105,270.09063745855633,44564500
2019-07-24,272.167236328125,272.167236328125,270.04543875193104,270.13573328679485,47213200
2019-07-25,270.86712646484375,271.77001688639325,270.0635407637308,271.7158456654226,55394100
2019-07-26,272.6817932128906,272.8804300972009,271.42676299974545,271.5531808143127,45084100
2019-07-29,272.1852111816406,272.6818172131321,271.6344615085866,272.56443710470654,38126500
2019-07-30,271.5171813964844,271.923493066979,270.40661637008486,270.78584243281495,45849000
2019-07-31,268.5466613769531,271.9505755193534,266.5332335970876,271.7609487131754,104245200
2019-08-01,266.2080993652344,271.65252527131696,265.41355171160745,268.7000847236065,142646600
2019-08-02,264.2037353515625,265.55807069993347,262.6507630499362,265.31430025667504,116749700
2019-08-05,256.2583923339844,260.22206736292844,254.36231674350026,260.11372490987765,178745400
2019-08-06,259.85174560546875,260.06845795439847,256.6735825460155,258.14529773750104,120711700
2019-08-07,260.0053405761719,260.7728029003708,254.65120730275834,256.78201534695285,140572300
2019-08-08,265.1066589355469,265.1066589355469,260.9443476671785,261.49509755220527,87713900
2019-08-09,263.30084228515625,264.76352003700896,261.5221474446139,264.1676091836573,93730000
2019-08-12,260.0955505371094,263.29176156394834,259.14749942587946,261.8019984508938,65527600
2019-08-13,264.1405334472656,265.58516336808646,259.4545308129541,259.79763351897674,94299800
2019-08-14,256.3304748535156,260.7004593066789,256.2040845769867,260.0955384148288,135622100
2019-08-15,257.00775146484375,257.9016317136364,254.96723786093705,257.2154261800236,99556600
2019-08-16,260.79986572265625,261.23323542718947,257.06188669690755,258.6600201444486,83018300
2019-08-19,263.9418640136719,264.6190316225491,263.13830611256157,263.8154737214388,53571800
2019-08-20,261.91937255859375,263.9689230625115,261.79298227907464,263.43622123692984,51596400
2019-08-21,264.0502014160156,264.420362082352,263.3910817718715,264.07728701486997,49524700
2019-08-22,263.96893310546875,265.38647715768724,262.1992762467483,264.7544706280108,51666400
2019-08-23,257.1882629394531,264.3301272824833,255.94227013252467,262.6688127245855,149161500
2019-08-26,260.03240966796875,260.03240966796875,257.84740299073746,259.37328982123614,72423800
2019-08-27,259.01220703125,261.793125348652,258.2537822776039,261.4229369175807,66668900
2019-08-28,260.83599853515625,260.9985121802663,257.5494645347921,258.35305014787957,59696700
2019-08-29,264.1675720214844,264.6912637071327,262.3888774311626,263.39109976527214,57899400
2019-08-30,264.0502014160156,265.66635473768406,263.1202257833285,265.6483068564536,62901200
2019-09-03,262.50628662109375,263.26471107882736,261.1790369315544,262.35281071811187,69101400
2019-09-04,265.48590087890625,265.50394876745247,263.9238905677633,264.67330502987176,46887300
2019-09-05,268.8988342285156,269.81073482523794,265.4497861761174,267.9688581886312,83258100
2019-09-06,269.10638427734375,269.74745608960535,268.537586657619,269.2147542351201,49584300
2019-09-09,269.241943359375,270.1809295889888,268.3029295757313,270.0906625871632,51260300
2019-09-10,269.17864990234375,269.2418588270002,267.22840383509777,268.4834068391647,57947100
2019-09-11,271.0927429199219,271.1739997195606,268.8355177498976,269.4855997010253,68821100
2019-09-12,272.03173828125,273.08810416057753,271.2371906654044,271.995614965798,72908700
2019-09-13,271.8511962890625,272.82633309685326,271.4810080151809,272.47419270681183,62104800
2019-09-16,271.0115966796875,271.89643922675583,270.37055218501104,270.7226651270901,58191200
2019-09-17,271.69769287109375,271.7879598351725,270.6412993619928,270.8128506801717,41475500
2019-09-18,271.8602294921875,271.968571901471,269.27794933684083,271.30945217296875,73375800
2019-09-19,271.8421630859375,273.2416593963996,271.5080981282079,272.2484746882701,76560500
2019-09-20,270.5578308105469,272.7257172981861,269.7686931121249,272.44450325727587,89565000
2019-09-23,270.49432373046875,271.2109087987867,269.6416852140578,269.89566087758845,43476800
2019-09-24,268.3717346191406,271.9727625422939,267.4102536031992,271.582733535712,94869400
2019-09-25,269.95904541015625,270.4034957095392,266.9748118883841,268.45332331032233,71854000
2019-09-26,269.3966979980469,270.17675595776956,267.99076670726214,269.96814996825674,56179700
2019-09-27,267.9454650878906,270.2584842358922,266.394400547626,270.1496138053091,84746600
2019-09-30,269.1881103515625,269.8956158448682,268.4171317139182,268.4624736286267,51662400
2019-10-01,265.98614501953125,270.72099718134706,265.7684595761757,270.0679131700186,88242400
2019-10-02,261.2875671386719,264.4169336033458,259.99955810195115,264.4078541500029,122539500
2019-10-03,263.4283752441406,263.455585936669,258.3488337490657,261.0609342690708,85278800
2019-10-04,266.99310302734375,267.2470787072425,264.0269992614025,264.08144832542007,65091200
2019-10-07,265.8410339355469,267.818445039267,265.5598476544299,266.19480049123445,59610500
2019-10-08,261.7139587402344,264.7254038708757,261.67766859806807,263.9906876592985,95708100
2019-10-09,264.19921875,265.13348895657083,263.1016844718949,263.72755776070306,62359400
2019-10-10,265.98614501953125,266.865993928109,263.95434039818133,264.117604480698,55296300
2019-10-11,268.74365234375,270.9750115009524,268.61667837739276,268.7345728885581,98720400
2019-10-14,268.4443664550781,269.0974506367518,268.0996792923519,268.42620754255415,40394800
2019-10-15,271.1020202636719,271.8458158960156,269.36953283376874,269.4874550292948,46754500
2019-10-16,270.6666259765625,271.3560002499491,270.23125500917473,270.63941529110076,48928200
2019-10-17,271.46478271484375,272.33555213753766,270.7754085945281,271.82760100086114,45736600
2019-10-18,270.2765197753906,271.57360821426397,269.42388163261506,270.92960372131955,64304000
2019-10-21,272.1087951660156,272.3083493813206,271.1563936773508,271.59179224199676,39048600
2019-10-22,271.2199401855469,272.9342686902184,271.1292286758053,272.6440029315517,48594700
2019-10-23,272.00909423828125,272.0635156111766,270.7573472991516,270.9659810160959,34352200
2019-10-24,272.4535217285156,273.0884746005034,271.62809406743776,272.94334172458434,35453100
2019-10-25,273.5692138671875,274.1134552290327,271.82764704553614,271.8820684135941,45205400
2019-10-28,275.1112060546875,275.6101055167936,274.7574671529367,274.7846778376868,42147000
2019-10-29,275.0296936035156,275.95491264990335,274.7122170225253,274.83921872743275,44284900
2019-10-30,275.8731689453125,276.24503908773704,273.9229683145181,275.22913658461215,49643900
2019-10-31,275.138427734375,275.864092158819,273.68715424802167,275.864092158819,69053800
2019-11-01,277.68731689453125,277.7326588147076,276.41741095435447,276.5807027657832,71141500
2019-11-04,278.802978515625,279.374430643672,278.43108065957426,279.23837720396307,60606900
2019-11-05,278.4945373535156,279.3018337699568,278.2042716072942,279.00248856877056,42933200
2019-11-06,278.55804443359375,278.83015127599856,277.61469457781413,278.494543609944,46487100
2019-11-07,279.5376892089844,280.87106825413883,279.06602806695554,279.89145582645773,54272300
2019-11-08,280.2270202636719,280.28144163006976,278.49453294996727,279.19295893958304,49032100
2019-11-11,279.69189453125,279.864238107545,278.7122544469131,278.84833556176477,35797300
2019-11-12,280.2814636230469,281.1794439203386,279.5104572968919,280.0546986848405,46484600
2019-11-13,280.3721008300781,280.77120923005054,279.0659329176702,279.2926977957791,53917700
2019-11-14,280.7803649902344,280.862024736105,279.4560653623706,280.0910183287371,51219900
2019-11-15,282.8121643066406,282.8575062211695,281.4243640106054,282.1137105902836,62023600
2019-11-18,283.020751953125,283.25659632840035,282.1227717261377,282.5763015670428,49228000
2019-11-19,282.939208984375,283.6285834175987,282.29520415828483,283.61950395991727,67804700
2019-11-20,281.886962890625,282.86660297199927,280.3358983899287,282.34957224467774,79406200
2019-11-21,281.43341064453125,282.1046536636578,280.635221339549,281.99581092576324,54664700
2019-11-22,282.059326171875,282.31330182529547,281.052503014795,282.1772483826184,44850200
2019-11-25,284.245361328125,284.245361328125,282.98456243967775,282.98456243967775,48647200
2019-11-26,284.8893127441406,285.07073576578375,283.9641217688007,284.2815982160428,37569000
2019-11-27,286.1591491699219,286.1591491699219,285.1522987020101,285.36998413020297,44444600
2019-11-29,285.09796142578125,285.84175709981287,284.87119647744976,285.59683323960326,36592700
2019-12-02,282.67608642578125,285.4153966404745,282.24976727728045,285.3518958206147,75767800
2019-12-03,280.7803649902344,280.862024736105,278.58529565869156,279.9640166629559,73941700
2019-12-04,282.51287841796875,283.1115412943075,281.4788444906727,281.8235316935288,49080000
2019-12-05,283.020751953125,283.2293856451966,281.7145837968173,283.21125441681573,40709000
2019-12-06,285.6058349609375,286.00494337587526,284.91646084763397,284.9255403011018,48927000
2019-12-09,284.7079772949219,285.88714413985167,284.63539699848997,285.21592864485524,34838500
2019-12-10,284.39044189453125,285.3156328729228,283.73735776823526,284.6534969724014,52649800
2019-12-11,285.19781494140625,285.45179063198384,284.3088861837475,284.8440482574191,53429100
2019-12-12,287.65594482421875,288.43600314424464,284.97105495075266,285.20687172961357,96389600
2019-12-13,287.828125,289.05266085196234,286.64893105019,287.4199371555929,81503900
2019-12-16,289.8056335449219,290.3952169345024,287.7647488016478,289.5516578841208,82749700
2019-12-17,289.86907958984375,290.48587355216506,289.7874475372953,290.18655602615394,61097700
2019-12-18,289.88726806640625,290.48593091791935,289.83284668729334,290.2591659445252,48133000
2019-12-19,291.07537841796875,291.14795867708114,289.8236319202332,290.0776074646101,85310500
2019-12-20,292.3515625,293.48183740439526,291.13013011229833,292.10543451333706,147142100
2019-12-23,292.7982482910156,293.1901949374519,292.65240185614937,293.13550600154747,52990000
2019-12-24,292.8074035644531,293.0717241770153,292.5065865675843,293.0261593313642,20270000
2019-12-26,294.3660583496094,294.3751824445798,293.1810943326841,293.1901906102919,30911200
2019-12-27,294.29302978515625,295.14985992527306,293.7643609710234,295.09517100716806,42528800
2019-12-30,292.670654296875,294.5119413986182,292.1875500985432,294.3752190438764,49729100
2019-12-31,293.381591796875,293.6277198137139,291.82290156546304,292.1692833540794,57077300
2020-01-02,296.12530517578125,296.1435533670269,293.9923531023892,294.9129966046256,59151200
2020-01-03,293.8830261230469,295.00420520161396,292.6889377189637,292.7436266674431,77709700
2020-01-06,295.004150390625,295.0861837981025,292.01434006994486,292.1328420420894,55653900
2020-01-07,294.1746520996094,294.9129805533922,293.7279886988713,294.43897268463854,40496400
2020-01-08,295.74249267578125,296.95480128822834,294.1199891894408,294.3660894233574,68296000
2020-01-09,297.7477722167969,297.820709338136,296.71775096243204,297.3011366636997,48473300
2020-01-10,296.8909912109375,298.48615024274386,296.4261352089056,298.33120751452185,53029300
2020-01-13,298.9327697753906,298.94186605271307,297.082386683004,297.510801872737,47086800
2020-01-14,298.47698974609375,299.5434516916106,297.9209485381816,298.4952101168568,62832800
2020-01-15,299.1515197753906,299.9080685509151,298.3038135068561,298.38584690535674,72056600
2020-01-16,301.6400451660156,301.6400451660156,300.3001103883815,300.5279902633712,54050300
2020-01-17,302.578857421875,302.7884890679203,301.5761805798231,302.35097758583424,95846000
2020-01-21,301.98638916015625,302.78853074420584,301.5488776178504,301.62178693577914,77742400
2020-01-22,302.0228576660156,303.4904184768439,301.8679149339362,302.8432196250379,48914900
2020-01-23,302.36920166015625,302.77939649699647,300.2635941747511,301.3756489009387,51963000
2020-01-24,299.6802062988281,303.1075279519649,298.39496067890184,303.0254945486543,87578400
2020-01-27,294.87646484375,296.3531215152195,294.1107920443717,294.4480497017618,84062500
2020-01-28,297.96649169921875,298.8415422456188,294.96758607389665,296.29839616991114,63834000
2020-01-29,297.7204895019531,299.55265256689614,297.5199541027187,299.3247726958283,53888900
2020-01-30,298.6867370605469,298.8963965836487,294.9130603663084,295.66048530013137,75491800
2020-01-31,293.26312255859375,298.22178991387807,292.3516032332454,298.0668193889295,113845600
2020-02-03,295.441650390625,297.30115767312014,294.6212885304359,294.73979049796515,69083000
2020-02-04,299.944580078125,300.8105346597248,298.7231473854342,299.0421847479902,62573200
2020-02-05,303.4082946777344,303.61795412672234,301.4120930432873,302.87050163975044,65951100
2020-02-06,304.42926025390625,304.62067153969036,303.35364621707834,304.3654472195234,50359700
2020-02-07,302.8067932128906,304.4383931119409,302.25987594185665,303.3719308599242,64139400
2020-02-10,305.0673522949219,305.13116533874893,301.88615800893024,301.9226265793127,42070000
2020-02-11,305.5959777832031,307.2002328793031,305.0672809970112,306.41633961218275,54864500
2020-02-12,307.5647888183594,307.77442040951746,306.6623659881099,307.0269680668399,43992700
2020-02-13,307.2366943359375,308.20290257264736,305.8694153801374,306.1428600443528,54501900
2020-02-14,307.72894287109375,307.8474448392001,306.4528213248784,307.64690946641167,64582200
2020-02-18,306.93597412109375,307.7928046845001,305.5504466650149,306.73543871652276,57226200
2020-02-19,308.4034423828125,309.07795777585227,307.61954912250815,307.90211788539574,48814700
2020-02-20,307.1363830566406,308.6768526171269,304.1556976879884,307.85646314336725,74163400
2020-02-21,303.9735412597656,306.0973695137125,303.15315143324005,305.78745621324725,113788200
2020-02-24,293.89202880859375,304.04633809698913,292.81641502565685,294.54832373659,161088400
2020-02-25,284.98651123046875,295.8882745622072,284.1114604678439,295.27757219253857,218913200
2020-02-26,283.938232421875,289.9633610159589,283.2090281846531,286.3810972156628,194773800
2020-02-27,271.1861267089844,283.9929622601153,271.1861267089844,278.43268874388383,284353500
2020-02-28,270.0467529296875,271.5325340386913,260.27526361074985,263.15566832306206,384975800
2020-03-02,281.74151611328125,281.80532914475464,268.40598340350584,271.8241810091955,238703600
2020-03-03,273.67462158203125,286.0712930613618,271.2408799542185,282.1153015410036,300139100
2020-03-04,285.1779479980469,285.3967315712866,276.49116917188974,279.0343161033958,176613400
2020-03-05,275.69818115234375,281.17642226819964,273.4649750598973,277.99522810355086,186366800
2020-03-06,271.1405334472656,272.3437456449538,264.5502664620457,267.2118873410211,228667200
2020-03-09,249.96600341796875,259.04472988247346,249.25501931805033,250.94130814535401,309417300
2020-03-10,262.90045166015625,262.9915813511426,249.30056924454237,259.4549092564181,276444100
2020-03-11,250.08445739746094,256.99379025278967,246.91238758499932,255.86351506144038,255316300
2020-03-12,226.15707397460938,243.06576125881952,225.76511340861424,233.3489613279396,392220700
2020-03-13,245.49044799804688,247.45933353297968,226.5308388762867,239.81167127714295,329566100
2020-03-16,218.6279296875,234.16932404862888,216.35824141554718,219.84023822786799,297240000
2020-03-17,230.43209838867188,233.50392810842425,216.09390266325667,223.35869921057358,262070500
2020-03-18,218.76466369628906,226.39407689191867,207.84466479454713,215.34646582603455,327597100
2020-03-19,219.2295379638672,225.4916860447425,211.67304784141282,218.0810284637233,289322000
2020-03-20,209.781982421875,224.14947908525951,209.50691583930976,222.3707310405341,347158800
2020-03-23,204.41824340820312,210.58883736917826,200.11807712080454,209.22269612416616,326025200
2020-03-24,222.939208984375,223.81025556170377,214.3663954320049,214.9348561536564,235494500
2020-03-25,226.27664184570312,235.04201992086357,219.82181757105965,224.5162352253458,299430300
2020-03-26,239.48890686035156,240.9558914934752,228.34881392408727,228.77974835482536,257632800
2020-03-27,232.35562133789062,239.13136087018935,230.18262121161507,232.2180949971664,224341200
2020-03-30,239.90145874023438,240.61662346155654,232.45640344110245,234.44602980585432,171369500
2020-03-31,236.32566833496094,241.44184313996882,234.92284395447982,238.90209724302795,194881100
2020-04-01,225.6898651123047,236.2431562593995,223.62688640381754,227.3677561407306,189554600
2020-04-02,230.89773559570312,231.67707467324524,224.25952385795503,224.8096570813122,177660400
2020-04-03,227.56028747558594,232.26388300481995,224.83715469449982,229.91666012342145,135561200
2020-04-06,242.8446502685547,244.80678550079665,227.5419457283824,236.40816732964865,188061200
2020-04-07,243.09219360351562,252.16929234238347,242.87215154323118,251.41744466183374,201427200
2020-04-08,251.25242614746094,253.05867943513024,243.20222724698658,245.68696224301036,153774500
2020-04-09,255.07583618164062,257.8264741218556,252.57274558290803,254.50734750334323,189999200
2020-04-13,252.74693298339844,254.4431651623593,248.85019623918757,254.10392432275387,114839100
2020-04-14,260.2012634277344,261.2189863290575,252.6095016366842,257.6248340505204,134143400
2020-04-15,254.67245483398438,260.3387633386726,252.56361522887224,254.49824549327255,121775000
2020-04-16,255.90101623535156,256.75370726229335,252.83864275488824,255.94684900762073,131798300
2020-04-17,262.8143005371094,263.4194162623719,258.9267132107058,261.65902364519036,146684800
2020-04-20,258.1840515136719,262.95183530213035,257.96400942467557,259.11925837284326,100109300
2020-04-21,250.34471130371094,254.9291074264228,249.40947658688037,253.72799788074695,126385700
2020-04-22,255.90101623535156,257.6430812956117,253.89304834549813,255.21335676570135,92951600
2020-04-23,255.8826141357422,260.3386612375464,255.58005633581496,257.1754170609283,104709700
2020-04-24,259.4493103027344,260.1186421969253,255.35085912854342,257.3955098331214,85063200
2020-04-27,263.1901550292969,264.30874873794517,260.96214535761493,261.4205849434391,77896600
2020-04-28,261.9799499511719,267.1786402598977,261.67736409264813,266.8302216256885,105270000
2020-04-29,268.8381652832031,270.36936598916276,266.27091449702925,267.2978148114988,118745600
2020-04-30,266.3350524902344,268.93898579069054,264.6021375509596,267.46279588157535,122901700
2020-05-01,259.2842712402344,266.5001059124838,258.1198167734185,261.5947967015309,125180000
2020-05-04,259.99951171875,260.3020696248995,255.92856473218876,257.40472721224256,80873200
2020-05-05,262.4017028808594,265.20735144767355,260.1278320243504,262.81430977989436,79569900
2020-05-06,260.6229553222656,264.4830095523587,260.192020908388,264.09793589455825,73632600
2020-05-07,263.767822265625,265.6932743331002,263.2635498583758,263.8320105300923,75250400
2020-05-08,268.1322021484375,268.5998195757135,265.7666377314456,266.8944094168429,76452400
2020-05-11,268.1872253417969,269.56254444611375,265.7850057832069,266.20676247386785,79514200
2020-05-12,262.8418884277344,269.78264576548486,262.7043341023588,269.37006673219304,95870800
2020-05-13,258.1932067871094,263.31855852406073,255.77263209509584,262.2824804769914,144721100
2020-05-14,261.283203125,261.41155172990904,250.29897450243615,255.7635975330721,121977900
2020-05-15,262.4841613769531,262.5299941419819,257.95477614724217,258.8991605504692,111146300
2020-05-18,270.47943115234375,272.0839701507051,268.3706196611589,268.6915050760796,119703800
2020-05-19,267.7013244628906,271.58888481740087,267.68299694495283,269.88350227805404,95189300
2020-05-20,272.2489929199219,273.1108617924765,271.00205036955106,271.23127021904025,85861700
2020-05-21,270.36944580078125,272.9275475763484,269.27835689934,272.12068909653203,78293900
2020-05-22,270.8829345703125,271.0571439477778,268.8474605639345,270.0852537266281,63958200
2020-05-26,274.22027587890625,277.07178533427884,270.9011769612808,276.8333877387792,88951400
2020-05-27,278.30035400390625,278.3370370080894,272.1939349208289,277.0075509205538,104817400
2020-05-28,277.7868347167969,281.33515200775486,277.117502966513,279.3271847378299,90405200
2020-05-29,279.0247802734375,279.61156861200794,274.57790903661964,277.31936982817837,119090800
2020-06-01,280.1524353027344,280.75757894742645,277.8694149921172,278.3828651183529,55758300
2020-06-02,282.4721984863281,282.5180592457431,279.73991573138625,281.0693740975131,74267200
2020-06-03,286.23138427734375,287.18494662104723,284.1775835194625,284.45263612777273,92567600
2020-06-04,285.47955322265625,286.9832488519643,283.38906933428206,285.2503333753304,75794400
2020-06-05,292.79620361328125,294.56577377345707,290.7974136505666,290.8616019107014,150524700
2020-06-08,296.33538818359375,296.52792499363557,293.0621225082108,293.60307791418927,73641200
2020-06-09,294.12567138671875,296.4086915242657,292.81451293214826,293.6763815746221,77479200
2020-06-10,292.4845275878906,295.5927621739855,291.7693627776029,294.70338803982554,95000800
2020-06-11,275.6230773925781,286.20387252008595,275.0729721884442,285.5712235543959,209243600
2020-06-12,278.92388916015625,283.3890875968667,273.78020888553783,282.61891221793167,194678900
2020-06-15,281.5277404785156,282.6555119408555,272.07471838959447,273.24832261847223,135782700
2020-06-16,286.946533203125,289.4037909524716,282.0962619316776,289.25708690915724,137627500
2020-06-17,285.7546081542969,288.25769873534205,285.0210879201945,287.96429064170104,83398900
2020-06-18,285.8645935058594,286.34136061280276,283.78328781211144,284.2417274083413,80828700
2020-06-19,284.2309875488281,289.5170263493881,282.2878438676283,289.32364222607004,135549600
2020-06-22,286.05438232421875,286.45036871018254,282.4904486423991,283.6323733290194,74649400
2020-06-23,287.3713073730469,289.6275587383942,286.966102816788,288.6974262655169,68471200
2020-06-24,280.0407409667969,285.95302134093265,278.2081310603143,285.3359965817493,132813500
2020-06-25,283.04296875,283.3100417218154,277.45301313177083,279.46981736237365,89468000
2020-06-26,276.3202819824219,282.1589024781775,275.7401296700566,281.94708210428337,127961000
2020-06-29,280.3815002441406,280.51963173893165,275.2888463730119,277.5727234684733,79773300
2020-06-30,283.97308349609375,285.6675903215087,279.792153347328,279.9486930198918,113394800
2020-07-01,285.9622802734375,287.22395639224413,284.62697148514405,285.08742860608777,72396500
2020-07-02,287.5369873046875,290.7325599973722,286.87392810290646,289.3880053272748,69344200
2020-07-06,291.9757385253906,292.55591877461336,290.6035858181609,291.34952382314395,61713800
2020-07-07,288.9643859863281,292.4085952599446,288.5868078840447,290.43785396731937,82910000
2020-07-08,291.17462158203125,291.2851267804882,287.9698584105039,289.728779659392,54638600
2020-07-09,289.5170593261719,292.0219474951097,286.1096649721641,291.7825007695843,83354200
2020-07-10,292.47308349609375,292.74015643400605,288.0250810957527,289.45248660102106,57550400
2020-07-13,289.9406433105469,297.1882340667077,289.2868020526864,294.81228763297554,102997500
2020-07-14,293.6979675292969,294.4715320808562,287.32522893206374,288.522406144319,93657000
2020-07-15,296.396240234375,297.4921303782736,294.0202658653574,296.91194993690715,87196500
2020-07-16,295.4200439453125,295.87128286396967,293.85447872341933,294.49912983927373,54622500
2020-07-17,296.2764587402344,297.059241275674,294.4530388686995,296.4238083554755,62774900
2020-07-20,298.6709289550781,299.4168672808463,295.26353484413016,296.0094731698983,56308800
2020-07-21,299.3063049316406,301.0744442907489,298.3209200855165,300.632423503006,57292200
2020-07-22,301.00994873046875,301.323084234717,298.8366050924752,298.94711028029644,57792900
2020-07-23,297.4184265136719,301.3507479273714,296.05549155599056,300.65084417889534,75738000
2020-07-24,295.5029602050781,296.5251615020732,294.0018655257891,295.56743094562876,73766600
2020-07-27,297.6579284667969,297.8329044364121,295.40167713485863,296.1936780663919,48293000
2020-07-28,295.7699890136719,298.0446479275418,295.4752897615271,296.9303216498821,57495000
2020-07-29,299.4076232910156,299.9693955729184,296.60803622504216,296.64488066256155,48454200
2020-07-30,298.3393859863281,298.7538086591065,294.3610576063959,296.44230479428404,61861700
2020-07-31,300.69677734375,300.79809248040425,295.91723225907924,300.12581525879375,84986800
2020-08-03,302.7873840332031,303.551730444188,301.8112172413089,302.35455324026356,53077900
2020-08-04,303.95697021484375,303.95697021484375,301.9309475225113,301.9309475225113,41917900
2020-08-05,305.84478759765625,306.10267054186585,304.98834417548517,305.2554171505095,42697700
2020-08-06,307.8892517089844,308.00897505925286,304.9423429439364,305.26466855525786,43679400
2020-08-07,308.1101989746094,308.3956800618827,306.0197062402385,306.92221206378724,57308300
2020-08-10,309.0311584472656,309.21532440909493,306.62755797641967,308.56148325207386,44282100
2020-08-11,306.4801940917969,310.8453459347755,305.7526922046899,310.2099129722672,69601100
2020-08-12,310.75323486328125,311.5267992817978,308.88378049251634,308.911406789461,53774400
2020-08-13,310.1915588378906,311.4992695414481,309.2706445155212,309.9889565628064,41816100
2020-08-14,310.2008056640625,310.73495175872034,309.07728896269776,309.8048192137979,47260400
2020-08-17,311.1861267089844,311.58211307766084,310.2099598864431,311.2137530113555,35481000
2020-08-18,311.85845947265625,312.28207221877597,309.9889762993076,311.5821682959095,38733900
2020-08-19,310.55987548828125,312.7516274630557,309.9981032669653,312.23591780968894,68054200
2020-08-20,311.52679443359375,312.0056596078708,308.7087997728297,308.8377131218765,42207800
2020-08-21,312.6319274902344,312.85293788001695,310.8545419255064,311.1953037485117,55106600
2020-08-24,315.7998962402344,315.87355700727335,312.604322979584,315.0631480494956,48588700
2020-08-25,316.9049377441406,316.9878166359839,315.20124113429597,316.3616018282348,38463400
2020-08-26,320.0821533203125,320.3491982017806,316.95105067989545,317.49438668215004,50790200
2020-08-27,320.7820129394531,322.2278548973866,319.1243787139967,320.94779884525434,58034100
2020-08-28,322.8541259765625,322.98306746973554,320.6163109514111,321.80429827876867,48588900
2020-08-31,321.6844482421875,323.51705800150273,321.454219755678,322.6422066152047,66099200
2020-09-01,324.71435546875,324.81564254170917,321.620069114732,322.51335702094957,54908700
2020-09-02,329.4109802246094,330.3779287745175,325.47865908576307,326.6206116646277,69540000
2020-09-03,318.0745544433594,328.19539204398836,315.4959779391516,327.72571683022153,148011100
2020-09-04,315.4775695800781,320.32155893623025,308.3865193279406,318.7560217314167,139156300
2020-09-08,306.8577575683594,315.5419982728342,306.5538683027617,310.0809566891278,114465300
2020-09-09,312.9174499511719,315.37627517454166,309.98892137932586,310.8545829924272,91462300
2020-09-10,307.4840393066406,315.4407229555937,306.5262807206502,314.78688177765224,90569500
2020-09-11,307.640625,310.32048895230275,304.8226295252226,309.2614431412323,84680200
2020-09-14,311.6926574707031,313.4608253569491,307.78798968967357,310.79936944297793,65605700
2020-09-15,313.2673645019531,314.97103311859536,311.70179927663685,314.1422160421619,52920900
2020-09-16,312.0241394042969,315.92880641145365,311.74784829653964,314.5014007189514,82096000
2020-09-17,309.27978515625,310.99269998077335,306.6551743743273,307.1801021515254,91523300
2020-09-18,305.71917724609375,310.19424068358853,303.2412544546544,310.0832931282361,105877900
2020-09-21,302.316650390625,302.4645898682485,297.4717524188794,301.142417821237,99450800
2020-09-22,305.3955078125,305.9502737084909,301.29027968535905,303.7959671425477,63612100
2020-09-23,298.3131408691406,306.22771947563723,297.8138486616711,305.9503223752341,93112200
2020-09-24,299.10821533203125,302.15938522189947,295.68718272630684,297.0001276478436,76681300
2020-09-25,303.9438781738281,304.72976588504673,297.3884651870098,298.2575635423611,71069400
2020-09-28,308.99224853515625,309.70418077413325,307.10605558287943,308.09538490645014,64584600
2020-09-29,307.30950927734375,309.5285451633514,306.6160587994306,308.78887594020625,51304000
2020-09-30,309.6394348144531,312.7830704632652,307.7809790212787,307.9751372004484,104081100
2020-10-01,311.62744140625,313.19924573478903,309.75050303213476,312.2284262441201,88698700
2020-10-02,308.6685791015625,311.5995746419569,306.2183938043288,306.68994901464,89431100
2020-10-05,314.1422424316406,314.32714558258357,310.67499091510314,310.7212096486976,45713100
2020-10-06,309.67645263671875,316.37057974539914,309.16793362544905,314.28097349200937,90128900
2020-10-07,315.06683349609375,315.87123130943417,312.59813807421335,312.6258749568608,56999600
2020-10-08,317.85919189453125,317.9239207082548,316.08394633419226,316.99932011187576,45242500
2020-10-09,320.69775390625,321.16005424971684,318.8855444605007,319.50501111946494,59528600
2020-10-12,325.8569641113281,327.32707559553944,322.7410647815939,323.2311019429976,80388500
2020-10-13,323.7304382324219,325.89400042178966,322.7688456316229,325.7183240365502,73255500
2020-10-14,321.6962890625,325.39469156684834,320.96587488382295,324.30366960004284,57727900
2020-10-15,321.2987060546875,321.7794882050628,317.25820597808996,317.7944619067174,60357700
2020-10-16,321.1044921875,324.30360178414776,320.9288158479538,322.6485591089017,89501900
2020-10-19,316.2226867675781,322.99074228284945,315.325822981665,322.3620205940744,68425600
2020-10-20,317.48931884765625,320.72542054305353,316.8051235185024,317.56327447111846,60051900
2020-10-21,316.8883056640625,319.6066331009399,316.5831717303874,317.4430433315355,63575000
2020-10-22,318.62664794921875,319.2091509309516,314.96523691392366,317.10106236922707,55399300
2020-10-23,319.7083740234375,319.9025322364598,317.258188232449,319.84705846131055,49143900
2020-10-26,313.8002014160156,317.1195140807674,310.31443920384794,316.33359795190205,91473000
2020-10-27,312.71844482421875,314.4751804824875,312.5057765086921,314.142337779827,65994100
2020-10-28,302.0299987792969,312.7461150486337,301.5399616493468,307.059827691063,127094300
2020-10-29,305.0996398925781,308.26175735299205,300.5783305446324,302.26110998803335,90597700
2020-10-30,301.9190673828125,304.8315534323046,298.27613900813606,303.5278632885841,120287300
2020-11-02,305.3031311035156,307.3002435800331,302.566292996373,305.3031311035156,86068300
2020-11-03,310.6935729980469,312.7461876866935,305.38637399387943,308.5300107397287,93294200
2020-11-04,317.6373291015625,321.7055664962755,313.9851450876126,315.1593778065313,126959700
2020-11-05,323.8320617675781,325.63504398286517,322.55610859572175,322.9074612913422,82039700
2020-11-06,323.75811767578125,325.0063340064699,321.4373613684711,323.5454494007083,74973000
2020-11-09,327.8262939453125,336.90587604645594,327.36399377580295,336.5267865214705,172304200
2020-11-10,327.3455505371094,328.39958037530033,324.0817120840673,326.8370033607283,85552000
2020-11-11,329.77728271484375,330.60016251209254,328.2886611922482,329.5276225136965,58649000
2020-11-12,326.5781555175781,329.8235125087104,324.7752013576145,328.76945432758134,67546200
2020-11-13,331.099365234375,331.8390341702382,327.9649567476339,328.4827306460504,62892200
2020-11-16,335.232421875,335.42658008620566,332.4771021299016,333.762310414162,74541100
2020-11-17,333.429443359375,334.63144099542336,331.3213552496351,332.8284586496354,66111000
2020-11-18,329.416748046875,334.2431650021247,329.37975611691144,333.69765395560677,70591300
2020-11-19,330.8035888671875,331.173423449706,327.44728430310664,328.7879664083773,59940900
2020-11-20,328.53839111328125,330.74820057774406,328.46443546429055,330.544787272298,70417300
2020-11-23,330.5077209472656,331.7651924296882,328.1130087910506,330.34129961206247,63230600
2020-11-24,335.8334045410156,336.37891546594994,332.1997312419318,333.0503479254816,62415900
2020-11-25,335.3156433105469,335.77794359169803,334.2246214190069,335.75020670349176,45330900
2020-11-27,336.24951171875,336.7210388362217,335.24167223686067,336.4066780190502,28514100
2020-11-30,334.7608947753906,335.74096916518056,332.08881368370197,335.47282708749947,83872700
2020-12-01,338.42230224609375,339.95714263167446,337.41449097572354,338.00624890506265,74231400
2020-12-02,339.1343078613281,339.29147418331377,336.7395953692992,337.31284330421136,45927000
2020-12-03,339.04180908203125,340.42871003443537,337.94153206913154,339.03255404637883,62882000
2020-12-04,341.96343994140625,341.96343994140625,339.53173654287355,339.62420221979386,50749900
2020-12-07,341.2607421875,341.7507792477723,339.99404421377153,341.19601339057107,48944300
2020-12-08,342.2593994140625,342.8233922079248,339.9478980295718,339.99411677063375,42458900
2020-12-09,339.18975830078125,343.0730641489794,338.3576233487797,342.91589783781166,74098300
2020-12-10,339.07879638671875,340.12357138803657,336.95219802540623,337.82132486772645,57735400
2020-12-11,338.68115234375,339.0879788216525,335.8703871356922,337.38671728522763,57698600
2020-12-14,337.16485595703125,341.9172883370529,336.98917958686485,340.84477647871296,69216200
2020-12-15,341.72314453125,341.72314453125,338.3298760097503,339.69826688785116,63865300
2020-12-16,342.2593994140625,343.17474493301853,341.05740176418556,341.93578357691985,58420500
2020-12-17,344.1733093261719,344.3767225815223,343.07303238358134,343.8959404400441,64119500
2020-12-18,342.799072265625,344.62830083764095,340.79341847573585,344.461170106029,136542300
2020-12-21,341.5733947753906,351.415944151772,336.1600082036477,338.8899235370573,96386700
2020-12-22,340.9976501464844,342.0097572148125,339.87412260631737,341.8983367429737,47949000
2020-12-23,341.30413818359375,343.20763766131074,340.9791428653168,341.96339496968784,46201400
2020-12-24,342.63189697265625,342.6597520909689,341.1926686317637,341.77762611632846,26457900
2020-12-28,345.5754089355469,345.96538061700096,344.5540073036612,345.17611443159626,39000400
2020-12-29,344.9161071777344,347.2746111341923,344.33112134700883,347.0981859364546,53680500
2020-12-30,345.4082946777344,346.4389909289521,345.0183229457008,345.7332900123292,49455300
2020-12-31,347.1631774902344,347.8874388872676,344.70254763729105,345.2132342407314,78520700
2021-01-04,342.43701171875,348.6211048320288,338.75069884953416,348.4910953504895,110210800
2021-01-05,344.79541015625,345.88181651795514,341.74979422078724,341.7962383123607,66426200
2021-01-06,346.8567199707031,350.0416393473608,342.743287286381,343.2911234562188,107997700
2021-01-07,352.01019287109375,352.7530149569909,349.04814233936133,349.22456754371,68766800
2021-01-08,354.0157470703125,354.2292934831822,350.1530109675615,353.39361178706486,71677200
2021-01-11,351.6294250488281,353.38435395902115,350.72873855239686,350.84945349576,51034700
2021-01-12,351.7037658691406,352.71587302635754,349.4659767403623,351.8152146876118,52547700
2021-01-13,352.65081787109375,353.6443358349037,350.8494449222503,351.62941645625875,45303600
2021-01-14,351.4158630371094,353.89508169750326,351.0816016465891,353.3936612748807,49989100
2021-01-15,348.8531494140625,350.5987841141442,346.99606590019863,349.80025180486865,107160000
2021-01-19,351.59234619140625,352.13091630295105,349.8281224423444,351.3045005009363,51233300
2021-01-20,356.45794677734375,357.2936287805517,353.4866015027723,353.87657321374,61836100
2021-01-21,356.78289794921875,357.44218304043847,355.86365062010475,357.0150334029827,47840100
2021-01-22,355.5200500488281,356.6807271719311,354.5543587480902,354.9350642448892,52860500
2021-01-25,356.9221496582031,357.2749716933398,351.4158759647186,356.2535985157263,70402000
2021-01-26,356.36505126953125,358.2778450349725,356.1329158287073,357.86928439217473,42665300
2021-01-27,347.6553649902344,353.1430508430368,345.4268701693278,353.05019098865546,123351100
2021-01-28,350.6452331542969,354.6379514307327,349.0295795422171,349.465966970764,94198100
2021-01-29,343.6255187988281,349.7539012035363,341.9541263228981,348.7882096621224,126765100
2021-02-01,349.3453063964844,350.37597423640665,343.91333096928156,347.0146573120808,75817600
2021-02-02,354.28515625,355.8358337158987,349.42890017127894,352.52093227928594,64450700
2021-02-03,354.5636291503906,356.2814368432758,353.2915316437675,355.1114653148641,52427100
2021-02-04,358.59356689453125,358.63998265068375,354.6751192898168,355.59436662167684,47142600
2021-02-05,360.00494384765625,360.7106447040377,358.54715471512554,360.45994861198795,48669800
2021-02-08,362.6048583984375,362.6512741525483,360.59920475972706,361.4534473259199,38365200
2021-02-09,362.3634948730469,362.9577753209079,361.3606820383457,361.7692144251859,35551100
2021-02-10,362.20556640625,364.24836966450124,359.8099410732521,364.09979957873327,59154400
2021-02-11,362.79058837890625,363.70056961850463,360.36710768462626,363.28271443963257,42913300
2021-02-12,364.5826721191406,364.82407372216704,361.91773330512245,361.9920325190132,50593300
2021-02-16,364.2669372558594,366.0033342269587,363.55197027023985,365.8083200461877,50972400
2021-02-17,364.3504943847656,364.60119044464864,361.5091306885375,362.5212660866274,52290600
2021-02-18,362.7998962402344,363.5427184335589,360.03283114692755,361.7506393479471,59712800
2021-02-19,362.1590881347656,364.3411666164825,361.7133779544017,364.0533209802604,83241000
2021-02-22,359.3735656738281,361.77848576262124,359.1042805920692,359.401420796986,67414200
2021-02-23,359.8099060058594,361.15630279532843,353.0315629822929,357.1728509983925,107284100
2021-02-24,363.77484130859375,364.2019909749651,357.7393191021612,358.7235712258007,72433900
2021-02-25,355.0093994140625,363.8769912428288,353.57017085547034,362.5120335653563,146670500
2021-02-26,353.18017578125,358.0271655270358,351.2024053803291,356.88507715052293,152701600
2021-03-01,361.7413024902344,362.9855734404292,353.37516012939244,358.03642977075657,105348800
2021-03-02,358.9185791015625,362.19633073939394,358.41715856200267,361.964195274004,79595300
2021-03-03,354.1643981933594,359.1877840030245,354.06224386816876,358.22212100889243,119940200
2021-03-04,349.78167724609375,356.5600204671109,345.30609935501286,353.97867561907805,183433000
2021-03-05,356.2164611816406,357.26571784913307,346.01179684391315,353.27297148908974,152039600
2021-03-08,354.4430236816406,359.97712560372787,354.1644724397162,357.17293919990277,123149200
2021-03-09,359.5035095214844,362.04770476168795,357.77640719038783,358.2778276525571,113633600
2021-03-10,361.7413024902344,363.431255369481,360.4320834867978,361.84345682354007,109899400
2021-03-11,365.4090576171875,367.3775617218999,363.7469598417814,364.201964598063,86245000
2021-03-12,365.9010925292969,366.04036809884565,363.24547721376643,364.05330385398946,64653600
2021-03-15,368.083251953125,368.343242519141,364.0162344057818,366.15186917399524,73427200
2021-03-16,367.6189270019531,369.4017110962296,366.84822156602263,368.69603871329787,73722500
2021-03-17,368.87255859375,369.6710910137919,365.19551232371896,366.33762904443535,97959300
2021-03-18,363.5054626464844,368.3710113870459,362.82761710169234,366.29108734592154,115349100
2021-03-19,362.83294677734375,364.77995178052817,360.66234252833834,363.205574280837,113624500
2021-03-22,365.7301940917969,367.1089472702704,363.2894509967949,363.34534370663016,73778600
2021-03-23,362.8515625,366.5406230570263,362.0690362260645,365.09668084256,90686600
2021-03-24,361.0069885253906,365.8791772373448,360.9604207531097,364.2489071923662,97588600
2021-03-25,363.0379333496094,363.8297562145069,357.6347344917859,359.57244319585334,116128600
2021-03-26,368.88824462890625,369.28881849367565,363.5875351124933,364.18373344592686,114409100
2021-03-29,368.7019348144531,369.60557150137186,365.9351320456119,367.4163456691813,108107600
2021-03-30,367.7237548828125,368.39449575639236,366.1307275395253,367.4349664373488,76262200
2021-03-31,369.2142028808594,370.769958683881,368.263998648555,368.29194499569184,112734200
2021-04-01,373.2015075683594,373.2574287119727,370.9377673643158,371.1427167920272,99682900
2021-04-05,378.55804443359375,379.0983784802134,375.7819453604423,375.8564594894642,91684800
2021-04-06,378.33447265625,379.3778410378448,377.663731778131,377.9991164320186,62021000
2021-04-07,378.77227783203125,379.11695894712534,377.710288137678,378.16675464905626,55836300
2021-04-08,380.5702209472656,380.6261136446718,379.08900760669604,380.02059046966957,57863100
2021-04-09,383.3370666503906,383.5047731912766,380.328071856803,380.4491821914655,61104600
2021-04-12,383.4768371582031,383.7469757570129,382.135355372954,382.74087863290447,56704900
2021-04-13,384.6132507324219,385.2374237005429,382.9923058018644,383.3742581510653,56551000
2021-04-14,383.2997741699219,385.63802778616787,382.75944019749284,384.5853346192152,61659900
2021-04-15,387.4173889160156,387.687555926274,385.38654494981597,385.433112724498,60229800
2021-04-16,388.71240234375,389.3179257179002,387.287081231819,388.7030774145645,82037300
2021-04-19,386.8026123046875,388.227933315343,385.4797802188034,387.78079162080644,78498500
2021-04-20,383.9705810546875,386.6907875184191,382.4986639809094,385.59152639170094,81851800
2021-04-21,387.603759765625,387.808709170284,383.2159832062883,383.35574340510965,66793000
2021-04-22,384.0636901855469,388.2651383615414,383.0017004125384,387.43604432459205,97582800
2021-04-23,388.2279357910156,389.6346353832558,384.5481995678462,384.6227137075241,73209200
2021-04-26,389.038330078125,389.60661044348035,388.29307511302295,388.87997690212677,52182400
2021-04-27,388.9545593261719,389.5321647196547,387.81802682554365,389.3365118024942,51303100
2021-04-28,388.8427429199219,390.342606350338,388.3769514146441,389.2246953658085,51238900
2021-04-29,391.32073974609375,391.9355879172904,387.9484139465216,391.56296041556226,78544300
2021-04-30,388.7496032714844,389.9047856090629,387.85529148566474,389.05704160482367,85527000
2021-05-03,389.5879821777344,391.11576335825885,389.09424437535307,390.7338109557142,68128300
2021-05-04,387.1845397949219,388.09750141176715,383.5048038327527,387.60376353614816,101591200
2021-05-05,387.3056640625,389.0570447951,386.74670853065714,388.82414902597037,60162200
2021-05-06,390.3984680175781,390.528874845266,385.3772223436678,387.3801199711882,74321400
2021-05-07,393.23980712890625,393.8919265936675,390.4823294392389,391.16239525650957,67733800
2021-05-10,389.34576416015625,393.8173507618117,389.2246538329622,393.5937799606252,81852400
2021-05-11,385.8709411621094,386.85841675179097,382.0048778519801,384.8368977997584,116888000
2021-05-12,377.6730041503906,384.36176214635805,376.3594689289566,383.09482312490945,134811000
2021-05-13,382.2098693847656,384.1382530041698,379.1728997288725,379.21949593633536,106394000
2021-05-14,388.078857421875,388.9266014154042,384.9114807136324,384.9394270681594,82201600
2021-05-17,387.0912780761719,387.9017789998937,385.07905579969406,386.97019619206054,65129200
2021-05-18,383.7563171386719,387.59443468838975,383.5979355139091,387.3522140021612,59810200
2021-05-19,382.75018310546875,382.9271861523255,377.5985301803542,379.0797721892408,106467100
2021-05-20,386.8678283691406,388.12547123922195,383.5048270266521,383.6259089486558,78022200
2021-05-21,386.551025390625,389.58799485674376,386.09455884988506,388.3489736323711,76578700
2021-05-24,390.49163818359375,391.56295289159766,388.544604797389,388.7868254622032,51376700
2021-05-25,389.6252746582031,391.9262858634761,389.0476977323679,391.57227976579446,57451400
2021-05-26,390.3984680175781,390.9015023339306,389.1780966451499,390.2121400584183,43088600
2021-05-27,390.6034851074219,391.9356421143981,390.3239931202354,391.42328278237954,56707700
2021-05-28,391.30218505859375,392.42939268320663,391.0692892765859,392.16855054454425,58520200
2021-06-01,390.9574890136719,393.79880607447905,390.5196438229263,393.6590742965092,54216600
2021-06-02,391.5722351074219,392.41068247668926,390.6034093428114,391.60950638441597,49097100
2021-06-03,390.118896484375,391.25542857219557,387.79926454327256,389.26185627827056,58138800
2021-06-04,393.68701171875,393.985125124761,390.1842502722685,391.9635773504691,55938800
2021-06-07,393.3050842285156,393.8547148640748,392.3735010978064,393.67771179486715,51555000
2021-06-08,393.3887939453125,394.2551591488768,391.5628995698148,394.1619951805077,47134300
2021-06-09,392.8019104003906,394.301773600504,392.57833960967673,394.22723105049744,48436300
2021-06-10,394.6278991699219,395.5781321168516,392.70884027859677,394.0223758472598,51020100
2021-06-11,395.2799377441406,395.39172314331665,393.89188832161483,395.17747727144723,45570800
2021-06-14,396.1650085449219,396.26746903201445,394.1527857880061,395.3917787091995,42358500
2021-06-15,395.4383544921875,396.3512876197017,394.56266421460623,396.3140447697688,51508500
2021-06-16,393.2304992675781,395.8016775286566,391.19035858653814,395.5781066988787,80386100
2021-06-17,393.1000671386719,394.0782178856841,390.63137795315737,392.82060361942723,90949700
2021-06-18,387.79693603515625,390.5166859456781,387.5913161649363,389.8250684379665,118676300
2021-06-21,393.3486633300781,393.53560087943845,388.7409408172673,389.5540649639203,72822000
2021-06-22,395.45159912109375,396.28343417143736,392.61966911686017,393.339353041914,57700300
2021-06-23,394.9749755859375,396.33017311106846,394.8908622379778,395.52640432656335,49445400
2021-06-24,397.31158447265625,397.7321512462469,396.86295139148933,397.115319978314,45110300
2021-06-25,398.72283935546875,399.17147241602134,397.73213297075046,398.05925946140326,58129500
2021-06-28,399.5265808105469,399.6948074887242,398.0498768754374,399.2462030135846,53159600
2021-06-29,399.74163818359375,400.5454070483023,399.2088917373543,399.9098648962996,35970500
2021-06-30,400.0780334472656,400.7509687229313,399.2555538300446,399.2835916114196,64827900
2021-07-01,402.2930908203125,402.4519905914438,400.76963819499144,400.83506919032,53441000
2021-07-02,405.36810302734375,405.72326732240344,402.3772728272661,403.4521211484216,57697700
2021-07-06,404.6296691894531,405.63908633581775,401.90056347036705,405.42411100289456,68710400
2021-07-07,406.0596618652344,406.34006819983387,403.3025183056718,405.3119686849688,63549500
2021-07-08,402.7510070800781,403.5080555398632,399.57324040832856,400.75088402251015,97595200
2021-07-09,407.0503845214844,407.349473214676,402.55481277928465,404.25584763381096,76238600
2021-07-12,408.5083923339844,408.76076088893643,406.5363351584208,406.9662573135737,52889600
2021-07-13,407.1158447265625,409.21876411942253,406.85414923191337,407.7233490688548,52911300
2021-07-14,407.7232971191406,409.29349840963926,406.4802508086064,408.8074721795963,64130400
2021-07-15,406.3306884765625,407.0596992666777,404.43338933545084,406.38676403559714,55126400
2021-07-16,403.14361572265625,407.555073909898,402.75108678868395,407.5083537824567,75874700
2021-07-19,397.1900939941406,403.209119261047,394.3862012992217,398.3303448309812,147987000
2021-07-20,402.8819580078125,404.1530707517098,397.0591977452092,397.8536396448114,99608200
2021-07-21,406.14373779296875,406.2839552086843,402.8351658262947,404.078212041571,64724400
2021-07-22,406.99432373046875,407.23733686784163,405.34003746820474,406.3213884076943,47878500
2021-07-23,411.18145751953125,411.5179109011736,408.2373763394922,408.91963853760046,63766600
2021-07-26,412.19085693359375,412.20021236866125,410.5459261537889,410.5926462837905,43719200
2021-07-27,410.312255859375,411.1814556139232,407.48965273178777,411.15341783224966,67397100
2021-07-28,410.1439514160156,411.51785959844165,408.72332311063053,410.93839316496434,52472400
2021-07-29,411.84503173828125,412.91985138960683,411.05994533585215,411.0693007705477,47435300
2021-07-30,409.844970703125,411.29363706752343,409.15332449973266,409.2841865056366,68951200
2021-08-02,408.985107421875,412.1067710167303,408.6299431376853,411.5553422417352,58783300
2021-08-03,412.31231689453125,412.43382344600275,407.59244339115173,409.7794757496443,58053900
2021-08-04,410.2842102050781,412.2843051456388,410.0505525213927,411.0319033838049,46732200
2021-08-05,412.8824768066406,412.96659014888616,411.12536648595767,411.4431375086628,38969700
2021-08-06,413.5647888183594,413.9853841029397,412.91989126076,413.20029762470335,46930000
2021-08-09,413.2283020019531,413.8544886377314,412.4618979342041,413.53671760242094,41222600
2021-08-10,413.7423400878906,414.4526685963435,412.9946468851688,413.67690908891893,43339300
2021-08-11,414.77044677734375,414.8639155599606,413.6862716488568,414.80783999492405,44034300
2021-08-12,416.01348876953125,416.15370620330873,413.72366049428854,414.62089804805976,38909400
2021-08-13,416.77056884765625,416.7892511950456,415.9761269822574,416.46212471839107,39470300
2021-08-16,417.7519226074219,417.8827560853764,413.91993068902,415.47142121296486,73740000
2021-08-17,415.0134582519531,415.87330259419554,412.03198379117543,415.2003672937734,92673900
2021-08-18,410.4711608886719,415.5649103189403,410.22817626839674,414.00406428357036,89351900
2021-08-19,411.10662841796875,412.30298304453,407.6111188768107,407.7513077712783,92812200
2021-08-20,414.37786865234375,414.7049951138694,410.96647217681397,411.4524984131377,72008700
2021-08-23,418.0229797363281,418.92957275106846,414.4526832434195,416.0602493564847,54973000
2021-08-24,418.6865234375,419.21926979163254,418.1724879522138,418.6865234375,38744700
2021-08-25,419.5650329589844,420.0790683883611,418.4995403666085,418.8734154308783,40529700
2021-08-26,417.0882873535156,419.5183042507706,416.9948185830064,419.2846465858296,57829600
2021-08-27,420.81744384765625,421.1912903975135,417.83596983708355,417.89204539342893,77235100
2021-08-30,422.66802978515625,423.45311610967644,421.2473729404078,421.49038603704406,48357400
2021-08-31,422.0418395996094,422.9110393113264,421.44369077915854,422.57458594782264,59300200
2021-09-01,422.26611328125,423.49047714229727,422.03245562039876,422.97644169749003,48721400
2021-09-02,423.5653076171875,424.36907636322894,422.3689814101181,423.686814177093,42501000
2021-09-03,423.4625244140625,423.97658848478034,422.032540383355,422.43445331796556,47170500
2021-09-07,421.9483337402344,423.2100907878115,421.2753985497041,423.11662202083113,51671500
2021-09-08,421.43438720703125,422.14471575872943,419.51837690907405,421.4157048587594,56181900
2021-09-09,419.6304626464844,422.98578312246457,419.387449559995,421.2380284408069,57970400
2021-09-10,416.3218994140625,421.9764037145198,416.2003928599835,421.5558370150139,89948200
2021-09-13,417.38739013671875,419.57445120398825,415.07885103030503,419.31275573342043,83738600
2021-09-14,415.13494873046875,419.03234294728094,414.2470381175579,418.82672304337876,78197100
2021-09-15,418.6023864746094,419.09773958576324,414.4526240434599,415.55548138185304,78792200
2021-09-16,417.9388427734375,419.0510271190857,414.99473310868217,418.07903168064803,77786700
2021-09-17,413.8677062988281,417.59007902636665,413.5114041887088,417.1681649070518,118425000
2021-09-20,406.966796875,409.3296017705494,402.10987722418974,407.7543985068498,166445500
2021-09-21,406.5823059082031,410.59533949300106,406.0572382327374,409.30141250201683,92526100
2021-09-22,410.54852294921875,412.5831820579313,406.69489742536064,408.8514237643601,102350100
2021-09-23,415.5366516113281,417.14001100580157,412.17996661282217,412.4143728690153,76396000
2021-09-24,416.2210998535156,416.9337039803391,413.6895010133059,413.90516505538227,62094800
2021-09-27,415.03033447265625,416.3523605127942,414.33647253059087,415.18971469523467,61371100
2021-09-28,406.666748046875,412.5925453791143,405.93540163406385,412.2643708805607,130436300
2021-09-29,407.3511657714844,409.77961092728947,406.78858508585967,408.0449990691309,82329200
2021-09-30,402.3724365234375,409.5264917761639,402.0348766187246,408.8232729732289,140506000
2021-10-01,407.1542663574219,408.8326231008619,400.58153463739126,404.0976283486504,129240100
2021-10-04,401.9035949707031,406.89173823936943,399.7657824946463,405.9916262485337,128570000
2021-10-05,406.0853576660156,408.3262663404989,402.6067772325321,403.4037355215152,90682500
2021-10-06,407.7731018066406,407.97938044868795,400.8721956255004,402.49426854273986,113032200
2021-10-07,411.298583984375,414.13020116989895,410.86728449835147,411.0454355366307,72437500
2021-10-08,410.54852294921875,412.45192941991166,409.92033014017494,412.06749968548957,74557400
2021-10-11,407.5762634277344,412.79884218436496,407.5106228023292,409.89219860577384,65233300
2021-10-12,406.5729064941406,408.89822655825884,405.78530500807835,408.4950547167105,71181200
2021-10-13,408.03558349609375,408.8513125536215,404.6226438533049,407.5948986632403,72974000
2021-10-14,414.8990783691406,415.04910180856405,411.2235756383798,411.6923881563111,70236800
2021-10-15,418.05889892578125,418.42458644967,416.38992739167634,417.00876339160925,66260200
2021-10-18,419.2965087890625,419.6340400404351,415.621006350095,416.27735526871015,62213200
2021-10-19,422.5313720703125,422.59698407803893,420.30917663549167,420.9186558175996,46996800
2021-10-20,424.19091796875,424.4909648278342,422.878248727811,422.99075914645675,49571600
2021-10-21,425.2973327636719,425.5223536137635,423.1595488456662,423.5908483463569,41305400
2021-10-22,424.856689453125,426.3100255563803,422.91579858892055,424.8660748608127,58845100
2021-10-25,427.13507080078125,427.46324528395957,424.1722008875209,425.9442973142117,45214500
2021-10-26,427.5194396972656,429.89162954029996,427.14439546156063,428.68211402620443,56075100
2021-10-27,425.6255187988281,428.6446726137015,425.5504927707311,427.9789668380812,72438000
2021-10-28,429.732177734375,429.8071751234043,427.04119930863163,427.0505560984877,51437900
2021-10-29,430.6042785644531,430.8949400235168,427.14444004690756,427.43510150597126,70162400
2021-11-01,431.3449401855469,431.96377601475064,429.6197139105118,431.5887031868409,48433600
2021-11-02,433.0889892578125,433.398421537022,431.38250486096626,431.51378609797507,48908400
2021-11-03,435.7330627441406,436.1362346004919,432.0856879971298,432.5263728629684,52509800
2021-11-04,437.7864685058594,437.87085131761023,435.9862160130472,436.33313266603705,52847100
2021-11-05,439.305419921875,441.29318025230174,437.79585747597196,440.00863863956613,66390600
2021-11-08,439.6803894042969,440.89931880941424,438.9959416151373,440.40237881132333,50405200
2021-11-09,438.22723388671875,440.28063519202976,436.8207962043988,440.0462289116431,51149100
2021-11-10,434.70166015625,438.2271390064617,433.2202253751318,436.53939698466087,69429700
2021-11-11,434.8423156738281,436.2675239203641,434.8235734757579,436.1924978999976,34848500
2021-11-12,438.1240234375,438.6772187538003,435.1611250038921,436.1081354103615,53466700
2021-11-15,438.2740783691406,439.56800554034606,437.14894545673525,439.40862530276064,46980500
2021-11-16,440.00860595703125,441.1431240587056,437.93646296807935,438.0114603688836,48857500
2021-11-17,438.93975830078125,439.9242530537252,438.32092239942926,439.74610202390977,47858300
2021-11-18,440.4305725097656,440.6931063478928,437.25201023461375,439.9711168325113,50625600
2021-11-19,439.6429138183594,441.5650332460222,439.2772264052899,440.31797621657034,57315600
2021-11-22,438.4053039550781,444.00292604113224,438.1990253218852,441.518225650883,72762000
2021-11-23,438.9866638183594,439.8399060268832,435.4799553727706,438.0771663973215,73206500
2021-11-24,440.15863037109375,440.28052618496287,436.17372459112534,436.98945366666055,61858800
2021-11-26,430.3418273925781,434.96431263450035,429.2166657377995,433.5016196517179,112669600
2021-11-29,435.62054443359375,437.45828126856935,432.9295654860119,435.12360436955294,86268800
2021-11-30,427.14447021484375,435.0861556207731,426.9006785426518,433.18277789277585,148559600
2021-12-01,422.4000244140625,435.68618205628803,422.2031311937479,432.8451797070104,131939200
2021-12-02,428.8696594238281,430.43550572803196,422.22190176024696,422.6157168413784,127637800
2021-12-03,425.1379089355469,431.58874442702455,420.9185967447433,430.5292522904625,137331600
2021-12-06,430.1729736328125,432.0482235973753,425.2691846744251,427.6788877462588,98977500
2021-12-07,439.0710144042969,439.633595102183,430.0416814760553,435.4424103932935,95484700
2021-12-08,440.233642578125,440.68371284123066,437.71142925167635,439.46481188962696,72238800
2021-12-09,437.2614440917969,440.3368530852221,437.06455084489505,438.9491577219033,61272600
2021-12-10,441.37762451171875,441.52764795939703,437.41148870477724,439.9618300872147,77159800
2021-12-13,437.46771240234375,441.2088270752524,437.18640772794674,440.86191039613635,87724700
2021-12-14,434.4579162597656,436.6894683893485,431.5419161774256,434.20476780499797,97264100
2021-12-15,441.2463073730469,441.49007040259744,432.00131048296834,434.51416709666717,116899300
2021-12-16,437.35516357421875,443.37469964954175,435.8080595359977,443.09342361388826,116568600
2021-12-17,432.7004699707031,437.2827414785998,430.9974086651927,434.28120719660683,135511600
2021-12-20,428.0993957519531,428.4945657060667,424.4862697414786,427.62893618734074,107134800
2021-12-21,435.7020263671875,435.84315849906136,429.35082200169626,431.51492459595994,69806300
2021-12-22,440.0584411621094,440.17134685592566,435.25032979357655,435.44794347232624,58890200
2021-12-23,442.7965087890625,444.2925666264492,440.9523154989883,441.0558028110541,56439700
2021-12-27,449.06304931640625,449.11008378457836,444.12322414632985,444.17025861450196,56808600
2021-12-28,448.6960754394531,450.52146074512336,447.9339332846144,449.4958623974338,47274600
2021-12-29,449.27008056640625,450.28626060152465,447.8022490075834,448.7996209971791,54503000
2021-12-30,448.028076171875,450.70028317333333,447.5670349664784,449.693492768275,55329000
2021-12-31,446.89892578125,448.68666632067624,446.6260799179109,447.5387725895835,65237400
2022-01-03,449.4864196777344,449.6181621243115,445.8544860219246,448.15972040589463,72668200
2022-01-04,449.3359069824219,451.6223622300133,447.4822951975026,450.9072545217483,71178700
2022-01-05,440.7076416015625,449.7404696581306,440.61354395954817,448.9689091940095,104538900
2022-01-06,440.2936706542969,443.0035221624816,437.9319546066855,440.2466361867598,86858900
2022-01-07,438.5530090332031,441.4792825603523,437.1980831419466,440.30313360714865,85111600
2022-01-10,438.0072937011719,438.2236867337772,429.6237004184561,435.36331312046167,119362000
2022-01-11,441.99676513671875,442.0908627934465,434.751676287286,437.7438209696161,74303100
2022-01-12,443.1917724609375,445.24299823820036,441.23467306567045,443.72810332210804,67605400
2022-01-13,437.08514404296875,444.9418241930247,436.05954567988096,444.29258772329274,91173100
2022-01-14,437.26385498046875,437.6119903971506,432.7286187563213,433.94241224020107,95890900
2022-01-18,429.5201110839844,432.7851012078921,428.40983354006795,432.5780978764357,109709100
2022-01-19,425.0602111816406,432.45582165960354,424.7873365975809,431.0632797435182,109357600
2022-01-20,420.3555908203125,431.6372011815895,418.2385229314581,426.94202425230395,122379700
2022-01-21,412.10382080078125,421.58827414534477,412.07559437204594,419.2359760354794,202271200
2022-01-24,413.8538818359375,414.36198622480896,395.90115681307793,406.5053054589265,251783900
2022-01-25,408.80108642578125,413.7409112645625,401.9135523304981,407.47438716618876,167997300
2022-01-26,407.7755432128906,417.80574473347866,403.5225703047687,414.6818862839636,186391100
2022-01-27,405.7619323730469,415.50045053402,404.0777079047049,412.3672026513168,149878300
2022-01-28,415.83917236328125,415.88620682845203,402.54398201671927,407.1168346707988,164457400
2022-01-31,423.32891845703125,423.677053931945,413.82562974282484,415.17113717300543,152251400
2022-02-01,426.18927001953125,426.82908804425705,420.53433767425685,424.05336552481776,123155400
2022-02-02,430.3293151855469,431.0538124863708,426.2833462117449,428.58860927324656,117361000
2022-02-03,420.2145080566406,426.208158589354,419.37707621036856,424.30751219871513,118024400
2022-02-04,422.19036865234375,426.0293055549054,417.6080689818472,419.9792032496543,118454400
2022-02-07,420.83551025390625,424.3451203230606,419.5088108002381,422.95257835164983,84472900
2022-02-08,424.29803466796875,425.2201456654425,418.91597660458353,420.33677354523064,81012000
2022-02-09,430.5080871582031,430.82799617234946,428.1275632375704,428.32514818742595,92589900
2022-02-10,422.7737731933594,430.66806944150386,420.7790293131962,424.67441942143387,140103700
2022-02-11,414.4371643066406,424.9284051506269,413.00697779975184,422.85840063128,153214600
2022-02-14,413.0823059082031,415.50989334254666,409.61973040303707,413.9291560964369,123006300
2022-02-15,419.74407958984375,419.91343816190164,416.99658276885077,417.5141055806852,88482700
2022-02-16,420.2145080566406,421.5882420080019,415.8298212683436,417.7022412323989,84863600
2022-02-17,411.2380676269531,420.18621676202645,410.63589438127366,417.03413227878895,102259100
2022-02-18,408.5752868652344,412.74355133918664,406.30766852315804,411.49211293034836,132642900
2022-02-22,404.1906433105469,409.7702869392554,400.6998126141375,406.37358261467153,124391800
2022-02-23,397.0207824707031,407.66257403498787,396.4562253293039,407.09801689358864,132578000
2022-02-24,402.99560546875,403.4284488931798,386.3790008159794,386.7365259239518,213942900
2022-02-25,411.8873596191406,411.97203889724267,402.5816554040874,404.2282639234101,121804500
2022-02-28,410.83349609375,412.3107459178309,405.25385292778066,406.5052626502716,145615000
2022-03-01,404.576416015625,411.3416268267393,401.8759540045587,409.3374644946176,137785900
2022-03-02,412.0190734863281,413.740942784039,406.0724579549326,406.8251817399771,117726500
2022-03-03,409.9678649902344,415.0488225356622,408.1707060110163,414.44664922565886,105501700
2022-03-04,406.6369934082031,407.76607902539786,402.600442693899,406.2417947777143,113978200
2022-03-07,394.6496887207031,406.7593128666358,394.5838174926232,406.0536235461076,137896600
2022-03-08,391.65753173828125,401.9699958852327,390.5942886794115,394.82842415766316,164772700
2022-03-09,402.15826416015625,404.13420015154503,397.8394486342406,400.02238799071915,116990800
2022-03-10,400.3422546386719,401.2361105228519,395.6000145047704,397.55711352812676,93972700
2022-03-11,395.25189208984375,403.4378710075181,394.7437877372273,402.82627933719436,95636300
2022-03-14,392.36322021484375,399.4671471285895,391.2247162730047,396.02340888185535,95729200
2022-03-15,400.9914855957031,401.62188528128036,393.69936293232934,394.9695806826798,106219100
2022-03-16,409.8831481933594,409.939601038674,399.7023972745846,404.49170046381727,144954800
2022-03-17,415.01116943359375,415.01116943359375,407.596722776026,407.9730846505351,102676900
2022-03-18,419.5567321777344,419.87763507524926,412.66669551110175,413.4028912886427,106345500
2022-03-21,419.43402099609375,421.3877523283893,415.93234592986585,419.3868116069883,88349800
2022-03-22,424.34197998046875,425.27637447242336,420.8214384644653,420.8214384644653,74650400
2022-03-23,418.87713623046875,423.303758234989,418.79219389310117,421.8125003060186,79426100
2022-03-24,425.1914367675781,425.200884406194,419.7832397355188,420.8969665486931,64736900
2022-03-25,427.26788330078125,427.54160557531713,423.24710673053914,425.8238060374059,77101300
2022-03-28,430.3071594238281,430.3071594238281,424.78567604159133,426.6733606985077,68529800
2022-03-29,435.6302795410156,436.12109583341436,431.5056944584846,434.1862023802521,86581500
2022-03-30,432.94049072265625,435.30009656090095,430.83571194558033,434.48837717457803,79666900
2022-03-31,426.2768859863281,432.9970375414447,425.823831381212,432.17589947274035,121699900
2022-04-01,427.4849853515625,427.99463935727147,423.9172632927216,427.8530688001301,89048800
2022-04-04,431.1470642089844,431.25090181901925,426.86204176947047,427.68317979634264,59601000
2022-04-05,425.701171875,432.1192876988634,424.5591308094842,429.6558732347616,74214500
2022-04-06,421.4443664550781,423.71902938512,418.5656595556562,421.793612229182,106898000
2022-04-07,423.5680847167969,425.3802745470558,418.62236044413095,420.5666732140926,78097200
2022-04-08,422.43548583984375,425.3236408416978,420.8970183524694,422.8130169818533,79272700
2022-04-11,415.21502685546875,420.0097320215141,414.7147916975716,419.16969873165914,89770500
2022-04-12,413.6766052246094,420.71765996000386,412.12869019333453,418.19758861647455,84363600
2022-04-13,418.4147033691406,419.16976564370555,413.25188513631514,413.4312174671857,74070400
2022-04-14,413.2046203613281,419.7548865120772,413.1007827575576,418.64113099890267,97869500
2022-04-18,413.37457275390625,415.05461073103595,411.1470901663332,412.2797123367979,66002500
2022-04-19,420.0474548339844,420.76475517269427,413.1007626849386,413.2706473332826,77821000
2022-04-20,419.7360534667969,422.4354571159878,418.5751460041488,421.8219654514646,65224400
2022-04-21,413.4595031738281,424.73842874926703,412.55342274585064,423.3509795921558,85417300
2022-04-22,402.114501953125,413.47834025677906,401.5481909244776,412.3740611145033,132471800
2022-04-25,404.44580078125,404.6156854519276,395.31883470061024,399.87760832355883,119647700
2022-04-26,392.732666015625,402.1144578967915,392.70435190748356,401.91623033602906,103996300
2022-04-27,393.8370361328125,399.1697677643689,391.7039722839688,393.8087220181219,122030000
2022-04-28,403.78509521484375,405.51234242525084,394.14847523083597,398.57509707971343,105449100
2022-04-29,388.8629150390625,401.9539993420894,388.117271772839,399.8020406731504,145491100
2022-05-02,391.2037353515625,392.56287045835074,382.2749671742883,388.929072135393,158312500
2022-05-03,392.9970397949219,395.4038260055901,390.14661777180356,391.7039805238848,100028200
2022-05-04,404.9649353027344,405.53124638806986,390.4769516548114,393.65769528593023,144247900
2022-05-05,390.5712585449219,401.1328529057298,386.4466735836477,400.7081124811443,172929100
2022-05-06,388.2400207519531,391.50570647733946,382.9450801949944,388.01350785652954,151770800
2022-05-09,375.8096618652344,383.5869123846669,374.23343271582064,382.3504814055953,155586100
2022-05-10,376.67791748046875,383.27536414376215,372.6477223262594,381.77465875186067,132497200
2022-05-11,370.6939392089844,381.3499232731987,369.9482959765825,375.7151854766745,142361000
2022-05-12,370.3070068359375,373.57269244374504,363.5207798183708,367.5037946408941,125090800
2022-05-13,379.1602783203125,380.53827982576547,373.3933876739787,374.43161982347493,104174400
2022-05-16,377.621826171875,381.2839385536254,375.27166828724563,377.5180173546355,78622400
2022-05-17,385.3896484375,385.62560898408395,379.9719747013643,383.70016285890136,83029700
2022-05-18,369.85400390625,381.12348248197793,368.6175728842904,380.84034133335325,117674500
2022-05-19,367.5887451171875,372.0059481432004,365.3707103676318,366.7959211904098,98510700
2022-05-20,367.7492370605469,374.7336635050742,359.1697150107811,371.1659411793916,131432200
2022-05-23,374.6297912597656,375.39430099984236,368.45705631787473,370.7694520093487,76414900
2022-05-24,371.77001953125,372.95924112163084,365.22917116715337,370.5146932699092,91448800
2022-05-25,375.0545959472656,377.0178039870792,369.8823587734453,370.2787563943249,91472900
2022-05-26,382.5487060546875,384.1815635422074,376.07396194375553,376.2816083941698,82168300
2022-05-27,391.93994140625,392.0531978674875,384.8044963104918,385.0026951176574,84768700
2022-05-31,389.7407531738281,393.0725149914447,387.00361655148845,390.3259307298854,95937000
2022-06-01,386.5882873535156,392.86483164009155,384.0776638781302,391.8549424707136,86585800
2022-06-02,393.95025634765625,393.9974369297573,384.1814851394755,386.4278338799512,79609600
2022-06-03,387.48492431640625,390.78837150030967,386.512768154437,389.24045670832646,71874300
2022-06-06,388.664794921875,393.21409252066996,387.49441098526677,391.48687393580764,57508900
2022-06-07,392.3929138183594,392.8459684053957,384.7194727728496,385.1819749982957,59272400
2022-06-08,388.12677001953125,392.4684496696644,387.333946070098,390.6845741806073,64350000
2022-06-09,378.8959655761719,388.6175274447086,378.8959655761719,386.352312221375,86289800
2022-06-10,367.90966796875,373.55385453962793,367.86248738155257,372.70440234363315,132893900
2022-06-13,353.9408264160156,360.3683895194282,352.3362831480851,358.5184668650851,170004900
2022-06-14,352.8742980957031,356.7157429736958,349.77849666174114,355.68695837561785,104011800
2022-06-15,357.90496826171875,362.34100925128496,351.2225494582893,356.1682732930812,125666800
2022-06-16,346.05975341796875,350.1088447146559,343.63407193506487,349.70299946215493,134473300
2022-06-17,346.8057861328125,350.1424810150499,343.3079900767023,346.47403747740344,111113900
2022-06-21,355.53607177734375,356.9200257502837,352.44584583713896,352.52169557516805,76811900
2022-06-22,354.8915710449219,358.9960494687862,350.9008093965039,351.3178962620308,90059400
2022-06-23,358.370361328125,359.1002487608876,353.46963484148904,357.0243321478926,79292100
2022-06-24,369.7643737792969,369.7738622299875,361.5080041964566,361.53644062032527,98050300
2022-06-27,368.3519592285156,370.9776852889989,367.2618578134948,370.683832618729,66009600
2022-06-28,360.82550048828125,372.68398100101825,360.71175479299797,369.90658420443964,86548900
2022-06-29,360.5317077636719,362.36118549956745,358.71171848002905,361.37537002434766,65676000
2022-06-30,357.6025695800781,360.834977987892,353.156825579061,356.64516179349505,112508300
2022-07-01,361.384765625,361.8208293565842,354.33224330989844,356.94850998659183,74839700
2022-07-05,362.0672302246094,362.0862071237408,353.4790840960441,356.30389388763615,81438000
2022-07-06,363.29010009765625,365.7736442291068,359.8302001680812,362.2094581257224,70426200
2022-07-07,368.7311096191406,369.52735833895935,363.3090102076316,365.06266665246835,64525900
2022-07-08,368.4278259277344,370.2952282014979,365.5745794315864,367.10071569720793,72397800
2022-07-11,364.2190246582031,366.7215164411496,363.5270331899998,365.7546492181339,58366900
2022-07-12,360.99609375,366.0485198112267,359.251925711996,363.6692331147653,62219200
2022-07-13,359.1002502441406,362.02934629353234,355.14744302288534,355.56452982281553,84224600
2022-07-14,358.2281799316406,359.3087928722651,351.715979081912,354.1521096552973,89704800
2022-07-15,365.0721435546875,365.1858892356065,360.7211976903377,362.62649570213034,79060400
2022-07-18,362.05780029296875,368.82592927824663,360.83497625525047,368.1529146526756,63203600
2022-07-19,371.84027099609375,372.4090283274704,365.31861090466685,365.97264856832055,78506000
2022-07-20,374.2099914550781,375.62241050509095,370.664783479304,372.0297892200906,71843800
2022-07-21,378.0207824707031,378.0681668690259,371.233676151968,373.6319110568227,64903900
2022-07-22,374.51348876953125,379.33839525665286,372.2953607472214,378.144036431228,72197300
2022-07-25,374.9683837890625,375.82150523542174,372.7312795602707,375.139002292695,53631500
2022-07-26,370.53216552734375,373.53705331768873,369.6411191276845,373.3285099278068,52946400
2022-07-27,380.1535339355469,381.8977018374365,373.52755888438156,373.8214115297532,82342100
2022-07-28,384.9215393066406,385.61350177770953,377.4140068493156,380.9592441702565,73966600
2022-07-29,390.5332946777344,391.51913892921795,385.58515437514285,386.3529667558723,87003700
2022-08-01,389.3768005371094,391.8793213752261,387.1302364241008,387.8411758992656,69997500
2022-08-02,386.8080139160156,391.4907383794108,385.63260303844,387.81280623295083,63435400
2022-08-03,392.8651123046875,394.03103437189844,388.64686041910363,388.93122459935086,67820600
2022-08-04,392.5997314453125,393.4718009620609,390.9598207163616,392.78929793981433,45656600
2022-08-05,391.9361877441406,392.5807659148732,388.26774474140564,388.3246175842232,56814900
2022-08-08,391.48114013671875,395.8700106498597,390.3815503961838,393.6234467801919,53886100
2022-08-09,389.9266052246094,391.25368644325886,388.8554517997777,390.7512903773344,44931800
2022-08-10,398.1166076660156,398.258818700046,395.01692204612334,396.96963344138766,68665700
2022-08-11,398.1166076660156,402.8183081055924,397.3772317875,400.96036549541424,59489700
2022-08-12,404.85626220703125,404.96051942476663,399.10238620203563,400.05030532266636,61694500
2022-08-15,406.5246276855469,407.04600061972724,402.5907686609456,402.64764150057266,54048300
2022-08-16,407.3209533691406,409.24522847882577,404.64781387838514,405.45355110579476,59289000
2022-08-17,404.4297180175781,407.13129350400095,402.4296224053403,403.7282670715911,63563400
2022-08-18,405.6051940917969,406.28766820146114,403.33965312992564,404.628809463559,49023200
2022-08-19,400.1546325683594,403.1121358999802,399.2825341593999,402.8467196760706,68016900
2022-08-22,391.82244873046875,395.5003802457015,390.9219138235221,395.3297327861423,77695600
2022-08-23,390.87451171875,393.7846307828097,390.3247023494631,391.39585573923233,49105200
2022-08-24,392.1257629394531,393.49074002484474,389.9645082393007,390.64698231789686,49177800
2022-08-25,397.66162109375,397.70900548583626,392.5238859364247,393.6139873082117,50942300
2022-08-26,384.2012023925781,398.0882155528186,384.1443295439162,397.5479234905298,103087000
2022-08-29,381.6607666015625,384.70357956798847,380.30524889484775,381.2531682301508,65370800
2022-08-30,377.470947265625,383.0542059895712,375.3760536519589,382.8172261577202,85652400
2022-08-31,374.5987854003906,380.343174709191,374.4660917256927,379.10140259668094,76029700
2022-09-01,375.77423095703125,376.1154680642841,369.7265004007181,372.42807654595646,78740100
2022-09-02,371.8118896484375,380.6465052435593,370.00136015495065,379.4331695900639,99632100
2022-09-06,370.408935546875,373.5939303427136,368.19080797230174,372.6554995418325,76637400
2022-09-07,377.0633239746094,377.8311362647998,369.8781086762223,370.0961115930664,70964200
2022-09-08,379.5279235839844,379.98290632149366,373.59393967123003,374.79781566335777,80821700
2022-09-09,385.4239807128906,386.28659071940456,381.4995810521483,381.7649972904449,76706900
2022-09-12,389.5663757324219,390.2868036201907,387.1870891554379,387.49043025851944,69256300
2022-09-13,372.6270751953125,382.10626800654813,371.5085373863549,380.90239200547273,122947100
2022-09-14,374.0489807128906,375.5656574561683,370.75021096587693,373.9257465690702,85023700
2022-09-15,369.80224609375,375.3380909362644,368.53203779447915,372.4943332407687,87633800
2022-09-16,366.9810485839844,367.6378019325583,363.69728184111455,365.6294902775206,103084800
2022-09-19,369.82696533203125,369.82696533203125,363.76392058262684,363.84008189633505,73278500
2022-09-20,365.5819091796875,367.51408871168167,362.83118428153335,366.5051690967704,77274900
2022-09-21,359.204833984375,370.5504322147043,359.1953065563563,367.50461804644806,106746600
2022-09-22,356.18756103515625,360.0709463739704,355.4451478506608,358.4338263970015,89472600
2022-09-23,350.2197265625,352.76105188849385,345.7842729569001,352.7229712221048,122346900
2022-09-26,346.75506591796875,352.3707580104209,345.53674617910787,348.7538794551558,92581200
2022-09-27,345.8698425292969,352.5515599107997,343.48078239742836,350.2862401271678,108294100
2022-09-28,352.67535400390625,354.3600529595543,345.127482081543,346.8217084645166,110802200
2022-09-29,345.3083190917969,349.42013004160674,342.3672197883283,349.13459770031216,112952300
2022-09-30,339.9686279296875,348.2779675279083,339.8353891876637,344.36600021604005,153711200
2022-10-03,348.94427490234375,350.79079510712245,341.9008619903515,343.68074828998994,89756500
2022-10-04,359.7568054199219,359.7853586515844,348.90614168269303,354.4551993806732,103602800
2022-10-05,358.919189453125,361.1749817964111,353.0750722691506,355.3974984990643,88065700
2022-10-06,355.2167053222656,360.47070383972516,354.72174385776447,357.5200770483229,82333500
2022-10-07,345.3083190917969,355.30235769557754,343.547458861724,351.19051769873397,107789500
2022-10-10,342.6717224121094,346.65982139917173,340.43498499131846,346.4218681376383,76042800
2022-10-11,340.50164794921875,345.5367479558779,338.56946829764377,340.9775545535183,92482800
2022-10-12,339.3785400390625,342.4814606200205,339.1310592917608,340.9109745209168,76991800
2022-10-13,348.33502197265625,349.80082219820514,331.3356258487721,332.3826260098785,147254500
2022-10-14,340.39691162109375,352.41831529855494,339.7591840858435,350.79069404097305,123737000
2022-10-17,349.14404296875,350.24814950699954,340.0637390408717,346.4694508288709,93168200
2022-10-18,353.2464904785156,357.3583310897419,349.8104292073491,357.0537438488278,97162900
2022-10-19,350.7431335449219,353.9317132956456,347.9352732315164,351.2095126771094,79746900
2022-10-20,347.80206298828125,354.7122360773966,347.0405950042413,350.2958089110657,88283100
2022-10-21,356.2542419433594,356.7396470203639,346.0222479989325,347.52610037471834,131038400
2022-10-24,360.6134033203125,361.74606316639574,355.13095089201244,357.7770190393889,85436900
2022-10-25,366.3719482421875,366.6860338162217,360.4231157662592,360.5373287022716,78846300
2022-10-26,363.6116027832031,368.903680899248,362.9739043202817,363.2308833811119,104087300
2022-10-27,361.66998291015625,366.44807462100994,361.05128110498777,364.6110821532887,81971800
2022-10-28,370.2743835449219,370.75029017440346,361.3844511918501,361.5652980348159,100302000
2022-10-31,367.5997009277344,369.68417378007797,366.6954959805395,367.81862838081696,96631300
2022-11-01,365.9912109375,371.57837896955164,364.8204992604764,371.3404256632253,85407600
2022-11-02,356.80621337890625,369.90317244332704,356.7015278683844,365.4010855031739,126990400
2022-11-03,353.1322021484375,356.16848838692556,351.0191758170607,353.5700280593983,87100100
2022-11-04,358.21484375,360.6134021561234,352.17082513091503,358.8335164171756,103505200
2022-11-07,361.6414489746094,362.23156853069116,357.43442171013305,359.50936758378657,68286900
2022-11-08,363.59259033203125,366.56224244323937,359.5188315812918,362.74546276276726,84641100
2022-11-09,356.10186767578125,362.77408732506177,355.6069062348671,361.6223724698831,78495500
2022-11-10,375.67120361328125,376.0043440864789,367.0573046398083,369.3511491919417,141455800
2022-11-11,379.3070983886719,380.1066180137116,374.64319033872147,376.5277909851231,93839900
2022-11-14,376.0804748535156,380.8966479353896,375.80444085717625,377.54627550144517,71903500
2022-11-15,379.2879638671875,382.9238966019307,375.48071175885616,381.8197900048712,93194500
2022-11-16,376.3945617675781,378.6122738619531,375.76636153620575,377.66046061084984,68508500
2022-11-17,375.2427978515625,375.91860608551974,371.34038726892305,371.6449453937852,74496300
2022-11-18,376.94659423828125,378.6408206344442,374.1006819611119,378.5741867367159,92922500
2022-11-21,375.5759582519531,376.7466989172969,373.73896579052973,375.6235663390515,51243200
2022-11-22,380.630126953125,380.79194799230964,376.1090138482937,377.51770796736366,60429000
2022-11-23,383.0286865234375,383.51409151080327,380.06853232216565,380.29695819857307,68261600
2022-11-25,382.9429931640625,383.49506108811516,382.1910816475926,382.46708656258517,30545400
2022-11-28,376.83233642578125,381.4962149118125,376.0708685003482,379.8590951809206,67881600
2022-11-29,376.18511962890625,378.1553507626501,374.34809818392904,376.96558433179973,52310000
2022-11-30,388.0352478027344,388.0352478027344,374.5195160703624,376.4326410939259,144566700
2022-12-01,387.74969482421875,390.2434409456629,385.2464212750172,389.07270016589297,76398200
2022-12-02,387.30230712890625,388.20651222768515,382.76216868711776,382.86685419503635,85342700
2022-12-05,380.3350830078125,385.41776267708946,378.98352435280736,384.48500420879964,77289800
2022-12-06,374.8525695800781,380.7157422182558,372.7681254520418,380.17323078475664,77972200
2022-12-07,374.2149658203125,376.5754735470353,373.08230553241697,374.0055657070787,65927900
2022-12-08,377.14642333984375,378.212449392276,374.3195371968257,376.0994521400108,60737900
2022-12-09,374.3291015625,378.459967446831,374.20536119651905,375.90911499149865,81447700
2022-12-12,379.72589111328125,379.72589111328125,374.45283780553007,375.11908962319546,75405800
2022-12-13,382.6003723144531,390.7098107273862,379.8401197057134,390.45283160745686,123782500
2022-12-14,380.1541442871094,385.96020997530553,377.2130453095627,382.25764309363365,108111300
2022-12-15,370.85498046875,376.20416598654884,369.1988348015829,375.2999318308924,117705900
2022-12-16,366.4765930175781,369.6415593936089,364.34432159505855,368.302907769073,119858000
2022-12-19,363.3690490722656,367.00256593948217,361.7052981772117,366.6678956887565,79878100
2022-12-20,363.8662109375,365.4821639806004,361.29407404311723,362.6136124267533,74427200
2022-12-21,369.30694580078125,370.4352358837999,365.92204637130624,366.4575070608886,78167400
2022-12-22,364.0383605957031,369.28780122976565,358.3490543275083,366.2662563964438,100120900
2022-12-23,366.13238525390625,366.2758070046261,361.4662030943732,363.01521636298173,59857300
2022-12-27,364.68853759765625,366.3618594408892,363.0152157544233,366.01764723973866,51638200
2022-12-28,360.1562805175781,366.59140954936333,359.92680568793685,364.62164360006597,70911500
2022-12-29,366.6391296386719,367.50926042450396,362.47015297141144,362.9960715854847,66970900
2022-12-30,365.6733703613281,365.8167920978852,361.8486350909296,363.9618223377231,84022200
2023-01-03,364.1339111328125,369.49808808826083,361.27490181125125,367.52835185196017,74850700
2023-01-04,366.94512939453125,368.9722345195995,363.34986872415914,366.3905264117615,85934100
2023-01-05,362.75701904296875,365.1092230485303,362.16418974875853,364.99448566002695,76970500
2023-01-06,371.0758056640625,372.19455357778276,362.785708249104,365.84547897836046,104189600
2023-01-09,370.865478515625,376.44961824670435,370.6838304181261,373.26550947515705,73978100
2023-01-10,373.4662780761719,373.53321794947027,369.3451279864,370.28219867133123,65358100
2023-01-11,378.18988037109375,378.26639143115705,374.231293835196,375.04405606095594,68881100
2023-01-12,379.5668029785156,381.02976337180365,375.2257485082276,379.2895306207411,90157700
2023-01-13,381.0392761230469,381.61299228704434,376.10536380133436,376.3730941204777,63903900
2023-01-17,380.34130859375,382.6935423019026,379.6624261074559,381.0202202604648,62677300
2023-01-18,374.3364562988281,382.58832869980466,374.1356658339176,381.52697849057256,99632300
2023-01-19,371.611328125,373.94439001524745,370.29178966269103,372.2997525257694,86958900
2023-01-20,378.5340576171875,378.68705053096147,371.36267892386525,373.0073162714171,91806400
2023-01-23,383.07598876953125,385.0074698849866,378.3811219727352,379.3373059432333,84178800
2023-01-24,382.664794921875,383.57315208650715,380.21696655885887,381.4026252152029,59524900
2023-01-25,382.8081970214844,383.1428671935605,376.31570073269967,378.6009940622238,84800300
2023-01-26,387.01544189453125,387.17800600043023,382.5022526217131,385.46642861189923,72287400
2023-01-27,387.90472412109375,390.2760709827511,385.7628812656745,385.97324291614746,68346200
2023-01-30,383.0377502441406,387.37883383343035,382.7413355345612,385.1509087422322,74202000
2023-01-31,388.6696472167969,388.7174447402499,383.20981606709955,383.5540574493801,86811800
2023-02-01,392.80029296875,395.5445649835094,384.7205573752073,387.4552290338302,101459200
2023-02-02,398.5183410644531,399.9813013244029,394.78922953717114,396.68245506156615,101654500
2023-02-03,394.2824401855469,398.7000051703591,393.0776391240828,393.55573107794413,94736800
2023-02-06,391.8729248046875,393.2689746288822,390.2187449536372,391.83469844981744,60295300
2023-02-07,396.99798583984375,398.241013206568,389.7118693730586,390.9548967397829,90990700
2023-02-08,392.6569519042969,396.36695047559357,391.9684982603406,395.02829871801737,76227500
2023-02-09,389.2529296875,396.4051963035193,388.0290153704697,396.2522033663381,78694900
2023-02-10,390.16131591796875,390.5437836705012,387.2640796514173,388.0768126828916,70769700
2023-02-13,394.7413635253906,394.8752432701656,390.3524831825662,390.81146193268944,64913500
2023-02-14,394.5598449707031,396.86422311275015,390.61079972922533,393.22116380513967,88389300
2023-02-15,395.8410339355469,395.91751581058026,391.5286350725414,392.3700815999979,61555700
2023-02-16,390.3907470703125,394.8178830322616,390.25689650308516,390.87841017898984,76431500
2023-02-17,389.41546630859375,389.6545122847336,386.34609496505783,388.26803395095567,89257800
2023-02-21,381.60345458984375,386.4513142893378,381.34529542458307,385.39950609313314,82655900
2023-02-22,381.0775451660156,383.55405800104023,379.624126941612,382.01458672604707,83742300
2023-02-23,383.10467529296875,384.5772067863999,378.88790045751995,383.96523503521115,96242400
2023-02-24,379.0121765136719,379.84405183245593,376.3922419822525,378.0942481460913,108194400
2023-02-27,380.3030700683594,383.7070827492521,379.36599925020045,382.3492886397092,80444700
2023-02-28,378.8974914550781,381.785156708453,378.79229603840645,379.82499112745273,96438600
2023-03-01,377.44403076171875,379.30860107550785,376.1436346387775,378.0846868266854,99706800
2023-03-02,380.3795471191406,381.2209936912257,375.1396483986959,375.4743186281051,85127800
2023-03-03,386.4799499511719,386.7285670881584,381.54603781817946,382.1962358283126,90120000
2023-03-06,386.7477111816406,389.59714976739536,386.3078747490803,387.3022850157021,72795900
2023-03-07,380.81939697265625,386.9389980101572,380.2074543771584,386.69995200651795,108310600
2023-03-08,381.4408874511719,382.19625170885286,379.212962662717,380.9341111603913,74746600
2023-03-09,374.4033508300781,383.8887075845493,373.4184826190144,382.22492782127654,111945300
2023-03-10,369.0009460449219,375.93327957719293,367.4806170891498,373.8583475978051,189253000
2023-03-13,368.4749755859375,373.28460811867615,363.9713580532645,365.0805347641921,157790000
2023-03-14,374.56591796875,376.21055539266825,370.0909552792131,373.38980130348455,149752400
2023-03-15,372.22332763671875,372.4241181176825,366.8973754488771,368.9818788651893,172996900
2023-03-16,378.75396728515625,379.0982086417623,369.3642641428275,369.8710404113854,143254200
2023-03-17,374.3253479003906,378.55821591341066,372.94318572096427,377.4256197444262,140553400
2023-03-20,377.9247131347656,378.33746367070916,374.40214170963634,375.1028011958168,93055800
2023-03-21,382.8870544433594,383.36697102971766,379.69079357481445,381.28412015653794,91524200
2023-03-22,376.3601379394531,386.32321007597335,376.3217657060295,382.7142575848104,111746600
2023-03-23,377.3775939941406,383.25176789780386,374.6708576136584,379.2204571484992,119351300
2023-03-24,379.8539733886719,379.9403548581303,373.75902695920195,376.1010222149094,107682400
2023-03-27,380.5642395019531,382.89665633801565,379.67160169490063,382.1287722364247,74010400
2023-03-28,379.71002197265625,380.5642582938647,377.8767370350477,379.8731772141997,62871700
2023-03-29,385.22906494140625,385.4690232440617,382.6662973806607,383.8660888939379,77497900
2023-03-30,387.48468017578125,388.10856590647154,385.62260139743574,387.8589998974814,69840000
2023-03-31,392.9461364746094,393.24368242982905,388.30051790737826,388.4061147934353,112062600
2023-04-03,394.4435119628906,394.846625551224,392.0343209722465,392.42785614585927,67391100
2023-04-04,392.2550964355469,395.3745547308176,390.8825125238686,395.08658715925804,66601500
2023-04-05,391.2280578613281,392.28388034677903,389.5771434182015,391.52560384016596,65200200
2023-04-06,392.75421142578125,393.0325712994046,389.38518698879676,390.4314018268695,63743300
2023-04-10,393.15728759765625,393.2340906618624,389.6635097627265,390.277787817443,63681000
2023-04-11,393.2628479003906,394.6641961280183,392.4949930804865,393.78116601430696,59297900
2023-04-12,391.659912109375,395.61444936283374,391.0744279375137,395.3264818376402,86420400
2023-04-13,396.86224365234375,397.21737725795947,391.60234704835096,392.7445509263928,85814800
2023-04-14,395.8927917480469,398.4171577397506,393.58919793642514,396.22873922494233,78161500
2023-04-17,397.3133850097656,397.3325711300684,394.5778543396015,395.80643975007484,66436400
2023-04-18,397.572509765625,399.0218673008723,396.1999552913603,398.8874765900454,63560000
2023-04-19,397.5053405761719,398.4075568472331,395.60486027089866,395.6624479202901,55227300
2023-04-20,395.33612060546875,397.08302413683805,393.79077385332334,394.69301944461137,75840400
2023-04-21,395.6432800292969,396.10398124565415,393.6948196903557,395.63367232336066,73457400
2023-04-24,396.0560607910156,396.4783898306386,394.10760015939667,395.4417533545492,64332100
2023-04-25,389.7690124511719,394.6449810037149,389.71142480850085,394.08826140218645,97766700
2023-04-26,388.1181335449219,391.4583635816679,387.56144318468967,390.3833550986097,80447000
2023-04-27,395.8448181152344,396.11357024267807,390.40255091976803,390.65211692803183,92968400
2023-04-28,399.22344970703125,399.23305741321724,394.90419994068407,394.9617875942257,89433100
2023-05-01,398.8202209472656,400.84545452606756,398.5898411078488,398.7818194253997,62122300
2023-05-02,394.3379211425781,398.1580683348258,391.43923503572364,398.1100590933305,103998500
2023-05-03,391.6311950683594,397.2462260549914,391.39123672954423,394.83703495991483,91531800
2023-05-04,388.8572692871094,390.91129731617235,387.5230869408355,390.58495750937874,94901900
2023-05-05,396.0560607910156,397.1022756826937,392.226334895852,392.485479368979,87891800
2023-05-08,396.1615295410156,396.64144612156804,394.76018132750204,396.3823017131118,50046800
2023-05-09,394.4242858886719,395.53769601743005,394.19393527299343,394.61626426292884,49220100
2023-05-10,396.26715087890625,397.88927136463667,392.44700411687967,397.25577792419296,96142900
2023-05-11,395.57611083984375,395.86404911911495,393.5028673537258,395.40334787228096,70157100
2023-05-12,395.0577392578125,397.0254148728848,392.63897016343816,396.8142503993596,70481500
2023-05-15,396.4206848144531,396.8237983199805,393.75234992228525,395.66240845072787,54289400
2023-05-16,393.77154541015625,396.23832360826236,393.7619377053924,395.3168627044219,57705500
2023-05-17,398.55157470703125,399.1562450551422,394.14594356293253,395.7872502342352,87287000
2023-05-18,402.39080810546875,402.81313697822594,398.013971871239,398.2347147194217,97177200
2023-05-19,401.8054504394531,403.82110642385607,400.58647257493726,403.29320977422725,103793300
2023-05-22,401.96856689453125,403.50430592203884,400.58640469895295,401.8245977682805,60745400
2023-05-23,397.4573059082031,401.90133808318683,397.06377080135275,400.3271976557855,86383500
2023-05-24,394.5777587890625,396.2382804844256,393.41636901857,395.85435312883413,89213700
2023-05-25,397.9948425292969,399.4442000783956,395.84482546980115,398.0812240048889,90961600
2023-05-26,403.1491394042969,403.86901432087706,398.5707454798897,398.6475192492727,93830000
2023-05-30,403.30267333984375,405.60626696953454,401.9205113036728,405.0783704702366,72216000
2023-05-31,401.0663146972656,402.3812815149699,399.50178187032054,401.4790359496369,110811800
2023-06-01,404.87689208984375,405.93271458460026,400.04893173325473,401.29670331410193,88865000
2023-06-02,410.7318420410156,411.5188830151562,406.92130300774403,407.44919955900986,91426200
2023-06-05,409.94476318359375,412.36353228842165,409.2440744066445,411.0773593229492,65460200
2023-06-06,410.8374328613281,411.3653294424387,408.87936479133043,409.5320736758542,64022200
2023-06-07,409.4168701171875,412.36356528982583,408.99454113451293,411.2309690598289,85373300
2023-06-08,411.8932800292969,412.3444028643595,408.7162340623749,409.48408900675076,61952800
2023-06-09,412.63226318359375,414.63831094166113,411.6436362158996,412.689850828952,85742800
2023-06-12,416.3756408691406,416.4524439304632,412.89147087099775,413.61134578902306,76104300
2023-06-13,419.1208190917969,419.7638910098273,417.17235863286135,417.83464596394765,95899700
2023-06-14,419.619873046875,421.4243641568749,416.1740753599218,419.45671780561304,100612100
2023-06-15,424.8221740722656,426.0699454976172,418.7080413628314,418.8040012480244,110303100
2023-06-16,423.37518310546875,427.3732818174655,422.90312715218045,426.80488011436864,114165800
2023-06-20,421.1786193847656,422.32506614292663,419.1073181445954,421.4387558395076,76160400
2023-06-21,419.0205993652344,420.99555478179644,418.4329109170005,420.1959468611093,76982300
2023-06-22,420.53314208984375,420.6391018260277,417.72964857046975,418.0668439684426,70637200
2023-06-23,417.3539123535156,419.1362056994903,416.64100677536294,417.08416191308544,92074500
2023-06-26,415.6487121582031,418.7026693868189,415.40786249787595,416.7855154988048,72823600
2023-06-27,420.2055969238281,420.8221567639146,416.0726085341393,416.52540707007813,72813700
2023-06-28,420.41754150390625,421.4290983033547,418.5100016357142,419.1265614695,75636000
2023-06-29,422.0745849609375,422.2383756741101,419.5986726779713,420.00328366247703,67882300
2023-06-30,427.0553283691406,428.0379843526411,424.96474047999936,425.28267848094407,104964000
2023-07-03,427.546630859375,427.8259952574617,426.4290850652605,426.7084788639364,32793400
2023-07-05,426.9107666015625,427.6429588433256,425.72577590511764,425.7354192979581,58418400
2023-07-06,423.56781005859375,423.9917077726785,421.06296794825374,423.3366038147622,80658300
2023-07-07,422.4984436035156,426.438769743823,422.2575939538954,422.5755319557256,86134200
2023-07-10,423.56781005859375,423.7412147414674,421.5735680037754,422.1419696202549,62443500
2023-07-11,426.26531982421875,426.7566624993896,423.3558667490492,424.32890870557475,64463800
2023-07-12,429.695068359375,431.10165159958825,428.6257099376319,430.0515505672172,91924500
2023-07-13,433.10546875,433.89546265173254,431.07271183277675,431.50622355890425,72425200
2023-07-14,432.83575439453125,434.83961069702235,432.07466121110787,433.9918445617416,69815800
2023-07-17,434.3385925292969,435.3886934056767,432.6430016974079,432.6911892645716,52680200
2023-07-18,437.5660095214844,438.2114701147798,433.5775252322227,434.0110663595222,80668200
2023-07-19,438.5390625,439.724023983291,437.48893213427476,438.35601441060516,65891700
2023-07-20,435.62957763671875,438.44271452207744,434.91667207150675,437.5467608684042,70591600
2023-07-21,435.62957763671875,437.5467608684042,435.61996364299455,437.3444259913096,71275600
2023-07-24,437.5756530761719,438.38490436691495,435.74517222742827,436.7760157789645,54023400
2023-07-25,438.7702941894531,440.0227007047043,437.2577512159894,437.3059387900186,55191200
2023-07-26,438.8377685546875,440.26357987054627,436.78572453865155,437.8358256350003,71052900
2023-07-27,435.92822265625,442.6238546795818,435.02262562113657,442.2192143317386,92194400
2023-07-28,440.1961364746094,441.024645224626,435.9282579906258,439.1941936182639,80011800
2023-07-31,441.0342712402344,441.39072403261815,439.35793761574195,440.6681750532694,62040400
2023-08-01,439.7721862792969,440.51399258801536,438.8184017102693,439.5698514127993,55291500
2023-08-02,433.6546325683594,436.9205386548979,432.9031828085776,436.66043160748643,93933400
2023-08-03,432.4118347167969,434.2904737931767,430.9956375639887,431.64112757810364,64276100
2023-08-04,430.45611572265625,436.32320952695244,429.9358722590493,434.2230076857938,100128900
2023-08-07,434.21337890625,434.36752621178806,431.59293351328745,432.28658168791264,58357500
2023-08-08,432.3251647949219,434.20380401220746,428.9725267488997,431.67967473239247,71361300
2023-08-09,429.4349060058594,432.7586427817327,428.67381291504086,432.5948520910791,78789600
2023-08-10,429.5890808105469,435.16716703483127,428.42337671620794,431.7856284811605,93005500
2023-08-11,429.338623046875,430.3502093181606,427.1228178060312,427.720120293532,68690900
2023-08-14,431.70849609375,431.70849609375,428.11503843544807,428.4233330175674,47867400
2023-08-15,426.6795654296875,430.29230971707324,426.11113445595447,429.93582758422366,75707500
2023-08-16,423.5484924316406,427.92230005852804,423.44250331789874,426.2652536120349,80107200
2023-08-17,420.3211364746094,425.27298943715965,419.8008930565569,425.0128824284278,95711300
2023-08-18,420.52349853515625,421.5543421169173,417.1612467523088,417.5080561439708,98852000
2023-08-21,423.259521484375,424.0013277942752,419.38666984217986,421.53502982303786,68719000
2023-08-22,422.1130676269531,425.0321640493009,421.5543094057689,425.0321640493009,64994200
2023-08-23,426.814453125,427.431042301619,423.0283039267051,423.17280782729074,68441000
2023-08-24,420.8992004394531,428.92429730681755,420.87027025881116,428.41369725884107,88517300
2023-08-25,423.8664855957031,425.1477928046301,419.0783933508206,422.62369316256587,102325100
2023-08-28,426.5544128417969,427.17097271429145,423.8665222680011,426.0534267072631,61595400
2023-08-29,432.72015380859375,432.9995476574254,426.2653709047112,426.44841900560834,83081900
2023-08-30,434.50238037109375,435.13822692888783,432.35399106524045,433.057282576268,69053900
2023-08-31,433.8665771484375,436.2557869248091,433.6835290574293,435.11898360214246,66084600
2023-09-01,434.6758117675781,437.06505085275637,433.2210704898494,436.5833515582069,58944100
2023-09-05,432.79718017578125,434.55057269413254,432.72976461783867,434.23266409054196,55166200
2023-09-06,429.8877258300781,432.093916863234,427.56593166865076,431.9879277285903,70758500
2023-09-07,428.56787109375,429.24223247025344,426.5447281630559,426.8915375451562,70355400
2023-09-08,429.2132873535156,430.74508743408427,428.2595322506645,428.6159849900901,61659700
2023-09-11,432.0361633300781,432.3444285728758,430.1286232997532,431.8338284325165,60180100
2023-09-12,429.6661376953125,432.11317840274216,429.0881220484013,430.59102153155527,67565400
2023-09-13,430.16717529296875,431.323236125796,428.7894927679706,429.8877814297822,60199300
2023-09-14,433.876220703125,434.569868937207,431.3328634452209,432.633457559199,83430800
2023-09-15,428.64874267578125,432.62229333118586,428.21370176743056,432.2935859212208,111848900
2023-09-18,428.9000244140625,430.1955284505577,427.8655448648222,428.3392658060863,55752200
2023-09-19,428.0106201171875,428.57137880593234,425.3326034960519,427.981617392204,66514600
2023-09-20,424.0757751464844,429.68318495179983,423.8727265693422,429.2674693964477,82562600
2023-09-21,417.0664978027344,421.49441429318694,416.91180676973505,421.233389771168,104095800
2023-09-22,416.1286926269531,419.6864977783781,415.71294757869936,418.091288955446,100829700
2023-09-25,417.87860107421875,417.9172517040119,414.485134786977,414.920205158679,70874500
2023-09-26,411.7394714355469,415.54865360911657,410.90801075336816,414.84288124552415,96168400
2023-09-27,411.9037780761719,413.4700137261174,408.2686420542666,412.90925504168933,104705800
2023-09-28,414.2918395996094,415.96440903027496,410.763036452334,411.35279796426,92258300
2023-09-29,413.2862854003906,417.5111824781116,411.7684074215334,417.3371661441051,115111300
2023-10-02,413.1219482421875,414.3691244055631,410.36657139466814,412.454856073705,83798600
2023-10-03,407.59185791015625,413.1799422139496,406.22867088652805,410.94664397430034,103760600
2023-10-04,410.5599365234375,411.30435944495287,406.59606370497346,408.0559363281981,87453000
2023-10-05,410.4052734375,411.24638199806213,407.18585282564163,410.2699077129364,70142700
2023-10-06,415.2779235839844,416.81512702154566,406.6347574601129,407.9592644123595,113273300
2023-10-09,417.9366149902344,418.5070215863633,412.8319288458573,413.3829806224,80374400
2023-10-10,420.1119079589844,422.70291641435927,418.16863686530417,418.56502711101643,78607300
2023-10-11,421.83282470703125,422.08417183466213,418.797068320578,421.17540990507433,62451700
2023-10-12,419.2611083984375,422.8189135801861,416.91179922986146,422.44187816631086,81154200
2023-10-13,417.1728210449219,421.9584770278049,415.60661494268294,420.7596289275812,95143100
2023-10-16,421.5621032714844,422.6255856986061,419.1741138914331,419.4158131019472,75433200
2023-10-17,421.5427551269531,423.5923892481788,418.09131276942526,418.4393454760135,75324700
2023-10-18,415.92559814453125,420.7305789017386,414.842790566168,419.7734596144878,93559800
2023-10-19,412.2711486816406,418.44899434083845,411.5944086302288,416.64108906158174,121323000
2023-10-20,407.2052001953125,412.37756965755136,407.0988371910665,411.8361657385735,123919900
2023-10-23,406.4993896484375,410.35692908932583,403.92770652261123,405.67760643648245,92035100
2023-10-24,409.56414794921875,410.7146385432617,406.7700909338865,408.61667642933105,78564200
2023-10-25,403.68597412109375,407.9109007331841,403.17357302000806,407.8818980106432,94223200
2023-10-26,398.8520202636719,403.47330792914914,397.9335809780985,402.6225515026816,115156800
2023-10-27,397.0441589355469,400.83401590980566,395.6229662582375,400.43762562519,107367700
2023-10-30,401.7911376953125,402.84494282186495,398.5330367205683,399.82854108268697,86562700
2023-10-31,404.31439208984375,404.63342201922916,400.4568531906025,402.36144387141417,79665200
2023-11-01,408.62640380859375,409.4385097088223,404.74953858461424,405.28129461149234,98068100
2023-11-02,416.4574279785156,416.61211901779166,412.39686933434086,412.41619465013827,94938900
2023-11-03,420.2569885253906,421.8038696197548,418.63277665324455,418.7584649834052,100167800
2023-11-06,421.2237243652344,421.66844265759465,419.28045324415575,421.01102787683624,67831700
2023-11-07,422.42254638671875,423.0606358569916,420.0829145000172,421.2237277176419,64256100
2023-11-08,422.7319641113281,423.5440700044392,420.43098266202935,423.0219913930459,61746000
2023-11-09,419.43511962890625,423.9113935278032,419.0097266771128,423.8727133946502,83174400
2023-11-10,425.9803161621094,426.2896982135309,419.4254351571336,421.5040718428815,89462200
2023-11-13,425.5742492675781,426.67638218285714,423.863029699829,424.6461326803493,52236100
2023-11-14,433.8307800292969,435.1166069139446,431.2784220719966,431.50079597873554,97176900
2023-11-15,434.7491760253906,436.39274237985995,433.8983901244557,435.16489156652574,77327600
2023-11-16,435.2809753417969,435.60000533429076,433.2410185572766,434.3045010394223,66665800
2023-11-17,435.8223571777344,436.43144390959674,434.37216191303287,435.2906012114316,83133200
2023-11-20,439.1771545410156,440.0182630951851,435.5613141930735,435.57099160312566,69936200
2023-11-21,438.22003173828125,439.0514924363308,436.9535301263982,438.13302355551457,49244600
2023-11-22,439.911865234375,441.22672421241435,438.81940964411666,439.87321460582723,59394900
2023-11-24,440.1825866699219,440.3759578384197,439.6315348978691,439.9602422808771,29737400
2023-11-27,439.38983154296875,440.36627627306393,439.00308920962266,439.55417048077294,50506000
2023-11-28,439.8248596191406,441.1203637861366,438.44234728096177,439.0030764411284,62115000
2023-11-29,439.5155334472656,443.1023712619962,439.1191726740231,441.97120588419773,63146000
2023-11-30,441.24609375,441.59415597189025,438.2876976332808,440.35665713551293,79752700
2023-12-01,443.8564453125,444.3881717849613,440.0472633152973,440.6369952391435,89183400
2023-12-04,441.5264892578125,443.87579870037587,439.25451058722007,440.4726841519421,72430900
2023-12-05,441.4394226074219,442.3965419933345,439.7668535301099,440.14391844231596,69793500
2023-12-06,439.6604919433594,443.6050096339301,439.22542161159066,443.5760069120985,69124700
2023-12-07,443.01531982421875,443.66305717468333,441.13973162302386,441.7391409339485,66995400
2023-12-08,444.9198913574219,445.4516177863762,442.02914891320626,442.2708481089666,83194400
2023-12-11,446.65045166015625,446.8244975103325,444.2141343049595,444.4268307846884,65002200
2023-12-12,448.6903991699219,448.78708475043413,445.30661038207074,446.30240990232363,68327600
2023-12-13,454.8779296875,455.12930631637573,448.70976090431213,449.06747102737427,93278000
2023-12-14,456.3377990722656,458.00069086527446,453.66943027540754,456.8115200961749,119026000
2023-12-15,455.5863952636719,456.9163018501235,453.7420397034311,455.7417134699126,141553700
2023-12-18,458.14910888671875,459.12954211953263,456.13003141968665,457.18810894495897,70375300
2023-12-19,460.9350891113281,461.0127630324847,458.61509172941334,458.69273602664884,55761800
2023-12-20,454.5477600097656,461.96401935450547,454.12064234016117,460.0808267995912,102921000
2023-12-21,458.8577575683594,459.1295570366737,455.1107760152546,457.5278509164755,86667500
2023-12-22,459.7799072265625,461.45925759296136,457.8870276491879,459.98374941589714,67160400
2023-12-26,461.72137451171875,462.62413389794295,460.109981297383,460.18765521976536,55387000
2023-12-27,462.5561828613281,462.7017844285322,460.98362668768385,461.5175089754055,68000300
2023-12-28,462.73089599609375,463.5656980482324,462.31349497002446,462.9153345190397,77158100
2023-12-29,461.391357421875,463.0609913493408,459.4402073535901,462.5367960308314,122283100
2024-01-02,458.8092041015625,459.7993540123723,456.7124526493962,458.3335624378489,123623700
2024-01-03,455.06231689453125,457.39203118698566,454.4604772449057,456.65427697187073,103585900
2024-01-04,453.5964660644531,457.16869615612853,453.37319057475315,454.5865863632777,84232200
2024-01-05,454.21771240234375,456.6639075045455,452.77132456262234,453.80028176128866,86118900
2024-01-08,460.70208740234375,460.8476889622242,454.5865552720958,454.71275316529835,74879100
2024-01-09,460.0032043457031,461.02244496424106,457.54729244084217,458.05205442710235,65931400
2024-01-10,462.604736328125,463.4686883884697,459.99350610212235,460.275022232607,67310600
2024-01-11,462.4008483886719,464.1190060691037,458.43062113494074,463.6045274671268,77940700
2024-01-12,462.72119140625,464.58498035155515,461.3136700813151,463.8472262405501,58026400
2024-01-16,461.0224609375,462.6532578332319,459.2072255045687,461.3428140279713,85014900
2024-01-17,458.4597473144531,458.9451056102245,456.11060012839494,458.0035093314712,68843900
2024-01-18,462.5367736816406,463.0900892897804,458.58597937392244,460.1294153145847,91856200
2024-01-19,468.3027648925781,468.58428097883166,462.58525997884743,463.66274109946323,110834500
2024-01-22,469.29302978515625,471.01118778689147,468.6426365209948,469.8366288012055,75844900
2024-01-23,470.6616516113281,470.9043307691421,468.7493682867175,469.836566173897,49945300
2024-01-24,471.1761169433594,474.45711397403113,470.68104202686277,473.5252343876121,81765000
2024-01-25,473.73883056640625,474.0106300348732,471.1761540957068,473.30199623812143,72525000
2024-01-26,473.136962890625,474.7968799164263,472.2924442217773,473.3116847619897,76641600
2024-01-29,476.8839111328125,477.029542315143,472.9039969579279,473.4475958586122,61322800
2024-01-30,476.5151062011719,477.2237103899132,475.7579187820987,476.19475312019154,58618400
2024-01-31,468.7396545410156,474.75807991768903,468.7202212489611,474.31155855924624,126011100
2024-02-01,474.87457275390625,474.9036930669608,469.6326794127357,470.43839078044346,91891600
2024-02-02,479.8737487792969,481.523949196212,474.97161226030033,475.31136898916844,99228200
2024-02-05,478.1264953613281,479.9029234991888,475.8744551474019,479.24284325758833,75757100
2024-02-06,479.5146484375,479.8446885622171,477.64114268330553,479.06809742412736,55918600
2024-02-07,483.5139465332031,483.93134756331705,480.8541628931194,481.75695184930976,70556500
2024-02-08,483.7275085449219,484.1060726186496,482.69855130751233,483.513949705615,52343600
2024-02-09,486.5231628417969,486.95996752942966,483.89249957484776,484.2322563033971,63979400
2024-02-12,486.3096008300781,488.7557959365899,485.59125041968997,486.4940393494017,56502300
2024-02-13,479.6116638183594,482.53353038052535,476.3500701317823,480.04849815534635,113099200
2024-02-14,483.9701843261719,484.4555426281319,479.9222830533005,482.2423099561509,68387800
2024-02-15,487.3094482421875,487.4938867654942,484.19342663721847,484.6690979139186,61683000
2024-02-16,484.8826599121094,488.14425347916483,484.1449058140717,487.0085316428908,75532900
2024-02-20,482.2131652832031,483.814841673976,479.9708124113375,483.1450448811934,71736700
2024-02-21,482.6499938964844,482.80531210783914,479.10688422021883,480.9124325062878,59293400
2024-02-22,492.6386413574219,493.5996412471157,488.2898206173805,489.250850130992,76402500
2024-02-23,492.9784240722656,495.1916567031526,492.25038663284334,494.3568250348437,61321800
2024-02-26,491.1728515625,493.85203868692207,491.0466536727384,493.4152043952731,50386700
2024-02-27,492.0854187011719,492.3086942109039,489.96926336586625,491.8621728153631,48854500
2024-02-28,491.4350280761719,492.01743437576624,490.17307863790023,490.5322390639573,56506600
2024-02-29,493.2016906738281,494.8130838290683,490.5516532421677,493.1920036518268,83924800
2024-03-01,497.83203125,498.2591489639279,493.6676779750869,494.075392019808,76844800
2024-03-04,497.29815673828125,499.14254217920546,497.0069535759895,497.03610351614157,49799300
2024-03-05,492.3280334472656,495.7449748064334,490.1245174506037,495.29842384541166,72855600
2024-03-06,494.82281494140625,497.07488469099843,493.53177482463775,495.59937641592427,68382400
2024-03-07,499.7346496582031,500.78304025779806,494.8810662776538,498.11356939849594,58652100
2024-03-08,496.7350769042969,503.04470489035225,496.16235769149256,500.3655769656846,86532500
2024-03-11,496.3079833984375,496.89041928478855,493.6093924281333,495.5314219659159,62557200
2024-03-12,501.6469421386719,502.2293483869414,495.9002573325016,498.41443934118087,73114400
2024-03-13,500.86065673828125,502.14200986510485,499.4240150117718,501.9672879725168,55104100
2024-03-14,499.8705139160156,501.9866689472691,496.8321662856789,501.83132111592977,110171800
2024-03-15,496.43817138671875,498.2590766512578,494.7730966492492,496.80819459859333,107646300
2024-03-18,499.3885498046875,501.93972478311895,498.9795987021718,500.498619372016,88893300
2024-03-19,502.1636657714844,502.44602683293346,497.69420694088996,498.6971800566581,60755300
2024-03-20,506.80841064453125,506.9447474953313,501.55028937128384,502.2221673565908,69594600
2024-03-21,508.4832763671875,510.3430798516799,508.2008558207935,509.6420207680806,60256100
2024-03-22,507.5191955566406,508.8823855528386,507.2854498071945,508.39551924735605,79070800
2024-03-25,506.1170349121094,507.2660322991133,505.96120440733904,506.1462159868013,48512100
2024-03-26,505.1822509765625,507.87950952715136,504.78304672651166,507.53866742888704,65463700
2024-03-27,509.42767333984375,509.466660680705,505.84434446401093,508.0060617645378,82999800
2024-03-28,509.3303527832031,510.8298796934876,509.04799170553036,509.46668962011773,96294900
2024-04-01,508.4442443847656,510.60596189996124,507.28550008559404,510.07042079723595,62477500
2024-04-02,505.21148681640625,505.3477642225264,502.9134325371014,504.62721155274875,74230300
2024-04-03,505.7664489746094,507.2660352902269,504.0721636747669,504.12083842082313,59155800
2024-04-04,499.59307861328125,510.10938062558256,499.29122383235546,509.7685979294163,96858100
2024-04-05,504.8121337890625,506.76934562683624,500.5082527719344,500.94644428413847,74546500
2024-04-08,505.09454345703125,506.516214442084,504.2863881936749,505.5133007732254,48401800
2024-04-09,505.6788330078125,507.0712635271461,500.8393509659492,506.8278303713481,68049200
2024-04-10,500.615478515625,502.60187193743167,498.638831930463,499.9922752896709,82652800
2024-04-11,504.3934631347656,505.8345682969367,498.62898305416263,502.1343964769264,70099000
2024-04-12,497.4313659667969,502.27081877394835,495.70784003413945,500.85889444352966,92561100
2024-04-15,491.199462890625,501.7644387082916,490.3522904966187,501.5989207934361,92101400
2024-04-16,490.3035888671875,493.19557596027215,489.018254666714,491.676555438244,73484000
2024-04-17,487.40185546875,492.9229325491744,486.00942494137024,492.75738492725213,75910300
2024-04-18,486.39892578125,490.88784877913054,485.46415075166374,488.7943295112607,74548100
2024-04-19,482.1534729003906,487.3142441699,480.8876025986124,486.32104754330464,102212600
2024-04-22,486.5936279296875,489.183760061862,482.41630699671776,484.75325915842177,67961000
2024-04-23,492.3679504394531,492.79639521919916,486.4087108687592,488.5996095177476,64633600
2024-04-24,492.1342468261719,494.0427545951939,489.914137461728,493.2540334865075,55928100
2024-04-25,490.2646484375,491.02415872515365,484.42225246602163,486.0678630419317,69122400
2024-04-26,494.9093933105469,496.48683553540934,492.41663996726425,493.04956028124485,64306100
2024-04-29,496.662109375,497.33398732987405,493.9259228058318,496.6913201679961,46415400
2024-04-30,488.7943420410156,496.1752226900087,488.7943420410156,495.20149000874,77483600
2024-05-01,487.2071228027344,494.84118298455326,486.73972044696376,488.2100662136069,80242800
2024-05-02,491.7642517089844,492.6016773299733,486.42818551774343,490.90736213065725,62550200
2024-05-03,497.85980224609375,499.08668524553275,495.20150126804214,497.73321224009646,72756700
2024-05-06,503.0010681152344,503.039996024656,499.81694342031363,500.25513498697876,47264700
2024-05-07,503.55609130859375,504.94852179554,502.88421343694205,503.9650423598839,52561300
2024-05-08,503.6047668457031,504.14030789046143,501.60862689782874,501.7254700555243,42047200
2024-05-09,506.50653076171875,506.5455181068331,503.1374535973279,503.7898378767789,43643700
2024-05-10,507.158935546875,508.91164241656554,505.94176974404485,508.10342768254765,52233200
2024-05-13,507.2270202636719,508.9407991411694,506.08776976766853,508.8337028193061,36716400
2024-05-14,509.5542907714844,510.0703976103099,506.88627278339663,507.42181386177714,57535900
2024-05-15,515.8641967773438,516.1563047340521,511.38499019072265,512.0179402902028,59504900
2024-05-16,514.8026733398438,517.5583531460086,514.6565896819933,515.9614174721102,50244800
2024-05-17,515.542724609375,515.6108930215729,513.4686694664939,514.9195214966393,59187600
2024-05-20,516.13671875,517.5973177042522,515.2700824401487,515.6595992673854,37764200
2024-05-21,517.4025268554688,517.5583573493641,515.1727006539206,515.3772058901883,33437000
2024-05-22,515.9126586914062,517.42193203836,513.7411950065215,516.7111263982904,48390000
2024-05-23,512.1444702148438,519.0676954201629,510.93699174891134,518.9605990872589,57211200
2024-05-24,515.5330810546875,516.3412958961842,513.0403275362747,513.9848197975488,41291100
2024-05-28,515.8932495117188,516.5748741957514,513.2641596915468,516.3411878885217,36269600
2024-05-29,512.28076171875,513.4589997088932,511.56995584928654,511.871810616093,45190300
2024-05-30,508.8824768066406,511.40447087133504,507.6361297457073,510.7423397089747,46377600
2024-05-31,513.5173950195312,513.6439850215788,504.7440541264526,509.8367164200918,90785800
2024-06-03,513.9360961914062,515.4064420460951,508.87267437322015,515.1240809646227,46835700
2024-06-04,514.5106201171875,515.2506664560023,511.17072418863216,512.631323194632,34632700
2024-06-05,520.6256103515625,520.645104022442,514.8416361330836,516.8280887412405,47610400
2024-06-06,520.6159057617188,521.3559521321091,518.6879340097541,520.9275073614583,30808500
2024-06-07,519.9829711914062,522.787325920015,518.5515533208824,519.6421291117942,43224500
2024-06-10,521.5896606445312,521.9110090941606,518.5808597177815,519.1748224338155,35686100
2024-06-11,522.8458862304688,522.904307826486,518.0745713052842,520.0415307577631,36383400
2024-06-12,527.1398315429688,529.8273428520355,526.107677431855,527.402758345961,63251300
2024-06-13,528.2013549804688,529.0582445758802,525.4164935113477,528.8829798084458,44760900
2024-06-14,528.5227661132812,528.5519471953481,525.6696764478946,526.6726498510748,40089900
2024-06-17,532.7291259765625,534.1216160104203,527.3833430672393,527.8410283318889,55839500
2024-06-18,534.0825805664062,534.2091705580833,532.3688016931667,532.7874995764366,41376400
2024-06-20,532.6317138671875,535.6697547200665,530.8595134643548,535.0076237066871,70328200
2024-06-21,531.917724609375,533.0313753907063,530.4621917432297,531.8102827682807,64338600
2024-06-24,530.1886596679688,534.3013212499749,530.0714395414016,531.7419157804823,45528700
2024-06-25,532.230224609375,532.5916631831469,529.8954816744096,531.4096242974609,37936200
2024-06-26,532.8946533203125,533.6077524053179,530.4720243887124,531.1167351250136,38550600
2024-06-27,533.7346801757812,534.3110621107577,532.0153722749866,532.7578061070262,35041500
2024-06-28,531.63427734375,537.554190328543,530.3936880532558,534.506288952046,76144500
2024-07-01,532.7285766601562,533.2560672380866,529.973784394742,533.0118486999152,40297800
2024-07-02,536.3135986328125,536.3135986328125,531.0775683576217,531.126400132376,40434800
2024-07-03,538.70703125,539.068469909586,535.9620173191718,536.0010708200014,32789900
2024-07-05,541.8134155273438,542.2139076372644,538.3747999305978,539.0097918869257,41488400
2024-07-08,542.4386596679688,543.3861988920726,541.3738407022457,542.5949332840256,36110500
2024-07-09,542.9661254882812,544.2946598471173,542.6730752067231,543.3959524424528,27289700
2024-07-10,548.3389282226562,548.6808102777995,543.894163387503,544.1872136667199,38701200
2024-07-11,543.61083984375,549.3255886798729,542.9759074999535,548.4561564855596,53054200
2024-07-12,547.039794921875,550.6346849623752,544.2655054755963,544.7343860301963,53084400
2024-07-15,548.5440673828125,551.7775178290722,546.6879829958002,549.0325043663784,40584300
2024-07-16,551.7970581054688,552.090108393895,549.1008762046278,549.8530882979716,36475300
2024-07-17,544.0602416992188,547.5476892504238,543.7378565645935,545.8772131422685,57119000
2024-07-18,539.8792114257812,546.5806130354061,537.7008012722223,545.5939606590898,56270400
2024-07-19,536.2940063476562,541.2663208584747,535.2389658144236,539.6446767543289,65509100
2024-07-22,541.8233032226562,542.4289604616175,538.277245078338,540.211436930268,43346700
2024-07-23,540.973388671875,543.8648979607326,540.4849516029554,541.7157629327536,34439600
2024-07-24,528.7135620117188,536.4699449259502,527.7952979520205,536.1671163330532,74515300
2024-07-25,525.958740234375,534.7994982405838,525.0209792890996,528.8307523766035,61158300
2024-07-26,531.849365234375,534.535769150024,528.9675745637637,529.7393433023149,53763800
2024-07-29,532.161865234375,534.3988851266782,530.169004207153,533.3927359573876,39515800
2024-07-30,529.4657592773438,534.6822931769603,526.0662565076813,533.6272524601584,46853600
2024-07-31,538.072021484375,540.6998152024645,534.9167372159726,536.2843251839307,65663400
2024-08-01,530.4523315429688,542.0380422456446,526.955106117804,539.7912440920945,76428700
2024-08-02,520.5762329101562,524.5716145988897,516.3756265717791,523.3603002519518,82789100
2024-08-05,505.41510009765625,511.4717311244644,498.4695101090915,499.80785259777787,146267400
2024-08-06,510.0748291015625,517.4990483238507,505.89377938390135,507.21253555376086,84826300
2024-08-07,506.6654968261719,519.2965314666948,506.0696179320819,516.2486294067602,70698300
2024-08-08,518.3782348632812,519.0033889369354,509.77197692780607,511.79405372836936,63276600
2024-08-09,520.6641235351562,522.1489912653111,516.3365783728381,517.5576710131196,45619600
2024-08-12,520.9376220703125,523.3406939742863,518.6712672136742,521.8558860240913,42542100
2024-08-13,529.5048217773438,529.7393216479126,523.878076980635,524.1222955084382,52333100
2024-08-14,531.1751708984375,532.3572097547438,527.6291139531684,530.2959605592147,42446900
2024-08-15,540.2797241210938,540.5629961238054,536.1866195717042,536.7922766972661,60846800
2024-08-16,541.4910278320312,542.1846298407453,538.5115740387317,538.6678476452682,44430700
2024-08-19,546.6683349609375,546.6683349609375,541.0513105898468,541.9011860291464,39121800
2024-08-20,545.7796020507812,547.8701270511177,544.4412892289927,546.2192073450451,33732300
2024-08-21,547.6550903320312,549.1106230342316,541.9012882335657,546.8247712917706,41514600
2024-08-22,543.3568115234375,550.155875826028,542.1454973391976,549.5502187339081,56121500
2024-08-23,549.1302490234375,550.0680696349215,544.4021520897437,546.5904001832064,50639400
2024-08-26,547.8211669921875,550.8690092024209,546.1214157161334,550.1559102385648,35788600
2024-08-27,548.5733032226562,549.0617401711636,545.4082413361126,546.5511671009976,32693900
2024-08-28,545.3887329101562,548.661296528156,542.2041141850556,548.2314695905903,41066000
2024-08-29,545.4376220703125,550.644377643334,544.2946960843145,547.352316743397,38715200
2024-08-30,550.6443481445312,551.1523417216108,544.2556134288437,547.8016709409602,62700100
2024-09-03,539.3126220703125,547.8407131286382,536.8020487007664,547.508549729637,60600100
2024-09-04,538.2088623046875,541.6083655035815,536.7533292597282,537.4762066412244,47224900
2024-09-05,536.8997802734375,540.9928852935313,534.4478166491117,538.1502077884983,44264300
2024-09-06,527.8636474609375,538.8437022454943,526.9649400293706,537.2221175565589,68493800
2024-09-09,533.773681640625,535.043665505135,530.1299607989381,532.0544335310877,40445800
2024-09-10,536.0986938476562,536.4504138231891,530.8138314182086,535.6786451567546,36394600
2024-09-11,541.5985107421875,542.5167747623394,527.4729497044474,536.0108196239122,75248600
2024-09-12,546.1605834960938,546.4634120914028,539.9573969973035,542.1749203516514,51819600
2024-09-13,549.012939453125,550.0093699640063,546.5121445202687,546.7661412876428,39310500
2024-09-16,549.82373046875,550.0874458768798,546.9517188263792,548.7491334077678,36656100
2024-09-17,550.0484619140625,553.477299266029,547.8211605278194,552.0314851715059,49321000
2024-09-18,548.4171752929688,555.5385664291312,547.8603498689396,550.7030274298603,59044900
2024-09-19,557.7755737304688,559.6316584337985,554.9426745171918,557.8049085738365,75315500
2024-09-20,556.8114013671875,557.8500616857909,553.793383536953,556.4096807844697,77503100
2024-09-23,558.2027587890625,558.8495067502496,556.6643550711399,557.8794446150124,44116900
2024-09-24,559.7999877929688,559.8587776289324,556.1744550910837,558.9964868304339,46805700
2024-09-25,558.5652465820312,560.3780425284191,557.4579883539482,559.6431398003925,38428600
2024-09-26,560.77978515625,563.1413061737785,558.4281322177342,562.817932214862,48336000
2024-09-27,559.9664306640625,562.6610738881527,558.9375788488986,561.847824630314,42100900
2024-09-30,562.2103881835938,562.8179029799776,556.6447321030395,558.937595094156,63557400
2024-10-01,557.173828125,562.5043247858904,554.6065728022052,561.8576367225866,72668800
2024-10-02,557.4091186523438,558.4282222492225,553.8914170466389,556.2823034605133,38097800
2024-10-03,556.3900146484375,558.3301388916863,554.106899883147,555.9392527365582,40846500
2024-10-04,561.4461669921875,561.8185225581165,556.6643942780399,560.828843806913,42939100
2024-10-07,556.3704223632812,560.4467168743025,555.22399069742,559.7999688939893,49964700
2024-10-08,561.63232421875,562.2300906410503,558.0656412646009,558.9376805045769,37398700
2024-10-09,565.5224609375,566.0809942856702,561.0248291372598,561.6225357741174,37912200
2024-10-10,564.53271484375,565.9535388259317,562.9257131010544,564.1799758679994,44138100
2024-10-11,567.9132080078125,568.6481106846586,564.3170411817416,564.4542373683208,42268000
2024-10-14,572.5578002929688,573.4886890058166,569.0400397275337,569.5201665882303,36217200
2024-10-15,568.1092529296875,573.1261842726946,566.8941634738084,572.8224268603595,54203600
2024-10-16,570.5785522460938,571.097912292803,567.3058184280349,568.1093193754714,30725400
2024-10-17,570.6275024414062,574.3216329805343,570.4413246734956,574.1158386665669,34393700
2024-10-18,572.8224487304688,573.6063330690159,570.8528997080355,572.3128969974695,37416800
2024-10-21,571.8818359375,573.0772492638474,568.9127995570122,572.0973787445921,36439000
2024-10-22,571.5780029296875,572.7342428128154,568.697181591541,569.3536780068462,34183800
2024-10-23,566.355224609375,570.0003732214365,562.8570804647936,569.5594196255329,49314600
2024-10-24,567.5802001953125,568.3837012123148,564.9639626077603,568.3052948235324,34979900
2024-10-25,567.3840942382812,572.6950344865168,566.443456997856,569.8044050522926,47268200
2024-10-28,569.1381225585938,570.9802836348513,568.8343651367928,570.8528957024953,30174700
2024-10-29,570.0592041015625,571.1762108700161,566.7864107519835,568.1778099310847,42899700
2024-10-30,568.3345947265625,571.5779630983764,567.6290569957021,569.588797638648,41435800
2024-10-31,557.1934204101562,564.0427037299961,556.9974344033881,563.9741056373006,60182500
2024-11-01,559.545166015625,563.9643910438907,559.1336371976272,559.8195584319851,45667500
2024-11-04,558.33984375,560.9756970155746,556.4585096866238,559.6822611574623,38217000
2024-11-05,565.09130859375,565.1304818819561,559.0357163025479,559.2512590975022,39478300
2024-11-06,579.142578125,580.0146771322202,573.6063462638446,577.3396500855225,68182000
2024-11-07,583.62060546875,584.639708979933,581.063158030651,581.1415644099445,47233200
2024-11-08,586.148681640625,587.5695056932594,584.1693242787533,584.1693242787533,46444900
2024-11-11,586.707275390625,588.0888664930864,584.9826937261699,587.7361274635068,37586800
2024-11-12,584.8847045898438,587.2265495486535,582.4056036057904,586.6288429184635,43006100
2024-11-13,585.1688232421875,587.1677373847895,582.9837313260188,585.3451927424278,47388600
2024-11-14,581.4061279296875,585.7763718199695,580.7202664359244,585.2962448517161,38904100
2024-11-15,573.9591674804688,578.3196033347165,572.1071978105703,577.8492248081469,75988800
2024-11-18,576.3108520507812,577.6238450144261,573.5574183688442,574.4196493771738,37001700
2024-11-19,578.41748046875,579.142574989824,572.2737337790142,572.9400384688264,49412000
2024-11-20,578.6134033203125,578.8975441726233,572.8615695316089,578.4958236706298,50032600
2024-11-21,581.7196655273438,583.1404896221547,575.6249001169805,581.455141177832,46750300
2024-11-22,583.5226440429688,584.1497754660484,581.2101642027249,581.7098478799927,38226400
2024-11-25,585.5018310546875,588.7647555467761,583.2187168920444,587.4517630562282,42441400
2024-11-26,588.5591430664062,589.2254477201681,586.0310608458545,586.7463470552605,45621300
2024-11-27,586.7758178710938,588.755115442667,585.2570306878304,588.3730114334577,34000200
2024-11-29,590.4208984375,591.2047827973582,587.3147260107087,587.5890586237147,30177400
2024-12-02,591.4791870117188,592.1552999944694,590.3425038316959,590.8324390421951,31746000
2024-12-03,591.7536010742188,591.9985687131837,590.2152569312856,591.2441090536275,26906600
2024-12-04,595.4280395507812,595.6730071584342,592.7726289600115,593.4389336760423,42787600
2024-12-05,594.4481201171875,596.2314913306755,594.0953811448159,595.4279904670244,28762200
2024-12-06,595.5750732421875,596.8097196143469,594.8009970944031,595.212525949607,31241500
2024-12-09,592.5079956054688,595.6239761392873,591.9200973185369,595.4574149257465,34742700
2024-12-10,590.6658325195312,593.6054435570935,590.0093361336401,593.184106485161,37234500
2024-12-11,595.2320556640625,596.1825011825678,593.3114882757061,593.5858806768452,28677700
2024-12-12,592.1651000976562,594.9380902901107,592.1651000976562,594.3698085144841,31543800
2024-12-13,592.0474243164062,594.9086286959063,590.6755820460321,594.1933425526647,35904700
2024-12-16,594.575439453125,595.5455612250375,593.0272875396962,593.8013634964105,43695200
2024-12-17,592.1258544921875,592.9881452170704,590.7540718346318,592.0278913761272,55773500
2024-12-18,574.4784545898438,594.2031909866316,574.0962907751041,591.822113059209,108248700
2024-12-19,574.302001953125,581.0631314525076,574.057034359764,579.456129686489,85919500
2024-12-20,581.199951171875,585.7225012446567,571.132257605004,571.9778279294948,125716700
2024-12-23,584.6803588867188,585.2800771480029,577.7686569320756,580.9443313472664,57635800
2024-12-24,591.1790771484375,591.2184422848073,585.4471892507113,586.0272849416975,33160100
2024-12-26,591.218505859375,592.3392722176656,588.0133673077331,589.4094496188982,41219100
2024-12-27,584.9950561523438,587.7184519013749,580.8165903318666,587.482441071987,64969300
2024-12-30,578.3192749023438,581.7800467977985,574.5734057798932,577.9948725430215,56578800
2024-12-31,576.2152099609375,580.698454354243,574.583117216775,579.9807007946825,57052700
2025-01-02,574.7996215820312,581.1803752720315,570.7292897647728,579.4696717566784,50204000
2025-01-03,581.9864501953125,582.6254735449975,576.5593423217554,577.6408633877121,37888500
2025-01-06,585.3390502929688,589.6060270134918,583.608664526265,586.2337670283534,47679400
2025-01-07,578.7223510742188,587.6888410122485,576.903513754268,587.3643786767495,60393100
2025-01-08,579.56787109375,580.6395509433228,575.350100693004,578.7911897402016,47304700
2025-01-10,570.7193603515625,576.0874809051687,568.8120114375996,576.0186519228087,73105000
2025-01-13,571.604248046875,571.9581742427216,565.6658729466735,566.0788468496604,47910100
2025-01-14,572.3907470703125,575.1534475548353,568.6153544470202,574.5242054496483,48420600
2025-01-15,582.802490234375,583.9429389739179,579.2827311805529,580.3937160773642,56900200
2025-01-16,581.6817016601562,584.34604932179,580.9836305712422,584.1690862304802,43319700
2025-01-17,587.521728515625,589.2717368825727,585.5848557638515,586.9121689712896,58070600
2025-01-21,592.8995971679688,592.9094384516549,588.5933154613438,590.5596519481012,42532900
2025-01-22,596.2326049804688,597.5893820777127,595.1707663809229,595.7213382459036,48196000
2025-01-23,599.4868774414062,599.4868774414062,595.3280946897063,595.6033506126263,41152100
2025-01-24,597.7368774414062,600.4996383180872,596.5865871884719,599.5459337435196,34604700
2025-01-27,589.2816162109375,589.5962372876534,584.6312490621345,584.7983708814467,70361100
2025-01-28,594.3449096679688,595.1805787054238,587.1972570477369,590.5105293609671,44433300
2025-01-29,591.6804809570312,593.9614384934404,589.1340487911447,593.5583059073574,37177400
2025-01-30,594.8561401367188,596.3898803192325,590.6088457833347,593.7943615542468,39281300
2025-01-31,591.6903076171875,599.6933113603776,590.9332488823969,597.2746959271392,66566900
2025-02-03,587.7085571289062,590.1861005375324,580.5510628181718,582.6943625959686,65857200
2025-02-04,591.6510009765625,592.1622076462813,587.2267439810199,587.7674745011321,33457800
2025-02-05,594.0498657226562,594.1973649569587,588.5048426365228,590.5301667443101,30653100
2025-02-06,596.1145629882812,596.2423796576439,592.4866698522919,595.7901006731433,35771500
2025-02-07,590.6580810546875,597.8941858585465,589.9501686239648,596.6750666805723,50788500
2025-02-10,594.6693725585938,595.30845601079,592.5949016719809,593.863227291288,26048700
2025-02-11,595.12158203125,595.662312577201,592.2900526181724,592.4080280097315,30056700
2025-02-12,593.2044067382812,594.3743794070193,588.4360645213627,589.1144530437037,45076100
2025-02-13,599.4671630859375,599.6736500230521,593.0471055616473,594.3055297285264,40921300
2025-02-14,599.4376831054688,600.7059485220444,598.8182823186273,599.6736338799176,26910400
2025-02-18,601.1975708007812,601.1975708007812,598.1399318067746,600.5978525430173,26749000
2025-02-19,602.61328125,602.9082197102092,599.3000091966954,599.8112758662747,31011100
2025-02-20,600.1062622070312,601.3843689751305,596.8028311734677,601.2467110134413,36554000
2025-02-21,589.8419189453125,600.0275268646774,589.3797986977131,599.8898689179181,76519800
2025-02-24,587.157958984375,592.8800056614799,586.4500466079941,591.8869960824046,50737200
2025-02-25,584.2379760742188,587.8265647106925,579.6367551973434,587.0990297013516,58266500
2025-02-26,584.5328369140625,589.488043359785,581.8979531727184,585.8994552001853,43321600
2025-02-27,575.2025756835938,587.9542991571739,574.809344386224,586.8039490929929,74196700
2025-02-28,584.178955078125,584.7098443771037,572.6365684069419,575.7040488167072,88744100
2025-03-03,573.9441528320312,587.2857532860544,570.1392964764723,586.1452445030724,74249200
2025-03-04,567.1504516601562,575.5369060706639,562.6180601948478,569.9525173224438,109648200
2025-03-05,573.24609375,575.035467216836,563.434093538414,566.9833166199888,71230500
2025-03-06,563.0703125,570.4047092717689,560.5238803180225,565.7936477589768,80094900
2025-03-07,566.226318359375,567.6716070865215,556.1095373006934,561.2908538818324,81158800
2025-03-10,551.1444702148438,559.9536192631458,546.2384702857362,558.0364891964213,99326600
2025-03-11,546.5628662109375,554.5265648872522,542.7285461144836,549.9843324603625,88102100
2025-03-12,549.4633178710938,553.6319422779778,544.3705127696392,552.7077615834074,69588200
2025-03-13,542.1386108398438,549.6991769603108,540.4279077137791,549.0896174558009,74079400
2025-03-14,553.3370361328125,554.3398871601003,542.2075620137377,546.7497954782853,62660300
2025-03-17,557.6039428710938,560.1208513978755,552.8846868765244,553.3172833424321,49008700
2025-03-18,551.5770874023438,555.5097605205915,549.6500559715837,555.2934322950165,66041400
2025-03-19,557.5842895507812,561.3399999727566,552.1768634471969,553.3566775077279,66556000
2025-03-20,555.9718017578125,560.9663132490421,553.1304311253591,553.8481847501696,62958200
2025-03-21,556.1553344726562,557.052742857906,550.2879327940723,551.5205903212295,83763000
2025-03-24,566.1151733398438,567.1703352751009,562.2890000340255,562.880651498493,58766800
2025-03-25,567.4760131835938,568.4127846067184,565.73055113845,567.3181993393742,38355700
2025-03-26,560.701416015625,568.3340217234003,559.3208155225726,567.2098236237739,51848300
2025-03-27,559.2122802734375,562.9792883535321,557.101956447335,559.3108687859911,42164200
2025-03-28,547.95068359375,558.4135249923543,547.3689030262066,557.6838014665011,71662700
2025-03-31,551.6289672851562,552.93066066187,539.2826520783074,542.201606334121,95328200
2025-04-01,553.18701171875,555.1297110203275,545.9981756472096,549.715889513425,54609600
2025-04-02,556.6878051757812,559.5475341360295,547.1125011420022,547.3491617248258,76014500
2025-04-03,529.2537841796875,540.3673821784607,529.2537841796875,537.5470765410741,125986000
2025-04-04,498.26971435546875,518.574043873056,498.0527654446422,516.4045547647906,217965100
2025-04-07,497.38214111328125,515.9114234247066,475.1154034595348,482.402887644306,256611400
2025-04-08,489.5917663574219,517.6963226160137,482.3733180084264,514.6196148198313,165816600
2025-04-09,541.0084228515625,541.0084228515625,486.20939567811143,486.59399925019795,241867300
2025-04-10,517.3019409179688,526.0981670837639,502.25365007002944,524.7866027854379,162331200
2025-04-11,526.5320434570312,528.9874872153164,512.8544826104954,515.7536950429114,97866300
2025-04-14,531.64013671875,536.7285795544979,526.4531053782949,536.5017296923237,68034000
2025-04-15,530.151123046875,535.6931457102869,529.3622343758641,532.1825399641931,56892900
2025-04-16,518.3668823242188,530.4272422697393,513.0713913810127,524.3033791384568,83484800
2025-04-17,519.1064453125,523.8004136549424,516.6411308627585,520.3194209498447,79868100
2025-04-21,506.7503662109375,514.4618777265953,501.4055507612705,513.9293312369678,69368100
2025-04-22,519.9348754882812,521.9564215250564,511.9867032226325,512.9235348557764,75948100
2025-04-23,527.991455078125,537.8625838932508,526.4728430251603,532.9319549297188,90590700
2025-04-24,539.1051635742188,539.8348871004667,528.0211182344198,529.2734571828396,64150400
2025-04-25,543.0003662109375,543.4046513367819,536.1467793425768,539.0657336001437,61119600
2025-04-28,543.2073974609375,545.8699492792146,537.4583271221219,543.7399439376,47613800
2025-04-29,546.6293334960938,547.7436606136026,540.9393676118534,541.2943585019403,47775100
2025-04-30,546.8462524414062,548.7988227140515,534.0069337400583,539.9729835885655,93101500
2025-05-01,550.7216186523438,556.2439589647481,550.1200963901105,552.5952816524762,63186100
2025-05-02,558.8966674804688,560.4941864598073,554.5774316657111,556.894803218062,60717300
2025-05-05,555.6917724609375,558.7882219920989,553.9068871278389,554.7648117792631,38659200
2025-05-06,551.0471801757812,555.5340413030556,549.2327420958744,550.1892553966732,48264700
2025-05-07,553.3645629882812,555.9975022415719,548.3254139860352,552.3784371058738,55588000
2025-05-08,557.2202758789062,562.3974366423718,553.9069074354913,557.3977713110521,65130800
2025-05-09,556.5101928710938,559.6263235377936,554.9520974435762,558.6204560836787,37603400
2025-05-12,574.9014892578125,574.9113601462691,569.0340285188223,573.402558732667,78993600
2025-05-13,578.6981811523438,580.907093658496,574.7536773375426,575.3157161654024,67947200
2025-05-14,579.437744140625,580.8084133986617,577.4161378946785,579.6546629482465,66283500
2025-05-15,582.2678833007812,582.770756919371,576.9822030720642,577.4358426248243,71268100
2025-05-16,585.9559936523438,586.2518193704545,581.1042713102905,583.0469103495059,76052100
2025-05-19,586.596923828125,587.2773530559552,579.9405744991373,579.9405744991373,68168500
2025-05-20,584.6246948242188,585.8080578995526,581.419785763877,584.8614155899625,60614500
2025-05-21,574.7733154296875,584.3584902721909,573.7477661832594,580.2759146876367,95197700
2025-05-22,575.000244140625,578.4812376730355,573.3434994709072,574.5761569887384,70860400
2025-05-23,571.0753173828125,573.7378691727489,567.6140060747297,567.988738706783,76029000
2025-05-27,582.9483032226562,583.1060568711622,570.4047514802384,577.9387671986972,72588500
2025-05-28,579.5757446289062,584.545857588394,578.8460211072919,583.3526236048898,68445500
2025-05-29,581.8635864257812,584.9699071457442,577.9388245287198,584.8318350718904,69973300
2025-05-30,581.2127075195312,582.92855680446,575.148009692676,580.7590679776305,90601200
2025-06-02,584.4866943359375,584.5655410710423,576.9428072484826,579.6053591727813,61630500
2025-06-03,587.81982421875,588.7960792462304,583.6385997733717,584.1218520308094,63606200
2025-06-04,587.6619873046875,589.6539808386906,587.2280895107962,588.6777258495218,57314200
2025-06-05,584.8218994140625,590.6893600195378,582.8496477946317,589.3383724752952,92278700
2025-06-06,590.8275146484375,592.4940699072976,588.5791185976601,590.3541332655441,66588700
2025-06-09,591.3599243164062,592.9081490758875,590.1864321834666,591.3993476813894,53016400
2025-06-10,594.7128295898438,595.0973729509094,590.7781968461302,591.8924637491524,66247000
2025-06-11,593.0166015625,596.6652790904382,590.9556323288738,595.8073544523882,73658200
2025-06-12,595.37353515625,595.37353515625,591.2022416981604,591.6854337777163,64129000
2025-06-13,588.7171020507812,593.4997881009825,587.2181715759101,590.1962907494013,89506000
2025-06-16,594.318359375,596.0638215052488,591.8924679557008,592.0700235861916,79984100
2025-06-17,589.2398071289062,593.4012293190596,588.4804709653109,591.8826171802143,82209400
2025-06-18,589.1510620117188,592.8785866278505,588.1944885876793,590.1371879149127,76605000
2025-06-20,587.7673950195312,592.8906208578056,586.3629131433069,591.8224395288368,94051400
2025-06-23,593.572998046875,593.9586781700418,585.403509483969,588.5189525073708,87426000
2025-06-24,600.1304321289062,601.1886530620405,596.7973078378046,597.7072691809916,67735300
2025-06-25,600.4666748046875,601.940336500435,598.903972841808,601.247995602986,62114800
2025-06-26,605.16455078125,605.5997312639034,601.7029070585035,602.3161076886594,78548400
2025-06-27,608.1713256835938,609.6351477759472,604.1360808658505,606.1636033457827,86258400
2025-06-30,611.0790405273438,612.4340220516922,608.2998373553096,610.6142201701539,92502500
2025-07-01,610.88134765625,612.0484090785977,608.7746849801475,609.6054458188352,70030100
2025-07-02,613.650634765625,613.6901746824169,609.8526899336259,610.4757907292374,66510400
2025-07-03,618.4869995117188,619.4167005776212,615.6088560521965,615.628656191773,51065800
2025-07-07,613.8780517578125,617.1913758193931,611.0988485499288,616.5286747873084,74814500
2025-07-08,613.5418090820312,615.2923708557059,612.7307881009865,614.5406899285775,59024600
2025-07-09,617.2210083007812,617.8737488887257,614.1055045789822,615.945166968477,66113300
2025-07-10,618.9617919921875,620.000273214104,616.1825885407072,617.3595500232223,57529000
2025-07-11,616.7858276367188,618.0122289852302,614.7187654701638,615.9154666088177,63670200
2025-07-14,617.9627685546875,618.3089087938923,614.9857451789246,616.3308265898004,51898500
2025-07-15,615.3220825195312,620.9793689858044,615.242942324076,620.6431287961128,74317300
2025-07-16,617.3792724609375,617.883693134462,611.2769051241828,616.9045519994012,88987500
2025-07-17,621.1574096679688,621.5135103761386,617.3397251475282,617.5573456006476,68885700
2025-07-18,620.7024536132812,622.5716954836944,619.5947323692288,622.4035753929759,65621600
2025-07-21,621.87939453125,624.6189973413707,621.4541141003111,621.87939453125,63375000
2025-07-22,621.9683837890625,622.8288447335428,619.3276609031153,622.2057439990875,60046300
2025-07-23,627.2598876953125,627.2598876953125,622.8289417416837,624.6290041031127,70511000
2025-07-24,627.4674682617188,629.1785504969665,627.0421878119985,627.6454884244192,71307100
2025-07-25,630.1181640625,630.5929449174781,627.8829815173922,628.1302418329662,56865400
2025-07-28,629.9598388671875,631.0477599275997,628.5751571845921,630.4938993278172,54917100
2025-07-29,628.29833984375,631.670943868378,627.388438817005,631.3544434316219,60556300
2025-07-30,627.5070190429688,630.6917023127537,624.6189756546709,628.9509803708415,80418900
2025-07-31,625.1531372070312,632.8379457731452,623.8574957354674,632.4522656090571,103385200
2025-08-01,614.9066162109375,619.476041722763,612.5032535330552,619.4364414435403,140103600
2025-08-04,624.2530517578125,624.3024917393647,618.7243458354196,618.813325728958,73218000
2025-08-05,621.088134765625,625.6773001361546,620.1683337507773,624.866279158634,68051400
2025-08-06,625.845458984375,626.4981995520814,621.2463937026511,622.1562946160922,64357500
2025-08-07,625.3212890625,629.9994345491891,622.2156852544556,629.2675537310744,74205800
2025-08-08,630.1972045898438,630.6620853000642,626.7949007710238,627.1114011688534,64051600
2025-08-11,628.9509887695312,631.9478122276477,627.7047873460086,630.474150672182,58742300
2025-08-12,635.6469116210938,635.8051316570012,629.8115442075018,631.2951060550639,64730800
2025-08-13,637.82275390625,639.10849531226,635.6369512596368,637.8424936799373,60092800
2025-08-14,637.882080078125,638.5447207235369,635.300697252298,635.7457174616427,59327500
2025-08-15,636.3886108398438,639.0095939138803,635.4787099260534,638.9106535836406,68592500
2025-08-18,636.2501220703125,636.942462907598,635.1424008771667,635.814941575414,43804900
2025-08-19,632.7984008789062,637.0512656505922,631.4829592777961,636.0721245937336,69750700
2025-08-20,631.1170043945312,632.6500060324975,626.013578858981,632.3929060531275,88890300
2025-08-21,628.5850830078125,630.9785456585483,626.864161086776,629.3071240874224,54805800
2025-08-22,638.2380981445312,639.4150594466402,630.2664294390896,630.7708500494616,84083200
2025-08-25,635.4292602539062,638.218363635622,635.3105801411765,636.9820621561176,51274300
2025-08-26,638.0897827148438,638.4359833484747,634.5391586749303,635.1622594491828,51581600
2025-08-27,639.543701171875,640.2755819843173,637.3578984386413,637.5062787617181,48341100
2025-08-28,641.80859375,642.362454403162,638.2678697444891,640.1470117905141,61519500
2025-08-29,637.9810180664062,640.7404816664739,636.0919759234915,640.374480883152,74522200
2025-09-02,633.2533569335938,633.4709169972102,627.9619508913343,630.5136938017484,81983500
2025-09-03,636.6853637695312,637.1502445176759,633.4413400681225,635.6270824559713,70820900
2025-09-04,642.00634765625,642.0360478647699,636.4578416280056,637.3578424589464,65219200
2025-09-05,640.1469116210938,645.062476969223,636.2797877246134,644.3404359625918,85178900
2025-09-08,641.7196044921875,642.7185457406785,640.1371023874503,641.5118841129237,63133100
2025-09-09,643.2031860351562,643.7273464852004,640.1272219983028,641.8580441132016,66133900
2025-09-10,645.0625,647.3768223058731,643.4997982019892,646.4570213518696,78034500
2025-09-11,650.4231567382812,651.1154976382888,646.4274520986086,647.0109525903231,69934400
2025-09-12,650.2054443359375,651.8868261792371,649.7010841125947,650.393364548417,72780100
2025-09-15,653.6671142578125,653.7956944276398,652.114372883025,652.4110731340584,63772400
2025-09-16,652.7671508789062,654.5276730798186,651.9858301119879,654.2210123755038,61169000
2025-09-17,651.9561157226562,654.4682584259048,647.1295902463727,652.7770367516476,101952200
2025-09-18,655.0023803710938,657.603563340362,653.0341982051615,654.6364399867887,90459200
2025-09-19,658.2465209960938,659.0895125014193,654.9438659954435,656.8877828567474,97945600
2025-09-22,661.3607788085938,661.8070328507519,656.7291073786307,656.7588899327194,69452200
2025-09-23,657.7606201171875,661.8566899635472,656.540685502851,661.2417286303936,81708900
2025-09-24,655.6678466796875,659.1490153831234,654.2496039734066,659.0498612769777,68082200
2025-09-25,652.6429443359375,653.9917550046746,649.0328388399253,652.5338627083877,89622100
2025-09-26,656.3820190429688,656.9274877414105,652.4743904900326,654.0910020825955,69179200
2025-09-29,658.2266845703125,659.8135740530697,656.4216318338509,658.9010899003678,73499000
2025-09-30,660.7061157226562,661.1722852976668,656.173659297658,657.4828203674869,86288000
2025-10-01,662.9574584960938,663.8698820443607,657.6117327913598,657.7208144097488,72545400
2025-10-02,663.7210693359375,665.0600128657511,661.3011766397112,664.9410037342527,56896000
2025-10-03,663.7112426757812,667.1527012490268,662.6698219114437,664.4848020775174,70494400
2025-10-06,666.0914916992188,666.9841207809839,663.9591941673339,666.1014192164715,54623300
2025-10-07,663.6219482421875,667.4601442579947,662.1838505424819,667.0138297258598,72020100
2025-10-08,667.5791625976562,667.6783772359653,663.919480237528,664.7426772273783,60702200
2025-10-09,665.6452026367188,668.4023890582872,663.7112737749407,667.9957845708525,66501900
2025-10-10,647.6542358398438,668.4122493878771,647.4757221413303,666.6071968358344,159422600
2025-10-13,657.5919189453125,659.664772492732,654.3488290056752,655.2216030747315,79560500
2025-10-14,656.78857421875,660.3590300864076,647.8030207789583,651.7701536094826,88779600
2025-10-15,659.7044067382812,664.7228272522149,653.5156893256119,661.3408732132422,81702600
2025-10-16,655.2116088867188,663.2153058553965,651.7105854492366,661.340821247798,110563300
2025-10-17,658.9308471679688,660.2895852935891,652.7322022395391,654.0810128478913,96500900
2025-10-20,665.7840576171875,666.6866142382812,661.7872027532737,661.8367798071084,60493400
2025-10-21,665.7741088867188,667.4601523988813,664.4748753427003,665.9229005771253,56249000
2025-10-22,662.3128051757812,666.4783066993808,657.8497808005621,666.4783066993808,80564000
2025-10-23,666.2402954101562,667.1825015615415,662.3128121266341,662.6301900162397,65604500
2025-10-24,671.6851806640625,672.8951271271609,670.0983517375236,670.9016937183009,74356500
2025-10-27,679.6094970703125,679.9070199177999,676.5151383891614,677.1201116013259,63339800
2025-10-28,681.41455078125,683.2493254549719,679.2028936555786,681.4046232640447,61738100
2025-10-29,681.7418823242188,684.0328991417463,677.2590027977353,683.0609104229828,85657100
2025-10-30,674.2440185546875,680.3037996369978,674.2440185546875,678.2805836148408,76335800
2025-10-31,676.45556640625,679.4507706842933,673.65873085131,679.4110606194914,87164100
2025-11-03,677.7251586914062,680.1649066224819,674.3530715971103,680.0359699637585,57315000
2025-11-04,669.6917114257812,674.3729598389511,669.0371611161902,670.5545580097922,78427000
2025-11-05,672.012451171875,675.2654684624238,668.6304366940664,669.4337786331213,74402400
2025-11-06,664.8021850585938,671.8140994484131,663.2252231578799,670.9115428502156,85035300
2025-11-07,665.4567260742188,665.5658682287408,655.7769731606511,662.4218719882706,100592400
2025-11-10,675.8406982421875,676.5746080726943,669.4833950163819,671.6751969912248,75842900
2025-11-11,677.3878784179688,677.9532020666294,673.1529450781785,674.3629519753922,58953400
2025-11-12,677.7648315429688,679.3318660026857,675.3548055474994,679.1632192686196,62312500
2025-11-13,666.5180053710938,675.265541055433,665.0105359672095,674.9085136071693,103457800
2025-11-14,666.4088745117188,670.1082064558575,657.8200586834998,659.9127066954921,96846700
2025-11-17,660.2003173828125,668.1742931923078,656.7290761218832,664.1972328051172,90456100
2025-11-18,654.65625,659.6548153709225,650.4708935566339,656.6596108350068,114467500
2025-11-19,657.185302734375,661.856623370592,653.3371790986623,655.3505280387882,94703000
2025-11-20,647.1683349609375,670.0090710879778,646.5335791707308,667.3808213360044,165293500
2025-11-21,653.6149291992188,659.0895314498267,645.5020891320908,649.667590792559,123956200
2025-11-24,663.235107421875,664.5541959227929,656.1538219404428,657.2447591605586,80437900
2025-11-25,669.4735107421875,670.6537351639657,659.0200771396823,663.1360016067486,81077100
2025-11-26,674.09521484375,676.0986363282427,671.1595147067713,672.0620713400136,71879600
2025-11-28,677.7747192382812,678.0523870500939,674.9084513312986,675.2654787466182,49212000
2025-12-01,674.6802978515625,677.3779187836101,673.1628406770591,673.232272756968,61201200
2025-12-02,675.9300537109375,678.2012155152329,673.7481184984898,676.316803165018,62953800
2025-12-03,678.2706298828125,679.2822075879724,674.105128319461,674.9779023816353,57238500
2025-12-04,678.7664794921875,679.7384076011712,675.7415530139849,679.6689755171525,61970300
2025-12-05,680.0557861328125,682.7336127271673,678.9549213715281,679.8375623637357,79241000
2025-12-08,678.0127563476562,680.9980334759979,675.9696853695019,680.9484564225444,55231500
2025-12-09,677.4275512695312,679.7582780276033,676.9812972721672,677.5366934232544,58310100
2025-12-10,681.92041015625,683.3088703732143,675.711837383319,676.9515664343469,85671300
2025-12-11,683.5072021484375,683.5865617528303,676.5647198382891,679.51034738166,86173700
2025-12-12,676.1581420898438,683.2196338188487,673.5893968987631,682.5154459360199,113160300
2025-12-15,675.1365356445312,680.1252340287925,673.6687159286942,680.1053789946951,90811000
2025-12-16,673.2918701171875,675.4837328267965,669.4338188610296,673.6488975485244,122030600
2025-12-17,665.8832397460938,674.8489377460819,665.6848710067972,674.3034691132465,110625200
2025-12-18,670.9114990234375,675.1464323222394,669.3544527925658,672.0322187932205,108650100
2025-12-19,676.9923095703125,677.4896664833268,672.8940327515619,673.0134542661981,103599500
2025-12-22,681.2098999023438,681.7370666700199,676.9923229108747,680.3245900087294,69556700
2025-12-23,684.3233032226562,684.562024812114,680.2548972126992,680.3046207584179,64840000
2025-12-24,686.7305297851562,687.1781631452748,684.164151137988,684.313382495532,39445600
2025-12-26,686.660888671875,688.0037280321676,685.6264081645946,686.989161229118,41613300
2025-12-29,684.2138671875,685.5567672531378,682.4433081832867,683.9055083361335,62559500
2025-12-30,683.3783569335938,684.9201512250444,682.9506372729019,683.8160334465714,47160700
2025-12-31,678.3152465820312,683.726492314561,678.1063955310838,683.5076844111845,74144800
2026-01-02,679.55859375,683.2390468658663,676.2263268834449,682.0852055985325,89377200
2026-01-05,684.0845336914062,685.7855161168121,682.7516512212146,682.910778712987,71927200
2026-01-06,688.1529541015625,688.6602678554459,684.1442890432024,684.2934596862484,69273800
2026-01-07,685.9347534179688,690.2916046822218,685.6761181181482,688.5309418430683,75588300
2026-01-08,685.8651123046875,686.9692300361542,683.8557710289468,685.1787573638412,64019200
2026-01-09,690.4010009765625,691.6344363504869,685.5368360184962,686.9791831428475,80125500
2026-01-12,691.4852294921875,692.410366767912,686.979207477028,687.0289310253164,63976000
2026-01-13,690.1026000976562,692.4103433578374,687.6953490317495,691.813478661017,78309700
2026-01-14,686.7106323242188,688.0634285762314,682.4134612479594,687.3472637531122,94676700
2026-01-15,688.5806884765625,691.7737417111902,687.5959315038539,690.8983886882239,77862000
2026-01-16,688.0037231445312,690.5800586110835,686.4519720383781,689.9931507530615,79289200
2026-01-20,673.9981689453125,681.1501633341576,672.9934983300664,677.8874730475171,111623300
2026-01-21,681.77685546875,685.0991655259935,674.5452667925615,676.0572511802958,127844500
2026-01-22,685.3379516601562,687.476610793547,683.2888434897402,686.2033478813381,77112200
2026-01-23,685.5865478515625,687.3074439470811,683.5274830754288,684.5123006998919,63059600
2026-01-26,689.0680541992188,690.4606777697717,686.272910918868,686.8399050563427,60473800
2026-01-27,691.8134765625,692.8480177488461,689.9036431059924,690.5104039402848,55506100
2026-01-28,691.7438354492188,694.1510864943795,690.271678492269,693.3652237572153,61172200
2026-01-29,690.3711547851562,693.375209936545,681.2098793986574,692.7087686795362,97486200
2026-01-30,688.3120727539062,690.5402826440542,683.487735152998,688.1330315570439,101835100
2026-02-02,691.7339477539062,693.2459322689688,685.7756213682558,685.9348095869553,79286500
2026-02-03,685.885009765625,693.2757257351432,680.4140840721383,692.529690413304,107904600
2026-02-04,682.5626831054688,687.7948875474046,678.1561081391175,686.7006659106327,105204600
2026-02-05,674.0379638671875,680.0758839506523,672.2176206040476,677.3404209861714,113610800
2026-02-06,686.96923828125,688.6503070282812,677.2508650473027,677.8576866055596,89127600
2026-02-09,690.2816772460938,692.1915108078678,684.7013472083629,685.7755944360715,73885200
2026-02-10,688.4613037109375,692.8579216647231,688.0037135108784,691.276360737094,65185700
2026-02-11,688.3021850585938,693.4547952732178,685.5368515439336,692.7087599208829,76353900
2026-02-12,677.668701171875,691.6742279947084,676.7734344520502,690.5701102294341,118829000
2026-02-13,678.1461181640625,682.6522007204912,673.9384983110481,678.0864377658819,96267500
2026-02-17,679.2402954101562,681.31927396984,672.2077222570326,676.5446598627462,81354700
2026-02-18,682.662109375,685.507036973797,679.2204384959671,680.4041503420104,73570300
2026-02-19,680.8616333007812,682.5526587813481,677.9471293624403,680.225062656192,58649400
2026-02-20,685.7855834960938,686.4122580979458,678.126274472082,678.7131823752115,100034000
2026-02-23,678.7827758789062,686.3525334522094,676.7734345413753,684.1940214696967,90558100
2026-02-24,683.7164916992188,684.7112054782021,676.4053697086953,678.295350173768,73798700
2026-02-25,689.4859008789062,690.0130676270821,686.4519751919497,686.53156929616,56369500
2026-02-26,685.6561889648438,689.6350440416309,680.7323436648176,689.615191050754,71671000
2026-02-27,682.3637084960938,683.2291046432514,678.0367277603054,679.4790749097389,83308900
2026-03-02,682.751708984375,684.9798583327654,674.4359156260907,675.1123137702438,87477200
2026-03-03,676.7337036132812,679.0016196644848,666.1200629162043,671.4915420947397,105003100
2026-03-04,681.5082397460938,683.4579005621853,676.0273572426378,678.026741603972,79182200
2026-03-05,677.70849609375,681.9062201445739,672.0386149612469,678.474445192334,106606500
2026-03-06,668.82568359375,672.5359467168151,666.2195382406165,669.8502072585248,100687000
2026-03-09,674.6845703125,676.3258117079225,658.888509802078,662.8673651303956,102667700
2026-03-10,673.6002807617188,679.7476047325034,671.1930903760745,674.1374043547928,81505300
2026-03-11,672.7548217773438,676.4849986405864,669.7806371390539,673.9982140650914,68441700
2026-03-12,662.5390625,668.0995392824933,662.3500644519811,667.6120785283837,108882200
2026-03-13,658.7890014648438,668.7859240392634,657.863924887251,665.7321452917186,97200200
2026-03-16,665.493408203125,668.5173163233716,663.5934708305671,664.8468199428278,82023100
2026-03-17,667.2440185546875,670.8747480492216,666.1598145596139,668.8355969918504,87128000
2026-03-18,657.9335327148438,666.1796881508768,657.6948111200146,664.8268919718373,82062600
2026-03-19,656.3121948242188,659.4753776238247,651.7066647804095,653.4971375917409,111272500
2026-03-20,646.9034423828125,655.0025723674255,643.063298812559,654.8230422006715,163617500
2026-03-23,653.6959228515625,660.9173090129275,652.2596206790361,656.3790129905765,134802700
2026-03-24,651.5015869140625,655.3417305137531,648.2100787416998,649.6463809650626,96457500
2026-03-25,655.1322021484375,659.1917509309695,652.5588148295345,656.9774239230809,90653800
2026-03-26,643.432373046875,653.1672421520028,643.1630473705688,650.3844333840033,96494400
2026-03-27,632.4606323242188,641.0085567819559,631.4831091918358,640.8489947137006,103649400
2026-03-30,630.3460693359375,638.7245091624994,627.6630399662237,638.4651675144013,99275900
2026-03-31,648.6688842773438,649.865752001465,636.3405988140365,637.2981538716512,152534100
2026-04-01,653.5562744140625,656.8278752918841,651.3220400966815,652.219751792706,97841500
2026-04-02,654.144775390625,656.5086804928782,643.4522901873171,644.7589215344626,68358700
2026-04-06,657.23681640625,658.0247645183308,653.8356054757206,654.1746977251443,39105800
2026-04-07,657.5260009765625,657.9150134208243,649.386996170508,654.9626585699763,69980400
2026-04-08,674.27294921875,675.3402070755335,669.734652974974,674.6519776493207,93606100
2026-04-09,678.162841796875,679.4096297331154,672.0386657215836,673.1059235004034,57134400
2026-04-10,677.7140502929688,680.2774536083281,676.7066358948267,679.5692561407437,42253500
2026-04-13,684.3369750976562,684.536473353906,674.8414790590384,675.669302461078,54185800
2026-04-14,692.675537109375,692.7952238870419,685.8929616905456,685.9229138241225,63480500
2026-04-15,698.1414184570312,698.480571570673,692.4161778504387,693.4734516118131,58240400
2026-04-16,699.8569946289062,700.9741726960574,696.7350934539525,699.2585607342904,49972400
2026-04-17,708.3152465820312,710.5594650064761,703.9464965121796,704.3255249385737,70661900
2026-04-20,706.8988037109375,708.0857482546458,704.3254772575062,706.9587079747221,43546800
2026-04-21,702.2708129882812,709.4523240430285,700.8345107773317,708.4548936431559,58941400
2026-04-22,709.3825073242188,709.6218808832724,706.4001392457644,707.3278031045794,42518500
2026-04-23,706.6295776367188,710.5295037064266,700.4754491270062,707.6768673789517,56174000
2026-04-24,712.10546875,712.6340752101273,707.1881441382454,708.9236633096505,45182000
2026-04-27,713.332275390625,713.7911152864904,710.4696550399041,711.3374146094498,33135900
2026-04-28,709.8612060546875,711.0481506026886,707.4274735730012,709.9908768700561,43117400
2026-04-29,709.7515258789062,710.3699278433978,706.5497524472755,709.1729992133655,41859200
2026-04-30,716.8132934570312,717.9403946619685,708.6244289610544,712.7936806635566,67240900
2026-05-01,718.7982177734375,723.0073446973263,718.6186267345964,719.3966516418469,43049800
2026-05-04,716.1649780273438,720.2644021704073,713.152718877996,718.2196821209096,51950600
2026-05-05,721.9102172851562,723.1769124909786,719.6360467603954,719.9153564929043,36933200
2026-05-06,731.9443359375,732.7023927493656,725.9497697512824,726.288861980811,53288900
2026-05-07,729.7001342773438,734.238430329629,727.8748196364371,733.161188473549,51724600
2026-05-08,735.724609375,736.1834492768152,732.6824588199246,733.0415191543954,47227100
2026-05-11,737.4002685546875,738.8864300819614,734.5576163199453,734.5576163199453,44024000
2026-05-12,736.2831420898438,736.9414802248905,729.9494836014034,734.9964788307154,54185300
2026-05-13,740.4025268554688,741.9983910774667,733.5800764180441,736.5723674930287,44200200
2026-05-14,746.2474975585938,747.6040491923611,741.649357949993,741.7391534739264,45307600
2026-05-15,737.2706298828125,741.5496453663399,736.0637780312098,739.8838927249178,60410800
2026-05-18,736.751953125,739.5147938000424,731.5054597381557,737.9289136337939,47843900
2026-05-19,731.8446044921875,735.7545755811656,729.650306265128,732.8919551385734,54255900
2026-05-20,739.3452758789062,739.9636778498481,732.0042028263388,733.8195334397973,45768000
2026-05-21,740.8114624023438,742.9559620700644,735.1361419849363,736.7419902854853,43332200
2026-05-22,743.7239990234375,747.015507083493,742.566945697205,744.3224328967863,41762000
2026-05-26,748.6613159179688,750.1973368284331,746.4469887578754,748.0827892360243,41123600
2026-05-27,748.5316162109375,749.4492351039673,746.2973210478585,748.9505199197505,42106300
2026-05-28,752.6609497070312,753.2095851254732,747.3047533704411,748.3221518516883,41562600
2026-05-29,754.5361328125,756.1320579864754,752.7507543048832,753.9576670103595,55075700
2026-06-01,756.5908203125,758.3264003155792,752.7507376917755,753.4189990020213,43634900
2026-06-02,757.6182250976562,758.4461093852723,754.805464031348,755.0847737682097,31581900
2026-06-03,752.3018798828125,756.8501599793441,751.6336185743088,756.2018667594974,51402500
2026-06-04,755.1445922851562,756.3614281257201,749.5389775481502,750.1673635570705,49923000
2026-06-05,735.65478515625,750.8855669656407,733.6400171295905,750.3768677170906,93989400
2026-06-08,737.3204345703125,743.4247643242134,736.2931129658897,741.4498108327123,49319100
2026-06-09,735.1560668945312,744.9807928982774,720.7332622187009,741.7191759970133,87683500
2026-06-10,723.56591796875,736.4826536495077,723.4661992814284,731.5054857614351,60341300
2026-06-11,735.8642578125,738.0984921563339,722.5485255148498,726.8873842592473,86330500
2026-06-12,739.843994140625,742.5270843334097,733.1412911200548,738.8066884479139,57079500
2026-06-15,752.890380859375,754.7356026867302,749.8282623277308,749.9179969688896,60176400
2026-06-16,748.4019775390625,753.4988323298886,747.9531216783239,752.6111046530555,67093100
2026-06-17,739.0560302734375,750.217278570044,737.3204502885575,749.3594421826946,85945200
2026-06-18,746.739990234375,748.22998046875,743.8599853515625,747.760009765625,80875700
2026-06-22,744.3900146484375,750.1799926757812,743.1300048828125,747.7000122070312,46628100
2026-06-23,733.5800170898438,739.6300048828125,732.2999877929688,733.8099975585938,66846800
2026-06-24,733.239990234375,739.9500122070312,730.8400268554688,735.1699829101562,57439500
2026-06-25,734.2999877929688,739.3699951171875,729.5999755859375,738.9099731445312,53934400
2026-06-26,728.989990234375,736.530029296875,716.5800170898438,728.9500122070312,71034000
2026-06-29,741.0,741.5599975585938,732.0900268554688,736.530029296875,58035200
2026-06-30,746.77001953125,748.02001953125,740.8900146484375,741.2899780273438,55626000
2026-07-01,745.760009765625,749.4400024414062,742.3800048828125,745.0,47100900
2026-07-02,744.780029296875,751.3099975585938,740.030029296875,747.4000244140625,57447800
2026-07-06,751.280029296875,752.4099731445312,747.4099731445312,748.739990234375,50673300
2026-07-07,747.7100219726562,750.9600219726562,745.2100219726562,750.219970703125,43721500
2026-07-08,745.4000244140625,746.1500244140625,739.510009765625,743.1599731445312,43767400
2026-07-09,751.7100219726562,751.969970703125,745.5900268554688,747.3499755859375,41441700
2026-07-10,754.9500122070312,755.4199829101562,748.0999755859375,752.0499877929688,42191300
2026-07-13,749.1699829101562,753.9099731445312,748.0,752.469970703125,44013600
2026-07-14,751.8300170898438,753.3400268554688,748.6599731445312,750.9099731445312,35143100
2026-07-15,754.8099975585938,755.5800170898438,750.2000122070312,754.239990234375,43844800
2026-07-16,750.719970703125,754.5700073242188,747.8800048828125,752.760009765625,46409800
2026-07-17,743.2899780273438,747.2899780273438,740.7999877929688,742.0800170898438,62651000
2026-07-20,742.0900268554688,748.72998046875,741.510009765625,747.0599975585938,50422300
2026-07-21,748.280029296875,749.0399780273438,744.1799926757812,746.2899780273438,34324300
2026-07-22,747.4099731445312,750.02001953125,746.3699951171875,746.6199951171875,32836200
2026-07-23,738.1799926757812,742.5599975585938,735.2100219726562,739.3699951171875,55437300
2026-07-24,738.9299926757812,743.719970703125,737.2899780273438,738.510009765625,44782000
2026-07-27,739.0900268554688,745.530029296875,735.8699951171875,744.9099731445312,41461200
2026-07-28,740.8599853515625,742.7899780273438,735.97998046875,739.1900024414062,47322200
2026-07-29,729.4600219726562,742.6799926757812,729.0999755859375,739.969970703125,70697200
2026-07-30,741.6900024414062,742.4500122070312,734.5900268554688,736.0499877929688,66811300
2026-07-31,747.030029296875,748.9000244140625,737.6799926757812,744.6799926757812,62445900
2026-08-03,757.6699829101562,758.5800170898438,748.7999877929688,749.4400024414062,59927500
2026-08-04,771.3300170898438,773.4099731445312,760.52001953125,760.6300048828125,69154800
2026-08-05,769.7899780273438,776.8499755859375,769.510009765625,775.8499755859375,44689100
2026-08-06,768.5599975585938,771.8200073242188,767.4600219726562,770.2100219726562,38416900
2026-08-07,773.260009765625,773.9199829101562,769.6099853515625,771.02001953125,43586300
2026-08-10,773.030029296875,775.0499877929688,771.6199951171875,772.5999755859375,39249500
2026-08-11,770.5599975585938,774.6099853515625,769.3400268554688,774.530029296875,36216318
