Date,Close,High,Low,Open,Volume
2011-08-12,90.7218246459961,91.55899408666268,90.07666133030027,90.93687713131446,313731600
2011-08-15,92.64193725585938,92.73409925108706,91.39769758262304,91.5436285547206,258810600
2011-08-16,91.8508529663086,92.69571041233264,90.8677525124707,91.75869096109938,294095200
2011-08-17,91.91231536865234,93.08742803237828,91.18267201240508,92.35778467613102,238201100
2011-08-18,87.94918060302734,91.94302797185422,87.08896470924157,89.47759452543815,512956300
2011-08-19,86.5129165649414,89.00139016559594,86.40539032575971,86.75869166303396,428281300
2011-08-22,86.58201599121094,88.50213515675973,86.33624097241024,88.45604831216427,275090600
2011-08-23,89.43151092529297,89.53135505570818,86.46684517882835,86.90463230409689,331136600
2011-08-24,90.69109344482422,90.81397805634806,89.032107241201,89.239483446524,246869700
2011-08-25,89.3086166381836,91.7049284040054,88.99372001887416,91.1903376726089,312365400
2011-08-26,90.60660552978516,91.02135207070765,87.44224628778765,88.85545737460578,314495900
2011-08-29,93.2103042602539,93.26406738500569,90.67574355683318,91.82781553843513,190977200
2011-08-30,93.4560546875,94.03209052609166,91.59738045464842,92.80321524237738,241315700
2011-08-31,93.87083435058594,94.86161704608683,93.16423154533838,94.05516424331537,301828400
2011-09-01,92.88771057128906,94.77710761404866,92.764820100342,93.92457401600906,254585900
2011-09-02,90.51445007324219,92.83395817235065,90.1918713393765,90.95223717198584,255517200
2011-09-06,89.85389709472656,89.98446965467585,87.84929216659594,87.85697428417856,285130500
2011-09-07,92.3884506225586,92.42684948842616,90.90611845413945,91.21333867977202,209803200
2011-09-08,91.42839050292969,92.88768217067329,91.2210143615473,91.83545480893568,250568200
2011-09-09,89.03209686279297,91.44376641269108,88.54054675451688,90.38386259042194,380195100
2011-09-12,89.60813903808594,89.67726638994198,87.59585747106236,87.91843615375073,305793500
2011-09-13,90.42994689941406,90.76788980865395,89.26251681436496,89.89999789870755,272514700
2011-09-14,91.6818618774414,92.78017039253926,89.64653417131386,90.89076777405094,319389500
2011-09-15,93.26404571533203,93.29476833087202,91.70490960005078,92.66496936165153,326777200
2011-09-16,93.81603240966797,94.16344555323535,92.88960914026595,93.6384707965594,284528300
2011-09-19,92.88190460205078,93.36056005155318,91.6543932466321,92.2797287756147,241517000
2011-09-20,92.77379608154297,94.17887457974442,92.65027573920199,93.27561109305526,218932200
2011-09-21,90.04087829589844,93.10580503143794,89.89419819516905,92.8201608052414,316251300
2011-09-22,87.13035583496094,88.1725837880949,85.92600405712231,87.43144377942059,513911300
2011-09-23,87.6552963256836,88.13395163690575,86.4818206885115,86.55130566613394,307242500
2011-09-26,89.73977661132812,89.8633028773172,87.22299078739447,88.48138369936129,260673700
2011-09-27,90.74339294433594,92.30287352711854,90.20297444887434,91.50769245485452,311753900
2011-09-28,88.89054107666016,91.47681151742049,88.7592988558881,90.92867704532337,286696800
2011-09-29,89.59307861328125,90.81286785063898,87.95639125662358,90.36509995112924,298108900
2011-09-30,87.354248046875,89.12989425034277,87.29248490326111,88.35787262534177,288392300
2011-10-03,84.8683090209961,87.97183232146008,84.77566433663314,86.84468183362766,365136800
2011-10-04,86.7289047241211,86.91419415111453,82.93828168692318,83.648540153559,459177500
2011-10-05,88.33470153808594,88.56631035176912,86.14216323279419,86.94506632615726,284108000
2011-10-06,89.93277740478516,90.0640255282292,87.63215677342936,88.28837383042456,257800800
2011-10-07,89.33060455322266,90.51951833669044,88.82878941428302,90.45775520480879,312657900
2011-10-10,92.318359375,92.3569569272509,90.84379505165018,90.85151691812369,230666300
2011-10-11,92.41094970703125,92.67344001882772,91.67753180858467,91.77017648746376,209088000
2011-10-12,93.2215805053711,94.29468973936305,92.89733294331359,93.10577612176323,281544900
2011-10-13,93.03630828857422,93.31423648685671,91.96319892467203,92.6734572580356,212538800
2011-10-14,94.62666320800781,94.64982290770794,93.592157354363,94.1171321444374,211397600
2011-10-17,92.82015991210938,94.61124979530874,92.5885510752069,94.17891369242793,202311600
2011-10-18,94.63440704345703,95.34466548609599,92.02497032367461,92.75067249640328,318857900
2011-10-19,93.51494598388672,95.0203911822757,93.19069842363885,94.47997269180699,226601300
2011-10-20,93.92412567138672,94.26381107969004,92.50360324283969,93.74655815904741,262075600
2011-10-21,95.70748901367188,95.82329339577018,94.74246231294526,95.02810644672479,278999400
2011-10-24,96.88094329833984,97.12027388684052,95.77695269478002,95.86187550198113,203215600
2011-10-25,94.99720764160156,96.46404315745427,94.78875862657551,96.41772377191697,268596800
2011-10-26,95.9622802734375,96.32512545146292,94.34875218367792,96.00087781660262,289053800
2011-10-27,99.30513000488281,99.91502181087222,97.74564326561149,98.53310260946003,393220200
2011-10-28,99.2819595336914,99.47496488909896,98.66434004036482,98.81874196866846,225906500
2011-10-31,96.8886947631836,99.2973979868633,96.74973066258235,98.17025323429023,228146700
2011-11-01,94.18661499023438,95.35236900531282,93.81604211012352,94.20977469085578,416565800
2011-11-02,95.7229232788086,96.03945485206701,94.79650003668871,95.59940292855177,244717600
2011-11-03,97.46768951416016,97.66069483993077,95.42183188298063,96.7111060455151,291174800
2011-11-04,96.87323760986328,97.04307735223931,95.7383653295774,96.68023228029236,249401600
2011-11-07,97.47543334960938,97.57579402121385,95.88506510151649,96.80377254410001,196617200
2011-11-08,98.72608947753906,98.83417788687902,97.05080453857519,97.98494967813646,224426300
2011-11-09,95.08216094970703,97.1202970280588,94.85055216759869,96.41775470837123,337982000
2011-11-10,95.97766876220703,96.45632399378025,94.9740389150565,96.34051964371612,231866500
2011-11-11,97.78424072265625,98.039003327419,97.11257993360324,97.14346149873795,189924400
2011-11-14,96.85779571533203,98.3941165185321,96.44090348877444,97.42137387995304,159258300
2011-11-15,97.33647918701172,97.8537322158804,96.28652939972355,96.63393674387547,184709400
2011-11-16,95.79244995117188,97.53721467950236,95.65348581537002,96.35602247021542,235782500
2011-11-17,94.27153015136719,95.85417631907016,93.59215346482182,95.61484568865134,331219600
2011-11-18,94.17118072509766,94.76563466046726,93.77744812943106,94.57262929455999,215580400
2011-11-21,92.38009643554688,92.91278727060369,91.60035306357986,92.79698286644118,229611600
2011-11-22,92.0172348022461,92.71977123060634,91.49997597514765,92.17935859340615,216494900
2011-11-23,89.98680114746094,92.01722094296179,89.98680114746094,91.1525549636182,224329100
2011-11-25,89.81695556640625,90.8669050097212,89.70887305518751,89.84783712533375,99557000
2011-11-28,92.41868591308594,92.78153693244212,91.73158730241168,92.28744368184617,210686000
2011-11-29,92.68116760253906,93.41458554626018,92.34147631573487,92.68116760253906,199241500
2011-11-30,96.49495697021484,96.6725244908936,92.64257168038775,95.33692482420999,324439500
2011-12-01,96.47950744628906,96.99676032856759,96.06261521742036,96.3868627654109,176954800
2011-12-02,96.39460754394531,97.66072236666432,96.33284440867688,97.36735630922442,221109700
2011-12-05,97.44454956054688,98.18568945486048,96.84237376454558,97.92319909580108,225263900
2011-12-06,97.47543334960938,98.13165042714485,97.08942261105246,97.43682991973111,178842100
2011-12-07,97.83828735351562,98.24745780638631,96.4795278633708,97.15118279919378,237802500
2011-12-08,95.69205474853516,97.41366514446129,95.4604518514969,97.19750008453646,240862800
2011-12-09,97.31331634521484,97.56036299954944,96.03947964096653,96.12440248058688,209111400
2011-12-12,95.89277648925781,96.47951439697927,95.08215756088192,96.4640706706926,215826100
2011-12-13,94.99720764160156,96.94269840487138,94.53399022601216,96.39456407914832,245159800
2011-12-14,93.98585510253906,94.98176311351642,93.77741197933639,94.61891222307652,238618800
2011-12-15,94.32557678222656,95.11303603441891,94.17889082846236,94.98179380739617,199109200
2011-12-16,94.46540832519531,95.52201673747257,94.24010743687245,94.96264104339423,220481400
2011-12-19,93.45542907714844,95.03257102994053,93.25342881929278,94.83057077208487,183903000
2011-12-20,96.283447265625,96.44659933312974,93.51762110283511,94.92384077567161,225418100
2011-12-21,96.46987915039062,96.61749542510299,95.36665732730945,96.28342054319393,194230900
2011-12-22,97.32447814941406,97.42548124445408,96.51648895356401,96.82725129316249,119465400
2011-12-23,98.19461822509766,98.2256956414109,97.43324227136215,97.63523658628155,92187200
2011-12-27,98.2723159790039,98.52870023675355,97.93824113850297,98.02370255775286,86075700
2011-12-28,96.9826431274414,98.30340091748171,96.90495253874703,98.28786517070763,119107100
2011-12-29,97.98485565185547,98.08585281197203,97.00593775817569,97.30116432980111,123507200
2011-12-30,97.50318145751953,98.14802463794501,97.50318145751953,97.90717609533789,95599000
2012-01-03,99.05701446533203,99.74070588812671,99.00263045919266,99.25901474274066,193697900
2012-01-04,99.21240234375,99.29786377736836,98.44325536859725,98.82394343727108,127186500
2012-01-05,99.47651672363281,99.62413295317948,98.22568493596472,98.67629853227845,173895000
2012-01-06,99.22016143798828,99.61639113537505,98.8938574177459,99.60084946160438,148050000
2012-01-09,99.4610366821289,99.58533454121577,98.98711627080652,99.445495004183,99530200
2012-01-10,100.32337951660156,100.72736815743225,100.18352817568133,100.5253738370169,115282000
2012-01-11,100.37775421142578,100.50982878435028,99.8494559197278,100.01260198135485,111540700
2012-01-12,100.61857604980469,100.76619226408283,99.86496516467281,100.66520105548697,118983700
2012-01-13,100.09809112548828,100.2612490871395,99.22794694288272,99.94270992928377,179836200
2012-01-17,100.48654174804688,101.24792969979801,100.14469603172178,101.0614651668504,132209200
2012-01-18,101.59752655029297,101.65190462243088,100.28453379735942,100.46322154127367,163395200
2012-01-19,102.13363647460938,102.21909792125365,101.6208677947438,101.94717190334185,126328900
2012-01-20,102.51428985595703,102.51428985595703,101.71406555997967,101.96268491844664,138230200
2012-01-23,102.25012969970703,102.74735650842827,101.76066779954532,102.1724331948228,129295800
2012-01-24,102.13363647460938,102.16470797574055,101.46548657943428,101.6208677947438,103083300
2012-01-25,102.98820495605469,103.22904753819353,101.58198586305859,101.97820960901382,198613200
2012-01-26,102.45993041992188,103.64083702299831,102.0559298163296,103.44660755942085,184880500
2012-01-27,102.4133071899414,102.59199495953695,101.89276184641723,101.96269345610635,135259100
2012-01-30,102.06365203857422,102.1180419559434,101.045891971883,101.39550248913118,147311800
2012-01-31,102.02481842041016,102.69295613320173,101.52757980746959,102.56865833478761,157212000
2012-02-01,102.9183120727539,103.43884562755326,102.65416283983949,102.77846069044121,166234500
2012-02-02,103.08143615722656,103.34559718850956,102.71629573966396,103.1202844137232,113090400
2012-02-03,104.5264892578125,104.58864408873002,103.92827123802238,104.10695896764658,160598500
2012-02-06,104.45658874511719,104.5032019131796,103.97490353537363,104.09143645552963,107694500
2012-02-07,104.72073364257812,104.89943325259296,103.8272830117981,104.23904845257395,135528100
2012-02-08,105.03150939941406,105.05481598283585,104.34781800617876,104.77512512695083,139361400
2012-02-09,105.1635971069336,105.34228488706192,104.5420604769098,105.2024453690898,148602900
2012-02-10,104.3866195678711,104.47208095379578,103.98261921124364,104.23123846295852,167907500
2012-02-13,105.1635971069336,105.28790680390338,104.68191184970712,105.13252561010374,115841900
2012-02-14,105.03150939941406,105.09366424014671,104.3012048393352,104.88389313452701,165329500
2012-02-15,104.54206085205078,105.52874981119827,104.33228971951466,105.37336861684103,195195100
2012-02-16,105.69964599609375,105.79287231820676,104.36334672330355,104.54981122235179,186567800
2012-02-17,105.97933959960938,106.15026243118541,105.62972902768479,106.06480101539739,129869400
2012-02-21,106.02595520019531,106.47656887063842,105.69965120190676,106.22794952632933,134042300
2012-02-22,105.68411254882812,106.08811306746223,105.49764803526858,105.86280029839155,124455300
2012-02-23,106.15025329589844,106.22793794140584,105.27233263243194,105.62971993719488,137704300
2012-02-24,106.38333129882812,106.59310238993832,106.15026548073111,106.38333129882812,105539100
2012-02-27,106.56204986572266,106.84950566242077,105.50544116793701,105.67636403484535,145728900
2012-02-28,106.8728256225586,106.99713533310728,106.38336354653973,106.5931347012373,129355900
2012-02-29,106.45328521728516,107.3622776629048,106.0803561204986,107.02819682888668,185934700
2012-03-01,107.00485229492188,107.2068584477499,106.38331587551926,106.67854834207027,145023500
2012-03-02,106.67853546142578,107.07477095654829,106.43769294350726,106.93491964802865,120638300
2012-03-05,106.24349212646484,106.5931027094813,105.87833987058768,106.51541805482373,140765000
2012-03-06,104.68962097167969,105.21791912003633,104.38662365604716,105.15577615949226,202129900
2012-03-07,105.41995239257812,105.59087521515562,104.82948742192062,104.93049050475875,143692200
2012-03-08,106.46880340576172,106.68635128253064,105.84727868867596,106.0648147106208,116968900
2012-03-09,106.88055419921875,107.16023313961396,106.53870857675194,106.67078313910119,122836800
2012-03-12,106.8883285522461,107.0281680348006,106.50763464725514,106.86502197182034,104003500
2012-03-13,108.8150405883789,108.86943049241385,107.28451248237714,107.46321200579101,184090500
2012-03-14,108.69855499267578,109.11808532197331,108.36447422718555,108.84617124802102,145163600
2012-03-15,109.32789611816406,109.37450929892287,108.58204966154129,108.86174060092142,165118500
2012-03-16,109.47926330566406,109.61971565859578,109.24516414399989,109.52608075664129,152893500
2012-03-19,109.90839385986328,110.24392671267614,109.330951107455,109.40898809529514,125291100
2012-03-20,109.58849334716797,109.72114674280051,108.96423296842117,109.28416804971066,121729700
2012-03-21,109.40901184082031,109.75234370422298,109.18271167103251,109.65090988614331,122388400
2012-03-22,108.62089538574219,108.89401303795363,108.26195368447941,108.605285601016,135216700
2012-03-23,108.97205352783203,109.09690800970874,108.11370575518178,108.71455753078207,120521000
2012-03-26,110.50149536132812,110.50149536132812,109.71337373975432,109.75238034839109,120164000
2012-03-27,110.15812683105469,110.67314254305177,110.08790066308505,110.60291637508213,119868500
2012-03-28,109.61190032958984,110.27517920400025,108.96423123876382,110.10350730490053,148562100
2012-03-29,109.42459106445312,109.62748247957917,108.53502413279338,108.96420377236018,164963700
2012-03-30,109.87718963623047,110.06447128911987,109.28414892890885,109.96302557212466,135486800
2012-04-02,110.68096160888672,110.96968908544977,109.52608742297059,109.74457681201476,151741100
2012-04-03,110.22832489013672,110.71213281747664,109.58065594598652,110.52485117720569,155806700
2012-04-04,109.1358871459961,109.51043854970447,108.73011617969357,109.41680367547099,146896000
2012-04-05,109.08126831054688,109.40120336758143,108.66769837117067,108.76134516028779,137439400
2012-04-09,107.85617065429688,109.12028922089641,107.55964431130656,107.70790748280172,127555900
2012-04-10,106.04581451416016,107.94980316711447,105.93656984915994,107.64547789270131,235360300
2012-04-11,106.9041519165039,107.32552070697568,106.7090713473132,107.13044013778499,154133000
2012-04-12,108.30097198486328,108.38680794996375,106.92760845003417,107.00564547531762,154321500
2012-04-13,107.0134048461914,108.32435256419582,106.91195913218883,108.05123498346917,169246700
2012-04-16,106.94317626953125,107.71568774550616,106.57642382682195,107.55962566295987,147825300
2012-04-17,108.52725982666016,108.74574918438114,107.45041091590892,107.55965559476941,147877600
2012-04-18,108.1605224609375,108.52727505717644,107.98105158621802,108.0434788267245,123884200
2012-04-19,107.46601104736328,108.5818664592935,106.95880620680882,108.17610734956028,198666700
2012-04-20,107.6454849243164,108.33217252447388,107.58305769641333,107.9420112801619,143199600
2012-04-23,106.74031066894531,106.83395746654723,106.07704368097134,106.54523004187475,171844900
2012-04-24,107.14604949951172,107.41916705802316,106.74808942635241,106.8339253527326,137484200
2012-04-25,108.61311340332031,108.65993085803089,108.09809758794616,108.1917324973673,150252200
2012-04-26,109.3699951171875,109.494849564151,108.31655506944303,108.37898229292477,136291600
2012-04-27,109.54944610595703,109.86157026007152,109.08905881126753,109.69770924653206,130725000
2012-04-30,109.1436767578125,109.40899539009546,108.84716237914974,109.33095839705221,115092200
2012-05-01,109.82257080078125,110.5404659272703,108.95641252409163,109.08125504977849,138832200
2012-05-02,109.49486541748047,109.60411009769678,108.82378755135822,109.18272925487877,121081000
2012-05-03,108.65989685058594,109.59628137207257,108.45701730807598,109.51044542970774,143759700
2012-05-04,106.9041519165039,108.69889553441296,106.8417247055501,108.09024511107981,193927300
2012-05-07,106.982177734375,107.34111927640751,106.48277200567237,106.52177859001851,127765900
2012-05-08,106.55304718017578,106.72471909467872,105.28111760638878,106.34235675659905,213377700
2012-05-09,105.92098999023438,106.59986681629883,104.94558677725557,105.42158402146033,220752500
2012-05-10,106.13948059082031,106.78714976057795,105.89758249627494,106.65448444410696,150600000
2012-05-11,105.81954193115234,106.80274406188789,105.42938065449545,105.47619810260991,153032400
2012-05-14,104.64907836914062,105.81956242580534,104.49301620960792,104.80514052867335,163910000
2012-05-15,104.04821014404297,105.19528529121885,103.88434906974794,104.57883569090811,207629300
2012-05-16,103.65023040771484,104.99238594765214,103.62682168722093,104.51638878631653,207265500
2012-05-17,102.1130142211914,103.79851386690478,102.05838592484267,103.67365939534577,247992900
2012-05-18,101.23902893066406,102.69042902030223,101.09076577475231,102.51094630168565,319615900
2012-05-21,102.97915649414062,103.01817499868349,101.40290178346055,101.56677473983025,177861100
2012-05-22,103.15864562988281,103.96237695760966,102.48756771571709,103.24448159239626,197531200
2012-05-23,103.21326446533203,103.36152765124322,101.43413004795153,102.41733215015331,204958400
2012-05-24,103.41613006591797,103.6580281126616,102.5499716976188,103.49416707115314,167357600
2012-05-25,103.08061218261719,103.66585408696942,102.83090325484059,103.37712665088061,135465600
2012-05-29,104.32911682128906,104.50858766403043,102.35490183080432,103.9077479064231,152883500
2012-05-30,102.8153076171875,104.32133651646895,102.60462907551153,103.43956811574802,162370400
2012-05-31,102.5890121459961,103.35372495243135,101.70724380666766,102.7762938545585,196186000
2012-06-01,100.00613403320312,102.61240831451583,100.00613403320312,100.98153715406355,253240900
2012-06-04,99.95930480957031,100.45871067233125,99.21019006204143,100.18559306796317,202545800
2012-06-05,100.71622467041016,100.86447593470973,99.70960203878099,99.76422437232642,164149400
2012-06-06,102.97915649414062,103.02597393688171,101.38729200028823,101.41851156663287,184202800
2012-06-07,103.04161834716797,104.19649264772171,102.8309278772547,104.14967518924763,184772700
2012-06-08,103.86092376708984,103.88433248825275,102.44853011853174,102.77627602836398,143915400
2012-06-11,102.54217529296875,104.75828817780035,102.440729565012,104.6958609534251,169756100
2012-06-12,103.72045135498047,103.79067751293185,102.34708822568456,102.83868323811912,181931800
2012-06-13,103.05717468261719,104.06378523804807,102.70602011263614,103.4161162825985,172223900
2012-06-14,104.14965057373047,104.56322056821183,102.98696570037553,103.267882291606,230615500
2012-06-15,105.21478271484375,105.30890274048241,104.39904789955192,104.61866927168691,169444500
2012-06-18,105.41873931884766,105.67758142139635,104.54025361453947,104.77556570489918,131360900
2012-06-19,106.43843078613281,106.86983434599446,105.39522289354798,105.95212784690968,137382600
2012-06-20,106.26583099365234,106.75214572575743,105.31675547310331,106.4462436698454,206451800
2012-06-21,103.88140106201172,106.50117977483353,103.79512035142314,106.39136904940003,205272200
2012-06-22,104.68145751953125,104.87754895564207,104.02258119816057,104.42261538764838,130029200
2012-06-25,103.00288391113281,103.61468804785041,102.63423116612763,103.57546737888794,146375700
2012-06-26,103.52059173583984,103.83434522723368,102.6970052775799,103.30097027610012,141634000
2012-06-27,104.45397186279297,104.65790262253563,103.51273547929382,103.86569762704725,108088000
2012-06-28,104.15595245361328,104.31283522324186,102.97156414115717,103.76376946649172,169242100
2012-06-29,106.75220489501953,106.88554566319867,105.77174750975475,106.04626839654452,212250900
2012-07-02,107.07374572753906,107.18355643483109,106.29723142899876,107.05021571658143,129524500
2012-07-03,107.7796859741211,107.85811535740979,106.94040899048976,107.05021970186985,80450000
2012-07-05,107.29336547851562,108.08558239670344,106.9011826773436,107.37964617351224,126177500
2012-07-06,106.27371978759766,106.4933412401436,105.77172618628244,106.25802912142393,151192100
2012-07-09,106.14033508300781,106.33642643930796,105.65402038082618,106.1873950935652,103780500
2012-07-10,105.21478271484375,106.85410365987538,104.85396933578359,106.68154230055971,167884800
2012-07-11,105.23047637939453,105.57559910787843,104.61867225834308,105.2696970473527,141733400
2012-07-12,104.72063446044922,105.2853785825866,104.0068709455951,104.61867508316595,143583200
2012-07-13,106.47763061523438,106.58744132092384,104.97948944095941,104.99518010419199,129642600
2012-07-16,106.22663879394531,106.5403922484938,105.81092593908026,106.23449011060309,97525200
2012-07-17,106.95609283447266,107.17571424322867,105.53639302484662,106.65019073167184,138860300
2012-07-18,107.74832916259766,107.96011128575789,106.64238244936672,106.705121182885,113349700
2012-07-19,108.03067016601562,108.3836322904568,107.62280867346854,107.96791948213088,129847300
2012-07-20,107.0423583984375,107.5835724965407,106.92470836340092,107.41885047902203,142904500
2012-07-23,105.9599609375,106.9717994061833,104.97950379957406,105.47365802699943,145210900
2012-07-24,105.05006408691406,106.08543227617442,104.34413993494022,106.03837226183849,173301200
2012-07-25,105.07361602783203,105.54422818429207,104.51671121228203,105.26970741847421,129122300
2012-07-26,106.80709075927734,107.03456354619776,106.09331500076114,106.58746929026812,156526500
2012-07-27,108.77581787109375,109.08173195103375,106.78353447278035,107.37180868472129,236768900
2012-07-30,108.77581787109375,109.29350205003445,108.45423706460285,108.65032846858315,106782000
2012-07-31,108.0149917602539,108.92484675784296,108.0149917602539,108.62679596917982,120575900
2012-08-01,107.92088317871094,108.8150596757574,107.77185176779123,108.79152966018816,138293800
2012-08-02,107.17575073242188,107.90521720651375,106.34432483499593,107.10516067738908,199556600
2012-08-03,109.30135345458984,109.52881421726477,107.2070867261298,108.68169791516699,157825000
2012-08-06,109.51310729980469,109.9445107185759,109.46604728475106,109.59154863720589,86326200
2012-08-07,110.06221008300781,110.53282236175146,109.83473730841403,109.952387385982,109545100
2012-08-08,110.19554138183594,110.3210307976617,109.66216648281106,109.69354781312057,89754700
2012-08-09,110.28962707519531,110.50924844505603,109.92881369987154,110.0386243848019,90291700
2012-08-10,110.47007751464844,110.50929819873878,109.66218168997133,109.84258247462006,99792700
2012-08-13,110.41514587402344,110.4700452409332,109.84255038422683,110.28180516184953,79426900
2012-08-14,110.43083953857422,110.89362438881862,110.10140738705026,110.82302238112236,102379400
2012-08-15,110.55636596679688,110.74461808251726,110.24262440906949,110.31321446428717,71085900
2012-08-16,111.37210083007812,111.50544157576616,110.43870364179,110.71322448227527,112014200
2012-08-17,111.52107238769531,111.61520437894585,111.27008167078307,111.56029305334414,90813700
2012-08-20,111.52897644042969,111.55250645725224,111.05835216703407,111.36425435419949,78255700
2012-08-21,111.19165802001953,112.23486565613086,110.94850661018694,111.80346220233012,105581100
2012-08-22,111.2387466430664,111.41914739855513,110.65047238221709,110.90930252473677,133243500
2012-08-23,110.32886505126953,110.97203860149371,110.15630366666744,110.96419925436412,111466400
2012-08-24,110.99559020996094,111.24659298857708,109.98376368378379,110.05435372709287,99481200
2012-08-27,111.01912689208984,111.4426911143256,110.86225613026888,111.29365970163049,68785900
2012-08-28,110.90927124023438,111.25439395753816,110.5719998373484,110.7367098815825,75689600
2012-08-29,110.99559020996094,111.2936530174498,110.68968805381704,111.00344152708722,65421300
2012-08-30,110.19554138183594,110.548503552758,109.96022927839763,110.5171222224485,96589900
2012-08-31,110.7210922241211,111.23877658544762,110.09359711661685,110.82305165155303,151970400
2012-09-04,110.6191177368164,110.9564012846695,109.9131932408982,110.62695708686941,120226200
2012-09-05,110.52497863769531,110.96422153452436,110.3053571892808,110.66615872518838,100660300
2012-09-06,112.76827239990234,112.77611174911209,111.18385016107325,111.19168951028298,158272500
2012-09-07,113.2074966430664,113.25455666750294,112.85453449132231,112.95649388811144,107272100
2012-09-10,112.56429290771484,113.2937590742576,112.52508420598727,113.09766769174702,86458500
2012-09-11,112.8780746459961,113.2388761780754,112.60354185415521,112.63492318557934,88760000
2012-09-12,113.25455474853516,113.38005612388618,112.8702112746989,113.25455474853516,87640900
2012-09-13,114.98013305664062,115.33309512960983,112.94078998589225,113.238840730294,225470200
2012-09-14,115.4900131225586,116.17240747023614,115.1135089590038,115.20764098412805,169777000
2012-09-17,115.09783172607422,115.4507939114848,114.80760826691647,115.25470247864878,119427800
2012-09-18,115.00370788574219,115.15273930026103,114.71349637439836,114.90174847197041,98326600
2012-09-19,115.06641387939453,115.43506661361597,114.8389531556143,115.13700390038142,128318300
2012-09-20,115.07428741455078,115.13702613300883,114.2271710937301,114.54091255989935,154009800
2012-09-21,115.02619934082031,115.6570440215981,114.97888809542525,115.63338839890056,108737500
2012-09-24,114.85269927978516,115.11292312223064,114.37168163751195,114.45842291832712,95682000
2012-09-25,113.63048553466797,115.31798837568077,113.5989366783706,115.09719451105204,133165200
2012-09-26,112.99174499511719,113.63836417868596,112.72363988443094,113.60682735546055,146502200
2012-09-27,114.05631256103516,114.3165365111687,113.16524376503527,113.46489777410383,111830300
2012-09-28,113.5279541015625,113.99319739252736,113.12579648210564,113.62257659264375,150696100
2012-10-01,113.82756805419922,114.88422560802185,113.55945103636881,113.96162054693576,135911200
2012-10-02,113.9458999633789,114.45845456203368,113.41757093684403,114.27709075468302,113422200
2012-10-03,114.41112518310547,114.6792302527728,113.65412121788466,114.25341702638123,121283100
2012-10-04,115.23121643066406,115.39680576892559,114.68711311165623,114.84482125412053,124311600
2012-10-05,115.2391128540039,116.04344012892258,114.89214767531894,115.84630191670263,124842100
2012-10-08,114.8448257446289,115.2233277078149,114.58460188482589,114.81328892784693,78415400
2012-10-09,113.7093276977539,114.8527270156304,113.66989764561418,114.75810451638513,148872900
2012-10-10,112.98383331298828,113.80393488393075,112.83400637027611,113.69352595152417,124247500
2012-10-11,113.04689025878906,113.93795846076544,113.0232346456708,113.77235713658104,123601500
2012-10-12,112.6762924194336,113.51215633843539,112.43184301282277,113.12577322438308,124181900
2012-10-15,113.6147232055664,113.73300134836917,112.58172065054065,112.94444831004544,107689100
2012-10-16,114.76598358154297,114.8448436843572,114.0720652126995,114.1509132831514,108815500
2012-10-17,115.28646087646484,115.381095430525,114.6713904207183,114.84487306540224,128834100
2012-10-18,114.98675537109375,115.53873983005126,114.60036023364412,114.98675537109376,148108500
2012-10-19,113.07054901123047,114.78170659098093,112.80244403354207,114.7738253971749,185645200
2012-10-22,113.08634948730469,113.2913688647123,112.1952810552783,112.88131807753736,125578600
2012-10-23,111.51717376708984,112.02184725082866,111.05193034334228,111.8641390432287,192056300
2012-10-24,111.20171356201172,112.05335198652456,111.02823099225762,111.91928742887438,120179400
2012-10-25,111.5250244140625,112.19529915319791,110.84688051039554,111.99027974271918,134457400
2012-10-26,111.46189880371094,111.84828182147123,110.70488312227131,111.42246877290624,146023500
2012-10-31,111.46189880371094,111.99810871911546,110.93355804916888,111.85617504704581,103438500
2012-11-01,112.62898254394531,112.77091625310106,111.59598044167,111.69848410971831,100995600
2012-11-02,111.6275405883789,113.33081764843509,111.50926247269238,113.29926879601088,137702200
2012-11-05,111.85623931884766,112.10857000274424,111.1307600257829,111.46196284896432,98378500
2012-11-06,112.73150634765625,113.17309396213949,112.07700612177572,112.19528422124085,107068100
2012-11-07,110.17662048339844,111.72217754616813,109.65617264226928,111.7064151502769,264304500
2012-11-08,108.8517837524414,110.7206613928662,108.7650424945959,110.16078381361675,181517300
2012-11-09,108.94645690917969,109.95580352293281,108.46543922353477,108.5206316622884,201055300
2012-11-12,109.033203125,109.45901635877296,108.78875367298579,109.28553377366067,97677500
2012-11-13,108.6546859741211,109.80597836649333,108.31561404266984,108.45754777238591,123018300
2012-11-14,107.18791961669922,109.15930057366658,106.94347030321198,108.98583011921957,191505000
2012-11-15,107.00662994384766,107.62959349521144,106.59657905214667,107.22742380114138,178128400
2012-11-16,107.53494262695312,107.74785525427387,106.21806088085987,107.16432184443072,239483900
2012-11-19,109.71138000488281,109.7271424011878,107.5665149357724,108.74145117576441,151495800
2012-11-20,109.75871276855469,109.94007662051366,108.8834183075478,109.5379188533787,119807400
2012-11-21,109.96368408203125,110.05831859877024,109.63249335434642,109.85328717280298,81710800
2012-11-23,111.46189880371094,111.50131680215958,110.42888493899449,110.49986380738537,65409200
2012-11-26,111.22534942626953,111.46979881322366,110.54719369196546,110.90992115894316,100124400
2012-11-27,110.65762329101562,111.4934873899093,110.58665642202162,111.11498538957967,128646200
2012-11-28,111.54869079589844,111.6117644350474,109.60884550212535,110.20814133293285,177086500
2012-11-29,112.06908416748047,112.376619179621,111.4776697570289,111.96658051833828,151085900
2012-11-30,112.09276580810547,112.30567841436412,111.70638267093803,112.08488461245136,136568300
2012-12-03,111.54081726074219,112.69999111064698,111.4540759511451,112.60536860285514,124656300
2012-12-04,111.38307189941406,111.87197073633429,111.0834180149225,111.53289884165984,127512200
2012-12-05,111.58019256591797,112.10064016812557,110.68912428023141,111.47767687787041,147300500
2012-12-06,111.95873260498047,112.00604385178765,111.31212551134578,111.47771487517095,103220600
2012-12-07,112.29776000976562,112.51855373852018,111.71422685099668,112.39238245570164,108726400
2012-12-10,112.34510040283203,112.61320542416733,112.09275777167487,112.14008103928602,98840700
2012-12-11,113.11002349853516,113.63835246774538,112.75517712009386,112.81036956314124,152570400
2012-12-12,113.16520690917969,113.9853085514231,113.00749875716694,113.55160210911752,145880100
2012-12-13,112.4712905883789,113.41755154926021,112.18741109687842,113.09424201098115,135715000
2012-12-14,112.0533676147461,112.43186962319965,111.87988502079615,112.22685020869604,137701700
2012-12-17,113.3702163696289,113.43330202468286,112.31354668792335,112.34509553162952,143238200
2012-12-18,114.63191223144531,114.73442794181739,113.38599741197396,113.55159878777803,177762800
2012-12-19,113.78024291992188,114.79748245446757,113.74082491803912,114.7580524202277,150895400
2012-12-20,114.43473052978516,114.45050494823565,113.5357811957999,113.85120940303075,168487000
2012-12-21,113.3960189819336,114.42841044957866,112.72100264679071,112.90365270010027,245883800
2012-12-24,113.046630859375,113.21339464924499,112.91956465529297,113.14986154720398,53874600
2012-12-26,112.57012176513672,113.33250675755562,112.25246842028623,113.27691075747268,106947700
2012-12-27,112.41925048828125,112.83220959798007,111.11685217403146,112.6019005854229,167920600
2012-12-28,111.20417785644531,112.30803946248903,111.07711168595326,111.68860702846145,148806700
2012-12-31,113.09422302246094,113.21333995768173,110.81501801445046,110.91032368032141,243935200
2013-01-02,115.99286651611328,116.06433668852443,114.93665175892882,115.23843086603759,192059000
2013-01-03,115.7308349609375,116.23908766051886,115.42111866146915,115.93732057238319,144761800
2013-01-04,116.23905181884766,116.42965106655801,115.68315249347967,115.92139852369351,116817700
2013-01-07,115.92142486572266,116.0326047560608,115.49257949034747,115.82613127906114,110002500
2013-01-08,115.5878677368164,115.87376057132012,115.13519903314497,115.7149339116397,121265100
2013-01-09,115.88172912597656,116.19939464928365,115.65936931851193,115.84201942085059,90745600
2013-01-10,116.80294036865234,116.81087746255662,115.92143823725459,116.52498455189516,130735400
2013-01-11,116.79497528076172,116.85849625217203,116.42966304781498,116.77113976936072,113917300
2013-01-14,116.71553802490234,116.79495740355549,116.28669276848872,116.652004945519,89567200
2013-01-15,116.79497528076172,116.90615515727634,116.10406051027299,116.17553069138287,93172600
2013-01-16,116.77914428710938,116.96179443123924,116.42971819037155,116.55678442876774,104849500
2013-01-17,117.53350830078125,117.86704788372751,116.85847992629971,117.29526227933505,133833500
2013-01-18,117.79562377929688,117.92268998945316,117.08088543544339,117.50973086529564,169906000
2013-01-22,118.43092346191406,118.43092346191406,117.51764885727825,117.79560463210193,111797300
2013-01-23,118.62152862548828,118.72477143483495,118.2165187174139,118.43094143001828,104596100
2013-01-24,118.65328979492188,119.2330126547421,118.335624303603,118.44680419613974,146426400
2013-01-25,119.32038116455078,119.32038116455078,118.62152913098105,119.026551158482,147211600
2013-01-28,119.1773910522461,119.38386446798785,118.73265950514013,119.35209187006105,113357700
2013-01-29,119.64596557617188,119.7968551620693,118.85975715803735,118.93917655620406,105694400
2013-01-30,119.1773910522461,119.86829358595888,119.06619907719788,119.63004757229031,137447700
2013-01-31,118.8835678100586,119.42359300076598,118.8041605381029,119.03445737978122,108975800
2013-02-01,120.10659790039062,120.24953830735888,119.43156922028096,119.63804273624672,131173000
2013-02-04,118.75656127929688,120.13044228060613,118.66920475388243,119.3760061707743,159073600
2013-02-05,119.95565795898438,120.29713464417988,119.3520997355558,119.3997586355868,113912400
2013-02-06,120.04306030273438,120.12246759773593,119.44745106056804,119.53480756746048,138762800
2013-02-07,119.88420104980469,120.1939172869438,119.01063621802885,120.08273740996304,162490000
2013-02-08,120.55125427246094,120.62272443843283,120.09064856226126,120.09064856226126,103133700
2013-02-11,120.52743530273438,120.63066595146906,120.22565621175086,120.50361191320363,73775000
2013-02-12,120.72596740722656,120.9483271135378,120.40036493809397,120.53536817994757,65392700
2013-02-13,120.82923126220703,121.19454351880721,120.4877545185512,120.9721837513805,82322600
2013-02-14,120.9404525756836,121.08340511382735,120.32896906463758,120.46397238984395,80834300
2013-02-15,120.79750061035156,121.17868714613296,120.35278096565635,121.05162092830534,215226500
2013-02-19,121.70278930664062,121.72661270054748,120.83717368083109,121.003937438179,95105400
2013-02-20,120.1860122680664,121.65518672051391,120.1224791553317,121.61547701034193,160574800
2013-02-21,119.45536804199219,120.24951356450326,119.0741815841426,119.8842134100596,183257000
2013-02-22,120.62277221679688,120.62277221679688,119.5109732467585,120.03510012251948,106356600
2013-02-25,118.32768249511719,121.39308468741677,118.32768249511719,121.21043461074916,245824800
2013-02-26,119.13770294189453,119.28064330536765,118.1132485328793,118.89945688507487,186596200
2013-02-27,120.63861846923828,120.97215804951419,118.93119876062369,119.03444152988621,150781900
2013-02-28,120.4004135131836,121.40103259528014,120.241586818554,120.63071040274151,126866000
2013-03-01,120.79750061035156,120.98015072491535,119.44745536961211,119.9874686188273,170634800
2013-03-04,121.44074249267578,121.44074249267578,120.32894351078956,120.51953069757002,99010200
2013-03-05,122.5286865234375,122.8542890406072,122.01249686856609,122.02838316927354,121431900
2013-03-06,122.69549560546875,123.02903530444696,122.4254890088245,122.96550220211297,94469900
2013-03-07,122.91785430908203,123.07668100465106,122.7113808166123,122.85432120731438,86101400
2013-03-08,123.44198608398438,123.60874986337431,122.82255352513721,123.45787238792131,123477800
2013-03-11,123.91053009033203,123.91846718351745,123.19580393725947,123.34669353167911,83746800
2013-03-12,123.63253784179688,123.96608954041865,123.2593006889505,123.82313708133847,105755800
2013-03-13,123.8072280883789,123.98194099651026,123.2751522745948,123.6960482484493,92550900
2013-03-14,124.46641540527344,124.52201140434927,123.81522242481664,124.1328757639129,126329900
2013-03-15,124.30207061767578,124.46957605547028,123.8872749619136,124.31802757371041,138601100
2013-03-18,123.6160659790039,124.15050836918111,123.00185098126968,123.11352532889491,126704300
2013-03-19,123.32901000976562,124.04691542228794,122.51537494973242,123.87940983944686,167567300
2013-03-20,124.19039154052734,124.39778327471717,123.84738394259298,124.05478784837352,113759300
2013-03-21,123.1294937133789,124.15051989260527,122.92210195470835,123.44855983004008,128605000
2013-03-22,124.1186294555664,124.1186294555664,123.42464172264502,123.52037130363712,111163600
2013-03-25,123.60016632080078,124.65310680503075,123.12156696836625,124.44570279787212,151322300
2013-03-26,124.58926391601562,124.62116566390593,123.97504876767997,124.11065249650322,86856600
2013-03-27,124.58926391601562,124.629150229574,123.64002564265888,123.8474174329308,99950600
2013-03-28,124.97217559814453,125.11576392693178,124.23831350544556,124.5095210278697,102932800
2013-04-01,124.47761535644531,125.1636187085,124.1744939164501,124.90835598606266,99194100
2013-04-02,125.09178161621094,125.40287533003468,124.7328170319905,124.92426399880195,101504300
2013-04-03,123.823486328125,125.25930839476426,123.49644777339665,125.16359098085292,154167400
2013-04-04,124.32601928710938,124.57329737191469,123.71180418602988,123.98301162281035,131885000
2013-04-05,123.76764678955078,123.91920746564055,122.65887552482239,122.80245163590133,159666000
2013-04-08,124.60525512695312,124.61322752321864,123.44064017752981,123.85543604368574,86571200
2013-04-09,125.03596496582031,125.49064704442496,124.42174980004707,124.83654556396095,101922200
2013-04-10,126.56748962402344,126.727022692427,125.3390716085638,125.37097335360734,135711100
2013-04-11,126.98230743408203,127.39710322138014,126.46380965706064,126.59144100262853,110142500
2013-04-12,126.67121124267578,126.86264608581483,125.96925102691308,126.57548164951145,116359900
2013-04-15,123.73572540283203,126.13674238028776,123.71978061695894,126.0330404141514,217259000
2013-04-16,125.56246948242188,125.62628516907864,124.36595274370224,124.66906204082478,147507800
2013-04-17,123.727783203125,124.69297853404225,123.06570928005857,124.66903700620566,226834800
2013-04-18,122.95398712158203,123.96704077137336,122.48336040289752,123.93512686105446,167583200
2013-04-19,124.0229263305664,124.0787696123568,122.93808416345743,123.2412055866719,149687600
2013-04-22,124.57327270507812,124.86840943539353,123.44057230669961,124.26217901940791,106553500
2013-04-23,125.8575210571289,125.97716778124651,124.57326014137904,125.19544744996946,166141300
2013-04-24,125.93732452392578,126.27234760516511,125.66610493012901,125.89743821557987,96781200
2013-04-25,126.44784545898438,127.04610360646232,126.1128223569879,126.30425717436123,131060600
2013-04-26,126.2244644165039,126.51162874065582,125.81764119052782,126.29625245464437,95918800
2013-04-29,127.07008361816406,127.34926356199963,126.36812321702682,126.56754267902281,88572800
2013-04-30,127.3731689453125,127.40508286931885,126.51966013787634,127.04613033961961,116010700
2013-05-01,126.25640106201172,127.15778058429326,126.11282494603417,127.09396491999432,138874200
2013-05-02,127.42896270751953,127.54063705495355,126.45579532062683,126.57544206016651,96407600
2013-05-03,128.72125244140625,129.1280758768344,127.45294776158084,128.53778997006205,144202300
2013-05-06,129.04823303222656,129.2316954037671,128.7610687164463,128.8169119699876,66882100
2013-05-07,129.70237731933594,129.74225146042832,128.96053085247405,129.3274678889551,90359200
2013-05-08,130.2926788330078,130.33256515423605,129.4870286992215,129.5588167744745,97419200
2013-05-09,129.92578125,130.5798708038185,129.5987303872913,130.23687514653784,106738600
2013-05-10,130.3485107421875,130.46018512892348,129.63059353751743,130.01348758197958,103203000
2013-05-13,130.45223999023438,130.66761643389017,129.87792309315046,130.18103242213385,81843200
2013-05-14,131.80029296875,131.89602257670256,130.5559176097369,130.5559176097369,119000900
2013-05-15,132.5101776123047,132.77341263837482,131.54499468830647,131.58488099618236,120718500
2013-05-16,131.88803100585938,132.70166568646937,131.6886115763096,132.23901114932235,109913600
2013-05-17,133.16432189941406,133.2440823692801,132.19912649274443,132.37461656668438,129801000
2013-05-20,133.1563262939453,133.67482407727505,132.90107577129908,133.03667951326665,85071200
2013-05-21,133.34779357910156,133.8503344775121,132.81335092486043,133.27600549978493,95804200
2013-05-22,132.3586883544922,134.86340864995535,131.75245753112335,133.4834171167991,244031800
2013-05-23,131.97576904296875,132.3427061293837,130.77128013413744,130.9467701965626,211064400
2013-05-24,131.86410522460938,131.91994850876407,130.80319237003772,131.1940588443314,151573900
2013-05-28,132.65379333496094,133.83435282849558,132.2629269114471,133.24406699593087,143679800
2013-05-29,131.79229736328125,132.25495184351877,131.09033716270093,131.95183045297827,160363400
2013-05-30,132.2788848876953,132.88511551408973,131.792301039012,131.89600302742485,107793800
2013-05-31,130.3804168701172,132.6617755656729,130.12516633683597,131.9119565845916,176850100
2013-06-03,131.0983123779297,131.18605739674368,129.75023534869374,130.68351663702776,168390700
2013-06-04,130.46817016601562,131.69660071073977,129.80609617635716,131.17013047728656,157631500
2013-06-05,128.64146423339844,130.35646612841512,128.52978986123355,130.09323107154208,211737800
2013-06-06,129.80606079101562,129.81404535611938,127.82782392859114,128.5856151462673,200225500
2013-06-07,131.457275390625,131.57692216606145,130.13312760835328,130.69948407913998,188337800
2013-06-10,131.457275390625,131.93587466396545,131.1142676817161,131.86408659870358,105667100
2013-06-11,130.10121154785156,131.24985698047632,129.81404714679704,130.26074462141668,159505400
2013-06-12,129.02435302734375,131.13022142451206,128.90470625484332,130.99461769181343,177361500
2013-06-13,130.98663330078125,131.21795443029413,128.66538875411464,128.9525531534094,163587800
2013-06-14,130.1649932861328,131.3535370030047,129.94962915002972,130.84302394996004,141197500
2013-06-17,131.1700897216797,131.792277196407,130.19692220036924,131.05043079402125,136295600
2013-06-18,132.2071075439453,132.40652697070135,131.23393976764828,131.241912162944,114695600
2013-06-19,130.3804168701172,132.32675239421872,130.32458576067268,132.09543121807025,206149500
2013-06-20,127.14978790283203,130.39634115159473,126.81476481534274,129.11207989708947,321255900
2013-06-21,127.5580062866211,128.1113059994864,126.27496373168557,128.01508209046645,271956800
2013-06-24,125.94613647460938,127.04473315537447,124.87961033982447,126.22680575491978,222329000
2013-06-25,127.15704345703125,128.3839471101948,126.23485289526822,127.08486329696332,162262200
2013-06-26,128.4159698486328,128.70465367341484,127.70228098125429,128.1994539210476,134848000
2013-06-27,129.1697998046875,129.76320904431878,129.06554909388768,129.18584119927183,129483700
2013-06-28,128.6405029296875,129.4263597100049,128.19144191236327,128.8089069291816,160402900
2013-07-01,129.394287109375,130.29240912974117,129.16975660428346,129.31409239927308,131954800
2013-07-02,129.27398681640625,130.14805273257795,128.70463383119773,129.20180669434257,154863700
2013-07-03,129.33018493652344,129.72311959383046,128.48017451165487,128.68866370998123,75216400
2013-07-05,130.7254638671875,130.77357580727158,129.3461978167907,130.2844173564216,122416900
2013-07-08,131.47120666503906,131.824043828711,130.7735591506848,131.39903876410492,108092500
2013-07-09,132.41749572753906,132.57787297126393,131.72786256712266,132.29720361774588,119298000
2013-07-10,132.465576171875,132.91463724190118,132.01651510184882,132.28915757493667,121410100
2013-07-11,134.26986694335938,134.40618819988163,132.45756877030271,134.00523900916974,135592200
2013-07-12,134.32595825195312,134.6627540155357,134.02124526737558,134.2297343869281,104212700
2013-07-15,134.8391876220703,135.03164760956813,134.46229446071817,134.69485180844424,69450600
2013-07-16,134.33401489257812,135.00760656930936,133.9731630826148,134.92741183998515,88702100
2013-07-17,134.6788330078125,135.10383817832923,134.50241438201328,134.84723705462028,92873900
2013-07-18,135.4165802001953,135.73734690489206,134.87930973532673,134.96751904961852,103620100
2013-07-19,135.6571502685547,135.70526221458528,134.96751715811982,135.13592120522534,103831700
2013-07-22,135.92176818847656,136.11422819441052,135.5288335981938,135.8496002747504,79428600
2013-07-23,135.6331329345703,136.186444943546,135.5609649949653,136.16238896367767,80829700
2013-07-24,135.13592529296875,136.2104662401507,134.86327053055038,136.1543274774179,112914000
2013-07-25,135.4647216796875,135.58501380867327,134.67084991398747,134.895380538226,111088600
2013-07-26,135.60902404785156,135.64912141065577,134.3340086682596,134.89533503952677,107814600
2013-07-29,135.1920166015625,135.56890974001837,134.80710888594643,135.26418450399132,79695000
2013-07-30,135.1920166015625,135.74532832550815,134.87126221121505,135.60099252065052,85209600
2013-07-31,135.28829956054688,136.2024633492258,135.1118809139597,135.47273278706984,142388700
2013-08-01,136.8519744873047,136.97225434464943,136.2425239140975,136.31470406450202,110438400
2013-08-02,137.08453369140625,137.10057508603097,136.36283000127966,136.54726321346777,91116700
2013-08-05,136.88404846191406,137.09254986785828,136.60339137575545,136.77980999493994,54072700
2013-08-06,136.106201171875,136.9161263224441,135.80148812460914,136.61941561758323,87495000
2013-08-07,135.66514587402344,135.86562044511237,135.15995827535713,135.67317268790492,84854700
2013-08-08,136.16233825683594,136.46705130036042,135.46467839245673,136.3066740822953,102181300
2013-08-09,135.76942443847656,136.40293106532772,135.29630729022017,135.98594044578007,91757700
2013-08-12,135.60902404785156,135.76940126307116,135.0236417061013,135.0877950393886,68593300
2013-08-13,136.00999450683594,136.2425396699278,135.04771882880212,135.8496172664968,80806000
2013-08-14,135.3123321533203,136.16234244762458,135.2802493671214,135.9458264667742,79829200
2013-08-15,133.4198455810547,134.26182902310683,133.18728821751864,134.24579986672296,152931800
2013-08-16,132.97885131835938,133.62037266973894,132.71422330206522,133.1632845772303,130868200
2013-08-19,132.12876892089844,133.28350427862458,132.12074210791718,132.82641643452655,96437600
2013-08-20,132.77835083007812,133.27552396857615,132.20098294975796,132.34531880183818,89294400
2013-08-21,131.9603729248047,133.13916432102377,131.66367449038088,132.40943398317458,159530500
2013-08-22,133.1632537841797,133.35571381588917,132.2250340720945,132.2330486515827,101471400
2013-08-23,133.61231994628906,133.78072400982512,132.93071358435665,133.55619341577685,90888900
2013-08-26,133.11514282226562,134.15761325542297,133.02693350324463,133.7486372145078,89702100
2013-08-27,130.9740753173828,133.11514271073557,130.87785141889483,131.80002974206948,158619400
2013-08-28,131.43917846679688,131.90428103820685,130.74954530725785,130.91793713035497,108113000
2013-08-29,131.6476593017578,132.345306996581,131.03019410560475,131.15048620760783,119200500
2013-08-30,131.23065185546875,131.93632627474508,130.8457440976803,131.92028488267144,134928900
2013-09-03,131.82408142089844,132.77834250313848,131.27076955062486,132.49767316036238,142375100
2013-09-04,132.91468811035156,133.1392187312959,131.61561634117348,131.856176123613,97389400
2013-09-05,133.0830841064453,133.43590917791542,132.8986386364491,132.99487477957769,63090500
2013-09-06,133.14723205566406,133.90101866286494,131.89627225477795,133.5241253592645,159756500
2013-09-09,134.4222412109375,134.50242371441064,133.47599467635965,133.47599467635965,87559300
2013-09-10,135.4165802001953,135.44063617354774,134.9274216820316,135.23214699249382,105847200
2013-09-11,135.84161376953125,135.84161376953125,134.99963005421694,135.23217525722728,94545900
2013-09-12,135.480712890625,135.96987133422925,135.29627971103557,135.7934527325361,83209000
2013-09-13,135.78543090820312,135.88968159527556,135.31231388163704,135.62505370685824,72727800
2013-09-16,136.57130432128906,137.31707614017316,136.3547883434198,137.2529228046564,106299200
2013-09-17,137.18069458007812,137.21276511573808,136.69153631831628,136.69153631831628,82523300
2013-09-18,138.7685546875,139.1454480070501,136.78786417360953,137.13267469711195,203460600
2013-09-19,138.53599548339844,139.20959959583092,138.39967419193033,139.1454462405516,146616900
2013-09-20,137.56739807128906,138.86474807876078,137.4545855617542,138.86474807876078,132867100
2013-09-23,136.93080139160156,137.5109835160245,136.49567094610495,137.3820637183181,104616500
2013-09-24,136.6084442138672,137.41425112236433,136.35059239687968,136.9065888354071,106333100
2013-09-25,136.21363830566406,136.9710990110926,136.09277214868786,136.69712752485214,117306500
2013-09-26,136.73739624023438,137.124180170023,136.22168023530307,136.43925157515142,77146900
2013-09-27,136.1089324951172,136.29426475652903,135.75437526761957,136.05252007454015,99141800
2013-09-30,135.38369750976562,135.81077445020296,134.6907026505502,134.9566205693283,143937000
2013-10-01,136.45542907714844,136.58436121863429,135.35147681783454,135.4884626072961,127160000
2013-10-02,136.32640075683594,136.4553328073597,135.23856885658904,135.65759187297272,113350000
2013-10-03,135.06944274902344,136.13311450001117,134.4409139127656,136.01223600341018,176698000
2013-10-04,136.09275817871094,136.22974390776955,134.99686005060178,135.1741385930636,96878000
2013-10-07,134.91627502441406,135.73820169806507,134.77123565028526,134.9082213799537,96295000
2013-10-08,133.34495544433594,135.06938214624023,133.24826252695607,134.89210360061676,178015000
2013-10-09,133.44166564941406,133.9251425500409,132.579446118386,133.60282461628967,168973000
2013-10-10,136.3184051513672,136.39092484979776,134.75513718621562,134.80348365183602,195955000
2013-10-11,137.1967010498047,137.24505980013518,135.99605643951446,136.10886893233985,105040000
2013-10-14,137.7446746826172,137.85748719055837,136.24587290817493,136.35063177113503,112106000
2013-10-15,136.74549865722656,137.9139168028044,136.56016641788094,137.39820061393206,155485000
2013-10-16,138.65525817871094,138.72777787961297,137.5029474277045,137.56741348260945,161676000
2013-10-17,139.58192443847656,139.66251007688976,138.06700296493176,138.0911761973273,129389000
2013-10-18,140.52464294433594,140.62133582269394,139.81552904801558,140.09756633740724,138316000
2013-10-21,140.53271484375,140.81475216978413,140.21845065262147,140.57300764684592,104104000
2013-10-22,141.3466339111328,141.76564477265055,140.55693405809455,140.94373033961415,126663000
2013-10-23,140.66976928710938,140.92762119825755,140.17822640160222,140.86315514655996,105484000
2013-10-24,141.13710021972656,141.31437875479287,140.62138419834457,140.95176804057175,70350000
2013-10-25,141.78176879882812,141.82206161637018,141.15324019122508,141.42721167748454,93625000
2013-10-28,142.0073699951172,142.2007681094842,141.58029325124136,141.73339855482695,84979000
2013-10-29,142.76486206054688,142.8212744672106,142.12827977410376,142.32973157680178,87401000
2013-10-30,142.05575561523438,143.0388414502721,141.54810540547373,142.9340948681288,140002000
2013-10-31,141.65281677246094,142.53920945111736,141.44331136461483,141.94290780405396,133795000
2013-11-01,141.9912567138672,142.31357459523426,141.19350335837098,141.83815141674415,142805000
2013-11-04,142.49082946777344,142.54722955461372,141.8058887140074,142.37801699845588,85677000
2013-11-05,142.03964233398438,142.4264263574085,141.47557973823203,141.93488346061523,85825000
2013-11-06,142.76486206054688,143.03077991558533,142.25719958314238,142.65204954286168,87348000
2013-11-07,140.9597930908203,143.14353516854086,140.82280739526402,143.03072269598644,157000000
2013-11-08,142.861572265625,142.8776918545698,140.89541276188987,140.91152005519095,136713000
2013-11-11,142.88575744628906,143.05497009504123,142.55537349977178,142.72458614852394,62614000
2013-11-12,142.5956268310547,142.9179447460286,142.12019130735374,142.5795072466139,83990000
2013-11-13,143.7399139404297,143.7801944699886,141.89460828867703,141.89460828867703,103844000
2013-11-14,144.45703125,144.57789738753198,143.6351046278637,143.86878325897206,103435000
2013-11-15,145.08555603027344,145.14195612779332,144.50537399374127,144.69070616507705,102818000
2013-11-18,144.5779266357422,145.44819988894812,144.2556086733587,145.32733372696484,104796000
2013-11-19,144.26370239257812,144.94057767899142,144.01390405799552,144.50544707933875,93891000
2013-11-20,143.81243896484375,144.98891081213736,143.41758893628938,144.553780252535,124909000
2013-11-21,144.9727325439453,145.08554502606796,144.1266327802062,144.21527203727675,92841000
2013-11-22,145.69796752929688,145.71408711272045,144.8599336258643,145.02914621707342,81296000
2013-11-25,145.55294799804688,145.98807844465665,145.3434302719108,145.9558515690579,79486000
2013-11-26,145.59324645996094,146.02838925583416,145.37568735766703,145.6254856351737,86994000
2013-11-27,145.9477996826172,146.0445049100082,145.5690693057453,145.74634787771268,58800000
2013-11-29,145.85113525390625,146.4554907867263,145.68997623761652,146.10899951648562,55870900
2013-12-02,145.47239685058594,146.1976185320669,145.24677178098545,145.9236469897869,99726000
2013-12-03,144.84378051757812,145.35949640701136,144.37641107158603,144.99688578556618,116563000
2013-12-04,144.82765197753906,145.43200707443575,143.71564696028162,144.3200020571783,123033000
2013-12-05,144.191162109375,144.8358104169091,144.0541763420661,144.56989252896466,106934000
2013-12-06,145.80276489257812,145.93975064876506,145.16617028340278,145.5851934936258,127728000
2013-12-09,146.1734161376953,146.3909875169971,145.98003028555303,146.2298285416646,70124000
2013-12-10,145.64964294433594,146.1411857996252,145.5610036656562,145.83497514679672,80976000
2013-12-11,144.01390075683594,145.73027446828263,143.8366221436515,145.70610122972522,130591000
2013-12-12,143.5384521484375,144.1266880095147,143.24029509914376,143.94940942744051,115565000
2013-12-13,143.52230834960938,143.96550473003217,143.24833687649019,143.83657263833808,107808000
2013-12-16,144.41673278808594,144.8921559712951,144.15886864392147,144.19916145340207,96195000
2013-12-17,143.95745849609375,144.56987986765552,143.63514051837691,144.54570663410888,89886000
2013-12-18,146.4151153564453,146.43928858046885,142.8856893969936,144.17497309558732,234906000
2013-12-19,146.24598693847656,146.41519960400652,145.61745816093253,145.99617632042884,136531200
2013-12-20,147.0966339111328,147.44501858055847,146.29456168685633,146.39177956558183,197087000
2013-12-23,147.88246154785156,147.97158202744038,147.50978489676484,147.8176455297514,85598000
2013-12-24,148.20655822753906,148.2713742583008,147.88249043612421,147.89058780407177,45368800
2013-12-26,148.9600372314453,149.04106036237977,148.522544466624,148.53873920289558,63365000
2013-12-27,148.95193481445312,149.21928394020773,148.79799828833194,149.15448027252967,61814000
2013-12-30,148.92764282226562,149.08967672981967,148.73319471576394,148.9681420273581,56857000
2013-12-31,149.63255310058594,149.63255310058594,149.0168067141624,149.1302440905241,86119900
2014-01-02,148.19842529296875,149.13014160386993,147.8419433905294,149.05721586026854,119636900
2014-01-03,148.17420959472656,148.74944434777657,147.9635666909158,148.449668552571,81390600
2014-01-06,147.74478149414062,148.71699736559427,147.51793153621463,148.66029105731053,108028200
2014-01-07,148.65216064453125,148.90331503712193,148.2227652580258,148.33619022120848,86144200
2014-01-08,148.68455505371094,148.93570941287723,148.17413660611993,148.62783639847098,96582300
2014-01-09,148.78176879882812,149.17876228737308,148.1012191290869,149.16255519169587,90683400
2014-01-10,149.1868438720703,149.2516598855307,148.27133468022927,149.0329073854007,102026400
2014-01-13,147.20199584960938,149.2193414779922,146.9184271540029,148.8061530346556,149892000
2014-01-14,148.8061065673828,148.88712970151192,147.41259272464544,147.68805160085304,105016100
2014-01-15,149.60816955566406,149.8350194636987,148.83849934180418,149.1544697395948,98525800
2014-01-16,149.4137725830078,149.60822072599845,148.93576813918583,149.30034759019586,72290600
2014-01-17,148.78176879882812,149.43801400624943,148.52251707995177,149.15445782505316,107848700
2014-01-21,149.21926879882812,149.69728542680332,148.3037718276459,149.6405667703482,88621200
2014-01-22,149.31655883789062,149.53531145952826,149.00058832325732,149.47049541006535,61270900
2014-01-23,148.09317016601562,148.5873817066264,147.30730495789385,148.5630772343338,132496900
2014-01-24,144.93338012695312,147.17758653057334,144.88477121088167,147.12897761450188,208677100
2014-01-27,144.22047424316406,145.44385681285388,143.49941285328634,145.0711677028252,180843100
2014-01-28,145.0792694091797,145.26560777269015,144.3095867639093,144.32579386233442,110463200
2014-01-29,143.685791015625,144.65800699978388,143.30500446444992,143.87212942500952,216597300
2014-01-30,145.20887756347656,145.67878448129093,144.423000244662,144.88480979510462,118938100
2014-01-31,144.3582000732422,145.25750244599578,143.33737536460063,143.4102887661334,194677900
2014-02-03,141.10934448242188,144.5121051325067,140.8338856728074,144.18803739912397,254837100
2014-02-04,142.09783935546875,142.46241883140405,141.06080724674717,141.7413572501461,165012400
2014-02-05,141.91958618164062,142.23555668211765,140.73672732853052,141.60361568116363,164230500
2014-02-06,143.7910919189453,143.7910919189453,141.96008512555076,142.25175112791763,132877600
2014-02-07,145.57350158691406,145.7274381509893,143.9936490968729,144.46355615895635,170787200
2014-02-10,145.8408966064453,145.8895179239392,145.1927607219884,145.58974209685832,92218800
2014-02-11,147.43692016601562,147.80960933372947,145.86516507319908,145.96239532178333,117814100
2014-02-12,147.50982666015625,148.12556046284902,147.2181606773239,147.65565347037497,94717700
2014-02-13,148.27137756347656,148.4253140946679,146.5051870448254,146.51328441295342,100542200
2014-02-14,149.0896453857422,149.36510420691204,147.99589510550783,148.13362451609277,96498400
2014-02-18,149.2678680419922,149.47041344960118,148.78985148461808,149.2192467597579,80460900
2014-02-19,148.27951049804688,149.84315579664292,148.157975782743,148.87903725558706,126524300
2014-02-20,149.15452575683594,149.49480074668332,147.9392526377821,148.4820731474718,104998100
2014-02-21,148.9844207763672,149.79460306616468,148.91150733726155,149.4381208806697,118116400
2014-02-24,149.8107452392578,150.8153629312274,149.23551062337577,149.3003266619537,114063900
2014-02-25,149.75401306152344,150.3616494606869,149.2598016290414,149.93225406093626,117085000
2014-02-26,149.7621612548828,150.36979781010294,149.3408631151256,149.97280414356274,98677200
2014-02-27,150.54798889160156,150.58848809192418,149.3732153848072,149.5433590032566,93880800
2014-02-28,150.92880249023438,151.62555951927064,149.9241847012029,150.52371148178065,150842000
2014-03-03,149.86741638183594,150.248202792637,148.8708962926124,149.60005492133354,167748500
2014-03-04,151.97390747070312,152.29797525415432,151.30145507576805,151.33385690915574,167545900
2014-03-05,152.11167907714844,152.3709432657178,151.8686219909639,152.1035817071545,88376900
2014-03-06,152.46005249023438,152.80843720076393,152.13598461465077,152.48436932518032,82516500
2014-03-07,152.52487182617188,153.09200916426587,151.85241922556102,153.09200916426587,114513500
2014-03-10,152.44383239746094,152.50053870317868,151.56883444402814,152.28989585532068,74939200
2014-03-11,151.69039916992188,152.88947764246902,151.34202678238884,152.67072500239104,99009100
2014-03-12,151.73086547851562,151.78758414555313,150.61281049881393,150.95309777624945,104824400
2014-03-13,150.02951049804688,152.30613250992536,149.60822472058095,152.18459778141232,155014300
2014-03-14,149.60816955566406,150.53177628477448,149.42992857615215,149.7621060709146,153919600
2014-03-17,150.96119689941406,151.3176789180939,150.29684179871168,150.361657835053,98359500
2014-03-18,152.0387420654297,152.24128754541803,151.10702544004627,151.26907171395297,101804600
2014-03-19,151.22860717773438,152.26563936880123,150.26448841516466,152.05498409216653,176267300
2014-03-20,152.11167907714844,152.2251040690483,150.6290444500593,150.89640600862262,117241000
2014-03-21,151.52166748046875,153.8164699459679,151.38333017408104,152.75044944260213,163128000
2014-03-24,150.89508056640625,152.22965508121388,150.23593883265067,152.04248187469906,121411000
2014-03-25,151.61119079589844,152.12386210576946,150.7648882753869,151.66001426979915,103852000
2014-03-26,150.520751953125,152.44935359020155,150.48006158765565,152.20522381434162,119843000
2014-03-27,150.203369140625,150.8218204046986,149.65000755322882,150.34170643323534,142383000
2014-03-28,150.94390869140625,151.70069733435002,150.54516297881761,150.63467681564543,101642000
2014-03-31,152.1808319091797,152.416828609481,150.96834081210383,151.90415725506446,99745000
2014-04-01,153.1898956298828,153.2794094785892,152.17269844774546,152.6772242766591,89193000
2014-04-02,153.7025604248047,153.90599985255164,153.1003752485691,153.3851954141977,78774000
2014-04-03,153.4991455078125,153.9792596538902,153.0271644700387,153.93856927845192,77435000
2014-04-04,151.68443298339844,154.36983592406241,151.4403156026668,154.33729107895064,169381000
2014-04-07,150.00807189941406,151.57048498987527,149.69885245722065,151.3182221224456,140803000
2014-04-08,150.6265411376953,150.87065849127953,149.39775917886038,149.9429752967917,112660000
2014-04-09,152.24591064453125,152.29473411517827,150.59398366387555,151.03341973361054,100254000
2014-04-10,149.04783630371094,152.31099961930167,148.86066312641873,152.23776441964205,172959000
2014-04-11,147.70509338378906,149.25937291556778,147.54234439579616,148.21776449207096,167251000
2014-04-14,148.86883544921875,149.21874529966686,147.64819890065772,148.86068992537582,132382000
2014-04-15,149.89418029785156,149.9999727824702,147.7051698872428,149.17808189639138,157093000
2014-04-16,151.46473693847656,151.47287004603055,150.26036650474998,150.92765383291942,105197000
2014-04-17,151.67633056640625,152.0994881402246,151.00091003681766,151.26131851823197,105255000
2014-04-21,152.20513916015625,152.25397502173143,151.52973162023244,151.7168922969481,68329000
2014-04-22,152.89688110351562,153.31189291749425,152.27842993459504,152.35979822640013,85790000
2014-04-23,152.53887939453125,152.92134650942756,152.41682070550357,152.8399781890615,73869000
2014-04-24,152.84814453125,153.30384695865067,152.1157549869619,153.28756832425498,88170000
2014-04-25,151.59487915039062,152.4411939035435,151.25310249056298,152.35168008190143,100380000
2014-04-28,152.07510375976562,152.7342457736239,150.51268984103731,152.2134411340478,135121000
2014-04-29,152.78297424316406,153.0189584602928,152.2377581952869,152.56325623621365,84098000
2014-04-30,153.23870849609375,153.39332444378468,152.3191583336942,152.53074327977941,101508000
2014-05-01,153.25497436523438,153.66998628214427,152.76671482549432,153.16546053018055,93019000
2014-05-02,153.03526306152344,153.91412282153638,152.80741191081154,153.23870247587024,98122000
2014-05-05,153.32823181152344,153.43402429110213,151.86346539679337,152.28662289815043,75883000
2014-05-06,151.99368286132812,153.09226087235527,151.96113801236797,152.98646838355685,85454000
2014-05-07,152.8887939453125,152.96202915503147,151.3670586695092,152.50632684972697,106500000
2014-05-08,152.7260284423828,153.84088485656233,152.23778130687074,152.75045259526684,93618000
2014-05-09,152.9539337158203,153.0190234180733,152.03438335526212,152.75049424964087,83679000
2014-05-12,154.4430694580078,154.51631708838772,152.98644862867468,153.63745727644346,86940000
2014-05-13,154.58139038085938,154.9557119021067,154.42677445892704,154.64648005824205,66454000
2014-05-14,153.8490447998047,154.516332143447,153.62932672117142,154.44308450593033,72367000
2014-05-15,152.49815368652344,153.57231956887262,151.7494982610775,153.53976231470514,154956000
2014-05-16,153.02713012695312,153.092232229652,151.9448309513776,152.5876940379748,97458000
2014-05-19,153.588623046875,153.7106817273666,152.59583772235572,152.73417503256496,63839000
2014-05-20,152.62020874023438,153.5316130899641,152.2296086499149,153.51533446458953,111644000
2014-05-21,153.90603637695312,153.9792716082522,153.03530945941904,153.0597212031854,89093000
2014-05-22,154.28033447265625,154.5976995100597,153.68629477022586,153.94669080291055,61549000
2014-05-23,154.8988037109375,155.00458378243965,154.28033983003843,154.41867716735567,61092800
2014-05-27,155.85084533691406,155.89966880191193,155.38699758552542,155.47651141033967,72010000
2014-05-28,155.7369842529297,156.09503970041752,155.47657577586233,155.85090985740675,66723000
2014-05-29,156.5425567626953,156.5669684990892,155.69625426147576,156.0949999841699,64377000
2014-05-30,156.79478454589844,156.89244388656584,156.2658471531775,156.3960513294316,76316000
2014-06-02,156.9738311767578,157.04707879535923,156.21704259250285,157.01452153887968,64656000
2014-06-03,156.8925018310547,156.9738701585497,156.44493257047833,156.59140301014426,65047000
2014-06-04,157.20985412597656,157.29936797083704,156.46119852212394,156.62394758088195,55529000
2014-06-05,158.23516845703125,158.39791749942088,156.81109260644888,157.3888659864315,92103000
2014-06-06,158.99191284179688,159.0325907751791,158.50365347169438,158.57688865212427,78696000
2014-06-09,159.15480041503906,159.53726769070894,158.82115663550368,158.96763954086947,65119000
2014-06-10,159.17105102539062,159.20359587809554,158.61768919372545,158.959466023448,57129000
2014-06-11,158.61767578125,158.78042486493314,158.25962034697156,158.60139714779393,68772000
2014-06-12,157.49461364746094,158.51995599588065,157.14470389912648,158.43044217843058,106350000
2014-06-13,157.97471618652344,158.12933206763887,157.29929610514907,157.80382168188228,82017000
2014-06-16,158.10498046875,158.43862411088267,157.59232155350134,157.77948235059347,87424000
2014-06-17,158.5443878173828,158.65831337976036,157.71435162465792,157.88524617670174,84834000
2014-06-18,159.7080841064453,159.7975979514545,158.19449426526288,158.54441653828323,105267000
2014-06-19,159.88714599609375,159.98480538596579,159.33379659364527,159.84645561839375,85929000
2014-06-20,160.21176147460938,160.34258962725573,160.01551924563984,160.2853476318007,100587000
2014-06-23,160.16265869140625,160.30165888556718,159.86830166951967,160.2526014613287,70611000
2014-06-24,159.19781494140625,160.66960003241414,159.0179294038133,159.8764717466059,96237000
2014-06-25,159.9174041748047,160.08093312718398,158.82991855061633,158.86261935050848,82782000
2014-06-26,159.8029022216797,159.95825906360886,158.73177343969272,159.9419024285487,84312000
2014-06-27,160.11358642578125,160.16264384547245,159.35315899120386,159.42674512074063,71445100
2014-06-30,160.0318603515625,160.39980357826684,159.87650349493092,160.0155037149544,70201200
2014-07-01,161.1029510498047,161.59355022009925,160.36706477081802,160.42429427069445,90470000
2014-07-02,161.2665252685547,161.4709395675482,161.04576680869195,161.11935296197953,52475000
2014-07-03,162.0596160888672,162.13320222505553,161.60173016175438,161.72437372206824,52938800
2014-07-07,161.4954376220703,161.87973742932755,161.25832256990083,161.74892178491837,61696000
2014-07-08,160.4569854736328,161.25828569691188,160.0645012007809,161.20104372845094,108143000
2014-07-09,161.17654418945312,161.3237289375223,160.51424401428102,160.85765845783487,72992000
2014-07-10,160.53878784179688,160.9639730161399,159.49218777915013,159.6230159060952,99040000
2014-07-11,160.75955200195312,160.8740234891133,160.08089515791195,160.44066625368862,64243000
2014-07-14,161.56900024414062,161.78158653584572,161.43817215242046,161.57717232120305,58658000
2014-07-15,161.2665252685547,161.97789551304402,160.55516750052405,161.6671817861071,111307000
2014-07-16,161.86341857910156,162.10870574850497,161.42187672125894,161.98606216380327,79986400
2014-07-17,160.02366638183594,161.97786622784102,159.7947109300158,161.36462344173327,145398000
2014-07-18,161.658935546875,161.82246441576146,160.45697902205734,160.54692177141285,124330000
2014-07-21,161.35643005371094,161.48725816860198,160.6123591862809,161.1520158028646,67592000
2014-07-22,162.0596160888672,162.35397311007625,161.78978777972088,161.9042592614991,67678000
2014-07-23,162.41941833496094,162.59113182880685,161.9778889566486,162.3049468312164,65612000
2014-07-24,162.42758178710938,162.7628242004315,162.26405285851195,162.57476655636734,56888000
2014-07-25,161.6671600341797,162.10868937095717,161.34827426971347,161.96968916351875,76837000
2014-07-28,161.73252868652344,161.96964368523302,160.7676871082436,161.69981542545443,69259000
2014-07-29,161.0375213623047,162.26400669252246,161.01299265381664,162.03506376233148,80466000
2014-07-30,161.06210327148438,161.82253091515358,160.39163089058985,161.60993206942808,104222000
2014-07-31,157.8814239501953,160.08092378930417,157.78330907978287,159.941923564067,183479000
2014-08-01,157.39898681640625,158.42923023858918,156.63857172594055,157.4480442446354,189261000
2014-08-04,158.5355224609375,158.87076484057556,157.03103650667495,157.70150878949482,91340000
2014-08-05,156.99830627441406,158.29839030533412,156.42594890544714,157.8895618308642,152690000
2014-08-06,157.0474090576172,157.71788140838956,156.23792401713519,156.26245273262336,94818000
2014-08-07,156.19700622558594,157.9140908118847,155.8045343828295,157.75873399508706,135733000
2014-08-08,158.00401306152344,158.11029996727902,156.13157190152958,156.54858487699323,117014000
2014-08-11,158.46194458007812,159.16513016785112,158.3883584372367,158.60094478648642,74544000
2014-08-12,158.2411651611328,158.7481085309297,157.75875050429667,158.3065792211802,73632000
2014-08-13,159.3123016357422,159.49218719051353,158.59277189311365,158.86258774881384,69047000
2014-08-14,160.0645294189453,160.0645294189453,159.42675795869354,159.57394270607392,57371000
2014-08-15,160.0318603515625,160.79227552165426,158.8789607616252,160.6451032215558,139951000
2014-08-18,161.372802734375,161.44638887764782,160.82497398480447,160.91491676317918,75424000
2014-08-19,162.21495056152344,162.3375941049359,161.43817900818502,161.76523677492096,59135000
2014-08-20,162.64833068847656,162.84457286210682,161.9615017954544,161.99420258616487,72763000
2014-08-21,163.12258911132812,163.3351754627557,162.65651858231067,162.78734671078473,67791000
2014-08-22,162.8690185546875,163.2778468506824,162.50107558358195,162.99166205290618,76107000
2014-08-25,163.69496154785156,164.01384734238377,162.83641903135464,163.64590411430171,63855000
2014-08-26,163.80117797851562,164.2018342769362,163.7602926457867,163.80117797851562,47298000
2014-08-27,163.73585510253906,163.99751139652176,163.4823833655301,163.88302741056023,47874000
2014-08-28,163.6458740234375,163.75217342755485,163.03263126390982,163.19616017115933,58330000
2014-08-29,164.11195373535156,164.12829789347623,163.38423945219327,163.89935491516508,65907000
2014-09-02,164.0301971435547,164.34908292479824,163.41695429682036,164.3245542090455,72426000
2014-09-03,163.9402313232422,164.6843022004053,163.71128835741598,164.65977348809938,57462000
2014-09-04,163.703125,164.82331117650244,163.25341112300598,164.21824046232354,85236000
2014-09-05,164.43896484375,164.50437888703135,163.0489507342672,163.67036543076046,102177000
2014-09-08,164.0138397216797,164.5207956232088,163.5314250122434,164.2836680701248,64146000
2014-09-09,162.97537231445312,163.9810867649588,162.6401300054667,163.8666153029212,88591000
2014-09-10,163.58859252929688,163.6948794231787,162.52563625531513,163.06528023008573,67251000
2014-09-11,163.7766571044922,163.8011858100119,162.81181560705713,162.93447161110825,66774400
2014-09-12,162.82003784179688,163.6295102641915,162.353967376153,163.61316610769742,117409300
2014-09-15,162.69737243652344,162.97538527482644,162.20678576440062,162.8445571716785,76401000
2014-09-16,163.92388916015625,164.2182462102684,162.30493162276784,162.3948744013148,116201000
2014-09-17,164.14462280273438,164.9050377316281,163.3269659020981,164.16097943415429,151266000
2014-09-18,165.01956176757812,165.04409048244028,164.43084765797215,164.64343401226316,94990000
2014-09-19,164.87083435058594,165.8566066529436,164.53402494905814,165.54445315364154,121649000
2014-09-22,163.59751892089844,164.6079469991103,163.25249928496268,164.58330363474155,125553000
2014-09-23,162.6610870361328,163.68793600555767,162.61180029116483,163.00610678568628,111393000
2014-09-24,163.9343719482422,164.04116824547012,162.2585600509073,162.68572017026568,107276000
2014-09-25,161.2891845703125,163.51539818553277,161.2316875581392,163.50717537324027,150300000
2014-09-26,162.57070922851562,162.9732385009077,161.35492366761738,161.58493681333388,103547000
2014-09-29,162.2749786376953,162.56250134145887,161.05098278029266,161.17419963346188,95112000
2014-09-30,161.84780883789062,162.8993010379308,161.51099941301544,162.3981983070698,131302000
2014-10-01,159.65447998046875,161.6424580462418,159.29302714400507,161.5849484882693,177798000
2014-10-02,159.6791229248047,160.23772273618704,158.01152123494995,159.51481706519604,157285000
2014-10-03,161.43707275390625,161.78209246427897,160.25414086989917,160.74702079838477,121569000
2014-10-06,161.24810791015625,162.32425593280718,160.6648648377657,162.11066336986852,104778000
2014-10-07,158.75901794433594,160.77986168401748,158.7261643015165,160.41840893913346,147913000
2014-10-08,161.53562927246094,161.76564238855954,158.01970017235396,158.84938944579716,186461000
2014-10-09,158.33187866210938,161.50278833760757,158.2004390040593,161.280985481495,210705000
2014-10-10,156.52456665039062,159.0793662461202,156.48350273778465,158.29075360946217,221909000
2014-10-13,153.95338439941406,157.02570787709192,153.86302120684854,156.45889788893538,230939000
2014-10-14,154.19161987304688,155.93316403572277,153.64944067519184,154.78308580983855,215847000
2014-10-15,153.14837646484375,154.18344838200522,149.44350941703738,152.10510680216515,380715000
2014-10-16,153.0169219970703,154.09305765843254,150.24031850944425,150.37996845823096,270391000
2014-10-17,154.82415771484375,155.87564989713857,154.1258955077184,154.78308125534656,214625000
2014-10-20,156.32745361328125,156.450670447327,154.49555898341168,154.54484571703,130011000
2014-10-21,159.4244384765625,159.5312222248781,157.2967983010323,157.4610915970967,154949000
2014-10-22,158.29075622558594,160.11444021330956,158.2250364156496,159.70370080228662,151822000
2014-10-23,160.13092041015625,161.17420241249158,159.58053089854948,159.8762638860313,154944000
2014-10-24,161.36314392089844,161.41244319926489,159.76948489414252,160.39380453756925,117927000
2014-10-27,161.1413116455078,161.3795350224625,160.21303643352377,160.7880691837367,82954000
2014-10-28,162.98963928222656,162.99784955909732,161.60954814673516,161.68349077766734,106736000
2014-10-29,162.7431640625,163.57285313029982,161.66702885002775,163.10461673671668,142557000
2014-10-30,163.78651428222656,164.25475087204973,162.15997656656242,162.30784932924865,113330000
2014-10-31,165.65948486328125,165.7909245328237,164.92836893676946,165.75805834804967,146903000
2014-11-03,165.74981689453125,166.3084165828584,165.37193104936478,165.87303372731682,93600000
2014-11-04,165.1748046875,165.61018759726343,164.34510279416602,165.30623181391417,93343000
2014-11-05,166.21807861328125,166.42344838893314,165.48696271335152,166.3823719268475,91709000
2014-11-06,166.883544921875,166.97390816258667,165.64311546736198,166.25922505363735,107089000
2014-11-07,167.03952026367188,167.25311280471678,166.4398441629601,166.8998703517129,89540000
2014-11-10,167.5653076171875,167.61459435889068,166.86705788509786,167.0724276653789,66319000
2014-11-11,167.7296600341797,167.83645636868417,167.29427694935828,167.63108651604082,54499400
2014-11-12,167.5488739013672,167.7788870344358,167.01490499370564,167.04777117544438,90120300
2014-11-13,167.73777770996094,168.26352370179112,166.93273190195265,167.71313434587307,85357900
2014-11-14,167.77890014648438,167.98426992668655,167.3517274939264,167.66389357096222,80417500
2014-11-17,167.88563537597656,168.05815145677695,167.29416957719377,167.4584753816791,80441000
2014-11-18,168.85504150390625,169.1589847777636,167.94319914755718,167.94319914755718,76068100
2014-11-19,168.5839080810547,168.85499763383794,167.82814896485908,168.65783817687546,82373000
2014-11-20,168.87966918945312,168.98646547998158,167.72959096735502,167.79531079731285,72840300
2014-11-21,169.7832794189453,170.7361980993706,169.2082466065422,170.57190480079473,142327300
2014-11-24,170.25973510742188,170.36653138985446,169.97222497477443,170.18580500486468,65880800
2014-11-25,170.13648986816406,170.6950894850466,169.88183342312803,170.48971976682105,79108300
2014-11-26,170.57192993164062,170.6705034183542,170.07082714955146,170.28440721568992,62167800
2014-11-28,170.21046447753906,170.76085396216712,169.97224105738928,170.44870043246496,57890100
2014-12-01,169.02752685546875,169.66827951941994,168.71537333634876,169.55327295242296,103968400
2014-12-02,170.1201171875,170.32548697864857,169.04398148744573,169.06862485960139,74507200
2014-12-03,170.77728271484375,170.99086275971644,170.1283197673002,170.2926130737235,68952000
2014-12-04,170.58837890625,171.08948173499218,169.79975333478853,170.48979287558095,91316600
2014-12-05,170.86766052246094,171.2537567196929,170.4979974177091,170.76086422350582,91025500
2014-12-08,169.72579956054688,170.96622850516556,169.16718724719559,170.4733485596189,108588200
2014-12-09,169.61080932617188,169.71760563197813,167.50782460578156,167.88569801362604,125180100
2014-12-10,166.89169311523438,169.20825760572254,166.70274390155328,169.1507605881323,159856400
2014-12-11,167.73777770996094,169.38073550127686,167.34347134978162,167.4831212578707,159012800
2014-12-12,165.02691650390625,167.43385650213014,164.99406285906872,166.46450475996315,202330200
2014-12-15,163.893310546875,166.37418123860553,163.29363424109798,165.92236517201553,189965800
2014-12-16,162.57887268066406,166.26730447867547,162.53779623361766,163.1292619737248,259543800
2014-12-17,165.7662353515625,166.21805129068335,162.89105896505168,163.01428833105243,253910100
2014-12-18,169.86541748046875,174.9503742225222,167.5159871654493,168.18960592590847,257633900
2014-12-19,170.58819580078125,171.25726426516715,169.8365210008595,170.5138450572161,245084600
2014-12-22,171.3729248046875,171.3729248046875,170.5386561795622,170.77819441316655,148318900
2014-12-23,171.6042022705078,172.0006849849126,171.3150926763629,171.95112622110676,122167900
2014-12-24,171.6207275390625,172.0915484032343,171.57942436754888,171.82723079267222,42963400
2014-12-26,172.17417907714844,172.51284748587747,172.01723456559301,172.06679333682945,57326700
2014-12-29,172.40538024902344,172.6118834342006,171.92629134693792,171.9923738786691,79643900
2014-12-30,171.48028564453125,172.11630651218846,171.40593490341297,171.98415402522033,73540800
2014-12-31,169.77871704101562,171.96765918962677,169.65482012488775,171.80245910013662,130333800
2015-01-02,169.6878662109375,170.88559529706598,168.65534982907482,170.47258874432092,121465900
2015-01-05,166.62332153320312,168.81225065477216,166.31770079651972,168.6470505972124,169632600
2015-01-06,165.05393981933594,167.44937271154942,164.26096171619886,166.928980437492,209151400
2015-01-07,167.11065673828125,167.44932502984875,165.9294644192436,166.3755058100245,125346700
2015-01-08,170.07606506347656,170.2908365016817,168.49838987366132,168.51490105817123,147217800
2015-01-09,168.71315002441406,170.5055966664213,168.10189588592164,170.4890728778248,158567300
2015-01-12,167.3914794921875,169.00221444503197,166.78849371110647,168.8452700051996,144396100
2015-01-13,166.92071533203125,169.72915460451395,165.62386881945937,168.60577637472915,214553300
2015-01-14,165.91297912597656,166.11122679229365,164.0214148168744,164.91349780540452,192991100
2015-01-15,164.39312744140625,166.86289849504993,164.2774861138506,166.54902209394717,176613900
2015-01-16,166.54901123046875,166.70595572276284,164.0048895862307,164.18661346110187,211879600
2015-01-20,166.9041748046875,167.44934637710867,165.34301083199585,167.18501618298058,130991100
2015-01-21,167.74667358398438,168.22576249946007,165.97900677362105,166.44157190471358,122942700
2015-01-22,170.24127197265625,170.3734244640465,167.12719965980176,168.49838416512793,174356000
2015-01-23,169.30789184570312,170.24129060330148,169.17572673589194,169.98521597655784,117516800
2015-01-26,169.704345703125,169.795207625169,168.3827326417059,169.09310423115286,92009700
2015-01-27,167.46592712402344,168.6058168130193,166.63991389236418,167.6559066381958,134044600
2015-01-28,165.3183135986328,168.7462640058661,165.12833405467558,168.64714643579512,168514300
2015-01-29,166.84634399414062,167.1024059669704,164.11223080965064,165.51646277051452,173585400
2015-01-30,164.74826049804688,166.99501645954078,164.4839429399654,165.67340346122168,197729700
2015-02-02,166.78851318359375,166.8793751012651,163.43490302874275,165.24387318713673,163107000
2015-02-03,169.200439453125,169.20870764670462,167.30887590457252,167.68057910100075,124212900
2015-02-04,168.55618286132812,169.6465258907375,168.1018732657409,168.4405415646292,134306700
2015-02-05,170.2577667236328,170.40645559253682,169.14265692465472,169.2169950571287,97953200
2015-02-06,169.78700256347656,171.18296677943948,169.26661025471967,170.62127129310568,125672000
2015-02-09,169.02706909179688,169.8613378071158,168.62231812482196,169.14271042465256,87219000
2015-02-10,170.82774353027344,171.08380553916865,169.0683318377307,170.05955750358785,96164200
2015-02-11,170.9268341064453,171.35636432033186,170.0182275279404,170.6625165467923,91087800
2015-02-12,172.5706329345703,172.62845989396322,170.9599101194834,171.719840560346,97545900
2015-02-13,173.28102111816406,173.33057988581692,172.43848425618765,172.6945588956595,93670400
2015-02-17,173.5535888671875,173.72705713986363,172.7193202893553,172.9671141018099,76968200
2015-02-18,173.57012939453125,173.64446754543653,172.91757201491595,173.18190224563585,80652900
2015-02-19,173.4461669921875,173.80961464663997,172.83492557693128,172.97534624270514,91462500
2015-02-20,174.48696899414062,174.56130712996128,172.41366855501633,173.0331782281016,140896400
2015-02-23,174.4622039794922,174.4622039794922,173.85920543986055,174.2391769497112,74411100
2015-02-24,174.95787048339844,175.1561182076433,174.0905540202754,174.38791930466152,72472300
2015-02-25,174.80911254882812,175.31298091762983,174.47044423780673,174.83389192729734,73061700
2015-02-26,174.6026153564453,174.87520113297848,173.99961684898244,174.7182566612815,72697900
2015-02-27,174.00791931152344,174.7678498363769,173.95836054311377,174.5035195995795,108076000
2015-03-02,175.10647583007812,175.16429017790526,174.0574359382095,174.1069946946203,87491400
2015-03-03,174.38783264160156,175.15603116282256,173.52878480470744,174.67694218695533,110325800
2015-03-04,173.65267944335938,173.86745085276726,172.68624591289165,173.79310011661133,114497200
2015-03-05,173.84263610839844,174.12347739776735,173.33876786384678,173.97478855966102,76873000
2015-03-06,171.39768981933594,173.41316346565193,171.06728967572505,172.98363319579175,188128000
2015-03-09,172.10809326171875,172.46327285150772,171.43902465475077,171.59596916334027,89818900
2015-03-10,169.3162078857422,170.82781378347084,169.27490469868582,170.74522001332122,157121300
2015-03-11,168.919677734375,169.74569082843064,168.83707138338562,169.57222253293673,110145700
2015-03-12,171.0673065185547,171.13337647061587,169.497874171987,169.5474329380123,93993500
2015-03-13,170.0182647705078,171.75288458432593,168.98574847515465,170.7947190412468,162410900
2015-03-16,172.289794921875,172.3806568570192,170.0430385291803,170.74515462838175,136099200
2015-03-17,171.77767944335938,172.1576383881858,170.96817757941653,171.55465239072544,94510400
2015-03-18,173.84263610839844,174.51170436999337,170.67073780298216,171.3067711027498,228808500
2015-03-19,173.04978942871094,173.85102335228262,172.66156216248703,173.42976109921457,117917300
2015-03-20,174.57725524902344,175.08337297347543,173.8139324393983,173.99646753085457,177715100
2015-03-23,174.23695373535156,175.15792099721838,174.23695373535156,174.5854261235966,71784500
2015-03-24,173.25799560546875,174.56891073329592,173.1916180726312,174.112585767895,77805300
2015-03-25,170.71913146972656,173.69776520861421,170.67765658234543,173.46545013430293,159521700
2015-03-26,170.31253051757812,171.22519296417158,169.35836787678124,170.05532553117254,153067200
2015-03-27,170.70254516601562,170.87677514019603,170.00558728862822,170.19642747397884,118939000
2015-03-30,172.7851104736328,173.08380312779929,171.71480251466664,171.73138740751446,96180400
2015-03-31,171.2750244140625,172.66063503633413,171.2169519772045,171.96367717248643,126768700
2015-04-01,170.66929626464844,171.26668130825644,169.6819511881236,171.24179131979093,137303600
2015-04-02,171.28326416015625,171.73129657431807,170.42036909998382,170.6029041065504,86900900
2015-04-06,172.4365692138672,172.95097921240085,170.26275905467685,170.3955014457633,114368200
2015-04-07,171.98020935058594,173.20816176547933,171.94702692216907,172.46143685403993,81236300
2015-04-08,172.56101989746094,173.0007599290921,171.81429488606952,172.20425493830373,89351900
2015-04-09,173.3243408203125,173.55665582878575,171.90556078000932,172.3950807864195,85548900
2015-04-10,174.27023315429688,174.3117206984161,173.37416803447064,173.57328798988937,72722900
2015-04-13,173.4819793701172,174.75972452913572,173.4321993930522,174.12914439239796,74436600
2015-04-14,173.8139190673828,173.99645414479616,172.66063616566487,173.28291138587718,75099900
2015-04-15,174.5937957763672,175.09991337221425,174.195543250851,174.27851832960081,99529300
2015-04-16,174.5439910888672,175.05010861308017,174.0627635527124,174.26189611739576,68934900
2015-04-17,172.53610229492188,173.5981172194862,171.75618231527255,173.35750980416844,191113200
2015-04-20,174.1126251220703,174.444500201051,173.37419231014897,173.45715474978277,92189500
2015-04-21,173.9051513671875,174.95056896762836,173.60645881560166,174.79292391814982,72559800
2015-04-22,174.75973510742188,174.94227014118775,173.3243448273341,174.24531243943684,78264600
2015-04-23,175.19943237304688,175.84659727650632,174.2452699003557,174.3614273789198,102585900
2015-04-24,175.6060333251953,175.87154345258304,175.15800081050318,175.6143384293135,61327400
2015-04-27,174.87596130371094,176.2947419340959,174.68512109149293,176.17029193501781,79358100
2015-04-28,175.4318389892578,175.48161898319196,173.6811707946478,174.8510512929891,86863500
2015-04-29,174.71009826660156,175.30747117718374,173.9052875020427,174.54414798342023,125684900
2015-04-30,172.9593048095703,174.52743764078912,172.2623470377464,174.1374775440112,161304900
2015-05-01,174.83436584472656,174.8758533722215,173.63959595008126,173.7391558878964,103399700
2015-05-04,175.3321990966797,175.91298652826424,175.1496640952936,175.25751647959154,70927200
2015-05-05,173.3243408203125,175.44838364955402,173.1832933266122,175.09160603354397,113326200
2015-05-06,172.61085510253906,174.17898825634953,171.54883966822416,173.87200317837147,135060200
2015-05-07,173.29946899414062,173.7226241798103,172.17938137022506,172.5112563713364,88244900
2015-05-08,175.58111572265625,175.78024828688288,174.8841707381896,174.96714580500512,155877300
2015-05-11,174.74317932128906,175.80519468415648,174.66850933332694,175.5396971735505,75708100
2015-05-12,174.22036743164062,174.75967991935306,173.09197515207248,173.9133825446233,119727600
2015-05-13,174.2536163330078,175.2492539083147,174.02130132077684,174.62697884122056,94667900
2015-05-14,176.0706787109375,176.16194623607984,174.99206595749692,175.26586853292397,95934000
2015-05-15,176.26158142089844,176.4026289908128,175.780353597542,176.26158142089844,76510100
2015-05-18,176.80908203125,177.05798191288406,176.02916197488247,176.09553949672417,74549700
2015-05-19,176.75103759765625,177.19908280806544,176.46894256012197,176.92528021508664,72114600
2015-05-20,176.62657165527344,177.37329672479893,176.31128154758866,176.85058157999936,76857500
2015-05-21,177.1409912109375,177.34841625919387,176.319583462163,176.48553362894427,64764600
2015-05-22,176.71783447265625,177.17415941398292,176.65145694332057,176.75930935079924,57433500
2015-05-26,174.81777954101562,176.6514220283665,174.4029295598266,176.228266945015,124308600
2015-05-27,176.47723388671875,176.70954893500715,174.86761343770593,175.2741711023209,93214000
2015-05-28,176.27810668945312,176.38595910443956,175.5894540174039,176.1702416142466,74974600
2015-05-29,175.18289184570312,176.2531994850872,174.91739437695398,176.2117246051281,124919600
2015-06-01,175.5397186279297,176.1785788166493,174.75149312458691,175.84670372277478,93338800
2015-06-02,175.3654022216797,176.05405477905722,174.46103221002957,175.08330724450371,91531000
2015-06-03,175.8300323486328,176.45230738355588,175.34051235961232,175.8964098715841,87820900
2015-06-04,174.3449249267578,175.78030287485055,174.0296347672078,175.12484522024155,151882800
2015-06-05,174.0461883544922,174.7182433899041,173.3907182052303,174.1955282911533,121704700
2015-06-08,172.97586059570312,174.08766826979198,172.90119063064117,173.93831567945017,89063300
2015-06-09,172.9510040283203,173.49031675404825,172.32043643447227,172.9510040283203,105034700
2015-06-10,175.02523803710938,175.40690566336218,173.65623790120128,173.71431032637201,134551300
2015-06-11,175.5894317626953,175.971086709297,175.2326541454266,175.46496915471943,73876400
2015-06-12,174.24530029296875,175.4649603607381,173.97149776140645,174.76801536778927,135382400
2015-06-15,173.4985809326172,173.78067591599498,172.40337077095992,173.1086208896227,124384200
2015-06-16,174.44444274902344,174.52741782155275,173.17500263268036,173.3492325606859,85308200
2015-06-17,174.72654724121094,175.33223745113244,173.7060196267391,174.72654724121094,126708600
2015-06-18,176.5435333251953,177.00816321623205,174.75968370920458,175.32387353111633,165867900
2015-06-19,175.7598876953125,176.3768569276957,175.38470903205058,176.30182373940372,130478700
2015-06-22,176.6603546142578,177.24396738249402,176.45192057404458,176.67703289958004,70696000
2015-06-23,176.78538513183594,177.1188871824413,176.39354089530357,176.8687638249379,68476800
2015-06-24,175.50140380859375,176.89374121005542,175.47639274978548,176.51856260613104,92307300
2015-06-25,174.96783447265625,176.12672698393885,174.89280128717357,176.00167167480106,97107400
2015-06-26,174.9344940185547,175.56812880012623,174.38422520408892,175.32633823537532,104174800
2015-06-29,171.2660675048828,174.94284674557986,171.19103430939182,173.45879751078752,202621300
2015-06-30,171.62460327148438,172.85019651331748,171.14936752710608,172.80016165458957,182925100
2015-07-01,173.00021362304688,173.44209266901464,172.21649977644702,173.19196933387408,135979900
2015-07-02,172.84182739257812,173.64221963939704,172.4249593461065,173.47547496516904,104373700
2015-07-06,172.34986877441406,173.12523697625988,171.35772111861647,171.5578222941568,117975400
2015-07-07,173.4337615966797,173.55881690458054,170.17385087151584,172.55000349604325,173820200
2015-07-08,170.52401733398438,172.3832449894244,170.29057227957045,172.0997778121791,164020100
2015-07-09,170.8324737548828,172.8751368028293,170.72409674318993,172.61666799820853,144113100
2015-07-10,172.9835205078125,173.40038845669895,170.87416970419113,172.82510865174763,129456900
2015-07-13,174.89279174804688,175.0011687694546,174.20078939102447,174.24247873239707,106069400
2015-07-14,175.6514892578125,175.95998021965312,174.79274222056702,174.85110984533196,81709600
2015-07-15,175.5931396484375,176.15174124239255,175.11790402148668,175.69318389756324,97914100
2015-07-16,177.00218200683594,177.00218200683594,176.40189097866778,176.6436688574949,106683300
2015-07-17,177.15223693847656,177.21060456995625,176.58530251623148,176.99382504937782,89030000
2015-07-20,177.2439727783203,177.73587407496547,176.9271616783784,177.37737362135093,70446800
2015-07-21,176.54359436035156,177.36899756318357,176.24344889766735,177.11052872219872,77965000
2015-07-22,176.22674560546875,176.56024758434305,175.82655595261932,175.85989978960689,88667900
2015-07-23,175.2345733642578,176.46016593125447,174.87607309917067,176.36012171249487,90509100
2015-07-24,173.41708374023438,175.39303394072115,173.08359443714681,175.3346790374915,117755000
2015-07-27,172.40826416015625,173.04191167062774,171.96638509196006,172.53333219491864,132361100
2015-07-28,174.52597045898438,174.66770406215596,172.41661925106152,173.24200980610797,123544800
2015-07-29,175.7265625,175.9516620887631,174.50930218850357,174.65103579980737,105791300
2015-07-30,175.76820373535156,175.9349483664293,174.60096587420767,175.21793500317514,91304400
2015-07-31,175.50140380859375,176.2934503550564,175.21793666089977,176.2684392962481,103266900
2015-08-03,174.9095001220703,175.52646944872632,173.95904142640262,175.46811453396106,113965700
2015-08-04,174.5676727294922,175.29301908230389,174.0841042536832,174.83446167232952,81820800
2015-08-05,175.1429443359375,176.17676893261617,174.85946440032282,175.4597553953376,85786800
2015-08-06,173.7088623046875,175.43468882799883,173.1252370562084,175.32629910097288,116030800
2015-08-07,173.37538146972656,173.7005379686232,172.4749451523665,173.55047160996344,117858000
2015-08-10,175.5598602294922,175.6432262270884,174.4843332695077,174.4843332695077,80270700
2015-08-11,173.97567749023438,174.64266878819345,173.21697472978343,174.22580081719414,126081400
2015-08-12,174.18409729003906,174.36752020008473,171.21599961373644,172.6750373934088,172123700
2015-08-13,173.96730041503906,174.70932470561127,173.42536455764736,174.02565530078417,89383300
2015-08-14,174.6009979248047,174.67603111429312,173.63386107650172,173.7755946750251,72786500
2015-08-17,175.5764617919922,175.5764617919922,173.55048941147336,174.00904675741438,79072600
2015-08-18,175.0677947998047,175.65140716569104,174.83434985345016,175.3012397461592,71692700
2015-08-19,173.68392944335938,175.09293292005876,172.8752043202157,174.32589715083267,172946000
2015-08-20,170.05709838867188,173.6588305616013,169.99873077406508,172.17478180084714,194327900
2015-08-21,164.93800354003906,170.03213129099785,164.67954740121536,168.18956903137342,346588500
2015-08-24,157.99298095703125,164.64619105211446,152.07344993271698,156.31717608187415,507244300
2015-08-25,156.13377380371094,162.953729466756,155.8419610598146,162.937051181498,369833100
2015-08-26,162.1282958984375,162.4034175624489,157.0508343737949,160.1440002975013,339257000
2015-08-27,166.1385955810547,166.26365090686062,162.75362906333933,164.26268936314614,274143900
2015-08-28,166.14688110351562,166.61377114946035,165.01299982544998,165.49656815069264,160414400
2015-08-31,164.8045654296875,166.02182537926092,164.2542967104913,165.17141124248494,163298800
2015-09-01,159.8855438232422,162.386751628339,159.0184513266002,161.0110797024553,256000400
2015-09-02,162.92037963867188,162.96206898938476,160.42750403896449,162.26172097409798,160269300
2015-09-03,163.03704833984375,165.12138796903685,162.54514724058606,163.62899367032688,152087800
2015-09-04,160.5692138671875,161.62806215377893,159.75215614582967,160.78599337005926,207081000
2015-09-08,164.6044921875,164.75457128266729,162.72025340947818,163.3622336908571,116025700
2015-09-09,162.40342712402344,166.3053181540487,162.03659397647715,166.18026284486263,149347700
2015-09-10,163.28717041015625,164.42938444737737,161.95318796879775,162.2116440453836,158611100
2015-09-11,164.02919006347656,164.09589045579688,162.18662830079998,162.89530883762922,119691200
2015-09-14,163.4205780029297,164.25431394794666,162.93700962820373,164.2042918267338,79452000
2015-09-15,165.46322631835938,165.90510531161007,163.3788866438561,163.92080987050704,113806200
2015-09-16,166.89727783203125,167.08904628489455,165.42157417041264,165.76340900711406,99581600
2015-09-17,166.52203369140625,169.1566416498652,166.1468551574897,166.76382417716863,276046600
2015-09-18,163.80087280273438,166.50783687324343,163.39022645170527,164.01877931187536,223657500
2015-09-21,164.64735412597656,165.66978848327827,163.5997658860086,164.6305891335132,105726200
2015-09-22,162.51023864746094,162.971179937286,161.3788384622485,162.48509755782862,153890900
2015-09-23,162.25042724609375,163.14715588396928,161.67215665007348,162.67783852718148,92790600
2015-09-24,161.66378784179688,162.12472915587193,159.70270601966715,161.03523499204192,159378800
2015-09-25,161.62188720703125,163.42373351263564,160.7502868003842,163.12202764694086,155054800
2015-09-28,157.56558227539062,160.83406390607155,157.25550037665104,160.72511068200106,178515900
2015-09-29,157.6577911376953,159.01547380900044,156.6604853688763,157.78350936374622,159045600
2015-09-30,160.5994415283203,160.76705305770844,158.76406522986127,159.5434645960891,163452000
2015-10-01,161.0185089111328,161.32021483947682,159.08256786590152,160.97660282342954,131079000
2015-10-02,163.42372131347656,163.44886240141275,158.4958634709605,159.04061688143545,211003300
2015-10-05,166.33181762695312,166.5581001942391,164.53834765158405,164.64730088545105,126320800
2015-10-06,165.76187133789062,166.75917675413984,165.09980161799177,166.197671349179,110274500
2015-10-07,167.11965942382812,167.47164753708097,165.50217653537078,166.6922352386378,124307300
2015-10-08,168.62811279296875,168.9130535956225,166.43236014420907,166.73406593170617,153055200
2015-10-09,168.7287139892578,169.20640746419622,168.10016119364352,168.7706200665533,107069200
2015-10-12,168.88796997070312,169.089098705504,168.37674645651603,168.8041578059088,56395600
2015-10-13,167.82363891601562,169.42435684319722,167.65602735233972,168.15886204336746,88038700
2015-10-14,167.0190887451172,168.34324186332964,166.72577169998368,167.76497108768604,99106200
2015-10-15,169.58352661132812,169.59190271048726,167.3123505213068,167.68110349131211,134142200
2015-10-16,170.3545684814453,170.37132068160702,169.22316836151685,169.98581547086303,114580100
2015-10-19,170.4384002685547,170.4384002685547,169.39920099152405,169.7092829967101,76523900
2015-10-20,170.220458984375,170.83224672217682,169.7511416628866,170.00256531023766,78448500
2015-10-21,169.16452026367188,170.79036614497844,168.9968959484565,170.6395196068124,102038000
2015-10-22,172.02235412597656,172.23187176059804,169.1645433085749,170.1115543212638,174911700
2015-10-23,173.907958984375,174.27671195318962,172.89390110807238,173.69006531550164,144442300
2015-10-26,173.48060607910156,173.79068809444453,173.11185298629266,173.73202980492053,69033000
2015-10-27,173.1453399658203,173.48056299169156,172.4664922383321,172.81010415201033,77905800
2015-10-28,175.1148223876953,175.13996347879436,172.81851748104603,173.480587526555,135906700
2015-10-29,175.0142364501953,175.38298945811434,174.49463691427613,174.6119662542559,90525500
2015-10-30,174.2599639892578,175.52545841839262,174.10074136256867,175.20698758913662,131076900
2015-11-02,176.32167053222656,176.51442318688035,174.46115280346794,174.58687106445788,86270800
2015-11-03,176.83287048339844,177.38600006681244,175.7433763067183,175.9696589159223,95246100
2015-11-04,176.2965087890625,177.2519086361511,175.76014418697665,177.1262031778266,96224500
2015-11-05,176.12054443359375,176.8161446173284,175.23219157830044,176.3552031958243,78408700
2015-11-06,176.0283203125,176.26299181489833,174.70418019003608,175.77690939553904,110471500
2015-11-09,174.38575744628906,175.5674402339441,173.43873343786342,175.41658085418558,131008700
2015-11-10,174.78797912597656,174.82150910678078,173.63982664827824,173.90800255500784,75874600
2015-11-11,174.1007843017578,175.10646642520203,174.0337371218026,175.05618423722112,67846000
2015-11-12,171.67034912109375,173.53086655626646,171.65359691929243,173.06154914702296,121315200
2015-11-13,169.74276733398438,171.5278613165477,169.65896796963872,171.259685447527,153577100
2015-11-16,172.32400512695312,172.38267618416583,169.44104134703582,169.55838346146123,117645200
2015-11-17,172.19834899902344,173.51411305218159,171.70389046640724,172.6341492455715,121123700
2015-11-18,174.93043518066406,175.07290561750696,172.63413041421526,172.67602370486216,121342500
2015-11-19,174.7795867919922,175.19862199754098,174.48625703293217,174.81310398174264,88220500
2015-11-20,175.41648864746094,176.0953235296875,175.03935957821705,175.53381797540212,94011500
2015-11-23,175.21539306640625,175.97802744813458,174.75445176671988,175.4751928567913,64931200
2015-11-24,175.4500274658203,175.8522976407663,173.82416899099331,174.20967417883455,98874400
2015-11-25,175.42491149902344,175.77689955099623,175.16509891948007,175.5757580407517,51980100
2015-11-27,175.62600708007812,175.8271485523665,175.03936043749243,175.51705385076303,37317800
2015-11-30,174.89691162109375,175.9025935308499,174.78795837832422,175.78526418784404,112822700
2015-12-01,176.56468200683594,176.68202415007264,175.24891800729733,175.5254827993396,97858400
2015-12-02,174.76283264160156,176.8328677084274,174.51140894509155,176.51439684031868,108441300
2015-12-03,172.31570434570312,175.2824687767535,171.5949630856936,175.0142928223939,166224200
2015-12-04,175.6763153076172,175.9696450663858,172.31565756611263,172.31565756611263,192913900
2015-12-07,174.61195373535156,175.76848206425177,173.64816520867367,175.34944691037563,102027100
2015-12-08,173.43870544433594,174.561716961954,172.4581643919731,173.05320013551412,103372400
2015-12-09,172.08935546875,174.88850725265175,171.11719083392987,172.80172035190606,162401500
2015-12-10,172.5335693359375,173.84095726678345,171.9217814530039,172.15644016941516,116128900
2015-12-11,169.18966674804688,171.08370136373824,168.87957198536282,170.42163133411054,211173300
2015-12-14,170.04446411132812,170.1701823330511,167.57215920603662,169.3488769938021,182385200
2015-12-15,171.82957458496094,172.7346921593939,170.01933943609507,171.55300981600035,154069600
2015-12-16,174.3437957763672,174.645501651764,171.6368317866301,172.95259575159645,197017000
2015-12-17,171.68710327148438,174.72091403822824,171.6703382828012,174.65386687143496,173092500
2015-12-18,168.6284942626953,171.08178369521318,168.46831115642496,170.94690416829022,251393500
2015-12-21,170.0194854736328,170.19653329314932,168.6874524454068,169.80029505027005,99094300
2015-12-22,171.56231689453125,171.85739236404658,169.9183562341986,170.9047326303982,111026200
2015-12-23,173.6868438720703,173.7289993524299,172.47283807637507,172.56557498754754,110987200
2015-12-24,173.4001922607422,173.94818777080295,173.1810017751457,173.4339217902471,48539600
2015-12-28,173.00401306152344,173.04615568861152,171.933325334061,172.70893748760827,65899900
2015-12-29,174.85025024414062,175.17904239882662,174.06621236144557,174.09992902631632,92640700
2015-12-30,173.61097717285156,174.6901035548786,173.46765881575018,174.60579258526704,63317700
2015-12-31,171.874267578125,173.577248708989,171.874267578125,172.93652912124026,114877900
2016-01-04,169.4715576171875,169.47998356786456,167.42291956654066,169.0247378144135,222353500
2016-01-05,169.7581787109375,170.21342442255937,168.65377466351708,169.7918953745946,110845800
2016-01-06,167.61683654785156,168.66222047693086,166.58830452056264,167.2121593520333,152112600
2016-01-07,163.59544372558594,166.45341046435007,163.2076312994672,164.67455717559412,213436100
2016-01-08,161.79971313476562,165.11293824156806,161.51307646082637,164.55651679400643,209817200
2016-01-11,161.9598846435547,163.05586269586863,160.02928734368356,162.7186317529785,187941300
2016-01-12,163.26663208007812,164.0169532623226,161.14212210067134,163.4015244612569,172330500
2016-01-13,159.1947021484375,164.27834272629687,158.81532848192018,163.93268573198264,221168900
2016-01-14,161.8081512451172,162.92942017466441,158.20830205788596,159.80168151270632,240795600
2016-01-15,158.334716796875,159.13561930320137,156.40411968734966,157.45794215989585,324846400
2016-01-19,158.54550170898438,160.27377335933696,156.97741315333434,160.14731979196418,195244400
2016-01-20,156.51376342773438,158.07342638030607,152.61041236653622,155.9910714143323,286547800
2016-01-21,157.39048767089844,159.22834779127572,155.66221633433204,156.98582346473114,195772900
2016-01-22,160.61947631835938,160.82180208417086,159.23686117443438,159.99560852432583,168319600
2016-01-25,158.19142150878906,160.30749271059665,157.99752174755105,160.11359294935863,130371700
2016-01-26,160.3496856689453,160.6278964509055,158.5118247544825,158.8490429279834,141036800
2016-01-27,158.60452270507812,161.49620578116728,157.70244437337146,159.82695436366987,185681700
2016-01-28,159.43069458007812,160.34962468783962,157.78673409737553,160.1472990063032,143798800
2016-01-29,163.31727600097656,163.45216843377244,160.07993479817773,160.19796246086153,210529300
2016-02-01,163.2582244873047,164.0422753468065,161.73229111753486,162.31400336657373,136061600
2016-02-02,160.31591796875,161.84185094381846,159.79321324293684,161.83342499457996,182564900
2016-02-03,161.2770233154297,161.68168761708515,157.7361817318406,161.3697602245639,205054900
2016-02-04,161.5299072265625,162.49941871660846,160.14729271287396,160.77958617091525,139531800
2016-02-05,158.4527587890625,161.58893578129417,157.8204652481133,161.0156624789085,180788300
2016-02-08,156.31980895996094,156.90994697259362,154.11100117094557,156.6148843982992,191526700
2016-02-09,156.3282470703125,157.60127295093122,154.44823123236765,154.5831236069045,184513100
2016-02-10,156.19337463378906,158.7815562592034,156.0669082029163,157.15446033381306,148214100
2016-02-11,154.16159057617188,155.20698715558402,152.66937427376337,153.72319680234816,219058900
2016-02-12,157.3399200439453,157.3567719419821,155.08895670778122,155.93201471521544,127632400
2016-02-16,159.9955596923828,160.02085040539032,158.18298998527018,159.14407567169118,120250700
2016-02-17,162.60906982421875,162.98001749067555,161.03254224177735,161.15900869027703,136009500
2016-02-18,161.94302368164062,162.9378389064611,161.63109630818496,162.87881866605304,102343000
2016-02-19,161.8671417236328,162.0188859942573,160.56039920461745,161.16740201520466,114793000
2016-02-22,164.21084594726562,164.35416427207795,163.37621384672272,163.44366003440703,103640300
2016-02-23,162.13694763183594,163.82306391154782,162.01890714277164,163.55327913205167,111455300
2016-02-24,162.87884521484375,163.1570559705891,159.60778807514922,160.7121922829566,150812200
2016-02-25,164.8515625,164.86000131333842,162.5668824290666,163.3256295149316,110728300
2016-02-26,164.4722137451172,165.81267313539044,164.312030636082,165.71994908705076,129833700
2016-02-29,163.18238830566406,165.4333527790871,162.98848846792222,164.48913145020424,125918100
2016-03-01,167.0182647705078,167.1025757382741,163.93266859254652,164.4047791383236,141799700
2016-03-02,167.76858520507812,167.81916663985717,166.29323332513397,166.70633648257544,102415000
2016-03-03,168.4261932373047,168.44305800594853,167.0182873607036,167.59156085410075,95172200
2016-03-04,168.97415161132812,169.74977648835898,167.79387525766805,168.6200687052301,129293600
2016-03-07,169.1090087890625,169.51368590949613,167.97931410528602,168.05518624135055,100219000
2016-03-08,167.2627410888672,168.54419314985492,167.10257083728501,168.0383659502354,123974900
2016-03-09,168.08895874023438,168.43460284757697,167.288043107976,168.07209397322683,94801200
2016-03-10,168.2238311767578,169.51372208535355,166.40283520236756,168.57792694871588,156838700
2016-03-11,170.93844604492188,170.9806015203438,168.2069461885924,169.6738589665338,137964500
2016-03-14,170.71926879882812,171.17451452211145,170.1038399749677,170.43263212624063,73612000
2016-03-15,170.44107055664062,170.74457201573492,169.49684951236813,169.75819548969022,93169100
2016-03-16,171.42742919921875,171.83210634515947,169.91836087595732,169.96051635333183,129303200
2016-03-17,172.51498413085938,173.02081127539734,170.94689554110465,171.34313387955126,134278500
2016-03-18,173.1929473876953,173.5319048209772,172.7014500581585,173.0149863304641,138372400
2016-03-21,173.43869018554688,173.6674935655199,172.70145065389715,172.93025403387017,72926700
2016-03-22,173.34544372558594,173.91320443773537,172.5065197008016,172.66751604840624,97471900
2016-03-23,172.20144653320312,173.15053748796785,172.0319549223713,172.96410706036843,81052500
2016-03-24,172.1251983642578,172.15910186414206,170.95578622618342,171.17610725384458,84360900
2016-03-28,172.2268829345703,172.7522707695527,171.77775857297658,172.5404191676539,62408200
2016-03-29,173.82000732421875,173.93017430072314,171.51506073997965,171.82012757996412,92922900
2016-03-30,174.58270263671875,175.30299045252028,174.2183110931032,174.81997543844136,86365300
2016-03-31,174.15890502929688,174.9130959399414,173.99789580167766,174.48939289058177,94584100
2016-04-01,175.34536743164062,175.5317979130874,172.85399002539597,173.1675392516827,114423500
2016-04-04,174.77757263183594,175.4724520968894,174.47250580602636,175.26906990288444,63497000
2016-04-05,173.03192138671875,174.78604597682616,172.7776968710869,173.43867285349214,99662200
2016-04-06,174.92161560058594,174.98094025112778,172.85394205681024,173.03190307804113,91839800
2016-04-07,172.8285369873047,174.1928618424129,172.09976694798488,173.83695269721892,113859000
2016-04-08,173.29461669921875,174.4386205635236,172.760746505157,174.00643500437033,95040600
2016-04-11,172.88787841796875,174.62506433575481,172.794663185393,173.93018479648154,83757500
2016-04-12,174.49795532226562,174.77760103557026,172.6167117457782,173.05736677253682,115350600
2016-04-13,176.2605438232422,176.3452896414696,175.27754922554817,175.41313736255353,96336400
2016-04-14,176.26898193359375,176.76896148372217,175.92155517350372,176.31983717373794,65212900
2016-04-15,176.07408142089844,176.40456936338802,175.75206288653632,176.26898125098356,75761600
2016-04-18,177.31130981445312,177.34520037917224,175.4131149303134,176.0740908506917,82531000
2016-04-19,177.87060546875,178.12482998523546,177.05710253247176,177.73503026630098,88316100
2016-04-20,178.04005432128906,178.7349207069673,177.438390207852,177.91293562839186,81100300
2016-04-21,177.08250427246094,178.16718335548487,176.81132803650763,178.05701639332952,85695000
2016-04-22,177.08250427246094,177.3536675780196,176.18425561905624,176.7265951605682,99251700
2016-04-25,176.7774200439453,176.81979294293484,175.87068914106388,176.48082268141187,66166500
2016-04-26,177.04014587402344,177.5485948928953,176.56560035262072,177.14183050563952,75864200
2016-04-27,177.40452575683594,177.79432543947834,176.30289490822972,176.65880402601422,77329400
2016-04-28,175.79446411132812,177.75197092687552,175.37924322948243,176.65035289468423,97216200
2016-04-29,174.84535217285156,175.5232798328265,173.74372134169164,175.1758401291601,142424100
2016-05-02,176.235107421875,176.4130555222075,174.91315552639526,175.34532812902663,62188000
2016-05-03,174.7012939453125,175.24363348503738,173.95557222929278,175.0063607445574,106422100
2016-05-04,173.7267303466797,174.4385613405564,173.22676382092655,173.70979153354315,92243800
2016-05-05,173.69293212890625,174.54880814140395,173.2692288281928,174.19289892045248,67619200
2016-05-06,174.3284454345703,174.37081834059887,172.76922076372438,172.92174770895267,89315000
2016-05-09,174.4724884033203,174.90466097577874,174.0233640837867,174.20132510208984,74374900
2016-05-10,176.6418914794922,176.65884323088056,175.108087703987,175.1758817791427,77472200
2016-05-11,174.98944091796875,176.71814447543505,174.98944091796875,176.18428717716878,81727000
2016-05-12,175.04025268554688,175.82834731079288,174.03183706537783,175.65885569735008,89586300
2016-05-13,173.51492309570312,175.29448163900955,173.1929174688306,174.74367267247877,96474600
2016-05-16,175.22666931152344,175.70121475883096,173.62507196166376,173.68439660777403,77486800
2016-05-17,173.5912322998047,175.2436724420577,173.06583146017744,174.95555732605408,114924900
2016-05-18,173.64202880859375,174.81992305361686,172.557349774201,173.24374681139082,120062100
2016-05-19,173.0404052734375,173.32852038107382,171.83708959119429,172.92176888026978,115430500
2016-05-20,174.133544921875,174.65046334051098,173.59967475481287,173.65051706969587,104990400
2016-05-23,173.89630126953125,174.4301585955466,173.70987079682823,174.15051288649207,58682600
2016-05-24,176.1503448486328,176.4638939748023,174.68433555844706,174.70975671321835,93537800
2016-05-25,177.34524536132812,177.76047923422786,176.1503989981988,176.82832683808482,76621400
2016-05-26,177.3960418701172,177.70959101169245,177.08250565893664,177.48078767711476,55280700
2016-05-27,178.1587371826172,178.16720659219732,177.5062305938494,177.55707291212292,64211200
2016-05-31,177.81971740722656,178.54001786357134,177.26042620091602,178.4298509176758,109879400
2016-06-01,178.18414306640625,178.36209116510832,177.0147181247832,177.20961797158864,69936200
2016-06-02,178.72645568847656,178.74339450363115,177.31128879947488,177.78583423166788,63044700
2016-06-03,178.19264221191406,178.54008198883983,176.98932650367107,178.16722105071435,101757100
2016-06-06,179.09939575195312,179.4553049835724,178.38756435831561,178.54857368627648,64887000
2016-06-07,179.3789825439453,179.93827387747152,179.2264555968358,179.25187675468737,60974800
2016-06-08,179.9636993408203,180.09081806351512,179.38746917520425,179.5145749675031,66170900
2016-06-09,179.7179412841797,179.8365776566402,178.96375014559598,179.23491345533657,73786900
2016-06-10,178.01466369628906,178.68410904426875,177.4723112022157,178.34515166586806,113829200
2016-06-13,176.6418914794922,178.26891049203684,176.5571585833458,177.41303453769132,117751200
2016-06-14,176.29440307617188,176.88759783759872,175.34531214651957,176.26051251313893,125059300
2016-06-15,176.04864501953125,177.41296957275873,175.86221461371932,176.29438713788718,109124500
2016-06-16,176.5740509033203,176.74354251177266,174.21826236624872,176.04866312222205,149533100
2016-06-17,175.9164581298828,176.49568484208004,175.2605583547816,176.4701314869912,117055700
2016-06-20,177.04942321777344,178.54861014657516,176.964236677356,177.87568326878585,82789600
2016-06-21,177.55194091796875,177.96080760410712,176.98974110100497,177.4326875929435,72461700
2016-06-22,177.26235961914062,178.4548930850924,177.11753991475223,177.73084655371028,95560500
2016-06-23,179.5707550048828,179.62186172192614,178.2589682760942,178.7189417271232,102731400
2016-06-24,173.12252807617188,179.6048273711775,172.67958155075527,173.4547347208247,333444400
2016-06-27,170.02197265625,171.7255995846788,169.21273946713276,171.7170731315458,230775800
2016-06-28,173.0884552001953,173.11400855868138,171.31668202520586,171.62333532467787,159382400
2016-06-29,176.03575134277344,176.26573159068695,174.3832313518315,174.48544479534866,137328600
2016-06-30,178.43785095214844,178.4889576718171,175.95055761303408,176.50424407060433,165021900
2016-07-01,178.8125762939453,179.29811592351382,178.27592996602945,178.43777650921896,106055300
2016-07-05,177.5263671875,178.0970803915935,176.930100630808,177.9863405319092,109803700
2016-07-06,178.59115600585938,178.71040933220064,176.3764365193641,177.03233631305994,96021500
2016-07-07,178.4803924560547,179.43441894022916,177.7137658880768,178.77000578194537,85593800
2016-07-08,181.13804626464844,181.38507933652699,179.54515996427702,179.7751531352173,133971000
2016-07-11,181.7769317626953,182.34765804487338,181.3936184220505,181.59805826929212,73633900
2016-07-12,183.09725952148438,183.39539936460767,181.8024997136228,182.7394995083198,101275600
2016-07-13,183.07167053222656,183.52313043699377,182.5861438223003,183.51461698511312,87324100
2016-07-14,184.0938262939453,184.56232605592496,183.70199958220616,184.332332900474,91230900
2016-07-15,183.84686279296875,184.8519962300285,183.4039162455943,184.65608281389027,107155400
2016-07-18,184.34088134765625,184.5027279208938,183.71053495653027,183.96608149334548,58725900
2016-07-19,184.15353393554688,184.18760075127324,183.67652052953488,183.92354068706234,54345700
2016-07-20,184.92013549804688,185.15864216846145,184.15350877137692,184.15350877137692,58159500
2016-07-21,184.22169494628906,185.03091510877863,183.77874832142388,184.8094482951668,67777300
2016-07-22,185.0478973388672,185.0990040493372,184.07683084702495,184.34089084954488,62787500
2016-07-25,184.54534912109375,184.89459569896835,183.96612230693654,184.84348897979444,55873100
2016-07-26,184.63050842285156,184.98826840194747,183.78720868792976,184.44310848175783,70080500
2016-07-27,184.43466186523438,185.0735219874837,183.66802191994972,185.00537534806,84083900
2016-07-28,184.64755249023438,184.93716586113342,183.77869937989922,184.23867279264252,65035700
2016-07-29,184.94570922851562,185.30346927354668,184.10242233581388,184.3835222992612,79519400
2016-08-01,184.7923583984375,185.3971384940866,184.34089844051198,185.00531169925665,73311400
2016-08-02,183.6083526611328,184.698672605218,182.7735792971761,184.54533945808532,92295500
2016-08-03,184.1449737548828,184.204606918532,183.25058028125014,183.54870710658165,53993600
2016-08-04,184.34088134765625,184.65604804440085,182.50096187975078,184.25569483617224,46585500
2016-08-05,185.84860229492188,185.89119555549402,184.34090225224605,184.34090225224605,71892200
2016-08-08,185.73788452148438,186.13823779474342,185.4738244896835,186.03601136483033,39906500
2016-08-09,185.84860229492188,186.34265552275468,185.52492210937768,185.806022031988,51251700
2016-08-10,185.3885955810547,186.03596883352094,185.03934910377703,185.95930877684123,57941100
2016-08-11,186.2489776611328,186.49601080319758,185.65271093524512,185.9167709854497,72504300
2016-08-12,186.08712768554688,186.30008099732774,185.68677441958778,185.94230799561387,61313500
2016-08-15,186.62374877929688,186.97299530682014,186.44487528797663,186.45338874073167,49813500
2016-08-16,185.66123962402344,186.27453326544062,185.66123962402344,186.2063996367809,53213600
2016-08-17,186.01040649414062,186.14669969785453,184.860466706597,185.69523983348304,75134300
2016-08-18,186.42782592773438,186.46189273466416,185.87415258107467,185.98487945182433,52989300
2016-08-19,186.15528869628906,186.33417522346545,185.47384839644144,185.9593752599649,75443000
2016-08-22,186.146728515625,186.3767217077936,185.5504619041114,185.91673532345644,61368800
2016-08-23,186.5215606689453,187.05820721101114,186.46192749865375,186.76006735483244,53399200
2016-08-24,185.5675506591797,186.47047076540858,185.15015742241846,186.3767707733863,71728900
2016-08-25,185.4397430419922,185.85713621615523,185.03087631886928,185.18419646592582,69224800
2016-08-26,185.0904541015625,186.64927356118932,184.20457423805945,185.627100488644,122506300
2016-08-29,186.0019073486328,186.26596732761564,185.1841610610908,185.21824086345805,70502200
2016-08-30,185.69529724121094,186.19786396293492,185.14162380170342,185.9167640174861,58114500
2016-08-31,185.16714477539062,185.4823114783603,184.3919916975407,185.36305815850932,85269500
2016-09-01,185.17568969726562,185.46530309503095,184.01722310856502,185.15864979220905,97844200
2016-09-02,186.01040649414062,186.43631300752017,185.43969332592826,186.02744639401368,79293900
2016-09-06,186.57266235351562,186.64932242955953,185.57604237202705,186.29156241038206,56702100
2016-09-07,186.55560302734375,186.73448951712933,185.95082293799388,186.41079634401157,76554900
2016-09-08,186.1297149658203,186.4960014346624,185.82306166539124,186.22341494644138,74102900
2016-09-09,181.6747283935547,184.86902807179513,181.64917503593986,184.81792135656548,221589100
2016-09-12,184.28126525878906,184.68161850409962,180.8484590897426,180.91660570571437,168110900
2016-09-13,181.63211059570312,183.26759025031527,181.01029064834364,183.0035302588737,182828800
2016-09-14,181.56399536132812,182.88430854433517,181.01032192860217,181.68324870057552,134185500
2016-09-15,183.37832641601562,183.76163971836084,181.22324027418756,181.40212674735488,134427900
2016-09-16,182.66952514648438,182.94348862446228,181.98464257813484,182.76369845912708,155236400
2016-09-19,182.70370483398438,183.96219630356973,182.3783765984122,183.32010935228303,80250500
2016-09-20,182.71229553222656,183.71394979635636,182.67805663625666,183.55985516954945,69665300
2016-09-21,184.7669677734375,184.94674482420382,182.72940744279296,183.4143028791124,110284400
2016-09-22,185.93128967285156,186.23093553533752,185.52892712117182,185.77719504411826,76678700
2016-09-23,184.9124755859375,185.67441820469017,184.81830231560664,185.53743652724677,73630900
2016-09-26,183.41427612304688,184.26182250818067,183.2173600593985,184.0820454836398,89827300
2016-09-27,184.5529327392578,184.6470929586741,182.88349608546716,183.25163275907568,78494800
2016-09-28,185.46900939941406,185.62311710529872,183.8167114362782,184.7755573811738,87411000
2016-09-29,183.79103088378906,185.66592756757993,183.2431170045198,185.26355188369342,128070600
2016-09-30,185.1779327392578,185.87994121543213,184.37318143822424,184.62144938310027,117202900
2016-10-03,184.7327117919922,184.95529725204656,184.09918124112315,184.76696374787355,83512100
2016-10-04,183.79103088378906,185.06664880326937,183.20032164251694,184.8440632803247,119948100
2016-10-05,184.6043243408203,185.03238240361438,184.3474868904848,184.4159777481273,72816000
2016-10-06,184.7327117919922,184.95529725204656,183.84235688848102,184.3817010923231,62927400
2016-10-07,184.0991668701172,185.17788132018285,183.3714761556129,185.00666074402258,89788300
2016-10-10,185.05807495117188,185.52037193639262,184.9125367694673,185.05807495117188,51855000
2016-10-11,182.72084045410156,184.6984794829944,181.99314965685426,184.62998863208392,130367400
2016-10-12,182.96060180664062,183.48283321961216,182.36131000631838,182.85785897793858,73866100
2016-10-13,182.36131286621094,182.85786184561832,180.82031410777756,181.63362191101672,101357000
2016-10-14,182.4553985595703,183.79950666131958,182.37835127130577,183.3371968051509,93346200
2016-10-17,181.82196044921875,182.68663309755578,181.64217030162976,182.4297956281271,58275700
2016-10-18,182.96060180664062,183.4742636969639,182.58390858242552,183.4143423549097,76869700
2016-10-19,183.4485626220703,183.75676495027773,182.86640992617598,183.22597713186872,66519200
2016-10-20,183.10610961914062,183.6625798404998,182.44689658612387,183.097540097914,73639800
2016-10-21,183.19171142578125,183.27732825736294,182.14724878429806,183.106107657494,89089100
2016-10-24,183.97076416015625,184.3389008279515,183.61975346984508,184.0649374413789,60146600
2016-10-25,183.35435485839844,184.04780670068533,183.19169073474242,183.79096929824388,66542300
2016-10-26,182.98623657226562,183.56838917561575,182.29277164656682,182.53249614221528,75705500
2016-10-27,182.49827575683594,183.73964154554864,182.42122843952794,183.70540264784358,77220200
2016-10-28,181.95889282226562,183.1488935654366,181.24832802261642,182.4725676586778,140623200
2016-10-31,181.9674835205078,182.51539731357715,181.8048193679365,182.29279876235523,61272500
2016-11-01,180.64906311035156,182.34418248355638,179.44194927362747,182.29280454167187,122781800
2016-11-02,179.56179809570312,180.7261165309572,179.12517051792338,180.34085382978796,103330800
2016-11-03,178.7398681640625,179.98980306721924,178.46591788183787,179.77577410226917,88939300
2016-11-04,178.5430145263672,179.69020696041335,178.39747635756683,178.85121684361937,109122100
2016-11-07,182.48114013671875,182.51539209591,178.54301394389404,178.54301394389404,109794900
2016-11-08,183.30294799804688,183.86798754131567,181.82187137398466,182.08726517250156,106772100
2016-11-09,185.24639892578125,185.86280353964403,181.78768269651837,181.81336513348813,258429000
2016-11-10,185.70870971679688,186.8987106173026,184.2533149055971,186.03403802709047,172113300
2016-11-11,185.28062438964844,185.52033582618566,184.338904621336,184.98954808289514,100552700
2016-11-14,185.4261474609375,186.00831309038577,184.68133077679926,185.80284056294064,94580000
2016-11-15,186.87303161621094,186.87303161621094,185.6059833757356,185.81144289060984,91652600
2016-11-16,186.5220184326172,186.75317344713747,186.1367687839471,186.25662452049548,65617700
2016-11-17,187.48086547851562,187.54078681133552,186.56481500049895,186.67611427140054,69797200
2016-11-18,187.0613250732422,187.72053797721748,186.88153498550636,187.5493174090308,86265800
2016-11-21,188.47398376464844,188.49966620661488,187.48945532047617,187.63499351271832,72402600
2016-11-22,188.84210205078125,189.02187912694623,188.11439809751522,188.7821676498624,67429000
2016-11-23,188.94479370117188,188.9961585697166,188.13148613486294,188.3283891520488,56620200
2016-11-25,189.64682006835938,189.68105896052663,189.2101925476429,189.28725291578274,37872300
2016-11-28,188.75645446777344,189.61257047886514,188.6537247266964,189.33862014822847,76572500
2016-11-29,189.1245880126953,189.5783284459944,188.49105747219588,188.79070329643193,69886700
2016-11-30,188.6708526611328,189.9036618200159,188.61091826935393,189.7409976860947,113291800
2016-12-01,187.97738647460938,188.97047105412133,187.6178062778789,188.97047105412133,79040500
2016-12-02,188.071533203125,188.55952553277262,187.71196609547022,188.06297674697552,74840300
2016-12-05,189.20166015625,189.54410137465365,188.70511124525808,188.90201429267543,67837800
2016-12-06,189.80093383789062,189.83518579680896,188.91057885543555,189.39000177393402,59877400
2016-12-07,192.28367614746094,192.34359747994642,189.52698133405676,189.6468370623224,110738100
2016-12-08,192.75448608398438,193.22535243290795,191.9925434696505,192.2579503668923,99714400
2016-12-09,193.91879272460938,193.93591869899916,192.94282119704508,192.97707314582468,88005800
2016-12-12,193.69625854492188,194.304106695277,193.27675697280102,193.82467072858418,102016100
2016-12-13,194.98902893066406,195.485577914432,194.33838529501833,194.3555112774371,110477500
2016-12-14,193.37950134277344,195.39136626171157,192.9428737882111,194.68935787987144,142501800
2016-12-15,194.1756591796875,195.0317751413727,193.38803406253228,193.6191890299093,124972600
2016-12-16,193.79588317871094,194.69149898252175,193.47725745596665,194.63121133752213,156420200
2016-12-19,194.21791076660156,194.63988497695757,193.8303904029604,193.9767864007674,90341100
2016-12-20,194.9671173095703,195.1135264473923,194.51932242546528,194.75182675903397,89838800
2016-12-21,194.424560546875,195.010144436063,194.424560546875,194.8379146533777,67909000
2016-12-22,194.08872985839844,194.39874875846775,193.69258948708537,194.27818658290144,56219100
2016-12-23,194.37290954589844,194.38151643666708,193.94232848222345,194.13177206117248,36697800
2016-12-27,194.85520935058594,195.2513366745188,194.62269183592423,194.63991876227186,42672500
2016-12-28,193.2447967529297,195.13074411562522,193.13285459982077,195.1135303322501,64095000
2016-12-29,193.20172119140625,193.66674294079067,192.7625201133474,193.31366332831337,48696100
2016-12-30,192.4955596923828,193.61507303026372,191.80662739674145,193.52895156569957,108998300
2017-01-03,193.96815490722656,194.476237389342,192.79697393302524,193.79591197608372,91366500
2017-01-04,195.12210083007812,195.26849680321703,194.28677258194588,194.2953794720281,78744400
2017-01-05,194.9671173095703,195.1221333389085,194.17484966043173,194.85517515869023,78379000
2017-01-06,195.66464233398438,196.12966407630134,194.5365089692909,195.07904528556946,71559900
2017-01-09,195.01878356933594,195.54409299917106,194.98432972524992,195.4063039034097,46939700
2017-01-10,195.01878356933594,195.87132567623993,194.63125009497077,195.03599735108756,63771900
2017-01-11,195.56993103027344,195.56993103027344,194.2695677639523,194.93266630385088,74650000
2017-01-12,195.07904052734375,195.26849723189008,193.7270229252161,195.05320671675017,72113200
2017-01-13,195.52685546875,195.82825431654757,195.21683659025288,195.25127729217894,62717900
2017-01-17,194.83792114257812,195.2943359950259,194.4504008335571,194.88958876507553,61240800
2017-01-18,195.2685089111328,195.31156964479436,194.53651585975967,195.08765908587074,54793300
2017-01-19,194.54505920410156,195.48372238257838,194.1144783177963,195.3459333452921,66608800
2017-01-20,195.2598876953125,195.75074323022767,194.59678923838771,195.22543385479455,129168600
2017-01-23,194.75180053710938,195.3201706676685,193.99398683665453,195.25989615458587,75061600
2017-01-24,196.00048828125,196.41384238690753,194.855141175314,194.967083306671,95555300
2017-01-25,197.69696044921875,197.69696044921875,196.78411771999484,196.94774059731128,84437700
2017-01-26,197.4903106689453,197.8175564796249,197.21473248304858,197.55058518442826,59970700
2017-01-27,197.18028259277344,197.7141988777078,196.9994327741686,197.5678029008803,59711100
2017-01-30,195.9573974609375,196.51714745264198,194.97567339806525,196.49131364627334,79737300
2017-01-31,195.94020080566406,196.0004884566942,194.89820208042732,195.4665590486064,75880800
2017-02-01,196.01776123046875,196.8530897242382,195.43217716571584,195.94025977606805,79117700
2017-02-02,196.1468963623047,196.43108143382898,195.32879499049955,196.01771416236227,69657600
2017-02-03,197.49893188476562,197.67978172491428,196.74111809916565,197.0511370106404,80563200
2017-02-06,197.14581298828125,197.49028567706006,196.80996032940286,197.0941453700368,57790100
2017-02-07,197.15443420410156,197.77447190734355,196.96497750920597,197.53334759389273,57931200
2017-02-08,197.41278076171875,197.54194980504766,196.61189327221177,197.15442953477168,51566200
2017-02-09,198.58395385742188,198.88535266019773,197.4127730625225,197.4127730625225,65955200
2017-02-10,199.3675994873047,199.5915100054071,198.60116587290565,198.92841162072386,66015900
2017-02-13,200.4526824951172,200.7110337232728,199.8326448036595,199.8584786124461,55182100
2017-02-14,201.2536163330078,201.26223636534405,199.92743224225052,200.27189188807773,71109000
2017-02-15,202.30419921875,202.49365593222012,200.98662225525658,201.03828987887738,86785800
2017-02-16,202.1319580078125,202.51087141334727,201.38275122705335,202.3300216006002,84722400
2017-02-17,202.45059204101562,202.45059204101562,201.4516408656272,201.46886778666237,77204100
2017-02-21,203.65625,203.828479809059,202.8123015971143,202.82092162875713,88946100
2017-02-22,203.47537231445312,203.69926972156108,203.08785201202807,203.25147490734517,62115200
2017-02-23,203.61314392089844,204.00927107949298,202.85531716144558,203.99205730062485,74615900
2017-02-24,203.8715057373047,203.91455332700036,202.72615864919575,202.76921937918132,82381600
2017-02-27,204.19009399414062,204.36232374216894,203.53561569551806,203.785346859116,56515400
2017-02-28,203.6389923095703,204.05234641691743,203.25147201266427,203.81122209260744,96961900
2017-03-01,206.4894561767578,206.95449108934181,205.27521440981133,205.29244133183443,149158200
2017-03-02,205.18914794921875,206.30866158391254,205.13748031289802,206.30004155099638,70246000
2017-03-03,205.31822204589844,205.48184491207374,204.724018222541,205.10293156730737,81974300
2017-03-06,204.7068328857422,205.05989933306515,204.10400894970482,204.52598307687302,55391500
2017-03-07,204.0953826904297,204.7584810729663,203.88869909137853,204.40540151886213,65103700
2017-03-08,203.71649169921875,204.6465482866462,203.57870261805394,204.38819704453468,78168800
2017-03-09,203.97491455078125,204.30216044836135,203.01041692460151,203.83712542124283,90683900
2017-03-10,204.68963623046875,204.97382132054474,203.74235259688214,204.93076058441957,81991700
2017-03-13,204.7929229736328,204.83598369955777,204.3020674908966,204.62930009929119,57256800
2017-03-14,204.00930786132812,204.3021129786375,203.39789009404342,204.25043221184765,59880800
2017-03-15,205.7747039794922,206.1966781857777,204.34517158134187,204.57768905340063,96081800
2017-03-16,205.36988830566406,205.98992593114556,205.04265571575678,205.91242451303236,78344000
2017-03-17,205.00926208496094,205.82227819204954,205.00926208496094,205.63199726496683,89002100
2017-03-20,204.7843780517578,205.2946708714881,204.3951718875136,205.0092494983875,52537000
2017-03-21,202.15504455566406,205.51089350230714,202.0253135695641,205.38980684946205,131809300
2017-03-22,202.63075256347656,202.9161739384226,201.56691885500925,202.1896540008086,97569200
2017-03-23,202.41453552246094,203.54756354767736,202.04263120164606,202.63076264780625,100410300
2017-03-24,202.26747131347656,203.28805685215687,201.48905906185442,202.71722735977934,112504900
2017-03-27,202.0599365234375,202.3194117347293,200.32147504346014,200.5982389240359,87454500
2017-03-28,203.53024291992188,203.95403957267877,201.64473582031033,201.75717813101937,93483900
2017-03-29,203.72048950195312,203.95401843173678,203.01991591005506,203.24480050816265,61950400
2017-03-30,204.36923217773438,204.56817064319617,203.48703497312647,203.66001404084622,56737900
2017-03-31,203.89352416992188,204.55949417887837,203.84161857669875,204.0318994928165,73733100
2017-04-03,203.53892517089844,204.1443585000938,202.31075664668595,203.94543323424176,85546500
2017-04-04,203.66864013671875,203.75513626156143,202.872925938498,203.25348777187656,56466200
2017-04-05,203.063232421875,205.32064431094852,202.8556496145903,204.34329340648705,108800600
2017-04-06,203.634033203125,204.15297031801492,202.76046728392677,203.20157900865607,69135800
2017-04-07,203.42649841308594,204.11842792690598,202.94215171264923,203.38325034394884,74412300
2017-04-10,203.5475311279297,204.3432452387694,203.01993649822074,203.56483299048935,67615300
2017-04-11,203.3053436279297,203.40912840112318,201.8177002907075,203.16695513203615,88045300
2017-04-12,202.41453552246094,203.21890729142282,202.1896640631861,203.02862636532242,81864400
2017-04-13,201.09983825683594,202.81236631371326,201.09983825683594,202.0771889279115,92880400
2017-04-17,202.88157653808594,202.88157653808594,201.41987918139105,201.6188044247861,68405400
2017-04-18,202.27609252929688,202.81234463003054,201.59282080406658,202.14636156800404,83225800
2017-04-19,201.9042205810547,203.21022752414882,201.67933594893105,202.83832324402883,68699900
2017-04-20,203.5475311279297,203.98864283974876,202.19827619226862,202.5182880636242,92572200
2017-04-21,202.8988800048828,203.52161517502364,202.50102948907167,203.46972277708795,110389800
2017-04-24,205.13034057617188,205.3379233603899,202.87292893794245,205.13898490980165,119209900
2017-04-25,206.32395935058594,206.66991752867415,205.68392220391834,205.77041834716968,76698300
2017-04-26,206.19419860839844,207.17154951947384,206.15096373769677,206.28933907936556,84702500
2017-04-27,206.36721801757812,206.6699281395825,205.83096565731284,206.51425091068754,57410300
2017-04-28,205.91741943359375,206.65258374786688,205.7876752387527,206.62663754838997,63532800
2017-05-01,206.43641662597656,206.86022666971675,206.02126411621617,206.43641662597656,66882500
2017-05-02,206.51422119140625,206.69584459897976,206.10771311117955,206.57475792811164,57375700
2017-05-03,206.2633514404297,206.60932271874108,205.588723944541,206.5141822668873,73137700
2017-05-04,206.5055389404297,206.6439274612729,205.65793234581244,206.5660888673445,61462700
2017-05-05,207.31854248046875,207.33584434389297,206.43633221020283,206.87744394406326,62001300
2017-05-08,207.2840118408203,207.5088833404866,206.86020184793435,207.3618504525365,48385700
2017-05-09,207.09368896484375,207.7423703261031,206.74771765369846,207.5434450706046,51363200
2017-05-10,207.46560668945312,207.46560668945312,206.842871486589,207.05045428669604,54293800
2017-05-11,207.04183959960938,207.2061743568771,205.9607037728046,207.01589339556276,62358300
2017-05-12,206.69589233398438,207.0850986375552,206.42777272924582,206.7910328257426,53912700
2017-05-15,207.8375244140625,207.9586110815385,207.10234687745015,207.11964874350585,61918900
2017-05-16,207.6472625732422,208.15755549042336,207.25805633467112,208.1316092876825,51241800
2017-05-17,203.96270751953125,207.64721259393744,203.9021575960711,207.64721259393744,172174100
2017-05-18,204.7843780517578,205.63198464016048,203.625390695013,203.8848658703277,107047700
2017-05-19,206.11636352539062,206.78234683353799,205.21686440061802,205.26875680431252,115011400
2017-05-22,207.1628875732422,207.32722229980186,206.55745426285634,206.6266353290807,61010600
2017-05-23,207.62127685546875,207.78561157318967,207.15421890010862,207.53478073115593,48341700
2017-05-24,208.10562133789062,208.2094061280343,207.51747673301352,207.85480369589155,46927700
2017-05-25,209.100341796875,209.37711894111732,208.40842533119041,208.61599499191152,64071700
2017-05-26,209.0570831298828,209.2214046934374,208.83219842640756,208.9100370403217,46629900
2017-05-30,208.87538146972656,209.12619910229242,208.5813157770756,208.7369929564361,35201900
2017-05-31,208.823486328125,209.20404813593743,208.13155696823463,209.16944440934273,91796000
2017-06-01,210.48414611816406,210.5014479845229,208.99650235027323,209.28192375663733,68962000
2017-06-02,211.1846923828125,211.34038276481593,210.2419453498353,210.5360110522851,88666100
2017-06-05,211.0290069580078,211.29712645256342,210.83006852224628,211.01170509458183,44698800
2017-06-06,210.3543701171875,211.02034005878886,210.27651833395444,210.4667992308275,50375400
2017-06-07,210.74359130859375,210.9684627494031,210.02571572770137,210.69169891436508,54144300
2017-06-08,210.847412109375,211.3231144668124,210.31981734884585,210.8387677746789,65950700
2017-06-09,210.52734375,211.91118918567153,209.26457175746387,211.11547509073324,132256400
2017-06-12,210.48414611816406,210.5360385197835,209.63653943097975,210.28522084613712,86108100
2017-06-13,211.51333618164062,211.56522857020147,210.67437404003005,211.0203320954049,60067000
2017-06-14,211.24525451660156,211.79013789146447,210.42358089248344,211.78149355764182,78602300
2017-06-15,210.83876037597656,210.9598470447608,209.61923615628442,209.89600002888105,66464900
2017-06-16,210.88479614257812,211.0499322546097,210.00698339029083,210.99778680066592,84553100
2017-06-19,212.64048767089844,212.70131962832218,211.61491152887774,211.71051597210155,65123800
2017-06-20,211.20640563964844,212.29281365996601,211.18903265983135,212.28412717005747,56906400
2017-06-21,211.15423583984375,211.71047615166384,210.68491346435795,211.59749874860742,55977600
2017-06-22,211.05860900878906,211.6583082251127,210.8847864163885,211.16291317368038,44148100
2017-06-23,211.31068420410156,211.64094318419558,210.73705765609583,211.1194753547663,66986800
2017-06-26,211.44973754882812,212.39709532104865,211.24115571861205,211.97990513698605,56700500
2017-06-27,209.7462615966797,211.5279732492118,209.72887535654044,211.23246021410642,82247700
2017-06-28,211.62359619140625,211.82349155414153,210.5284884176897,210.7631562637456,70042600
2017-06-29,209.76365661621094,211.82348188810502,208.55557148137194,211.77133642732028,106949700
2017-06-30,210.1547393798828,210.9456474858864,209.96353053531456,210.57191628538862,86820700
2017-07-03,210.51109313964844,211.52796934909023,210.51109313964844,211.0934061863297,39153800
2017-07-05,210.9977569580078,211.20633874428205,210.0677856214937,210.87607982874368,54427600
2017-07-06,209.06834411621094,210.35464738842117,208.88582174928314,210.23297023107446,65400800
2017-07-07,210.42416381835938,210.5719136942868,209.07701543431983,209.64195547243426,57972300
2017-07-10,210.65017700195312,211.02390827791277,210.1200093280225,210.42420889538926,36663300
2017-07-11,210.4936981201172,210.80658411472686,209.3290720753313,210.65013448651465,50354600
2017-07-12,212.0754852294922,212.24062133400898,211.45841303681908,211.45841303681908,59610400
2017-07-13,212.43186950683594,212.54486018070784,211.85824290969333,212.08422425743714,39471600
2017-07-14,213.42263793945312,213.77898288163507,212.33623013656714,212.43183455369368,60262700
2017-07-17,213.3965301513672,213.7268023129602,213.22270758382786,213.34438470728657,33531900
2017-07-18,213.5095672607422,213.56171271617282,212.64912746069257,212.98808618280643,42742500
2017-07-19,214.66552734375,214.6742138332142,213.81377395088398,213.82247370216416,51034300
2017-07-20,214.76107788085938,215.03919135389674,214.21352416025633,214.91751422285301,47135200
2017-07-21,214.5699005126953,214.59597324018205,213.9615015064993,214.1874828271371,82340800
2017-07-24,214.51779174804688,214.65684189782053,214.04845604938308,214.4917057542839,46622300
2017-07-25,215.03924560546875,215.36951787097334,214.81327752275382,215.26521368818368,54915600
2017-07-26,215.0479278564453,215.36081387501542,214.78720055915,215.3260546559813,47575400
2017-07-27,214.8480224609375,215.54332616544713,213.52694674855073,215.50856694803846,70766600
2017-07-28,214.59600830078125,214.72637195951367,213.91809075173916,214.3700269432227,50088400
2017-07-31,214.4742889404297,215.09136115279443,214.2656938656761,214.99575673459248,65838700
2017-08-01,214.9523468017578,215.10878318749505,214.430865659001,215.07402396682556,55050400
2017-08-02,215.056640625,215.19570403318554,214.1266690023028,215.08271335630772,47211200
2017-08-03,214.6394500732422,214.96970906950318,214.36132327447956,214.94363633984614,40856000
2017-08-04,215.0305938720703,215.36085292913972,214.64817608426753,215.12619831902103,60191800
2017-08-07,215.43031311035156,215.43031311035156,214.99574999792543,215.10005416294103,31995000
2017-08-08,214.900146484375,216.33421271848638,214.52642857179112,215.11742804149972,61719400
2017-08-09,214.89151000976562,214.94365547372158,213.85724743524958,214.21359245470444,62632600
2017-08-10,211.85821533203125,214.18748063761373,211.80606987759083,214.05710373969825,120479500
2017-08-11,212.17112731933594,212.762140152982,211.84955480300584,212.08422263855766,74869900
2017-08-14,214.27439880371094,214.491680385441,213.4139722276217,213.4487314454998,73291900
2017-08-15,214.248291015625,214.6741676203797,213.9441048080686,214.65678138337805,55242700
2017-08-16,214.62208557128906,215.16963947317822,214.19620884072893,214.76983547491596,56715500
2017-08-17,211.2759552001953,214.32659766663252,211.2759552001953,214.01371159986505,128490400
2017-08-18,210.9456329345703,212.2319360405409,210.50237007009596,211.11075577820276,136748000
2017-08-21,211.11073303222656,211.3714735252687,210.18077496327828,210.88476501122332,65469700
2017-08-22,213.31837463378906,213.47481101197403,211.67572635376834,211.6931125941719,63140100
2017-08-23,212.55357360839844,212.97945036542944,212.2059283149406,212.35367822775106,50203800
2017-08-24,212.0581512451172,213.09240050234038,211.8495561386653,212.93596411886358,50741700
2017-08-25,212.55357360839844,213.46615908099753,212.40582369558797,212.84907343401937,64445900
2017-08-28,212.56222534179688,213.10976589220928,212.1450351697119,213.08369316418083,40565600
2017-08-29,212.80560302734375,213.0663303362766,211.1368686792757,211.24985935435748,51135700
2017-08-30,213.8137969970703,214.08323734129397,212.6057117405338,212.78823413348303,62030800
2017-08-31,215.10006713867188,215.34342143536554,213.84852317749608,214.430836191857,103803900
2017-09-01,215.40426635742188,215.8301430332035,215.25651647279935,215.47379805521166,62007000
2017-09-05,213.85720825195312,215.12613844359225,212.89247756007697,214.90015712543195,91398800
2017-09-06,214.58726501464844,214.91753723218903,214.0049520207523,214.53511956173446,57916900
2017-09-07,214.5612030029297,214.90886147607426,214.15271258561899,214.89147523696337,58034700
2017-09-08,214.30921936035156,214.7698553560106,214.06586499516635,214.2744468728575,63832800
2017-09-11,216.594970703125,216.67318888716122,215.56070828593013,215.57808126339495,71364800
2017-09-12,217.32505798339844,217.35981720404104,216.7775041101089,216.96002648847752,56896000
2017-09-13,217.42930603027344,217.46407850587528,216.92521122855646,217.03820188154188,59228000
2017-09-14,217.35977172851562,217.5596803062893,216.93390837111423,217.10773096159318,95446300
2017-09-15,217.65248107910156,217.73981706861443,217.1109526301642,217.21576114863348,95432400
2017-09-18,218.1153106689453,218.4646811341499,217.7309951606429,218.01923179186971,46235200
2017-09-19,218.3336639404297,218.42101321790437,218.01049560350478,218.3598660581464,47108100
2017-09-20,218.4123077392578,218.525859153917,217.41658711242658,218.42105066508134,59574100
2017-09-21,217.82705688476562,218.34238294503282,217.65237166591905,218.25504699942346,48211400
2017-09-22,217.87075805664062,218.03671369942697,217.5039150540953,217.53011717373215,51214000
2017-09-25,217.42530822753906,217.9668498298664,216.68289258120123,217.61746600132773,57064400
2017-09-26,217.55633544921875,218.09786373210036,217.32050302734459,217.85330171224217,54082000
2017-09-27,218.40357971191406,218.78789527725007,217.37291402963743,218.25509657578533,81001400
2017-09-28,218.66563415527344,218.7442405296163,218.03675650526645,218.1240924786589,44778800
2017-09-29,219.4342041015625,219.51282378636614,218.47342863829596,218.65684347170293,85578000
2017-10-02,220.38629150390625,220.38629150390625,219.48663643311738,219.66133501937134,59023000
2017-10-03,220.85792541503906,220.8841275353606,220.30765423302748,220.3862739216219,66810200
2017-10-04,221.1199951171875,221.3645571641749,220.59592597213907,220.70947739668037,55953600
2017-10-05,222.4301300048828,222.447589200853,221.15490233464226,221.45186859770155,63522800
2017-10-06,222.1768341064453,222.4650707832565,221.7226550953771,221.9846763219045,80646000
2017-10-09,221.8099822998047,222.46506199550856,221.54794775599703,222.4039281542774,35803100
2017-10-10,222.39520263671875,222.77078862202265,221.836201785734,222.37774343936067,43057400
2017-10-11,222.74456787109375,222.74456787109375,222.13316282390105,222.29910515071512,47674300
2017-10-12,222.41265869140625,222.77950172323375,222.1768262682205,222.43013121510202,47065100
2017-10-13,222.68344116210938,222.9629482537238,222.4126769968777,222.8493968318015,54800400
2017-10-16,222.9804229736328,223.17258078058654,222.56991856164902,222.91055952349745,38221700
2017-10-17,223.13758850097656,223.1812631411833,222.70959835115698,222.92795822456165,31561000
2017-10-18,223.35597229003906,223.55685966334508,223.1638145146575,223.51318501846194,40888300
2017-10-19,223.41712951660156,223.4520745672181,222.1593875746752,222.57863488865067,61903800
2017-10-20,224.57005310058594,224.59628187884428,223.3996605089635,224.21196630472966,89176400
2017-10-23,223.69659423828125,224.9194309537116,223.61798787604818,224.89322883296725,63915300
2017-10-24,224.0896453857422,224.32546446473933,223.73153197709217,224.12459043068006,66935900
2017-10-25,222.9804229736328,223.87133523063355,221.85369158525188,223.75778380080655,103715300
2017-10-26,223.2686309814453,223.86256352467024,223.14634996797955,223.59181270302912,69798000
2017-10-27,225.0941162109375,225.2513555999806,223.27737353607554,224.01105961565028,85562500
2017-10-30,224.25559997558594,224.99802890928333,223.95863373315882,224.01103797268954,54285700
2017-10-31,224.60498046875,224.858285407945,224.30801421308635,224.63118258968325,60304800
2017-11-01,224.90194702148438,225.72298235215794,224.5351173279343,225.38235477957573,54202700
2017-11-02,224.98928833007812,225.1290418553702,223.7664783028467,224.8320756098468,56449500
2017-11-03,225.740478515625,225.7841398341459,224.7360016370278,225.14651932111855,59589700
2017-11-06,226.08984375,226.22085435776503,225.53957254212585,225.6094359811802,49652600
2017-11-07,225.9326629638672,226.52659557321505,225.426053001868,226.1946842164428,57502200
2017-11-08,226.31686401367188,226.41295620580357,225.47836967583913,225.75787667353487,50469600
2017-11-09,225.4959259033203,225.68808369230456,223.91497561583995,225.11161032535176,95085500
2017-11-10,225.426025390625,225.600723974454,224.7971478062067,225.1115999260466,59984700
2017-11-13,225.63560485839844,225.86270764857133,224.70976115958797,224.74470620159695,50228600
2017-11-14,225.11158752441406,225.21639600683287,224.05470646441782,224.8320804677906,61315200
2017-11-15,223.98484802246094,224.6661298286348,223.27736409509808,224.14206074959475,80811500
2017-11-16,225.888916015625,226.25577232872615,224.88446593594833,224.92812724822468,67777000
2017-11-17,225.22509765625,225.86271808991955,225.14649129953867,225.53954973835357,75756800
2017-11-20,225.60943603515625,225.80159381167795,225.22512048211286,225.4697091570141,48075500
2017-11-21,227.08554077148438,227.26898226933415,225.57450740471495,226.3780568662347,69176800
2017-11-22,226.88465881347656,227.22528636639564,226.71870317183996,227.09427576911906,45033400
2017-11-24,227.40867614746094,227.51351126899064,227.2340042554232,227.37375776220694,27856500
2017-11-27,227.29515075683594,227.74932966113093,227.09425009355337,227.45236345579315,52274900
2017-11-28,229.60105895996094,229.62726108124528,227.66202201913927,227.75811423402223,98971700
2017-11-29,229.4613494873047,230.26492578642106,229.01591333994227,229.7321136776528,77512100
2017-11-30,231.47024536132812,232.37860338664402,230.29983945330548,230.37844582153883,127894400
2017-12-01,230.98977661132812,231.73220543350666,227.7580668195733,231.25182442487917,164390900
2017-12-04,230.7102813720703,233.033606573039,230.65785048853957,232.60562982369004,94040600
2017-12-05,229.8805389404297,231.5924728582551,229.74952834944312,229.8805389404297,77994500
2017-12-06,229.92425537109375,230.35225894459674,229.4613334017952,229.976659620051,75898600
2017-12-07,230.649169921875,230.9635953402073,229.6621790444583,230.649169921875,77218600
2017-12-08,231.90699768066406,231.9157139526257,230.61429724847798,231.60128843562327,76563900
2017-12-11,232.60569763183594,232.66684480106926,231.88075449249916,232.60569763183594,83077500
2017-12-12,233.01620483398438,233.48786966002598,232.64063222031234,233.39177744765638,85195800
2017-12-13,232.99005126953125,233.69753532840642,232.90270196424402,233.2608154572358,102905400
2017-12-14,232.0378875732422,233.4004507484498,231.98548334767665,233.28689937464048,100666700
2017-12-15,233.9702911376953,234.4355793600918,232.98704257651892,233.03971469290238,144610300
2017-12-18,235.4539031982422,235.80505949912268,235.26076321403167,235.36610742514497,83653600
2017-12-19,234.54966735839844,235.74360416189214,234.4794200220112,235.6997196702818,82382900
2017-12-20,234.42672729492188,235.56799189149214,234.1282431203036,235.5153197895893,76751500
2017-12-21,234.90963745117188,235.6207646327536,234.66382530141442,235.05010536410686,67032300
2017-12-22,234.84820556640625,234.96233742065027,234.312669971457,234.9272137443794,78720900
2017-12-26,234.56723022460938,234.7867062791785,234.30386967573068,234.44431077412563,45244400
2017-12-27,234.68133544921875,235.04127935287949,234.40918731573265,234.73400755302202,57751000
2017-12-28,235.1641845703125,235.20809585350116,234.7954798239778,235.18175980019154,45116100
2017-12-29,234.27749633789062,235.76115654365725,234.08438313836797,235.74360810502137,96007400
2018-01-02,235.9542999267578,235.98942359604385,234.751575470931,235.1378554585482,86655700
2018-01-03,237.4467010498047,237.595956521271,236.12105740806095,236.12105740806095,90070400
2018-01-04,238.44752502441406,238.93038836501717,237.50818797814625,238.08760791196542,80636400
2018-01-05,240.0365753173828,240.15946797234622,238.7460550869637,239.23767928983673,83524000
2018-01-08,240.47552490234375,240.63354122486592,239.6502928293821,239.93998942067273,57319200
2018-01-09,241.01979064941406,241.64309503689753,240.6159354877151,240.89687121980845,57254000
2018-01-10,240.651123046875,240.9145104124587,239.5976539590796,240.26484301056274,69574300
2018-01-11,242.4068603515625,242.4068603515625,241.03733218619251,241.2041360978791,62361500
2018-01-12,243.98709106445312,244.1538681759935,242.37172413060318,242.67023506663259,90816100
2018-01-16,243.153076171875,245.892132412774,242.4595244982165,245.24249201477997,106555100
2018-01-17,245.47071838378906,245.8569982773587,243.15306581387438,244.08364188706403,113258800
2018-01-18,245.05821228027344,245.7780734245086,244.56656123788784,245.35669651890993,100728000
2018-01-19,246.17311096191406,246.17311096191406,245.0581823135061,245.63757548785358,140920100
2018-01-22,248.17471313476562,248.17471313476562,245.90970554473782,245.9624044391286,91322400
2018-01-23,248.7013702392578,248.99106669944908,247.89368697047152,248.21850708360932,97084700
2018-01-24,248.60484313964844,249.9392743385653,247.42845501900035,249.3422792693904,134816100
2018-01-25,248.7102508544922,249.56181900601126,247.92014242735834,249.46526240327177,84587300
2018-01-26,251.58975219726562,251.63366347839286,249.28964767784194,249.54424737555524,107743100
2018-01-29,249.92169189453125,251.45802381833292,249.7636756123294,251.01907184010386,90118300
2018-01-30,247.35824584960938,249.9743826890042,246.884170176036,248.09568201322094,131796400
2018-01-31,247.48118591308594,248.71024642133222,246.41014172914782,248.2098613943564,108364800
2018-02-01,247.20022583007812,248.4995335490144,246.41011749473475,246.75251295523756,90102500
2018-02-02,241.81871032714844,246.01509111839752,241.78358665930918,245.88338406187754,173174800
2018-02-05,231.7052764892578,242.16990757960036,231.16098010750332,240.0629426086258,294681800
2018-02-06,236.2703857421875,236.77079761721302,227.11385043179706,228.20244317759622,355026800
2018-02-07,234.9885711669922,239.10591620344402,234.9095362319154,235.71721968539316,167376100
2018-02-08,226.1744384765625,235.4275552292879,226.1393148107997,235.2870873577438,246449500
2018-02-09,229.57192993164062,231.42429478550562,222.039510890829,228.95738632420708,283565300
2018-02-12,232.94308471679688,234.4091964404118,229.71240386406902,231.61744087262778,143736000
2018-02-13,233.5225830078125,234.06687947855633,231.16101790099106,231.7404380512557,81223600
2018-02-14,236.67413330078125,237.03407715143607,232.030013694971,232.03880130814662,120735700
2018-02-15,239.69419860839844,239.70298622426654,235.95431789418856,238.41246589270904,111200300
2018-02-16,239.76443481445312,241.70462264214956,239.02699840420507,239.07090969490068,160420100
2018-02-20,238.26321411132812,240.25607395574437,237.47310562466865,238.81629808944345,86369700
2018-02-21,237.07798767089844,241.17781154014494,236.98143108137657,238.70211558804763,98883700
2018-02-22,237.38526916503906,239.711709729396,236.7180802507282,237.99981276687265,110511300
2018-02-23,241.16900634765625,241.16900634765625,238.13146593359008,238.60554160702387,92766400
2018-02-26,243.9695587158203,244.06614210421714,241.65190568390827,242.24008646306598,86491400
2018-02-27,240.9232177734375,244.86502543404572,240.8617580559553,244.15389845883672,99099200
2018-02-28,238.4826202392578,242.46831196768898,238.1665876538822,242.0205723469025,121907800
2018-03-01,235.01495361328125,239.8170904251165,233.52250582934735,238.2719705350681,176855100
2018-03-02,236.22647094726562,236.788342544187,232.48661694736793,233.34694599182436,139083200
2018-03-05,238.95669555664062,239.5712390826377,234.93588017192567,235.04125115839994,97307400
2018-03-06,239.56256103515625,240.01030086006037,238.07011281315357,239.93126588618128,79213200
2018-03-07,239.4747314453125,239.8258878034363,237.20975016262793,237.40289017832296,87063500
2018-03-08,240.6334686279297,240.75636124453487,239.15859647965954,240.15060539944153,66901200
2018-03-09,244.82110595703125,244.82110595703125,241.72210563320198,242.0381650328805,113625300
2018-03-12,244.51382446289062,245.73412394284,244.1275445405689,245.11081957380026,71924800
2018-03-13,242.93360900878906,246.1730770862234,242.32785307291076,245.6726653493665,91968900
2018-03-14,241.68695068359375,244.0748505384305,241.1338936908821,243.8904982075266,105895100
2018-03-15,241.4236602783203,242.8370732112974,240.92324844341726,242.19622027785263,83433000
2018-03-16,241.6854705810547,242.73436294881552,241.63258751199234,241.9498859263665,100343700
2018-03-19,238.41543579101562,241.86179336690424,236.76718366750814,240.93631254959567,109208400
2018-03-20,238.82080078125,239.45542436621005,238.14209004943496,238.81197797211732,59757300
2018-03-21,238.3624725341797,240.86570282453886,238.150940281105,238.77674112899192,78709600
2018-03-22,232.4041290283203,236.98749897543712,232.13086395702769,236.14134292192287,148785900
2018-03-23,227.4504852294922,233.1709209551684,227.25657169813346,232.844799765795,183534800
2018-03-26,233.6732940673828,233.95535498438946,228.64921511489823,231.04667911183574,141956100
2018-03-27,229.6981201171875,235.13646793923286,228.14681188586164,234.6076373138364,129941400
2018-03-28,229.01937866210938,231.49619395397707,227.91760350865525,229.83029701052686,146452300
2018-03-29,231.94577026367188,233.80558127407573,229.02827092448925,230.15648794780927,111601600
2018-04-02,226.93927001953125,231.9281118003099,224.47129066036044,231.41687299833714,186286300
2018-04-03,229.8479766845703,230.32395120875591,226.38400113918595,228.1732833869567,119956900
2018-04-04,232.30709838867188,233.01222376677336,226.17242152300034,226.30462916904324,123715300
2018-04-05,234.14047241210938,235.02189260297175,232.97699130445676,234.06112092397936,82652600
2018-04-06,228.9224395751953,233.67328013698705,227.40639586017514,232.1837048489923,179521200
2018-04-09,230.05067443847656,233.43532481155327,229.11637116929023,230.37679561184027,105442900
2018-04-10,233.7086181640625,234.49309524654475,231.79595092270387,232.9329638933706,103529000
2018-04-11,232.48336791992188,234.14044196708517,232.1572467955175,232.22774856614302,91140200
2018-04-12,234.39601135253906,235.33913719701897,233.62918026548093,233.80547502290267,68890500
2018-04-13,233.7086181640625,235.81522587191054,232.70381287616905,235.70063691390155,85079200
2018-04-16,235.63003540039062,236.39689352112617,234.51946430947865,235.33917858817293,63405300
2018-04-17,238.15090942382812,238.7502686624216,236.88166227221376,237.39287411717692,64682000
2018-04-18,238.32720947265625,239.12927814561803,237.8688537751826,238.59162476057676,57303900
2018-04-19,237.00511169433594,237.8777091627883,235.9738381325913,237.6749728150779,77655900
2018-04-20,234.9954071044922,237.154897174765,234.11398697765554,236.93454214305586,99953100
2018-04-23,234.960205078125,236.123686276615,233.88487128536516,235.56838720920786,65558000
2018-04-24,231.7958984375,236.2029995241592,230.2974733085117,235.98264446982625,112885500
2018-04-25,232.36883544921875,232.8095455943946,229.91848811799363,231.73421176421306,103840900
2018-04-26,234.7310333251953,235.55957054280748,232.95057403778003,233.39128417911363,67731900
2018-04-27,234.95138549804688,235.6388922340953,234.01708216184804,235.33921256954207,57053600
2018-04-30,233.1444854736328,236.12369030599413,233.07395678832052,235.568391229111,82182300
2018-05-01,233.55870056152344,233.66446666644478,231.02900235772682,232.5803102933891,74203400
2018-05-02,231.98983764648438,234.17574281224557,231.60201055601448,233.36485118585458,86368900
2018-05-03,231.4785919189453,232.13083432497558,228.33191503251203,231.16129352643733,136311500
2018-05-04,234.47544860839844,235.1541595417253,230.18293550042833,230.50905674946347,91222100
2018-05-07,235.26864624023438,236.23818675417897,234.55467126904276,235.2422047152869,55304900
2018-05-08,235.26864624023438,235.63000478158196,233.70851557191827,234.89843799216482,67499200
2018-05-09,237.542724609375,237.86884575308144,235.41849887202426,235.93853351993553,59666100
2018-05-10,239.76397705078125,240.0901252067452,238.17743102727061,238.2831971756624,72063900
2018-05-11,240.4954833984375,240.75989867301982,239.37606263882225,239.88730136809096,59871500
2018-05-14,240.610107421875,241.579648169337,240.06360427665848,240.92740579766743,54790600
2018-05-15,238.95303344726562,239.40253948036187,238.00990733079024,239.38492075905984,87036100
2018-05-16,239.95782470703125,240.41618042257653,238.96181558524657,238.98828401389073,53942600
2018-05-17,239.755126953125,240.83046071677833,238.97947284179332,239.69342108090297,56536400
2018-05-18,239.1556854248047,239.77269020666907,238.80312279179847,239.4113047657262,64368000
2018-05-21,240.95376586914062,241.4914460225399,240.2486406732224,240.63646760061803,58025900
2018-05-22,240.28392028808594,241.7294621619401,239.95779915524992,241.47384280155237,52966400
2018-05-23,240.94508361816406,240.9715520547834,238.8561214353816,239.01479756100912,64694200
2018-05-24,240.45143127441406,240.8216396115561,238.67097206902508,240.54840148842243,76043800
2018-05-25,239.8785400390625,240.50434094850192,239.37612398978206,239.8785400390625,56374800
2018-05-29,237.11964416503906,239.0147190473101,236.00907304336295,238.25668371463993,115908600
2018-05-30,240.28392028808594,240.72463033760636,238.3536350180888,238.4241367905371,69678400
2018-05-31,238.81198120117188,240.17817169479065,238.21262194583,239.8784920671197,93519900
2018-06-01,241.15655517578125,241.45623479489305,240.03713438510212,240.10766305948604,71258400
2018-06-04,242.3024444580078,242.55806388655805,241.73834943158178,241.97632323820955,45385200
2018-06-05,242.4786834716797,242.85768767237997,241.66776511550432,242.4345963258353,51135000
2018-06-06,244.5059356689453,244.61170177943262,242.4698573456426,243.0868621885617,62732200
2018-06-07,244.47950744628906,245.28160302621228,243.57164575012257,244.9907462065433,72969400
2018-06-08,245.2023468017578,245.25522987462332,243.85377464605486,244.02124667640106,72139700
2018-06-11,245.52845764160156,246.24240599383455,245.30810254773175,245.4226915003545,58892500
2018-06-12,245.84576416015625,246.20712281550618,245.20231765169822,245.9427074826128,72329000
2018-06-13,245.06124877929688,246.33931878526906,244.85851245663383,246.08369940431285,79070600
2018-06-14,245.67823791503906,246.2070684640839,245.08767460352945,245.92503447086239,77097600
2018-06-15,245.36480712890625,245.7012550888403,243.78883538468264,244.89555787415404,120041600
2018-06-18,244.86012268066406,244.9840885625564,243.43467715644596,243.91276179336904,52917600
2018-06-19,243.92172241210938,244.14306698780095,242.17752607487577,242.59365495795998,97531500
2018-06-20,244.33782958984375,245.00186325793013,244.00138154154413,244.60343224923864,53785500
2018-06-21,242.8060302734375,244.34660621575017,242.31022080360503,244.32888136494853,71061400
2018-06-22,243.24879455566406,244.17845786417627,243.02745000881802,244.06335437668065,54898500
2018-06-25,239.9374542236328,242.25714041734616,238.2552413138066,242.09777885127292,137854200
2018-06-26,240.4686737060547,241.31862903294743,239.7515196771776,240.50409639205643,68547400
2018-06-27,238.4766387939453,242.47853878629863,238.32611260171515,241.0530927627312,105110700
2018-06-28,239.840087890625,240.60150009170255,237.7151588224368,238.42347751836468,76650500
2018-06-29,240.18536376953125,242.29256791699456,240.07026029632775,240.92907811223688,97592500
2018-07-02,240.6988983154297,240.85828692224064,238.3792118140002,238.61828121441778,63554800
2018-07-03,239.8489532470703,241.6905550668388,239.42398899604595,241.59314941291314,42187100
2018-07-05,241.80560302734375,241.86758597984274,239.90204549181354,240.9733724606823,56925900
2018-07-06,243.85092163085938,244.22276541387367,241.4515268031284,241.83226003568575,66493700
2018-07-09,246.04656982421875,246.09969034891844,244.8070458819004,244.85130397928495,50550400
2018-07-10,246.9320068359375,247.029412500854,246.20599013238512,246.4981801075327,51966800
2018-07-11,245.1257781982422,246.1705449354682,244.82475287381996,245.38254542362452,77054700
2018-07-12,247.34811401367188,247.40123454638106,245.78100425955168,246.38305497665553,60124700
2018-07-13,247.5428924560547,247.8439178074918,246.7194971989239,247.171048735879,48216000
2018-07-16,247.32154846191406,247.72881487718087,246.8788593523983,247.58717813938293,48201000
2018-07-17,248.32196044921875,248.7115289177783,246.4980839916861,246.551204508345,52315500
2018-07-18,248.8444366455078,248.9506777242672,247.95905829637567,248.40174747094176,44593500
2018-07-19,247.90594482421875,248.56111617498098,247.4278329365687,248.18040995870584,61412100
2018-07-20,247.62257385253906,248.33089263963382,247.46321225779238,247.70225464991242,82337700
2018-07-23,248.0829315185547,248.28655117021037,247.07358760835706,247.41889800487505,47047600
2018-07-24,249.331298828125,250.1724187805513,248.46364563466813,249.49068741146465,68026900
2018-07-25,251.45614624023438,251.77486926440363,249.03905522861095,249.0833133087728,78882900
2018-07-26,250.863037109375,251.54476854513118,250.64169257599485,250.73909822087222,57919500
2018-07-27,249.1631622314453,251.2880646550527,248.24236127402867,251.19065899609888,76768700
2018-07-30,247.86155700683594,249.4021059257977,247.33916026207643,249.24274438650986,63742500
2018-07-31,249.0833740234375,249.69428698825837,248.24228115824914,248.62298720311097,68570500
2018-08-01,248.6673583984375,249.79180623159908,248.02104947472486,249.287134071185,53853300
2018-08-02,250.0218963623047,250.19009331753426,247.16211580994263,247.36576246882862,63426400
2018-08-03,251.09327697753906,251.14639751094435,249.9688293080611,250.14591576581194,53935400
2018-08-06,252.0140838623047,252.32394464127194,250.73913699132908,251.12870559188278,39400900
2018-08-07,252.8463134765625,253.2270466660811,252.545288108283,252.67811646394784,43196600
2018-08-08,252.7399444580078,253.13837528409576,252.27955771952196,252.67798854560988,42114600
2018-08-09,252.39471435546875,253.19154915600424,252.26191305864492,252.80198067225936,35717000
2018-08-10,250.7036895751953,251.5005245360856,249.99537081693893,250.9604568137881,77076000
2018-08-13,249.76515197753906,251.58902858924932,249.47296209162405,250.9781155764383,65732900
2018-08-14,251.35882568359375,251.59789505219464,250.10160397009915,250.49117247783963,43842000
2018-08-15,249.4818572998047,250.15475334890513,248.04754900111985,250.01308960069466,102925400
2018-08-16,251.50047302246094,252.36815319125307,250.88069761338195,250.91612029893878,69967900
2018-08-17,252.3858642578125,252.8285532819116,250.88957319479002,251.29683953147494,65618500
2018-08-20,252.9259796142578,253.19158224261395,252.38588491047236,252.83743639827378,39807500
2018-08-21,253.51914978027344,254.37796757696117,252.96135728082962,253.43946899743776,67272000
2018-08-22,253.36868286132812,253.891052739408,252.8462859636508,253.1119156264762,44993300
2018-08-23,253.0321807861328,254.05036006048783,252.7134306627465,253.1915423380301,49204900
2018-08-24,254.5550994873047,254.69676324419368,253.5546177802505,253.60773831163402,57487400
2018-08-27,256.5649108886719,256.6711519566475,255.5909893995617,255.75035100152513,57072400
2018-08-28,256.6888427734375,257.1315318443619,256.2284288471343,257.0252637708789,46943500
2018-08-29,258.070068359375,258.3002483366861,256.66232014973934,256.90136255603954,61485500
2018-08-30,257.0253601074219,257.9638591279759,256.4321716610223,257.59201530000144,61229500
2018-08-31,257.0340881347656,257.47677714013287,256.13101229086976,256.6179593889367,66140800
2018-09-04,256.5914001464844,256.94554594826343,255.59091866725385,256.617960406128,57594400
2018-09-05,255.90081787109375,256.4409125342316,254.89150093970582,256.2372658547544,72452400
2018-09-06,255.13052368164062,256.30806451437036,254.10348197555564,256.007039241489,65909900
2018-09-07,254.63478088378906,255.6087023274441,253.84678130041397,254.0858507118014,73524800
2018-09-10,255.07737731933594,255.90963470339696,254.88259310137295,255.64400512276245,50210900
2018-09-11,255.91864013671875,256.36132937896843,254.08592720870627,254.4312107674654,50530500
2018-09-12,255.9805145263672,256.58256515572646,255.19254205962258,255.92739400139993,59810800
2018-09-13,257.4944763183594,257.68042515569164,256.75962445423187,257.04295190384914,51034200
2018-09-14,257.538818359375,257.88410181150124,256.75968121049704,257.698179952664,55079900
2018-09-17,256.17529296875,257.52105793665976,255.90082792279205,257.48566226721647,68244000
2018-09-18,257.56536865234375,258.1585568998184,256.3612402817185,256.3878005462383,61930400
2018-09-19,257.83978271484375,258.25591145639254,257.4944723248046,257.61843821443676,49080600
2018-09-20,259.9292297363281,260.24797982774675,257.8574487106688,259.0969993755768,100360600
2018-09-21,259.6917724609375,260.78572685618775,259.5316895177993,260.67010234995365,105479700
2018-09-24,258.8291015625,259.25601660965026,258.2510060962114,259.1137115939335,53409600
2018-09-25,258.58905029296875,259.38949248372154,258.3489257783172,259.2827704772097,44370000
2018-09-26,257.815185546875,259.91412321436593,257.3971730938539,258.7312519258059,79739700
2018-09-27,258.53564453125,259.62069664612955,258.0109099954677,258.2866175118633,59249500
2018-09-28,258.5622863769531,259.0603403412746,257.87746896148747,257.913024857578,70091400
2018-10-01,259.46063232421875,260.52787942324136,258.79359270911283,259.7985762633335,62078900
2018-10-02,259.30938720703125,260.0208851700745,258.93586027610115,259.30938720703125,47258200
2018-10-03,259.4517822265625,260.77695917771814,259.09603312163875,260.3589465154056,64694600
2018-10-04,257.42388916015625,259.02477312297555,255.840783146468,258.97141213367536,111545900
2018-10-05,255.9830780029297,258.1620573579353,254.56005501363472,257.64622543454266,105951700
2018-10-08,255.9830780029297,256.3388269647769,253.9196960255473,255.2982334309201,87742200
2018-10-09,255.60960388183594,256.9081002124858,255.04928619930556,255.6007284758009,74339000
2018-10-10,247.51611328125,255.1737408654989,247.14258636020767,255.10257478593394,214731000
2018-10-11,242.06419372558594,248.04974399043707,240.4543801338489,246.43105499541062,274840500
2018-10-12,245.42605590820312,246.4399417449787,242.24203910959136,246.155331736026,183186500
2018-10-15,244.04754638671875,246.39553877632216,243.95860234615915,245.0703349983781,102263700
2018-10-16,249.38380432128906,249.7573583468041,245.5327752643828,246.00414871211362,118255800
2018-10-17,249.4282989501953,250.0508528260985,246.8579605429045,249.41939640534218,110626000
2018-10-18,245.82627868652344,249.09033716550948,244.55446325309785,248.49443661830605,134557500
2018-10-19,245.69296264648438,248.40557997459337,244.99924242586505,246.47562692449912,139901600
2018-10-22,244.59010314941406,246.68013896830266,244.05646601062688,246.35997297017775,82415800
2018-10-23,243.3449249267578,244.46556013102136,238.89799429639206,240.97918171628453,146352700
2018-10-24,235.971923828125,243.47834459638236,235.42050879522853,243.09588794996847,177806700
2018-10-25,240.20533752441406,241.7439849383375,236.7812234431827,237.8040118236247,138061500
2018-10-26,235.98080444335938,241.0236356256426,233.2770902132027,236.5055661327389,201574600
2018-10-29,234.6733856201172,240.35657539863922,231.10696608457545,239.06695479413133,160749100
2018-10-30,238.15090942382812,238.46219999139012,234.01526943167627,234.50444807839088,157116000
2018-10-31,240.694580078125,243.00698951534628,240.24098445251798,240.71235803018175,128296300
2018-11-01,243.25601196289062,243.4516779994685,240.47222900054206,241.55728117758088,99495000
2018-11-02,241.815185546875,244.78573168928202,239.76958135193883,244.3588166152821,122634100
2018-11-05,243.1492156982422,243.70063059419127,241.33486092616565,242.30428826612493,65622500
2018-11-06,244.68788146972656,244.8479644418792,243.02473392791143,243.0869974643845,60085900
2018-11-07,249.92636108398438,250.00640256456597,246.43105358048592,246.85796861882702,102752100
2018-11-08,249.47286987304688,250.11322912738163,248.33445643666474,249.12599617023676,65584900
2018-11-09,247.03585815429688,248.35213203208713,245.63061310834027,248.16536857627477,98812600
2018-11-12,242.42001342773438,246.76909801815407,241.9041542101757,246.5289735049613,99673600
2018-11-13,241.96636962890625,244.8746522778252,241.24596909071613,242.88243618622874,98176600
2018-11-14,240.3121337890625,244.23430258416514,238.75570812240255,243.8340951264555,125335900
2018-11-15,242.82012939453125,243.2826274347736,237.4749385755685,239.04914185232997,135101400
2018-11-16,243.45167541503906,244.35883949759102,241.2104049940472,241.72626414950847,126668000
2018-11-19,239.33383178710938,243.14040363645833,238.41776508702043,242.84689099106228,103061700
2018-11-20,234.90463256835938,237.46606866293442,234.0419270384769,236.00746255389294,136021300
2018-11-21,235.70513916015625,237.59953625519663,235.69626375397138,236.45222036883564,75563700
2018-11-23,234.1309051513672,235.52724792786714,233.97082215763012,234.06864160649894,42807900
2018-11-26,237.91082763671875,238.13317420460353,235.98975003316443,236.38108216399485,79981400
2018-11-27,238.71121215820312,238.71121215820312,236.27430304857938,236.87907905299704,75502400
2018-11-28,244.20761108398438,244.20761108398438,238.6489482392209,239.77848590009825,127629600
2018-11-29,243.67398071289062,245.07029607445224,242.29541615794696,243.43382912733134,82346400
2018-11-30,245.15924072265625,245.71955823450747,243.2026078457021,243.52277377138495,98204200
2018-12-03,248.40554809570312,249.3838783176685,246.8135663828676,249.27715631925628,103176300
2018-12-04,240.3565216064453,248.00524520620561,240.0452311362065,247.57833023485793,177986000
2018-12-06,239.99188232421875,240.10750683118934,233.41043224822184,236.5055048781223,204185400
2018-12-07,234.4154815673828,241.2192792431404,233.57945653094646,239.65395115076464,161018900
2018-12-10,234.86013793945312,235.8295653002673,230.01297399347905,234.23755696114154,151445900
2018-12-11,234.91354370117188,238.2398388706836,233.44606213473483,238.05307539835013,121504400
2018-12-12,236.096435546875,239.24487006116965,236.01639405183923,237.8841103617398,97976700
2018-12-13,236.01637268066406,237.90186677142725,234.90464011376045,237.03916121383372,96662700
2018-12-14,231.65843200683594,234.82464480872093,231.1070168879108,233.87299503023334,116961100
2018-12-17,227.11358642578125,231.81843191650148,225.48600858264535,230.70669952946483,165492300
2018-12-18,226.86460876464844,229.41715610831534,225.26371106517817,228.75011653111562,134515100
2018-12-19,223.46714782714844,230.70675017805107,221.7684306807493,226.9446507542669,214992800
2018-12-20,219.82952880859375,223.78729366508378,217.58827236195947,222.22197924177337,252053400
2018-12-21,215.32533264160156,223.3855045339363,214.6812341608542,220.72860171340417,255345600
2018-12-24,209.6358184814453,215.45058694361018,209.57320499611265,213.84034063943142,147311600
2018-12-26,220.22763061523438,220.22763061523438,209.1169520452067,211.093979247737,218485400
2018-12-27,221.91839599609375,222.1151909748024,213.76877426318353,216.998207573705,186267300
2018-12-28,221.63211059570312,224.89732089212802,220.469154308551,223.2691930102769,153100200
2018-12-31,223.57333374023438,223.81487405617736,221.38161643315587,223.25128453571088,144299400
2019-01-02,223.805908203125,224.7273377098983,220.02184047903611,220.04867677387213,126925200
2019-01-03,218.46534729003906,222.36571591269447,217.98226653551384,222.06154839494693,144140700
2019-01-04,225.78297424316406,226.42707273146465,221.11326702808634,221.48898887122783,142628800
2019-01-07,227.56317138671875,228.96765431227632,225.15674999016903,226.05132962307513,103139100
2019-01-08,229.70120239257812,230.1842830382069,227.22322663887434,229.74594775444223,102512600
2019-01-09,230.77471923828125,231.61562631457824,229.18236851303053,230.4079382964577,95006600
2019-01-10,231.58880615234375,231.83928738611394,228.56512228014213,229.2450116148356,96823900
2019-01-11,231.6782684326172,231.70510473251588,229.93382703798264,230.51529840272522,73858100
2019-01-14,230.26480102539062,231.06991726630778,229.37917589042223,229.78172036067835,70908200
2019-01-15,232.90383911132812,233.2169474781809,230.6315989437874,230.64055347725395,85208300
2019-01-16,233.46742248535156,234.35304766189932,233.12747782757188,233.3332136885603,77636700
2019-01-17,235.23867797851562,236.09749417495806,232.5549387905483,232.59968415725848,96118400
2019-01-18,238.36978149414062,238.83498057096955,235.27454230789448,237.04582055341902,127900300
2019-01-22,235.14923095703125,237.11731741906,233.53899825203223,236.90262700516908,115531200
2019-01-23,235.64126586914062,236.87579034797807,233.18117144550067,236.17801920347108,86030300
2019-01-24,235.76641845703125,236.34791697765925,234.45138548801097,235.46226470030274,59204100
2019-01-25,237.7613983154297,238.5844236749442,235.86489366572147,237.60930774993875,96883400
2019-01-28,235.95436096191406,236.01696079540557,234.1920377820725,235.62337082617444,85613700
2019-01-29,235.64126586914062,236.6610726340007,234.80931321615319,236.09751029838282,66136300
2019-01-30,239.37159729003906,240.21250429784018,236.39265923503496,237.15305735490657,92473700
2019-01-31,241.47393798828125,241.95701876265906,239.0943522557528,239.309069989038,104012100
2019-02-01,241.5902099609375,242.61004400064866,240.80297539703585,241.6707188640082,85782500
2019-02-04,243.28993225097656,243.3525593935762,240.96401914371378,241.63495404193895,60744800
2019-02-05,244.30970764160156,244.61386144626238,243.21831937762838,243.71928179711728,79552800
2019-02-06,243.98764038085938,244.52439362076777,243.25410583006848,244.03238574275397,58347800
2019-02-07,241.66180419921875,242.9231377133348,240.00682608227083,242.37745713067275,95482000
2019-02-08,241.9569854736328,242.0553761416929,239.5952818353024,240.41830721543772,75788900
2019-02-11,242.09117126464844,242.86945129093857,241.56337248015748,242.61004281578042,68021400
2019-02-12,245.20431518554688,245.5800233927025,243.62984608780823,243.70142775610952,72270200
2019-02-13,246.00047302246094,246.84138015886657,245.61581028783473,246.03626385603758,65277200
2019-02-14,245.45481872558594,246.58199805028215,244.1039944428411,244.91806536618728,83234400
2019-02-15,248.12953186035156,248.16532268739357,247.02026192566782,247.22599775525475,97088700
2019-02-19,248.55897521972656,249.21200092876802,247.32445086509222,247.33340539822623,59120800
2019-02-20,249.0599365234375,249.51618090468128,248.0222207996787,248.52318324557527,76610800
2019-02-21,248.17431640625,248.7826240600063,247.21710955964718,248.4247976342912,64214700
2019-02-22,249.7130584716797,249.90983985080476,248.15647080608954,248.7916149217034,78114600
2019-02-25,250.05287170410156,251.65417677932,249.97236281880927,251.13533264063574,69030700
2019-02-26,249.87408447265625,250.75075537344767,249.49834887202118,249.70411209384685,56844100
2019-02-27,249.76663208007812,250.1155039234547,248.2279540955296,249.15829721146872,56921600
2019-02-28,249.3014678955078,249.99031174685732,248.97943230298569,249.55194912316048,69268300
2019-03-01,250.85801696777344,251.26951592903697,249.42668418464558,250.87589873116676,78880500
2019-03-04,249.94557189941406,252.1551849315805,247.65544996733956,251.9136582318563,106494600
2019-03-05,249.60557556152344,250.26758299106885,249.05989514164,250.07077439856636,59114600
2019-03-06,248.09376525878906,249.73086132589236,247.7717296851715,249.721906793157,75039800
2019-03-07,246.0183868408203,247.78963728117097,245.17747968817417,247.646501244507,94885100
2019-03-08,245.52635192871094,245.6963242662043,243.701428884689,244.1666005291717,85795800
2019-03-11,249.0868377685547,249.24785560377498,246.21524383880765,246.2420801446777,65098900
2019-03-12,250.02603149414062,250.54490292510243,249.45351477422585,249.64136883696645,79667500
2019-03-13,251.6810302734375,252.6114007343966,250.7506598124784,250.91170489447018,80639200
2019-03-14,251.52000427246094,252.1283118499615,251.08166900343892,251.7078583448414,67518400
2019-03-15,252.76260375976562,253.57126609888462,251.88204448079483,252.0707533824196,81309000
2019-03-18,253.6791534423828,253.97568041420575,252.75367888847163,252.97830890078654,62199800
2019-03-19,253.74203491210938,255.50312638155242,252.85250891337472,254.7394063409619,90268100
2019-03-20,252.97833251953125,254.73045774743304,251.87317030498068,253.52644405949383,84609200
2019-03-21,255.8356475830078,256.239965190846,252.11576106694608,252.1607035260337,79550400
2019-03-22,250.91172790527344,254.99998322875308,250.8488249198276,254.47885365665272,122659300
2019-03-25,250.72308349609375,251.75637623870716,249.46516070418787,250.5703229974843,85575200
2019-03-26,252.592041015625,253.5444704103579,251.1903514376911,252.47522898068627,68125900
2019-03-27,251.2711639404297,253.16705578717867,249.7257081273142,252.58299573112288,72224700
2019-03-28,252.22361755371094,252.67287768913806,250.7500585682545,251.90016341812145,56238500
2019-03-29,253.81394958496094,254.1374036359353,252.60993602746407,253.73308607221736,82186800
2019-04-01,256.8240051269531,257.12053213515975,255.53912787981554,255.8087003800633,77617900
2019-04-02,256.94970703125,257.1833309527013,256.15900522385925,257.0126099978943,40070400
2019-04-03,257.3540954589844,258.5581088983009,256.7520750289998,258.1627579277011,68243200
2019-04-04,258.0369873046875,258.2885718276397,256.9857341776094,257.67758476056383,48997500
2019-04-05,259.2859802246094,259.33988924285876,258.41441453536396,258.7019475798009,58621700
2019-04-08,259.483642578125,259.59146060914446,258.2077318961907,258.8636614791043,53566300
2019-04-09,258.1538391113281,258.84568980097356,257.60575494563386,258.52223568757904,66142300
2019-04-10,259.03436279296875,259.1242202855344,258.1538032388763,258.56711479989013,52601500
2019-04-11,258.9624938964844,259.52856599827516,258.39642179469354,259.5195720218468,55093100
2019-04-12,260.7146301269531,260.99316920128797,259.0074471943866,260.5708636013834,69727800
2019-04-15,260.5439147949219,260.88535687304153,259.74421862030886,260.7865053880093,49596700
2019-04-16,260.7146301269531,261.4783777975032,260.12160349172586,261.42446877799716,52153200
2019-04-17,260.07659912109375,261.85565099506766,259.6632602193015,261.8286964945726,58268300
2019-04-18,260.5887756347656,260.8583481027852,259.36680152584245,260.6606725944999,68708500
2019-04-22,260.8134765625,260.96623707797863,259.7352686592267,259.8251261729986,40160100
2019-04-23,263.1585998535156,263.39222387949684,260.9482478452623,261.1818444505832,52246600
2019-04-24,262.5745849609375,263.41020222021825,262.4308184291265,263.07775411194496,50392900
2019-04-25,262.41278076171875,263.06871029746924,261.22675508512435,262.47568374884355,57770900
2019-04-26,263.634765625,263.7066351624023,261.6849650923547,262.45770657786915,50916400
2019-04-29,264.048095703125,264.56925271334455,263.6347841375647,263.7246416311188,57197700
2019-04-30,264.18292236328125,264.4704554333061,262.29605171531756,263.7067077125926,81111700
2019-05-01,262.1971740722656,265.0185406267152,262.18818009576734,264.8118711118755,71671900
2019-05-02,261.631103515625,262.99687175976754,260.13955670306206,262.08036361263817,65030200
2019-05-03,264.19183349609375,264.47037250137964,261.7388640340087,263.10463197802125,56543700
2019-05-06,263.1046142578125,263.54488025187277,259.5824040433734,259.8968915051246,107198100
2019-05-07,258.7108459472656,261.2985878238254,256.8059880160905,260.705561358726,144729900
2019-05-08,258.35150146484375,260.0586842910349,257.75847486656824,258.35150146484375,91568300
2019-05-09,257.56982421875,258.17181744485043,254.55078184893665,256.28494681196247,103471100
2019-05-10,258.8636779785156,259.6184316644171,253.65224430825242,256.6353379863347,112429300
2019-05-13,252.3583984375,254.7215112151304,251.52278113899095,253.76011533329586,127290500
2019-05-14,254.64060974121094,256.1681049927601,253.24791445118507,253.37369301577155,77003200
2019-05-15,256.1321716308594,256.7701133090534,252.8076358497461,253.0143053717125,73956400
2019-05-16,258.5042419433594,259.8609886388919,256.76111076781007,256.83298031022184,76749600
2019-05-17,256.83294677734375,259.31287068694866,256.18601129747526,256.20399924622245,100353000
2019-05-20,255.13475036621094,256.9407568168034,254.38896345332793,255.2335743986409,62877600
2019-05-21,257.4350280761719,257.8123911999107,256.57242895202023,256.8240135080661,46847100
2019-05-22,256.6443176269531,257.59674680267347,256.16810303909295,256.48259057914987,49482500
2019-05-23,253.5084991455078,254.46989490750192,252.09781586860328,254.42497986634092,98733800
2019-05-24,254.08343505859375,255.3593452753898,253.46345418558957,254.94600641295438,55268100
2019-05-28,251.72036743164062,255.31444735904768,251.7024069034389,254.3620183719371,70029400
2019-05-29,250.03121948242188,251.01060326203879,248.62953008951493,250.60628560292824,104972900
2019-05-30,250.71412658691406,251.62164089484054,249.61793068747068,250.78599614822284,62523800
2019-05-31,247.33560180664062,248.997869366568,247.30864730223772,248.17124628444185,86862800
2019-06-03,246.7066192626953,248.48567114243932,245.37679991910798,247.37151522416315,96428000
2019-06-04,252.0618438720703,252.19661640364242,248.54862697225056,248.99788702459594,77231900
2019-06-05,254.2451629638672,254.27211746189298,251.87308487565122,253.6790910846767,71169700
2019-06-06,255.8985595703125,256.5724497666044,253.89487693589513,254.54181262116182,69430400
2019-06-07,258.4593200683594,259.53755523499956,256.74314326213107,256.9138642871934,74272200
2019-06-10,259.6454162597656,261.30768432496717,259.55555874422373,260.00481890126935,60799100
2019-06-11,259.58245849609375,261.8287588074491,258.93552290959707,261.46036226590786,58641300
2019-06-12,259.1242370605469,259.9059451972257,258.61207399835774,259.3488670961745,47096300
2019-06-13,260.1935119628906,260.55294204090757,259.33094010111313,260.03178488018204,48945200
2019-06-14,259.9059753417969,260.5079685515309,259.1422276479497,259.9059753417969,52324700
2019-06-17,260.0047607421875,260.7685083224592,259.83403972704474,260.13953327502185,39205700
2019-06-18,262.72735595703125,263.7786368760442,261.46043891951973,261.8198690112389,85434800
2019-06-19,263.3203125,263.85043609708407,261.8916687545038,262.862058449699,78674400
2019-06-20,265.8360900878906,266.24043501972335,263.3831482581043,265.9978445130148,116570000
2019-06-21,265.44976806640625,266.8221515056671,265.23308319547755,265.5671482228351,83309500
2019-06-24,265.1247253417969,265.97341688825486,264.9712218644644,265.6574273212025,47582700
2019-06-25,262.5243835449219,265.2059687471691,262.41604112123906,265.1788831412484,82028700
2019-06-26,262.26251220703125,263.92382683504434,262.15416979385975,263.418210537563,51584900
2019-06-27,263.1925354003906,263.6981517889475,262.6417855162231,263.0209840306274,40355200
2019-06-28,264.54681396484375,265.04339252576335,263.65296153358025,264.1675879780534,59350900
2019-07-01,266.94854736328125,268.0861979498704,265.7476878432094,267.8694855427903,78705600
2019-07-02,267.6437683105469,267.69793952489164,266.0637102660974,266.9033916424673,61504500
2019-07-03,269.7835693359375,269.80164477374774,268.1764259500246,268.3208916824014,40898900
2019-07-05,269.4765625,269.6391036536074,267.26449836154364,268.55562454830994,51677300
2019-07-08,267.9958190917969,269.29598290911434,267.45407957557853,268.16737039783294,45841800
2019-07-09,268.33001708984375,268.6279588168469,266.7860821236766,266.84025334676807,41101300
2019-07-10,269.612060546875,270.56011189882554,268.8626737180611,269.39537569112645,58448500
2019-07-11,270.2440185546875,270.48778894864506,269.2418238255109,270.25305627246956,50826100
2019-07-12,271.4538879394531,271.5261345736811,270.42460761085414,270.731586921279,40326000
2019-07-15,271.5442199707031,271.8873226456437,271.03860367732375,271.8873226456437,33900000
2019-07-16,270.66851806640625,271.6617031458477,270.3615385971301,271.4540284074998,36650100
2019-07-17,268.82659912109375,270.80393145030723,268.82659912109375,270.6414177790369,36036300
2019-07-18,269.8106994628906,270.1899255172124,267.88756624619475,268.32997368121545,51392600
2019-07-19,268.3118591308594,270.93023487092404,268.14030781010166,270.90314927048956,58678600
2019-07-22,268.97088623046875,269.5126256622002,268.1944141697296,268.709040453563,43638100
2019-07-23,270.8941955566406,270.8941955566406,269.25996619761105,270.09063745855633,44564500
2019-07-24,272.1672668457031,272.1672668457031,270.04546903159616,270.1357635765845,47213200
2019-07-25,270.8670959472656,271.76998626708985,270.06351033668966,271.71581505222247,55394100
2019-07-26,272.68182373046875,272.8804606370098,271.4267933768651,271.55321120558057,45084100
2019-07-29,272.1853332519531,272.68193950616376,271.6345833318975,272.5645593450953,38126500
2019-07-30,271.5172119140625,271.92352363022513,270.4066467628394,270.78587286819317,45849000
2019-07-31,268.5466613769531,271.9505755193534,266.5332335970876,271.7609487131754,104245200
2019-08-01,266.2081298828125,271.65255641303344,265.4135821381002,268.700115526861,142646600
2019-08-02,264.2037048339844,265.55804002591907,262.6507327117384,265.31426961081803,116749700
2019-08-05,256.2583312988281,260.2220053837113,254.36225615994783,260.1136629564653,178745400
2019-08-06,259.8517761230469,260.0684884974278,256.67361269034296,258.1453280546701,120711700
2019-08-07,260.00537109375,260.77283350802816,254.65123719190635,256.7820454862,140572300
2019-08-08,265.106689453125,265.106689453125,260.9443777056149,261.4951276540409,87713900
2019-08-09,263.3008728027344,264.76355072411707,261.52217775603447,264.167639801697,93730000
2019-08-12,260.0955505371094,263.29176156394834,259.14749942587946,261.8019984508938,65527600
2019-08-13,264.1405334472656,265.58516336808646,259.4545308129541,259.79763351897674,94299800
2019-08-14,256.33056640625,260.7005524202266,256.20417608457865,260.09563131231886,135622100
2019-08-15,257.0076904296875,257.9015704661981,254.96717731036955,257.215365095548,99556600
2019-08-16,260.79986572265625,261.23323542718947,257.06188669690755,258.6600201444486,83018300
2019-08-19,263.94183349609375,264.6190010266753,263.1382756878927,263.81544321847423,53571800
2019-08-20,261.91943359375,263.9689845752752,261.7930432847781,263.43628262555785,51596400
2019-08-21,264.0502014160156,264.420362082352,263.3910817718715,264.07728701486997,49524700
2019-08-22,263.9689636230469,265.38650783914835,262.1993065597355,264.75450123640525,51666400
2019-08-23,257.1883544921875,264.33022137754676,255.94236124171604,262.6689062282616,149161500
2019-08-26,260.0323791503906,260.0323791503906,257.8473727295932,259.37325938101276,72423800
2019-08-27,259.01214599609375,261.7930636581838,258.2537214211673,261.42287531434596,66668900
2019-08-28,260.83599853515625,260.9985121802663,257.5494645347921,258.35305014787957,59696700
2019-08-29,264.1676330566406,264.6913248632864,262.3889380553566,263.3911606210267,57899400
2019-08-30,264.0502014160156,265.66635473768406,263.1202257833285,265.6483068564536,62901200
2019-09-03,262.5063171386719,263.2647416845759,261.17906729483354,262.3528412178477,69101400
2019-09-04,265.4858093261719,265.5038572084943,263.92379955368773,264.6732137573608,46887300
2019-09-05,268.8987731933594,269.8106735830968,265.44972592383255,267.96879736456265,83258100
2019-09-06,269.1063537597656,269.7474254993275,268.53755620454444,269.2147237052525,49584300
2019-09-09,269.24188232421875,270.18086834097136,268.3028687534425,270.0906013596085,51260300
2019-09-10,269.1786193847656,269.24182830225595,267.22837353862485,268.48337640040836,57947100
2019-09-11,271.0927734375,271.17403024628595,268.8355480133743,269.48563003768334,68821100
2019-09-12,272.03167724609375,273.0880428884068,271.237129808519,271.99555393874664,72908700
2019-09-13,271.8511962890625,272.82633309685326,271.4810080151809,272.47419270681183,62104800
2019-09-16,271.01153564453125,271.89637799232213,270.3704912942259,270.72260415700487,58191200
2019-09-17,271.6977233886719,271.78799036288956,270.6413297609149,270.8128810983628,41475500
2019-09-18,271.8602294921875,271.968571901471,269.27794933684083,271.30945217296875,73375800
2019-09-19,271.84222412109375,273.2417207457767,271.5081590883585,272.24853581465317,76560500
2019-09-20,270.5577087402344,272.72559424976635,269.76857139785557,272.44438033573425,89565000
2019-09-23,270.4942932128906,271.21087820036234,269.64165479267564,269.89563042755236,43476800
2019-09-24,268.3717956542969,271.9728243964235,267.41031441968806,271.5827953011382,94869400
2019-09-25,269.95916748046875,270.4036179808236,266.97493260928337,268.4534446997761,71854000
2019-09-26,269.3967590332031,270.17681716965757,267.99082742388725,269.9682111328825,56179700
2019-09-27,267.9454650878906,270.2584842358922,266.394400547626,270.1496138053091,84746600
2019-09-30,269.1881408691406,269.8956464426555,268.41716214409126,268.4625040639401,51662400
2019-10-01,265.9861755371094,270.72102824217234,265.76849006877796,270.06794415591315,88242400
2019-10-02,261.2876281738281,264.4169953695027,259.9996188362365,264.4079159140389,122539500
2019-10-03,263.42828369140625,263.4554943744778,258.3487439616913,261.0608435391244,85278800
2019-10-04,266.9930114746094,267.2469870674191,264.026908725754,264.0813577711008,65091200
2019-10-07,265.841064453125,267.81847578384463,265.55987813972894,266.19483104942367,59610500
2019-10-08,261.7140197753906,264.7254656083408,261.677729624761,263.9907492254181,95708100
2019-10-09,264.1993408203125,265.1336114585525,263.10180603510383,263.72767961308983,62359400
2019-10-10,265.9861755371094,266.86602454663546,263.954370682643,264.1176347838915,55296300
2019-10-11,268.74365234375,270.9750115009524,268.61667837739276,268.7345728885581,98720400
2019-10-14,268.4443359375,269.09742004492904,268.0996488139588,268.42617702704035,40394800
2019-10-15,271.10198974609375,271.84578529470946,269.3695025112143,269.48742469346604,46754500
2019-10-16,270.6667175292969,271.3560920358637,270.2313464146453,270.63950683463116,48928200
2019-10-17,271.46484375,272.3356133684746,270.77546947468795,271.8276621175921,45736600
2019-10-18,270.276611328125,271.5737002063706,269.4239728965291,270.9296954952778,64304000
2019-10-21,272.10888671875,272.3084410011963,271.15648490964367,271.59188362078226,39048600
2019-10-22,271.2198791503906,272.93420726927076,271.12916766106264,272.64394157592534,48594700
2019-10-23,272.0091247558594,272.0635461348605,270.75737767629226,270.9660114166438,34352200
2019-10-24,272.4535217285156,273.0884746005034,271.62809406743776,272.94334172458434,35453100
2019-10-25,273.5692443847656,274.1134858073228,271.82767736883653,271.8820987429654,45205400
2019-10-28,275.1112365722656,275.61013608971376,274.75749763127527,274.7847083190437,42147000
2019-10-29,275.029541015625,275.9547595486964,274.7120646107723,274.8390662452186,44284900
2019-10-30,275.8731689453125,276.24503908773704,273.9229683145181,275.22913658461215,49643900
2019-10-31,275.1384582519531,275.8641227568858,273.68718460462867,275.8641227568858,69053800
2019-11-01,277.6873474121094,277.73268933726877,276.41744133237114,276.58073316174546,71141500
2019-11-04,278.80291748046875,279.3743694834143,278.43101970583336,279.23831607348995,60606900
2019-11-05,278.4945983886719,279.30189498204095,278.2043325788355,279.0025497152499,42933200
2019-11-06,278.5580749511719,278.8301818233875,277.6147249920431,278.4945741205653,46487100
2019-11-07,279.5377197265625,280.8710989172841,279.06605853304166,279.89148638265715,54272300
2019-11-08,280.2270202636719,280.28144163006976,278.49453294996727,279.19295893958304,49032100
2019-11-11,279.6918640136719,279.8642075711623,278.71222403622494,278.8483051362286,35797300
2019-11-12,280.28143310546875,281.1794133049867,279.5104268632624,280.054668191953,46484600
2019-11-13,280.37213134765625,280.7712397910703,279.0659632930762,279.2927281958677,53917700
2019-11-14,280.7803649902344,280.862024736105,279.4560653623706,280.0910183287371,51219900
2019-11-15,282.81219482421875,282.85753674364037,281.4243943784293,282.11374103249324,62023600
2019-11-18,283.02081298828125,283.2566574144179,282.122832567639,282.57636250635056,49228000
2019-11-19,282.93914794921875,283.62852223373176,282.2951432620522,283.619442778009,67804700
2019-11-20,281.8868713378906,282.8665111010922,280.3358073409572,282.3494805416947,79406200
2019-11-21,281.4334411621094,282.10468425402297,280.6352517705745,281.9958415043259,54664700
2019-11-22,282.0592041015625,282.3131796450668,281.05238138021787,282.1771262612713,44850200
2019-11-25,284.24530029296875,284.24530029296875,282.984501675249,282.984501675249,48647200
2019-11-26,284.8893127441406,285.07073576578375,283.9641217688007,284.2815982160428,37569000
2019-11-27,286.1591796875,286.1591796875,285.1523291122122,285.3700145636202,44444600
2019-11-29,285.0979309082031,285.84172650261706,284.87116598414514,285.5968026686247,36592700
2019-12-02,282.6760559082031,285.41536582716174,282.24973680572754,285.35186501415745,75767800
2019-12-03,280.7803649902344,280.862024736105,278.58529565869156,279.9640166629559,73941700
2019-12-04,282.5127258300781,283.1113883830733,281.4786924612736,281.8233794779609,49080000
2019-12-05,283.02081298828125,283.229446725346,281.7146445502904,283.211315493055,40709000
2019-12-06,285.60589599609375,286.00500449632267,284.9165217354681,284.9256011908763,48927000
2019-12-09,284.70794677734375,285.88711349587976,284.63536648869166,285.21589807283027,34838500
2019-12-10,284.3904113769531,285.3156022560636,283.73732732073876,284.6534664265952,52649800
2019-12-11,285.19775390625,285.4517295424743,284.30882533883084,284.84398729797243,53429100
2019-12-12,287.6558837890625,288.4359419435748,284.97099448527933,285.2068112141044,96389600
2019-12-13,287.8281555175781,289.0526914993744,286.64896144274167,287.4199676298921,81503900
2019-12-16,289.8055725097656,290.3951557751756,287.76468819631657,289.55159690245364,82749700
2019-12-17,289.8691101074219,290.4859041346796,289.78747804627915,290.1865865771561,61097700
2019-12-18,289.8871765136719,290.4858391761142,289.8327551517464,290.25907427433737,48133000
2019-12-19,291.07550048828125,291.14808077783215,289.823753465592,290.07772911648044,85310500
2019-12-20,292.3515930175781,293.48186803995895,291.13016050237536,292.1054650052227,147142100
2019-12-23,292.7982482910156,293.1901949374519,292.65240185614937,293.13550600154747,52990000
2019-12-24,292.8073425292969,293.07166308676193,292.5065255951328,293.0260982506087,20270000
2019-12-26,294.36602783203125,294.37515192605576,293.1810639379538,293.1901602146185,30911200
2019-12-27,294.2931213378906,295.149951744562,293.7644523592922,295.0952628094436,42528800
2019-12-30,292.6706848144531,294.5119721081925,292.18758056574677,294.37524973919426,49729100
2019-12-31,293.3816223144531,293.62775035689424,291.82293192090606,292.16931374555315,57077300
2020-01-02,296.1253356933594,296.14358388648566,293.9923834001532,294.9130269972677,59151200
2020-01-03,293.8829345703125,295.00411329960116,292.68884653822107,292.74353546966336,77709700
2020-01-06,295.004150390625,295.0861837981025,292.01434006994486,292.1328420420894,55653900
2020-01-07,294.1746826171875,294.91301114756425,293.7280191701127,294.4390032296372,40496400
2020-01-08,295.7424621582031,296.95477064555246,294.11995883928836,294.3660590478099,68296000
2020-01-09,297.7478332519531,297.82077038824355,296.71781178644477,297.30119760730037,48473300
2020-01-10,296.8909606933594,298.4861195611985,296.42610473911026,298.33117684890317,53029300
2020-01-13,298.9327697753906,298.94186605271307,297.082386683004,297.510801872737,47086800
2020-01-14,298.47705078125,299.54351294484616,297.92100945963375,298.4952711557389,62832800
2020-01-15,299.15155029296875,299.90809914567166,298.30384393795646,298.38587734482564,72056600
2020-01-16,301.6399230957031,301.6399230957031,300.29998886032536,300.5278686430947,54050300
2020-01-17,302.5788879394531,302.7885196066415,301.57621099627295,302.3510080804288,95846000
2020-01-21,301.986328125,302.78846954692693,301.5488166711206,301.6217259743135,77742400
2020-01-22,302.0227966308594,303.49035714511143,301.867853930092,302.84315842409643,48914900
2020-01-23,302.36920166015625,302.77939649699647,300.2635941747511,301.3756489009387,51963000
2020-01-24,299.68023681640625,303.1075588185603,298.3949910655985,303.02552540689584,87578400
2020-01-27,294.87652587890625,296.35318285602233,294.1108529210448,294.44811064824233,84062500
2020-01-28,297.96661376953125,298.8416646744203,294.9677069156235,296.2985175568416,63834000
2020-01-29,297.72039794921875,299.55256045074896,297.5198626116515,299.324680649757,53888900
2020-01-30,298.686767578125,298.8964271226483,294.91309049832046,295.6605155085097,75491800
2020-01-31,293.2631530761719,298.2218209474655,292.35163365596884,298.06685040639036,113845600
2020-02-03,295.4417419433594,297.30124980208666,294.62137982895297,294.73988183320415,69083000
2020-02-04,299.9445495605469,300.81050405404096,298.7231169921296,299.04215432222543,62573200
2020-02-05,303.4083557128906,303.6180152040548,301.4121536768775,302.8705625667215,65951100
2020-02-06,304.42926025390625,304.62067153969036,303.35364621707834,304.3654472195234,50359700
2020-02-07,302.80670166015625,304.4383010658972,302.2597845544811,303.37183913632214,64139400
2020-02-10,305.0672302246094,305.13104324290214,301.8860372115477,301.92250576733755,42070000
2020-02-11,305.595947265625,307.20020220152,305.06725053223005,306.41630901268127,54864500
2020-02-12,307.5649108886719,307.7745425630313,306.66248770025715,307.02708992369514,43992700
2020-02-13,307.2366638183594,308.2028719590965,305.86938499837,306.14282963542433,54501900
2020-02-14,307.7288818359375,307.84738378054004,306.4527605428289,307.646848447526,64582200
2020-02-18,306.9359436035156,307.7927740817303,305.5504162851949,306.73540821888315,57226200
2020-02-19,308.4034118652344,309.0779271915285,307.61951868249895,307.9020874174254,48814700
2020-02-20,307.136474609375,308.67694462905206,304.1557883522253,307.85655491074664,74163400
2020-02-21,303.9734802246094,306.09730805211063,303.1530905628107,305.78739481387316,113788200
2020-02-24,293.89208984375,304.0464012409805,292.8164758374308,294.5483849080448,161088400
2020-02-25,284.98651123046875,295.8882745622072,284.1114604678439,295.27757219253857,218913200
2020-02-26,283.9382629394531,289.9633921811157,283.2090586238566,286.38112799579915,194773800
2020-02-27,271.18609619140625,283.99293030133657,271.18609619140625,278.43265741082325,284353500
2020-02-28,270.0467834472656,271.5325647241753,260.2752930240666,263.15569806188904,384975800
2020-03-02,281.7415466308594,281.80535966924487,268.40601247661044,271.82421045255126,238703600
2020-03-03,273.6746520996094,286.0713249612982,271.240910200409,282.1153329998057,300139100
2020-03-04,285.1780090332031,285.39679265326794,276.4912283478598,279.03437582366234,176613400
2020-03-05,275.69818115234375,281.17642226819964,273.4649750598973,277.99522810355086,186366800
2020-03-06,271.1405029296875,272.343714991951,264.5502366862195,267.21185726562237,228667200
2020-03-09,249.9659423828125,259.04466663052983,249.2549584564978,250.94124687205388,309417300
2020-03-10,262.9004211425781,262.99155082298614,249.30054030564344,259.45487913879975,276444100
2020-03-11,250.08445739746094,256.99379025278967,246.91238758499932,255.86351506144038,255316300
2020-03-12,226.15707397460938,243.06576125881952,225.76511340861424,233.3489613279396,392220700
2020-03-13,245.49038696289062,247.45927200830852,226.5307825549705,239.81161165387473,329566100
2020-03-16,218.62789916992188,234.1692913616769,216.35821121478764,219.84020754106757,297240000
2020-03-17,230.4320831298828,233.50391264622428,216.0938883539165,223.35868442017195,262070500
2020-03-18,218.76467895507812,226.3940926828577,207.84467929166857,215.34648084640503,327597100
2020-03-19,219.2295379638672,225.4916860447425,211.67304784141282,218.0810284637233,289322000
2020-03-20,209.78201293945312,224.149511692918,209.50694631687315,222.37076338943308,347158800
2020-03-23,204.41824340820312,210.58883736917826,200.11807712080454,209.22269612416616,326025200
2020-03-24,222.93917846679688,223.81022492489032,214.3663660879373,214.93482673177368,235494500
2020-03-25,226.27662658691406,235.04200407098807,219.82180274754663,224.5162200852684,299430300
2020-03-26,239.48892211914062,240.95590684573168,228.34882847309677,228.7797629312914,257632800
2020-03-27,232.3555450439453,239.13128235143066,230.18254563117415,232.21801874837786,224341200
2020-03-30,239.9014892578125,240.61665407010992,232.45643301160396,234.44605962945386,171369500
2020-03-31,236.3256378173828,241.44181196172076,234.92281361805342,238.90206639274638,194881100
2020-04-01,225.6898651123047,236.2431562593995,223.62688640381754,227.3677561407306,189554600
2020-04-02,230.897705078125,231.67704405266247,224.2594942177443,224.80962736839078,177660400
2020-04-03,227.56028747558594,232.26388300481995,224.83715469449982,229.91666012342145,135561200
2020-04-06,242.84463500976562,244.80677011871967,227.54193143111638,236.40815247528656,188061200
2020-04-07,243.0922088623047,252.16930817093797,242.8721667882083,251.4174604431951,201427200
2020-04-08,251.25242614746094,253.05867943513024,243.20222724698658,245.68696224301036,153774500
2020-04-09,255.07582092285156,257.8264586985217,252.57273047385536,254.5073322785615,189999200
2020-04-13,252.7469482421875,254.443180523553,248.8502112627236,254.10393966346695,114839100
2020-04-14,260.2011413574219,261.2188637812924,252.60938312795597,257.6247131889089,134143400
2020-04-15,254.67239379882812,260.338700945521,252.56355469912342,254.49818449986756,121775000
2020-04-16,255.90103149414062,256.7537225719264,252.83865783107498,255.9468642691427,131798300
2020-04-17,262.8143615722656,263.4194774380583,258.9267733430212,261.6590844120488,146684800
2020-04-20,258.18402099609375,262.95180422099605,257.9639789331066,259.1192277447229,100109300
2020-04-21,250.3447265625,254.92912296463592,249.40949178866583,253.72801334575112,126385700
2020-04-22,255.90103149414062,257.6430966582761,253.89306348455668,255.21337198348687,92951600
2020-04-23,255.882568359375,260.3386146640103,255.58001061357416,257.17537105328387,104709700
2020-04-24,259.4493408203125,260.1186727932332,255.35088916404356,257.39554010912246,85063200
2020-04-27,263.1902770996094,264.308871327073,260.9622663945535,261.4207061930067,77896600
2020-04-28,261.9799499511719,267.1786402598977,261.67736409264813,266.8302216256885,105270000
2020-04-29,268.8382568359375,270.3694580633469,266.27100517548735,267.2979058396674,118745600
2020-04-30,266.3350830078125,268.9390166066362,264.6021678699744,267.4628265283742,122901700
2020-05-01,259.2843322753906,266.5001686462375,258.11987753446385,261.59485828058166,125180000
2020-05-04,259.99951171875,260.3020696248995,255.92856473218876,257.40472721224256,80873200
2020-05-05,262.4017333984375,265.20738229155137,260.1278622774751,262.81434034545913,79569900
2020-05-06,260.6229248046875,264.48297858278846,260.19199044127004,264.09790497007816,73632600
2020-05-07,263.7679138183594,265.6933665541511,263.2636412360793,263.8321021051062,75250400
2020-05-08,268.1321716308594,268.5997890049133,265.7666074831052,266.89437904014466,76452400
2020-05-11,268.18719482421875,269.56251377203523,265.7849755389823,266.2067321816507,79514200
2020-05-12,262.84185791015625,269.7826144420416,262.7043036007516,269.37003545665283,95870800
2020-05-13,258.1932373046875,263.31858964743844,255.7726623265701,262.2825114779081,144721100
2020-05-14,261.28314208984375,261.4114906647709,250.29891603317049,255.76353778728304,121977900
2020-05-15,262.4842529296875,262.53008571070245,257.954866120157,258.89925085277906,111146300
2020-05-18,270.4794006347656,272.08393945209053,268.3705893815132,268.6914747602291,119703800
2020-05-19,267.7012634277344,271.58882289589167,267.6829359139752,269.88344074536735,95189300
2020-05-20,272.24896240234375,273.1108311782877,271.00201999174817,271.2312398155431,85861700
2020-05-21,270.36932373046875,272.92742435106703,269.2782353216481,272.1205662355428,78293900
2020-05-22,270.8828125,271.05702179895974,268.8473394108852,270.08513201578137,63958200
2020-05-26,274.2203063964844,277.0718161691973,270.90120710948116,276.83341854716673,88951400
2020-05-27,278.3004455566406,278.33712857289146,272.1940244647287,277.0076420479935,104817400
2020-05-28,277.786865234375,281.33518291515,277.11753341055845,279.32721542463037,90405200
2020-05-29,279.0247802734375,279.61156861200794,274.57790903661964,277.31936982817837,119090800
2020-06-01,280.15240478515625,280.75754836392883,277.8693847232331,278.3828347935377,55758300
2020-06-02,282.47216796875,282.51802872321025,279.739885508997,281.06934373149255,74267200
2020-06-03,286.23138427734375,287.18494662104723,284.1775835194625,284.45263612777273,92567600
2020-06-04,285.47955322265625,286.9832488519643,283.38906933428206,285.2503333753304,75794400
2020-06-05,292.79620361328125,294.56577377345707,290.7974136505666,290.8616019107014,150524700
2020-06-08,296.3353576660156,296.5278944562294,293.06209232772414,293.60304767799335,73641200
2020-06-09,294.1257629394531,296.4087837876376,292.8146040767573,293.67647298750563,77479200
2020-06-10,292.48443603515625,295.59266964831977,291.7692714487275,294.70329579254934,95000800
2020-06-11,275.623046875,286.2038408309795,275.0729417317749,285.57119193533765,209243600
2020-06-12,278.92388916015625,283.3890875968667,273.78020888553783,282.61891221793167,194678900
2020-06-15,281.52777099609375,282.6555425806839,272.07474788246594,273.24835223856235,135782700
2020-06-16,286.9465637207031,289.4038217313861,282.0962919334156,289.25711767246935,137627500
2020-06-17,285.75457763671875,288.2576679504427,285.0210574809537,287.96425988813667,83398900
2020-06-18,285.8647155761719,286.341482886705,283.78340899366174,284.2418487856552,80828700
2020-06-19,284.2309265136719,289.5169641791191,282.28778324973854,289.3235800973279,135549600
2020-06-22,286.05438232421875,286.45036871018254,282.4904486423991,283.6323733290194,74649400
2020-06-23,287.3712158203125,289.6274664668477,286.96601139314646,288.69733429029844,68471200
2020-06-24,280.0408020019531,285.9530836646762,278.2081916960514,285.3360587710118,132813500
2020-06-25,283.0429382324219,283.3100111754416,277.45298321689944,279.4697872300513,89468000
2020-06-26,276.3202819824219,282.1589024781775,275.7401296700566,281.94708210428337,127961000
2020-06-29,280.3815002441406,280.51963173893165,275.2888463730119,277.5727234684733,79773300
2020-06-30,283.9730224609375,285.66752892214726,279.79209321079117,279.94863284970944,113394800
2020-07-01,285.96221923828125,287.2238950877985,284.62691073499315,285.08736775765794,72396500
2020-07-02,287.5370178222656,290.7325908541107,286.8739585501112,289.38803604130976,69344200
2020-07-06,291.97576904296875,292.55594935283244,290.6036161923204,291.34955427526955,61713800
2020-07-07,288.96441650390625,292.4086261412663,288.58683836174674,290.43788464051073,82910000
2020-07-08,291.1746520996094,291.28515730964824,287.9698885921955,289.7288100254336,54638600
2020-07-09,289.51702880859375,292.0219167134949,286.10963481375455,291.78247001320926,83354200
2020-07-10,292.47314453125,292.74021752489676,288.02514120267125,289.4525470058198,57550400
2020-07-13,289.94061279296875,297.18820278628755,289.2867716039281,294.8122566026346,102997500
2020-07-14,293.69793701171875,294.47150148289853,287.3251990766644,288.5223761645233,93657000
2020-07-15,296.3961486816406,297.49203848703377,294.0201750465289,296.9118582248771,87196500
2020-07-16,295.4200744628906,295.87131342816184,293.85450907927094,294.4991602617193,54622500
2020-07-17,296.2765197753906,297.0593024720893,294.45309952821765,296.4238694209868,62774900
2020-07-20,298.6708679199219,299.4168060932532,295.2634745052949,296.0094126786261,56308800
2020-07-21,299.30633544921875,301.0744749886083,298.32095050262376,300.63245415579655,57292200
2020-07-22,301.0100402832031,301.3231758826921,298.83669598418305,298.94720120561465,57792900
2020-07-23,297.4184265136719,301.3507479273714,296.05549155599056,300.65084417889534,75738000
2020-07-24,295.5029296875,296.5251308789289,294.00183516323403,295.5674004213925,73766600
2020-07-27,297.6578063964844,297.8327822943415,295.40155598984086,296.1935565965724,48293000
2020-07-28,295.7700500488281,298.04470943209714,295.4753507358692,296.93038292448483,57495000
2020-07-29,299.4075927734375,299.9693649980808,296.60800599281623,296.64485042658015,48454200
2020-07-30,298.3393249511719,298.7537475391664,294.36099738513786,296.4422441472383,61861700
2020-07-31,300.6968994140625,300.79821459184643,295.9173523890963,300.1259370973195,84986800
2020-08-03,302.787353515625,303.5516998495723,301.8111868221174,302.3545227663099,53077900
2020-08-04,303.9570007324219,303.9570007324219,301.9309778366748,301.9309778366748,41917900
2020-08-05,305.8447570800781,306.1026399985558,304.988313743364,305.2553866917395,42697700
2020-08-06,307.8891906738281,308.00891400036295,304.9422824929676,305.2646080403921,43679400
2020-08-07,308.1102294921875,308.39571060773704,306.0197365507583,306.9222424636981,57308300
2020-08-10,309.03118896484375,309.21535494485994,306.6275882566364,308.5615137232704,44282100
2020-08-11,306.480224609375,310.84537688701096,305.7527226498275,310.2099438612299,69601100
2020-08-12,310.75323486328125,311.5267992817978,308.88378049251634,308.911406789461,53774400
2020-08-13,310.1914978027344,311.4992082489788,309.2705836615696,309.9888955675153,41816100
2020-08-14,310.2007141113281,310.734860048338,309.0771977415584,309.80472777793506,47260400
2020-08-17,311.1860656738281,311.5820519648369,310.2098990427494,311.2136919707807,35481000
2020-08-18,311.85833740234375,312.28194998264934,309.98885496076423,311.5820463337453,38733900
2020-08-19,310.5598449707031,312.75159673010216,309.9980728045905,312.23588712741235,68054200
2020-08-20,311.5268249511719,312.0056901723592,308.70883001435334,308.83774337602864,42207800
2020-08-21,312.63189697265625,312.8529073408649,310.8545115814278,311.19527337116966,55106600
2020-08-24,315.7998962402344,315.87355700727335,312.604322979584,315.0631480494956,48588700
2020-08-25,316.9049987792969,316.9878776871024,315.2013018413242,316.3616627587458,38463400
2020-08-26,320.0821838378906,320.3492287448196,316.95108089894495,317.49441695300277,50790200
2020-08-27,320.7821044921875,322.2279468627712,319.1244697936343,320.94789044530484,58034100
2020-08-28,322.8540954589844,322.9830369399693,320.616280645361,321.80426786042483,48588900
2020-08-31,321.68450927734375,323.51711938437126,321.4542807471516,322.64226783208227,66099200
2020-09-01,324.7143249511719,324.8156120146118,321.6200388879637,322.51332671022755,54908700
2020-09-02,329.410888671875,330.3778369530405,325.47856862593324,326.6205208874166,69540000
2020-09-03,318.0744934082031,328.19532906675,315.495917398797,327.7256539431089,148011100
2020-09-04,315.4776306152344,320.3216209085487,308.3865789911979,318.7560834008521,139156300
2020-09-08,306.8578186035156,315.54206103531834,306.5539292774732,310.0810183653904,114465300
2020-09-09,312.91741943359375,315.37624441716423,309.98889114735533,310.8545526760322,91462300
2020-09-10,307.4841003417969,315.4407855701406,306.5263415656927,314.7869442624126,90569500
2020-09-11,307.640625,310.32048895230275,304.8226295252226,309.2614431412323,84680200
2020-09-14,311.6925964355469,313.46076397555305,307.78792941912315,310.79930858274395,65605700
2020-09-15,313.2674255371094,314.97109448568426,311.7018600067676,314.142277247769,52920900
2020-09-16,312.0242004394531,315.9288682104032,311.7479092776505,314.50146223868563,82096000
2020-09-17,309.2798156738281,310.9927306673699,306.65520463292705,307.1801324619214,91523300
2020-09-18,305.7191467285156,310.19420971929947,303.24122418442806,310.08326217502207,105877900
2020-09-21,302.3165588378906,302.4644982707125,297.4716623333605,301.142326624104,99450800
2020-09-22,305.3956298828125,305.9503960005501,301.2904001147618,303.7960885735042,63612100
2020-09-23,298.3131408691406,306.22771947563723,297.8138486616711,305.9503223752341,93112200
2020-09-24,299.1083068847656,302.1594777085532,295.68727323191223,297.0002185553226,76681300
2020-09-25,303.9439392089844,304.7298270780176,297.38852490576954,298.25762343564503,71069400
2020-09-28,308.9922180175781,309.70415018624124,307.1060252515909,308.0953544774506,64584600
2020-09-29,307.3094177246094,309.5284529495285,306.61596745328694,308.78878394674337,51304000
2020-09-30,309.6395263671875,312.78316294549495,307.7810700245136,307.9752282610911,104081100
2020-10-01,311.6273498535156,313.1991537202758,309.75041203082435,312.22833451482296,88698700
2020-10-02,308.6686706542969,311.5996670640401,306.2184846303253,306.6900399805022,89431100
2020-10-05,314.1422424316406,314.32714558258357,310.67499091510314,310.7212096486976,45713100
2020-10-06,309.67645263671875,316.37057974539914,309.16793362544905,314.28097349200937,90128900
2020-10-07,315.0668029785156,315.87120071394156,312.5981077957547,312.62584467571554,56999600
2020-10-08,317.8591613769531,317.9238901844621,316.083915987055,316.99928967685366,45242500
2020-10-09,320.69775390625,321.16005424971684,318.8855444605007,319.50501111946494,59528600
2020-10-12,325.85699462890625,327.32710625079835,322.7410950073578,323.23113221465513,80388500
2020-10-13,323.73040771484375,325.89396970025575,322.76881520469266,325.71829333157706,73255500
2020-10-14,321.6963195800781,325.39472243527376,320.96590533211065,324.30370036496896,57727900
2020-10-15,321.2987365722656,321.77951876830656,317.2582361118935,317.7944920914556,60357700
2020-10-16,321.1044921875,324.30360178414776,320.9288158479538,322.6485591089017,89501900
2020-10-19,316.22265625,322.9907111121093,315.3257925506402,322.36198948401005,68425600
2020-10-20,317.48931884765625,320.72542054305353,316.8051235185024,317.56327447111846,60051900
2020-10-21,316.8883972167969,319.60672543903087,316.583263194965,317.44313504454004,63575000
2020-10-22,318.6265563964844,319.2090592108434,314.9651464132425,317.10097125484754,55399300
2020-10-23,319.7083435058594,319.9025017003484,317.25815794875194,319.8470279304944,49143900
2020-10-26,313.8001708984375,317.1194832403807,310.31440902526583,316.333567187947,91473000
2020-10-27,312.7183532714844,314.47508841544396,312.5056850182194,314.1422458102279,65994100
2020-10-28,302.0299987792969,312.7461150486337,301.5399616493468,307.059827691063,127094300
2020-10-29,305.0996398925781,308.26175735299205,300.5783305446324,302.26110998803335,90597700
2020-10-30,301.9190368652344,304.8315226203362,298.2761088587803,303.52783260839107,120287300
2020-11-02,305.30316162109375,307.3002742972392,302.56632324038145,305.30316162109375,86068300
2020-11-03,310.6935729980469,312.7461876866935,305.38637399387943,308.5300107397287,93294200
2020-11-04,317.6372375488281,321.70547377095147,313.9850545875487,315.15928696801785,126959700
2020-11-05,323.8320617675781,325.63504398286517,322.55610859572175,322.9074612913422,82039700
2020-11-06,323.75811767578125,325.0063340064699,321.4373613684711,323.5454494007083,74973000
2020-11-09,327.82635498046875,336.9059387720614,327.36405472488747,336.52684917649657,172304200
2020-11-10,327.3455505371094,328.39958037530033,324.0817120840673,326.8370033607283,85552000
2020-11-11,329.7772216796875,330.60010132463776,328.2886004326059,329.52756152474734,58649000
2020-11-12,326.5781555175781,329.8235125087104,324.7752013576145,328.76945432758134,67546200
2020-11-13,331.0994567871094,331.8391259274995,327.96504743366876,328.48282147525566,62892200
2020-11-16,335.2324523925781,335.4266106214588,332.4771323966517,333.76234079790987,74541100
2020-11-17,333.4294738769531,334.63147162301595,331.3213855742676,332.82848911220765,66111000
2020-11-18,329.41668701171875,334.2431030727179,329.3796950886092,333.69759212727365,70591300
2020-11-19,330.8035888671875,331.173423449706,327.44728430310664,328.7879664083773,59940900
2020-11-20,328.53826904296875,330.74807768636424,328.46431342145667,330.54466445649757,70417300
2020-11-23,330.5076599121094,331.7651311623136,328.112948198128,330.3412386076394,63230600
2020-11-24,335.8334045410156,336.37891546594994,332.1997312419318,333.0503479254816,62415900
2020-11-25,335.31561279296875,335.77791303204526,334.22459100072433,335.75017614636334,45330900
2020-11-27,336.24951171875,336.7210388362217,335.24167223686067,336.4066780190502,28514100
2020-11-30,334.7608642578125,335.7409385582566,332.08878340971694,335.47279650501997,83872700
2020-12-01,338.4223327636719,339.9571732876584,337.41452140242126,338.0062793851227,74231400
2020-12-02,339.13421630859375,339.2913825881508,336.7395044630417,337.3127522431998,45927000
2020-12-03,339.0418395996094,340.42874067685017,337.9415624876724,339.03258456312386,62882000
2020-12-04,341.9635009765625,341.9635009765625,339.5317971440086,339.6242628374325,50749900
2020-12-07,341.2608337402344,341.75087093197277,339.9941354266788,341.1961049259402,48944300
2020-12-08,342.2593688964844,342.82336164005824,339.9478677180988,339.9940864550397,42458900
2020-12-09,339.1896667480469,343.0729715480787,338.35753202065183,342.9158052793327,74098300
2020-12-10,339.0787658691406,340.1235407764272,336.952167699225,337.82129446332254,57735400
2020-12-11,338.68115234375,339.0879788216525,335.8703871356922,337.38671728522763,57698600
2020-12-14,337.1648864746094,341.9173192847848,336.9892100885421,340.8448073293693,69216200
2020-12-15,341.7231140136719,341.7231140136719,338.329845795208,339.6982365511047,63865300
2020-12-16,342.2593688964844,343.1747143338236,341.0573713537836,341.935753088197,58420500
2020-12-17,344.17327880859375,344.3766920459077,343.0730019635639,343.8959099470601,64119500
2020-12-18,342.7991027832031,344.6283315180656,340.79344881476123,344.4612007715748,136542300
2020-12-21,341.5733947753906,351.415944151772,336.1600082036477,338.8899235370573,96386700
2020-12-22,340.9977111816406,342.0098184311258,339.87418344037354,341.89839793934385,47949000
2020-12-23,341.30413818359375,343.20763766131074,340.9791428653168,341.96339496968784,46201400
2020-12-24,342.63189697265625,342.6597520909689,341.1926686317637,341.77762611632846,26457900
2020-12-28,345.575439453125,345.9654111690172,344.5540377310399,345.1761449139129,39000400
2020-12-29,344.91607666015625,347.27458040793783,344.3310908811892,347.09815522580993,53680500
2020-12-30,345.4082946777344,346.4389909289521,345.0183229457008,345.7332900123292,49455300
2020-12-31,347.1631774902344,347.8874388872676,344.70254763729105,345.2132342407314,78520700
2021-01-04,342.43695068359375,348.6210426946345,338.7506384714175,348.4910332362678,110210800
2021-01-05,344.79541015625,345.88181651795514,341.74979422078724,341.7962383123607,66426200
2021-01-06,346.8567810058594,350.04170094295614,342.743347597711,343.29118386394964,107997700
2021-01-07,352.01019287109375,352.7530149569909,349.04814233936133,349.22456754371,68766800
2021-01-08,354.01580810546875,354.22935455515557,350.153071336751,353.39367271496,71677200
2021-01-11,351.6295166015625,353.3844459686813,350.72882987062206,350.84954484541544,51034700
2021-01-12,351.70379638671875,352.7159036317569,349.4660070637659,351.8152452148604,52547700
2021-01-13,352.65081787109375,353.6443358349037,350.8494449222503,351.62941645625875,45303600
2021-01-14,351.4159240722656,353.89514316325904,351.0816626236897,353.39372265354797,49989100
2021-01-15,348.8531494140625,350.5987841141442,346.99606590019863,349.80025180486865,107160000
2021-01-19,351.5923767089844,352.1309468672761,349.82815280679114,351.3045309935299,51233300
2021-01-20,356.4579772949219,357.2936593696755,353.4866317659634,353.876603510318,61836100
2021-01-21,356.78289794921875,357.44218304043847,355.86365062010475,357.0150334029827,47840100
2021-01-22,355.5200500488281,356.6807271719311,354.5543587480902,354.9350642448892,52860500
2021-01-25,356.92218017578125,357.2750022410849,351.415906011499,356.25362897614195,70402000
2021-01-26,356.36505126953125,358.2778450349725,356.1329158287073,357.86928439217473,42665300
2021-01-27,347.6554260253906,353.14311284162346,345.4269308132445,353.0502529709395,123351100
2021-01-28,350.6452331542969,354.6379514307327,349.0295795422171,349.465966970764,94198100
2021-01-29,343.6255187988281,349.7539012035363,341.9541263228981,348.7882096621224,126765100
2021-02-01,349.34527587890625,350.375943628793,343.9133009262217,347.01462699809997,75817600
2021-02-02,354.2851257324219,355.83580306474755,349.42887007201125,352.52090191367535,64450700
2021-02-03,354.563720703125,356.28152883956943,353.29162286803046,355.11155700905664,52427100
2021-02-04,358.5935363769531,358.63995212915546,354.67508910571235,355.59433635934124,47142600
2021-02-05,360.0049133300781,360.71061412663744,358.54712432112404,360.4599180558391,48669800
2021-02-08,362.6048889160156,362.6513046740329,360.59923510850524,361.4534777465929,38365200
2021-02-09,362.3634338378906,362.95771418565323,361.3606211720995,361.769153490128,35551100
2021-02-10,362.20556640625,364.24836966450124,359.8099410732521,364.09979957873327,59154400
2021-02-11,362.7904968261719,363.7004778361302,360.36701674347415,363.2826227627068,42913300
2021-02-12,364.5826721191406,364.82407372216704,361.91773330512245,361.9920325190132,50593300
2021-02-16,364.2669982910156,366.0033955530589,363.552031185599,365.808381339612,50972400
2021-02-17,364.3504943847656,364.60119044464864,361.5091306885375,362.5212660866274,52290600
2021-02-18,362.79986572265625,363.5426878534969,360.03280086210617,361.7506089186291,59712800
2021-02-19,362.15911865234375,364.3411973179349,361.71340843442175,364.05335165745737,83241000
2021-02-22,359.3735046386719,361.77842431901905,359.1042196026477,359.4013597570989,67414200
2021-02-23,359.8099365234375,361.15633342710237,353.0315929249602,357.1728812923066,107284100
2021-02-24,363.7747802734375,364.2019298681405,357.7392590796617,358.7235110381606,72433900
2021-02-25,355.0094299316406,363.87702252268934,353.5702012493284,362.51206472788135,146670500
2021-02-26,353.18011474609375,358.0271036542426,351.20234468696304,356.8850154751008,152701600
2021-03-01,361.7413330078125,362.98560406297776,353.3751899411778,358.03645997578053,105348800
2021-03-02,358.9185791015625,362.19633073939394,358.41715856200267,361.964195274004,79595300
2021-03-03,354.1644287109375,359.18781495345684,354.06227437694446,358.22215187611573,119940200
2021-03-04,349.78173828125,356.5600826850542,345.3061596092031,353.9787373865895,183433000
2021-03-05,356.2164611816406,357.26571784913307,346.01179684391315,353.27297148908974,152039600
2021-03-08,354.4429626464844,359.9770636155982,354.1644114525265,357.1728776946545,123149200
2021-03-09,359.5035095214844,362.04770476168795,357.77640719038783,358.2778276525571,113633600
2021-03-10,361.7413330078125,363.4312860296286,360.43211389392627,361.8434873497362,109899400
2021-03-11,365.4090576171875,367.3775617218999,363.7469598417814,364.201964598063,86245000
2021-03-12,365.9011535644531,366.04042915723414,363.2455378059453,364.0533645809201,64653600
2021-03-15,368.083251953125,368.343242519141,364.0162344057818,366.15186917399524,73427200
2021-03-16,367.6189880371094,369.40177242737843,366.84828247321997,368.6960999272851,73722500
2021-03-17,368.87255859375,369.6710910137919,365.19551232371896,366.33762904443535,97959300
2021-03-18,363.50555419921875,368.37110416522074,362.8277084837041,366.2911796002453,115349100
2021-03-19,362.83294677734375,364.77995178052817,360.66234252833834,363.205574280837,113624500
2021-03-22,365.7301330566406,367.1088860050199,363.2893903689639,363.34528306947146,73778600
2021-03-23,362.8515319824219,366.5405922291803,362.0690057743006,365.09665013615654,90686600
2021-03-24,361.00701904296875,365.87920816679144,360.9604512667513,364.2489379839986,97588600
2021-03-25,363.03790283203125,363.82972563036685,357.63470442840975,359.5724129695901,116128600
2021-03-26,368.8882751464844,369.2888490443927,363.58756519155156,364.18376357430776,114409100
2021-03-29,368.7019348144531,369.60557150137186,365.9351320456119,367.4163456691813,108107600
2021-03-30,367.72369384765625,368.3944346099059,366.13066676878134,367.434905450126,76262200
2021-03-31,369.2143249511719,370.7700812685605,368.26412040470916,368.2920667610857,112734200
2021-04-01,373.2014465332031,373.25736766767085,370.93770669938243,371.14265609357545,99682900
2021-04-05,378.5580749511719,379.09840904135075,375.7819756542243,375.8564897892532,91684800
2021-04-06,378.33453369140625,379.37790224132345,377.6637927050794,377.9991774130732,62021000
2021-04-07,378.77227783203125,379.11695894712534,377.710288137678,378.16675464905626,55836300
2021-04-08,380.5702209472656,380.6261136446718,379.08900760669604,380.02059046966957,57863100
2021-04-09,383.3370361328125,383.50474266034735,380.3280415787718,380.4491519037927,61104600
2021-04-12,383.476806640625,383.7469452179368,382.13532496213276,382.74084817389485,56704900
2021-04-13,384.61334228515625,385.2375154018544,382.9923969687516,383.37434940887186,56551000
2021-04-14,383.2998352050781,385.63808919365846,382.7595011466084,384.58539585907903,61659900
2021-04-15,387.41741943359375,387.6875864651336,385.3865753074208,385.43314308577106,60229800
2021-04-16,388.7123718261719,389.31789515278274,387.2870508261419,388.7030468977185,82037300
2021-04-19,386.80255126953125,388.2278720552796,385.4797193923822,387.78073043129933,78498500
2021-04-20,383.9705810546875,386.6907875184191,382.4986639809094,385.59152639170094,81851800
2021-04-21,387.603759765625,387.808709170284,383.2159832062883,383.35574340510965,66793000
2021-04-22,384.06365966796875,388.2651075101176,383.0016699793457,387.43601353904774,97582800
2021-04-23,388.2278747558594,389.6345741269456,384.54813911119874,384.6226532391619,73209200
2021-04-26,389.03839111328125,389.60667156779255,388.2931360312582,388.8800379124394,52182400
2021-04-27,388.9545593261719,389.5321647196547,387.81802682554365,389.3365118024942,51303100
2021-04-28,388.84271240234375,390.342575715046,388.3769209336228,389.2246648182536,51238900
2021-04-29,391.3207702636719,391.93561848281814,387.9484442011052,391.5629909520302,78544300
2021-04-30,388.7496032714844,389.9047856090629,387.85529148566474,389.05704160482367,85527000
2021-05-03,389.5880126953125,391.1157939955126,389.0942748542552,390.7338415630485,68128300
2021-05-04,387.1844482421875,388.0974096431561,383.50471315012,387.6036718842852,101591200
2021-05-05,387.3056335449219,389.0570141395226,386.7466780571217,388.8241183887439,60162200
2021-05-06,390.3984680175781,390.528874845266,385.3772223436678,387.3801199711882,74321400
2021-05-07,393.23980712890625,393.8919265936675,390.4823294392389,391.16239525650957,67733800
2021-05-10,389.3457946777344,393.81738162988034,389.2246843410474,393.59381081117,81852400
2021-05-11,385.8708801269531,386.8583555604407,382.00481742833864,384.83683692816203,116888000
2021-05-12,377.673095703125,384.3618553205323,376.3595601632733,383.0949159919616,134811000
2021-05-13,382.2098388671875,384.1382223326197,379.17286945378146,379.2194656575238,106394000
2021-05-14,388.078857421875,388.9266014154042,384.9114807136324,384.9394270681594,82201600
2021-05-17,387.0913391113281,387.9018401628468,385.07911651757036,386.97025720812496,65129200
2021-05-18,383.75634765625,387.59446551118776,383.5979660188922,387.352244805697,59810200
2021-05-19,382.75018310546875,382.9271861523255,377.5985301803542,379.0797721892408,106467100
2021-05-20,386.8677978515625,388.1254406224363,383.5047967743601,383.62587868681237,78022200
2021-05-21,386.551025390625,389.58799485674376,386.09455884988506,388.3489736323711,76578700
2021-05-24,390.4916076660156,391.56292229029447,388.5445744319748,388.78679507785904,51376700
2021-05-25,389.6253356933594,391.92634725908783,389.0477586770462,391.5723411059508,57451400
2021-05-26,390.3984680175781,390.9015023339306,389.1780966451499,390.2121400584183,43088600
2021-05-27,390.60345458984375,391.9356114927395,390.3239626244938,391.4232522007512,56707700
2021-05-28,391.3020935058594,392.42930086674016,391.069197778342,392.1684587891069,58520200
2021-06-01,390.9573974609375,393.7987138563774,390.51955237272466,393.65898211112926,54216600
2021-06-02,391.5723571777344,392.41080480838275,390.6035311110982,391.6096284663476,49097100
2021-06-03,390.1190185546875,391.2555509981351,387.7993858877597,389.26197808041053,58138800
2021-06-04,393.6869812011719,393.9850945840739,390.18422002621526,391.96354696648706,55938800
2021-06-07,393.3050537109375,393.85468430384935,392.3734706525122,393.67768124837585,51555000
2021-06-08,393.388916015625,394.2552814880263,391.563021073544,394.162117490748,47134300
2021-06-09,392.80194091796875,394.30180423460956,392.5783701098852,394.2272616788116,48436300
2021-06-10,394.62774658203125,395.57797916154135,392.7086884327346,394.0222234935025,51020100
2021-06-11,395.27996826171875,395.3917536695252,393.89191873202867,395.1775077811149,45570800
2021-06-14,396.1650390625,396.2674995574854,394.1528161505777,395.3918091672138,42358500
2021-06-15,395.4383850097656,396.3513182077345,394.5626946646038,396.31407535492747,51508500
2021-06-16,393.23046875,395.8016468115362,391.19032822728997,395.57807599910893,80386100
2021-06-17,393.1001281738281,394.07827907271417,390.63143860500963,392.8206646111922,90949700
2021-06-18,387.79705810546875,390.51680887211063,387.591438170524,389.82519114669236,118676300
2021-06-21,393.3486633300781,393.53560087943845,388.7409408172673,389.5540649639203,72822000
2021-06-22,395.4515380859375,396.28337300789326,392.6196085187923,393.339292332768,57700300
2021-06-23,394.9749755859375,396.33017311106846,394.8908622379778,395.52640432656335,49445400
2021-06-24,397.31146240234375,397.7320290467191,396.8628294590152,397.1151979683019,45110300
2021-06-25,398.7226867675781,399.1713196564426,397.73198076199486,398.05910712745913,58129500
2021-06-28,399.5265808105469,399.6948074887242,398.0498768754374,399.2462030135846,53159600
2021-06-29,399.7415771484375,400.5453458904214,399.20883078354126,399.9098038354574,35970500
2021-06-30,400.07794189453125,400.7508770162043,399.25546246552415,399.283500240483,64827900
2021-07-01,402.2931213378906,402.4520211210759,400.7696685970019,400.83509959729395,53441000
2021-07-02,405.3680419921875,405.72320623377107,402.3772122424309,403.45206040174946,57697700
2021-07-06,404.62969970703125,405.6391169295271,401.9005937821132,405.4241415803903,68710400
2021-07-07,406.0596618652344,406.34006819983387,403.3025183056718,405.3119686849688,63549500
2021-07-08,402.7510070800781,403.5080555398632,399.57324040832856,400.75088402251015,97595200
2021-07-09,407.0503234863281,407.3494121346729,402.55475241821676,404.2557870176814,76238600
2021-07-12,408.50836181640625,408.76073035250516,406.536304788165,406.9662269112006,52889600
2021-07-13,407.1158142089844,409.2187334442086,406.854118733952,407.72331850573784,52911300
2021-07-14,407.7232971191406,409.29349840963926,406.4802508086064,408.8074721795963,64130400
2021-07-15,406.33074951171875,407.059760411339,404.4334500856128,406.3868250791765,55126400
2021-07-16,403.1436462402344,407.55510476141916,402.75111727654803,407.50838463044124,75874700
2021-07-19,397.19000244140625,403.20902632092094,394.38611039278754,398.3302530154178,147987000
2021-07-20,402.88189697265625,404.15300952398457,397.05913759218004,397.85357937142714,99608200
2021-07-21,406.1437683105469,406.28398573679834,402.83519609526724,404.07824240394586,64724400
2021-07-22,406.9942932128906,407.23730633204167,405.3400070746696,406.3213579405747,47878500
2021-07-23,411.181396484375,411.51784981607466,408.2373157413509,408.9195778381852,63766600
2021-07-26,412.19085693359375,412.20021236866125,410.5459261537889,410.5926462837905,43719200
2021-07-27,410.31219482421875,411.18139444947093,407.489592116502,411.1533566719681,67397100
2021-07-28,410.1440124511719,411.51792083805464,408.7233839343774,410.93845431834467,52472400
2021-07-29,411.8450622558594,412.9198819868287,411.05997579525564,411.0693312306445,47435300
2021-07-30,409.8449401855469,411.29360644207577,409.1532940336554,409.28415602981516,68951200
2021-08-02,408.985107421875,412.1067710167303,408.6299431376853,411.5553422417352,58783300
2021-08-03,412.3123474121094,412.43385397257424,407.5924735593852,409.7795060797524,58053900
2021-08-04,410.2842102050781,412.2843051456388,410.0505525213927,411.0319033838049,46732200
2021-08-05,412.8824462890625,412.96655962509095,411.1253360982536,411.4431070974712,38969700
2021-08-06,413.56475830078125,413.9853535543252,412.9198607907698,413.2002671340216,46930000
2021-08-09,413.2283020019531,413.8544886377314,412.4618979342041,413.53671760242094,41222600
2021-08-10,413.7423400878906,414.4526685963435,412.9946468851688,413.67690908891893,43339300
2021-08-11,414.77044677734375,414.8639155599606,413.6862716488568,414.80783999492405,44034300
2021-08-12,416.0135192871094,416.1537367311729,413.72369084389135,414.62092846348145,38909400
2021-08-13,416.7705993652344,416.7892817139917,415.9761574416634,416.4621552133837,39470300
2021-08-16,417.7518615722656,417.88269503110484,413.91987021373245,415.4713605109986,73740000
2021-08-17,415.0133972167969,415.8732414325838,412.0319231944984,415.2003062311289,92673900
2021-08-18,410.47113037109375,415.5648794226537,410.2281457688839,414.004033503329,89351900
2021-08-19,411.106689453125,412.30304425730367,407.6111793930043,407.7513683082851,92812200
2021-08-20,414.3779296875,414.7050561972092,410.9665327094938,411.452559017406,72008700
2021-08-23,418.02288818359375,418.9294809997778,414.4525924726287,416.06015823361497,54973000
2021-08-24,418.6865234375,419.21926979163254,418.1724879522138,418.6865234375,38744700
2021-08-25,419.5651550292969,420.0791906082296,418.49966212692135,418.8735372999682,40529700
2021-08-26,417.0882873535156,419.5183042507706,416.9948185830064,419.2846465858296,57829600
2021-08-27,420.8174743652344,421.1913209422029,417.8360001384459,417.89207569885787,77235100
2021-08-30,422.6680603027344,423.4531466839395,421.2474033554113,421.4904164695936,48357400
2021-08-31,422.0418395996094,422.9110393113264,421.44369077915854,422.57458594782264,59300200
2021-09-01,422.26611328125,423.49047714229727,422.03245562039876,422.97644169749003,48721400
2021-09-02,423.5652770996094,424.3690457877398,422.3689509787344,423.6867836507604,42501000
2021-09-03,423.4624938964844,423.9765579301553,422.0325099688313,422.4344228744772,47170500
2021-09-07,421.94842529296875,423.21018261431715,421.2754899564276,423.1167138270563,51671500
2021-09-08,421.4343566894531,422.14468518971387,419.5183465302411,421.4156743425341,56181900
2021-09-09,419.6304931640625,422.98581388405796,419.38748005990004,421.23805907529504,57970400
2021-09-10,416.32196044921875,421.9764655786585,416.2004538773262,421.5558988174952,89948200
2021-09-13,417.3873291015625,419.5743898490149,415.0787903327298,419.3126944167152,83738600
2021-09-14,415.13494873046875,419.03234294728094,414.2470381175579,418.82672304337876,78197100
2021-09-15,418.6024169921875,419.0977701394543,414.4526542585058,415.5555116773011,78792200
2021-09-16,417.9388732910156,419.05105771787464,414.99476341128366,418.0790622084627,77786700
2021-09-17,413.8676452636719,417.5900174422534,413.5113432060983,417.16810338516024,118425000
2021-09-20,406.9667053222656,409.32950968626983,402.10978676408575,407.7543067769337,166445500
2021-09-21,406.5822448730469,410.59527785541786,406.057177276403,409.30135105867487,92526100
2021-09-22,410.5484924316406,412.5831513891095,406.6948671942367,408.85139337293356,102350100
2021-09-23,415.53662109375,417.1399803704705,412.17993634176355,412.41434258074156,76396000
2021-09-24,416.2210693359375,416.9336734105124,413.68947068134617,413.9051347076099,62094800
2021-09-27,415.0303039550781,416.3523298980062,414.33644206403306,415.1896841659372,61371100
2021-09-28,406.6667175292969,412.59251441684535,405.93537117136833,412.26433994291904,130436300
2021-09-29,407.35113525390625,409.7795802277792,406.7885546104285,408.0449684995728,82329200
2021-09-30,402.37237548828125,409.52642965582174,402.0348156347722,408.8232109595568,140506000
2021-10-01,407.15423583984375,408.83259245748525,400.5815046124614,404.0975980601775,129240100
2021-10-04,401.9035949707031,406.89173823936943,399.7657824946463,405.9916262485337,128570000
2021-10-05,406.08538818359375,408.3262970264828,402.6068074886927,403.4037658375677,90682500
2021-10-06,407.7731018066406,407.97938044868795,400.8721956255004,402.49426854273986,113032200
2021-10-07,411.29852294921875,414.1301397145414,410.86722352719846,411.0453745390407,72437500
2021-10-08,410.5484924316406,412.45189876084635,409.9202996692927,412.0674690550003,74557400
2021-10-11,407.576171875,412.79874945849707,407.5105312643394,409.8921065328173,65233300
2021-10-12,406.57293701171875,408.89825725037673,405.7853354665387,408.4950853785661,71181200
2021-10-13,408.0356140136719,408.8513431322092,404.6226741156243,407.594929147859,72974000
2021-10-14,414.8990173339844,415.0490407513381,411.2235151439211,411.69232759288604,70236800
2021-10-15,418.05889892578125,418.42458644967,416.38992739167634,417.00876339160925,66260200
2021-10-18,419.2964782714844,419.6340094982905,415.6209761000303,416.27732497087453,62213200
2021-10-19,422.53131103515625,422.59692303340495,420.30911592133424,420.91859501540216,46996800
2021-10-20,424.19091796875,424.4909648278342,422.878248727811,422.99075914645675,49571600
2021-10-21,425.2972717285156,425.52229254631413,423.15948811730703,423.5907875561012,41305400
2021-10-22,424.8565979003906,426.3099336904653,422.91570745443045,424.8659833060559,58845100
2021-10-25,427.1351013183594,427.46327582498486,424.1722311934104,425.9443277467125,45214500
2021-10-26,427.5195007324219,429.89169091412384,427.1444564431734,428.68217522735085,56075100
2021-10-27,425.6255187988281,428.6446726137015,425.5504927707311,427.9789668380812,72438000
2021-10-28,429.7323303222656,429.80732773792477,427.0413509410185,427.05070773419686,51437900
2021-10-29,430.6042785644531,430.8949400235168,427.14444004690756,427.43510150597126,70162400
2021-11-01,431.34503173828125,431.9638676988326,429.6198050970678,431.5887947913139,48433600
2021-11-02,433.0889892578125,433.398421537022,431.38250486096626,431.51378609797507,48908400
2021-11-03,435.7330627441406,436.1362346004919,432.0856879971298,432.5263728629684,52509800
2021-11-04,437.78643798828125,437.87082079414984,435.98618562096254,436.33310224976924,52847100
2021-11-05,439.305419921875,441.29318025230174,437.79585747597196,440.00863863956613,66390600
2021-11-08,439.6804504394531,440.8993800137787,438.99600255528054,440.4024399467041,50405200
2021-11-09,438.2271423339844,440.28054321030675,436.8207049454919,440.0461369788913,51149100
2021-11-10,434.70172119140625,438.2272005366199,433.2202862022842,436.53945827784827,69429700
2021-11-11,434.8423767089844,436.26758515556486,434.8236345082835,436.1925591246675,34848500
2021-11-12,438.1240234375,438.6772187538003,435.1611250038921,436.1081354103615,53466700
2021-11-15,438.2740783691406,439.56800554034606,437.14894545673525,439.40862530276064,46980500
2021-11-16,440.0086669921875,441.1431852512349,437.9365237158013,438.01152112700873,48857500
2021-11-17,438.93975830078125,439.9242530537252,438.32092239942926,439.74610202390977,47858300
2021-11-18,440.4305725097656,440.6931063478928,437.25201023461375,439.9711168325113,50625600
2021-11-19,439.64300537109375,441.5651251990252,439.27731788187225,440.31806790988196,57315600
2021-11-22,438.4053649902344,444.0029878555942,438.1990863283232,441.51828711942284,72762000
2021-11-23,438.98663330078125,439.83987544998917,435.4799250989726,438.07713594296996,73206500
2021-11-24,440.1586608886719,440.28055671099236,436.17375483241744,436.9894839645097,61858800
2021-11-26,430.3417053222656,434.96418925297854,429.2165439866492,433.50149668510204,112669600
2021-11-29,435.6205139160156,437.4582506222478,432.92953515695143,435.12357388678817,86268800
2021-11-30,427.1444396972656,435.08612453579684,426.90064804249147,433.1827469437874,148559600
2021-12-01,422.3999938964844,435.6861505788109,422.2031006903949,432.84514843479013,131939200
2021-12-02,428.8696594238281,430.43550572803196,422.22190176024696,422.6157168413784,127637800
2021-12-03,425.137939453125,431.5887754076615,420.91862695944747,430.5292831950463,137331600
2021-12-06,430.1730041503906,432.0482542479885,425.2692148441158,427.6789180869,98977500
2021-12-07,439.0710144042969,439.633595102183,430.0416814760553,435.4424103932935,95484700
2021-12-08,440.2336730957031,440.68374339000826,437.7114595944113,439.46484235390875,72238800
2021-12-09,437.26141357421875,440.3368223530035,437.06452034105865,438.94912708653544,61272600
2021-12-10,441.3775634765625,441.52758690349503,437.41142821807136,439.9617692478392,77159800
2021-12-13,437.4677429199219,441.2088578538092,437.1864382259011,440.8619411504924,87724700
2021-12-14,434.4579162597656,436.6894683893485,431.5419161774256,434.20476780499797,97264100
2021-12-15,441.2463073730469,441.49007040259744,432.00131048296834,434.51416709666717,116899300
2021-12-16,437.355224609375,443.3747615247552,435.80812035524764,443.0934854498481,116568600
2021-12-17,432.7004089355469,437.28267979708494,430.9973478702641,434.2811459384775,135511600
2021-12-20,428.099365234375,428.4945351603184,424.4862394814665,427.62890570329984,107134800
2021-12-21,435.70196533203125,435.8430974441347,429.3507618562461,431.5148641473523,69806300
2021-12-22,440.0584411621094,440.17134685592566,435.25032979357655,435.44794347232624,58890200
2021-12-23,442.7965087890625,444.2925666264492,440.9523154989883,441.0558028110541,56439700
2021-12-27,449.06304931640625,449.11008378457836,444.12322414632985,444.17025861450196,56808600
2021-12-28,448.6960754394531,450.52146074512336,447.9339332846144,449.4958623974338,47274600
2021-12-29,449.2700500488281,450.2862300149204,447.8022185897107,448.7995905115579,54503000
2021-12-30,448.0280456542969,450.70025247373695,447.56700448030426,449.6934621372565,55329000
2021-12-31,446.89892578125,448.68666632067624,446.6260799179109,447.5387725895835,65237400
2022-01-03,449.4864807128906,449.6182231773568,445.8545465639054,448.15978126090016,72668200
2022-01-04,449.3359375,451.6223929028808,447.48232558918886,450.9072851460478,71178700
2022-01-05,440.7077331542969,449.74056308734737,440.6136354927347,448.969002462942,104538900
2022-01-06,440.2936096191406,443.0034607516756,437.9318938989192,440.2465751581237,86858900
2022-01-07,438.5529479980469,441.479221117935,437.1980222953608,440.3030723284207,85111600
2022-01-10,438.0072021484375,438.2235951358121,429.62361061806894,435.36322212037476,119362000
2022-01-11,441.996826171875,442.0909238415966,434.7517363219708,437.743881417485,74303100
2022-01-12,443.1916809082031,445.2429062617321,441.2345819172256,443.7280116585806,67605400
2022-01-13,437.0851135253906,444.9417931268879,436.0595152339108,444.2925567024861,91173100
2022-01-14,437.2638854980469,437.6120209390258,432.7286489573756,433.9424425259686,95890900
2022-01-18,429.5201721191406,432.7851627070061,428.4098944174529,432.5781593461344,109709100
2022-01-19,425.0602111816406,432.45582165960354,424.7873365975809,431.0632797435182,109357600
2022-01-20,420.35565185546875,431.6372638548228,418.2385836592185,426.9420862438029,122379700
2022-01-21,412.103759765625,421.58821170548157,412.0755333410702,419.2359139440063,202271200
2022-01-24,413.8538513183594,414.36195566976323,395.90112761933347,406.5052754832323,251783900
2022-01-25,408.8011779785156,413.74100392359156,401.91364234074007,407.47447842180327,167997300
2022-01-26,407.7755432128906,417.80574473347866,403.5225703047687,414.6818862839636,186391100
2022-01-27,405.76190185546875,415.5004192840026,404.0776775137982,412.36717163695266,149878300
2022-01-28,415.8392028808594,415.886237349482,402.54401155859085,407.11686454826264,164457400
2022-01-31,423.32891845703125,423.677053931945,413.82562974282484,415.17113717300543,152251400
2022-02-01,426.1893005371094,426.8291186076498,420.5343677869096,424.053395889453,123155400
2022-02-02,430.329345703125,431.05384305532795,426.2833764423959,428.5886396673794,117361000
2022-02-03,420.2144775390625,426.20812763649417,419.37704575360794,424.3074813838875,118024400
2022-02-04,422.1903991699219,426.0293363499769,417.6080991681987,419.97923360740066,118454400
2022-02-07,420.8354797363281,424.3450895509773,419.50878037886775,422.95254768054906,84472900
2022-02-08,424.29803466796875,425.2201456654425,418.91597660458353,420.33677354523064,81012000
2022-02-09,430.50811767578125,430.82802671260504,428.1275935863995,428.32517855026134,92589900
2022-02-10,422.7737731933594,430.66806944150386,420.7790293131962,424.67441942143387,140103700
2022-02-11,414.437255859375,424.92849902096657,413.0070690365457,422.85849404433793,153214600
2022-02-14,413.082275390625,415.5098626456239,409.6197001412661,413.9291255162954,123006300
2022-02-15,419.7440185546875,419.9133771021189,416.99652213320917,417.5140448697904,88482700
2022-02-16,420.2144775390625,421.588211390658,415.82979106919817,417.70221089727113,84863600
2022-02-17,411.2380676269531,420.18621676202645,410.63589438127366,417.03413227878895,102259100
2022-02-18,408.57525634765625,412.7435205102697,406.30763817495443,411.4920821949047,132642900
2022-02-22,404.1906433105469,409.7702869392554,400.6998126141375,406.37358261467153,124391800
2022-02-23,397.0208435058594,407.6626367061376,396.45628627766916,407.0980794779474,132578000
2022-02-24,402.99566650390625,403.42850999389174,386.3790593344902,386.73658449661104,213942900
2022-02-25,411.88726806640625,411.9719473256861,402.5815659197891,404.22817407311,121804500
2022-02-28,410.8334655761719,412.31071529051957,405.2538228246702,406.5052324542038,145615000
2022-03-01,404.57635498046875,411.3415647709706,401.8758933767992,409.3374027412006,137785900
2022-03-02,412.0190124511719,413.74088149381066,406.07239780068846,406.82512147422693,117726500
2022-03-03,409.9678649902344,415.0488225356622,408.1707060110163,414.44664922565886,105501700
2022-03-04,406.6369934082031,407.76607902539786,402.600442693899,406.2417947777143,113978200
2022-03-07,394.6496887207031,406.7593128666358,394.5838174926232,406.0536235461076,137896600
2022-03-08,391.6575927734375,401.97005852746355,390.59434954887394,394.82848568696517,164772700
2022-03-09,402.1582336425781,404.134169484024,397.8394184443937,400.02235763522094,116990800
2022-03-10,400.3421936035156,401.2360493514207,395.599954192604,397.557052917586,93972700
2022-03-11,395.2518615722656,403.43783985789673,394.7437572588801,402.8262482347944,95636300
2022-03-14,392.36322021484375,399.4671471285895,391.2247162730047,396.02340888185535,95729200
2022-03-15,400.9914245605469,401.6218241501706,393.6993030071115,394.96952056412135,106219100
2022-03-16,409.8831481933594,409.939601038674,399.7023972745846,404.49170046381727,144954800
2022-03-17,415.01116943359375,415.01116943359375,407.596722776026,407.9730846505351,102676900
2022-03-18,419.5566711425781,419.8775739934096,412.66663547827596,413.4028311487186,106345500
2022-03-21,419.43402099609375,421.3877523283893,415.93234592986585,419.3868116069883,88349800
2022-03-22,424.3420104980469,425.27640505720075,420.8214687288552,420.8214687288552,74650400
2022-03-23,418.8771667480469,423.3037890750717,418.79222440449075,421.8125310374547,79426100
2022-03-24,425.19146728515625,425.2009149244502,419.78326986493045,420.89699675804104,64736900
2022-03-25,427.26788330078125,427.54160557531713,423.24710673053914,425.8238060374059,77101300
2022-03-28,430.3070983886719,430.3070983886719,424.7856157896072,426.6733001787727,68529800
2022-03-29,435.63031005859375,436.12112638537604,431.50572468711965,434.18623279666707,86581500
2022-03-30,432.9404296875,435.30003519309184,430.83565120715195,434.4883159212036,79666900
2022-03-31,426.27685546875,432.9970065427643,425.8238008960685,432.1758685328461,121699900
2022-04-01,427.48504638671875,427.9947004651948,423.9173238184881,427.85312988784034,89048800
2022-04-04,431.1470947265625,431.2509323439472,426.86207198374484,427.683210068739,59601000
2022-04-05,425.701171875,432.1192876988634,424.5591308094842,429.6558732347616,74214500
2022-04-06,421.4444580078125,423.7191214319922,418.5657504830329,421.79370385778503,106898000
2022-04-07,423.5680236816406,425.3802132507673,418.62230012164184,420.5666126114327,78097200
2022-04-08,422.4353942871094,425.3235486630253,420.8969271331609,422.8129253472982,79272700
2022-04-11,415.21502685546875,420.0097320215141,414.7147916975716,419.16969873165914,89770500
2022-04-12,413.6766052246094,420.71765996000386,412.12869019333453,418.19758861647455,84363600
2022-04-13,418.4146423339844,419.16970449840653,413.25182485427155,413.4311571589825,74070400
2022-04-14,413.20465087890625,419.7549175134308,413.1008132674667,418.64116191799894,97869500
2022-04-18,413.3746032714844,415.0546413726437,411.1471205194664,412.27974277354747,66002500
2022-04-19,420.0475158691406,420.76481631207815,413.10082271070314,413.2707073837323,77821000
2022-04-20,419.73602294921875,422.4354264021452,418.57511557097627,421.82193478222695,65224400
2022-04-21,413.45953369140625,424.73846009934624,412.55345319655066,423.3510108398269,85417300
2022-04-22,402.11456298828125,413.4784030168014,401.54825187367607,412.37412370691203,132471800
2022-04-25,404.4458312988281,404.61571598232445,395.31886452951045,399.87763849644267,119647700
2022-04-26,392.73272705078125,402.1145203899857,392.70441293823944,401.9162927984164,103996300
2022-04-27,393.8370361328125,399.1697677643689,391.7039722839688,393.8087220181219,122030000
2022-04-28,403.78509521484375,405.51234242525084,394.14847523083597,398.57509707971343,105449100
2022-04-29,388.8630065917969,401.95409397695,388.11736315002133,399.8021348013602,145491100
2022-05-02,391.2037048339844,392.56283983474725,382.2749373532382,388.92904179526005,158312500
2022-05-03,392.9970397949219,395.4038260055901,390.14661777180356,391.7039805238848,100028200
2022-05-04,404.9649353027344,405.53124638806986,390.4769516548114,393.65769528593023,144247900
2022-05-05,390.5712585449219,401.1328529057298,386.4466735836477,400.7081124811443,172929100
2022-05-06,388.24005126953125,391.50573725161655,382.9451102963641,388.01353835630266,151770800
2022-05-09,375.8096923828125,383.5869435337957,374.23346310540126,382.3505124543199,155586100
2022-05-10,376.6779479980469,383.27539519585025,372.6477525173204,381.7746896823651,132497200
2022-05-11,370.69403076171875,381.35001745771194,369.94838734516037,375.7152782695393,142361000
2022-05-12,370.3069763183594,373.57266165703663,363.5207498600562,367.5037643543331,125090800
2022-05-13,379.16021728515625,380.538218568786,373.39332756714504,374.43155954951243,104174400
2022-05-16,377.621826171875,381.2839385536254,375.27166828724563,377.5180173546355,78622400
2022-05-17,385.3896484375,385.62560898408395,379.9719747013643,383.70016285890136,83029700
2022-05-18,369.8539733886719,381.12345103452697,368.61754246873323,380.840309909265,117674500
2022-05-19,367.5887451171875,372.0059481432004,365.3707103676318,366.7959211904098,98510700
2022-05-20,367.7492370605469,374.7336635050742,359.1697150107811,371.1659411793916,131432200
2022-05-23,374.6298828125,375.39439273940906,368.45714636210454,370.7695426186861,76414900
2022-05-24,371.7699890136719,372.9592105064328,365.2291411864955,370.5146628553773,91448800
2022-05-25,375.0545654296875,377.01777330975807,369.8823286767236,370.278726265349,91472900
2022-05-26,382.54864501953125,384.18150224653084,376.07390194163645,376.28154835892093,82168300
2022-05-27,391.93994140625,392.0531978674875,384.8044963104918,385.0026951176574,84768700
2022-05-31,389.7408142089844,393.07257654836985,387.00367715799683,390.32599185668306,95937000
2022-06-01,386.58831787109375,392.8648626531449,384.07769419751776,391.8549734040455,86585800
2022-06-02,393.95025634765625,393.9974369297573,384.1814851394755,386.4278338799512,79609600
2022-06-03,387.4849548339844,390.7884022780611,386.51279859544996,389.240487364167,71874300
2022-06-06,388.6647644042969,393.21406164588547,387.4943805595861,391.48684319664267,57508900
2022-06-07,392.3929138183594,392.8459684053957,384.7194727728496,385.1819749982957,59272400
2022-06-08,388.12677001953125,392.4684496696644,387.333946070098,390.6845741806073,64350000
2022-06-09,378.89599609375,388.6175587452947,378.89599609375,386.3523433395128,86289800
2022-06-10,367.9096374511719,373.55382355387263,367.862456867888,372.70437142833873,132893900
2022-06-13,353.9408264160156,360.3683895194282,352.3362831480851,358.5184668650851,170004900
2022-06-14,352.8742370605469,356.71568127410126,349.7784361620524,355.68689685396777,104011800
2022-06-15,357.905029296875,362.34107104293935,351.22260935386237,356.16833403207096,125666800
2022-06-16,346.0597229003906,350.10881384000515,343.63404163139757,349.702968623294,134473300
2022-06-17,346.8057861328125,350.1424810150499,343.3079900767023,346.47403747740344,111113900
2022-06-21,355.5361022949219,356.92005638665404,352.44587608946637,352.521725834006,76811900
2022-06-22,354.89154052734375,358.9960185982588,350.9007792220965,351.3178660517575,90059400
2022-06-23,358.370361328125,359.1002487608876,353.46963484148904,357.0243321478926,79292100
2022-06-24,369.7642822265625,369.77377067490386,361.5079146879787,361.5363511048066,98050300
2022-06-27,368.3519592285156,370.9776852889989,367.2618578134948,370.683832618729,66009600
2022-06-28,360.8254089355469,372.68388643941586,360.7116632691244,369.9064903475498,86548900
2022-06-29,360.5316162109375,362.36109348225904,358.7116273894593,361.3752782573753,65676000
2022-06-30,357.6025695800781,360.834977987892,353.156825579061,356.64516179349505,112508300
2022-07-01,361.3847961425781,361.8208599109863,354.3322732319177,356.94854012954494,74839700
2022-07-05,362.0672607421875,362.08623764291843,353.4791138897527,356.3039239194396,81438000
2022-07-06,363.2900390625,365.7735827766986,359.83013971421116,362.2093972721212,70426200
2022-07-07,368.7311706542969,369.52741950591667,363.30907034528104,365.06272708039626,64525900
2022-07-08,368.4278259277344,370.2952282014979,365.5745794315864,367.10071569720793,72397800
2022-07-11,364.21905517578125,366.72154716840924,363.52706364959664,365.7546798643806,58366900
2022-07-12,360.99609375,366.0485198112267,359.251925711996,363.6692331147653,62219200
2022-07-13,359.10028076171875,362.02937706003513,355.14747320454023,355.5645600399159,84224600
2022-07-14,358.22821044921875,359.30882348190096,351.71600904471353,354.1521398256336,89704800
2022-07-15,365.0721435546875,365.1858892356065,360.7211976903377,362.62649570213034,79060400
2022-07-18,362.0578308105469,368.82596036630525,360.83500666975766,368.1529456840062,63203600
2022-07-19,371.8403015136719,372.40905889172745,365.31864088700104,365.97267860433266,78506000
2022-07-20,374.2100524902344,375.62247177061846,370.66484393622255,372.02984989964705,71843800
2022-07-21,378.020751953125,378.06813634762244,371.2336461823122,373.63188089355765,64903900
2022-07-22,374.5134582519531,379.3383643459128,372.29533041038957,378.1440056178114,72197300
2022-07-25,374.9684753417969,375.8215969964553,372.73137056679104,375.1390938870878,53631500
2022-07-26,370.5322265625,373.537114847819,369.64118001606494,373.3285714235852,52946400
2022-07-27,380.1535339355469,381.8977018374365,373.52755888438156,373.8214115297532,82342100
2022-07-28,384.921630859375,385.6135934950256,377.4140966164,380.9593347805678,73966600
2022-07-29,390.5332946777344,391.51913892921795,385.58515437514285,386.3529667558723,87003700
2022-08-01,389.37677001953125,391.8792906615118,387.13020608259814,387.8411455020427,69997500
2022-08-02,386.8079833984375,391.4907074923848,385.632572613597,387.81277563609865,63435400
2022-08-03,392.86517333984375,394.0310955881913,388.6469207989162,388.931285023342,67820600
2022-08-04,392.5998229980469,393.47189271815853,390.9599118866752,392.78938953675487,45656600
2022-08-05,391.9361877441406,392.5807659148732,388.26774474140564,388.3246175842232,56814900
2022-08-08,391.481201171875,395.87007236927724,390.3816112599049,393.6235081493515,53886100
2022-08-09,389.9266052246094,391.25368644325886,388.8554517997777,390.7512903773344,44931800
2022-08-10,398.1165771484375,398.2587881715667,395.0168917661512,396.9696030117307,68665700
2022-08-11,398.1165771484375,402.818277227606,397.37720132659865,400.9603347598482,59489700
2022-08-12,404.8563232421875,404.9605804756404,399.10244636975136,400.0503656332881,61694500
2022-08-15,406.52459716796875,407.04597006301,402.59073843868015,402.6476112740378,54048300
2022-08-16,407.3209533691406,409.24522847882577,404.64781387838514,405.45355110579476,59289000
2022-08-17,404.4297180175781,407.13129350400095,402.4296224053403,403.7282670715911,63563400
2022-08-18,405.6052551269531,406.28772933931555,403.339713824165,404.6288703517896,49023200
2022-08-19,400.1546325683594,403.1121358999802,399.2825341593999,402.8467196760706,68016900
2022-08-22,391.82244873046875,395.5003802457015,390.9219138235221,395.3297327861423,77695600
2022-08-23,390.8745422363281,393.7846615275958,390.32473282411485,391.3958862975145,49105200
2022-08-24,392.1258239746094,393.4908012724624,389.96456893805333,390.64704312287796,49177800
2022-08-25,397.6616516113281,397.7090360070508,392.52391605971974,393.614017515164,50942300
2022-08-26,384.2011413574219,398.088152311537,384.14426851779484,397.5478603350803,103087000
2022-08-29,381.6607360839844,384.70354880710715,380.3052184856568,381.25313774516417,65370800
2022-08-30,377.4709777832031,383.05423695854176,375.3760840001701,382.81725710753153,85652400
2022-08-31,374.5987243652344,380.3431127380741,374.46603071215685,379.10134082789193,76029700
2022-09-01,375.774169921875,376.1154069737023,369.7264403478649,372.4280160542996,78740100
2022-09-02,371.81182861328125,380.6464427581479,370.00129941700374,379.43310730382876,99632100
2022-09-06,370.4089660644531,373.5939611226999,368.1908383071308,372.6555302445026,76637400
2022-09-07,377.0633544921875,377.83116684452074,369.87813861226584,370.0961415467539,70964200
2022-09-08,379.5279541015625,379.9829368756566,373.59396971166063,374.79784580059123,80821700
2022-09-09,385.4239807128906,386.28659071940456,381.4995810521483,381.7649972904449,76706900
2022-09-12,389.5664367675781,390.2868647682197,387.18714981782034,387.49049096842776,69256300
2022-09-13,372.6270751953125,382.10626800654813,371.5085373863549,380.90239200547273,122947100
2022-09-14,374.0489501953125,375.5656268148488,370.7501807174359,373.9257160615463,85023700
2022-09-15,369.8022766113281,375.33812191068284,368.53206820723454,372.49436398050875,87633800
2022-09-16,366.9811096191406,367.6378630769438,363.69734233012485,365.6295510878898,103084800
2022-09-19,369.8270568847656,369.8270568847656,363.7640106344205,363.8401719669829,73278500
2022-09-20,365.5819091796875,367.51408871168167,362.83118428153335,366.5051690967704,77274900
2022-09-21,359.2047424316406,370.55033777024784,359.1952150060502,367.50452437829694,106746600
2022-09-22,356.18756103515625,360.0709463739704,355.4451478506608,358.4338263970015,89472600
2022-09-23,350.2196350097656,352.76095967141856,345.7841825636604,352.7228790149844,122346900
2022-09-26,346.7550964355469,352.3707890222306,345.5367765894628,348.75391014864755,92581200
2022-09-27,345.869873046875,352.5515910179344,343.4808127042095,350.2862710344236,108294100
2022-09-28,352.67535400390625,354.3600529595543,345.127482081543,346.8217084645166,110802200
2022-09-29,345.3083190917969,349.42013004160674,342.3672197883283,349.13459770031216,112952300
2022-09-30,339.9686279296875,348.2779675279083,339.8353891876637,344.36600021604005,153711200
2022-10-03,348.9442138671875,350.7907337489844,341.90080218718504,343.6806881754969,89756500
2022-10-04,359.7568359375,359.78538917158465,348.9061712798272,354.45522944852485,103602800
2022-10-05,358.91925048828125,361.1750432151708,353.0751323104993,355.3975589353477,88065700
2022-10-06,355.2166442871094,360.4706419018,354.721682907655,357.5200156173895,82333500
2022-10-07,345.3083190917969,355.30235769557754,343.547458861724,351.19051769873397,107789500
2022-10-10,342.6717834472656,346.65988314467035,340.43504562807703,346.42192984075376,76042800
2022-10-11,340.5015869140625,345.5366860181765,338.5694076088321,340.9774934330555,92482800
2022-10-12,339.3785095214844,342.4814298234217,339.13102879643657,340.91094386553914,76991800
2022-10-13,348.3350524902344,349.8008528442018,331.3356548770357,332.38265512986965,147254500
2022-10-14,340.39697265625,352.41837848921915,339.7592450066515,350.7907569397952,123737000
2022-10-17,349.1441345214844,350.24824134925336,340.06382821256403,346.46954168027236,93168200
2022-10-18,353.24639892578125,357.35823847132036,349.81033854515664,357.0536513093477,97162900
2022-10-19,350.7431640625,353.93174409065676,347.93530350478727,351.2095432352664,79746900
2022-10-20,347.80206298828125,354.7122360773966,347.0405950042413,350.2958089110657,88283100
2022-10-21,356.254150390625,356.7395553428867,346.0221590756883,347.5260110650035,131038400
2022-10-24,360.6134948730469,361.74615500669046,355.1310410528587,357.77710987202045,85436900
2022-10-25,366.3719787597656,366.6860643599622,360.4231457883191,360.53735873384517,78846300
2022-10-26,363.6116943359375,368.90377378445976,362.9739957124518,363.230974837986,104087300
2022-10-27,361.6700134277344,366.44810554176166,361.0513115703601,364.6111129190357,81971800
2022-10-28,370.27435302734375,370.75025961760167,361.3844214069697,361.5652682350303,100302000
2022-10-31,367.59967041015625,369.68414308945,366.69546553802707,367.81859784506383,96631300
2022-11-01,365.9911804199219,371.5783479860967,364.8204688405162,371.34039469961164,85407600
2022-11-02,356.80621337890625,369.90317244332704,356.7015278683844,365.4010855031739,126990400
2022-11-03,353.1322326660156,356.1685191668986,351.01920615203176,353.5700586148132,87100100
2022-11-04,358.21490478515625,360.61346359996287,352.170885136249,358.8335775577456,103505200
2022-11-07,361.6414794921875,362.23159909806725,357.4344518726958,359.50939792144624,68286900
2022-11-08,363.5926208496094,366.5622732100706,359.5188617569453,362.745493209243,84641100
2022-11-09,356.101806640625,362.7740251463003,355.60684528454624,361.62231048852317,78495500
2022-11-10,375.67108154296875,376.00422190791596,367.0571853684895,369.3510291752628,141455800
2022-11-11,379.3070983886719,380.1066180137116,374.64319033872147,376.5277909851231,93839900
2022-11-14,376.0804443359375,380.89661702699635,375.80441036199727,377.5462448649226,71903500
2022-11-15,379.2879943847656,382.9239274120566,375.4807419701021,381.8198207261606,93194500
2022-11-16,376.3945007324219,378.61221246717844,375.76630060291683,377.66039937041876,68508500
2022-11-17,375.2428283691406,375.9186366580597,371.3404174691277,371.6449756187588,74496300
2022-11-18,376.9466247558594,378.6408512891868,374.1007122482851,378.5742173860638,92922500
2022-11-21,375.575927734375,376.7466683045898,373.73893542221714,375.62353581760493,51243200
2022-11-22,380.6300354003906,380.7918564006526,376.10892338301994,377.51761716325757,60429000
2022-11-23,383.02862548828125,383.5140303982983,380.0684717587064,380.2968975987144,68261600
2022-11-25,382.9429931640625,383.49506108811516,382.1910816475926,382.46708656258517,30545400
2022-11-28,376.8323059082031,381.49618401653254,376.07083804443715,379.8590644182219,67881600
2022-11-29,376.18511962890625,378.1553507626501,374.34809818392904,376.96558433179973,52310000
2022-11-30,388.0351867675781,388.0351867675781,374.51945716113363,376.4325818837763,144566700
2022-12-01,387.7496337890625,390.2433795179694,385.24636063389784,389.07263892248426,76398200
2022-12-02,387.30230712890625,388.20651222768515,382.76216868711776,382.86685419503635,85342700
2022-12-05,380.3349609375,385.4176389754673,378.9834027162839,384.4848808065506,77289800
2022-12-06,374.8525390625,380.7157112233438,372.76809510416285,380.17319983401165,77972200
2022-12-07,374.2148742675781,376.5753814167961,373.0822142567911,374.0054742055746,65927900
2022-12-08,377.14642333984375,378.212449392276,374.3195371968257,376.0994521400108,60737900
2022-12-09,374.3291320800781,378.45999830118234,374.2053917040091,375.909145637889,81447700
2022-12-12,379.7258605957031,379.7258605957031,374.4528077117335,375.119059475854,75405800
2022-12-13,382.600341796875,390.70977956297014,379.8400894083029,390.45280046353844,123782500
2022-12-14,380.1541748046875,385.9602409589763,377.21307559103866,382.257673780074,108111300
2022-12-15,370.8550109863281,376.20419694431035,369.19886518287717,375.2999627142446,117705900
2022-12-16,366.4765930175781,369.6415593936089,364.34432159505855,368.302907769073,119858000
2022-12-19,363.3689880371094,367.00250429400353,361.70523742151596,366.6678340994925,79878100
2022-12-20,363.8663024902344,365.4822559399263,361.2941649486737,362.61370366432016,74427200
2022-12-21,369.3069152832031,370.43520527298585,365.9220161334383,366.45747677877307,78167400
2022-12-22,364.0383605957031,369.28780122976565,358.3490543275083,366.2662563964438,100120900
2022-12-23,366.13238525390625,366.2758070046261,361.4662030943732,363.01521636298173,59857300
2022-12-27,364.68853759765625,366.3618594408892,363.0152157544233,366.01764723973866,51638200
2022-12-28,360.15625,366.59137848650926,359.9267751898031,364.6216127041186,70911500
2022-12-29,366.63909912109375,367.5092298344996,362.47012280084226,362.99604137114017,66970900
2022-12-30,365.67340087890625,365.8168226274327,361.8486652893112,363.9618527124626,84022200
2023-01-03,364.1339416503906,369.4981190554035,361.2749320892196,367.52838265402187,74850700
2023-01-04,366.9452209472656,368.97232657809616,363.34995937987674,366.39061782612254,85934100
2023-01-05,362.757080078125,365.10928447945327,362.1642506841692,364.9945470716449,76970500
2023-01-06,371.0758361816406,372.19458418736764,362.7857380848977,365.8455090657922,104189600
2023-01-09,370.865478515625,376.44961824670435,370.6838304181261,373.26550947515705,73978100
2023-01-10,373.4662780761719,373.53321794947027,369.3451279864,370.28219867133123,65358100
2023-01-11,378.1898498535156,378.26636090740493,374.2312636370513,375.0440257972263,68881100
2023-01-12,379.56671142578125,381.0296714661986,375.2256580025695,379.28943913488575,90157700
2023-01-13,381.0392761230469,381.61299228704434,376.10536380133436,376.3730941204777,63903900
2023-01-17,380.3412780761719,382.6935115955875,379.6623956443495,381.0201896884126,62677300
2023-01-18,374.3364562988281,382.58832869980466,374.1356658339176,381.52697849057256,99632300
2023-01-19,371.6112976074219,373.9443593060729,370.2917592534764,372.2997219516563,86958900
2023-01-20,378.5340881347656,378.68708106087394,371.36270886328373,373.00734634342695,91806400
2023-01-23,383.07598876953125,385.0074698849866,378.3811219727352,379.3373059432333,84178800
2023-01-24,382.6648254394531,383.57318267652687,380.21699688122226,381.40265563212273,59524900
2023-01-25,382.8081970214844,383.1428671935605,376.31570073269967,378.6009940622238,84800300
2023-01-26,387.01544189453125,387.17800600043023,382.5022526217131,385.46642861189923,72287400
2023-01-27,387.9046630859375,390.2760095744735,385.762820567528,385.97318218490153,68346200
2023-01-30,383.0377197265625,387.37880296998725,382.7413050405992,385.1508780562935,74202000
2023-01-31,388.6696472167969,388.7174447402499,383.20981606709955,383.5540574493801,86811800
2023-02-01,392.8003234863281,395.5445957142965,384.7205872650518,387.4552591361378,101459200
2023-02-02,398.5182800292969,399.9812400651867,394.7891690731477,396.68239430758535,101654500
2023-02-03,394.2824401855469,398.7000051703591,393.0776391240828,393.55573107794413,94736800
2023-02-06,391.8728332519531,393.26888274999055,390.21865378736663,391.8346069060138,60295300
2023-02-07,396.9979553222656,398.24098259343725,389.7118394155706,390.9548666867422,90990700
2023-02-08,392.656982421875,396.3669812815154,391.9685287244116,395.0283294198983,76227500
2023-02-09,389.25286865234375,396.4051341468822,388.02895452722424,396.25214123369045,78694900
2023-02-10,390.1612854003906,390.54375312300726,387.26404936045475,388.07678232835883,70769700
2023-02-13,394.7414245605469,394.8753043260224,390.352543539111,390.8115223602018,64913500
2023-02-14,394.5597229003906,396.864100329501,390.6106788806823,393.22104214899304,88389300
2023-02-15,395.84100341796875,395.9174852871057,391.52860488743005,392.3700513500147,61555700
2023-02-16,390.39080810546875,394.8179447595729,390.25695751731473,390.87847129038914,76431500
2023-02-17,389.41546630859375,389.6545122847336,386.34609496505783,388.26803395095567,89257800
2023-02-21,381.60345458984375,386.4513142893378,381.34529542458307,385.39950609313314,82655900
2023-02-22,381.07757568359375,383.5540887169433,379.62415734279705,382.01461731866567,83742300
2023-02-23,383.1046447753906,384.577176151522,378.88787027584414,383.965204449082,96242400
2023-02-24,379.0121765136719,379.84405183245593,376.3922419822525,378.0942481460913,108194400
2023-02-27,380.3030700683594,383.7070827492521,379.36599925020045,382.3492886397092,80444700
2023-02-28,378.8974609375,381.78512595829335,378.79226552930106,379.82496053517093,96438600
2023-03-01,377.4440002441406,379.3085704071732,376.14360422634064,378.08465625730815,99706800
2023-03-02,380.3794860839844,381.22093252105213,375.13958820432623,375.47425838003477,85127800
2023-03-03,386.47991943359375,386.7285365509488,381.54600769019737,382.19620564898895,90120000
2023-03-06,386.7476806640625,389.5971190249731,386.3078442662089,387.30225445436355,72795900
2023-03-07,380.8193359375,386.9389359941927,380.2073934400801,386.69989002886615,108310600
2023-03-08,381.4408874511719,382.19625170885286,379.212962662717,380.9341111603913,74746600
2023-03-09,374.4033508300781,383.8887075845493,373.4184826190144,382.22492782127654,111945300
2023-03-10,369.0009460449219,375.93327957719293,367.4806170891498,373.8583475978051,189253000
2023-03-13,368.4750671386719,373.2847008664306,363.9714484870125,365.08062547353046,157790000
2023-03-14,374.5658874511719,376.2105247410941,370.09092512623045,373.38977088173,149752400
2023-03-15,372.2232971191406,372.42408758364206,366.8973453679593,368.9818486133687,172996900
2023-03-16,378.75396728515625,379.0982086417623,369.3642641428275,369.8710404113854,143254200
2023-03-17,374.3253479003906,378.55821591341066,372.94318572096427,377.4256197444262,140553400
2023-03-20,377.9247131347656,378.33746367070916,374.40214170963634,375.1028011958168,93055800
2023-03-21,382.8869934082031,383.366909918059,379.69073304916685,381.2840593769018,91524200
2023-03-22,376.3601989746094,386.3232727268631,376.3218267349629,382.71431965042825,111746600
2023-03-23,377.3775939941406,383.25176789780386,374.6708576136584,379.2204571484992,119351300
2023-03-24,379.8539733886719,379.9403548581303,373.75902695920195,376.1010222149094,107682400
2023-03-27,380.56427001953125,382.8966870426311,379.6716321408978,382.1288028794633,74010400
2023-03-28,379.71002197265625,380.5642582938647,377.8767370350477,379.8731772141997,62871700
2023-03-29,385.22906494140625,385.4690232440617,382.6662973806607,383.8660888939379,77497900
2023-03-30,387.4846496582031,388.1085353397573,385.6225710265115,387.8589693504225,69840000
2023-03-31,392.94610595703125,393.2436518891425,388.3004877505952,388.4060846284512,112062600
2023-04-03,394.4434814453125,394.84659500245755,392.03429064106433,392.4278257842298,67391100
2023-04-04,392.2550964355469,395.3745547308176,390.8825125238686,395.08658715925804,66601500
2023-04-05,391.2280578613281,392.28388034677903,389.5771434182015,391.52560384016596,65200200
2023-04-06,392.75408935546875,393.03244914257624,389.3850659655968,390.43128047849984,63743300
2023-04-10,393.1572570800781,393.23406013832266,389.66347951634174,390.27775752337686,63681000
2023-04-11,393.2627868652344,394.66413487537017,392.4949321645028,393.78110489870676,59297900
2023-04-12,391.65997314453125,395.6145110142537,391.0744888814298,395.32654344418415,86420400
2023-04-13,396.8622131347656,397.2173467130726,391.6023169352439,392.7445207254535,85814800
2023-04-14,395.8927917480469,398.4171577397506,393.58919793642514,396.22873922494233,78161500
2023-04-17,397.3133544921875,397.3325406110166,394.577824032139,395.8064093482449,66436400
2023-04-18,397.5724792480469,399.02183667204184,396.1999248791392,398.8874459715307,63560000
2023-04-19,397.5053405761719,398.4075568472331,395.60486027089866,395.6624479202901,55227300
2023-04-20,395.33612060546875,397.08302413683805,393.79077385332334,394.69301944461137,75840400
2023-04-21,395.6432800292969,396.10398124565415,393.6948196903557,395.63367232336066,73457400
2023-04-24,396.0560302734375,396.4783592805185,394.10756979195463,395.4417228843057,64332100
2023-04-25,389.76910400390625,394.6450737017642,389.7115163477085,394.088353969468,97766700
2023-04-26,388.1181945800781,391.4584251421062,387.56150413230125,390.38341648999295,80447000
2023-04-27,395.8447570800781,396.1135091660831,390.4024907237528,390.65205669353617,92968400
2023-04-28,399.2234191894531,399.23302689490464,394.9041697532796,394.9617574024191,89433100
2023-05-01,398.82025146484375,400.8454851986158,398.5898716077984,398.78184994003936,62122300
2023-05-02,394.337890625,398.1580375216088,391.4392047424731,398.11002828382885,103998500
2023-05-03,391.6311340332031,397.24616414474065,391.39117573178515,394.83697342513307,91531800
2023-05-04,388.8572082519531,390.91123595861524,387.52302611509293,390.58489620304397,94901900
2023-05-05,396.0560302734375,397.10224508450085,392.2263046733684,392.4854491265273,87891800
2023-05-08,396.1614990234375,396.64141556702043,394.7601509178742,396.3822711785269,50046800
2023-05-09,394.42425537109375,395.53766541370464,394.1939047732381,394.61623373049684,49220100
2023-05-10,396.2672119140625,397.8893326496405,392.4470645636368,397.2558391116228,96142900
2023-05-11,395.57611083984375,395.86404911911495,393.5028673537258,395.40334787228096,70157100
2023-05-12,395.0577697753906,397.0254455424627,392.63900049417026,396.8142810526254,70481500
2023-05-15,396.42071533203125,396.8238288685914,393.75238023444746,395.6624389099318,54289400
2023-05-16,393.7715759277344,396.2383543170176,393.761968222226,395.31689334176326,57705500
2023-05-17,398.5515441894531,399.1562144912637,394.14591338269895,395.78721992832476,87287000
2023-05-18,402.390869140625,402.8131980774416,398.01403224251106,398.23477512417634,97177200
2023-05-19,401.8053283691406,403.82098374117817,400.58635087495577,403.29308725192675,103793300
2023-05-22,401.9685974121094,403.5043365562108,400.5864351115969,401.8246282749285,60745400
2023-05-23,397.45733642578125,401.9013689419868,397.0638012887145,400.32722839371974,86383500
2023-05-24,394.577880859375,396.2384030684528,393.41649072958387,395.85447559408595,89213700
2023-05-25,397.9949035644531,399.4442613358205,395.844886175238,398.08128505329233,90961600
2023-05-26,403.14910888671875,403.8689837488059,398.57071530888675,398.64748907245814,93830000
2023-05-30,403.30267333984375,405.60626696953454,401.9205113036728,405.0783704702366,72216000
2023-05-31,401.0663146972656,402.3812815149699,399.50178187032054,401.4790359496369,110811800
2023-06-01,404.8768615722656,405.9326839874396,400.0489015795839,401.2966730663804,88865000
2023-06-02,410.7318115234375,411.51885243910056,406.92127277329087,407.4491692853337,91426200
2023-06-05,409.94476318359375,412.36353228842165,409.2440744066445,411.0773593229492,65460200
2023-06-06,410.83740234375,411.3652988856477,408.8793344192004,409.53204325524,64022200
2023-06-07,409.4168395996094,412.3635345526036,408.9945106484148,411.2309384070294,85373300
2023-06-08,411.89324951171875,412.34437231335727,408.71620378018724,409.48405866767195,61952800
2023-06-09,412.63226318359375,414.63831094166113,411.6436362158996,412.689850828952,85742800
2023-06-12,416.3756103515625,416.45241340725585,412.8914406087862,413.61131547404943,76104300
2023-06-13,419.12066650390625,419.76373818781576,417.17220675434015,417.83449384430975,95899700
2023-06-14,419.6199035644531,421.42439480568777,416.1741056268984,419.45674831132544,100612100
2023-06-15,424.8221130371094,426.0698842831908,418.7079812061063,418.8039410775125,110303100
2023-06-16,423.37518310546875,427.3732818174655,422.90312715218045,426.80488011436864,114165800
2023-06-20,421.1785583496094,422.3250049416328,419.107257409602,421.4386947666536,76160400
2023-06-21,419.0205993652344,420.99555478179644,418.4329109170005,420.1959468611093,76982300
2023-06-22,420.5331726074219,420.6391323512952,417.72967888460175,418.06687430704443,70637200
2023-06-23,417.3539123535156,419.1362056994903,416.64100677536294,417.08416191308544,92074500
2023-06-26,415.648681640625,418.70263864501453,415.4078319979814,416.7854848977608,72823600
2023-06-27,420.2055969238281,420.8221567639146,416.0726085341393,416.52540707007813,72813700
2023-06-28,420.41754150390625,421.4290983033547,418.5100016357142,419.1265614695,75636000
2023-06-29,422.07452392578125,422.2383146152685,419.59861200085055,420.0032229268465,67882300
2023-06-30,427.0552978515625,428.0379537648419,424.9647101118157,425.28264809004037,104964000
2023-07-03,427.546630859375,427.8259952574617,426.4290850652605,426.7084788639364,32793400
2023-07-05,426.91082763671875,427.6430199831629,425.7258367708566,425.7354801650757,58418400
2023-07-06,423.56781005859375,423.9917077726785,421.06296794825374,423.3366038147622,80658300
2023-07-07,422.4984130859375,426.43873894163033,422.25756345371417,422.57550143257924,86134200
2023-07-10,423.56781005859375,423.7412147414674,421.5735680037754,422.1419696202549,62443500
2023-07-11,426.265380859375,426.75672360489915,423.35592736761294,424.3289694634643,64463800
2023-07-12,429.6950378417969,431.1016209821125,428.62567949600117,430.0515200243212,91924500
2023-07-13,433.1054382324219,433.8954320784897,431.0726814584312,431.5061931540125,72425200
2023-07-14,432.835693359375,434.83954937929775,432.0746002832751,433.99178336356243,69815800
2023-07-17,434.338623046875,435.3887239970372,432.6430320958501,432.6912196663996,52680200
2023-07-18,437.5660400390625,438.2115006773749,433.5775554716282,434.01109662916457,80668200
2023-07-19,438.5390319824219,439.7239933832524,437.48890168977437,438.3559839057652,65891700
2023-07-20,435.6295166015625,438.4426530927784,434.9166111362342,437.54669956463533,70591600
2023-07-21,435.6295166015625,437.54669956463533,435.6199026091853,437.3443647158895,71275600
2023-07-24,437.57568359375,438.3849349409323,435.7452026173443,436.77604624077406,54023400
2023-07-25,438.770263671875,440.02267010001805,437.2577208036124,437.3059083742901,55191200
2023-07-26,438.8377380371094,440.26354925381463,436.78569416377627,437.8357951870991,71052900
2023-07-27,435.92828369140625,442.62391665220645,435.0226865294984,442.21927624770876,92194400
2023-07-28,440.1960754394531,441.0245840745933,435.92819754722996,439.1941327220315,80011800
2023-07-31,441.0342712402344,441.39072403261815,439.35793761574195,440.6681750532694,62040400
2023-08-01,439.7721862792969,440.51399258801536,438.8184017102693,439.5698514127993,55291500
2023-08-02,433.654541015625,436.9204464126687,432.9030914144886,436.66033942017077,93933400
2023-08-03,432.4117736816406,434.29041249284955,430.9955767287294,431.6410666517331,64276100
2023-08-04,430.45611572265625,436.32320952695244,429.9358722590493,434.2230076857938,100128900
2023-08-07,434.21337890625,434.36752621178806,431.59293351328745,432.28658168791264,58357500
2023-08-08,432.3251647949219,434.20380401220746,428.9725267488997,431.67967473239247,71361300
2023-08-09,429.43487548828125,432.7586120279548,428.6737824515494,432.59482134894097,78789600
2023-08-10,429.58905029296875,435.1671361209915,428.4233462814403,431.7855978075418,93005500
2023-08-11,429.33856201171875,430.3501481391964,427.1227570858758,427.7200594884635,68690900
2023-08-14,431.70849609375,431.70849609375,428.11503843544807,428.4233330175674,47867400
2023-08-15,426.6795959472656,430.29234049304716,426.1111649328765,429.9358583347008,75707500
2023-08-16,423.548583984375,427.9223925566891,423.44259484772283,426.26534575201464,80107200
2023-08-17,420.32122802734375,425.2730820684876,419.8009844959738,425.0129750031002,95711300
2023-08-18,420.5235290527344,421.55437270930423,417.1612770258868,417.50808644271694,98852000
2023-08-21,423.2594909667969,424.00129722321185,419.3866396038395,421.5349994297979,68719000
2023-08-22,422.1130676269531,425.0321640493009,421.5543094057689,425.0321640493009,64994200
2023-08-23,426.814453125,427.431042301619,423.0283039267051,423.17280782729074,68441000
2023-08-24,420.8992919921875,428.924390605147,420.87036180525274,428.4137904461063,88517300
2023-08-25,423.8665466308594,425.1478540242897,419.0784536965099,422.6237540187648,102325100
2023-08-28,426.554443359375,427.171003275981,423.86655259327574,426.0534571889985,61595400
2023-08-29,432.7201232910156,432.999517120143,426.26534084235647,426.4483889303442,83081900
2023-08-30,434.5024108886719,435.1382574911251,432.35402143192493,433.05731299234867,69053900
2023-08-31,433.8665466308594,436.2557562391773,433.6834985527266,435.1189529964718,66084600
2023-09-01,434.67584228515625,437.06508153807744,433.2211009052936,436.58338220970904,58944100
2023-09-05,432.7972412109375,434.5506339765606,432.72982564348763,434.2327253281371,55166200
2023-09-06,429.8876953125,432.09388618903915,427.5659013158959,431.98789706191957,70758500
2023-09-07,428.56787109375,429.24223247025344,426.5447281630559,426.8915375451562,70355400
2023-09-08,429.2133483886719,430.74514868706615,428.25959315019446,428.61604594030854,61659700
2023-09-11,432.03607177734375,432.344336954817,430.12853215124545,431.8337369226589,60180100
2023-09-12,429.6661376953125,432.11317840274216,429.0881220484013,430.59102153155527,67565400
2023-09-13,430.1671142578125,431.3231749266096,428.78943192828973,429.8877204342684,60199300
2023-09-14,433.8761901855469,434.5698383708397,431.332833106535,432.6334271290332,83430800
2023-09-15,428.64874267578125,432.62229333118586,428.21370176743056,432.2935859212208,111848900
2023-09-18,428.90008544921875,430.1955896700722,427.86560575276553,428.3393267614431,55752200
2023-09-19,428.0105895996094,428.5713482483716,425.332573169419,427.9815868766938,66514600
2023-09-20,424.0758056640625,429.6832158729015,423.8727570723084,429.2675002876334,82562600
2023-09-21,417.0665283203125,421.4944451347644,416.9118372759941,421.2334205936458,104095800
2023-09-22,416.12872314453125,419.6865285568745,415.71297806578804,418.09131961695476,100829700
2023-09-25,417.878662109375,417.91731274481344,414.48519532648515,414.9202657617333,70874500
2023-09-26,411.7394104003906,415.54859200929735,410.90794984146544,414.8428197503268,96168400
2023-09-27,411.9037780761719,413.4700137261174,408.2686420542666,412.90925504168933,104705800
2023-09-28,414.2917785644531,415.964347748709,410.76297593705533,411.3527373620953,92258300
2023-09-29,413.2863464355469,417.5112441372113,411.76846823252566,417.3372277775056,115111300
2023-10-02,413.1219482421875,414.3691244055631,410.36657139466814,412.454856073705,83798600
2023-10-03,407.59185791015625,413.1799422139496,406.22867088652805,410.94664397430034,103760600
2023-10-04,410.5599365234375,411.30435944495287,406.59606370497346,408.0559363281981,87453000
2023-10-05,410.4052429199219,411.2463514179395,407.1858225474584,410.269877205424,70142700
2023-10-06,415.27789306640625,416.8150963910029,406.63472757769614,407.9592344326086,113273300
2023-10-09,417.93658447265625,418.5069910271343,412.8318987010215,413.3829504373266,80374400
2023-10-10,420.1119384765625,422.70294712015226,418.1686672417201,418.5650575162268,78607300
2023-10-11,421.8327941894531,422.08414129890025,418.79703802262225,421.17537943505704,62451700
2023-10-12,419.2611083984375,422.8189135801861,416.91179922986146,422.44187816631086,81154200
2023-10-13,417.1728515625,421.95850789546967,415.60664534568787,420.75965970754623,95143100
2023-10-16,421.5621032714844,422.6255856986061,419.1741138914331,419.4158131019472,75433200
2023-10-17,421.542724609375,423.59235858221746,418.09128250171426,418.43931518310666,75324700
2023-10-18,415.9256286621094,420.7306097718711,414.8428210042976,419.77349041439385,93559800
2023-10-19,412.27117919921875,418.4490253157197,411.59443909771255,416.64111990263626,121323000
2023-10-20,407.2052001953125,412.37756965755136,407.0988371910665,411.8361657385735,123919900
2023-10-23,406.4994201660156,410.3569598965053,403.92773684712256,405.6776368923659,92035100
2023-10-24,409.5641784667969,410.71466914656554,406.7701212432729,408.61670687631084,78564200
2023-10-25,403.68597412109375,407.9109007331841,403.17357302000806,407.8818980106432,94223200
2023-10-26,398.8520202636719,403.47330792914914,397.9335809780985,402.6225515026816,115156800
2023-10-27,397.0440673828125,400.83392348318415,395.62287503320994,400.4375332899705,107367700
2023-10-30,401.79107666015625,402.8448816266276,398.5329761803426,399.8284803456642,86562700
2023-10-31,404.314453125,404.63348310254605,400.45691364342605,402.361504611754,79665200
2023-11-01,408.6263122558594,409.4384179741357,404.7494479004914,405.2812038082296,98068100
2023-11-02,416.45745849609375,416.61214954670544,412.3968995543654,412.41622487157895,94938900
2023-11-03,420.2569274902344,421.80380835994043,418.63271585397734,418.75840416588386,100167800
2023-11-06,421.22369384765625,421.66841210779677,419.2804228673673,421.0109973746679,67831700
2023-11-07,422.4224853515625,423.0605747296388,420.08285380291056,421.223666855701,64256100
2023-11-08,422.73193359375,423.5440394282341,420.43095231056213,423.02196085453033,61746000
2023-11-09,419.4351501464844,423.91142437106953,419.00975716373983,423.8727442351021,83174400
2023-11-10,425.9803161621094,426.2896982135309,419.4254351571336,421.5040718428815,89462200
2023-11-13,425.5743408203125,426.67647397269064,423.863120884433,424.64622403342025,52236100
2023-11-14,433.8307800292969,435.1166069139446,431.2784220719966,431.50079597873554,97176900
2023-11-15,434.7491455078125,436.3927117469104,433.8983596665992,435.16486101976614,77327600
2023-11-16,435.28094482421875,435.59997479434537,433.24098818272,434.30447059030485,66665800
2023-11-17,435.8222961425781,436.43138278914034,434.3721010809706,435.2905402507456,83133200
2023-11-20,439.1771545410156,440.0182630951851,435.5613141930735,435.57099160312566,69936200
2023-11-21,438.2200012207031,439.0514618608499,436.9534996970191,438.13299304399567,49244600
2023-11-22,439.91192626953125,441.2267854299995,438.8194705277012,439.8732756356209,59394900
2023-11-24,440.18255615234375,440.3759273074353,439.631504418495,439.9602117787139,29737400
2023-11-27,439.3898010253906,440.3662456876674,439.00305871890555,439.55413995178077,50506000
2023-11-28,439.82489013671875,441.1203943936042,438.4423777026132,439.00310690168646,62115000
2023-11-29,439.5155029296875,443.10234049536746,439.1191421839662,441.97117519611106,63146000
2023-11-30,441.2461242675781,441.59418651354116,438.28772794624956,440.3566875915756,79752700
2023-12-01,443.85638427734375,444.3881106766868,440.04720280394565,440.63693464669717,89183400
2023-12-04,441.5264892578125,443.87579870037587,439.25451058722007,440.4726841519421,72430900
2023-12-05,441.4394226074219,442.3965419933345,439.7668535301099,440.14391844231596,69793500
2023-12-06,439.6605529785156,443.60507121667763,439.225482586349,443.57606849081975,69124700
2023-12-07,443.01531982421875,443.66305717468333,441.13973162302386,441.7391409339485,66995400
2023-12-08,444.919921875,445.451648340426,442.02917923250493,442.27087844484373,83194400
2023-12-11,446.6504821777344,446.8245280398024,444.21416465607524,444.4268611503367,65002200
2023-12-12,448.6904296875,448.7871152745883,445.30664066950123,446.3024402574832,68327600
2023-12-13,454.8778991699219,455.12927578193285,448.709730800554,449.0674408996175,93278000
2023-12-14,456.3377990722656,458.00069086527446,453.66943027540754,456.8115200961749,119026000
2023-12-15,455.58642578125,456.91633245678577,453.74207009746453,455.7417439978948,141553700
2023-12-18,458.14910888671875,459.12954211953263,456.13003141968665,457.18810894495897,70375300
2023-12-19,460.93511962890625,461.01279355520546,458.6151220933891,458.6927663957653,55761800
2023-12-20,454.5477294921875,461.9639883390121,454.12061185125907,460.08079591053223,102921000
2023-12-21,458.8577880859375,459.1295875723286,455.1108062836296,457.52788134560456,86667500
2023-12-22,459.7799072265625,461.45925759296136,457.8870276491879,459.98374941589714,67160400
2023-12-26,461.72137451171875,462.62413389794295,460.109981297383,460.18765521976536,55387000
2023-12-27,462.5561828613281,462.7017844285322,460.98362668768385,461.5175089754055,68000300
2023-12-28,462.7309265136719,463.5657286208665,462.3135254600746,462.91536504878167,77158100
2023-12-29,461.3913269042969,463.06096072132885,459.4401769650659,462.5367654374911,122283100
2024-01-02,458.8092041015625,459.7993540123723,456.7124526493962,458.3335624378489,123623700
2024-01-03,455.06219482421875,457.39190849172803,454.46035533603646,456.6541544745154,103585900
2024-01-04,453.59649658203125,457.1687269140432,453.3732210773095,454.5866169474703,84232200
2024-01-05,454.2177429199219,456.66393818647634,452.7713549830218,453.8003122508208,86118900
2024-01-08,460.70208740234375,460.8476889622242,454.5865552720958,454.71275316529835,74879100
2024-01-09,460.0032043457031,461.02244496424106,457.54729244084217,458.05205442710235,65931400
2024-01-10,462.6047668457031,463.46871896304185,459.9935364474402,460.2750525964962,67310600
2024-01-11,462.4009094238281,464.11906733105025,458.43068164604205,463.6045886611641,77940700
2024-01-12,462.7212219238281,464.5850109920546,461.31370050606375,463.847256832393,58026400
2024-01-16,461.0224304199219,462.6532272077025,459.2071951071508,461.34278348918724,85014900
2024-01-17,458.45977783203125,458.94513616011074,456.110630489601,458.00353981867966,68843900
2024-01-18,462.53668212890625,463.0899976275249,458.585888603193,460.12932423835355,91856200
2024-01-19,468.30279541015625,468.5843115147551,462.5852901238366,463.66277131466796,110834500
2024-01-22,469.29296875,471.0111265282756,468.6425755704272,469.83656769535,75844900
2024-01-23,470.6616516113281,470.9043307691421,468.7493682867175,469.836566173897,49945300
2024-01-24,471.1761779785156,474.45717543420074,470.68110299788805,473.525295727068,81765000
2024-01-25,473.7388610839844,474.01066056996024,471.17618444820096,473.3020267275593,72525000
2024-01-26,473.1369934082031,474.79691054106985,472.29247468488353,473.3117152908374,76641600
2024-01-29,476.8839416503906,477.0295728420406,472.9040272208165,473.4476261562877,61322800
2024-01-30,476.51507568359375,477.2236798269538,475.7578883130134,476.1947226231299,58618400
2024-01-31,468.7396240234375,474.7580490082776,468.7201907326481,474.31152767890586,126011100
2024-02-01,474.87457275390625,474.9036930669608,469.6326794127357,470.43839078044346,91891600
2024-02-02,479.8737487792969,481.523949196212,474.97161226030033,475.31136898916844,99228200
2024-02-05,478.1264953613281,479.9029234991888,475.8744551474019,479.24284325758833,75757100
2024-02-06,479.5145568847656,479.8445969464688,477.64105148827565,479.068005956652,55918600
2024-02-07,483.51397705078125,483.93137810723994,480.854193242822,481.756982255993,70556500
2024-02-08,483.7275695800781,484.10613370157176,482.69861221283804,483.5140107138251,52343600
2024-02-09,486.52313232421875,486.95993698445255,483.89246922228017,484.232225929518,63979400
2024-02-12,486.3095703125,488.7557652655047,485.5912199471907,486.4940088202494,56502300
2024-02-13,479.6116638183594,482.53353038052535,476.3500701317823,480.04849815534635,113099200
2024-02-14,483.9701843261719,484.4555426281319,479.9222830533005,482.2423099561509,68387800
2024-02-15,487.3094177246094,487.4938562363656,484.19339631478,484.66906756169146,61683000
2024-02-16,484.8826599121094,488.14425347916483,484.1449058140717,487.0085316428908,75532900
2024-02-20,482.21319580078125,483.8148722929186,479.970842787005,483.14507545774694,71736700
2024-02-21,482.6500244140625,482.8053426352379,479.1069145137689,480.9124629140013,59293400
2024-02-22,492.63873291015625,493.5997329784438,488.2899113619232,489.25094105413393,76402500
2024-02-23,492.97845458984375,495.1916873577398,492.25041710535265,494.35685563775104,61321800
2024-02-26,491.1728820800781,493.8520693709636,491.0466841824756,493.4152350521733,50386700
2024-02-27,492.0853576660156,492.30863314805396,489.9692025931845,491.86211180789684,48854500
2024-02-28,491.4350280761719,492.01743437576624,490.17307863790023,490.5322390639573,56506600
2024-02-29,493.20166015625,494.8130532117829,490.55162288856457,493.19197313484807,83924800
2024-03-01,497.8320007324219,498.25911842016706,493.6676477127876,494.0753617325155,76844800
2024-03-04,497.29803466796875,499.14241965615713,497.00683157715775,497.0359815101545,49799300
2024-03-05,492.3280334472656,495.7449748064334,490.1245174506037,495.29842384541166,72855600
2024-03-06,494.82275390625,497.074823378055,493.53171394872805,495.5993152849811,68382400
2024-03-07,499.73455810546875,500.78294851299574,494.88097561410905,498.1134781427479,58652100
2024-03-08,496.735107421875,503.04473579557066,496.1623881738849,500.36560770630734,86532500
2024-03-11,496.3079833984375,496.89041928478855,493.6093924281333,495.5314219659159,62557200
2024-03-12,501.64703369140625,502.22944004596746,495.9003478364412,498.4145303039695,73114400
2024-03-13,500.86065673828125,502.14200986510485,499.4240150117718,501.9672879725168,55104100
2024-03-14,499.87054443359375,501.9866995940405,496.8321966177629,501.831351753217,110171800
2024-03-15,496.4381103515625,498.2590153922283,494.7730358188075,496.80813351794416,107646300
2024-03-18,499.3885498046875,501.93972478311895,498.9795987021718,500.498619372016,88893300
2024-03-19,502.16375732421875,502.44611843714694,497.6942976787681,498.69727097739485,60755300
2024-03-20,506.808349609375,506.9446864437559,501.5502289693654,502.22210687375775,69594600
2024-03-21,508.4832458496094,510.34304922248214,508.20082532016534,509.6419901809582,60256100
2024-03-22,507.519287109375,508.8824773514824,507.2855413177628,508.39561095817277,79070800
2024-03-25,506.1170349121094,507.2660322991133,505.96120440733904,506.1462159868013,48512100
2024-03-26,505.18231201171875,507.87957088818524,504.78310771343683,507.53872874874105,65463700
2024-03-27,509.4276428222656,509.4666301607913,505.84431416109436,508.00603133212223,82999800
2024-03-28,509.33026123046875,510.8297878712115,509.04790020355074,509.4665980428767,96294900
2024-04-01,508.4441833496094,510.605900605306,507.2854391895369,510.07035956686866,62477500
2024-04-02,505.21142578125,505.3477031709063,502.91337177957564,504.6271505881794,74230300
2024-04-03,505.7665100097656,507.266096506351,504.07222450545925,504.1208992573895,59155800
2024-04-04,499.5930480957031,510.10934946561747,499.2911933332161,509.76856679026787,96858100
2024-04-05,504.8122863769531,506.76949880632685,500.50840405890517,500.94659570356,74546500
2024-04-08,505.0946350097656,506.51630625250846,504.2864795999242,505.5133924018632,48401800
2024-04-09,505.6788635253906,507.071294128757,500.839381191466,506.82786095826793,68049200
2024-04-10,500.615478515625,502.60187193743167,498.638831930463,499.9922752896709,82652800
2024-04-11,504.39349365234375,505.8345989017068,498.62901322296943,502.13442685782303,70099000
2024-04-12,497.43133544921875,502.2707879594682,495.70780962230026,500.85886371567153,92561100
2024-04-15,491.1994323730469,501.7644075343254,490.3522600316743,501.59888962975333,92101400
2024-04-16,490.30364990234375,493.19563735543574,489.0183155418661,491.6766166443132,73484000
2024-04-17,487.4018859863281,492.9229634124424,486.00945537176443,492.7574157801548,75910300
2024-04-18,486.3989562988281,490.8878795783521,485.46418121059236,488.794360179131,74548100
2024-04-19,482.1534423828125,487.31421332567436,480.8875721611567,486.3210167619427,102212600
2024-04-22,486.59368896484375,489.18382142190774,482.4163675078979,484.75331996273405,67961000
2024-04-23,492.3679504394531,492.79639521919916,486.4087108687592,488.5996095177476,64633600
2024-04-24,492.13421630859375,494.04272395926796,489.91410708182036,493.25400289949073,55928100
2024-04-25,490.2646484375,491.02415872515365,484.42225246602163,486.0678630419317,69122400
2024-04-26,494.90936279296875,496.4868049205615,492.4166096033967,493.0495298783495,64306100
2024-04-29,496.662109375,497.33398732987405,493.9259228058318,496.6913201679961,46415400
2024-04-30,488.7943420410156,496.1752226900087,488.7943420410156,495.20149000874,77483600
2024-05-01,487.2071838378906,494.84124497607075,486.7397814235659,488.2101273744075,80242800
2024-05-02,491.7641906738281,492.60161619088024,486.4281251448712,490.90730120185356,62550200
2024-05-03,497.85980224609375,499.08668524553275,495.20150126804214,497.73321224009646,72756700
2024-05-06,503.00115966796875,503.0400875844757,499.81703439349593,500.2552260399176,47264700
2024-05-07,503.55615234375,504.9485829994704,502.8842743906612,503.9651034446084,52561300
2024-05-08,503.6048278808594,504.14036899052337,501.6086876910597,501.72553086291623,42047200
2024-05-09,506.5065002441406,506.54548758690595,503.13742328274043,503.78980752288453,43643700
2024-05-10,507.1589660644531,508.9116730396104,505.94180018838176,508.1034582569593,52233200
2024-05-13,507.2270812988281,508.9408603825465,506.0878306657376,508.83376404779614,36716400
2024-05-14,509.55426025390625,510.07036706182174,506.88624242560803,507.4217834719146,57535900
2024-05-15,515.8640747070312,516.1561825946173,511.3848691803367,512.01781913004,59504900
2024-05-16,514.8026733398438,517.5583531460086,514.6565896819933,515.9614174721102,50244800
2024-05-17,515.542724609375,515.6108930215729,513.4686694664939,514.9195214966393,59187600
2024-05-20,516.1367797851562,517.5973789121299,515.2701433728218,515.6596602461204,37764200
2024-05-21,517.4025268554688,517.5583573493641,515.1727006539206,515.3772058901883,33437000
2024-05-22,515.9127807617188,517.4220544657823,513.741316563043,516.7112486575287,48390000
2024-05-23,512.1444702148438,519.0676954201629,510.93699174891134,518.9605990872589,57211200
2024-05-24,515.5331420898438,516.3413570270269,513.040388276308,513.9848806494027,41291100
2024-05-28,515.893310546875,516.5749353115505,513.2642204156563,516.3412489766735,36269600
2024-05-29,512.2806396484375,513.4588773578208,511.5698339483505,511.8716886432286,45190300
2024-05-30,508.88238525390625,511.4043788648702,507.6360384172024,510.7422478216335,46377600
2024-05-31,513.517333984375,513.6439239713764,504.7439941340697,509.8366558224101,90785800
2024-06-03,513.9360961914062,515.4064420460951,508.87267437322015,515.1240809646227,46835700
2024-06-04,514.5106201171875,515.2506664560023,511.17072418863216,512.631323194632,34632700
2024-06-05,520.6256103515625,520.645104022442,514.8416361330836,516.8280887412405,47610400
2024-06-06,520.6159057617188,521.3559521321091,518.6879340097541,520.9275073614583,30808500
2024-06-07,519.9830932617188,522.7874486486729,518.5516750551577,519.6422511020912,43224500
2024-06-10,521.589599609375,521.9109480214009,518.5807990347079,519.1747616812378,35686100
2024-06-11,522.8458251953125,522.9042467845098,518.0745108271142,520.0414700499772,36383400
2024-06-12,527.1399536132812,529.8274655446977,526.1077992631506,527.4028804771598,63251300
2024-06-13,528.201171875,529.0580611733634,525.4163113712748,528.882796466686,44760900
2024-06-14,528.522705078125,528.551886156822,525.6696157422205,526.6725890295746,40089900
2024-06-17,532.7291870117188,534.1216772051151,527.3834034899254,527.8410888070123,55839500
2024-06-18,534.08251953125,534.2091095084603,532.3687408538616,532.7874386892827,41376400
2024-06-20,532.6318359375,535.6698774866474,530.8596351285086,535.0077463215187,70328200
2024-06-21,531.9177856445312,533.031436553649,530.4622526113701,531.8103437911085,64338600
2024-06-24,530.1885986328125,534.3012597413704,530.0713785197397,531.7418545665156,45528700
2024-06-25,532.230224609375,532.5916631831469,529.8954816744096,531.4096242974609,37936200
2024-06-26,532.8945922851562,533.6076912884868,530.4719636310322,531.1166742934914,38550600
2024-06-27,533.734619140625,534.3110010096894,532.0153114364416,532.7577451835803,35041500
2024-06-28,531.6343994140625,537.5543137581463,530.3938098387125,534.5064116818106,76144500
2024-07-01,532.7285766601562,533.2560672380866,529.973784394742,533.0118486999152,40297800
2024-07-02,536.3136596679688,536.3136596679688,531.0776287968915,531.1264605772033,40434800
2024-07-03,538.7069091796875,539.068347757372,535.9618958708759,536.000949362856,32789900
2024-07-05,541.8134765625,542.213968717536,538.3748605783948,539.0098526062544,41488400
2024-07-08,542.4386596679688,543.3861988920726,541.3738407022457,542.5949332840256,36110500
2024-07-09,542.9661865234375,544.2947210316149,542.6731362089374,543.396013525926,27289700
2024-07-10,548.3389282226562,548.6808102777995,543.894163387503,544.1872136667199,38701200
2024-07-11,543.6109008789062,549.3256503566656,542.9759684638211,548.4562180647349,53054200
2024-07-12,547.0397338867188,550.6346235261244,544.2654447499774,544.7343252522627,53084400
2024-07-15,548.5441284179688,551.7775792240066,546.6880438244344,549.0325654558818,40584300
2024-07-16,551.7969970703125,552.090047326324,549.1008154677004,549.8530274778409,36475300
2024-07-17,544.0602416992188,547.5476892504238,543.7378565645935,545.8772131422685,57119000
2024-07-18,539.8792724609375,546.5806748281783,537.700862061102,545.5940223403177,56270400
2024-07-19,536.2940673828125,541.2663824595259,535.2390267295067,539.644738170822,65509100
2024-07-22,541.8232421875,542.4288993582354,538.277184442637,540.2113760766848,43346700
2024-07-23,540.973388671875,543.8648979607326,540.4849516029554,541.7157629327536,34439600
2024-07-24,528.7135620117188,536.4699449259502,527.7952979520205,536.1671163330532,74515300
2024-07-25,525.958740234375,534.7994982405838,525.0209792890996,528.8307523766035,61158300
2024-07-26,531.849365234375,534.535769150024,528.9675745637637,529.7393433023149,53763800
2024-07-29,532.1619262695312,534.3989464184045,530.1690650137424,533.3927971337158,39515800
2024-07-30,529.4658203125,534.6823548134623,526.0663171509535,533.6273139750385,46853600
2024-07-31,538.0719604492188,540.6997538692295,534.9166765387299,536.2842643515584,65663400
2024-08-01,530.452392578125,542.0381046138815,526.9551667505608,539.7913062018092,76428700
2024-08-02,520.5762329101562,524.5716145988897,516.3756265717791,523.3603002519518,82789100
2024-08-05,505.4151306152344,511.47176200774925,498.4695402072865,499.8078827767836,146267400
2024-08-06,510.0747985839844,517.4990173620844,505.89374911647377,507.2125052074326,84826300
2024-08-07,506.66546630859375,519.2965001883216,506.06958745039486,516.248598311969,70698300
2024-08-08,518.3782348632812,519.0033889369354,509.77197692780607,511.79405372836936,63276600
2024-08-09,520.6641235351562,522.1489912653111,516.3365783728381,517.5576710131196,45619600
2024-08-12,520.9376220703125,523.3406939742863,518.6712672136742,521.8558860240913,42542100
2024-08-13,529.5047607421875,529.739260585726,523.8780165940644,524.122235093717,52333100
2024-08-14,531.1751708984375,532.3572097547438,527.6291139531684,530.2959605592147,42446900
2024-08-15,540.2796630859375,540.562935056648,536.1865589989441,536.7922160560852,60846800
2024-08-16,541.4910888671875,542.1846909540823,538.5116347380534,538.6679083622046,44430700
2024-08-19,546.66845703125,546.66845703125,541.0514314058853,541.9013070349608,39121800
2024-08-20,545.779541015625,547.8700657821756,544.4412283435015,546.2191462607274,33732300
2024-08-21,547.6550903320312,549.1106230342316,541.9012882335657,546.8247712917706,41514600
2024-08-22,543.3568725585938,550.1559376249218,542.1455582382872,549.5502804647684,56121500
2024-08-23,549.1302490234375,550.0680696349215,544.4021520897437,546.5904001832064,50639400
2024-08-26,547.8211669921875,550.8690092024209,546.1214157161334,550.1559102385648,35788600
2024-08-27,548.5734252929688,549.0618623501647,545.4083627021253,546.5512887213379,32693900
2024-08-28,545.3887939453125,548.661357929549,542.204174863817,548.2315309438809,41066000
2024-08-29,545.4376220703125,550.644377643334,544.2946960843145,547.352316743397,38715200
2024-08-30,550.6443481445312,551.1523417216108,544.2556134288437,547.8016709409602,62700100
2024-09-03,539.3126831054688,547.8407751289367,536.8021094517958,547.5086116923438,60600100
2024-09-04,538.208740234375,541.608242662233,536.7532075195429,537.4760847370844,47224900
2024-09-05,536.8997192382812,540.9928237930679,534.4477558926965,538.1501466111926,44264300
2024-09-06,527.8637084960938,538.8437645502386,526.9650009606123,537.2221796738046,68493800
2024-09-09,533.7736206054688,535.0436043247605,530.1299001804285,532.0543726925215,40445800
2024-09-10,536.0987548828125,536.450474898389,530.8138918516801,535.678706144088,36394600
2024-09-11,541.5984497070312,542.5167136236998,527.4728902611638,536.0107592184578,75248600
2024-09-12,546.1605224609375,546.4633510224045,539.9573366553728,542.1748597619055,51819600
2024-09-13,549.012939453125,550.0093699640063,546.5121445202687,546.7661412876428,39310500
2024-09-16,549.8237915039062,550.0875069413107,546.9517795427174,548.7491943236346,36656100
2024-09-17,550.0484619140625,553.477299266029,547.8211605278194,552.0314851715059,49321000
2024-09-18,548.4170532226562,555.5384427736924,547.8602279225689,550.7029048507478,59044900
2024-09-19,557.7755126953125,559.6315971955383,554.9426137920285,557.8048475354702,75315500
2024-09-20,556.811279296875,557.8499393877719,553.7932621282835,556.4095588022268,77503100
2024-09-23,558.2027587890625,558.8495067502496,556.6643550711399,557.8794446150124,44116900
2024-09-24,559.7999877929688,559.8587776289324,556.1744550910837,558.9964868304339,46805700
2024-09-25,558.565185546875,560.3779812951763,557.4579274397835,559.6430786474534,38428600
2024-09-26,560.77978515625,563.1413061737785,558.4281322177342,562.817932214862,48336000
2024-09-27,559.9664916992188,562.6611352170194,558.9376397719122,561.8478858705382,42100900
2024-09-30,562.21044921875,562.8179640810873,556.6447925339722,558.9376557740085,63557400
2024-10-01,557.1739501953125,562.5044480240527,554.6066943100618,561.857759819067,72668800
2024-10-02,557.4090576171875,558.4281611024765,553.8913563966638,556.282242548741,38097800
2024-10-03,556.3900146484375,558.3301388916863,554.106899883147,555.9392527365582,40846500
2024-10-04,561.4461669921875,561.8185225581165,556.6643942780399,560.828843806913,42939100
2024-10-07,556.3704223632812,560.4467168743025,555.22399069742,559.7999688939893,49964700
2024-10-08,561.63232421875,562.2300906410503,558.0656412646009,558.9376805045769,37398700
2024-10-09,565.5223999023438,566.0809331902332,561.0247685875196,561.6224751598685,37912200
2024-10-10,564.53271484375,565.9535388259317,562.9257131010544,564.1799758679994,44138100
2024-10-11,567.9132690429688,568.6481717987969,564.3171018304082,564.4542980317323,42268000
2024-10-14,572.557861328125,573.4887501402064,569.0401003876937,569.5202272995722,36217200
2024-10-15,568.1093139648438,573.1262458468478,566.8942243784207,572.8224884018784,54203600
2024-10-16,570.5784912109375,571.0978512020905,567.305757742965,568.1092586044506,30725400
2024-10-17,570.6275024414062,574.3216329805343,570.4413246734956,574.1158386665669,34393700
2024-10-18,572.8223876953125,573.6062719503354,570.8528388827377,572.3128360166068,37416800
2024-10-21,571.8817749023438,573.0771881011084,568.912738838732,572.0973176864316,36439000
2024-10-22,571.5780029296875,572.7342428128154,568.697181591541,569.3536780068462,34183800
2024-10-23,566.3552856445312,570.0004346494243,562.8571411229607,569.5594810059998,49314600
2024-10-24,567.5801391601562,568.3836400907534,564.9639018539431,568.3052337104026,34979900
2024-10-25,567.3841552734375,572.6950960929863,566.4435179318251,569.8044663478088,47268200
2024-10-28,569.1381225585938,570.9802836348513,568.8343651367928,570.8528957024953,30174700
2024-10-29,570.0592041015625,571.1762108700161,566.7864107519835,568.1778099310847,42899700
2024-10-30,568.3346557617188,571.5780244818477,567.6291179550885,569.5888588084969,41435800
2024-10-31,557.1935424804688,564.0428273008541,556.9975564307639,563.9742291931302,60182500
2024-11-01,559.545166015625,563.9643910438907,559.1336371976272,559.8195584319851,45667500
2024-11-04,558.3399047851562,560.9757583388703,556.4585705161212,559.6823223393656,38217000
2024-11-05,565.09130859375,565.1304818819561,559.0357163025479,559.2512590975022,39478300
2024-11-06,579.1426391601562,580.014738259286,573.6064067155438,577.3397109306703,68182000
2024-11-07,583.6206665039062,584.6397701216673,581.063218798349,581.1416251858423,47233200
2024-11-08,586.1486206054688,587.569444510154,584.1692634497057,584.1692634497057,46444900
2024-11-11,586.7070922851562,588.0886829564369,584.9825111589258,587.7359440369437,37586800
2024-11-12,584.8847045898438,587.2265495486535,582.4056036057904,586.6288429184635,43006100
2024-11-13,585.1688842773438,587.1677986284395,582.9837921332622,585.34525379598,47388600
2024-11-14,581.4060668945312,585.7763103260314,580.7202054727688,585.296183408181,38904100
2024-11-15,573.9591064453125,578.3195418358689,572.1071369723535,577.8491633593196,75988800
2024-11-18,576.3108520507812,577.6238450144261,573.5574183688442,574.4196493771738,37001700
2024-11-19,578.41748046875,579.142574989824,572.2737337790142,572.9400384688264,49412000
2024-11-20,578.6134033203125,578.8975441726233,572.8615695316089,578.4958236706298,50032600
2024-11-21,581.7196655273438,583.1404896221547,575.6249001169805,581.455141177832,46750300
2024-11-22,583.5225830078125,584.1497143652956,581.2101034094488,581.7097870344509,38226400
2024-11-25,585.501953125,588.7648782973704,583.2188384863542,587.4518855330788,42441400
2024-11-26,588.5591430664062,589.2254477201681,586.0310608458545,586.7463470552605,45621300
2024-11-27,586.7758178710938,588.755115442667,585.2570306878304,588.3730114334577,34000200
2024-11-29,590.4210205078125,591.2049050297398,587.3148474388158,587.5891801085405,30177400
2024-12-02,591.4791870117188,592.1552999944694,590.3425038316959,590.8324390421951,31746000
2024-12-03,591.7534790039062,591.9984465923378,590.2151351783115,591.2439870884159,26906600
2024-12-04,595.427978515625,595.6729460981672,592.7725681970518,593.438872844782,42787600
2024-12-05,594.4481201171875,596.2314913306755,594.0953811448159,595.4279904670244,28762200
2024-12-06,595.5750732421875,596.8097196143469,594.8009970944031,595.212525949607,31241500
2024-12-09,592.5079956054688,595.6239761392873,591.9200973185369,595.4574149257465,34742700
2024-12-10,590.6658935546875,593.605504896008,590.0093971009587,593.1841677805376,37234500
2024-12-11,595.2319946289062,596.1824400499527,593.311427437485,593.5858198104879,28677700
2024-12-12,592.1651000976562,594.9380902901107,592.1651000976562,594.3698085144841,31543800
2024-12-13,592.0475463867188,594.9087513561514,590.6757038334936,594.1934650654297,35904700
2024-12-16,594.5755004882812,595.54562235978,593.0273484159295,593.8014244521054,43695200
2024-12-17,592.1258544921875,592.9881452170704,590.7540718346318,592.0278913761272,55773500
2024-12-18,574.478515625,594.2032541174319,574.0963517696575,591.822175937033,108248700
2024-12-19,574.3020629882812,581.0631932062172,574.0570953688857,579.456191269411,85919500
2024-12-20,581.199951171875,585.7225012446567,571.132257605004,571.9778279294948,125716700
2024-12-23,584.6803588867188,585.2800771480029,577.7686569320756,580.9443313472664,57635800
2024-12-24,591.1790771484375,591.2184422848073,585.4471892507113,586.0272849416975,33160100
2024-12-26,591.218505859375,592.3392722176656,588.0133673077331,589.4094496188982,41219100
2024-12-27,584.9949340820312,587.7183292627742,580.8164691334702,587.4823184826345,64969300
2024-12-30,578.3192749023438,581.7800467977985,574.5734057798932,577.9948725430215,56578800
2024-12-31,576.2153930664062,580.6986388843645,574.5832998036092,579.9808850967214,57052700
2025-01-02,574.799560546875,581.1803135593343,570.7292291618253,579.4696102256324,50204000
2025-01-03,581.9864501953125,582.6254735449975,576.5593423217554,577.6408633877121,37888500
2025-01-06,585.3390502929688,589.6060270134918,583.608664526265,586.2337670283534,47679400
2025-01-07,578.7222900390625,587.6887790314382,576.903452910936,587.3643167301589,60393100
2025-01-08,579.56787109375,580.6395509433228,575.350100693004,578.7911897402016,47304700
2025-01-10,570.7193603515625,576.0874809051687,568.8120114375996,576.0186519228087,73105000
2025-01-13,571.604248046875,571.9581742427216,565.6658729466735,566.0788468496604,47910100
2025-01-14,572.3908081054688,575.1535088845837,568.6154150795988,574.5242667122994,48420600
2025-01-15,582.802490234375,583.9429389739179,579.2827311805529,580.3937160773642,56900200
2025-01-16,581.6817016601562,584.34604932179,580.9836305712422,584.1690862304802,43319700
2025-01-17,587.5217895507812,589.27179809953,585.5849165977943,586.9122299431212,58070600
2025-01-21,592.8995361328125,592.9093774154856,588.5932548694913,590.5595911538271,42532900
2025-01-22,596.232666015625,597.5894432517595,595.1708273073808,595.7213992287225,48196000
2025-01-23,599.48681640625,599.48681640625,595.3280340779654,595.6032899728609,41152100
2025-01-24,597.73681640625,600.4995770008244,596.5865262707722,599.54587252364,34604700
2025-01-27,589.2815551757812,589.5961762199101,584.6311885086425,584.798310310645,70361100
2025-01-28,594.3448486328125,595.1805175844501,587.1971967465958,590.5104687195756,44433300
2025-01-29,591.6805419921875,593.9614997638901,589.1341095636221,593.5583671362218,37177400
2025-01-30,594.8561401367188,596.3898803192325,590.6088457833347,593.7943615542468,39281300
2025-01-31,591.6903076171875,599.6933113603776,590.9332488823969,597.2746959271392,66566900
2025-02-03,587.70849609375,590.1860392450765,580.5510025263411,582.6943020815504,65857200
2025-02-04,591.6510620117188,592.1622687341741,587.2268045597665,587.767535135661,33457800
2025-02-05,594.0499267578125,594.1974260072697,588.5049031019603,590.5302274178379,30653100
2025-02-06,596.1146240234375,596.242440705887,592.4867305159943,595.7901616750784,35771500
2025-02-07,590.6580200195312,597.8941240756534,589.9501076619601,596.6750050236558,50788500
2025-02-10,594.6693115234375,595.3083949100401,592.5948408497425,593.8631663388722,26048700
2025-02-11,595.1216430664062,595.6623736678141,592.2901133629294,592.408088766588,30056700
2025-02-12,593.2044067382812,594.3743794070193,588.4360645213627,589.1144530437037,45076100
2025-02-13,599.4671630859375,599.6736500230521,593.0471055616473,594.3055297285264,40921300
2025-02-14,599.4378051757812,600.7060708506282,598.8184042628043,599.6737559982794,26910400
2025-02-18,601.1976318359375,601.1976318359375,598.1399925315113,600.5979135172886,26749000
2025-02-19,602.6134033203125,602.9083418402669,599.3001305958442,599.81139736899,31011100
2025-02-20,600.106201171875,601.3843078099816,596.8027704742943,601.2466498622931,36554000
2025-02-21,589.842041015625,600.0276510429451,589.3799206723878,599.8899930676969,76519800
2025-02-24,587.157958984375,592.8800056614799,586.4500466079941,591.8869960824046,50737200
2025-02-25,584.2379760742188,587.8265647106925,579.6367551973434,587.0990297013516,58266500
2025-02-26,584.5328369140625,589.488043359785,581.8979531727184,585.8994552001853,43321600
2025-02-27,575.2025146484375,587.9542367689231,574.8092833927938,586.8038868268065,74196700
2025-02-28,584.1788940429688,584.70978328648,572.636508577737,575.7039886670112,88744100
2025-03-03,573.9442138671875,587.2858157400013,570.1393571070072,586.1453068357338,74249200
2025-03-04,567.150390625,575.5368441329807,562.6179996474549,569.952455985737,109648200
2025-03-05,573.24609375,575.035467216836,563.434093538414,566.9833166199888,71230500
2025-03-06,563.0703125,570.4047092717689,560.5238803180225,565.7936477589768,80094900
2025-03-07,566.2261962890625,567.6714847046253,556.1094174114145,561.2907328755356,81158800
2025-03-10,551.14453125,559.9536812738498,546.2385307775894,558.0365509948175,99326600
2025-03-11,546.56298828125,554.5266887361913,542.7286673284324,549.9844552948313,88102100
2025-03-12,549.463134765625,553.6317577833393,544.3703313613182,552.7075773967466,69588200
2025-03-13,542.1386108398438,549.6991769603108,540.4279077137791,549.0896174558009,74079400
2025-03-14,553.3369750976562,554.3398260143258,542.2075022062043,546.7497351697265,62660300
2025-03-17,557.6038818359375,560.1207900872192,552.8846263579363,553.3172227764923,49008700
2025-03-18,551.5770874023438,555.5097605205915,549.6500559715837,555.2934322950165,66041400
2025-03-19,557.584228515625,561.3399385264869,552.1768030039566,553.3566169353411,66556000
2025-03-20,555.971923828125,560.9664364159598,553.1305525718145,553.8483063542163,62958200
2025-03-21,556.1552734375,557.0526817242638,550.2878724028328,551.5205297947124,83763000
2025-03-24,566.1151733398438,567.1703352751009,562.2890000340255,562.880651498493,58766800
2025-03-25,567.4760131835938,568.4127846067184,565.73055113845,567.3181993393742,38355700
2025-03-26,560.7012939453125,568.3338979913931,559.3206937528307,567.2097001365158,51848300
2025-03-27,559.2122192382812,562.9792269072261,557.1018956425098,559.3108077400744,42164200
2025-03-28,547.95068359375,558.4135249923543,547.3689030262066,557.6838014665011,71662700
2025-03-31,551.62890625,552.9305994826874,539.282592409213,542.201546342058,95328200
2025-04-01,553.1869506835938,555.1296497708261,545.998115405224,549.7158288612504,54609600
2025-04-02,556.687744140625,559.547472787333,547.1124411566806,547.3491017135567,76014500
2025-04-03,529.2537841796875,540.3673821784607,529.2537841796875,537.5470765410741,125986000
2025-04-04,498.2696838378906,518.5740121118964,498.05273494035157,516.404523136506,217965100
2025-04-07,497.3822021484375,515.9114867336431,475.1154617622772,482.4029468413161,256611400
2025-04-08,489.591796875,517.6963548854247,482.3733480760591,514.6196468974629,165816600
2025-04-09,541.0084228515625,541.0084228515625,486.20939567811143,486.59399925019795,241867300
2025-04-10,517.3019409179688,526.0981670837639,502.25365007002944,524.7866027854379,162331200
2025-04-11,526.5321044921875,528.9875485351057,512.8545420601603,515.7537548286505,97866300
2025-04-14,531.6401977539062,536.7286411738348,526.453165817952,536.5017912856171,68034000
2025-04-15,530.1511840820312,535.6932073834843,529.3622953201973,532.1826012332219,56892900
2025-04-16,518.366943359375,530.4273047249436,513.0714517926509,524.3034408726064,83484800
2025-04-17,519.1065063476562,523.800475242003,516.6411916080497,520.3194821276195,79868100
2025-04-21,506.7503356933594,514.4618467446136,501.40552056556845,513.9293002870572,69368100
2025-04-22,519.9349365234375,521.956482797522,511.9867633247528,512.9235950678715,75948100
2025-04-23,527.9915161132812,537.8626460694973,526.4729038847668,532.9320165359907,90590700
2025-04-24,539.1051635742188,539.8348871004667,528.0211182344198,529.2734571828396,64150400
2025-04-25,543.0003662109375,543.4046513367819,536.1467793425768,539.0657336001437,61119600
2025-04-28,543.2073974609375,545.8699492792146,537.4583271221219,543.7399439376,47613800
2025-04-29,546.6292724609375,547.7435994540236,540.9393072120234,541.294298062473,47775100
2025-04-30,546.8462524414062,548.7988227140515,534.0069337400583,539.9729835885655,93101500
2025-05-01,550.7216796875,556.2440206119321,550.1201573586014,552.595342895286,63186100
2025-05-02,558.8966674804688,560.4941864598073,554.5774316657111,556.894803218062,60717300
2025-05-05,555.6917724609375,558.7882219920989,553.9068871278389,554.7648117792631,38659200
2025-05-06,551.0471801757812,555.5340413030556,549.2327420958744,550.1892553966732,48264700
2025-05-07,553.364501953125,555.997440916007,548.3253535066884,552.3783761794856,55588000
2025-05-08,557.2203369140625,562.3974982446085,553.9069681077176,557.3978323656503,65130800
2025-05-09,556.5103149414062,559.6264462916283,554.9522191721212,558.6205786168767,37603400
2025-05-12,574.9014892578125,574.9113601462691,569.0340285188223,573.402558732667,78993600
2025-05-13,578.6980590820312,580.9069711222367,574.7535560992819,575.3155948085854,67947200
2025-05-14,579.4376831054688,580.8083522191259,577.4160770724685,579.6546018902411,66283500
2025-05-15,582.267822265625,582.7706958315019,576.9821425909696,577.4357820961777,71268100
2025-05-16,585.9559936523438,586.2518193704545,581.1042713102905,583.0469103495059,76052100
2025-05-19,586.5969848632812,587.27741416191,579.9406348417033,579.9406348417033,68168500
2025-05-20,584.6246948242188,585.8080578995526,581.419785763877,584.8614155899625,60614500
2025-05-21,574.7733154296875,584.3584902721909,573.7477661832594,580.2759146876367,95197700
2025-05-22,575.0001220703125,578.4811148637216,573.3433777523152,574.5760350084579,70860400
2025-05-23,571.0753784179688,573.7379304924723,567.6140667399493,567.9887994120531,76029000
2025-05-27,582.9483032226562,583.1060568711622,570.4047514802384,577.9387671986972,72588500
2025-05-28,579.57568359375,584.5457960298348,578.8459601489828,583.3525621719901,68445500
2025-05-29,581.863525390625,584.9698457847473,577.9387639052553,584.8317737253767,69973300
2025-05-30,581.2127685546875,582.9286180198035,575.1480700909575,580.7591289651484,90601200
2025-06-02,584.4866943359375,584.5655410710423,576.9428072484826,579.6053591727813,61630500
2025-06-03,587.8197631835938,588.7960181097066,583.6385391723649,584.121791379625,63606200
2025-06-04,587.6619873046875,589.6539808386906,587.2280895107962,588.6777258495218,57314200
2025-06-05,584.8218994140625,590.6893600195378,582.8496477946317,589.3383724752952,92278700
2025-06-06,590.8274536132812,592.4940086999786,588.5790577947733,590.3540722792903,66588700
2025-06-09,591.3599243164062,592.9081490758875,590.1864321834666,591.3993476813894,53016400
2025-06-10,594.712890625,595.0974340255312,590.7782574774766,591.8925244948556,66247000
2025-06-11,593.0166625976562,596.6653405011278,590.9556931519085,595.8074157747775,73658200
2025-06-12,595.3734741210938,595.3734741210938,591.2021810906274,591.6853731206485,64129000
2025-06-13,588.7171020507812,593.4997881009825,587.2181715759101,590.1962907494013,89506000
2025-06-16,594.318359375,596.0638215052488,591.8924679557008,592.0700235861916,79984100
2025-06-17,589.2398071289062,593.4012293190596,588.4804709653109,591.8826171802143,82209400
2025-06-18,589.1510009765625,592.8785252065284,588.1944276516227,590.1371267775953,76605000
2025-06-20,587.7673950195312,592.8906208578056,586.3629131433069,591.8224395288368,94051400
2025-06-23,593.5730590820312,593.9587392448562,585.4035696790836,588.5190130228361,87426000
2025-06-24,600.13037109375,601.1885919192599,596.7972471416377,597.7072083922786,67735300
2025-06-25,600.4666748046875,601.940336500435,598.903972841808,601.247995602986,62114800
2025-06-26,605.1646728515625,605.5998534219981,601.7030284305531,602.3162291844003,78548400
2025-06-27,608.1713256835938,609.6351477759472,604.1360808658505,606.1636033457827,86258400
2025-06-30,611.0791015625,612.4340832221852,608.2998981128763,610.6142811588834,92502500
2025-07-01,610.8812866210938,612.0483479268365,608.7746241554748,609.6053849111585,70030100
2025-07-02,613.6505737304688,613.6901136433279,609.8526292762224,610.4757300098587,66510400
2025-07-03,618.4869995117188,619.4167005776212,615.6088560521965,615.628656191773,51065800
2025-07-07,613.8781127929688,617.1914371839785,611.0989093087613,616.5287360860043,74814500
2025-07-08,613.5418090820312,615.2923708557059,612.7307881009865,614.5406899285775,59024600
2025-07-09,617.2210083007812,617.8737488887257,614.1055045789822,615.945166968477,66113300
2025-07-10,618.9617309570312,620.0002120765442,616.1825277796053,617.3594891460615,57529000
2025-07-11,616.7858276367188,618.0122289852302,614.7187654701638,615.9154666088177,63670200
2025-07-14,617.9627075195312,618.3088477245484,614.985684437804,616.3307657158283,51898500
2025-07-15,615.3220825195312,620.9793689858044,615.242942324076,620.6431287961128,74317300
2025-07-16,617.3792114257812,617.8836320494379,611.276844692317,616.9044910111767,88987500
2025-07-17,621.1573486328125,621.5134493059918,617.3396644874989,617.557284919235,68885700
2025-07-18,620.7024536132812,622.5716954836944,619.5947323692288,622.4035753929759,65621600
2025-07-21,621.87939453125,624.6189973413707,621.4541141003111,621.87939453125,63375000
2025-07-22,621.9683837890625,622.8288447335428,619.3276609031153,622.2057439990875,60046300
2025-07-23,627.2598266601562,627.2598266601562,622.8288811376781,624.6289433239532,70511000
2025-07-24,627.4674682617188,629.1785504969665,627.0421878119985,627.6454884244192,71307100
2025-07-25,630.1180419921875,630.5928227551882,627.8828598800927,628.1301201477661,56865400
2025-07-28,629.9598388671875,631.0477599275997,628.5751571845921,630.4938993278172,54917100
2025-07-29,628.2982788085938,631.6708825055948,627.3883778702398,631.3543820995848,60556300
2025-07-30,627.507080078125,630.6917636576716,624.6190364089183,628.9510415464463,80418900
2025-07-31,625.1531372070312,632.8379457731452,623.8574957354674,632.4522656090571,103385200
2025-08-01,614.9066162109375,619.476041722763,612.5032535330552,619.4364414435403,140103600
2025-08-04,624.2530517578125,624.3024917393647,618.7243458354196,618.813325728958,73218000
2025-08-05,621.088134765625,625.6773001361546,620.1683337507773,624.866279158634,68051400
2025-08-06,625.845458984375,626.4981995520814,621.2463937026511,622.1562946160922,64357500
2025-08-07,625.3212280273438,629.9993730574174,622.2156245224251,629.2674923107387,74205800
2025-08-08,630.197265625,630.6621463802445,626.794961476664,627.1114619051468,64051600
2025-08-11,628.9510498046875,631.947873553624,627.70484826023,630.4742118551501,58742300
2025-08-12,635.6469116210938,635.8051316570012,629.8115442075018,631.2951060550639,64730800
2025-08-13,637.82275390625,639.10849531226,635.6369512596368,637.8424936799373,60092800
2025-08-14,637.8821411132812,638.5447818220973,635.300758040457,635.7457782923831,59327500
2025-08-15,636.388671875,639.0096552004113,635.4787708739423,638.9107148606824,68592500
2025-08-18,636.2501220703125,636.942462907598,635.1424008771667,635.814941575414,43804900
2025-08-19,632.7984008789062,637.0512656505922,631.4829592777961,636.0721245937336,69750700
2025-08-20,631.1170043945312,632.6500060324975,626.013578858981,632.3929060531275,88890300
2025-08-21,628.5850830078125,630.9785456585483,626.864161086776,629.3071240874224,54805800
2025-08-22,638.2381591796875,639.4151205943501,630.2664897119097,630.7709103705197,84083200
2025-08-25,635.42919921875,638.2183023325629,635.3105191174199,636.9820009718095,51274300
2025-08-26,638.0897827148438,638.4359833484747,634.5391586749303,635.1622594491828,51581600
2025-08-27,639.5436401367188,640.2755208793137,637.3578376120881,637.5062179210042,48341100
2025-08-28,641.8085327148438,642.3623933153343,638.267809046051,640.146950913372,61519500
2025-08-29,637.98095703125,640.7404203673219,636.0919150690585,640.374419619015,74522200
2025-09-02,633.2533569335938,633.4709169972102,627.9619508913343,630.5136938017484,81983500
2025-09-03,636.6853637695312,637.1502445176759,633.4413400681225,635.6270824559713,70820900
2025-09-04,642.00634765625,642.0360478647699,636.4578416280056,637.3578424589464,65219200
2025-09-05,640.14697265625,645.0625384730564,636.2798483910566,644.3404973975818,85178900
2025-09-08,641.7195434570312,642.718484610511,640.1370415028089,641.5118230975241,63133100
2025-09-09,643.203125,643.7272854003053,640.1271612550325,641.8579832056892,66133900
2025-09-10,645.0625610351562,647.3768835600082,643.4998590892842,646.4570825189741,78034500
2025-09-11,650.4231567382812,651.1154976382888,646.4274520986086,647.0109525903231,69934400
2025-09-12,650.2054443359375,651.8868261792371,649.7010841125947,650.393364548417,72780100
2025-09-15,653.6671142578125,653.7956944276398,652.114372883025,652.4110731340584,63772400
2025-09-16,652.76708984375,654.5276118800496,651.9857691498868,654.2209512044083,61169000
2025-09-17,651.9561767578125,654.4683196962441,647.1296508296768,652.7770978636573,101952200
2025-09-18,655.00244140625,657.6036246179045,653.0342590569163,654.6365009878455,90459200
2025-09-19,658.2465209960938,659.0895125014193,654.9438659954435,656.8877828567474,97945600
2025-09-22,661.3607788085938,661.8070328507519,656.7291073786307,656.7588899327194,69452200
2025-09-23,657.7606201171875,661.8566899635472,656.540685502851,661.2417286303936,81708900
2025-09-24,655.6678466796875,659.1490153831234,654.2496039734066,659.0498612769777,68082200
2025-09-25,652.6429443359375,653.9917550046746,649.0328388399253,652.5338627083877,89622100
2025-09-26,656.3820190429688,656.9274877414105,652.4743904900326,654.0910020825955,69179200
2025-09-29,658.2266845703125,659.8135740530697,656.4216318338509,658.9010899003678,73499000
2025-09-30,660.7061157226562,661.1722852976668,656.173659297658,657.4828203674869,86288000
2025-10-01,662.9574584960938,663.8698820443607,657.6117327913598,657.7208144097488,72545400
2025-10-02,663.7210693359375,665.0600128657511,661.3011766397112,664.9410037342527,56896000
2025-10-03,663.7112426757812,667.1527012490268,662.6698219114437,664.4848020775174,70494400
2025-10-06,666.0914916992188,666.9841207809839,663.9591941673339,666.1014192164715,54623300
2025-10-07,663.6219482421875,667.4601442579947,662.1838505424819,667.0138297258598,72020100
2025-10-08,667.5791625976562,667.6783772359653,663.919480237528,664.7426772273783,60702200
2025-10-09,665.6452026367188,668.4023890582872,663.7112737749407,667.9957845708525,66501900
2025-10-10,647.6542358398438,668.4122493878771,647.4757221413303,666.6071968358344,159422600
2025-10-13,657.5919189453125,659.664772492732,654.3488290056752,655.2216030747315,79560500
2025-10-14,656.78857421875,660.3590300864076,647.8030207789583,651.7701536094826,88779600
2025-10-15,659.7044067382812,664.7228272522149,653.5156893256119,661.3408732132422,81702600
2025-10-16,655.2116088867188,663.2153058553965,651.7105854492366,661.340821247798,110563300
2025-10-17,658.9308471679688,660.2895852935891,652.7322022395391,654.0810128478913,96500900
2025-10-20,665.7840576171875,666.6866142382812,661.7872027532737,661.8367798071084,60493400
2025-10-21,665.7741088867188,667.4601523988813,664.4748753427003,665.9229005771253,56249000
2025-10-22,662.3128051757812,666.4783066993808,657.8497808005621,666.4783066993808,80564000
2025-10-23,666.2402954101562,667.1825015615415,662.3128121266341,662.6301900162397,65604500
2025-10-24,671.6851806640625,672.8951271271609,670.0983517375236,670.9016937183009,74356500
2025-10-27,679.6094970703125,679.9070199177999,676.5151383891614,677.1201116013259,63339800
2025-10-28,681.41455078125,683.2493254549719,679.2028936555786,681.4046232640447,61738100
2025-10-29,681.7418823242188,684.0328991417463,677.2590027977353,683.0609104229828,85657100
2025-10-30,674.2440185546875,680.3037996369978,674.2440185546875,678.2805836148408,76335800
2025-10-31,676.45556640625,679.4507706842933,673.65873085131,679.4110606194914,87164100
2025-11-03,677.7251586914062,680.1649066224819,674.3530715971103,680.0359699637585,57315000
2025-11-04,669.6917114257812,674.3729598389511,669.0371611161902,670.5545580097922,78427000
2025-11-05,672.012451171875,675.2654684624238,668.6304366940664,669.4337786331213,74402400
2025-11-06,664.8021850585938,671.8140994484131,663.2252231578799,670.9115428502156,85035300
2025-11-07,665.4567260742188,665.5658682287408,655.7769731606511,662.4218719882706,100592400
2025-11-10,675.8406982421875,676.5746080726943,669.4833950163819,671.6751969912248,75842900
2025-11-11,677.3878784179688,677.9532020666294,673.1529450781785,674.3629519753922,58953400
2025-11-12,677.7648315429688,679.3318660026857,675.3548055474994,679.1632192686196,62312500
2025-11-13,666.5180053710938,675.265541055433,665.0105359672095,674.9085136071693,103457800
2025-11-14,666.4088745117188,670.1082064558575,657.8200586834998,659.9127066954921,96846700
2025-11-17,660.2003173828125,668.1742931923078,656.7290761218832,664.1972328051172,90456100
2025-11-18,654.65625,659.6548153709225,650.4708935566339,656.6596108350068,114467500
2025-11-19,657.185302734375,661.856623370592,653.3371790986623,655.3505280387882,94703000
2025-11-20,647.1683349609375,670.0090710879778,646.5335791707308,667.3808213360044,165293500
2025-11-21,653.6149291992188,659.0895314498267,645.5020891320908,649.667590792559,123956200
2025-11-24,663.235107421875,664.5541959227929,656.1538219404428,657.2447591605586,80437900
2025-11-25,669.4735107421875,670.6537351639657,659.0200771396823,663.1360016067486,81077100
2025-11-26,674.09521484375,676.0986363282427,671.1595147067713,672.0620713400136,71879600
2025-11-28,677.7747192382812,678.0523870500939,674.9084513312986,675.2654787466182,49212000
2025-12-01,674.6802978515625,677.3779187836101,673.1628406770591,673.232272756968,61201200
2025-12-02,675.9300537109375,678.2012155152329,673.7481184984898,676.316803165018,62953800
2025-12-03,678.2706298828125,679.2822075879724,674.105128319461,674.9779023816353,57238500
2025-12-04,678.7664794921875,679.7384076011712,675.7415530139849,679.6689755171525,61970300
2025-12-05,680.0557861328125,682.7336127271673,678.9549213715281,679.8375623637357,79241000
2025-12-08,678.0127563476562,680.9980334759979,675.9696853695019,680.9484564225444,55231500
2025-12-09,677.4275512695312,679.7582780276033,676.9812972721672,677.5366934232544,58310100
2025-12-10,681.92041015625,683.3088703732143,675.711837383319,676.9515664343469,85671300
2025-12-11,683.5072021484375,683.5865617528303,676.5647198382891,679.51034738166,86173700
2025-12-12,676.1581420898438,683.2196338188487,673.5893968987631,682.5154459360199,113160300
2025-12-15,675.1365356445312,680.1252340287925,673.6687159286942,680.1053789946951,90811000
2025-12-16,673.2918701171875,675.4837328267965,669.4338188610296,673.6488975485244,122030600
2025-12-17,665.8832397460938,674.8489377460819,665.6848710067972,674.3034691132465,110625200
2025-12-18,670.9114990234375,675.1464323222394,669.3544527925658,672.0322187932205,108650100
2025-12-19,676.9923095703125,677.4896664833268,672.8940327515619,673.0134542661981,103599500
2025-12-22,681.2098999023438,681.7370666700199,676.9923229108747,680.3245900087294,69556700
2025-12-23,684.3233032226562,684.562024812114,680.2548972126992,680.3046207584179,64840000
2025-12-24,686.7305297851562,687.1781631452748,684.164151137988,684.313382495532,39445600
2025-12-26,686.660888671875,688.0037280321676,685.6264081645946,686.989161229118,41613300
2025-12-29,684.2138671875,685.5567672531378,682.4433081832867,683.9055083361335,62559500
2025-12-30,683.3783569335938,684.9201512250444,682.9506372729019,683.8160334465714,47160700
2025-12-31,678.3152465820312,683.726492314561,678.1063955310838,683.5076844111845,74144800
2026-01-02,679.55859375,683.2390468658663,676.2263268834449,682.0852055985325,89377200
2026-01-05,684.0845336914062,685.7855161168121,682.7516512212146,682.910778712987,71927200
2026-01-06,688.1529541015625,688.6602678554459,684.1442890432024,684.2934596862484,69273800
2026-01-07,685.9347534179688,690.2916046822218,685.6761181181482,688.5309418430683,75588300
2026-01-08,685.8651123046875,686.9692300361542,683.8557710289468,685.1787573638412,64019200
2026-01-09,690.4010009765625,691.6344363504869,685.5368360184962,686.9791831428475,80125500
2026-01-12,691.4852294921875,692.410366767912,686.979207477028,687.0289310253164,63976000
2026-01-13,690.1026000976562,692.4103433578374,687.6953490317495,691.813478661017,78309700
2026-01-14,686.7106323242188,688.0634285762314,682.4134612479594,687.3472637531122,94676700
2026-01-15,688.5806884765625,691.7737417111902,687.5959315038539,690.8983886882239,77862000
2026-01-16,688.0037231445312,690.5800586110835,686.4519720383781,689.9931507530615,79289200
2026-01-20,673.9981689453125,681.1501633341576,672.9934983300664,677.8874730475171,111623300
2026-01-21,681.77685546875,685.0991655259935,674.5452667925615,676.0572511802958,127844500
2026-01-22,685.3379516601562,687.476610793547,683.2888434897402,686.2033478813381,77112200
2026-01-23,685.5865478515625,687.3074439470811,683.5274830754288,684.5123006998919,63059600
2026-01-26,689.0680541992188,690.4606777697717,686.272910918868,686.8399050563427,60473800
2026-01-27,691.8134765625,692.8480177488461,689.9036431059924,690.5104039402848,55506100
2026-01-28,691.7438354492188,694.1510864943795,690.271678492269,693.3652237572153,61172200
2026-01-29,690.3711547851562,693.375209936545,681.2098793986574,692.7087686795362,97486200
2026-01-30,688.3120727539062,690.5402826440542,683.487735152998,688.1330315570439,101835100
2026-02-02,691.7339477539062,693.2459322689688,685.7756213682558,685.9348095869553,79286500
2026-02-03,685.885009765625,693.2757257351432,680.4140840721383,692.529690413304,107904600
2026-02-04,682.5626831054688,687.7948875474046,678.1561081391175,686.7006659106327,105204600
2026-02-05,674.0379638671875,680.0758839506523,672.2176206040476,677.3404209861714,113610800
2026-02-06,686.96923828125,688.6503070282812,677.2508650473027,677.8576866055596,89127600
2026-02-09,690.2816772460938,692.1915108078678,684.7013472083629,685.7755944360715,73885200
2026-02-10,688.4613037109375,692.8579216647231,688.0037135108784,691.276360737094,65185700
2026-02-11,688.3021850585938,693.4547952732178,685.5368515439336,692.7087599208829,76353900
2026-02-12,677.668701171875,691.6742279947084,676.7734344520502,690.5701102294341,118829000
2026-02-13,678.1461181640625,682.6522007204912,673.9384983110481,678.0864377658819,96267500
2026-02-17,679.2402954101562,681.31927396984,672.2077222570326,676.5446598627462,81354700
2026-02-18,682.662109375,685.507036973797,679.2204384959671,680.4041503420104,73570300
2026-02-19,680.8616333007812,682.5526587813481,677.9471293624403,680.225062656192,58649400
2026-02-20,685.7855834960938,686.4122580979458,678.126274472082,678.7131823752115,100034000
2026-02-23,678.7827758789062,686.3525334522094,676.7734345413753,684.1940214696967,90558100
2026-02-24,683.7164916992188,684.7112054782021,676.4053697086953,678.295350173768,73798700
2026-02-25,689.4859008789062,690.0130676270821,686.4519751919497,686.53156929616,56369500
2026-02-26,685.6561889648438,689.6350440416309,680.7323436648176,689.615191050754,71671000
2026-02-27,682.3637084960938,683.2291046432514,678.0367277603054,679.4790749097389,83308900
2026-03-02,682.751708984375,684.9798583327654,674.4359156260907,675.1123137702438,87477200
2026-03-03,676.7337036132812,679.0016196644848,666.1200629162043,671.4915420947397,105003100
2026-03-04,681.5082397460938,683.4579005621853,676.0273572426378,678.026741603972,79182200
2026-03-05,677.70849609375,681.9062201445739,672.0386149612469,678.474445192334,106606500
2026-03-06,668.82568359375,672.5359467168151,666.2195382406165,669.8502072585248,100687000
2026-03-09,674.6845703125,676.3258117079225,658.888509802078,662.8673651303956,102667700
2026-03-10,673.6002807617188,679.7476047325034,671.1930903760745,674.1374043547928,81505300
2026-03-11,672.7548217773438,676.4849986405864,669.7806371390539,673.9982140650914,68441700
2026-03-12,662.5390625,668.0995392824933,662.3500644519811,667.6120785283837,108882200
2026-03-13,658.7890014648438,668.7859240392634,657.863924887251,665.7321452917186,97200200
2026-03-16,665.493408203125,668.5173163233716,663.5934708305671,664.8468199428278,82023100
2026-03-17,667.2440185546875,670.8747480492216,666.1598145596139,668.8355969918504,87128000
2026-03-18,657.9335327148438,666.1796881508768,657.6948111200146,664.8268919718373,82062600
2026-03-19,656.3121948242188,659.4753776238247,651.7066647804095,653.4971375917409,111272500
2026-03-20,646.9034423828125,655.0025723674255,643.063298812559,654.8230422006715,163617500
2026-03-23,653.6959228515625,660.9173090129275,652.2596206790361,656.3790129905765,134802700
2026-03-24,651.5015869140625,655.3417305137531,648.2100787416998,649.6463809650626,96457500
2026-03-25,655.1322021484375,659.1917509309695,652.5588148295345,656.9774239230809,90653800
2026-03-26,643.432373046875,653.1672421520028,643.1630473705688,650.3844333840033,96494400
2026-03-27,632.4606323242188,641.0085567819559,631.4831091918358,640.8489947137006,103649400
2026-03-30,630.3460693359375,638.7245091624994,627.6630399662237,638.4651675144013,99275900
2026-03-31,648.6688842773438,649.865752001465,636.3405988140365,637.2981538716512,152534100
2026-04-01,653.5562744140625,656.8278752918841,651.3220400966815,652.219751792706,97841500
2026-04-02,654.144775390625,656.5086804928782,643.4522901873171,644.7589215344626,68358700
2026-04-06,657.23681640625,658.0247645183308,653.8356054757206,654.1746977251443,39105800
2026-04-07,657.5260009765625,657.9150134208243,649.386996170508,654.9626585699763,69980400
2026-04-08,674.27294921875,675.3402070755335,669.734652974974,674.6519776493207,93606100
2026-04-09,678.162841796875,679.4096297331154,672.0386657215836,673.1059235004034,57134400
2026-04-10,677.7140502929688,680.2774536083281,676.7066358948267,679.5692561407437,42253500
2026-04-13,684.3369750976562,684.536473353906,674.8414790590384,675.669302461078,54185800
2026-04-14,692.675537109375,692.7952238870419,685.8929616905456,685.9229138241225,63480500
2026-04-15,698.1414184570312,698.480571570673,692.4161778504387,693.4734516118131,58240400
2026-04-16,699.8569946289062,700.9741726960574,696.7350934539525,699.2585607342904,49972400
2026-04-17,708.3152465820312,710.5594650064761,703.9464965121796,704.3255249385737,70661900
2026-04-20,706.8988037109375,708.0857482546458,704.3254772575062,706.9587079747221,43546800
2026-04-21,702.2708129882812,709.4523240430285,700.8345107773317,708.4548936431559,58941400
2026-04-22,709.3825073242188,709.6218808832724,706.4001392457644,707.3278031045794,42518500
2026-04-23,706.6295776367188,710.5295037064266,700.4754491270062,707.6768673789517,56174000
2026-04-24,712.10546875,712.6340752101273,707.1881441382454,708.9236633096505,45182000
2026-04-27,713.332275390625,713.7911152864904,710.4696550399041,711.3374146094498,33135900
2026-04-28,709.8612060546875,711.0481506026886,707.4274735730012,709.9908768700561,43117400
2026-04-29,709.7515258789062,710.3699278433978,706.5497524472755,709.1729992133655,41859200
2026-04-30,716.8132934570312,717.9403946619685,708.6244289610544,712.7936806635566,67240900
2026-05-01,718.7982177734375,723.0073446973263,718.6186267345964,719.3966516418469,43049800
2026-05-04,716.1649780273438,720.2644021704073,713.152718877996,718.2196821209096,51950600
2026-05-05,721.9102172851562,723.1769124909786,719.6360467603954,719.9153564929043,36933200
2026-05-06,731.9443359375,732.7023927493656,725.9497697512824,726.288861980811,53288900
2026-05-07,729.7001342773438,734.238430329629,727.8748196364371,733.161188473549,51724600
2026-05-08,735.724609375,736.1834492768152,732.6824588199246,733.0415191543954,47227100
2026-05-11,737.4002685546875,738.8864300819614,734.5576163199453,734.5576163199453,44024000
2026-05-12,736.2831420898438,736.9414802248905,729.9494836014034,734.9964788307154,54185300
2026-05-13,740.4025268554688,741.9983910774667,733.5800764180441,736.5723674930287,44200200
2026-05-14,746.2474975585938,747.6040491923611,741.649357949993,741.7391534739264,45307600
2026-05-15,737.2706298828125,741.5496453663399,736.0637780312098,739.8838927249178,60410800
2026-05-18,736.751953125,739.5147938000424,731.5054597381557,737.9289136337939,47843900
2026-05-19,731.8446044921875,735.7545755811656,729.650306265128,732.8919551385734,54255900
2026-05-20,739.3452758789062,739.9636778498481,732.0042028263388,733.8195334397973,45768000
2026-05-21,740.8114624023438,742.9559620700644,735.1361419849363,736.7419902854853,43332200
2026-05-22,743.7239990234375,747.015507083493,742.566945697205,744.3224328967863,41762000
2026-05-26,748.6613159179688,750.1973368284331,746.4469887578754,748.0827892360243,41123600
2026-05-27,748.5316162109375,749.4492351039673,746.2973210478585,748.9505199197505,42106300
2026-05-28,752.6609497070312,753.2095851254732,747.3047533704411,748.3221518516883,41562600
2026-05-29,754.5361328125,756.1320579864754,752.7507543048832,753.9576670103595,55075700
2026-06-01,756.5908203125,758.3264003155792,752.7507376917755,753.4189990020213,43634900
2026-06-02,757.6182250976562,758.4461093852723,754.805464031348,755.0847737682097,31581900
2026-06-03,752.3018798828125,756.8501599793441,751.6336185743088,756.2018667594974,51402500
2026-06-04,755.1445922851562,756.3614281257201,749.5389775481502,750.1673635570705,49923000
2026-06-05,735.65478515625,750.8855669656407,733.6400171295905,750.3768677170906,93989400
2026-06-08,737.3204345703125,743.4247643242134,736.2931129658897,741.4498108327123,49319100
2026-06-09,735.1560668945312,744.9807928982774,720.7332622187009,741.7191759970133,87683500
2026-06-10,723.56591796875,736.4826536495077,723.4661992814284,731.5054857614351,60341300
2026-06-11,735.8642578125,738.0984921563339,722.5485255148498,726.8873842592473,86330500
2026-06-12,739.843994140625,742.5270843334097,733.1412911200548,738.8066884479139,57079500
2026-06-15,752.890380859375,754.7356026867302,749.8282623277308,749.9179969688896,60176400
2026-06-16,748.4019775390625,753.4988323298886,747.9531216783239,752.6111046530555,67093100
2026-06-17,739.0560302734375,750.217278570044,737.3204502885575,749.3594421826946,85945200
2026-06-18,746.739990234375,748.22998046875,743.8599853515625,747.760009765625,80875700
2026-06-22,744.3900146484375,750.1799926757812,743.1300048828125,747.7000122070312,46628100
2026-06-23,733.5800170898438,739.6300048828125,732.2999877929688,733.8099975585938,66846800
2026-06-24,733.239990234375,739.9500122070312,730.8400268554688,735.1699829101562,57439500
2026-06-25,734.2999877929688,739.3699951171875,729.5999755859375,738.9099731445312,53934400
2026-06-26,728.989990234375,736.530029296875,716.5800170898438,728.9500122070312,71034000
2026-06-29,741.0,741.5599975585938,732.0900268554688,736.530029296875,58035200
2026-06-30,746.77001953125,748.02001953125,740.8900146484375,741.2899780273438,55626000
2026-07-01,745.760009765625,749.4400024414062,742.3800048828125,745.0,47100900
2026-07-02,744.780029296875,751.3099975585938,740.030029296875,747.4000244140625,57447800
2026-07-06,751.280029296875,752.4099731445312,747.4099731445312,748.739990234375,50673300
2026-07-07,747.7100219726562,750.9600219726562,745.2100219726562,750.219970703125,43721500
2026-07-08,745.4000244140625,746.1500244140625,739.510009765625,743.1599731445312,43767400
2026-07-09,751.7100219726562,751.969970703125,745.5900268554688,747.3499755859375,41441700
2026-07-10,754.9500122070312,755.4199829101562,748.0999755859375,752.0499877929688,42191300
2026-07-13,749.1699829101562,753.9099731445312,748.0,752.469970703125,44013600
2026-07-14,751.8300170898438,753.3400268554688,748.6599731445312,750.9099731445312,35143100
2026-07-15,754.8099975585938,755.5800170898438,750.2000122070312,754.239990234375,43844800
2026-07-16,750.719970703125,754.5700073242188,747.8800048828125,752.760009765625,46409800
2026-07-17,743.2899780273438,747.2899780273438,740.7999877929688,742.0800170898438,62651000
2026-07-20,742.0900268554688,748.72998046875,741.510009765625,747.0599975585938,50422300
2026-07-21,748.280029296875,749.0399780273438,744.1799926757812,746.2899780273438,34324300
2026-07-22,747.4099731445312,750.02001953125,746.3699951171875,746.6199951171875,32836200
2026-07-23,738.1799926757812,742.5599975585938,735.2100219726562,739.3699951171875,55437300
2026-07-24,738.9299926757812,743.719970703125,737.2899780273438,738.510009765625,44782000
2026-07-27,739.0900268554688,745.530029296875,735.8699951171875,744.9099731445312,41461200
2026-07-28,740.8599853515625,742.7899780273438,735.97998046875,739.1900024414062,47322200
2026-07-29,729.4600219726562,742.6799926757812,729.0999755859375,739.969970703125,70697200
2026-07-30,741.6900024414062,742.4500122070312,734.5900268554688,736.0499877929688,66811300
2026-07-31,747.030029296875,748.9000244140625,737.6799926757812,744.6799926757812,62445900
2026-08-03,757.6699829101562,758.5800170898438,748.7999877929688,749.4400024414062,59927500
2026-08-04,771.3300170898438,773.4099731445312,760.52001953125,760.6300048828125,69154800
2026-08-05,769.7899780273438,776.8499755859375,769.510009765625,775.8499755859375,44689100
2026-08-06,768.5599975585938,771.8200073242188,767.4600219726562,770.2100219726562,38416900
2026-08-07,773.260009765625,773.9199829101562,769.6099853515625,771.02001953125,43586300
2026-08-10,773.030029296875,775.0499877929688,771.6199951171875,772.5999755859375,39249500
2026-08-11,770.5599975585938,774.6099853515625,769.3400268554688,774.530029296875,36216318
