Datetime,Close,High,Low,Open,Volume
2023-09-13 09:30:00-04:00,93.9749984741211,94.20999908447266,93.87999725341797,93.91999816894531,4401023
2023-09-13 10:30:00-04:00,94.0,94.0250015258789,93.81999969482422,93.9749984741211,2459631
2023-09-13 11:30:00-04:00,94.41000366210938,94.43499755859375,93.93000030517578,94.01000213623047,2623834
2023-09-13 12:30:00-04:00,94.31999969482422,94.4800033569336,94.1500015258789,94.4011001586914,2958526
2023-09-13 13:30:00-04:00,94.5199966430664,94.5250015258789,94.30999755859375,94.30999755859375,2581151
2023-09-13 14:30:00-04:00,94.33999633789062,94.53009796142578,94.28500366210938,94.5199966430664,3390434
2023-09-13 15:30:00-04:00,94.19999694824219,94.3499984741211,94.1500015258789,94.34500122070312,2666039
2023-09-14 09:30:00-04:00,93.66999816894531,94.20999908447266,93.52249908447266,93.94000244140625,6928045
2023-09-14 10:30:00-04:00,93.64420318603516,93.9800033569336,93.60880279541016,93.68000030517578,3104707
2023-09-14 11:30:00-04:00,93.44000244140625,93.68499755859375,93.43000030517578,93.6489028930664,3370061
2023-09-14 12:30:00-04:00,93.44999694824219,93.5199966430664,93.41000366210938,93.4385986328125,2810273
2023-09-14 13:30:00-04:00,93.6449966430664,93.66500091552734,93.4000015258789,93.44999694824219,1952228
2023-09-14 14:30:00-04:00,93.48999786376953,93.68000030517578,93.4749984741211,93.6449966430664,2484764
2023-09-14 15:30:00-04:00,93.54000091552734,93.62000274658203,93.4749984741211,93.48500061035156,3269185
2023-09-15 09:30:00-04:00,93.2300033569336,93.4800033569336,92.98999786376953,93.45999908447266,6587006
2023-09-15 10:30:00-04:00,93.20999908447266,93.45999908447266,93.18499755859375,93.2249984741211,3973787
2023-09-15 11:30:00-04:00,93.1156997680664,93.22989654541016,93.05500030517578,93.19999694824219,2377202
2023-09-15 12:30:00-04:00,93.31340026855469,93.37000274658203,93.0999984741211,93.11990356445312,2601324
2023-09-15 13:30:00-04:00,93.2249984741211,93.37539672851562,93.2240982055664,93.31999969482422,1568339
2023-09-15 14:30:00-04:00,93.0999984741211,93.26000213623047,93.08999633789062,93.2300033569336,2530771
2023-09-15 15:30:00-04:00,93.0,93.0999984741211,92.98999786376953,93.09549713134766,3863909
2023-09-18 09:30:00-04:00,93.03500366210938,93.18599700927734,92.81999969482422,92.8499984741211,3362984
2023-09-18 10:30:00-04:00,92.97000122070312,93.08000183105469,92.88999938964844,93.03500366210938,2276824
2023-09-18 11:30:00-04:00,93.23999786376953,93.25,92.95999908447266,92.97000122070312,1570244
2023-09-18 12:30:00-04:00,93.40499877929688,93.44999694824219,93.18000030517578,93.23999786376953,1975946
2023-09-18 13:30:00-04:00,93.41999816894531,93.45999908447266,93.37000274658203,93.4031982421875,1746485
2023-09-18 14:30:00-04:00,93.45500183105469,93.4800033569336,93.36000061035156,93.41999816894531,1995163
2023-09-18 15:30:00-04:00,93.47000122070312,93.52999877929688,93.44999694824219,93.45500183105469,2040817
2023-09-19 09:30:00-04:00,93.16000366210938,93.30000305175781,92.95999908447266,93.08000183105469,4566391
2023-09-19 10:30:00-04:00,93.17500305175781,93.41000366210938,93.13999938964844,93.1500015258789,3723661
2023-09-19 11:30:00-04:00,93.29000091552734,93.33540344238281,93.12999725341797,93.16999816894531,1208724
2023-09-19 12:30:00-04:00,93.33170318603516,93.43000030517578,93.22000122070312,93.29000091552734,1749343
2023-09-19 13:30:00-04:00,93.08999633789062,93.37999725341797,93.05000305175781,93.33000183105469,1716689
2023-09-19 14:30:00-04:00,92.86499786376953,93.08999633789062,92.8499984741211,93.08799743652344,4373805
2023-09-19 15:30:00-04:00,92.83000183105469,92.9000015258789,92.80000305175781,92.86000061035156,4646889
2023-09-20 09:30:00-04:00,93.34590148925781,93.43000030517578,93.24980163574219,93.29000091552734,3433663
2023-09-20 10:30:00-04:00,93.36930084228516,93.54000091552734,93.25,93.34400177001953,1864068
2023-09-20 11:30:00-04:00,93.37999725341797,93.37999725341797,93.20999908447266,93.36000061035156,2181056
2023-09-20 12:30:00-04:00,93.44000244140625,93.47579956054688,93.36000061035156,93.37960052490234,1869692
2023-09-20 13:30:00-04:00,93.4800033569336,93.51000213623047,93.04000091552734,93.44999694824219,3656846
2023-09-20 14:30:00-04:00,93.41000366210938,93.5999984741211,93.2300033569336,93.4800033569336,5894924
2023-09-20 15:30:00-04:00,93.08999633789062,93.44999694824219,93.04000091552734,93.4000015258789,4993539
2023-09-21 09:30:00-04:00,91.33999633789062,91.36499786376953,90.91000366210938,91.26010131835938,16524822
2023-09-21 10:30:00-04:00,90.71499633789062,91.34500122070312,90.70999908447266,91.33499908447266,6852739
2023-09-21 11:30:00-04:00,90.88500213623047,90.98999786376953,90.70999908447266,90.72000122070312,5849396
2023-09-21 12:30:00-04:00,91.08499908447266,91.08999633789062,90.87999725341797,90.88999938964844,3161783
2023-09-21 13:30:00-04:00,91.01499938964844,91.08000183105469,90.93499755859375,91.08000183105469,3835087
2023-09-21 14:30:00-04:00,90.86000061035156,91.05999755859375,90.86000061035156,91.01499938964844,4544419
2023-09-21 15:30:00-04:00,90.70010375976562,90.88990020751953,90.69000244140625,90.86000061035156,8015954
2023-09-22 09:30:00-04:00,91.1500015258789,91.19999694824219,90.66999816894531,90.80999755859375,6733219
2023-09-22 10:30:00-04:00,91.41799926757812,91.43499755859375,91.1500015258789,91.1500015258789,4609185
2023-09-22 11:30:00-04:00,91.33000183105469,91.54000091552734,91.2750015258789,91.41999816894531,2687833
2023-09-22 12:30:00-04:00,91.55999755859375,91.56999969482422,91.29499816894531,91.32499694824219,2731285
2023-09-22 13:30:00-04:00,91.55999755859375,91.6050033569336,91.5,91.55999755859375,2225037
2023-09-22 14:30:00-04:00,91.42500305175781,91.55999755859375,91.37999725341797,91.55500030517578,2928154
2023-09-22 15:30:00-04:00,91.43000030517578,91.4749984741211,91.4000015258789,91.43000030517578,3622634
2023-09-25 09:30:00-04:00,89.59500122070312,90.04000091552734,89.56500244140625,89.66000366210938,10140812
2023-09-25 10:30:00-04:00,89.66010284423828,89.87999725341797,89.5199966430664,89.59739685058594,5774948
2023-09-25 11:30:00-04:00,89.58999633789062,89.75,89.5199966430664,89.6698989868164,4524786
2023-09-25 12:30:00-04:00,89.63500213623047,89.63999938964844,89.51000213623047,89.58999633789062,2467539
2023-09-25 13:30:00-04:00,89.45999908447266,89.62999725341797,89.43000030517578,89.62999725341797,3281667
2023-09-25 14:30:00-04:00,89.29000091552734,89.5199966430664,89.2699966430664,89.46499633789062,4520478
2023-09-25 15:30:00-04:00,89.18000030517578,89.31999969482422,89.1500015258789,89.27999877929688,7357545
2023-09-26 09:30:00-04:00,89.38359832763672,89.62000274658203,89.30000305175781,89.43000030517578,9038680
2023-09-26 10:30:00-04:00,89.11000061035156,89.38600158691406,88.91999816894531,89.37999725341797,5927674
2023-09-26 11:30:00-04:00,89.04499816894531,89.25,89.02999877929688,89.11000061035156,2849092
2023-09-26 12:30:00-04:00,89.04000091552734,89.08999633789062,88.91999816894531,89.04000091552734,4505487
2023-09-26 13:30:00-04:00,88.8301010131836,89.12999725341797,88.80500030517578,89.04000091552734,3921795
2023-09-26 14:30:00-04:00,88.78500366210938,88.87000274658203,88.70999908447266,88.83000183105469,5573477
2023-09-26 15:30:00-04:00,88.87000274658203,88.87999725341797,88.77999877929688,88.78500366210938,4516696
2023-09-27 09:30:00-04:00,89.16089630126953,89.62000274658203,89.0199966430664,89.53500366210938,7475354
2023-09-27 10:30:00-04:00,88.8550033569336,89.16999816894531,88.7699966430664,89.16100311279297,4167451
2023-09-27 11:30:00-04:00,88.66000366210938,88.86000061035156,88.47000122070312,88.8550033569336,3921990
2023-09-27 12:30:00-04:00,88.16999816894531,88.69560241699219,88.09500122070312,88.65399932861328,5259712
2023-09-27 13:30:00-04:00,88.16000366210938,88.3499984741211,88.08999633789062,88.16000366210938,6337904
2023-09-27 14:30:00-04:00,88.2699966430664,88.37999725341797,88.12000274658203,88.16000366210938,7162357
2023-09-27 15:30:00-04:00,88.41000366210938,88.44999694824219,88.19999694824219,88.2750015258789,5096289
2023-09-28 09:30:00-04:00,87.51000213623047,87.80000305175781,87.0999984741211,87.62000274658203,19638423
2023-09-28 10:30:00-04:00,87.94000244140625,87.98999786376953,87.41000366210938,87.51000213623047,6883424
2023-09-28 11:30:00-04:00,88.25,88.51000213623047,87.91999816894531,87.93890380859375,9938534
2023-09-28 12:30:00-04:00,88.11000061035156,88.3499984741211,88.0199966430664,88.23999786376953,5103847
2023-09-28 13:30:00-04:00,88.29000091552734,88.33000183105469,87.95999908447266,88.11000061035156,4141549
2023-09-28 14:30:00-04:00,88.55000305175781,88.55999755859375,88.13999938964844,88.29499816894531,5060592
2023-09-28 15:30:00-04:00,88.66999816894531,88.7300033569336,88.41999816894531,88.55000305175781,5775136
2023-09-29 09:30:00-04:00,89.37000274658203,89.48999786376953,89.13999938964844,89.2699966430664,9499591
2023-09-29 10:30:00-04:00,88.90499877929688,89.43000030517578,88.88999938964844,89.37000274658203,4460840
2023-09-29 11:30:00-04:00,88.82499694824219,88.91999816894531,88.61000061035156,88.91000366210938,4478920
2023-09-29 12:30:00-04:00,88.87000274658203,88.94000244140625,88.63500213623047,88.82499694824219,3566106
2023-09-29 13:30:00-04:00,88.76000213623047,88.91999816894531,88.67500305175781,88.875,3581271
2023-09-29 14:30:00-04:00,88.30999755859375,88.77999877929688,88.12999725341797,88.76069641113281,7380460
2023-09-29 15:30:00-04:00,88.72000122070312,88.73999786376953,88.24500274658203,88.31500244140625,12113978
2023-10-02 09:30:00-04:00,87.46320343017578,87.93000030517578,87.27999877929688,87.81999969482422,9162358
2023-10-02 10:30:00-04:00,87.27999877929688,87.56999969482422,86.98500061035156,87.47000122070312,6771643
2023-10-02 11:30:00-04:00,86.9000015258789,87.27999877929688,86.70999908447266,87.27999877929688,7526656
2023-10-02 12:30:00-04:00,87.19499969482422,87.25,86.8949966430664,86.90499877929688,5481228
2023-10-02 13:30:00-04:00,87.13300323486328,87.33499908447266,87.08999633789062,87.19999694824219,4143151
2023-10-02 14:30:00-04:00,87.0,87.15499877929688,87.0,87.13500213623047,3582050
2023-10-02 15:30:00-04:00,86.97000122070312,87.05000305175781,86.94999694824219,87.00450134277344,4219834
2023-10-03 09:30:00-04:00,85.8499984741211,86.6500015258789,85.73999786376953,86.30999755859375,17430700
2023-10-03 10:30:00-04:00,85.4800033569336,86.11499786376953,85.47000122070312,85.8499984741211,10133164
2023-10-03 11:30:00-04:00,85.5718994140625,85.61499786376953,85.08999633789062,85.4800033569336,11249029
2023-10-03 12:30:00-04:00,85.36499786376953,85.62000274658203,85.28500366210938,85.58000183105469,4631968
2023-10-03 13:30:00-04:00,85.01190185546875,85.37000274658203,84.88500213623047,85.37000274658203,6448711
2023-10-03 14:30:00-04:00,84.9749984741211,85.25,84.96499633789062,85.01499938964844,7921950
2023-10-03 15:30:00-04:00,85.06999969482422,85.16999816894531,84.91000366210938,84.97000122070312,7567960
2023-10-04 09:30:00-04:00,85.4000015258789,86.12999725341797,85.37000274658203,85.7699966430664,16209117
2023-10-04 10:30:00-04:00,85.94999694824219,86.02999877929688,85.3949966430664,85.4000015258789,7099260
2023-10-04 11:30:00-04:00,86.08999633789062,86.1500015258789,85.83999633789062,85.94000244140625,6869236
2023-10-04 12:30:00-04:00,85.93000030517578,86.19999694824219,85.93000030517578,86.08999633789062,5512115
2023-10-04 13:30:00-04:00,85.93699645996094,85.98999786376953,85.80000305175781,85.94000244140625,3776315
2023-10-04 14:30:00-04:00,86.11000061035156,86.18000030517578,85.87000274658203,85.93000030517578,4014490
2023-10-04 15:30:00-04:00,86.26000213623047,86.30999755859375,86.11000061035156,86.11000061035156,6301402
2023-10-05 09:30:00-04:00,85.8499984741211,86.19000244140625,85.68499755859375,86.1050033569336,7071672
2023-10-05 10:30:00-04:00,85.75,85.90499877929688,85.63500213623047,85.86000061035156,3895037
2023-10-05 11:30:00-04:00,86.05999755859375,86.08999633789062,85.74099731445312,85.75,3751126
2023-10-05 12:30:00-04:00,86.0250015258789,86.08000183105469,85.8499984741211,86.06999969482422,2663174
2023-10-05 13:30:00-04:00,85.95999908447266,86.02999877929688,85.87999725341797,86.02999877929688,4749906
2023-10-05 14:30:00-04:00,85.88500213623047,86.01000213623047,85.83999633789062,85.95999908447266,4658663
2023-10-05 15:30:00-04:00,85.83000183105469,85.94000244140625,85.80000305175781,85.88500213623047,3433403
2023-10-06 09:30:00-04:00,84.48999786376953,84.56069946289062,84.05999755859375,84.19999694824219,21901341
2023-10-06 10:30:00-04:00,85.34500122070312,85.36000061035156,84.44000244140625,84.48999786376953,11023262
2023-10-06 11:30:00-04:00,85.21499633789062,85.68499755859375,85.08499908447266,85.33999633789062,8482341
2023-10-06 12:30:00-04:00,85.18499755859375,85.25499725341797,85.04000091552734,85.21499633789062,3185832
2023-10-06 13:30:00-04:00,85.2249984741211,85.41999816894531,85.16000366210938,85.18499755859375,3099544
2023-10-06 14:30:00-04:00,85.11000061035156,85.2699966430664,85.05000305175781,85.222900390625,4397163
2023-10-06 15:30:00-04:00,84.80000305175781,85.125,84.76000213623047,85.12000274658203,6472166
2023-10-09 09:30:00-04:00,85.61000061035156,85.7300033569336,84.94999694824219,85.5,3974507
2023-10-09 10:30:00-04:00,85.87999725341797,85.94999694824219,85.61000061035156,85.62000274658203,2833065
2023-10-09 11:30:00-04:00,85.8280029296875,85.98999786376953,85.80000305175781,85.87000274658203,2021233
2023-10-09 12:30:00-04:00,85.95999908447266,85.99539947509766,85.80000305175781,85.82499694824219,1433793
2023-10-09 13:30:00-04:00,86.40499877929688,86.43990325927734,85.93499755859375,85.95999908447266,3558561
2023-10-09 14:30:00-04:00,86.6050033569336,86.7300033569336,86.36000061035156,86.40010070800781,3159786
2023-10-09 15:30:00-04:00,86.79000091552734,86.80000305175781,86.5,86.61000061035156,6566549
2023-10-10 09:30:00-04:00,86.37999725341797,86.43000030517578,85.5199966430664,85.8499984741211,12232630
2023-10-10 10:30:00-04:00,86.61499786376953,86.75,86.16000366210938,86.38500213623047,11452237
2023-10-10 11:30:00-04:00,86.83000183105469,86.88999938964844,86.54000091552734,86.61000061035156,7024052
2023-10-10 12:30:00-04:00,86.7300033569336,87.16999816894531,86.69999694824219,86.83499908447266,6781709
2023-10-10 13:30:00-04:00,86.68000030517578,86.77999877929688,86.51000213623047,86.7300033569336,4584487
2023-10-10 14:30:00-04:00,86.56500244140625,86.86000061035156,86.45999908447266,86.69000244140625,4404071
2023-10-10 15:30:00-04:00,86.69000244140625,86.7249984741211,86.54000091552734,86.56500244140625,3767662
2023-10-11 09:30:00-04:00,87.8499984741211,88.05000305175781,87.61000061035156,87.8499984741211,15052061
2023-10-11 10:30:00-04:00,88.16000366210938,88.16999816894531,87.75150299072266,87.8499984741211,5897007
2023-10-11 11:30:00-04:00,88.11000061035156,88.41500091552734,88.08000183105469,88.1500015258789,6127618
2023-10-11 12:30:00-04:00,87.71499633789062,88.16999816894531,87.5999984741211,88.11000061035156,6042527
2023-10-11 13:30:00-04:00,87.9000015258789,88.04000091552734,87.6050033569336,87.70999908447266,5096837
2023-10-11 14:30:00-04:00,88.26000213623047,88.26000213623047,87.83000183105469,87.88999938964844,4976075
2023-10-11 15:30:00-04:00,88.47000122070312,88.47000122070312,88.22000122070312,88.25499725341797,5762542
2023-10-12 09:30:00-04:00,87.4800033569336,88.18939971923828,87.22000122070312,88.05000305175781,9782866
2023-10-12 10:30:00-04:00,87.16500091552734,87.59500122070312,87.16000366210938,87.48999786376953,6898957
2023-10-12 11:30:00-04:00,87.44989776611328,87.45999908447266,87.0199966430664,87.16000366210938,6872358
2023-10-12 12:30:00-04:00,86.2300033569336,87.47000122070312,86.1449966430664,87.44000244140625,9954578
2023-10-12 13:30:00-04:00,86.15989685058594,86.38999938964844,85.92500305175781,86.2300033569336,7802975
2023-10-12 14:30:00-04:00,86.29499816894531,86.38999938964844,86.0999984741211,86.15499877929688,4706781
2023-10-12 15:30:00-04:00,86.06999969482422,86.37000274658203,86.02999877929688,86.30000305175781,7501588
2023-10-13 09:30:00-04:00,87.41000366210938,87.83000183105469,87.19000244140625,87.5999984741211,11391658
2023-10-13 10:30:00-04:00,87.33619689941406,87.5199966430664,87.20500183105469,87.40499877929688,5873821
2023-10-13 11:30:00-04:00,87.55999755859375,87.58999633789062,87.2300033569336,87.33999633789062,4550678
2023-10-13 12:30:00-04:00,87.29499816894531,87.55999755859375,87.16999816894531,87.55000305175781,4012077
2023-10-13 13:30:00-04:00,87.54000091552734,87.55000305175781,87.25,87.29499816894531,2923626
2023-10-13 14:30:00-04:00,87.48999786376953,87.61499786376953,87.4000015258789,87.54000091552734,4413566
2023-10-13 15:30:00-04:00,87.62000274658203,87.66999816894531,87.45999908447266,87.49500274658203,4405116
2023-10-16 09:30:00-04:00,86.11000061035156,86.37000274658203,85.94999694824219,86.19000244140625,9229364
2023-10-16 10:30:00-04:00,86.18000030517578,86.37000274658203,86.0999984741211,86.1063003540039,6341575
2023-10-16 11:30:00-04:00,85.93499755859375,86.23999786376953,85.9000015258789,86.16999816894531,4266934
2023-10-16 12:30:00-04:00,86.18499755859375,86.19999694824219,85.91000366210938,85.93499755859375,3410348
2023-10-16 13:30:00-04:00,86.21499633789062,86.25499725341797,86.02999877929688,86.18499755859375,2548370
2023-10-16 14:30:00-04:00,86.13500213623047,86.2300033569336,86.08000183105469,86.21499633789062,3198310
2023-10-16 15:30:00-04:00,86.19999694824219,86.33000183105469,86.11499786376953,86.13729858398438,4997092
2023-10-17 09:30:00-04:00,84.81999969482422,85.0,84.50450134277344,84.88999938964844,11220268
2023-10-17 10:30:00-04:00,85.1449966430664,85.2699966430664,84.7699966430664,84.81999969482422,6062391
2023-10-17 11:30:00-04:00,85.58000183105469,85.62989807128906,85.12999725341797,85.13999938964844,6251329
2023-10-17 12:30:00-04:00,85.05500030517578,85.58000183105469,85.04499816894531,85.57499694824219,3416412
2023-10-17 13:30:00-04:00,84.90499877929688,85.13999938964844,84.88999938964844,85.05000305175781,4130155
2023-10-17 14:30:00-04:00,85.28500366210938,85.3550033569336,84.81500244140625,84.90499877929688,6202355
2023-10-17 15:30:00-04:00,85.25,85.33999633789062,85.19999694824219,85.29000091552734,5786799
2023-10-18 09:30:00-04:00,84.17500305175781,84.69999694824219,84.13999938964844,84.37999725341797,10184293
2023-10-18 10:30:00-04:00,84.06500244140625,84.26000213623047,83.88999938964844,84.16999816894531,10239558
2023-10-18 11:30:00-04:00,84.05000305175781,84.18000030517578,83.8499984741211,84.06999969482422,5728393
2023-10-18 12:30:00-04:00,84.49500274658203,84.62999725341797,83.90499877929688,84.05000305175781,12539341
2023-10-18 13:30:00-04:00,84.4800033569336,84.72000122070312,84.30500030517578,84.48999786376953,7344378
2023-10-18 14:30:00-04:00,84.3843002319336,84.58000183105469,84.19000244140625,84.4800033569336,4389071
2023-10-18 15:30:00-04:00,84.50900268554688,84.51000213623047,84.33000183105469,84.38500213623047,6952568
2023-10-19 09:30:00-04:00,83.7699966430664,84.20999908447266,83.69999694824219,83.87999725341797,10474392
2023-10-19 10:30:00-04:00,84.2300033569336,84.25,83.75,83.7699966430664,5568151
2023-10-19 11:30:00-04:00,83.63999938964844,84.56999969482422,83.55000305175781,84.23500061035156,12185507
2023-10-19 12:30:00-04:00,83.55280303955078,83.67500305175781,82.88999938964844,83.63999938964844,14632532
2023-10-19 13:30:00-04:00,83.02729797363281,83.66500091552734,82.97000122070312,83.63999938964844,13633576
2023-10-19 14:30:00-04:00,82.93000030517578,83.02890014648438,82.80449676513672,83.02890014648438,11818672
2023-10-19 15:30:00-04:00,82.7699966430664,82.9749984741211,82.73999786376953,82.93000030517578,9249918
2023-10-20 09:30:00-04:00,82.87000274658203,83.33999633789062,82.7699966430664,82.98999786376953,12078236
2023-10-20 10:30:00-04:00,83.47000122070312,83.54000091552734,82.8499984741211,82.87999725341797,9062770
2023-10-20 11:30:00-04:00,83.31500244140625,83.47000122070312,83.12999725341797,83.45999908447266,6313849
2023-10-20 12:30:00-04:00,83.25499725341797,83.4800033569336,83.125,83.31999969482422,6851586
2023-10-20 13:30:00-04:00,83.30500030517578,83.36000061035156,83.12999725341797,83.25990295410156,4336583
2023-10-20 14:30:00-04:00,83.17500305175781,83.30999755859375,83.05999755859375,83.30999755859375,4108863
2023-10-20 15:30:00-04:00,83.22480010986328,83.26000213623047,83.11000061035156,83.17500305175781,5239971
2023-10-23 09:30:00-04:00,83.9000015258789,84.06999969482422,82.41999816894531,82.86000061035156,23705872
2023-10-23 10:30:00-04:00,84.32499694824219,84.33999633789062,83.58100128173828,83.90499877929688,11468894
2023-10-23 11:30:00-04:00,84.33999633789062,84.41000366210938,84.05999755859375,84.31999969482422,6451307
2023-10-23 12:30:00-04:00,84.73500061035156,84.86000061035156,84.33999633789062,84.3499984741211,7461280
2023-10-23 13:30:00-04:00,84.6050033569336,84.76000213623047,84.41999816894531,84.73500061035156,5347688
2023-10-23 14:30:00-04:00,84.33000183105469,84.62999725341797,84.30999755859375,84.6050033569336,4769781
2023-10-23 15:30:00-04:00,84.25,84.3499984741211,84.18000030517578,84.32499694824219,4966839
2023-10-24 09:30:00-04:00,84.5999984741211,84.69000244140625,84.08999633789062,84.44000244140625,9169609
2023-10-24 10:30:00-04:00,84.36000061035156,84.61000061035156,84.23500061035156,84.59500122070312,4055765
2023-10-24 11:30:00-04:00,84.8499984741211,84.87000274658203,84.28500366210938,84.36000061035156,5075926
2023-10-24 12:30:00-04:00,84.7750015258789,84.88999938964844,84.62349700927734,84.8499984741211,3613512
2023-10-24 13:30:00-04:00,84.76499938964844,84.9000015258789,84.66000366210938,84.7699966430664,2906462
2023-10-24 14:30:00-04:00,85.0999984741211,85.12000274658203,84.69000244140625,84.76000213623047,4778350
2023-10-24 15:30:00-04:00,85.33999633789062,85.33999633789062,85.08999633789062,85.0999984741211,6776780
2023-10-25 09:30:00-04:00,83.70500183105469,84.12999725341797,83.58999633789062,84.0199966430664,12841582
2023-10-25 10:30:00-04:00,83.75,84.08999633789062,83.63999938964844,83.70500183105469,11680838
2023-10-25 11:30:00-04:00,83.69000244140625,83.83499908447266,83.63999938964844,83.73999786376953,4459438
2023-10-25 12:30:00-04:00,83.14859771728516,83.70999908447266,83.12999725341797,83.69629669189453,7525550
2023-10-25 13:30:00-04:00,83.27010345458984,83.37000274658203,83.13500213623047,83.1449966430664,5378517
2023-10-25 14:30:00-04:00,83.32499694824219,83.34590148925781,83.1500015258789,83.2699966430664,4863266
2023-10-25 15:30:00-04:00,83.44999694824219,83.4800033569336,83.29000091552734,83.31999969482422,6476821
2023-10-26 09:30:00-04:00,83.6449966430664,83.80999755859375,83.4000015258789,83.4800033569336,10503514
2023-10-26 10:30:00-04:00,83.78500366210938,83.92500305175781,83.52999877929688,83.63999938964844,6194881
2023-10-26 11:30:00-04:00,83.92919921875,84.13999938964844,83.77999877929688,83.79000091552734,4525746
2023-10-26 12:30:00-04:00,84.5199966430664,84.56999969482422,83.86000061035156,83.92900085449219,6271307
2023-10-26 13:30:00-04:00,84.55000305175781,84.69969940185547,84.43000030517578,84.5199966430664,6563692
2023-10-26 14:30:00-04:00,84.48500061035156,84.7699966430664,84.44999694824219,84.54000091552734,5887761
2023-10-26 15:30:00-04:00,84.72000122070312,84.81500244140625,84.4800033569336,84.4800033569336,4926003
2023-10-27 09:30:00-04:00,84.25,85.19999694824219,84.1500015258789,84.19000244140625,7088843
2023-10-27 10:30:00-04:00,84.12000274658203,84.3550033569336,84.05000305175781,84.25,4267148
2023-10-27 11:30:00-04:00,83.9749984741211,84.97000122070312,83.94999694824219,84.12000274658203,3497954
2023-10-27 12:30:00-04:00,84.07499694824219,84.08999633789062,83.73999786376953,83.9749984741211,4410989
2023-10-27 13:30:00-04:00,84.12000274658203,84.26000213623047,84.05999755859375,84.06999969482422,3376148
2023-10-27 14:30:00-04:00,84.23999786376953,84.27999877929688,84.08999633789062,84.12999725341797,3041035
2023-10-27 15:30:00-04:00,84.37000274658203,84.44999694824219,84.20999908447266,84.23999786376953,4169139
2023-10-30 09:30:00-04:00,83.5,84.5,83.4800033569336,83.80999755859375,10283918
2023-10-30 10:30:00-04:00,83.83000183105469,84.01000213623047,83.23999786376953,83.50499725341797,8211490
2023-10-30 11:30:00-04:00,83.66999816894531,83.91000366210938,83.5999984741211,83.83999633789062,3970110
2023-10-30 12:30:00-04:00,83.79000091552734,83.79000091552734,83.56999969482422,83.66000366210938,2787229
2023-10-30 13:30:00-04:00,83.97750091552734,84.0,83.68499755859375,83.77999877929688,3088903
2023-10-30 14:30:00-04:00,84.08499908447266,84.43620300292969,83.94999694824219,83.9749984741211,9416757
2023-10-30 15:30:00-04:00,84.0,84.11000061035156,83.83999633789062,84.081298828125,4965709
2023-10-31 09:30:00-04:00,84.52999877929688,84.66000366210938,84.16999816894531,84.36499786376953,7534009
2023-10-31 10:30:00-04:00,84.70500183105469,84.7699966430664,84.39099884033203,84.54000091552734,3981749
2023-10-31 11:30:00-04:00,84.35099792480469,84.70999908447266,84.32499694824219,84.70999908447266,4719091
2023-10-31 12:30:00-04:00,84.47000122070312,84.59500122070312,84.30999755859375,84.3499984741211,2678801
2023-10-31 13:30:00-04:00,84.27999877929688,84.58999633789062,84.2300033569336,84.4800033569336,2421350
2023-10-31 14:30:00-04:00,84.18499755859375,84.41000366210938,84.04499816894531,84.27999877929688,4065090
2023-10-31 15:30:00-04:00,83.58000183105469,84.29000091552734,83.56999969482422,84.18499755859375,9107566
2023-11-01 09:30:00-04:00,85.01000213623047,85.12000274658203,84.0199966430664,84.04000091552734,15941156
2023-11-01 10:30:00-04:00,84.86000061035156,85.08000183105469,84.79000091552734,85.00990295410156,6989203
2023-11-01 11:30:00-04:00,84.6134033203125,85.01000213623047,84.56999969482422,84.87000274658203,5025164
2023-11-01 12:30:00-04:00,84.65499877929688,84.68000030517578,84.47000122070312,84.61900329589844,4734516
2023-11-01 13:30:00-04:00,84.62999725341797,85.01000213623047,84.52999877929688,84.65499877929688,6263518
2023-11-01 14:30:00-04:00,84.91500091552734,84.94000244140625,84.27999877929688,84.63999938964844,14531346
2023-11-01 15:30:00-04:00,85.0999984741211,85.12000274658203,84.875,84.91999816894531,9051762
2023-11-02 09:30:00-04:00,86.76499938964844,86.93000030517578,86.41999816894531,86.67500305175781,19512969
2023-11-02 10:30:00-04:00,86.81999969482422,87.30999755859375,86.7300033569336,86.76010131835938,12564806
2023-11-02 11:30:00-04:00,86.36000061035156,87.0,86.25499725341797,86.82009887695312,7727637
2023-11-02 12:30:00-04:00,86.55750274658203,86.66999816894531,86.22000122070312,86.37000274658203,6242576
2023-11-02 13:30:00-04:00,86.7300033569336,86.83999633789062,86.55590057373047,86.55590057373047,4801133
2023-11-02 14:30:00-04:00,86.91999816894531,86.94000244140625,86.69000244140625,86.7300033569336,4962833
2023-11-02 15:30:00-04:00,87.0,87.2261962890625,86.8499984741211,86.91500091552734,7396863
2023-11-03 09:30:00-04:00,88.31999969482422,89.05000305175781,88.16000366210938,88.80999755859375,27919201
2023-11-03 10:30:00-04:00,88.4800033569336,88.7699966430664,88.16999816894531,88.31230163574219,11709534
2023-11-03 11:30:00-04:00,88.17500305175781,88.625,88.04000091552734,88.48999786376953,8585306
2023-11-03 12:30:00-04:00,88.04499816894531,88.36499786376953,88.01499938964844,88.18000030517578,5647863
2023-11-03 13:30:00-04:00,88.11000061035156,88.19999694824219,87.875,88.05000305175781,5423959
2023-11-03 14:30:00-04:00,87.71499633789062,88.125,87.70010375976562,88.11689758300781,5722965
2023-11-03 15:30:00-04:00,87.63999938964844,87.75,87.57499694824219,87.72000122070312,5937684
2023-11-06 09:30:00-05:00,86.8499984741211,87.19999694824219,86.79000091552734,87.06999969482422,9025140
2023-11-06 10:30:00-05:00,86.75,87.0999984741211,86.74500274658203,86.84500122070312,5436796
2023-11-06 11:30:00-05:00,86.83499908447266,86.97989654541016,86.72000122070312,86.75,3950944
2023-11-06 12:30:00-05:00,86.80000305175781,87.01499938964844,86.76000213623047,86.83499908447266,4585849
2023-11-06 13:30:00-05:00,86.79499816894531,86.87000274658203,86.7300033569336,86.80000305175781,3960350
2023-11-06 14:30:00-05:00,86.67500305175781,86.86969757080078,86.5999984741211,86.79979705810547,5331652
2023-11-06 15:30:00-05:00,86.80000305175781,86.96499633789062,86.66000366210938,86.66999816894531,5514978
2023-11-07 09:30:00-05:00,87.79000091552734,87.94499969482422,87.58999633789062,87.61000061035156,8946958
2023-11-07 10:30:00-05:00,87.88999938964844,88.13500213623047,87.7699966430664,87.79000091552734,5317476
2023-11-07 11:30:00-05:00,87.92500305175781,88.05999755859375,87.84500122070312,87.8998031616211,3968078
2023-11-07 12:30:00-05:00,88.1500015258789,88.30999755859375,87.82009887695312,87.92990112304688,3622105
2023-11-07 13:30:00-05:00,88.44000244140625,88.5,88.12000274658203,88.1500015258789,3719720
2023-11-07 14:30:00-05:00,88.01499938964844,88.46790313720703,87.94999694824219,88.44000244140625,4038665
2023-11-07 15:30:00-05:00,88.05999755859375,88.12999725341797,87.96499633789062,88.01499938964844,3066274
2023-11-08 09:30:00-05:00,88.61499786376953,88.81999969482422,88.44999694824219,88.62999725341797,7422355
2023-11-08 10:30:00-05:00,89.04499816894531,89.22000122070312,88.61499786376953,88.61499786376953,7423814
2023-11-08 11:30:00-05:00,89.0999984741211,89.19000244140625,88.92009735107422,89.04499816894531,5771191
2023-11-08 12:30:00-05:00,89.56500244140625,89.58999633789062,88.97000122070312,89.11000061035156,6959314
2023-11-08 13:30:00-05:00,89.37000274658203,89.62000274658203,89.33000183105469,89.55999755859375,6171707
2023-11-08 14:30:00-05:00,89.50140380859375,89.51000213623047,89.16000366210938,89.37000274658203,5321434
2023-11-08 15:30:00-05:00,89.56999969482422,89.5999984741211,89.44000244140625,89.51000213623047,6812041
2023-11-09 09:30:00-05:00,88.48999786376953,89.02999877929688,88.38999938964844,88.94000244140625,10002319
2023-11-09 10:30:00-05:00,88.41500091552734,88.69000244140625,88.37999725341797,88.4906005859375,6326674
2023-11-09 11:30:00-05:00,88.36000061035156,88.64099884033203,88.33000183105469,88.41000366210938,3965092
2023-11-09 12:30:00-05:00,87.44999694824219,88.4000015258789,86.73999786376953,88.36000061035156,18385123
2023-11-09 13:30:00-05:00,87.52989959716797,87.7300033569336,87.25,87.44000244140625,13628664
2023-11-09 14:30:00-05:00,87.51000213623047,87.69499969482422,87.24359893798828,87.52999877929688,7885826
2023-11-09 15:30:00-05:00,87.47000122070312,87.63999938964844,87.38500213623047,87.51499938964844,9794310
2023-11-10 09:30:00-05:00,88.16999816894531,88.33000183105469,87.98999786376953,88.2249984741211,6722743
2023-11-10 10:30:00-05:00,88.18000030517578,88.42500305175781,88.11499786376953,88.18000030517578,3523303
2023-11-10 11:30:00-05:00,88.2300033569336,88.2699966430664,87.94999694824219,88.16999816894531,4758581
2023-11-10 12:30:00-05:00,87.83999633789062,88.31999969482422,87.77490234375,88.2300033569336,4622852
2023-11-10 13:30:00-05:00,88.05010223388672,88.08999633789062,87.78500366210938,87.8447036743164,2926436
2023-11-10 14:30:00-05:00,88.01000213623047,88.08000183105469,87.8499984741211,88.04900360107422,3565239
2023-11-10 15:30:00-05:00,88.0199966430664,88.08000183105469,87.94999694824219,88.0,3573503
2023-11-13 09:30:00-05:00,87.37999725341797,87.41100311279297,86.9000015258789,87.22000122070312,7357947
2023-11-13 10:30:00-05:00,87.5999984741211,87.66999816894531,87.19999694824219,87.37999725341797,4197599
2023-11-13 11:30:00-05:00,87.62000274658203,87.77999877929688,87.55000305175781,87.5999984741211,3692562
2023-11-13 12:30:00-05:00,87.66000366210938,87.70999908447266,87.5,87.61499786376953,2083934
2023-11-13 13:30:00-05:00,87.86499786376953,87.94000244140625,87.63500213623047,87.65499877929688,2398043
2023-11-13 14:30:00-05:00,87.71499633789062,87.88999938964844,87.66999816894531,87.86499786376953,2026782
2023-11-13 15:30:00-05:00,87.79000091552734,87.86499786376953,87.69999694824219,87.71499633789062,2686000
2023-11-14 09:30:00-05:00,89.83000183105469,90.1500015258789,89.66999816894531,90.0,21671965
2023-11-14 10:30:00-05:00,89.80000305175781,89.90630340576172,89.5999984741211,89.83000183105469,8767540
2023-11-14 11:30:00-05:00,89.42990112304688,89.87999725341797,89.41000366210938,89.80000305175781,5629848
2023-11-14 12:30:00-05:00,89.43000030517578,89.54499816894531,89.29000091552734,89.41999816894531,6045203
2023-11-14 13:30:00-05:00,89.41999816894531,89.58660125732422,89.3499984741211,89.44000244140625,5207417
2023-11-14 14:30:00-05:00,89.77999877929688,89.83550262451172,89.41999816894531,89.41999816894531,5351915
2023-11-14 15:30:00-05:00,89.80000305175781,89.8499984741211,89.69999694824219,89.78500366210938,6501236
2023-11-15 09:30:00-05:00,88.68000030517578,89.13999938964844,88.46939849853516,89.01000213623047,9840840
2023-11-15 10:30:00-05:00,88.7300033569336,88.875,88.5,88.68000030517578,6202777
2023-11-15 11:30:00-05:00,88.52999877929688,88.75,88.31999969482422,88.7300033569336,6155312
2023-11-15 12:30:00-05:00,88.45500183105469,88.62999725341797,88.41000366210938,88.52999877929688,3716536
2023-11-15 13:30:00-05:00,88.49500274658203,88.51499938964844,88.30999755859375,88.44999694824219,3498927
2023-11-15 14:30:00-05:00,88.81999969482422,88.83999633789062,88.5,88.5,5638221
2023-11-15 15:30:00-05:00,88.55000305175781,88.8499984741211,88.4749984741211,88.82460021972656,7796732
2023-11-16 09:30:00-05:00,89.93000030517578,89.95999908447266,89.29000091552734,89.30000305175781,9061056
2023-11-16 10:30:00-05:00,89.41000366210938,89.95999908447266,89.3550033569336,89.93000030517578,6801131
2023-11-16 11:30:00-05:00,89.70010375976562,89.71990203857422,89.25,89.40499877929688,5988094
2023-11-16 12:30:00-05:00,89.80000305175781,89.93000030517578,89.66999816894531,89.70999908447266,4457642
2023-11-16 13:30:00-05:00,89.69000244140625,89.83499908447266,89.6449966430664,89.80500030517578,4788138
2023-11-16 14:30:00-05:00,89.55500030517578,89.7750015258789,89.55000305175781,89.68669891357422,4628344
2023-11-16 15:30:00-05:00,89.62000274658203,89.66000366210938,89.5,89.55500030517578,5619655
2023-11-17 09:30:00-05:00,89.76000213623047,90.26000213623047,89.6449966430664,90.16000366210938,8796597
2023-11-17 10:30:00-05:00,89.83000183105469,89.91000366210938,89.6500015258789,89.75589752197266,5208621
2023-11-17 11:30:00-05:00,90.02999877929688,90.22000122070312,89.63580322265625,89.83999633789062,6577055
2023-11-17 12:30:00-05:00,90.38999938964844,90.42500305175781,90.01000213623047,90.02010345458984,4727802
2023-11-17 13:30:00-05:00,90.20999908447266,90.41999816894531,90.13999938964844,90.38999938964844,3848603
2023-11-17 14:30:00-05:00,90.06500244140625,90.22000122070312,89.98999786376953,90.20999908447266,5026451
2023-11-17 15:30:00-05:00,90.05999755859375,90.08000183105469,89.93000030517578,90.06500244140625,4910917
2023-11-20 09:30:00-05:00,89.81999969482422,89.98560333251953,89.61000061035156,89.62000274658203,6744121
2023-11-20 10:30:00-05:00,89.77999877929688,89.92500305175781,89.7300033569336,89.83000183105469,3627120
2023-11-20 11:30:00-05:00,90.01499938964844,90.11499786376953,89.73999786376953,89.79000091552734,3013868
2023-11-20 12:30:00-05:00,90.55000305175781,90.62999725341797,89.86000061035156,90.01499938964844,6942680
2023-11-20 13:30:00-05:00,90.47899627685547,90.58999633789062,90.34500122070312,90.55000305175781,4399896
2023-11-20 14:30:00-05:00,90.48999786376953,90.55999755859375,90.36000061035156,90.47550201416016,4047807
2023-11-20 15:30:00-05:00,90.58000183105469,90.65499877929688,90.44999694824219,90.48500061035156,5436016
2023-11-21 09:30:00-05:00,90.78520202636719,90.80000305175781,90.4000015258789,90.5,5676500
2023-11-21 10:30:00-05:00,90.55500030517578,90.78679656982422,90.37999725341797,90.78500366210938,4248612
2023-11-21 11:30:00-05:00,90.41000366210938,90.68000030517578,90.25,90.55999755859375,3545750
2023-11-21 12:30:00-05:00,89.94999694824219,90.47000122070312,89.91999816894531,90.41000366210938,2961235
2023-11-21 13:30:00-05:00,90.16999816894531,90.19999694824219,89.88500213623047,89.94999694824219,3534706
2023-11-21 14:30:00-05:00,90.4269027709961,90.52639770507812,90.125,90.16999816894531,2976224
2023-11-21 15:30:00-05:00,90.55000305175781,90.55999755859375,90.37999725341797,90.42500305175781,3193533
2023-11-22 09:30:00-05:00,90.68499755859375,91.31999969482422,90.5999984741211,91.12000274658203,10472454
2023-11-22 10:30:00-05:00,90.63050079345703,90.7300033569336,90.37999725341797,90.69000244140625,5415554
2023-11-22 11:30:00-05:00,90.7509994506836,90.84500122070312,90.62000274658203,90.63999938964844,2659178
2023-11-22 12:30:00-05:00,90.78500366210938,90.80000305175781,90.5199966430664,90.75,1823736
2023-11-22 13:30:00-05:00,90.82499694824219,90.83499908447266,90.65969848632812,90.77999877929688,1712457
2023-11-22 14:30:00-05:00,90.81500244140625,90.86499786376953,90.74500274658203,90.82559967041016,2468689
2023-11-22 15:30:00-05:00,90.87000274658203,90.88999938964844,90.80000305175781,90.8102035522461,2256472
2023-11-24 09:30:00-05:00,89.9645004272461,90.26000213623047,89.91999816894531,90.0999984741211,6492605
2023-11-24 10:30:00-05:00,89.94000244140625,90.04000091552734,89.87000274658203,89.96499633789062,3516850
2023-11-24 11:30:00-05:00,89.86499786376953,89.9800033569336,89.86000061035156,89.94000244140625,2694590
2023-11-27 09:30:00-05:00,90.63999938964844,90.68000030517578,90.20500183105469,90.30000305175781,5908994
2023-11-27 10:30:00-05:00,90.48999786376953,90.72000122070312,90.44000244140625,90.63999938964844,4457783
2023-11-27 11:30:00-05:00,90.55999755859375,90.61000061035156,90.38999938964844,90.48500061035156,3314907
2023-11-27 12:30:00-05:00,90.87999725341797,91.0199966430664,90.52999877929688,90.56169891357422,3872692
2023-11-27 13:30:00-05:00,91.05999755859375,91.06500244140625,90.81999969482422,90.87000274658203,2961200
2023-11-27 14:30:00-05:00,91.15499877929688,91.19999694824219,91.04000091552734,91.05999755859375,4576991
2023-11-27 15:30:00-05:00,91.2699966430664,91.30999755859375,91.12000274658203,91.15499877929688,4599734
2023-11-28 09:30:00-05:00,91.08999633789062,91.18000030517578,90.78500366210938,90.91000366210938,7073273
2023-11-28 10:30:00-05:00,91.2822036743164,91.34519958496094,91.0199966430664,91.08999633789062,6161041
2023-11-28 11:30:00-05:00,91.5,91.52999877929688,91.27999877929688,91.27999877929688,3335217
2023-11-28 12:30:00-05:00,91.1500015258789,91.50499725341797,90.81999969482422,91.50499725341797,5653035
2023-11-28 13:30:00-05:00,91.25499725341797,91.2699966430664,91.02999877929688,91.1500015258789,4041281
2023-11-28 14:30:00-05:00,91.30500030517578,91.3499984741211,91.16999816894531,91.25499725341797,5194508
2023-11-28 15:30:00-05:00,91.48999786376953,91.51499938964844,91.29000091552734,91.30500030517578,6065849
2023-11-29 09:30:00-05:00,92.11000061035156,92.55999755859375,92.05999755859375,92.11000061035156,15822015
2023-11-29 10:30:00-05:00,92.16500091552734,92.34500122070312,91.9749984741211,92.11000061035156,6836404
2023-11-29 11:30:00-05:00,92.0999984741211,92.22000122070312,91.7750015258789,92.16500091552734,6010197
2023-11-29 12:30:00-05:00,92.34500122070312,92.45500183105469,92.05000305175781,92.11000061035156,4170005
2023-11-29 13:30:00-05:00,92.47000122070312,92.69499969482422,92.31500244140625,92.33999633789062,6057158
2023-11-29 14:30:00-05:00,92.62999725341797,92.63999938964844,92.27999877929688,92.4749984741211,4813732
2023-11-29 15:30:00-05:00,92.63999938964844,92.68000030517578,92.54000091552734,92.62999725341797,8411991
2023-11-30 09:30:00-05:00,91.93499755859375,92.05000305175781,91.52999877929688,91.97000122070312,9573561
2023-11-30 10:30:00-05:00,91.94000244140625,92.16000366210938,91.83499908447266,91.94000244140625,6946477
2023-11-30 11:30:00-05:00,91.86000061035156,91.98999786376953,91.80500030517578,91.94000244140625,3975855
2023-11-30 12:30:00-05:00,91.7300033569336,91.94550323486328,91.69000244140625,91.87000274658203,4984734
2023-11-30 13:30:00-05:00,91.56500244140625,91.7699966430664,91.5250015258789,91.7300033569336,5760713
2023-11-30 14:30:00-05:00,91.18000030517578,91.63999938964844,91.16999816894531,91.56590270996094,7561569
2023-11-30 15:30:00-05:00,91.58499908447266,91.66000366210938,91.15499877929688,91.17500305175781,11075399
2023-12-01 09:30:00-05:00,91.80999755859375,91.94999694824219,91.13159942626953,91.30999755859375,8811353
2023-12-01 10:30:00-05:00,92.19000244140625,92.2699966430664,91.48989868164062,91.80999755859375,9443281
2023-12-01 11:30:00-05:00,92.25499725341797,92.56990051269531,92.12999725341797,92.19999694824219,7390485
2023-12-01 12:30:00-05:00,92.91999816894531,92.92500305175781,92.23999786376953,92.25499725341797,6197110
2023-12-01 13:30:00-05:00,92.89769744873047,93.05989837646484,92.79000091552734,92.91999816894531,6046167
2023-12-01 14:30:00-05:00,92.91500091552734,92.95999908447266,92.5999984741211,92.8949966430664,5195564
2023-12-01 15:30:00-05:00,92.94000244140625,93.02999877929688,92.7699966430664,92.91999816894531,8406128
2023-12-04 09:30:00-05:00,92.5199966430664,92.83000183105469,92.38999938964844,92.43000030517578,5977330
2023-12-04 10:30:00-05:00,92.2300033569336,92.52999877929688,92.1500015258789,92.51499938964844,5075203
2023-12-04 11:30:00-05:00,92.20500183105469,92.36499786376953,92.13999938964844,92.23500061035156,3438698
2023-12-04 12:30:00-05:00,92.19989776611328,92.33000183105469,92.08999633789062,92.20999908447266,3150498
2023-12-04 13:30:00-05:00,92.31999969482422,92.33999633789062,92.18000030517578,92.19999694824219,2771881
2023-12-04 14:30:00-05:00,92.51000213623047,92.56999969482422,92.25150299072266,92.32569885253906,4307098
2023-12-04 15:30:00-05:00,92.61499786376953,92.66999816894531,92.51000213623047,92.51000213623047,4569384
2023-12-05 09:30:00-05:00,94.1426010131836,94.30999755859375,93.56500244140625,93.62999725341797,17398268
2023-12-05 10:30:00-05:00,94.48999786376953,94.55000305175781,93.8949966430664,94.1449966430664,8609144
2023-12-05 11:30:00-05:00,94.42500305175781,94.5199966430664,94.2249984741211,94.48999786376953,6345338
2023-12-05 12:30:00-05:00,94.30000305175781,94.43000030517578,94.1449966430664,94.42500305175781,4857745
2023-12-05 13:30:00-05:00,94.38999938964844,94.45999908447266,94.16999816894531,94.29499816894531,5924880
2023-12-05 14:30:00-05:00,94.48500061035156,94.62000274658203,94.36000061035156,94.38999938964844,9781504
2023-12-05 15:30:00-05:00,94.58999633789062,94.5999984741211,94.41999816894531,94.48999786376953,12271803
2023-12-06 09:30:00-05:00,95.47489929199219,95.48770141601562,94.87000274658203,95.08000183105469,11814554
2023-12-06 10:30:00-05:00,95.45999908447266,95.82499694824219,95.41999816894531,95.4800033569336,9689756
2023-12-06 11:30:00-05:00,95.95999908447266,96.04499816894531,95.44999694824219,95.46499633789062,8114557
2023-12-06 12:30:00-05:00,95.8949966430664,96.05000305175781,95.83100128173828,95.96620178222656,6168396
2023-12-06 13:30:00-05:00,95.87000274658203,96.01000213623047,95.80999755859375,95.8949966430664,4384917
2023-12-06 14:30:00-05:00,95.83000183105469,95.956298828125,95.66999816894531,95.87010192871094,4512296
2023-12-06 15:30:00-05:00,95.87999725341797,95.88999938964844,95.68000030517578,95.83499908447266,6176147
2023-12-07 09:30:00-05:00,95.22000122070312,95.4800033569336,95.05999755859375,95.18000030517578,8329340
2023-12-07 10:30:00-05:00,95.58000183105469,95.61000061035156,95.11000061035156,95.20999908447266,4912532
2023-12-07 11:30:00-05:00,95.66000366210938,95.80989837646484,95.5625991821289,95.5802993774414,3817864
2023-12-07 12:30:00-05:00,95.86499786376953,96.08000183105469,95.66000366210938,95.66500091552734,4123305
2023-12-07 13:30:00-05:00,95.7699966430664,95.93499755859375,95.75,95.86499786376953,3130944
2023-12-07 14:30:00-05:00,95.51000213623047,95.82499694824219,95.47000122070312,95.7699966430664,4544020
2023-12-07 15:30:00-05:00,95.30999755859375,95.56500244140625,95.29000091552734,95.51000213623047,8246261
2023-12-08 09:30:00-05:00,94.4844970703125,94.71499633789062,94.31009674072266,94.41999816894531,11047445
2023-12-08 10:30:00-05:00,94.05999755859375,94.50499725341797,94.05000305175781,94.4800033569336,7723978
2023-12-08 11:30:00-05:00,94.19000244140625,94.20999908447266,93.91000366210938,94.06999969482422,4697570
2023-12-08 12:30:00-05:00,94.3550033569336,94.48999786376953,94.1500015258789,94.19000244140625,3811653
2023-12-08 13:30:00-05:00,94.44499969482422,94.45999908447266,94.26000213623047,94.3550033569336,2311562
2023-12-08 14:30:00-05:00,94.47019958496094,94.51000213623047,94.25,94.44499969482422,3523589
2023-12-08 15:30:00-05:00,94.52999877929688,94.55000305175781,94.44999694824219,94.4749984741211,5738284
2023-12-11 09:30:00-05:00,93.81500244140625,94.08999633789062,93.80000305175781,94.01000213623047,6480224
2023-12-11 10:30:00-05:00,94.06999969482422,94.18000030517578,93.7699966430664,93.810302734375,3438540
2023-12-11 11:30:00-05:00,93.7699966430664,94.08000183105469,93.7249984741211,94.06999969482422,4603405
2023-12-11 12:30:00-05:00,93.94999694824219,93.9800033569336,93.52999877929688,93.77999877929688,4897849
2023-12-11 13:30:00-05:00,94.44000244140625,94.44000244140625,93.93499755859375,93.94999694824219,4398652
2023-12-11 14:30:00-05:00,94.24500274658203,94.44000244140625,94.12000274658203,94.43800354003906,4438945
2023-12-11 15:30:00-05:00,94.33000183105469,94.36000061035156,94.13999938964844,94.25,3784874
2023-12-12 09:30:00-05:00,94.26100158691406,94.31849670410156,93.9800033569336,94.1500015258789,5655637
2023-12-12 10:30:00-05:00,94.35430145263672,94.49500274658203,94.20999908447266,94.26529693603516,3097640
2023-12-12 11:30:00-05:00,94.12000274658203,94.48999786376953,94.06340026855469,94.36000061035156,4481105
2023-12-12 12:30:00-05:00,94.37000274658203,94.62999725341797,93.90039825439453,94.12000274658203,5377293
2023-12-12 13:30:00-05:00,94.62000274658203,94.69499969482422,94.3550033569336,94.37100219726562,5136023
2023-12-12 14:30:00-05:00,94.66470336914062,94.69999694824219,94.56999969482422,94.61000061035156,3432270
2023-12-12 15:30:00-05:00,94.58000183105469,94.69000244140625,94.58000183105469,94.66999816894531,4374891
2023-12-13 09:30:00-05:00,95.06500244140625,95.30000305175781,95.0199966430664,95.16999816894531,5987552
2023-12-13 10:30:00-05:00,95.36499786376953,95.4000015258789,95.04000091552734,95.05999755859375,4306296
2023-12-13 11:30:00-05:00,95.43000030517578,95.4749984741211,95.26129913330078,95.36499786376953,3096091
2023-12-13 12:30:00-05:00,95.19999694824219,95.44999694824219,95.19000244140625,95.43080139160156,3153944
2023-12-13 13:30:00-05:00,96.19969940185547,96.23999786376953,95.12000274658203,95.19999694824219,11869713
2023-12-13 14:30:00-05:00,96.47000122070312,96.9800033569336,96.09500122070312,96.19000244140625,15660653
2023-12-13 15:30:00-05:00,96.84500122070312,96.87999725341797,96.41000366210938,96.4800033569336,12164954
2023-12-14 09:30:00-05:00,97.91500091552734,97.98999786376953,97.41999816894531,97.70899963378906,17842314
2023-12-14 10:30:00-05:00,98.41000366210938,98.5,97.74009704589844,97.91999816894531,11459567
2023-12-14 11:30:00-05:00,98.81999969482422,98.94999694824219,98.38500213623047,98.40699768066406,11758053
2023-12-14 12:30:00-05:00,98.31999969482422,98.84850311279297,98.15499877929688,98.81999969482422,7586473
2023-12-14 13:30:00-05:00,98.27999877929688,98.36000061035156,98.12000274658203,98.31500244140625,4603160
2023-12-14 14:30:00-05:00,98.71499633789062,98.73999786376953,98.25499725341797,98.27729797363281,8478222
2023-12-14 15:30:00-05:00,98.95999908447266,99.03500366210938,98.69000244140625,98.70999908447266,11070820
2023-12-15 09:30:00-05:00,99.19999694824219,99.3499984741211,98.58000183105469,98.69000244140625,10872558
2023-12-15 10:30:00-05:00,99.05999755859375,99.2750015258789,98.76000213623047,99.19999694824219,15282627
2023-12-15 11:30:00-05:00,99.05989837646484,99.19000244140625,98.86000061035156,99.06990051269531,4569734
2023-12-15 12:30:00-05:00,98.7300033569336,99.08999633789062,98.69000244140625,99.05000305175781,3018964
2023-12-15 13:30:00-05:00,98.87229919433594,99.01000213623047,98.7300033569336,98.73989868164062,3066073
2023-12-15 14:30:00-05:00,99.23999786376953,99.29000091552734,98.83000183105469,98.87999725341797,4442985
2023-12-15 15:30:00-05:00,99.1500015258789,99.3499984741211,99.12000274658203,99.23999786376953,8452084
2023-12-18 09:30:00-05:00,98.12999725341797,98.5,98.0250015258789,98.5,9413026
2023-12-18 10:30:00-05:00,98.33899688720703,98.44979858398438,98.04000091552734,98.12999725341797,5043773
2023-12-18 11:30:00-05:00,98.29499816894531,98.41000366210938,98.19999694824219,98.33989715576172,2692381
2023-12-18 12:30:00-05:00,98.15750122070312,98.37000274658203,98.12999725341797,98.29499816894531,3116455
2023-12-18 13:30:00-05:00,98.22989654541016,98.33999633789062,98.14099884033203,98.16999816894531,2526352
2023-12-18 14:30:00-05:00,98.44309997558594,98.45999908447266,98.19999694824219,98.2300033569336,2812186
2023-12-18 15:30:00-05:00,98.37000274658203,98.45999908447266,98.31999969482422,98.44999694824219,3501643
2023-12-19 09:30:00-05:00,99.12999725341797,99.26000213623047,98.75,98.8550033569336,6140261
2023-12-19 10:30:00-05:00,99.0199966430664,99.19000244140625,98.88500213623047,99.125,3272192
2023-12-19 11:30:00-05:00,98.8949966430664,99.18000030517578,98.88500213623047,99.02999877929688,2584821
2023-12-19 12:30:00-05:00,98.80999755859375,99.05999755859375,98.79000091552734,98.9000015258789,2774562
2023-12-19 13:30:00-05:00,98.80999755859375,98.97000122070312,98.77010345458984,98.80999755859375,2868922
2023-12-19 14:30:00-05:00,98.70500183105469,98.88999938964844,98.66000366210938,98.80999755859375,3595891
2023-12-19 15:30:00-05:00,98.88999938964844,98.9000015258789,98.70500183105469,98.70500183105469,4080364
2023-12-20 09:30:00-05:00,98.98999786376953,99.2300033569336,98.94999694824219,99.21499633789062,7479418
2023-12-20 10:30:00-05:00,98.67500305175781,99.06639862060547,98.58000183105469,98.98999786376953,5614489
2023-12-20 11:30:00-05:00,98.82499694824219,98.99500274658203,98.58999633789062,98.68000030517578,3701105
2023-12-20 12:30:00-05:00,99.05500030517578,99.18000030517578,98.7500991821289,98.81999969482422,5470884
2023-12-20 13:30:00-05:00,99.16709899902344,99.30000305175781,99.05999755859375,99.05999755859375,4090301
2023-12-20 14:30:00-05:00,99.5,99.54000091552734,99.01000213623047,99.16999816894531,8195653
2023-12-20 15:30:00-05:00,99.58000183105469,99.69000244140625,99.44000244140625,99.50499725341797,6411788
2023-12-21 09:30:00-05:00,99.33000183105469,99.83999633789062,98.9800033569336,99.73999786376953,10189119
2023-12-21 10:30:00-05:00,99.40499877929688,99.43499755859375,99.06999969482422,99.33000183105469,5997062
2023-12-21 11:30:00-05:00,98.90840148925781,99.4000015258789,98.87000274658203,99.4000015258789,7453707
2023-12-21 12:30:00-05:00,98.86000061035156,99.1500015258789,98.76000213623047,98.9000015258789,9596862
2023-12-21 13:30:00-05:00,98.90499877929688,99.05000305175781,98.75,98.86000061035156,4610420
2023-12-21 14:30:00-05:00,98.93990325927734,98.95999908447266,98.81999969482422,98.90609741210938,3181533
2023-12-21 15:30:00-05:00,98.94000244140625,99.01000213623047,98.91999816894531,98.93499755859375,4684707
2023-12-22 09:30:00-05:00,98.7750015258789,99.37999725341797,98.7300033569336,99.37999725341797,6085527
2023-12-22 10:30:00-05:00,98.38990020751953,98.86000061035156,98.37999725341797,98.77999877929688,6017669
2023-12-22 11:30:00-05:00,98.2699966430664,98.53500366210938,98.2699966430664,98.38999938964844,4210072
2023-12-22 12:30:00-05:00,98.6144027709961,98.6449966430664,98.23999786376953,98.27999877929688,3354878
2023-12-22 13:30:00-05:00,98.52999877929688,98.63999938964844,98.51000213623047,98.61499786376953,1790018
2023-12-22 14:30:00-05:00,98.50499725341797,98.55000305175781,98.4800033569336,98.52999877929688,1384823
2023-12-22 15:30:00-05:00,98.4800033569336,98.5199966430664,98.47000122070312,98.5,2189040
2023-12-26 09:30:00-05:00,98.80999755859375,98.8550033569336,98.4800033569336,98.54000091552734,3010376
2023-12-26 10:30:00-05:00,98.54000091552734,98.81999969482422,98.51499938964844,98.80999755859375,2189806
2023-12-26 11:30:00-05:00,98.55500030517578,98.5999984741211,98.48169708251953,98.53399658203125,2268801
2023-12-26 12:30:00-05:00,98.59349822998047,98.66999816894531,98.4800033569336,98.55999755859375,1558399
2023-12-26 13:30:00-05:00,98.76499938964844,98.81999969482422,98.5625991821289,98.59500122070312,2741473
2023-12-26 14:30:00-05:00,98.69999694824219,98.87000274658203,98.62000274658203,98.76499938964844,1888448
2023-12-26 15:30:00-05:00,98.75,98.77980041503906,98.66000366210938,98.69499969482422,2477642
2023-12-27 09:30:00-05:00,99.58999633789062,99.80000305175781,99.5,99.77999877929688,5715004
2023-12-27 10:30:00-05:00,99.95500183105469,99.97000122070312,99.58999633789062,99.58999633789062,3636978
2023-12-27 11:30:00-05:00,99.88500213623047,99.99600219726562,99.83000183105469,99.95989990234375,3506572
2023-12-27 12:30:00-05:00,100.18000030517578,100.25980377197266,99.87999725341797,99.88500213623047,4809180
2023-12-27 13:30:00-05:00,100.35600280761719,100.36000061035156,100.05000305175781,100.18000030517578,2644590
2023-12-27 14:30:00-05:00,100.34500122070312,100.51499938964844,100.30999755859375,100.3550033569336,4505669
2023-12-27 15:30:00-05:00,100.5199966430664,100.52999877929688,100.29000091552734,100.34500122070312,7951460
2023-12-28 09:30:00-05:00,100.27999877929688,100.30000305175781,99.90499877929688,100.08999633789062,5285930
2023-12-28 10:30:00-05:00,100.0199966430664,100.56999969482422,100.0,100.2864990234375,5085471
2023-12-28 11:30:00-05:00,100.01000213623047,100.05999755859375,99.91000366210938,100.0250015258789,2324952
2023-12-28 12:30:00-05:00,99.625,100.03500366210938,99.57599639892578,100.01000213623047,3754823
2023-12-28 13:30:00-05:00,99.61170196533203,99.80000305175781,99.61000061035156,99.62999725341797,2942428
2023-12-28 14:30:00-05:00,99.93000030517578,99.95999908447266,99.55999755859375,99.62000274658203,5604305
2023-12-28 15:30:00-05:00,99.7699966430664,99.97000122070312,99.76000213623047,99.93499755859375,4294135
2023-12-29 09:30:00-05:00,99.375,99.5199966430664,99.08000183105469,99.12999725341797,5509641
2023-12-29 10:30:00-05:00,99.41999816894531,99.72000122070312,99.30000305175781,99.37010192871094,4499997
2023-12-29 11:30:00-05:00,99.58000183105469,99.80000305175781,99.26000213623047,99.41999816894531,4336550
2023-12-29 12:30:00-05:00,98.87999725341797,99.81500244140625,98.79499816894531,99.56999969482422,8525860
2023-12-29 13:30:00-05:00,99.09500122070312,99.33000183105469,98.87999725341797,98.87999725341797,5902337
2023-12-29 14:30:00-05:00,99.08000183105469,99.16000366210938,99.08000183105469,99.08999633789062,2784164
2023-12-29 15:30:00-05:00,98.91999816894531,99.08999633789062,98.90499877929688,99.08000183105469,5058231
2024-01-02 09:30:00-05:00,98.30500030517578,98.6500015258789,98.04000091552734,98.2699966430664,10757847
2024-01-02 10:30:00-05:00,98.38999938964844,98.50499725341797,98.0,98.30000305175781,8366256
2024-01-02 11:30:00-05:00,98.20999908447266,98.52999877929688,98.16999816894531,98.38999938964844,3939424
2024-01-02 12:30:00-05:00,98.30000305175781,98.32499694824219,98.05000305175781,98.20999908447266,6306452
2024-01-02 13:30:00-05:00,98.36000061035156,98.375,98.05000305175781,98.30000305175781,2967018
2024-01-02 14:30:00-05:00,98.20500183105469,98.4000015258789,98.15499877929688,98.35279846191406,4164374
2024-01-02 15:30:00-05:00,98.33000183105469,98.33999633789062,98.19000244140625,98.20989990234375,5742715
2024-01-03 09:30:00-05:00,97.37999725341797,97.95999908447266,97.2300033569336,97.375,10946191
2024-01-03 10:30:00-05:00,97.80999755859375,97.8478012084961,97.1500015258789,97.37999725341797,8171689
2024-01-03 11:30:00-05:00,98.22000122070312,98.26000213623047,97.77999877929688,97.80999755859375,6160127
2024-01-03 12:30:00-05:00,98.40499877929688,98.4800033569336,98.1449966430664,98.22000122070312,5361728
2024-01-03 13:30:00-05:00,98.73999786376953,98.75,98.30500030517578,98.40499877929688,7007577
2024-01-03 14:30:00-05:00,98.71499633789062,98.8499984741211,98.62000274658203,98.73999786376953,6584770
2024-01-03 15:30:00-05:00,98.73999786376953,98.7699966430664,98.6050033569336,98.71499633789062,5461315
2024-01-04 09:30:00-05:00,97.47000122070312,97.48500061035156,97.2249984741211,97.41999816894531,8835733
2024-01-04 10:30:00-05:00,97.5199966430664,97.63999938964844,97.31999969482422,97.4749984741211,6606185
2024-01-04 11:30:00-05:00,97.30010223388672,97.56999969482422,97.2699966430664,97.5199966430664,4633344
2024-01-04 12:30:00-05:00,97.25499725341797,97.33000183105469,97.06500244140625,97.30999755859375,4964836
2024-01-04 13:30:00-05:00,97.19999694824219,97.36000061035156,97.10099792480469,97.2500991821289,5795283
2024-01-04 14:30:00-05:00,97.36499786376953,97.44999694824219,97.16999816894531,97.20999908447266,3850682
2024-01-04 15:30:00-05:00,97.25,97.37000274658203,97.2300033569336,97.37000274658203,5831701
2024-01-05 09:30:00-05:00,97.38999938964844,97.63999938964844,96.37000274658203,96.5,12715313
2024-01-05 10:30:00-05:00,97.09500122070312,97.68000030517578,97.05999755859375,97.4000015258789,5028082
2024-01-05 11:30:00-05:00,96.4800033569336,97.23999786376953,96.4800033569336,97.08999633789062,4316620
2024-01-05 12:30:00-05:00,96.46499633789062,96.62000274658203,96.28990173339844,96.4800033569336,4295031
2024-01-05 13:30:00-05:00,96.56999969482422,96.66500091552734,96.33000183105469,96.46499633789062,3397055
2024-01-05 14:30:00-05:00,96.25499725341797,96.58999633789062,96.20999908447266,96.58000183105469,3891660
2024-01-05 15:30:00-05:00,96.33999633789062,96.41000366210938,96.22000122070312,96.25499725341797,5193084
2024-01-08 09:30:00-05:00,96.94999694824219,96.95999908447266,96.08999633789062,96.2300033569336,5708153
2024-01-08 10:30:00-05:00,97.30000305175781,97.37000274658203,96.86000061035156,96.94999694824219,5020976
2024-01-08 11:30:00-05:00,97.2699966430664,97.37999725341797,97.19499969482422,97.30999755859375,2977766
2024-01-08 12:30:00-05:00,97.0553970336914,97.33499908447266,97.05000305175781,97.2698974609375,2205958
2024-01-08 13:30:00-05:00,97.05000305175781,97.11499786376953,96.9000015258789,97.05999755859375,2881135
2024-01-08 14:30:00-05:00,96.81500244140625,97.1050033569336,96.77999877929688,97.05500030517578,3380898
2024-01-08 15:30:00-05:00,97.26000213623047,97.26000213623047,96.7300033569336,96.81500244140625,7939249
2024-01-09 09:30:00-05:00,97.06999969482422,97.16500091552734,96.62999725341797,96.63999938964844,5984240
2024-01-09 10:30:00-05:00,96.75,97.06999969482422,96.68000030517578,97.06999969482422,4412206
2024-01-09 11:30:00-05:00,96.74500274658203,96.91000366210938,96.72000122070312,96.7499008178711,2799855
2024-01-09 12:30:00-05:00,96.69499969482422,96.98999786376953,96.6500015258789,96.74500274658203,3490215
2024-01-09 13:30:00-05:00,96.81999969482422,96.91239929199219,96.58999633789062,96.69999694824219,3554117
2024-01-09 14:30:00-05:00,96.71109771728516,96.8499984741211,96.58499908447266,96.81999969482422,4460826
2024-01-09 15:30:00-05:00,96.6709976196289,96.83000183105469,96.6500015258789,96.70999908447266,4270753
2024-01-10 09:30:00-05:00,96.5199966430664,97.04499816894531,96.5,96.91999816894531,4461386
2024-01-10 10:30:00-05:00,96.47820281982422,96.83000183105469,96.44999694824219,96.5199966430664,4418891
2024-01-10 11:30:00-05:00,96.5,96.58999633789062,96.36000061035156,96.4749984741211,4974507
2024-01-10 12:30:00-05:00,96.33999633789062,96.62010192871094,96.33000183105469,96.5,5401584
2024-01-10 13:30:00-05:00,96.2750015258789,96.41999816894531,96.2300033569336,96.3301010131836,4555957
2024-01-10 14:30:00-05:00,96.27999877929688,96.45999908447266,96.2249984741211,96.2699966430664,5811354
2024-01-10 15:30:00-05:00,96.18000030517578,96.30000305175781,96.12100219726562,96.28500366210938,6871876
2024-01-11 09:30:00-05:00,96.13099670410156,96.36000061035156,95.8550033569336,96.16999816894531,11713933
2024-01-11 10:30:00-05:00,95.96499633789062,96.20999908447266,95.86000061035156,96.12999725341797,6909476
2024-01-11 11:30:00-05:00,95.93000030517578,96.12000274658203,95.79499816894531,95.95999908447266,4428272
2024-01-11 12:30:00-05:00,96.01499938964844,96.2300033569336,95.70999908447266,95.93000030517578,6413415
2024-01-11 13:30:00-05:00,96.72000122070312,96.7699966430664,95.9800033569336,96.0199966430664,6042295
2024-01-11 14:30:00-05:00,96.62000274658203,96.83000183105469,96.5199966430664,96.71499633789062,6490610
2024-01-11 15:30:00-05:00,96.68499755859375,96.75,96.5999984741211,96.625,8065865
2024-01-12 09:30:00-05:00,96.9000015258789,97.2699966430664,96.68000030517578,96.77999877929688,9532309
2024-01-12 10:30:00-05:00,96.80000305175781,97.06999969482422,96.44000244140625,96.9000015258789,5756678
2024-01-12 11:30:00-05:00,96.65499877929688,96.83499908447266,96.45999908447266,96.80000305175781,3371636
2024-01-12 12:30:00-05:00,96.44999694824219,96.65589904785156,96.2699966430664,96.6500015258789,2160039
2024-01-12 13:30:00-05:00,96.61000061035156,96.61000061035156,96.375,96.44000244140625,2219140
2024-01-12 14:30:00-05:00,96.45999908447266,96.65499877929688,96.41999816894531,96.61000061035156,3704553
2024-01-12 15:30:00-05:00,96.52999877929688,96.61000061035156,96.37999725341797,96.46499633789062,5590019
2024-01-16 09:30:00-05:00,95.68000030517578,95.77999877929688,95.33999633789062,95.73500061035156,8504722
2024-01-16 10:30:00-05:00,95.20999908447266,95.71499633789062,94.95500183105469,95.68000030517578,11000180
2024-01-16 11:30:00-05:00,94.71499633789062,95.3499984741211,94.70999908447266,95.20999908447266,7240596
2024-01-16 12:30:00-05:00,94.63899993896484,94.81999969482422,94.51000213623047,94.70999908447266,5200252
2024-01-16 13:30:00-05:00,94.68499755859375,94.75,94.55000305175781,94.63999938964844,6540771
2024-01-16 14:30:00-05:00,94.72000122070312,94.83999633789062,94.63500213623047,94.68499755859375,6687010
2024-01-16 15:30:00-05:00,94.80999755859375,94.86499786376953,94.66500091552734,94.71499633789062,5354169
2024-01-17 09:30:00-05:00,94.23100280761719,94.6500015258789,94.2249984741211,94.5999984741211,9023751
2024-01-17 10:30:00-05:00,94.73999786376953,94.76000213623047,94.16000366210938,94.2300033569336,5940535
2024-01-17 11:30:00-05:00,94.70999908447266,94.9000015258789,94.68499755859375,94.73999786376953,3789978
2024-01-17 12:30:00-05:00,94.58999633789062,95.0,94.55500030517578,94.70580291748047,4014886
2024-01-17 13:30:00-05:00,94.54000091552734,94.7300033569336,94.48500061035156,94.59500122070312,4700812
2024-01-17 14:30:00-05:00,94.7052993774414,94.7699966430664,94.5,94.54000091552734,5437084
2024-01-17 15:30:00-05:00,94.66999816894531,94.75,94.62000274658203,94.70500183105469,5390127
2024-01-18 09:30:00-05:00,94.36000061035156,94.58000183105469,94.18000030517578,94.45999908447266,7283307
2024-01-18 10:30:00-05:00,94.12999725341797,94.45999908447266,94.01000213623047,94.3499984741211,5201345
2024-01-18 11:30:00-05:00,93.59500122070312,94.19999694824219,93.55999755859375,94.12999725341797,14099722
2024-01-18 12:30:00-05:00,93.7300033569336,93.7699966430664,93.51000213623047,93.5999984741211,3087755
2024-01-18 13:30:00-05:00,93.8949966430664,93.91500091552734,93.6500015258789,93.7300033569336,5897910
2024-01-18 14:30:00-05:00,93.7699966430664,93.9800033569336,93.66339874267578,93.8949966430664,5136513
2024-01-18 15:30:00-05:00,93.81999969482422,93.83000183105469,93.69999694824219,93.76920318603516,5375361
2024-01-19 09:30:00-05:00,93.58999633789062,93.83999633789062,93.26000213623047,93.70999908447266,9362970
2024-01-19 10:30:00-05:00,93.73500061035156,93.87999725341797,93.48999786376953,93.5801010131836,3962982
2024-01-19 11:30:00-05:00,93.84500122070312,93.87000274658203,93.63999938964844,93.73999786376953,4389184
2024-01-19 12:30:00-05:00,93.8499984741211,93.9800033569336,93.75,93.84500122070312,5356311
2024-01-19 13:30:00-05:00,93.9834976196289,94.01000213623047,93.83000183105469,93.8499984741211,2676219
2024-01-19 14:30:00-05:00,93.98500061035156,94.16500091552734,93.95999908447266,93.98999786376953,5412210
2024-01-19 15:30:00-05:00,94.08999633789062,94.08999633789062,93.96499633789062,93.98500061035156,6285702
2024-01-22 09:30:00-05:00,95.05549621582031,95.08000183105469,94.69000244140625,94.86000061035156,7175608
2024-01-22 10:30:00-05:00,94.72000122070312,95.05999755859375,94.62000274658203,95.05500030517578,5347004
2024-01-22 11:30:00-05:00,94.58999633789062,94.80000305175781,94.55999755859375,94.72000122070312,2140188
2024-01-22 12:30:00-05:00,94.51000213623047,94.68499755859375,94.51000213623047,94.58999633789062,2865838
2024-01-22 13:30:00-05:00,94.49500274658203,94.61530303955078,94.38999938964844,94.51000213623047,3231347
2024-01-22 14:30:00-05:00,94.55500030517578,94.70500183105469,94.48999786376953,94.49500274658203,3576688
2024-01-22 15:30:00-05:00,94.63999938964844,94.68000030517578,94.51000213623047,94.55999755859375,5003388
2024-01-23 09:30:00-05:00,93.80000305175781,93.94000244140625,93.72000122070312,93.88999938964844,8068486
2024-01-23 10:30:00-05:00,93.49500274658203,93.80000305175781,93.4800033569336,93.79000091552734,5459790
2024-01-23 11:30:00-05:00,93.62000274658203,93.65499877929688,93.42990112304688,93.5,3586631
2024-01-23 12:30:00-05:00,93.61000061035156,93.6958999633789,93.5,93.62000274658203,2525482
2024-01-23 13:30:00-05:00,93.79000091552734,93.79989624023438,93.56999969482422,93.62000274658203,2920097
2024-01-23 14:30:00-05:00,93.74500274658203,93.8499984741211,93.66000366210938,93.74500274658203,3900868
2024-01-23 15:30:00-05:00,93.88999938964844,93.98999786376953,93.69000244140625,93.75,4439694
2024-01-24 09:30:00-05:00,93.91999816894531,94.54000091552734,93.81999969482422,94.51000213623047,9631490
2024-01-24 10:30:00-05:00,93.66999816894531,94.0199966430664,93.56999969482422,93.92500305175781,6993142
2024-01-24 11:30:00-05:00,93.76499938964844,93.785400390625,93.45999908447266,93.66999816894531,5329585
2024-01-24 12:30:00-05:00,93.37000274658203,93.83100128173828,93.30000305175781,93.7699966430664,4954374
2024-01-24 13:30:00-05:00,93.11000061035156,93.38500213623047,93.0999984741211,93.37000274658203,6292607
2024-01-24 14:30:00-05:00,93.20999908447266,93.29000091552734,93.11000061035156,93.12000274658203,4464909
2024-01-24 15:30:00-05:00,93.36000061035156,93.37000274658203,93.20500183105469,93.20999908447266,4599995
2024-01-25 09:30:00-05:00,94.0999984741211,94.21600341796875,93.80000305175781,94.0,8554522
2024-01-25 10:30:00-05:00,94.04499816894531,94.1500015258789,93.97000122070312,94.0999984741211,4265450
2024-01-25 11:30:00-05:00,93.75499725341797,94.06999969482422,93.63500213623047,94.05000305175781,6937685
2024-01-25 12:30:00-05:00,93.88999938964844,93.94000244140625,93.56999969482422,93.76000213623047,6377963
2024-01-25 13:30:00-05:00,93.91999816894531,93.96990203857422,93.75,93.88999938964844,4819124
2024-01-25 14:30:00-05:00,93.78500366210938,94.01000213623047,93.70999908447266,93.92420196533203,4727547
2024-01-25 15:30:00-05:00,93.95999908447266,94.0,93.77999877929688,93.78500366210938,4710849
2024-01-26 09:30:00-05:00,93.58699798583984,93.95999908447266,93.48500061035156,93.93000030517578,5616924
2024-01-26 10:30:00-05:00,93.94999694824219,93.9749984741211,93.54000091552734,93.58000183105469,3003673
2024-01-26 11:30:00-05:00,93.98500061035156,94.06999969482422,93.91000366210938,93.95999908447266,2875043
2024-01-26 12:30:00-05:00,93.76000213623047,93.98999786376953,93.75,93.98999786376953,1579319
2024-01-26 13:30:00-05:00,93.58740234375,93.79000091552734,93.58000183105469,93.7699966430664,2370525
2024-01-26 14:30:00-05:00,93.78309631347656,93.80999755859375,93.58000183105469,93.58000183105469,2708549
2024-01-26 15:30:00-05:00,93.77999877929688,93.8550033569336,93.75,93.78500366210938,4763987
2024-01-29 09:30:00-05:00,94.13999938964844,94.41999816894531,94.12000274658203,94.30999755859375,4184013
2024-01-29 10:30:00-05:00,94.4000015258789,94.41000366210938,94.13999938964844,94.13999938964844,3213835
2024-01-29 11:30:00-05:00,94.50499725341797,94.53500366210938,94.4000015258789,94.41000366210938,2977792
2024-01-29 12:30:00-05:00,94.56999969482422,94.63999938964844,94.49500274658203,94.51000213623047,2999752
2024-01-29 13:30:00-05:00,94.45549774169922,94.59500122070312,94.44429779052734,94.5656967163086,2685792
2024-01-29 14:30:00-05:00,94.95500183105469,95.16500091552734,94.43000030517578,94.45999908447266,6197574
2024-01-29 15:30:00-05:00,94.87999725341797,94.98999786376953,94.75499725341797,94.95999908447266,7135995
2024-01-30 09:30:00-05:00,94.93000030517578,95.62999725341797,94.80999755859375,95.4800033569336,9806992
2024-01-30 10:30:00-05:00,95.11000061035156,95.15499877929688,94.75499725341797,94.93000030517578,4711413
2024-01-30 11:30:00-05:00,95.29499816894531,95.38999938964844,95.11000061035156,95.11000061035156,3287176
2024-01-30 12:30:00-05:00,95.17500305175781,95.33000183105469,95.06999969482422,95.29499816894531,2205017
2024-01-30 13:30:00-05:00,95.40599822998047,95.40969848632812,95.11000061035156,95.17500305175781,2904363
2024-01-30 14:30:00-05:00,95.45999908447266,95.52999877929688,95.4000015258789,95.4000015258789,3515222
2024-01-30 15:30:00-05:00,95.72000122070312,95.73999786376953,95.43000030517578,95.44999694824219,4804720
2024-01-31 09:30:00-05:00,96.62999725341797,96.91000366210938,96.20999908447266,96.22000122070312,15666036
2024-01-31 10:30:00-05:00,96.57990264892578,96.76000213623047,96.34500122070312,96.63999938964844,6897819
2024-01-31 11:30:00-05:00,96.61000061035156,96.66500091552734,96.45999908447266,96.58000183105469,5199679
2024-01-31 12:30:00-05:00,96.66000366210938,96.75499725341797,96.55999755859375,96.60310363769531,2815177
2024-01-31 13:30:00-05:00,96.30000305175781,96.72000122070312,96.0,96.66000366210938,7948507
2024-01-31 14:30:00-05:00,96.30000305175781,96.63500213623047,96.01000213623047,96.30999755859375,13039219
2024-01-31 15:30:00-05:00,96.68000030517578,96.68000030517578,96.04000091552734,96.30000305175781,13695941
2024-02-01 09:30:00-05:00,97.90499877929688,97.97000122070312,97.19000244140625,97.41999816894531,15062207
2024-02-01 10:30:00-05:00,98.33999633789062,98.66999816894531,97.80999755859375,97.90390014648438,13462477
2024-02-01 11:30:00-05:00,98.0250015258789,98.55999755859375,98.0199966430664,98.33999633789062,7363495
2024-02-01 12:30:00-05:00,97.77999877929688,98.22000122070312,97.76499938964844,98.02999877929688,8903749
2024-02-01 13:30:00-05:00,98.01499938964844,98.05000305175781,97.74500274658203,97.77999877929688,4894124
2024-02-01 14:30:00-05:00,98.05500030517578,98.125,97.87000274658203,98.01000213623047,7468992
2024-02-01 15:30:00-05:00,98.18499755859375,98.25,98.0199966430664,98.05000305175781,10558825
2024-02-02 09:30:00-05:00,96.04000091552734,96.61000061035156,96.0199966430664,96.33999633789062,16393545
2024-02-02 10:30:00-05:00,95.87000274658203,96.09500122070312,95.69999694824219,96.05000305175781,7575468
2024-02-02 11:30:00-05:00,95.88999938964844,95.91000366210938,95.69000244140625,95.87000274658203,5660413
2024-02-02 12:30:00-05:00,95.81999969482422,95.90499877929688,95.70999908447266,95.88999938964844,4182692
2024-02-02 13:30:00-05:00,95.93000030517578,96.04499816894531,95.8197021484375,95.81999969482422,4981151
2024-02-02 14:30:00-05:00,96.12000274658203,96.13999938964844,95.91000366210938,95.93499755859375,5369469
2024-02-02 15:30:00-05:00,96.08000183105469,96.23500061035156,96.05999755859375,96.12069702148438,8631754
2024-02-05 09:30:00-05:00,94.28890228271484,94.8499984741211,94.16999816894531,94.66999816894531,15550309
2024-02-05 10:30:00-05:00,94.125,94.31999969482422,94.0199966430664,94.27999877929688,6945816
2024-02-05 11:30:00-05:00,94.28389739990234,94.30999755859375,94.04000091552734,94.125,4730116
2024-02-05 12:30:00-05:00,94.28099822998047,94.44999694824219,94.19999694824219,94.29000091552734,3047772
2024-02-05 13:30:00-05:00,94.17500305175781,94.33000183105469,94.12000274658203,94.27999877929688,3012583
2024-02-05 14:30:00-05:00,94.12999725341797,94.2750015258789,94.07160186767578,94.16999816894531,4208544
2024-02-05 15:30:00-05:00,94.1500015258789,94.20999908447266,94.06999969482422,94.125,5323654
2024-02-06 09:30:00-05:00,94.7603988647461,94.87000274658203,94.21099853515625,94.23999786376953,5937885
2024-02-06 10:30:00-05:00,94.83000183105469,94.9000015258789,94.62000274658203,94.7699966430664,4616789
2024-02-06 11:30:00-05:00,94.9000015258789,95.0199966430664,94.78500366210938,94.83999633789062,3591345
2024-02-06 12:30:00-05:00,94.9166030883789,95.08000183105469,94.87000274658203,94.88999938964844,2686205
2024-02-06 13:30:00-05:00,94.94999694824219,95.06990051269531,94.86000061035156,94.91999816894531,2869218
2024-02-06 14:30:00-05:00,95.05999755859375,95.07499694824219,94.83499908447266,94.94499969482422,2886771
2024-02-06 15:30:00-05:00,94.99500274658203,95.1500015258789,94.97000122070312,95.06500244140625,4567929
2024-02-07 09:30:00-05:00,94.83999633789062,95.2300033569336,94.52999877929688,94.56999969482422,7525044
2024-02-07 10:30:00-05:00,94.87000274658203,95.13680267333984,94.76000213623047,94.83000183105469,5097603
2024-02-07 11:30:00-05:00,94.56849670410156,94.91000366210938,94.55000305175781,94.87000274658203,3078522
2024-02-07 12:30:00-05:00,94.81999969482422,94.9000015258789,94.5199966430664,94.56999969482422,4750008
2024-02-07 13:30:00-05:00,94.68499755859375,94.84500122070312,94.66999816894531,94.81999969482422,2366385
2024-02-07 14:30:00-05:00,94.7750015258789,94.88500213623047,94.62000274658203,94.68000030517578,4010119
2024-02-07 15:30:00-05:00,94.58999633789062,94.7750015258789,94.56999969482422,94.7750015258789,3564591
2024-02-08 09:30:00-05:00,93.83999633789062,94.05999755859375,93.80999755859375,94.0199966430664,5688129
2024-02-08 10:30:00-05:00,93.7699966430664,93.9800033569336,93.65499877929688,93.83000183105469,6624651
2024-02-08 11:30:00-05:00,93.75,93.88999938964844,93.72000122070312,93.7699966430664,3720113
2024-02-08 12:30:00-05:00,94.08999633789062,94.30000305175781,93.69999694824219,93.75,5577436
2024-02-08 13:30:00-05:00,93.8759994506836,94.12000274658203,93.86499786376953,94.09500122070312,4231313
2024-02-08 14:30:00-05:00,93.9800033569336,93.98999786376953,93.69999694824219,93.87000274658203,4730187
2024-02-08 15:30:00-05:00,94.02999877929688,94.05000305175781,93.91999816894531,93.98999786376953,4444723
2024-02-09 09:30:00-05:00,93.93000030517578,93.9800033569336,93.68000030517578,93.76000213623047,4572556
2024-02-09 10:30:00-05:00,93.83000183105469,94.01000213623047,93.66179656982422,93.93000030517578,4679564
2024-02-09 11:30:00-05:00,93.80500030517578,93.87000274658203,93.73999786376953,93.83000183105469,2588512
2024-02-09 12:30:00-05:00,93.83000183105469,93.94000244140625,93.7699966430664,93.80500030517578,2254320
2024-02-09 13:30:00-05:00,93.8499984741211,93.9000015258789,93.76000213623047,93.83499908447266,2243449
2024-02-09 14:30:00-05:00,93.875,93.88500213623047,93.7301025390625,93.8499984741211,3247376
2024-02-09 15:30:00-05:00,93.86000061035156,93.9000015258789,93.82499694824219,93.87799835205078,3429745
2024-02-12 09:30:00-05:00,93.66429901123047,93.91000366210938,93.62999725341797,93.9000015258789,3959762
2024-02-12 10:30:00-05:00,93.68000030517578,93.68000030517578,93.5000991821289,93.66999816894531,3091538
2024-02-12 11:30:00-05:00,93.83000183105469,93.88990020751953,93.62999725341797,93.68000030517578,3967413
2024-02-12 12:30:00-05:00,93.92500305175781,93.98999786376953,93.80500030517578,93.83999633789062,2533010
2024-02-12 13:30:00-05:00,93.94999694824219,94.13999938964844,93.91999816894531,93.92500305175781,2275298
2024-02-12 14:30:00-05:00,93.91500091552734,94.01000213623047,93.86000061035156,93.94999694824219,2925556
2024-02-12 15:30:00-05:00,93.94999694824219,94.04000091552734,93.8949966430664,93.91000366210938,3747135
2024-02-13 09:30:00-05:00,92.80000305175781,93.05899810791016,92.61000061035156,92.86000061035156,9730361
2024-02-13 10:30:00-05:00,92.87999725341797,92.88999938964844,92.6500015258789,92.80500030517578,4298506
2024-02-13 11:30:00-05:00,92.66500091552734,92.8949966430664,92.66000366210938,92.87999725341797,3145893
2024-02-13 12:30:00-05:00,92.74500274658203,92.77999877929688,92.6449966430664,92.66010284423828,2416884
2024-02-13 13:30:00-05:00,92.51499938964844,92.74500274658203,92.51000213623047,92.73999786376953,4046044
2024-02-13 14:30:00-05:00,92.45500183105469,92.56999969482422,92.36499786376953,92.5199966430664,6584789
2024-02-13 15:30:00-05:00,92.3499984741211,92.4800033569336,92.33999633789062,92.44999694824219,8990692
2024-02-14 09:30:00-05:00,92.5199966430664,92.55999755859375,92.2300033569336,92.30000305175781,7692340
2024-02-14 10:30:00-05:00,92.66000366210938,92.69999694824219,92.43000030517578,92.51000213623047,5364143
2024-02-14 11:30:00-05:00,92.86370086669922,92.87999725341797,92.6500015258789,92.66000366210938,3532137
2024-02-14 12:30:00-05:00,92.87999725341797,93.05000305175781,92.85250091552734,92.87000274658203,3487327
2024-02-14 13:30:00-05:00,92.7699966430664,92.98500061035156,92.7300033569336,92.88500213623047,3377768
2024-02-14 14:30:00-05:00,92.69000244140625,92.79499816894531,92.5999984741211,92.7699966430664,4013866
2024-02-14 15:30:00-05:00,92.81999969482422,92.91999816894531,92.67500305175781,92.67500305175781,6366606
2024-02-15 09:30:00-05:00,93.54640197753906,93.72000122070312,93.5,93.55999755859375,6460754
2024-02-15 10:30:00-05:00,93.0199966430664,93.56999969482422,93.01000213623047,93.54000091552734,5937089
2024-02-15 11:30:00-05:00,93.30999755859375,93.31999969482422,93.0,93.0199966430664,3574227
2024-02-15 12:30:00-05:00,93.18000030517578,93.33000183105469,93.1050033569336,93.30999755859375,2722805
2024-02-15 13:30:00-05:00,93.20999908447266,93.38999938964844,93.18000030517578,93.19000244140625,3055145
2024-02-15 14:30:00-05:00,93.19999694824219,93.25,93.08999633789062,93.20999908447266,3967984
2024-02-15 15:30:00-05:00,93.29000091552734,93.3499984741211,93.19499969482422,93.19999694824219,6714535
2024-02-16 09:30:00-05:00,92.71240234375,92.7249984741211,92.37000274658203,92.4749984741211,7639970
2024-02-16 10:30:00-05:00,92.61499786376953,92.80829620361328,92.55000305175781,92.70999908447266,4797109
2024-02-16 11:30:00-05:00,92.62000274658203,92.66000366210938,92.47250366210938,92.61499786376953,2805140
2024-02-16 12:30:00-05:00,92.7249984741211,92.84500122070312,92.58999633789062,92.61499786376953,2354813
2024-02-16 13:30:00-05:00,92.75,92.77999877929688,92.69000244140625,92.7300033569336,2968465
2024-02-16 14:30:00-05:00,92.73809814453125,92.80999755859375,92.68000030517578,92.75,2568590
2024-02-16 15:30:00-05:00,92.77999877929688,92.80000305175781,92.72000122070312,92.7300033569336,4128861
2024-02-20 09:30:00-05:00,93.03500366210938,93.05999755859375,92.72000122070312,92.80500030517578,5561847
2024-02-20 10:30:00-05:00,93.04499816894531,93.19000244140625,93.00980377197266,93.04000091552734,3290376
2024-02-20 11:30:00-05:00,93.0250015258789,93.16999816894531,93.0,93.05000305175781,3246026
2024-02-20 12:30:00-05:00,93.01000213623047,93.12999725341797,92.94000244140625,93.0199966430664,2652068
2024-02-20 13:30:00-05:00,93.02300262451172,93.07610321044922,92.9000015258789,93.00499725341797,1862142
2024-02-20 14:30:00-05:00,92.80999755859375,93.02999877929688,92.7426986694336,93.0199966430664,3661604
2024-02-20 15:30:00-05:00,92.83000183105469,92.86000061035156,92.7699966430664,92.80999755859375,2212436
2024-02-21 09:30:00-05:00,92.72000122070312,92.8949966430664,92.70999908447266,92.83000183105469,4627810
2024-02-21 10:30:00-05:00,92.61000061035156,92.73860168457031,92.55999755859375,92.7300033569336,3528343
2024-02-21 11:30:00-05:00,92.5,92.6875,92.47000122070312,92.60310363769531,2720623
2024-02-21 12:30:00-05:00,92.23999786376953,92.61000061035156,92.06999969482422,92.4999008178711,6303761
2024-02-21 13:30:00-05:00,92.13999938964844,92.29000091552734,92.02999877929688,92.23999786376953,4488706
2024-02-21 14:30:00-05:00,92.08999633789062,92.19999694824219,92.0199966430664,92.12999725341797,3559223
2024-02-21 15:30:00-05:00,92.19000244140625,92.30000305175781,92.08499908447266,92.08999633789062,3652554
2024-02-22 09:30:00-05:00,92.5199966430664,92.69999694824219,92.31069946289062,92.33999633789062,6213309
2024-02-22 10:30:00-05:00,92.58000183105469,92.76000213623047,92.48999786376953,92.5199966430664,3779483
2024-02-22 11:30:00-05:00,92.47000122070312,92.62999725341797,92.4000015258789,92.57499694824219,3100276
2024-02-22 12:30:00-05:00,92.41000366210938,92.51499938964844,92.26499938964844,92.47000122070312,2792854
2024-02-22 13:30:00-05:00,92.53500366210938,92.6050033569336,92.4000015258789,92.40499877929688,3298277
2024-02-22 14:30:00-05:00,92.41000366210938,92.6500015258789,92.41000366210938,92.53399658203125,6668628
2024-02-22 15:30:00-05:00,92.5999984741211,92.63999938964844,92.27999877929688,92.41500091552734,7682593
2024-02-23 09:30:00-05:00,93.08000183105469,93.16000366210938,92.75,92.75,5269888
2024-02-23 10:30:00-05:00,93.71199798583984,93.72000122070312,93.08039855957031,93.08999633789062,5986386
2024-02-23 11:30:00-05:00,93.77999877929688,93.95999908447266,93.69499969482422,93.72000122070312,4823355
2024-02-23 12:30:00-05:00,93.92980194091797,93.93000030517578,93.70999908447266,93.77999877929688,3664097
2024-02-23 13:30:00-05:00,93.90499877929688,93.9990005493164,93.88999938964844,93.9218978881836,3557620
2024-02-23 14:30:00-05:00,93.90499877929688,93.91500091552734,93.7699966430664,93.9000015258789,3637917
2024-02-23 15:30:00-05:00,93.87000274658203,93.93000030517578,93.83999633789062,93.91000366210938,4736199
2024-02-26 09:30:00-05:00,93.55000305175781,94.02999877929688,93.4990005493164,94.0,4308387
2024-02-26 10:30:00-05:00,93.5199966430664,93.67500305175781,93.4800033569336,93.55000305175781,3287900
2024-02-26 11:30:00-05:00,93.2750015258789,93.55500030517578,93.25379943847656,93.52999877929688,2668444
2024-02-26 12:30:00-05:00,93.29100036621094,93.3499984741211,93.19000244140625,93.27259826660156,3860930
2024-02-26 13:30:00-05:00,93.36499786376953,93.44999694824219,93.2750015258789,93.29499816894531,2769340
2024-02-26 14:30:00-05:00,93.4800033569336,93.53970336914062,93.2249984741211,93.36000061035156,5164205
2024-02-26 15:30:00-05:00,93.58000183105469,93.58999633789062,93.41999816894531,93.4749984741211,3315869
2024-02-27 09:30:00-05:00,93.30000305175781,93.43000030517578,93.12999725341797,93.2249984741211,4834606
2024-02-27 10:30:00-05:00,93.39730072021484,93.44999694824219,93.18000030517578,93.30000305175781,4308567
2024-02-27 11:30:00-05:00,93.09500122070312,93.40010070800781,93.06999969482422,93.38999938964844,2770381
2024-02-27 12:30:00-05:00,93.37000274658203,93.47000122070312,93.07499694824219,93.08999633789062,3178071
2024-02-27 13:30:00-05:00,93.05000305175781,93.37000274658203,93.01499938964844,93.37000274658203,2685418
2024-02-27 14:30:00-05:00,92.88500213623047,93.05709838867188,92.84500122070312,93.05000305175781,5040114
2024-02-27 15:30:00-05:00,92.94999694824219,92.9800033569336,92.87000274658203,92.88500213623047,3502592
2024-02-28 09:30:00-05:00,93.1500015258789,93.22010040283203,92.9000015258789,93.08000183105469,5153173
2024-02-28 10:30:00-05:00,93.20999908447266,93.30000305175781,93.0999984741211,93.1500015258789,3377596
2024-02-28 11:30:00-05:00,93.21620178222656,93.23999786376953,93.06999969482422,93.20999908447266,3723515
2024-02-28 12:30:00-05:00,93.24459838867188,93.29000091552734,93.16500091552734,93.20999908447266,2516883
2024-02-28 13:30:00-05:00,93.25499725341797,93.27999877929688,93.16999816894531,93.24500274658203,1981318
2024-02-28 14:30:00-05:00,93.49009704589844,93.55500030517578,93.25499725341797,93.25499725341797,5095385
2024-02-28 15:30:00-05:00,93.52999877929688,93.59500122070312,93.44000244140625,93.48999786376953,5244795
2024-02-29 09:30:00-05:00,94.19999694824219,94.30000305175781,93.80000305175781,93.83999633789062,8310132
2024-02-29 10:30:00-05:00,94.19999694824219,94.2699966430664,93.98500061035156,94.19999694824219,5033942
2024-02-29 11:30:00-05:00,94.0999984741211,94.25,94.0999984741211,94.19999694824219,3625593
2024-02-29 12:30:00-05:00,94.00499725341797,94.11000061035156,93.9000015258789,94.09500122070312,6370837
2024-02-29 13:30:00-05:00,94.12000274658203,94.1449966430664,93.9800033569336,94.0,3198683
2024-02-29 14:30:00-05:00,93.99500274658203,94.16500091552734,93.94999694824219,94.11000061035156,7165604
2024-02-29 15:30:00-05:00,94.18499755859375,94.19000244140625,93.95999908447266,93.99600219726562,8046846
2024-03-01 09:30:00-05:00,94.1500015258789,94.1500015258789,93.0199966430664,93.43000030517578,5008089
2024-03-01 10:30:00-05:00,94.1500015258789,94.43499755859375,94.01499938964844,94.1500015258789,12279713
2024-03-01 11:30:00-05:00,94.16999816894531,94.20989990234375,93.9800033569336,94.1500015258789,4261205
2024-03-01 12:30:00-05:00,94.23500061035156,94.2750015258789,94.0250015258789,94.16500091552734,3012527
2024-03-01 13:30:00-05:00,94.4000015258789,94.41999816894531,94.23500061035156,94.23500061035156,3074911
2024-03-01 14:30:00-05:00,94.42500305175781,94.51000213623047,94.37999725341797,94.40799713134766,3292254
2024-03-01 15:30:00-05:00,94.44999694824219,94.5,94.41000366210938,94.42500305175781,6996908
2024-03-04 09:30:00-05:00,93.81500244140625,94.13500213623047,93.68000030517578,93.69239807128906,6177532
2024-03-04 10:30:00-05:00,93.88790130615234,93.97000122070312,93.7699966430664,93.81500244140625,0
2024-03-04 11:30:00-05:00,94.05000305175781,94.12000274658203,93.86000061035156,93.88500213623047,1112471
2024-03-04 12:30:00-05:00,94.00749969482422,94.05500030517578,93.95999908447266,94.04499816894531,657832
2024-03-04 13:30:00-05:00,94.08999633789062,94.08999633789062,93.97000122070312,94.01000213623047,1027187
2024-03-04 14:30:00-05:00,94.05999755859375,94.13999938964844,94.0,94.08999633789062,1267589
2024-03-04 15:30:00-05:00,94.0999984741211,94.15499877929688,94.05000305175781,94.06500244140625,11977157
2024-03-05 09:30:00-05:00,95.3499984741211,95.68000030517578,94.96499633789062,95.16999816894531,12156491
2024-03-05 10:30:00-05:00,95.23500061035156,95.45999908447266,95.18000030517578,95.3499984741211,3602962
2024-03-05 11:30:00-05:00,95.19999694824219,95.2699966430664,95.11000061035156,95.20500183105469,0
2024-03-05 12:30:00-05:00,95.18000030517578,95.20999908447266,95.0625,95.20500183105469,1463687
2024-03-05 13:30:00-05:00,95.44000244140625,95.4800033569336,95.18499755859375,95.18499755859375,1171515
2024-03-05 14:30:00-05:00,95.45010375976562,95.4800033569336,95.25,95.44000244140625,2273820
2024-03-05 15:30:00-05:00,95.44000244140625,95.4800033569336,95.37000274658203,95.44999694824219,17788049
2024-03-06 09:30:00-05:00,95.56999969482422,95.80000305175781,95.41000366210938,95.45999908447266,6243476
2024-03-06 10:30:00-05:00,95.58000183105469,95.75,95.43000030517578,95.55999755859375,0
2024-03-06 11:30:00-05:00,95.93000030517578,96.04499816894531,95.55000305175781,95.58789825439453,2445060
2024-03-06 12:30:00-05:00,95.99009704589844,96.07499694824219,95.81999969482422,95.93000030517578,1600656
2024-03-06 13:30:00-05:00,95.86499786376953,96.16999816894531,95.8499984741211,96.0,2533910
2024-03-06 14:30:00-05:00,95.91999816894531,96.02999877929688,95.85009765625,95.86499786376953,2043743
2024-03-06 15:30:00-05:00,95.98999786376953,95.98999786376953,95.86000061035156,95.91999816894531,19605613
2024-03-07 09:30:00-05:00,95.87120056152344,96.4000015258789,95.77999877929688,96.36000061035156,6219336
2024-03-07 10:30:00-05:00,95.87999725341797,95.96499633789062,95.6500015258789,95.87999725341797,4243108
2024-03-07 11:30:00-05:00,95.50599670410156,95.87000274658203,95.4800033569336,95.87000274658203,4434041
2024-03-07 12:30:00-05:00,95.58000183105469,95.6500015258789,95.50250244140625,95.51000213623047,2122293
2024-03-07 13:30:00-05:00,95.68499755859375,95.69000244140625,95.5199966430664,95.58499908447266,1655223
2024-03-07 14:30:00-05:00,95.87999725341797,95.94499969482422,95.67500305175781,95.68890380859375,4195693
2024-03-07 15:30:00-05:00,95.86000061035156,95.96990203857422,95.83000183105469,95.875,3527312
2024-03-08 09:30:00-05:00,95.63999938964844,95.91500091552734,95.4800033569336,95.80000305175781,5930290
2024-03-08 10:30:00-05:00,95.5999984741211,95.79499816894531,95.58999633789062,95.63999938964844,3557086
2024-03-08 11:30:00-05:00,95.95999908447266,95.95999908447266,95.55500030517578,95.59500122070312,2838492
2024-03-08 12:30:00-05:00,95.92849731445312,96.04499816894531,95.83999633789062,95.95500183105469,3635445
2024-03-08 13:30:00-05:00,95.69499969482422,95.95999908447266,95.63999938964844,95.93000030517578,1930596
2024-03-08 14:30:00-05:00,95.74500274658203,95.7699966430664,95.66000366210938,95.69000244140625,2765250
2024-03-08 15:30:00-05:00,95.73999786376953,95.7699966430664,95.66999816894531,95.7499008178711,2783329
2024-03-11 09:30:00-04:00,95.7300033569336,96.01000213623047,95.7300033569336,95.95999908447266,3487822
2024-03-11 10:30:00-04:00,95.72000122070312,95.7699966430664,95.55000305175781,95.7249984741211,2475325
2024-03-11 11:30:00-04:00,95.73999786376953,95.75,95.58999633789062,95.72000122070312,1408645
2024-03-11 12:30:00-04:00,95.76010131835938,95.8499984741211,95.69999694824219,95.75,1638489
2024-03-11 13:30:00-04:00,95.43499755859375,95.80000305175781,95.43000030517578,95.76000213623047,2262871
2024-03-11 14:30:00-04:00,95.72000122070312,95.7249984741211,95.37000274658203,95.43000030517578,2747195
2024-03-11 15:30:00-04:00,95.68000030517578,95.76000213623047,95.66000366210938,95.72000122070312,2287229
2024-03-12 09:30:00-04:00,95.18000030517578,95.18499755859375,94.80999755859375,95.04000091552734,6939113
2024-03-12 10:30:00-04:00,94.91999816894531,95.20999908447266,94.9000015258789,95.16999816894531,3981245
2024-03-12 11:30:00-04:00,94.94999694824219,95.04000091552734,94.88999938964844,94.91999816894531,2628148
2024-03-12 12:30:00-04:00,94.72000122070312,94.99500274658203,94.69000244140625,94.94999694824219,3772776
2024-03-12 13:30:00-04:00,94.9800033569336,95.0,94.70999908447266,94.72000122070312,2211907
2024-03-12 14:30:00-04:00,94.9000015258789,95.00499725341797,94.81999969482422,94.97899627685547,2928162
2024-03-12 15:30:00-04:00,94.87000274658203,94.92500305175781,94.83999633789062,94.9000015258789,3254479
2024-03-13 09:30:00-04:00,94.51000213623047,94.62999725341797,94.44000244140625,94.5,5150546
2024-03-13 10:30:00-04:00,94.43000030517578,94.56999969482422,94.43000030517578,94.5,3601985
2024-03-13 11:30:00-04:00,94.33999633789062,94.4749984741211,94.20999908447266,94.43009948730469,4486226
2024-03-13 12:30:00-04:00,94.56500244140625,94.7300033569336,94.23999786376953,94.34500122070312,6988735
2024-03-13 13:30:00-04:00,94.43000030517578,94.58499908447266,94.38990020751953,94.56999969482422,3480566
2024-03-13 14:30:00-04:00,94.3949966430664,94.44000244140625,94.29000091552734,94.43499755859375,3765389
2024-03-13 15:30:00-04:00,94.42500305175781,94.45999908447266,94.37000274658203,94.3949966430664,3936453
2024-03-14 09:30:00-04:00,93.1937026977539,93.75,93.12999725341797,93.7300033569336,11832746
2024-03-14 10:30:00-04:00,93.06999969482422,93.25499725341797,92.9800033569336,93.19000244140625,7421871
2024-03-14 11:30:00-04:00,93.11499786376953,93.16999816894531,92.93000030517578,93.06999969482422,5789734
2024-03-14 12:30:00-04:00,93.03250122070312,93.185302734375,93.0,93.11499786376953,3287206
2024-03-14 13:30:00-04:00,92.935302734375,93.04000091552734,92.91000366210938,93.03500366210938,3470425
2024-03-14 14:30:00-04:00,92.94499969482422,92.9800033569336,92.86000061035156,92.94000244140625,6242714
2024-03-14 15:30:00-04:00,92.95999908447266,93.0199966430664,92.91500091552734,92.94499969482422,4950207
2024-03-15 09:30:00-04:00,92.8479995727539,93.05999755859375,92.78500366210938,93.05999755859375,5449699
2024-03-15 10:30:00-04:00,93.05000305175781,93.07499694824219,92.80500030517578,92.84500122070312,1499876
2024-03-15 11:30:00-04:00,93.1449966430664,93.19000244140625,93.00900268554688,93.04000091552734,1820260
2024-03-15 12:30:00-04:00,93.04000091552734,93.16500091552734,92.93000030517578,93.13999938964844,1671081
2024-03-15 13:30:00-04:00,93.05010223388672,93.0999984741211,92.98999786376953,93.04000091552734,10812752
2024-03-15 14:30:00-04:00,93.05000305175781,93.1500015258789,93.05000305175781,93.05000305175781,0
2024-03-15 15:30:00-04:00,92.95999908447266,93.08499908447266,92.93000030517578,93.05999755859375,2268451
2024-03-18 09:30:00-04:00,92.87999725341797,92.98999786376953,92.71499633789062,92.7300033569336,4316987
2024-03-18 10:30:00-04:00,92.66010284423828,92.88999938964844,92.5999984741211,92.88999938964844,4815051
2024-03-18 11:30:00-04:00,92.68499755859375,92.79000091552734,92.62300109863281,92.66500091552734,4210798
2024-03-18 12:30:00-04:00,92.5615005493164,92.75499725341797,92.54000091552734,92.68000030517578,3034564
2024-03-18 13:30:00-04:00,92.57499694824219,92.61000061035156,92.5,92.56500244140625,2509542
2024-03-18 14:30:00-04:00,92.63999938964844,92.69999694824219,92.51499938964844,92.56999969482422,3755159
2024-03-18 15:30:00-04:00,92.6449966430664,92.69000244140625,92.62999725341797,92.6449966430664,3154399
2024-03-19 09:30:00-04:00,92.7667007446289,92.9000015258789,92.69000244140625,92.8499984741211,5137674
2024-03-19 10:30:00-04:00,92.8949966430664,92.94000244140625,92.75,92.7699966430664,3180903
2024-03-19 11:30:00-04:00,92.83999633789062,92.94000244140625,92.8021011352539,92.9000015258789,2842744
2024-03-19 12:30:00-04:00,92.97000122070312,93.2699966430664,92.7300033569336,92.83809661865234,4115518
2024-03-19 13:30:00-04:00,92.94499969482422,93.08499908447266,92.91500091552734,92.97000122070312,2954623
2024-03-19 14:30:00-04:00,93.02999877929688,93.14749908447266,92.94499969482422,92.94999694824219,3810483
2024-03-19 15:30:00-04:00,92.91999816894531,93.02999877929688,92.91000366210938,93.0199966430664,2677337
2024-03-20 09:30:00-04:00,93.11000061035156,93.16500091552734,92.97000122070312,93.08999633789062,3006149
2024-03-20 10:30:00-04:00,93.2249984741211,93.30000305175781,93.05000305175781,93.11820220947266,3238199
2024-03-20 11:30:00-04:00,93.24030303955078,93.27999877929688,93.13999938964844,93.2249984741211,2209647
2024-03-20 12:30:00-04:00,93.25,93.29540252685547,93.20999908447266,93.23999786376953,3346426
2024-03-20 13:30:00-04:00,92.66000366210938,93.78980255126953,92.6001968383789,93.25,7701633
2024-03-20 14:30:00-04:00,92.96499633789062,93.08999633789062,92.29000091552734,92.6698989868164,11602909
2024-03-20 15:30:00-04:00,92.91000366210938,93.05000305175781,92.84500122070312,92.97000122070312,6222001
2024-03-21 09:30:00-04:00,92.98100280761719,93.41999816894531,92.7699966430664,93.2699966430664,8170024
2024-03-21 10:30:00-04:00,92.80500030517578,93.06999969482422,92.7249984741211,92.98500061035156,3510272
2024-03-21 11:30:00-04:00,93.08999633789062,93.0999984741211,92.79000091552734,92.80500030517578,3079682
2024-03-21 12:30:00-04:00,92.97550201416016,93.12789916992188,92.91000366210938,93.08499908447266,2393974
2024-03-21 13:30:00-04:00,93.03500366210938,93.06990051269531,92.94999694824219,92.97000122070312,1432414
2024-03-21 14:30:00-04:00,93.06500244140625,93.13999938964844,93.02330017089844,93.02999877929688,1800191
2024-03-21 15:30:00-04:00,93.05999755859375,93.08499908447266,93.02999877929688,93.06500244140625,3826271
2024-03-22 09:30:00-04:00,93.92900085449219,94.20999908447266,93.87000274658203,94.19000244140625,6961727
2024-03-22 10:30:00-04:00,94.0,94.04750061035156,93.77999877929688,93.93000030517578,3695966
2024-03-22 11:30:00-04:00,93.98989868164062,94.0199966430664,93.87999725341797,94.01000213623047,2941852
2024-03-22 12:30:00-04:00,93.9469985961914,94.0250015258789,93.87999725341797,93.98999786376953,2211690
2024-03-22 13:30:00-04:00,93.91000366210938,93.98999786376953,93.88500213623047,93.94499969482422,1853960
2024-03-22 14:30:00-04:00,93.92500305175781,93.97000122070312,93.86499786376953,93.91999816894531,1844910
2024-03-22 15:30:00-04:00,93.95999908447266,93.9800033569336,93.87999725341797,93.92500305175781,3911289
2024-03-25 09:30:00-04:00,93.63999938964844,93.75,93.5199966430664,93.70700073242188,4899553
2024-03-25 10:30:00-04:00,93.55000305175781,93.69999694824219,93.51000213623047,93.63999938964844,2281891
2024-03-25 11:30:00-04:00,93.54499816894531,93.59500122070312,93.48999786376953,93.55000305175781,2213098
2024-03-25 12:30:00-04:00,93.55000305175781,93.58000183105469,93.47000122070312,93.54499816894531,1892373
2024-03-25 13:30:00-04:00,93.3499984741211,93.58499908447266,93.30000305175781,93.55000305175781,1884905
2024-03-25 14:30:00-04:00,93.43000030517578,93.44999694824219,93.35140228271484,93.3550033569336,2118832
2024-03-25 15:30:00-04:00,93.5199966430664,93.54000091552734,93.37999725341797,93.41999816894531,3135878
2024-03-26 09:30:00-04:00,93.3550033569336,93.61499786376953,93.32499694824219,93.5199966430664,3926505
2024-03-26 10:30:00-04:00,93.49549865722656,93.54000091552734,93.28130340576172,93.3499984741211,2467210
2024-03-26 11:30:00-04:00,93.62999725341797,93.63999938964844,93.46499633789062,93.48999786376953,2630012
2024-03-26 12:30:00-04:00,93.75,93.79499816894531,93.59500122070312,93.62999725341797,3525320
2024-03-26 13:30:00-04:00,93.80000305175781,93.80000305175781,93.66000366210938,93.75,1799034
2024-03-26 14:30:00-04:00,93.79000091552734,93.87000274658203,93.7249984741211,93.80000305175781,3765444
2024-03-26 15:30:00-04:00,93.80500030517578,93.86000061035156,93.7699966430664,93.78500366210938,4029716
2024-03-27 09:30:00-04:00,94.06999969482422,94.08989715576172,93.94000244140625,93.98999786376953,4620375
2024-03-27 10:30:00-04:00,94.29499816894531,94.38999938964844,94.08000183105469,94.08000183105469,5950720
2024-03-27 11:30:00-04:00,94.41999816894531,94.47879791259766,94.26000213623047,94.29100036621094,4984878
2024-03-27 12:30:00-04:00,94.58000183105469,94.65950012207031,94.41999816894531,94.41999816894531,5336410
2024-03-27 13:30:00-04:00,94.5250015258789,94.61000061035156,94.46109771728516,94.57499694824219,4035761
2024-03-27 14:30:00-04:00,94.58390045166016,94.61499786376953,94.5011978149414,94.52999877929688,3952076
2024-03-27 15:30:00-04:00,94.6500015258789,94.69999694824219,94.55000305175781,94.58499908447266,7985290
2024-03-28 09:30:00-04:00,94.6364974975586,94.7750015258789,94.31999969482422,94.5,5537985
2024-03-28 10:30:00-04:00,94.8949966430664,94.93000030517578,94.62000274658203,94.63999938964844,3228505
2024-03-28 11:30:00-04:00,94.90899658203125,95.0199966430664,94.875,94.8949966430664,4082190
2024-03-28 12:30:00-04:00,94.66000366210938,94.95999908447266,94.63999938964844,94.90899658203125,6975211
2024-03-28 13:30:00-04:00,94.61000061035156,94.72090148925781,94.61000061035156,94.66000366210938,2690623
2024-03-28 14:30:00-04:00,94.5999984741211,94.63990020751953,94.55999755859375,94.5999984741211,1694168
2024-03-28 15:30:00-04:00,94.63999938964844,94.67500305175781,94.58000183105469,94.60459899902344,4753399
2024-04-01 09:30:00-04:00,92.72000122070312,93.30000305175781,92.70999908447266,93.29000091552734,12523520
2024-04-01 10:30:00-04:00,92.69999694824219,92.80000305175781,92.66999816894531,92.7249984741211,5533522
2024-04-01 11:30:00-04:00,92.5199966430664,92.73999786376953,92.51000213623047,92.70999908447266,4140931
2024-04-01 12:30:00-04:00,92.54499816894531,92.58999633789062,92.5,92.5250015258789,4376559
2024-04-01 13:30:00-04:00,92.625,92.64600372314453,92.51499938964844,92.54499816894531,3431772
2024-04-01 14:30:00-04:00,92.50399780273438,92.62999725341797,92.4926986694336,92.625,4371923
2024-04-01 15:30:00-04:00,92.54900360107422,92.54900360107422,92.45500183105469,92.5,5213327
2024-04-02 09:30:00-04:00,91.94000244140625,91.98680114746094,91.33499908447266,91.58000183105469,11497913
2024-04-02 10:30:00-04:00,91.86009979248047,92.02999877929688,91.79000091552734,91.9386978149414,4622180
2024-04-02 11:30:00-04:00,91.94989776611328,91.94989776611328,91.80500030517578,91.86000061035156,3987721
2024-04-02 12:30:00-04:00,91.92009735107422,92.05999755859375,91.88099670410156,91.94000244140625,3421066
2024-04-02 13:30:00-04:00,92.01499938964844,92.02999877929688,91.875,91.92500305175781,2743670
2024-04-02 14:30:00-04:00,91.97000122070312,92.01499938964844,91.91000366210938,92.01499938964844,2755974
2024-04-02 15:30:00-04:00,92.08999633789062,92.19999694824219,91.9749984741211,91.9800033569336,7861610
2024-04-03 09:30:00-04:00,91.30999755859375,91.68000030517578,91.05069732666016,91.26000213623047,11736696
2024-04-03 10:30:00-04:00,91.625,91.63999938964844,91.29499816894531,91.30000305175781,6252653
2024-04-03 11:30:00-04:00,91.80000305175781,91.80999755859375,91.49500274658203,91.62100219726562,4572835
2024-04-03 12:30:00-04:00,91.7499008178711,92.01000213623047,91.66000366210938,91.80500030517578,4327099
2024-04-03 13:30:00-04:00,91.87000274658203,91.95999908447266,91.74500274658203,91.75,1696804
2024-04-03 14:30:00-04:00,91.95500183105469,92.02999877929688,91.8499984741211,91.87090301513672,2347091
2024-04-03 15:30:00-04:00,92.02999877929688,92.05000305175781,91.91380310058594,91.95500183105469,5395955
2024-04-04 09:30:00-04:00,92.37000274658203,92.70999908447266,92.33999633789062,92.62999725341797,10046671
2024-04-04 10:30:00-04:00,92.22000122070312,92.38999938964844,92.16999816894531,92.37000274658203,4427526
2024-04-04 11:30:00-04:00,92.2490005493164,92.2699966430664,92.13999938964844,92.20500183105469,3444151
2024-04-04 12:30:00-04:00,92.09500122070312,92.26499938964844,92.06500244140625,92.24710083007812,1858789
2024-04-04 13:30:00-04:00,92.33000183105469,92.37000274658203,92.04000091552734,92.08999633789062,3709037
2024-04-04 14:30:00-04:00,92.61499786376953,92.62999725341797,92.2699966430664,92.33499908447266,7568768
2024-04-04 15:30:00-04:00,92.66000366210938,92.73999786376953,92.56999969482422,92.61499786376953,6874794
2024-04-05 09:30:00-04:00,92.06999969482422,92.18000030517578,91.57099914550781,91.68499755859375,8050486
2024-04-05 10:30:00-04:00,91.6989974975586,92.06600189208984,91.52999877929688,92.06600189208984,6596647
2024-04-05 11:30:00-04:00,91.80999755859375,91.86000061035156,91.66000366210938,91.69499969482422,5498420
2024-04-05 12:30:00-04:00,91.7699966430664,91.86000061035156,91.7300033569336,91.8134994506836,2751558
2024-04-05 13:30:00-04:00,91.75,91.80999755859375,91.70500183105469,91.77999877929688,2874035
2024-04-05 14:30:00-04:00,91.53500366210938,91.80000305175781,91.47000122070312,91.75520324707031,4170095
2024-04-05 15:30:00-04:00,91.37999725341797,91.56999969482422,91.37999725341797,91.53500366210938,4860359
2024-04-08 09:30:00-04:00,91.5199966430664,91.58999633789062,91.12999725341797,91.21499633789062,8124821
2024-04-08 10:30:00-04:00,91.19499969482422,91.5199966430664,91.13999938964844,91.51000213623047,5451567
2024-04-08 11:30:00-04:00,91.19000244140625,91.37999725341797,91.13999938964844,91.19999694824219,6681705
2024-04-08 12:30:00-04:00,91.3550033569336,91.36000061035156,91.1500015258789,91.19000244140625,2538328
2024-04-08 13:30:00-04:00,91.55000305175781,91.55999755859375,91.33000183105469,91.3550033569336,2674832
2024-04-08 14:30:00-04:00,91.44999694824219,91.54000091552734,91.36000061035156,91.54000091552734,2471070
2024-04-08 15:30:00-04:00,91.37999725341797,91.48999786376953,91.3550033569336,91.44999694824219,2820899
2024-04-09 09:30:00-04:00,92.04499816894531,92.1050033569336,91.83499908447266,91.86900329589844,5165077
2024-04-09 10:30:00-04:00,92.1500015258789,92.23999786376953,92.0199966430664,92.05000305175781,4307593
2024-04-09 11:30:00-04:00,92.15499877929688,92.24500274658203,92.125,92.1449966430664,3069357
2024-04-09 12:30:00-04:00,92.20500183105469,92.29000091552734,92.0790023803711,92.15360260009766,3891012
2024-04-09 13:30:00-04:00,92.16999816894531,92.32520294189453,92.16999816894531,92.21499633789062,2078317
2024-04-09 14:30:00-04:00,92.2699966430664,92.3550033569336,92.13999938964844,92.18000030517578,3809124
2024-04-09 15:30:00-04:00,92.2300033569336,92.27570343017578,92.20999908447266,92.26000213623047,3152845
2024-04-10 09:30:00-04:00,90.9749984741211,91.29499816894531,90.94000244140625,91.20010375976562,11620548
2024-04-10 10:30:00-04:00,90.91000366210938,91.11499786376953,90.86000061035156,90.97949981689453,7973319
2024-04-10 11:30:00-04:00,90.7300033569336,90.95999908447266,90.72000122070312,90.9000015258789,5481334
2024-04-10 12:30:00-04:00,90.26000213623047,90.76000213623047,90.05000305175781,90.7300033569336,11303373
2024-04-10 13:30:00-04:00,90.26499938964844,90.54000091552734,90.20999908447266,90.25,8774223
2024-04-10 14:30:00-04:00,90.16000366210938,92.2300033569336,90.125,90.26499938964844,8209468
2024-04-10 15:30:00-04:00,90.24500274658203,90.26000213623047,90.125,90.15499877929688,7887067
2024-04-11 09:30:00-04:00,89.61499786376953,90.44000244140625,89.54499816894531,90.38999938964844,9856252
2024-04-11 10:30:00-04:00,89.51499938964844,89.87000274658203,89.51000213623047,89.61499786376953,7147953
2024-04-11 11:30:00-04:00,89.6500015258789,89.87989807128906,89.5199966430664,89.5199966430664,5225485
2024-04-11 12:30:00-04:00,89.91000366210938,90.06999969482422,89.60150146484375,89.65670013427734,7583777
2024-04-11 13:30:00-04:00,90.18000030517578,90.33000183105469,89.90010070800781,89.90499877929688,4024858
2024-04-11 14:30:00-04:00,89.95999908447266,90.18119812011719,89.80999755859375,90.18000030517578,6008156
2024-04-11 15:30:00-04:00,89.79000091552734,89.97000122070312,89.77999877929688,89.96499633789062,11080529
2024-04-12 09:30:00-04:00,90.83499908447266,90.93000030517578,90.41000366210938,90.63999938964844,9136320
2024-04-12 10:30:00-04:00,90.54499816894531,90.94999694824219,90.52999877929688,90.83499908447266,4448137
2024-04-12 11:30:00-04:00,90.45999908447266,90.56500244140625,90.36000061035156,90.55000305175781,5837454
2024-04-12 12:30:00-04:00,90.72000122070312,90.72000122070312,90.41999816894531,90.46499633789062,6271805
2024-04-12 13:30:00-04:00,90.66500091552734,90.83499908447266,90.63500213623047,90.71499633789062,4680494
2024-04-12 14:30:00-04:00,90.55500030517578,90.70980072021484,90.5199966430664,90.66999816894531,4188792
2024-04-12 15:30:00-04:00,90.29000091552734,90.56999969482422,90.27999877929688,90.55500030517578,5818506
2024-04-15 09:30:00-04:00,88.61499786376953,89.26000213623047,88.52300262451172,89.25,10996299
2024-04-15 10:30:00-04:00,88.87000274658203,89.09100341796875,88.61229705810547,88.61799621582031,9118331
2024-04-15 11:30:00-04:00,88.66500091552734,88.90499877929688,88.55000305175781,88.87999725341797,4365329
2024-04-15 12:30:00-04:00,88.73999786376953,88.7750015258789,88.5999984741211,88.66000366210938,3659690
2024-04-15 13:30:00-04:00,88.63500213623047,88.80500030517578,88.55999755859375,88.7301025390625,4542836
2024-04-15 14:30:00-04:00,88.72000122070312,88.75,88.58499908447266,88.63400268554688,3999136
2024-04-15 15:30:00-04:00,88.8949966430664,88.93000030517578,88.70999908447266,88.7249984741211,9584877
2024-04-16 09:30:00-04:00,88.11000061035156,88.23999786376953,87.78500366210938,88.05000305175781,10956876
2024-04-16 10:30:00-04:00,88.47000122070312,88.5199966430664,87.98500061035156,88.11000061035156,6567810
2024-04-16 11:30:00-04:00,88.44999694824219,88.53710174560547,88.375,88.45999908447266,2722874
2024-04-16 12:30:00-04:00,88.12999725341797,88.44999694824219,88.09750366210938,88.44999694824219,3111562
2024-04-16 13:30:00-04:00,88.3550033569336,88.58000183105469,88.02999877929688,88.12999725341797,6081836
2024-04-16 14:30:00-04:00,88.30470275878906,88.5250015258789,88.29000091552734,88.3550033569336,4329593
2024-04-16 15:30:00-04:00,88.30000305175781,88.44000244140625,88.16000366210938,88.30000305175781,6518708
2024-04-17 09:30:00-04:00,88.54000091552734,88.90499877929688,88.46499633789062,88.87000274658203,6664339
2024-04-17 10:30:00-04:00,88.83499908447266,88.87000274658203,88.5199966430664,88.54000091552734,5274793
2024-04-17 11:30:00-04:00,89.02189636230469,89.02999877929688,88.79000091552734,88.83499908447266,5597542
2024-04-17 12:30:00-04:00,88.95999908447266,89.2300033569336,88.80999755859375,89.02999877929688,5897134
2024-04-17 13:30:00-04:00,89.30000305175781,89.375,88.95130157470703,88.95999908447266,5461899
2024-04-17 14:30:00-04:00,89.22630310058594,89.33499908447266,89.16000366210938,89.30500030517578,5505655
2024-04-17 15:30:00-04:00,89.29000091552734,89.30999755859375,89.16999816894531,89.2249984741211,5537351
2024-04-18 09:30:00-04:00,88.93000030517578,89.26000213623047,88.87000274658203,89.23999786376953,5655161
2024-04-18 10:30:00-04:00,88.83999633789062,89.03109741210938,88.81999969482422,88.94000244140625,4482355
2024-04-18 11:30:00-04:00,88.80000305175781,88.92500305175781,88.72000122070312,88.83000183105469,4077891
2024-04-18 12:30:00-04:00,88.69000244140625,88.81500244140625,88.62999725341797,88.80000305175781,4634467
2024-04-18 13:30:00-04:00,88.67990112304688,88.7699966430664,88.58999633789062,88.68299865722656,3631923
2024-04-18 14:30:00-04:00,88.76499938964844,88.76499938964844,88.61000061035156,88.67500305175781,2906638
2024-04-18 15:30:00-04:00,88.80000305175781,88.8499984741211,88.75,88.76000213623047,3811008
2024-04-19 09:30:00-04:00,88.97899627685547,89.38999938964844,88.91480255126953,89.38269805908203,10199252
2024-04-19 10:30:00-04:00,89.06999969482422,89.12000274658203,88.94499969482422,88.97760009765625,13334967
2024-04-19 11:30:00-04:00,89.08999633789062,89.30000305175781,89.06500244140625,89.07499694824219,4009727
2024-04-19 12:30:00-04:00,88.94039916992188,89.18000030517578,88.91000366210938,89.08499908447266,3416516
2024-04-19 13:30:00-04:00,89.0999984741211,89.0999984741211,88.91000366210938,88.94999694824219,3578687
2024-04-19 14:30:00-04:00,89.0999984741211,89.16680145263672,89.05999755859375,89.09590148925781,3299596
2024-04-19 15:30:00-04:00,89.16000366210938,89.16999816894531,89.0199966430664,89.09989929199219,4134938
2024-04-22 09:30:00-04:00,88.74649810791016,88.875,88.6449966430664,88.67500305175781,5010944
2024-04-22 10:30:00-04:00,88.91999816894531,89.1500015258789,88.66999816894531,88.73999786376953,3407061
2024-04-22 11:30:00-04:00,88.95999908447266,89.12000274658203,88.9188003540039,88.92009735107422,2922703
2024-04-22 12:30:00-04:00,88.94999694824219,89.04000091552734,88.90499877929688,88.96499633789062,2397566
2024-04-22 13:30:00-04:00,88.93499755859375,89.0199966430664,88.9000015258789,88.94999694824219,2612562
2024-04-22 14:30:00-04:00,89.0250015258789,89.05000305175781,88.91999816894531,88.93499755859375,2295671
2024-04-22 15:30:00-04:00,89.0199966430664,89.05999755859375,89.0,89.02999877929688,2630088
2024-04-23 09:30:00-04:00,89.38999938964844,89.47010040283203,88.55000305175781,88.7300033569336,7481500
2024-04-23 10:30:00-04:00,89.25,89.43000030517578,89.18000030517578,89.38999938964844,3686545
2024-04-23 11:30:00-04:00,89.3550033569336,89.36000061035156,89.18000030517578,89.24500274658203,2247967
2024-04-23 12:30:00-04:00,89.2249984741211,89.54000091552734,89.21499633789062,89.36000061035156,3413312
2024-04-23 13:30:00-04:00,89.1500015258789,89.30020141601562,89.13500213623047,89.22000122070312,1417710
2024-04-23 14:30:00-04:00,88.96499633789062,89.18499755859375,88.94499969482422,89.1500015258789,2898997
2024-04-23 15:30:00-04:00,89.0,89.0199966430664,88.87000274658203,88.95999908447266,3480002
2024-04-24 09:30:00-04:00,88.12000274658203,88.61000061035156,88.01000213623047,88.55999755859375,8871524
2024-04-24 10:30:00-04:00,88.22000122070312,88.28500366210938,87.97000122070312,88.11499786376953,6858092
2024-04-24 11:30:00-04:00,88.2300033569336,88.27999877929688,88.12999725341797,88.22000122070312,3883077
2024-04-24 12:30:00-04:00,88.12000274658203,88.2750015258789,88.08999633789062,88.2249984741211,3872411
2024-04-24 13:30:00-04:00,88.16000366210938,88.26750183105469,88.08999633789062,88.12000274658203,3221268
2024-04-24 14:30:00-04:00,88.29499816894531,88.31990051269531,88.11499786376953,88.16000366210938,4074395
2024-04-24 15:30:00-04:00,88.37999725341797,88.38999938964844,88.2699966430664,88.29499816894531,5823470
2024-04-25 09:30:00-04:00,87.69000244140625,87.69000244140625,87.33999633789062,87.45500183105469,9239754
2024-04-25 10:30:00-04:00,87.80999755859375,87.82499694824219,87.55500030517578,87.68499755859375,4437990
2024-04-25 11:30:00-04:00,87.70500183105469,87.81939697265625,87.6500015258789,87.80500030517578,2785372
2024-04-25 12:30:00-04:00,87.74500274658203,87.9000015258789,87.69400024414062,87.70500183105469,4044375
2024-04-25 13:30:00-04:00,87.74500274658203,87.81999969482422,87.66999816894531,87.73999786376953,3187176
2024-04-25 14:30:00-04:00,87.78500366210938,87.80999755859375,87.69999694824219,87.75,2820270
2024-04-25 15:30:00-04:00,87.76000213623047,87.81999969482422,87.75,87.78369903564453,4194981
2024-04-26 09:30:00-04:00,88.52999877929688,88.6050033569336,88.21499633789062,88.25,4710179
2024-04-26 10:30:00-04:00,88.31500244140625,88.55999755859375,88.2300033569336,88.52999877929688,3330817
2024-04-26 11:30:00-04:00,88.25,88.33999633789062,88.05000305175781,88.30999755859375,3077327
2024-04-26 12:30:00-04:00,88.20999908447266,88.33999633789062,88.18000030517578,88.25370025634766,2221717
2024-04-26 13:30:00-04:00,88.24500274658203,88.2750015258789,88.20500183105469,88.21499633789062,1257745
2024-04-26 14:30:00-04:00,88.28990173339844,88.33000183105469,88.2300033569336,88.24500274658203,3751646
2024-04-26 15:30:00-04:00,88.26000213623047,88.29660034179688,88.20999908447266,88.29000091552734,4082795
2024-04-29 09:30:00-04:00,88.79000091552734,88.81500244140625,88.4800033569336,88.66899871826172,6471641
2024-04-29 10:30:00-04:00,88.86499786376953,88.95999908447266,88.76000213623047,88.78500366210938,5049257
2024-04-29 11:30:00-04:00,88.80999755859375,88.87629699707031,88.68499755859375,88.87000274658203,5576987
2024-04-29 12:30:00-04:00,88.84500122070312,88.93499755859375,88.79000091552734,88.80999755859375,2067993
2024-04-29 13:30:00-04:00,89.0,89.01000213623047,88.73500061035156,88.84500122070312,4091417
2024-04-29 14:30:00-04:00,88.7750015258789,89.01499938964844,88.62000274658203,89.0,5465352
2024-04-29 15:30:00-04:00,88.9800033569336,88.98999786376953,88.69999694824219,88.7750015258789,4629263
2024-04-30 09:30:00-04:00,88.58499908447266,88.7300033569336,88.27999877929688,88.44000244140625,5536299
2024-04-30 10:30:00-04:00,88.55000305175781,88.65499877929688,88.33999633789062,88.58999633789062,3122435
2024-04-30 11:30:00-04:00,88.54149627685547,88.6050033569336,88.44499969482422,88.55500030517578,1942708
2024-04-30 12:30:00-04:00,88.45500183105469,88.55500030517578,88.4000015258789,88.54149627685547,2060673
2024-04-30 13:30:00-04:00,88.4000015258789,88.51499938964844,88.39330291748047,88.45559692382812,1559896
2024-04-30 14:30:00-04:00,88.20500183105469,88.41500091552734,88.1500015258789,88.41000366210938,6148538
2024-04-30 15:30:00-04:00,88.26000213623047,88.31999969482422,88.0999984741211,88.20500183105469,12970842
2024-05-01 09:30:00-04:00,88.44000244140625,88.70999908447266,88.25,88.5999984741211,9849631
2024-05-01 10:30:00-04:00,88.37000274658203,88.51499938964844,88.29000091552734,88.44999694824219,3286077
2024-05-01 11:30:00-04:00,88.48999786376953,88.4906997680664,88.33499908447266,88.36499786376953,2749807
2024-05-01 12:30:00-04:00,88.5,88.56999969482422,88.45999908447266,88.48500061035156,2984469
2024-05-01 13:30:00-04:00,88.71499633789062,88.9800033569336,88.26100158691406,88.50499725341797,7969152
2024-05-01 14:30:00-04:00,88.66000366210938,89.20999908447266,88.55000305175781,88.72000122070312,10324892
2024-05-01 15:30:00-04:00,88.56999969482422,88.66999816894531,88.48999786376953,88.66100311279297,8525226
2024-05-02 09:30:00-04:00,88.2300033569336,88.3499984741211,88.0250015258789,88.20999908447266,8252323
2024-05-02 10:30:00-04:00,88.52749633789062,88.5999984741211,88.12000274658203,88.23500061035156,6756214
2024-05-02 11:30:00-04:00,88.73500061035156,88.7499008178711,88.50499725341797,88.5250015258789,7806201
2024-05-02 12:30:00-04:00,88.87999725341797,88.87999725341797,88.65499877929688,88.73999786376953,4705018
2024-05-02 13:30:00-04:00,88.91000366210938,88.97000122070312,88.86000061035156,88.8740005493164,5169092
2024-05-02 14:30:00-04:00,88.92500305175781,89.01000213623047,88.83000183105469,88.9260025024414,3849003
2024-05-02 15:30:00-04:00,88.9000015258789,88.94000244140625,88.83499908447266,88.91999816894531,8657328
2024-05-03 09:30:00-04:00,89.37999725341797,90.12000274658203,89.28500366210938,89.94000244140625,15368792
2024-05-03 10:30:00-04:00,89.52999877929688,89.61499786376953,89.2699966430664,89.375,5978098
2024-05-03 11:30:00-04:00,89.65499877929688,89.76000213623047,89.54000091552734,89.54000091552734,4494509
2024-05-03 12:30:00-04:00,89.61499786376953,89.68499755859375,89.55000305175781,89.65499877929688,2868329
2024-05-03 13:30:00-04:00,89.78500366210938,89.80500030517578,89.61000061035156,89.61000061035156,3900015
2024-05-03 14:30:00-04:00,89.84500122070312,89.88999938964844,89.76000213623047,89.79000091552734,5008535
2024-05-03 15:30:00-04:00,89.81999969482422,89.8499984741211,89.76010131835938,89.84500122070312,5236300
2024-05-06 09:30:00-04:00,89.80120086669922,89.87999725341797,89.76000213623047,89.87000274658203,3714030
2024-05-06 10:30:00-04:00,89.70500183105469,89.8550033569336,89.66999816894531,89.80500030517578,2663140
2024-05-06 11:30:00-04:00,89.87999725341797,89.93000030517578,89.69999694824219,89.70500183105469,2023047
2024-05-06 12:30:00-04:00,90.10009765625,90.1500015258789,89.83999633789062,89.88500213623047,2513857
2024-05-06 13:30:00-04:00,90.17749786376953,90.25,90.0999984741211,90.10990142822266,2328887
2024-05-06 14:30:00-04:00,90.16500091552734,90.19000244140625,90.04000091552734,90.16999816894531,2941030
2024-05-06 15:30:00-04:00,90.16500091552734,90.19000244140625,90.0916976928711,90.16999816894531,2708162
2024-05-07 09:30:00-04:00,90.92500305175781,91.01750183105469,90.76000213623047,90.88999938964844,5543138
2024-05-07 10:30:00-04:00,91.15499877929688,91.19000244140625,90.92500305175781,90.92500305175781,3524151
2024-05-07 11:30:00-04:00,91.01499938964844,91.23500061035156,91.01000213623047,91.15409851074219,3853817
2024-05-07 12:30:00-04:00,90.88500213623047,91.07499694824219,90.8499984741211,91.0199966430664,2776964
2024-05-07 13:30:00-04:00,90.83999633789062,90.93000030517578,90.83499908447266,90.88500213623047,2037421
2024-05-07 14:30:00-04:00,90.66000366210938,90.83999633789062,90.61409759521484,90.83999633789062,4144232
2024-05-07 15:30:00-04:00,90.75,90.79000091552734,90.62999725341797,90.66999816894531,3719692
2024-05-08 09:30:00-04:00,90.41500091552734,90.45500183105469,90.29000091552734,90.30999755859375,4132934
2024-05-08 10:30:00-04:00,90.34989929199219,90.44999694824219,90.25,90.41500091552734,2154667
2024-05-08 11:30:00-04:00,90.37999725341797,90.45500183105469,90.32099914550781,90.34500122070312,2142493
2024-05-08 12:30:00-04:00,90.31999969482422,90.45999908447266,90.25,90.38500213623047,3987006
2024-05-08 13:30:00-04:00,90.3499984741211,90.41999816894531,90.29499816894531,90.32499694824219,2249186
2024-05-08 14:30:00-04:00,90.21499633789062,90.3499984741211,90.18000030517578,90.3499984741211,2879133
2024-05-08 15:30:00-04:00,90.19999694824219,90.24500274658203,90.16000366210938,90.20999908447266,4457907
2024-05-09 09:30:00-04:00,89.96060180664062,90.01000213623047,89.81999969482422,89.87000274658203,5280797
2024-05-09 10:30:00-04:00,90.11000061035156,90.19989776611328,89.95500183105469,89.95999908447266,3394108
2024-05-09 11:30:00-04:00,90.08499908447266,90.19000244140625,90.04499816894531,90.11000061035156,2044622
2024-05-09 12:30:00-04:00,90.58499908447266,90.5999984741211,90.02999877929688,90.08499908447266,7022573
2024-05-09 13:30:00-04:00,90.61499786376953,90.62000274658203,90.49500274658203,90.58499908447266,3077064
2024-05-09 14:30:00-04:00,90.65499877929688,90.7699966430664,90.61499786376953,90.62000274658203,5982463
2024-05-09 15:30:00-04:00,90.61000061035156,90.68000030517578,90.58000183105469,90.65339660644531,3781176
2024-05-10 09:30:00-04:00,90.08000183105469,90.37999725341797,90.05999755859375,90.2761001586914,4765032
2024-05-10 10:30:00-04:00,90.08000183105469,90.1500015258789,90.0199966430664,90.08000183105469,2983176
2024-05-10 11:30:00-04:00,89.97000122070312,90.13999938964844,89.96499633789062,90.08499908447266,3483036
2024-05-10 12:30:00-04:00,90.09989929199219,90.11000061035156,89.95999908447266,89.97000122070312,1850759
2024-05-10 13:30:00-04:00,90.06500244140625,90.16000366210938,90.04499816894531,90.0999984741211,1801614
2024-05-10 14:30:00-04:00,90.08999633789062,90.11000061035156,90.05999755859375,90.06990051269531,2060210
2024-05-10 15:30:00-04:00,90.1449966430664,90.1500015258789,90.08000183105469,90.08999633789062,2737552
2024-05-13 09:30:00-04:00,90.49500274658203,90.61000061035156,90.44999694824219,90.55000305175781,4255967
2024-05-13 10:30:00-04:00,90.33999633789062,90.57499694824219,90.31999969482422,90.49500274658203,3113312
2024-05-13 11:30:00-04:00,90.4749984741211,90.5,90.33999633789062,90.33999633789062,2173657
2024-05-13 12:30:00-04:00,90.53500366210938,90.55999755859375,90.45999908447266,90.4749984741211,2748685
2024-05-13 13:30:00-04:00,90.45939636230469,90.56999969482422,90.44999694824219,90.5302963256836,3158951
2024-05-13 14:30:00-04:00,90.36000061035156,90.47000122070312,90.32350158691406,90.45500183105469,2368236
2024-05-13 15:30:00-04:00,90.37000274658203,90.37999725341797,90.30999755859375,90.36000061035156,4227478
2024-05-14 09:30:00-04:00,90.61499786376953,90.76499938964844,90.4800033569336,90.6500015258789,5926199
2024-05-14 10:30:00-04:00,90.55000305175781,90.70999908447266,90.51000213623047,90.61499786376953,2739652
2024-05-14 11:30:00-04:00,90.53500366210938,90.54499816894531,90.41999816894531,90.54499816894531,2289393
2024-05-14 12:30:00-04:00,90.7249984741211,90.80999755859375,90.5250015258789,90.53500366210938,1538860
2024-05-14 13:30:00-04:00,90.7750015258789,90.80989837646484,90.71499633789062,90.7249984741211,2039560
2024-05-14 14:30:00-04:00,90.86499786376953,90.9198989868164,90.76000213623047,90.7699966430664,3282880
2024-05-14 15:30:00-04:00,90.85009765625,90.87999725341797,90.79000091552734,90.87000274658203,4665939
2024-05-15 09:30:00-04:00,91.822998046875,91.91000366210938,91.62999725341797,91.87000274658203,11423843
2024-05-15 10:30:00-04:00,91.97000122070312,92.0250015258789,91.74009704589844,91.82499694824219,5602574
2024-05-15 11:30:00-04:00,92.0999984741211,92.11000061035156,91.8949966430664,91.97000122070312,3948551
2024-05-15 12:30:00-04:00,92.18000030517578,92.25,92.0999984741211,92.0999984741211,4408717
2024-05-15 13:30:00-04:00,92.08000183105469,92.25499725341797,92.05999755859375,92.18000030517578,3486636
2024-05-15 14:30:00-04:00,92.04499816894531,92.08000183105469,91.9800033569336,92.07499694824219,5627401
2024-05-15 15:30:00-04:00,92.13500213623047,92.13999938964844,92.01090240478516,92.04499816894531,9386996
2024-05-16 09:30:00-04:00,92.37000274658203,92.4000015258789,92.0999984741211,92.4000015258789,6102839
2024-05-16 10:30:00-04:00,92.27999877929688,92.42050170898438,92.26000213623047,92.36990356445312,3454197
2024-05-16 11:30:00-04:00,92.06999969482422,92.29000091552734,92.05500030517578,92.2750015258789,4052190
2024-05-16 12:30:00-04:00,92.1449966430664,92.16000366210938,92.05999755859375,92.06999969482422,2881832
2024-05-16 13:30:00-04:00,92.04499816894531,92.16000366210938,92.04000091552734,92.1500015258789,2582356
2024-05-16 14:30:00-04:00,92.00499725341797,92.06500244140625,91.98500061035156,92.04499816894531,4706583
2024-05-16 15:30:00-04:00,92.03500366210938,92.04000091552734,91.94000244140625,92.01000213623047,4557870
2024-05-17 09:30:00-04:00,91.63729858398438,91.70999908447266,91.51000213623047,91.62999725341797,4497465
2024-05-17 10:30:00-04:00,91.61000061035156,91.80000305175781,91.5999984741211,91.62999725341797,3529353
2024-05-17 11:30:00-04:00,91.53500366210938,91.5999984741211,91.5,91.5999984741211,2352803
2024-05-17 12:30:00-04:00,91.41500091552734,91.55989837646484,91.37249755859375,91.53500366210938,2703810
2024-05-17 13:30:00-04:00,91.46499633789062,91.47049713134766,91.33999633789062,91.41500091552734,2466438
2024-05-17 14:30:00-04:00,91.38500213623047,91.4657974243164,91.37000274658203,91.46499633789062,2539961
2024-05-17 15:30:00-04:00,91.38999938964844,91.41500091552734,91.37999725341797,91.38500213623047,2456487
2024-05-20 09:30:00-04:00,91.0602035522461,91.19999694824219,91.0199966430664,91.08000183105469,3286420
2024-05-20 10:30:00-04:00,91.07369995117188,91.15499877929688,91.01000213623047,91.05999755859375,2615701
2024-05-20 11:30:00-04:00,91.11499786376953,91.12750244140625,91.06999969482422,91.07499694824219,1416892
2024-05-20 12:30:00-04:00,91.19010162353516,91.19999694824219,91.1050033569336,91.11499786376953,1873668
2024-05-20 13:30:00-04:00,91.29499816894531,91.30999755859375,91.18499755859375,91.19000244140625,1529560
2024-05-20 14:30:00-04:00,91.16999816894531,91.31500244140625,91.16500091552734,91.29000091552734,2118976
2024-05-20 15:30:00-04:00,91.12999725341797,91.17500305175781,91.08000183105469,91.17500305175781,3076052
2024-05-21 09:30:00-04:00,91.56999969482422,91.7699966430664,91.5,91.72969818115234,3411454
2024-05-21 10:30:00-04:00,91.51000213623047,91.59510040283203,91.43499755859375,91.56500244140625,1737244
2024-05-21 11:30:00-04:00,91.57499694824219,91.62999725341797,91.48999786376953,91.51000213623047,1469508
2024-05-21 12:30:00-04:00,91.61000061035156,91.69499969482422,91.55000305175781,91.57499694824219,1427499
2024-05-21 13:30:00-04:00,91.57499694824219,91.62000274658203,91.55000305175781,91.61000061035156,889844
2024-05-21 14:30:00-04:00,91.53250122070312,91.60990142822266,91.4800033569336,91.57499694824219,1728129
2024-05-21 15:30:00-04:00,91.5999984741211,91.62000274658203,91.5250015258789,91.53669738769531,1822975
2024-05-22 09:30:00-04:00,91.54000091552734,91.55000305175781,91.26000213623047,91.2699966430664,4423937
2024-05-22 10:30:00-04:00,91.6050033569336,91.7300033569336,91.47010040283203,91.54499816894531,2861607
2024-05-22 11:30:00-04:00,91.62999725341797,91.66999816894531,91.51000213623047,91.61000061035156,2059973
2024-05-22 12:30:00-04:00,91.6500015258789,91.77989959716797,91.61000061035156,91.62999725341797,1626885
2024-05-22 13:30:00-04:00,91.65499877929688,91.7249984741211,91.52999877929688,91.6449966430664,2891380
2024-05-22 14:30:00-04:00,91.62999725341797,91.69999694824219,91.55999755859375,91.65499877929688,1631959
2024-05-22 15:30:00-04:00,91.69999694824219,91.70999908447266,91.61000061035156,91.63999938964844,6949118
2024-05-23 09:30:00-04:00,90.91500091552734,91.80000305175781,90.91000366210938,91.80000305175781,7544555
2024-05-23 10:30:00-04:00,90.9000015258789,91.07499694824219,90.81999969482422,90.91500091552734,5489648
2024-05-23 11:30:00-04:00,90.98999786376953,91.05000305175781,90.89469909667969,90.90499877929688,4828508
2024-05-23 12:30:00-04:00,91.08499908447266,91.1050033569336,90.93499755859375,90.99500274658203,2095282
2024-05-23 13:30:00-04:00,91.20500183105469,91.25499725341797,91.04000091552734,91.08499908447266,2288179
2024-05-23 14:30:00-04:00,91.19000244140625,91.20999908447266,91.13500213623047,91.20099639892578,2625908
2024-05-23 15:30:00-04:00,91.11499786376953,91.19999694824219,91.0999984741211,91.19499969482422,7279355
2024-05-24 09:30:00-04:00,91.25,91.31849670410156,90.9000015258789,90.9800033569336,5750839
2024-05-24 10:30:00-04:00,91.20999908447266,91.30650329589844,91.11000061035156,91.25499725341797,1998586
2024-05-24 11:30:00-04:00,91.29000091552734,91.32340240478516,91.11329650878906,91.21369934082031,1831087
2024-05-24 12:30:00-04:00,91.34010314941406,91.375,91.2300033569336,91.30000305175781,985384
2024-05-24 13:30:00-04:00,91.45500183105469,91.45999908447266,91.30010223388672,91.34500122070312,1403516
2024-05-24 14:30:00-04:00,91.43000030517578,91.47000122070312,91.41999816894531,91.44999694824219,1197341
2024-05-24 15:30:00-04:00,91.37000274658203,91.43000030517578,91.37000274658203,91.43000030517578,2557819
2024-05-28 09:30:00-04:00,90.69000244140625,91.36000061035156,90.69000244140625,91.31999969482422,6215091
2024-05-28 10:30:00-04:00,90.69499969482422,90.77999877929688,90.67500305175781,90.68499755859375,3476855
2024-05-28 11:30:00-04:00,90.56999969482422,90.7249984741211,90.51000213623047,90.69499969482422,3314030
2024-05-28 12:30:00-04:00,90.28500366210938,90.58000183105469,90.2300033569336,90.56500244140625,3954714
2024-05-28 13:30:00-04:00,90.12000274658203,90.30000305175781,90.05000305175781,90.28500366210938,4334181
2024-05-28 14:30:00-04:00,90.08899688720703,90.16000366210938,90.02999877929688,90.12000274658203,4797529
2024-05-28 15:30:00-04:00,90.05999755859375,90.11000061035156,90.03500366210938,90.08499908447266,6084175
2024-05-29 09:30:00-04:00,89.16000366210938,89.3949966430664,89.08999633789062,89.33999633789062,9318687
2024-05-29 10:30:00-04:00,89.01499938964844,89.23999786376953,88.91000366210938,89.16500091552734,5983786
2024-05-29 11:30:00-04:00,88.90499877929688,89.02999877929688,88.84500122070312,89.01570129394531,4173162
2024-05-29 12:30:00-04:00,88.98999786376953,89.0199966430664,88.68000030517578,88.9000015258789,6610804
2024-05-29 13:30:00-04:00,88.96499633789062,89.0250015258789,88.9000015258789,88.9801025390625,3881592
2024-05-29 14:30:00-04:00,88.99500274658203,89.01000213623047,88.82009887695312,88.95999908447266,4134943
2024-05-29 15:30:00-04:00,89.00499725341797,89.05500030517578,88.95999908447266,88.99500274658203,5026451
2024-05-30 09:30:00-04:00,89.60810089111328,89.66999816894531,89.44000244140625,89.58999633789062,6315703
2024-05-30 10:30:00-04:00,89.85009765625,89.87000274658203,89.58000183105469,89.5999984741211,4374712
2024-05-30 11:30:00-04:00,89.80999755859375,89.86499786376953,89.72000122070312,89.8499984741211,3225774
2024-05-30 12:30:00-04:00,89.87000274658203,89.89640045166016,89.76000213623047,89.80500030517578,1627341
2024-05-30 13:30:00-04:00,89.74500274658203,89.91000366210938,89.7300033569336,89.87000274658203,1876041
2024-05-30 14:30:00-04:00,89.75499725341797,89.77999877929688,89.67500305175781,89.74500274658203,2558797
2024-05-30 15:30:00-04:00,89.83499908447266,89.83999633789062,89.72000122070312,89.75,4390082
2024-05-31 09:30:00-04:00,90.55000305175781,90.63999938964844,90.41000366210938,90.46499633789062,6201466
2024-05-31 10:30:00-04:00,90.49030303955078,90.66000366210938,90.47000122070312,90.55000305175781,3901054
2024-05-31 11:30:00-04:00,90.3499984741211,90.50499725341797,90.29499816894531,90.5,2628308
2024-05-31 12:30:00-04:00,90.33360290527344,90.37999725341797,90.25,90.3550033569336,3208841
2024-05-31 13:30:00-04:00,90.38500213623047,90.38999938964844,90.30000305175781,90.33000183105469,1923876
2024-05-31 14:30:00-04:00,90.31500244140625,90.3949966430664,90.26000213623047,90.38500213623047,5503898
2024-05-31 15:30:00-04:00,90.52999877929688,90.56500244140625,90.27999877929688,90.31500244140625,9137989
2024-06-03 09:30:00-04:00,91.20500183105469,91.48999786376953,90.61000061035156,90.6500015258789,10111521
2024-06-03 10:30:00-04:00,91.41000366210938,91.42500305175781,91.19000244140625,91.20500183105469,5093714
2024-06-03 11:30:00-04:00,91.41999816894531,91.5250015258789,91.37000274658203,91.41000366210938,4112888
2024-06-03 12:30:00-04:00,91.5199966430664,91.52999877929688,91.38999938964844,91.41500091552734,2508422
2024-06-03 13:30:00-04:00,91.58000183105469,91.66999816894531,91.51000213623047,91.5250015258789,4737714
2024-06-03 14:30:00-04:00,91.4800033569336,91.58499908447266,91.44999694824219,91.58499908447266,3053702
2024-06-03 15:30:00-04:00,91.58000183105469,91.5999984741211,91.47000122070312,91.4749984741211,5363362
2024-06-04 09:30:00-04:00,92.13999938964844,92.58000183105469,91.98999786376953,92.20929718017578,11977927
2024-06-04 10:30:00-04:00,92.29000091552734,92.318603515625,92.12000274658203,92.13200378417969,4249831
2024-06-04 11:30:00-04:00,92.40499877929688,92.52999877929688,92.29000091552734,92.29499816894531,3225499
2024-06-04 12:30:00-04:00,92.7249984741211,92.7249984741211,92.40499877929688,92.40499877929688,3181762
2024-06-04 13:30:00-04:00,92.55500030517578,92.79499816894531,92.51000213623047,92.7249984741211,5608059
2024-06-04 14:30:00-04:00,92.58999633789062,92.5999984741211,92.44499969482422,92.55500030517578,3184991
2024-06-04 15:30:00-04:00,92.6500015258789,92.66999816894531,92.56999969482422,92.58999633789062,4402559
2024-06-05 09:30:00-04:00,92.63500213623047,93.30000305175781,92.38870239257812,93.0,10431019
2024-06-05 10:30:00-04:00,93.25,93.27999877929688,92.62999725341797,92.63999938964844,4625296
2024-06-05 11:30:00-04:00,93.08000183105469,93.31500244140625,93.05999755859375,93.24500274658203,4619554
2024-06-05 12:30:00-04:00,93.05989837646484,93.23999786376953,93.02999877929688,93.08000183105469,2246854
2024-06-05 13:30:00-04:00,93.125,93.1449966430664,93.0199966430664,93.05000305175781,1692951
2024-06-05 14:30:00-04:00,93.12000274658203,93.19999694824219,93.08999633789062,93.12999725341797,2821923
2024-06-05 15:30:00-04:00,93.33999633789062,93.3499984741211,93.11000061035156,93.12000274658203,6902809
2024-06-06 09:30:00-04:00,92.9000015258789,93.19999694824219,92.8949966430664,92.91000366210938,4797993
2024-06-06 10:30:00-04:00,93.17970275878906,93.19950103759766,92.86000061035156,92.90889739990234,3734084
2024-06-06 11:30:00-04:00,93.20999908447266,93.2300033569336,93.06500244140625,93.17949676513672,2427235
2024-06-06 12:30:00-04:00,93.20999908447266,93.20999908447266,93.08999633789062,93.19999694824219,1493264
2024-06-06 13:30:00-04:00,93.26000213623047,93.30000305175781,93.17479705810547,93.21499633789062,2008866
2024-06-06 14:30:00-04:00,93.36000061035156,93.43000030517578,93.26119995117188,93.26119995117188,2388297
2024-06-06 15:30:00-04:00,93.2300033569336,93.37000274658203,93.22000122070312,93.36499786376953,3292143
2024-06-07 09:30:00-04:00,91.62000274658203,91.83000183105469,91.4000015258789,91.81999969482422,10752481
2024-06-07 10:30:00-04:00,91.79499816894531,91.80000305175781,91.51499938964844,91.61499786376953,4785925
2024-06-07 11:30:00-04:00,91.76629638671875,91.81500244140625,91.62000274658203,91.79499816894531,2626846
2024-06-07 12:30:00-04:00,91.63999938964844,91.80000305175781,91.6050033569336,91.76499938964844,1814920
2024-06-07 13:30:00-04:00,91.52999877929688,91.64969635009766,91.5250015258789,91.62999725341797,2158539
2024-06-07 14:30:00-04:00,91.55999755859375,91.61499786376953,91.5199966430664,91.53009796142578,3086810
2024-06-07 15:30:00-04:00,91.5,91.55999755859375,91.5,91.55999755859375,4277822
2024-06-10 09:30:00-04:00,90.9800033569336,91.05999755859375,90.9000015258789,91.0,5094613
2024-06-10 10:30:00-04:00,90.875,90.98500061035156,90.80000305175781,90.9800033569336,2439689
2024-06-10 11:30:00-04:00,90.83000183105469,90.9209976196289,90.83000183105469,90.875,1443414
2024-06-10 12:30:00-04:00,90.72000122070312,90.90499877929688,90.69000244140625,90.83999633789062,1953618
2024-06-10 13:30:00-04:00,90.83000183105469,90.8499984741211,90.69999694824219,90.72000122070312,1406782
2024-06-10 14:30:00-04:00,90.87999725341797,90.91000366210938,90.8136978149414,90.83000183105469,1689091
2024-06-10 15:30:00-04:00,90.87999725341797,90.94000244140625,90.8739013671875,90.87989807128906,2597449
2024-06-11 09:30:00-04:00,91.13500213623047,91.2300033569336,91.0199966430664,91.03199768066406,3693059
2024-06-11 10:30:00-04:00,91.11000061035156,91.2699966430664,91.02999877929688,91.13500213623047,2757394
2024-06-11 11:30:00-04:00,90.94999694824219,91.12999725341797,90.94999694824219,91.0999984741211,1484551
2024-06-11 12:30:00-04:00,91.41500091552734,91.48500061035156,90.92230224609375,90.95500183105469,4232418
2024-06-11 13:30:00-04:00,91.76509857177734,91.77999877929688,91.37190246582031,91.41500091552734,4060078
2024-06-11 14:30:00-04:00,91.86000061035156,91.87000274658203,91.7300033569336,91.76899719238281,4601649
2024-06-11 15:30:00-04:00,91.82949829101562,91.87000274658203,91.80000305175781,91.8550033569336,3781436
2024-06-12 09:30:00-04:00,93.13999938964844,93.1500015258789,92.91999816894531,93.0199966430664,7717398
2024-06-12 10:30:00-04:00,93.29000091552734,93.3550033569336,93.13999938964844,93.1500015258789,4777474
2024-06-12 11:30:00-04:00,93.4749984741211,93.5,93.20999908447266,93.28500366210938,3973161
2024-06-12 12:30:00-04:00,93.38999938964844,93.56999969482422,93.37999725341797,93.47200012207031,3436912
2024-06-12 13:30:00-04:00,93.25499725341797,93.56999969482422,92.81009674072266,93.38999938964844,7029473
2024-06-12 14:30:00-04:00,92.70999908447266,93.3499984741211,92.68000030517578,93.26000213623047,5888100
2024-06-12 15:30:00-04:00,92.54000091552734,92.7300033569336,92.48500061035156,92.70010375976562,5020637
2024-06-13 09:30:00-04:00,93.0999984741211,93.34500122070312,93.05000305175781,93.22000122070312,4694239
2024-06-13 10:30:00-04:00,93.2509994506836,93.30000305175781,92.94999694824219,93.09120178222656,2208977
2024-06-13 11:30:00-04:00,93.62000274658203,93.63500213623047,93.2300033569336,93.26000213623047,3838228
2024-06-13 12:30:00-04:00,93.79499816894531,93.98999786376953,93.5,93.62000274658203,5317485
2024-06-13 13:30:00-04:00,93.68499755859375,93.79000091552734,93.58000183105469,93.79000091552734,3366814
2024-06-13 14:30:00-04:00,93.83000183105469,93.88999938964844,93.68499755859375,93.69000244140625,4087238
2024-06-13 15:30:00-04:00,93.87999725341797,93.94000244140625,93.80500030517578,93.82499694824219,4246070
2024-06-14 09:30:00-04:00,94.6449966430664,94.83999633789062,94.31999969482422,94.41000366210938,6679795
2024-06-14 10:30:00-04:00,94.47000122070312,94.76000213623047,94.45999908447266,94.64749908447266,4877213
2024-06-14 11:30:00-04:00,94.52999877929688,94.5999984741211,94.37999725341797,94.47000122070312,3578460
2024-06-14 12:30:00-04:00,94.49500274658203,94.5199966430664,94.23999786376953,94.5199966430664,2297976
2024-06-14 13:30:00-04:00,94.55500030517578,94.5999984741211,94.4800033569336,94.49500274658203,2111786
2024-06-14 14:30:00-04:00,94.63999938964844,94.6449966430664,94.45999908447266,94.5553970336914,2431058
2024-06-14 15:30:00-04:00,94.68000030517578,94.68000030517578,94.58999633789062,94.6449966430664,3018984
2024-06-17 09:30:00-04:00,93.38999938964844,93.61000061035156,93.28500366210938,93.5199966430664,6406246
2024-06-17 10:30:00-04:00,93.41500091552734,93.50990295410156,93.31999969482422,93.38500213623047,3622076
2024-06-17 11:30:00-04:00,93.58499908447266,93.58999633789062,93.27999877929688,93.41500091552734,1977921
2024-06-17 12:30:00-04:00,93.59500122070312,93.625,93.55000305175781,93.56999969482422,1625787
2024-06-17 13:30:00-04:00,93.75499725341797,93.80500030517578,93.56999969482422,93.58999633789062,1851433
2024-06-17 14:30:00-04:00,93.68009948730469,93.75499725341797,93.62000274658203,93.75499725341797,2510268
2024-06-17 15:30:00-04:00,93.69999694824219,93.75,93.66010284423828,93.68990325927734,3650915
2024-06-18 09:30:00-04:00,93.88500213623047,94.0199966430664,93.7300033569336,93.88999938964844,3705410
2024-06-18 10:30:00-04:00,94.05999755859375,94.06999969482422,93.86499786376953,93.87999725341797,2904498
2024-06-18 11:30:00-04:00,94.32499694824219,94.33999633789062,94.05500030517578,94.05999755859375,3204724
2024-06-18 12:30:00-04:00,94.40010070800781,94.5999984741211,94.23500061035156,94.32499694824219,4059216
2024-06-18 13:30:00-04:00,94.29000091552734,94.4749984741211,94.26000213623047,94.40499877929688,1923355
2024-06-18 14:30:00-04:00,94.44010162353516,94.52999877929688,94.29000091552734,94.29499816894531,2542468
2024-06-18 15:30:00-04:00,94.58000183105469,94.5999984741211,94.44010162353516,94.44499969482422,3695905
2024-06-20 09:30:00-04:00,93.51860046386719,93.68000030517578,93.33999633789062,93.41000366210938,5939819
2024-06-20 10:30:00-04:00,93.74500274658203,93.75,93.40499877929688,93.5199966430664,3719132
2024-06-20 11:30:00-04:00,93.72000122070312,93.74500274658203,93.55500030517578,93.74500274658203,4814221
2024-06-20 12:30:00-04:00,93.93450164794922,93.95999908447266,93.69999694824219,93.70999908447266,2568670
2024-06-20 13:30:00-04:00,93.9800033569336,94.0,93.86000061035156,93.93009948730469,1642729
2024-06-20 14:30:00-04:00,93.96499633789062,94.0,93.91000366210938,93.9800033569336,2743416
2024-06-20 15:30:00-04:00,93.93499755859375,93.98999786376953,93.91999816894531,93.96499633789062,4845804
2024-06-21 09:30:00-04:00,93.927001953125,94.47899627685547,93.86000061035156,94.23999786376953,5345189
2024-06-21 10:30:00-04:00,93.70500183105469,93.93499755859375,93.58999633789062,93.93000030517578,3250662
2024-06-21 11:30:00-04:00,93.80000305175781,93.82499694824219,93.63999938964844,93.70989990234375,2263292
2024-06-21 12:30:00-04:00,93.78500366210938,93.87000274658203,93.77999877929688,93.80000305175781,1402914
2024-06-21 13:30:00-04:00,93.86499786376953,93.91500091552734,93.78009796142578,93.78500366210938,1892961
2024-06-21 14:30:00-04:00,93.95500183105469,93.9800033569336,93.8499984741211,93.86499786376953,1623838
2024-06-21 15:30:00-04:00,93.97000122070312,93.9800033569336,93.89990234375,93.94999694824219,2591876
2024-06-24 09:30:00-04:00,93.94000244140625,94.06999969482422,93.87000274658203,94.0,4185309
2024-06-24 10:30:00-04:00,93.81500244140625,94.01000213623047,93.76010131835938,93.93499755859375,2735335
2024-06-24 11:30:00-04:00,93.80999755859375,93.875,93.73500061035156,93.8198013305664,1756422
2024-06-24 12:30:00-04:00,93.98500061035156,93.98999786376953,93.80999755859375,93.80999755859375,11733900
2024-06-24 13:30:00-04:00,94.12999725341797,94.15499877929688,93.95999908447266,93.9800033569336,15529804
2024-06-24 14:30:00-04:00,94.23999786376953,94.25499725341797,94.12000274658203,94.125,6456198
2024-06-24 15:30:00-04:00,94.31500244140625,94.33000183105469,94.22000122070312,94.23799896240234,6842332
2024-06-25 09:30:00-04:00,94.2750015258789,94.28500366210938,94.06999969482422,94.07129669189453,4703587
2024-06-25 10:30:00-04:00,94.11009979248047,94.37000274658203,94.09500122070312,94.2750015258789,2924732
2024-06-25 11:30:00-04:00,94.08999633789062,94.23999786376953,94.08000183105469,94.11499786376953,2000334
2024-06-25 12:30:00-04:00,94.19499969482422,94.20500183105469,94.04499816894531,94.08499908447266,1505088
2024-06-25 13:30:00-04:00,94.33000183105469,94.33989715576172,94.16500091552734,94.19499969482422,1905116
2024-06-25 14:30:00-04:00,94.4800033569336,94.55000305175781,94.27999877929688,94.33000183105469,2434873
2024-06-25 15:30:00-04:00,94.51000213623047,94.52999877929688,94.45500183105469,94.4843978881836,4360001
2024-06-26 09:30:00-04:00,93.19999694824219,93.46499633789062,93.17500305175781,93.27999877929688,7195308
2024-06-26 10:30:00-04:00,93.19499969482422,93.27999877929688,93.14230346679688,93.19999694824219,3793537
2024-06-26 11:30:00-04:00,93.31500244140625,93.3499984741211,93.1500015258789,93.19499969482422,2686642
2024-06-26 12:30:00-04:00,93.36499786376953,93.43000030517578,93.28500366210938,93.31999969482422,2833168
2024-06-26 13:30:00-04:00,93.18499755859375,93.38500213623047,93.1500015258789,93.36000061035156,2458612
2024-06-26 14:30:00-04:00,93.16799926757812,93.2750015258789,93.1500015258789,93.18499755859375,3613142
2024-06-26 15:30:00-04:00,93.13999938964844,93.18000030517578,93.11000061035156,93.16000366210938,5286351
2024-06-27 09:30:00-04:00,93.56500244140625,93.70999908447266,93.48500061035156,93.5199966430664,4300187
2024-06-27 10:30:00-04:00,93.48600006103516,93.6260986328125,93.47000122070312,93.56500244140625,2425841
2024-06-27 11:30:00-04:00,93.55599975585938,93.58499908447266,93.45500183105469,93.4800033569336,1843483
2024-06-27 12:30:00-04:00,93.625,93.68000030517578,93.55000305175781,93.55500030517578,3484038
2024-06-27 13:30:00-04:00,93.56500244140625,93.66999816894531,93.55000305175781,93.625,1422694
2024-06-27 14:30:00-04:00,93.47599792480469,93.6050033569336,93.45549774169922,93.56500244140625,3022375
2024-06-27 15:30:00-04:00,93.5199966430664,93.52999877929688,93.41999816894531,93.4749984741211,2444557
2024-06-28 09:30:00-04:00,93.2750015258789,93.76499938964844,93.08499908447266,93.73999786376953,7886366
2024-06-28 10:30:00-04:00,92.69999694824219,93.30999755859375,92.44999694824219,93.2699966430664,6862324
2024-06-28 11:30:00-04:00,92.48500061035156,92.79000091552734,92.4000015258789,92.70999908447266,4171940
2024-06-28 12:30:00-04:00,92.42009735107422,92.5,92.19499969482422,92.4800033569336,3044366
2024-06-28 13:30:00-04:00,92.47000122070312,92.5,92.29000091552734,92.41999816894531,2787577
2024-06-28 14:30:00-04:00,92.21499633789062,92.49400329589844,92.20999908447266,92.47000122070312,3937583
2024-06-28 15:30:00-04:00,91.79000091552734,92.22000122070312,91.77999877929688,92.20999908447266,11917649
2024-07-01 09:30:00-04:00,90.17500305175781,91.05999755859375,90.12799835205078,90.41999816894531,13549865
2024-07-01 10:30:00-04:00,90.01499938964844,90.19999694824219,89.91999816894531,90.17500305175781,8211579
2024-07-01 11:30:00-04:00,90.03630065917969,90.11000061035156,89.87999725341797,90.0,5804479
2024-07-01 12:30:00-04:00,89.9800033569336,90.05500030517578,89.87999725341797,90.02999877929688,3530012
2024-07-01 13:30:00-04:00,89.86000061035156,89.98999786376953,89.81999969482422,89.9800033569336,2624351
2024-07-01 14:30:00-04:00,89.95999908447266,90.05999755859375,89.8550033569336,89.8550033569336,3338608
2024-07-01 15:30:00-04:00,89.94000244140625,89.98999786376953,89.91999816894531,89.95500183105469,4677725
2024-07-02 09:30:00-04:00,90.30000305175781,90.80500030517578,90.2300033569336,90.69000244140625,11777557
2024-07-02 10:30:00-04:00,90.23500061035156,90.47000122070312,90.11100006103516,90.30000305175781,4642110
2024-07-02 11:30:00-04:00,90.18930053710938,90.26000213623047,90.125,90.2300033569336,3158791
2024-07-02 12:30:00-04:00,90.16500091552734,90.26000213623047,90.08000183105469,90.18000030517578,1773341
2024-07-02 13:30:00-04:00,90.3949966430664,90.41729736328125,90.0999984741211,90.1697998046875,1739759
2024-07-02 14:30:00-04:00,90.59500122070312,90.59500122070312,90.3499984741211,90.38999938964844,2535480
2024-07-02 15:30:00-04:00,90.5999984741211,90.68000030517578,90.56999969482422,90.59500122070312,3540854
2024-07-03 09:30:00-04:00,91.6449966430664,91.87000274658203,91.08499908447266,91.16999816894531,11243646
2024-07-03 10:30:00-04:00,91.74500274658203,91.88999938964844,91.58989715576172,91.65499877929688,5251349
2024-07-03 11:30:00-04:00,91.62999725341797,91.75,91.56999969482422,91.74500274658203,7561798
2024-07-05 09:30:00-04:00,92.04000091552734,92.33000183105469,91.9000015258789,92.2750015258789,9205000
2024-07-05 10:30:00-04:00,92.62999725341797,92.63999938964844,92.00270080566406,92.04000091552734,4670008
2024-07-05 11:30:00-04:00,92.52050018310547,92.72000122070312,92.44999694824219,92.63629913330078,3645409
2024-07-05 12:30:00-04:00,92.54499816894531,92.56500244140625,92.4749984741211,92.5199966430664,1339199
2024-07-05 13:30:00-04:00,92.57499694824219,92.62000274658203,92.44000244140625,92.54000091552734,1858333
2024-07-05 14:30:00-04:00,92.61499786376953,92.63999938964844,92.5199966430664,92.57990264892578,2823133
2024-07-05 15:30:00-04:00,92.54000091552734,92.62000274658203,92.5199966430664,92.61499786376953,3249666
2024-07-08 09:30:00-04:00,92.54000091552734,92.61119842529297,92.22460174560547,92.54000091552734,4254085
2024-07-08 10:30:00-04:00,92.44080352783203,92.5999984741211,92.43000030517578,92.53589630126953,2289471
2024-07-08 11:30:00-04:00,92.625,92.69000244140625,92.44499969482422,92.44989776611328,1760273
2024-07-08 12:30:00-04:00,92.72000122070312,92.73999786376953,92.5999984741211,92.625,1287916
2024-07-08 13:30:00-04:00,92.69999694824219,92.79000091552734,92.66999816894531,92.72000122070312,1270558
2024-07-08 14:30:00-04:00,92.75879669189453,92.84500122070312,92.70999908447266,92.70999908447266,1807764
2024-07-08 15:30:00-04:00,92.7300033569336,92.79000091552734,92.70999908447266,92.76000213623047,2156710
2024-07-09 09:30:00-04:00,92.2699966430664,92.66999816894531,92.18499755859375,92.4800033569336,5154230
2024-07-09 10:30:00-04:00,91.9000015258789,92.30000305175781,91.87010192871094,92.26499938964844,3518507
2024-07-09 11:30:00-04:00,92.16999816894531,92.19999694824219,91.88999938964844,91.9000015258789,2771506
2024-07-09 12:30:00-04:00,92.11499786376953,92.18499755859375,92.01959991455078,92.17510223388672,2412883
2024-07-09 13:30:00-04:00,92.31500244140625,92.38999938964844,92.08000183105469,92.11000061035156,5493975
2024-07-09 14:30:00-04:00,92.31999969482422,92.33499908447266,92.19499969482422,92.3145980834961,2461018
2024-07-09 15:30:00-04:00,92.32499694824219,92.38500213623047,92.28500366210938,92.3124008178711,2846989
2024-07-10 09:30:00-04:00,92.4749984741211,92.55889892578125,92.30000305175781,92.45999908447266,4104760
2024-07-10 10:30:00-04:00,92.30500030517578,92.51000213623047,92.26029968261719,92.47000122070312,2824843
2024-07-10 11:30:00-04:00,92.5,92.60130310058594,92.2750015258789,92.30000305175781,2529593
2024-07-10 12:30:00-04:00,92.48999786376953,92.68000030517578,92.47000122070312,92.49009704589844,2412471
2024-07-10 13:30:00-04:00,92.55999755859375,92.56500244140625,92.40570068359375,92.48500061035156,2934431
2024-07-10 14:30:00-04:00,92.61499786376953,92.66500091552734,92.55000305175781,92.55999755859375,2083912
2024-07-10 15:30:00-04:00,92.625,92.66000366210938,92.51000213623047,92.61499786376953,4267094
2024-07-11 09:30:00-04:00,93.87000274658203,94.13500213623047,93.5999984741211,93.67900085449219,12880434
2024-07-11 10:30:00-04:00,93.83499908447266,93.93000030517578,93.69999694824219,93.86499786376953,6168906
2024-07-11 11:30:00-04:00,93.91799926757812,94.0250015258789,93.83499908447266,93.83499908447266,4601157
2024-07-11 12:30:00-04:00,93.7123031616211,94.00990295410156,93.55999755859375,93.91000366210938,6044192
2024-07-11 13:30:00-04:00,93.61499786376953,93.74500274658203,93.48999786376953,93.72000122070312,3287055
2024-07-11 14:30:00-04:00,93.61499786376953,93.68499755859375,93.56999969482422,93.61499786376953,3103918
2024-07-11 15:30:00-04:00,93.55000305175781,93.61499786376953,93.47000122070312,93.61499786376953,3880110
2024-07-12 09:30:00-04:00,93.47000122070312,93.72000122070312,93.3499984741211,93.5199966430664,5879593
2024-07-12 10:30:00-04:00,93.54000091552734,93.58000183105469,93.43000030517578,93.46499633789062,4181380
2024-07-12 11:30:00-04:00,93.6500015258789,93.69499969482422,93.5199966430664,93.54000091552734,2176341
2024-07-12 12:30:00-04:00,93.70010375976562,93.70989990234375,93.56999969482422,93.66000366210938,1943121
2024-07-12 13:30:00-04:00,93.69999694824219,93.76499938964844,93.68499755859375,93.69999694824219,1827060
2024-07-12 14:30:00-04:00,93.84989929199219,93.86000061035156,93.69999694824219,93.70989990234375,2326615
2024-07-12 15:30:00-04:00,93.91500091552734,93.91999816894531,93.77999877929688,93.84500122070312,5017909
2024-07-15 09:30:00-04:00,92.87999725341797,93.13999938964844,92.83000183105469,93.0,8451228
2024-07-15 10:30:00-04:00,93.08499908447266,93.1500015258789,92.81999969482422,92.87000274658203,4065715
2024-07-15 11:30:00-04:00,93.10009765625,93.16999816894531,93.03500366210938,93.08999633789062,2979312
2024-07-15 12:30:00-04:00,92.87999725341797,93.30000305175781,92.86000061035156,93.1050033569336,3470127
2024-07-15 13:30:00-04:00,92.92939758300781,92.95999908447266,92.80000305175781,92.87000274658203,2374159
2024-07-15 14:30:00-04:00,92.83580017089844,92.95999908447266,92.77999877929688,92.92500305175781,3017729
2024-07-15 15:30:00-04:00,92.86499786376953,92.93000030517578,92.79000091552734,92.8301010131836,4216231
2024-07-16 09:30:00-04:00,93.50499725341797,93.55000305175781,93.38999938964844,93.52999877929688,6922109
2024-07-16 10:30:00-04:00,93.72000122070312,93.73999786376953,93.47000122070312,93.5,3824143
2024-07-16 11:30:00-04:00,93.80999755859375,93.93720245361328,93.69999694824219,93.71499633789062,3381165
2024-07-16 12:30:00-04:00,93.91000366210938,93.93000030517578,93.77999877929688,93.80999755859375,2022259
2024-07-16 13:30:00-04:00,94.08999633789062,94.13500213623047,93.8949966430664,93.91500091552734,2831049
2024-07-16 14:30:00-04:00,94.11900329589844,94.20999908447266,94.06999969482422,94.0947036743164,3427967
2024-07-16 15:30:00-04:00,94.16500091552734,94.17500305175781,94.05999755859375,94.11499786376953,4844184
2024-07-17 09:30:00-04:00,93.74500274658203,94.11000061035156,93.69000244140625,93.91500091552734,6130775
2024-07-17 10:30:00-04:00,94.05999755859375,94.05999755859375,93.73999786376953,93.74500274658203,2849199
2024-07-17 11:30:00-04:00,94.23500061035156,94.2750015258789,94.05339813232422,94.05999755859375,2835043
2024-07-17 12:30:00-04:00,94.16000366210938,94.33999633789062,94.11100006103516,94.23899841308594,4017189
2024-07-17 13:30:00-04:00,94.27999877929688,94.33999633789062,94.08000183105469,94.16500091552734,3124547
2024-07-17 14:30:00-04:00,94.23999786376953,94.4000015258789,94.22000122070312,94.2750015258789,3343318
2024-07-17 15:30:00-04:00,94.20999908447266,94.25499725341797,94.1500015258789,94.24500274658203,4480129
2024-07-18 09:30:00-04:00,93.88999938964844,94.04499816894531,93.63500213623047,93.68000030517578,5698606
2024-07-18 10:30:00-04:00,93.93499755859375,94.13999938964844,93.86000061035156,93.88999938964844,4618759
2024-07-18 11:30:00-04:00,93.75,93.99500274658203,93.73989868164062,93.93000030517578,2818885
2024-07-18 12:30:00-04:00,93.68499755859375,93.79499816894531,93.56999969482422,93.75,2934250
2024-07-18 13:30:00-04:00,93.72000122070312,93.7699966430664,93.66999816894531,93.69000244140625,2468938
2024-07-18 14:30:00-04:00,93.47000122070312,93.7699966430664,93.37999725341797,93.70500183105469,4809515
2024-07-18 15:30:00-04:00,93.50499725341797,93.54000091552734,93.45999908447266,93.47000122070312,4993912
2024-07-19 09:30:00-04:00,93.08000183105469,93.08999633789062,92.82499694824219,93.05000305175781,4931715
2024-07-19 10:30:00-04:00,93.0,93.16000366210938,92.94000244140625,93.08000183105469,3768550
2024-07-19 11:30:00-04:00,93.02999877929688,93.08000183105469,92.94499969482422,93.0,2906768
2024-07-19 12:30:00-04:00,93.06999969482422,93.0895004272461,92.97000122070312,93.0199966430664,6708353
2024-07-19 13:30:00-04:00,92.94999694824219,93.08999633789062,92.94000244140625,93.07379913330078,2046349
2024-07-19 14:30:00-04:00,92.95500183105469,93.0,92.9000015258789,92.94999694824219,2483793
2024-07-19 15:30:00-04:00,92.95500183105469,92.98999786376953,92.93000030517578,92.95500183105469,5716730
2024-07-22 09:30:00-04:00,93.41500091552734,93.5199966430664,93.33000183105469,93.4000015258789,4788249
2024-07-22 10:30:00-04:00,92.95500183105469,93.45999908447266,92.94000244140625,93.41999816894531,8799112
2024-07-22 11:30:00-04:00,92.36000061035156,92.95999908447266,92.36000061035156,92.94999694824219,7423554
2024-07-22 12:30:00-04:00,92.54499816894531,92.55500030517578,92.30500030517578,92.36000061035156,3930128
2024-07-22 13:30:00-04:00,92.58000183105469,92.63990020751953,92.5199966430664,92.54989624023438,2660189
2024-07-22 14:30:00-04:00,92.58999633789062,92.59500122070312,92.51000213623047,92.57499694824219,1935043
2024-07-22 15:30:00-04:00,92.625,92.64990234375,92.55999755859375,92.58999633789062,3518379
2024-07-23 09:30:00-04:00,92.98999786376953,93.0199966430664,92.68499755859375,92.80500030517578,3093748
2024-07-23 10:30:00-04:00,92.93000030517578,93.0199966430664,92.83999633789062,92.98999786376953,6701307
2024-07-23 11:30:00-04:00,92.98999786376953,93.0250015258789,92.88999938964844,92.94000244140625,2474561
2024-07-23 12:30:00-04:00,92.92559814453125,93.02999877929688,92.83499908447266,92.98999786376953,2208898
2024-07-23 13:30:00-04:00,92.69000244140625,92.91999816894531,92.68499755859375,92.91999816894531,2449728
2024-07-23 14:30:00-04:00,92.6050033569336,92.69999694824219,92.58999633789062,92.69000244140625,2626444
2024-07-23 15:30:00-04:00,92.54000091552734,92.62000274658203,92.49500274658203,92.61000061035156,2687382
2024-07-24 09:30:00-04:00,92.55000305175781,92.83999633789062,92.2300033569336,92.58999633789062,7617854
2024-07-24 10:30:00-04:00,92.69999694824219,92.81999969482422,92.44000244140625,92.55000305175781,5358009
2024-07-24 11:30:00-04:00,92.43000030517578,92.70999908447266,92.4000015258789,92.69999694824219,2809036
2024-07-24 12:30:00-04:00,92.11090087890625,92.51000213623047,92.10009765625,92.43830108642578,4693416
2024-07-24 13:30:00-04:00,91.69000244140625,92.1500015258789,91.47000122070312,92.12000274658203,8994823
2024-07-24 14:30:00-04:00,91.68000030517578,91.73629760742188,91.48500061035156,91.69000244140625,5396495
2024-07-24 15:30:00-04:00,91.52999877929688,91.70999908447266,91.5199966430664,91.68000030517578,8326954
2024-07-25 09:30:00-04:00,92.62999725341797,92.86000061035156,91.95999908447266,92.02799987792969,11466990
2024-07-25 10:30:00-04:00,92.6449966430664,92.74500274658203,92.55000305175781,92.63999938964844,4800949
2024-07-25 11:30:00-04:00,92.4000015258789,92.66000366210938,92.33000183105469,92.63999938964844,3671812
2024-07-25 12:30:00-04:00,92.32499694824219,92.61000061035156,92.32009887695312,92.40499877929688,4178037
2024-07-25 13:30:00-04:00,92.25499725341797,92.36000061035156,92.15119934082031,92.32499694824219,2778533
2024-07-25 14:30:00-04:00,92.23500061035156,92.33000183105469,92.16000366210938,92.25499725341797,3254678
2024-07-25 15:30:00-04:00,92.27999877929688,92.30000305175781,92.2249984741211,92.2300033569336,6067413
2024-07-26 09:30:00-04:00,92.9800033569336,93.14800262451172,92.84500122070312,92.94000244140625,7754051
2024-07-26 10:30:00-04:00,92.82499694824219,93.05000305175781,92.70999908447266,92.97000122070312,4157428
2024-07-26 11:30:00-04:00,92.94999694824219,92.95989990234375,92.79499816894531,92.82499694824219,1937460
2024-07-26 12:30:00-04:00,92.9000015258789,92.94999694824219,92.87000274658203,92.94999694824219,2371676
2024-07-26 13:30:00-04:00,92.93000030517578,92.95999908447266,92.87999725341797,92.9000015258789,1980947
2024-07-26 14:30:00-04:00,93.07019805908203,93.08000183105469,92.92500305175781,92.93000030517578,2606741
2024-07-26 15:30:00-04:00,93.01499938964844,93.08999633789062,92.98999786376953,93.07499694824219,6853210
2024-07-29 09:30:00-04:00,93.43000030517578,93.68000030517578,93.43000030517578,93.67870330810547,6293239
2024-07-29 10:30:00-04:00,93.4800033569336,93.52999877929688,93.33999633789062,93.44000244140625,3168255
2024-07-29 11:30:00-04:00,93.37999725341797,93.54000091552734,93.3301010131836,93.4800033569336,1950489
2024-07-29 12:30:00-04:00,93.37999725341797,93.44999694824219,93.33999633789062,93.37999725341797,1464095
2024-07-29 13:30:00-04:00,93.30979919433594,93.4000015258789,93.22000122070312,93.38379669189453,1475615
2024-07-29 14:30:00-04:00,93.53500366210938,93.55999755859375,93.30000305175781,93.30999755859375,2388630
2024-07-29 15:30:00-04:00,93.5,93.54000091552734,93.41999816894531,93.53500366210938,4033164
2024-07-30 09:30:00-04:00,93.4489974975586,93.7750015258789,93.37000274658203,93.75,5679410
2024-07-30 10:30:00-04:00,93.4990005493164,93.59500122070312,93.30000305175781,93.44000244140625,4338710
2024-07-30 11:30:00-04:00,93.56999969482422,93.61000061035156,93.4124984741211,93.4999008178711,3360427
2024-07-30 12:30:00-04:00,93.77259826660156,94.05000305175781,93.55999755859375,93.56500244140625,5228202
2024-07-30 13:30:00-04:00,93.91000366210938,93.91000366210938,93.69999694824219,93.77999877929688,1938310
2024-07-30 14:30:00-04:00,93.84500122070312,93.91999816894531,93.76000213623047,93.91000366210938,2349564
2024-07-30 15:30:00-04:00,93.83999633789062,93.87000274658203,93.77999877929688,93.84500122070312,2729785
2024-07-31 09:30:00-04:00,94.74819946289062,94.77999877929688,94.4800033569336,94.52999877929688,8564704
2024-07-31 10:30:00-04:00,94.68499755859375,94.7699966430664,94.49500274658203,94.75,5309093
2024-07-31 11:30:00-04:00,94.69000244140625,94.70999908447266,94.5999984741211,94.68000030517578,2622546
2024-07-31 12:30:00-04:00,94.48500061035156,94.76709747314453,94.47000122070312,94.69989776611328,3219762
2024-07-31 13:30:00-04:00,94.38500213623047,94.5999984741211,94.23999786376953,94.4800033569336,5010247
2024-07-31 14:30:00-04:00,94.6050033569336,94.70500183105469,94.27999877929688,94.37999725341797,7082719
2024-07-31 15:30:00-04:00,94.83000183105469,94.83999633789062,94.58499908447266,94.6050033569336,8273133
2024-08-01 09:30:00-04:00,95.66590118408203,95.79000091552734,95.12000274658203,95.12999725341797,20314873
2024-08-01 10:30:00-04:00,95.2249984741211,95.90499877929688,95.21499633789062,95.66999816894531,11402342
2024-08-01 11:30:00-04:00,95.69000244140625,95.70999908447266,95.2300033569336,95.2300033569336,7507940
2024-08-01 12:30:00-04:00,95.58999633789062,95.75,95.54000091552734,95.68499755859375,8346805
2024-08-01 13:30:00-04:00,95.66999816894531,95.83000183105469,95.55000305175781,95.5989990234375,4631751
2024-08-01 14:30:00-04:00,95.62000274658203,95.71499633789062,95.54000091552734,95.67990112304688,6039558
2024-08-01 15:30:00-04:00,95.36000061035156,95.62999725341797,95.31999969482422,95.61499786376953,9173046
2024-08-02 09:30:00-04:00,97.44999694824219,97.76000213623047,96.89009857177734,97.0,20909913
2024-08-02 10:30:00-04:00,97.79000091552734,97.88999938964844,97.3949966430664,97.45500183105469,11761944
2024-08-02 11:30:00-04:00,97.73999786376953,97.97989654541016,97.56999969482422,97.79000091552734,9399545
2024-08-02 12:30:00-04:00,97.95999908447266,98.23500061035156,97.72000122070312,97.75,7027782
2024-08-02 13:30:00-04:00,98.0250015258789,98.12000274658203,97.84239959716797,97.96420288085938,6840024
2024-08-02 14:30:00-04:00,98.2750015258789,98.30500030517578,97.97000122070312,98.02999877929688,7300773
2024-08-02 15:30:00-04:00,98.27999877929688,98.37000274658203,98.20999908447266,98.27999877929688,8752929
2024-08-05 09:30:00-04:00,98.55020141601562,99.93499755859375,98.4749984741211,99.80500030517578,27373675
2024-08-05 10:30:00-04:00,98.55000305175781,99.53500366210938,98.36000061035156,98.55999755859375,14537139
2024-08-05 11:30:00-04:00,97.95999908447266,98.73500061035156,97.9000015258789,98.54000091552734,9970307
2024-08-05 12:30:00-04:00,98.72989654541016,98.7699966430664,97.95999908447266,97.96019744873047,9725667
2024-08-05 13:30:00-04:00,98.70500183105469,98.87000274658203,98.48999786376953,98.72000122070312,6470745
2024-08-05 14:30:00-04:00,98.84989929199219,99.06500244140625,98.54000091552734,98.70999908447266,5462880
2024-08-05 15:30:00-04:00,98.7699966430664,99.13999938964844,98.73999786376953,98.83999633789062,8544836
2024-08-06 09:30:00-04:00,97.94000244140625,98.41000366210938,97.88999938964844,98.20999908447266,9300014
2024-08-06 10:30:00-04:00,97.65499877929688,98.05000305175781,97.5,97.91999816894531,6765761
2024-08-06 11:30:00-04:00,97.23989868164062,97.66999816894531,97.16999816894531,97.6500015258789,6014197
2024-08-06 12:30:00-04:00,96.9999008178711,97.3499984741211,96.94999694824219,97.23880004882812,5103375
2024-08-06 13:30:00-04:00,96.95500183105469,97.02999877929688,96.74500274658203,97.0,5264434
2024-08-06 14:30:00-04:00,96.96990203857422,97.11000061035156,96.86000061035156,96.94999694824219,5139864
2024-08-06 15:30:00-04:00,96.6500015258789,97.02999877929688,96.62999725341797,96.97000122070312,10208474
2024-08-07 09:30:00-04:00,96.38999938964844,96.44999694824219,95.94999694824219,95.94999694824219,9046515
2024-08-07 10:30:00-04:00,96.15869903564453,96.44499969482422,95.9802017211914,96.37999725341797,5215325
2024-08-07 11:30:00-04:00,96.26000213623047,96.38500213623047,96.12000274658203,96.16000366210938,4384135
2024-08-07 12:30:00-04:00,96.02999877929688,96.43000030517578,95.75,96.26000213623047,8127249
2024-08-07 13:30:00-04:00,95.7249984741211,96.20989990234375,95.68000030517578,96.02999877929688,5666190
2024-08-07 14:30:00-04:00,95.72000122070312,95.81999969482422,95.5,95.7249984741211,7638595
2024-08-07 15:30:00-04:00,95.87999725341797,95.95500183105469,95.69490051269531,95.7229995727539,5721718
2024-08-08 09:30:00-04:00,95.23500061035156,95.37999725341797,95.08999633789062,95.12000274658203,6899046
2024-08-08 10:30:00-04:00,95.2750015258789,95.34950256347656,95.12000274658203,95.23999786376953,3403195
2024-08-08 11:30:00-04:00,95.15730285644531,95.4000015258789,95.1500015258789,95.27999877929688,2508401
2024-08-08 12:30:00-04:00,95.125,95.29000091552734,94.83999633789062,95.1500015258789,5877437
2024-08-08 13:30:00-04:00,95.16500091552734,95.16999816894531,94.87999725341797,95.12930297851562,4477401
2024-08-08 14:30:00-04:00,95.20500183105469,95.38999938964844,95.1500015258789,95.16500091552734,4669449
2024-08-08 15:30:00-04:00,95.30000305175781,95.33999633789062,95.19499969482422,95.2072982788086,3889651
2024-08-09 09:30:00-04:00,96.30000305175781,96.54000091552734,96.24500274658203,96.5199966430664,7360608
2024-08-09 10:30:00-04:00,96.33650207519531,96.37000274658203,96.0905990600586,96.30000305175781,3515509
2024-08-09 11:30:00-04:00,96.19000244140625,96.33999633789062,96.12000274658203,96.33499908447266,2080110
2024-08-09 12:30:00-04:00,96.16000366210938,96.30000305175781,96.12000274658203,96.19000244140625,2177528
2024-08-09 13:30:00-04:00,96.21499633789062,96.29000091552734,96.16000366210938,96.16000366210938,1770437
2024-08-09 14:30:00-04:00,96.14649963378906,96.27999877929688,96.13999938964844,96.22000122070312,2346897
2024-08-09 15:30:00-04:00,96.29000091552734,96.33499908447266,96.13999938964844,96.1449966430664,5474073
2024-08-12 09:30:00-04:00,96.19999694824219,96.35980224609375,95.88500213623047,96.0199966430664,4016194
2024-08-12 10:30:00-04:00,96.4800033569336,96.55500030517578,96.04750061035156,96.19499969482422,3241314
2024-08-12 11:30:00-04:00,96.59500122070312,96.6500015258789,96.33999633789062,96.48999786376953,2445551
2024-08-12 12:30:00-04:00,96.68499755859375,96.7699966430664,96.48999786376953,96.58999633789062,2587373
2024-08-12 13:30:00-04:00,96.69999694824219,96.81999969482422,96.6449966430664,96.68000030517578,2496031
2024-08-12 14:30:00-04:00,96.66439819335938,96.74500274658203,96.61000061035156,96.69999694824219,2353783
2024-08-12 15:30:00-04:00,96.62000274658203,96.73999786376953,96.52999877929688,96.66999816894531,3243023
2024-08-13 09:30:00-04:00,97.06999969482422,97.36000061035156,96.9800033569336,97.30000305175781,6741712
2024-08-13 10:30:00-04:00,97.15399932861328,97.32990264892578,97.0199966430664,97.07499694824219,4013165
2024-08-13 11:30:00-04:00,97.12000274658203,97.15499877929688,97.0199966430664,97.15499877929688,3093457
2024-08-13 12:30:00-04:00,97.31999969482422,97.36000061035156,97.10299682617188,97.12000274658203,3674099
2024-08-13 13:30:00-04:00,97.23500061035156,97.33000183105469,97.18000030517578,97.31999969482422,2364949
2024-08-13 14:30:00-04:00,97.2499008178711,97.26640319824219,97.0895004272461,97.23500061035156,2607658
2024-08-13 15:30:00-04:00,97.2699966430664,97.30000305175781,97.19000244140625,97.25,3377066
2024-08-14 09:30:00-04:00,97.93879699707031,98.01499938964844,97.5082015991211,97.55999755859375,6975688
2024-08-14 10:30:00-04:00,97.95050048828125,98.04119873046875,97.80999755859375,97.94000244140625,3136294
2024-08-14 11:30:00-04:00,97.93499755859375,97.9800033569336,97.79000091552734,97.95500183105469,2572648
2024-08-14 12:30:00-04:00,97.86009979248047,98.16000366210938,97.8499984741211,97.93499755859375,3016903
2024-08-14 13:30:00-04:00,97.82499694824219,97.91519927978516,97.81999969482422,97.86990356445312,2485527
2024-08-14 14:30:00-04:00,97.92350006103516,98.11000061035156,97.82499694824219,97.82599639892578,4113746
2024-08-14 15:30:00-04:00,97.9000015258789,97.93000030517578,97.83000183105469,97.92500305175781,3684942
2024-08-15 09:30:00-04:00,96.84989929199219,96.88999938964844,96.20999908447266,96.40499877929688,9494107
2024-08-15 10:30:00-04:00,96.69000244140625,96.83999633789062,96.58999633789062,96.83999633789062,3876382
2024-08-15 11:30:00-04:00,96.76000213623047,96.94999694824219,96.68000030517578,96.68499755859375,4217141
2024-08-15 12:30:00-04:00,96.79499816894531,96.81999969482422,96.66449737548828,96.76010131835938,3119237
2024-08-15 13:30:00-04:00,96.89600372314453,96.91529846191406,96.70500183105469,96.79499816894531,3299101
2024-08-15 14:30:00-04:00,96.99500274658203,97.01000213623047,96.83999633789062,96.89409637451172,3223681
2024-08-15 15:30:00-04:00,97.06999969482422,97.08999633789062,96.96499633789062,96.98999786376953,4217372
2024-08-16 09:30:00-04:00,97.23999786376953,97.5199966430664,97.20999908447266,97.41629791259766,6044223
2024-08-16 10:30:00-04:00,97.05000305175781,97.52999877929688,97.05000305175781,97.23999786376953,4301201
2024-08-16 11:30:00-04:00,97.33499908447266,97.34989929199219,97.01000213623047,97.05879974365234,2843934
2024-08-16 12:30:00-04:00,97.53500366210938,97.53990173339844,97.27999877929688,97.33989715576172,2775684
2024-08-16 13:30:00-04:00,97.36499786376953,97.53500366210938,97.27999877929688,97.53009796142578,2247873
2024-08-16 14:30:00-04:00,97.31320190429688,97.45999908447266,97.30999755859375,97.36000061035156,2149570
2024-08-16 15:30:00-04:00,97.41999816894531,97.45999908447266,97.314697265625,97.31990051269531,3439710
2024-08-19 09:30:00-04:00,97.7300033569336,97.77999877929688,97.40499877929688,97.4280014038086,5503516
2024-08-19 10:30:00-04:00,97.8949966430664,97.89700317382812,97.69999694824219,97.73999786376953,2203854
2024-08-19 11:30:00-04:00,97.97010040283203,98.1500015258789,97.83000183105469,97.8949966430664,3148872
2024-08-19 12:30:00-04:00,97.88999938964844,98.05500030517578,97.8499984741211,97.9749984741211,1967995
2024-08-19 13:30:00-04:00,98.0199966430664,98.08000183105469,97.83000183105469,97.88999938964844,1677857
2024-08-19 14:30:00-04:00,97.94499969482422,98.09839630126953,97.81999969482422,98.0250015258789,2294232
2024-08-19 15:30:00-04:00,97.9000015258789,97.94999694824219,97.83000183105469,97.94860076904297,3821812
2024-08-20 09:30:00-04:00,98.41000366210938,98.41500091552734,98.12000274658203,98.33000183105469,3628343
2024-08-20 10:30:00-04:00,98.43000030517578,98.5999984741211,98.30000305175781,98.41999816894531,3053076
2024-08-20 11:30:00-04:00,98.57499694824219,98.5999984741211,98.42729949951172,98.43990325927734,2406153
2024-08-20 12:30:00-04:00,98.61499786376953,98.72000122070312,98.54000091552734,98.57499694824219,2655692
2024-08-20 13:30:00-04:00,98.59500122070312,98.6500015258789,98.4800033569336,98.61499786376953,2318167
2024-08-20 14:30:00-04:00,98.5999984741211,98.62999725341797,98.5199966430664,98.58999633789062,1882580
2024-08-20 15:30:00-04:00,98.69000244140625,98.8550033569336,98.59500122070312,98.6050033569336,4682705
2024-08-21 09:30:00-04:00,98.56999969482422,98.8499984741211,98.20999908447266,98.66999816894531,6640563
2024-08-21 10:30:00-04:00,98.70999908447266,98.78050231933594,98.20999908447266,98.55999755859375,4836450
2024-08-21 11:30:00-04:00,98.87000274658203,98.93000030517578,98.68000030517578,98.70999908447266,2540874
2024-08-21 12:30:00-04:00,98.91999816894531,98.91999816894531,98.72000122070312,98.87999725341797,1761983
2024-08-21 13:30:00-04:00,99.17500305175781,99.19999694824219,98.91680145263672,98.92500305175781,3381868
2024-08-21 14:30:00-04:00,98.81500244140625,99.18990325927734,98.73999786376953,99.18000030517578,3416414
2024-08-21 15:30:00-04:00,98.72000122070312,98.82499694824219,98.69999694824219,98.81500244140625,4140597
2024-08-22 09:30:00-04:00,97.84500122070312,98.30000305175781,97.75499725341797,98.2300033569336,7181523
2024-08-22 10:30:00-04:00,97.75499725341797,97.94000244140625,97.58000183105469,97.8499984741211,4240806
2024-08-22 11:30:00-04:00,97.61000061035156,97.91000366210938,97.5999984741211,97.75499725341797,3059794
2024-08-22 12:30:00-04:00,97.56999969482422,97.61750030517578,97.43000030517578,97.61499786376953,4634275
2024-08-22 13:30:00-04:00,97.69999694824219,97.73500061035156,97.5250015258789,97.57499694824219,2222397
2024-08-22 14:30:00-04:00,97.7300033569336,97.77999877929688,97.59500122070312,97.69000244140625,3237423
2024-08-22 15:30:00-04:00,97.7699966430664,97.7699966430664,97.65499877929688,97.7249984741211,2438321
2024-08-23 09:30:00-04:00,98.3998031616211,98.59500122070312,97.95999908447266,98.19000244140625,6930628
2024-08-23 10:30:00-04:00,98.46009826660156,98.66500091552734,98.2300033569336,98.37000274658203,4175896
2024-08-23 11:30:00-04:00,98.38999938964844,98.47000122070312,98.26499938964844,98.46990203857422,3367704
2024-08-23 12:30:00-04:00,98.17500305175781,98.40499877929688,98.08999633789062,98.4000015258789,2300743
2024-08-23 13:30:00-04:00,98.29000091552734,98.42500305175781,98.16000366210938,98.16999816894531,3472815
2024-08-23 14:30:00-04:00,98.33999633789062,98.43000030517578,98.2699966430664,98.30000305175781,2110199
2024-08-23 15:30:00-04:00,98.38999938964844,98.38999938964844,98.30999755859375,98.33000183105469,4091785
2024-08-26 09:30:00-04:00,98.42500305175781,98.69750213623047,98.08000183105469,98.69000244140625,5565737
2024-08-26 10:30:00-04:00,98.25499725341797,98.6500015258789,98.19999694824219,98.43000030517578,3666096
2024-08-26 11:30:00-04:00,98.26000213623047,98.37999725341797,98.19999694824219,98.25499725341797,2526570
2024-08-26 12:30:00-04:00,98.32499694824219,98.40599822998047,98.20999908447266,98.26000213623047,2353349
2024-08-26 13:30:00-04:00,98.2750015258789,98.33999633789062,98.22380065917969,98.33000183105469,1326869
2024-08-26 14:30:00-04:00,98.25,98.30500030517578,98.20500183105469,98.27320098876953,1370640
2024-08-26 15:30:00-04:00,98.12999725341797,98.26499938964844,98.12000274658203,98.24500274658203,2988814
2024-08-27 09:30:00-04:00,97.55500030517578,97.61499786376953,97.41000366210938,97.47000122070312,5188841
2024-08-27 10:30:00-04:00,97.69000244140625,97.79499816894531,97.42109680175781,97.55500030517578,2555210
2024-08-27 11:30:00-04:00,97.67500305175781,97.75499725341797,97.52999877929688,97.69000244140625,3313270
2024-08-27 12:30:00-04:00,97.83000183105469,97.87999725341797,97.63500213623047,97.68000030517578,1941753
2024-08-27 13:30:00-04:00,98.03500366210938,98.08000183105469,97.7699966430664,97.82499694824219,1715045
2024-08-27 14:30:00-04:00,97.88990020751953,98.03520202636719,97.77999877929688,98.02999877929688,2265134
2024-08-27 15:30:00-04:00,97.96499633789062,98.05000305175781,97.87999725341797,97.8949966430664,2667522
2024-08-28 09:30:00-04:00,97.95169830322266,98.07379913330078,97.83000183105469,98.0,3827692
2024-08-28 10:30:00-04:00,98.18499755859375,98.19999694824219,97.94999694824219,97.97000122070312,2142191
2024-08-28 11:30:00-04:00,97.93329620361328,98.18499755859375,97.91000366210938,98.18499755859375,1999204
2024-08-28 12:30:00-04:00,97.95999908447266,97.95999908447266,97.80999755859375,97.9374008178711,2030915
2024-08-28 13:30:00-04:00,97.80000305175781,98.0198974609375,97.80000305175781,97.95539855957031,1869802
2024-08-28 14:30:00-04:00,97.82499694824219,97.90989685058594,97.7249984741211,97.80999755859375,2175981
2024-08-28 15:30:00-04:00,97.87000274658203,97.875,97.75,97.82679748535156,2465779
2024-08-29 09:30:00-04:00,97.41000366210938,97.58000183105469,97.30999755859375,97.37999725341797,4479513
2024-08-29 10:30:00-04:00,97.23500061035156,97.43000030517578,97.125,97.4280014038086,2953854
2024-08-29 11:30:00-04:00,97.5,97.5250015258789,97.22000122070312,97.2300033569336,2723758
2024-08-29 12:30:00-04:00,97.51499938964844,97.59500122070312,97.44000244140625,97.50669860839844,2698202
2024-08-29 13:30:00-04:00,97.62999725341797,97.63999938964844,97.48999786376953,97.51000213623047,2957654
2024-08-29 14:30:00-04:00,97.5,97.63500213623047,97.45500183105469,97.62550354003906,2900328
2024-08-29 15:30:00-04:00,97.51000213623047,97.52999877929688,97.47000122070312,97.4999008178711,3167581
2024-08-30 09:30:00-04:00,97.73999786376953,97.98500061035156,97.5199966430664,97.67500305175781,4643603
2024-08-30 10:30:00-04:00,97.55999755859375,97.76000213623047,97.51499938964844,97.73999786376953,3260712
2024-08-30 11:30:00-04:00,97.04000091552734,97.56670379638672,96.94499969482422,97.55500030517578,3045751
2024-08-30 12:30:00-04:00,96.80000305175781,97.06500244140625,96.7699966430664,97.04499816894531,4860179
2024-08-30 13:30:00-04:00,96.95500183105469,96.96620178222656,96.7699966430664,96.80999755859375,3841565
2024-08-30 14:30:00-04:00,96.86499786376953,97.0,96.7750015258789,96.95500183105469,6336859
2024-08-30 15:30:00-04:00,96.54000091552734,96.8949966430664,96.5199966430664,96.86000061035156,9394863
2024-09-03 09:30:00-04:00,97.68000030517578,98.05999755859375,97.44999694824219,97.55999755859375,14108958
2024-09-03 10:30:00-04:00,97.64540100097656,97.92500305175781,97.54000091552734,97.66500091552734,5124774
2024-09-03 11:30:00-04:00,97.54499816894531,97.69999694824219,97.49500274658203,97.6500015258789,4351366
2024-09-03 12:30:00-04:00,97.5999984741211,97.69999694824219,97.41999816894531,97.55000305175781,2958788
2024-09-03 13:30:00-04:00,97.56099700927734,97.61000061035156,97.45999908447266,97.58000183105469,2857339
2024-09-03 14:30:00-04:00,97.75499725341797,97.83000183105469,97.47000122070312,97.55999755859375,4356722
2024-09-03 15:30:00-04:00,97.77999877929688,97.80000305175781,97.69499969482422,97.75499725341797,5013554
2024-09-04 09:30:00-04:00,98.375,98.66999816894531,97.8125,97.87999725341797,9422491
2024-09-04 10:30:00-04:00,98.37999725341797,98.4999008178711,98.2157974243164,98.37000274658203,4103201
2024-09-04 11:30:00-04:00,98.44000244140625,98.51499938964844,98.29499816894531,98.375,2450979
2024-09-04 12:30:00-04:00,98.63670349121094,98.6500015258789,98.42500305175781,98.44000244140625,2876701
2024-09-04 13:30:00-04:00,98.74500274658203,98.84500122070312,98.62999725341797,98.62999725341797,3451157
2024-09-04 14:30:00-04:00,98.91609954833984,98.9563980102539,98.68000030517578,98.74500274658203,6100936
2024-09-04 15:30:00-04:00,98.97000122070312,99.02999877929688,98.83999633789062,98.91500091552734,5756215
2024-09-05 09:30:00-04:00,99.08000183105469,99.43499755859375,98.95999908447266,99.33499908447266,9785732
2024-09-05 10:30:00-04:00,99.0250015258789,99.19000244140625,98.77999877929688,99.08999633789062,6120324
2024-09-05 11:30:00-04:00,99.37000274658203,99.37000274658203,99.0250015258789,99.04000091552734,5313597
2024-09-05 12:30:00-04:00,99.57250213623047,99.58999633789062,99.18499755859375,99.375,5465052
2024-09-05 13:30:00-04:00,99.63500213623047,99.66999816894531,99.46499633789062,99.57499694824219,5911278
2024-09-05 14:30:00-04:00,99.55999755859375,99.67870330810547,99.41000366210938,99.63500213623047,4320230
2024-09-05 15:30:00-04:00,99.53500366210938,99.66000366210938,99.47000122070312,99.56500244140625,4698893
2024-09-06 09:30:00-04:00,100.0198974609375,100.05000305175781,99.19010162353516,99.55000305175781,12852929
2024-09-06 10:30:00-04:00,100.5999984741211,100.77999877929688,99.98999786376953,100.01000213623047,12472205
2024-09-06 11:30:00-04:00,99.86499786376953,100.61900329589844,99.75499725341797,100.61000061035156,8526737
2024-09-06 12:30:00-04:00,99.90499877929688,99.91000366210938,99.52010345458984,99.87000274658203,6557931
2024-09-06 13:30:00-04:00,99.61000061035156,99.95999908447266,99.47000122070312,99.91000366210938,4736470
2024-09-06 14:30:00-04:00,99.54499816894531,99.72000122070312,99.53099822998047,99.6050033569336,2809136
2024-09-06 15:30:00-04:00,99.58999633789062,99.69999694824219,99.46499633789062,99.54499816894531,5139380
2024-09-09 09:30:00-04:00,99.58000183105469,99.5999984741211,99.16000366210938,99.39129638671875,5154652
2024-09-09 10:30:00-04:00,99.7300033569336,99.83999633789062,99.54000091552734,99.58999633789062,3374631
2024-09-09 11:30:00-04:00,99.90499877929688,99.98999786376953,99.68499755859375,99.7249984741211,3703324
2024-09-09 12:30:00-04:00,100.02999877929688,100.08999633789062,99.86499786376953,99.90499877929688,1817966
2024-09-09 13:30:00-04:00,99.92500305175781,100.0999984741211,99.83200073242188,100.0386962890625,2538706
2024-09-09 14:30:00-04:00,99.98999786376953,100.06500244140625,99.88999938964844,99.92500305175781,2318962
2024-09-09 15:30:00-04:00,99.9800033569336,100.01499938964844,99.87000274658203,99.98179626464844,3739219
2024-09-10 09:30:00-04:00,100.12000274658203,100.21499633789062,99.81999969482422,99.875,4036344
2024-09-10 10:30:00-04:00,100.5250015258789,100.5999984741211,100.0801010131836,100.125,4385710
2024-09-10 11:30:00-04:00,100.55999755859375,100.75,100.4800033569336,100.5199966430664,3702074
2024-09-10 12:30:00-04:00,100.57499694824219,100.63999938964844,100.37999725341797,100.56999969482422,3583380
2024-09-10 13:30:00-04:00,100.73999786376953,100.80500030517578,100.58000183105469,100.58000183105469,2271129
2024-09-10 14:30:00-04:00,100.65360260009766,100.91000366210938,100.61499786376953,100.73999786376953,4450222
2024-09-10 15:30:00-04:00,100.66000366210938,100.78990173339844,100.63999938964844,100.66000366210938,4220701
2024-09-11 09:30:00-04:00,101.08999633789062,101.22000122070312,100.36000061035156,100.5,12043062
2024-09-11 10:30:00-04:00,100.93000030517578,101.2300033569336,100.81999969482422,101.08999633789062,6041172
2024-09-11 11:30:00-04:00,100.5199966430664,100.94869995117188,100.5199966430664,100.91999816894531,2868464
2024-09-11 12:30:00-04:00,100.48500061035156,100.69000244140625,100.44000244140625,100.5199966430664,4576916
2024-09-11 13:30:00-04:00,100.41000366210938,100.51499938964844,100.3499984741211,100.45999908447266,3194328
2024-09-11 14:30:00-04:00,100.69999694824219,100.7300033569336,100.37000274658203,100.41500091552734,3572231
2024-09-11 15:30:00-04:00,100.58999633789062,100.70999908447266,100.56999969482422,100.69999694824219,4835563
2024-09-12 09:30:00-04:00,100.05999755859375,100.55000305175781,100.0199966430664,100.34200286865234,6840611
2024-09-12 10:30:00-04:00,100.0,100.15989685058594,99.91010284423828,100.05999755859375,3470010
2024-09-12 11:30:00-04:00,99.91500091552734,100.23999786376953,99.86000061035156,100.0,3112225
2024-09-12 12:30:00-04:00,99.80899810791016,100.06999969482422,99.69000244140625,99.91500091552734,4223628
2024-09-12 13:30:00-04:00,99.9999008178711,100.02999877929688,99.7699966430664,99.80000305175781,4726631
2024-09-12 14:30:00-04:00,100.07499694824219,100.19999694824219,99.9000015258789,99.98999786376953,4166666
2024-09-12 15:30:00-04:00,100.12000274658203,100.30999755859375,100.04000091552734,100.08000183105469,9784463
2024-09-13 09:30:00-04:00,100.1698989868164,100.47000122070312,100.02839660644531,100.45999908447266,4633597
2024-09-13 10:30:00-04:00,100.26499938964844,100.30000305175781,100.1449966430664,100.16999816894531,2346148
2024-09-13 11:30:00-04:00,100.375,100.41999816894531,100.18499755859375,100.26000213623047,2509584
2024-09-13 12:30:00-04:00,100.55500030517578,100.5790023803711,100.37059783935547,100.375,2290332
2024-09-13 13:30:00-04:00,100.54989624023438,100.61000061035156,100.51229858398438,100.55999755859375,2524314
2024-09-13 14:30:00-04:00,100.40499877929688,100.56500244140625,100.38999938964844,100.54499816894531,2258178
2024-09-13 15:30:00-04:00,100.3949966430664,100.45999908447266,100.37000274658203,100.40869903564453,4797197
2024-09-16 09:30:00-04:00,100.62999725341797,100.6769027709961,100.41000366210938,100.62999725341797,3931768
2024-09-16 10:30:00-04:00,101.07499694824219,101.08560180664062,100.63500213623047,100.63999938964844,4551208
2024-09-16 11:30:00-04:00,101.0250015258789,101.12999725341797,100.95500183105469,101.0770034790039,2679903
2024-09-16 12:30:00-04:00,101.15499877929688,101.18499755859375,100.95999908447266,101.0199966430664,2434130
2024-09-16 13:30:00-04:00,101.1500015258789,101.29000091552734,101.0999984741211,101.1500015258789,2615573
2024-09-16 14:30:00-04:00,101.19499969482422,101.28500366210938,101.15499877929688,101.15499877929688,3633726
2024-09-16 15:30:00-04:00,101.30500030517578,101.37000274658203,101.16000366210938,101.19499969482422,5763794
2024-09-17 09:30:00-04:00,101.25499725341797,101.63500213623047,101.02999877929688,101.4800033569336,8604728
2024-09-17 10:30:00-04:00,101.18499755859375,101.38999938964844,101.16190338134766,101.25,2668519
2024-09-17 11:30:00-04:00,101.05000305175781,101.32990264892578,101.01499938964844,101.19000244140625,2278966
2024-09-17 12:30:00-04:00,100.91999816894531,101.1500015258789,100.83999633789062,101.05000305175781,2641678
2024-09-17 13:30:00-04:00,100.97000122070312,101.0,100.7699966430664,100.91999816894531,3619753
2024-09-17 14:30:00-04:00,100.89990234375,101.0,100.86499786376953,100.96330261230469,3031177
2024-09-17 15:30:00-04:00,100.81999969482422,100.95999908447266,100.73999786376953,100.89990234375,5670091
2024-09-18 09:30:00-04:00,100.09500122070312,100.32009887695312,100.08000183105469,100.25,6774530
2024-09-18 10:30:00-04:00,100.2750015258789,100.27999877929688,100.08499908447266,100.09500122070312,3115165
2024-09-18 11:30:00-04:00,100.2959976196289,100.31999969482422,100.16500091552734,100.2750015258789,2964396
2024-09-18 12:30:00-04:00,100.3499984741211,100.51000213623047,100.25,100.29000091552734,2242421
2024-09-18 13:30:00-04:00,100.44999694824219,100.63500213623047,100.06500244140625,100.3550033569336,8857345
2024-09-18 14:30:00-04:00,99.7300033569336,100.72660064697266,99.56999969482422,100.44010162353516,8485512
2024-09-18 15:30:00-04:00,99.5999984741211,99.8550033569336,99.54000091552734,99.72000122070312,8875275
2024-09-19 09:30:00-04:00,99.06500244140625,99.19000244140625,98.7699966430664,98.91000366210938,10508514
2024-09-19 10:30:00-04:00,99.03900146484375,99.27780151367188,98.94999694824219,99.09010314941406,4654701
2024-09-19 11:30:00-04:00,99.02570343017578,99.0999984741211,98.92500305175781,99.03179931640625,3284443
2024-09-19 12:30:00-04:00,98.91010284423828,99.08499908447266,98.81500244140625,99.0250015258789,3928850
2024-09-19 13:30:00-04:00,99.02899932861328,99.02999877929688,98.80999755859375,98.91500091552734,4234243
2024-09-19 14:30:00-04:00,99.15499877929688,99.16000366210938,98.90499877929688,99.0199966430664,4382984
2024-09-19 15:30:00-04:00,99.23999786376953,99.30999755859375,99.0999984741211,99.1541976928711,5015080
2024-09-20 09:30:00-04:00,98.87000274658203,99.06999969482422,98.81999969482422,99.0,8852111
2024-09-20 10:30:00-04:00,98.78990173339844,98.88999938964844,98.72000122070312,98.86199951171875,3978694
2024-09-20 11:30:00-04:00,99.07499694824219,99.125,98.76000213623047,98.78379821777344,5270327
2024-09-20 12:30:00-04:00,99.19000244140625,99.24500274658203,99.00199890136719,99.06999969482422,4075030
2024-09-20 13:30:00-04:00,99.06999969482422,99.18000030517578,98.9800033569336,99.18000030517578,2704484
2024-09-20 14:30:00-04:00,99.0999984741211,99.12000274658203,99.0,99.06999969482422,3276000
2024-09-20 15:30:00-04:00,98.91500091552734,99.1449966430664,98.91000366210938,99.09500122070312,4108720
2024-09-23 09:30:00-04:00,98.22000122070312,98.69999694824219,98.0199966430664,98.48999786376953,10421162
2024-09-23 10:30:00-04:00,98.30999755859375,98.40630340576172,98.1897964477539,98.21499633789062,4756980
2024-09-23 11:30:00-04:00,98.9800033569336,99.0199966430664,98.27210235595703,98.31999969482422,5061305
2024-09-23 12:30:00-04:00,98.92500305175781,99.08999633789062,98.87999725341797,98.97000122070312,5936152
2024-09-23 13:30:00-04:00,98.87999725341797,99.0198974609375,98.83000183105469,98.93000030517578,2212044
2024-09-23 14:30:00-04:00,98.7750015258789,98.94000244140625,98.75,98.87010192871094,2824572
2024-09-23 15:30:00-04:00,98.69999694824219,98.84500122070312,98.66999816894531,98.7750015258789,2598936
2024-09-24 09:30:00-04:00,98.46540069580078,98.51000213623047,97.8499984741211,97.99099731445312,10132486
2024-09-24 10:30:00-04:00,98.54000091552734,98.6050033569336,98.41000366210938,98.47000122070312,3963642
2024-09-24 11:30:00-04:00,98.56929779052734,98.63680267333984,98.31999969482422,98.53500366210938,3478042
2024-09-24 12:30:00-04:00,98.52999877929688,98.61000061035156,98.46009826660156,98.55999755859375,3513111
2024-09-24 13:30:00-04:00,98.80010223388672,98.88999938964844,98.4800033569336,98.52999877929688,2133532
2024-09-24 14:30:00-04:00,98.74019622802734,98.83999633789062,98.63999938964844,98.80999755859375,2685234
2024-09-24 15:30:00-04:00,98.66999816894531,98.80000305175781,98.66999816894531,98.73999786376953,2588690
2024-09-25 09:30:00-04:00,98.08000183105469,98.31999969482422,98.01000213623047,98.27999877929688,6656286
2024-09-25 10:30:00-04:00,98.01000213623047,98.22000122070312,97.98999786376953,98.08000183105469,3383071
2024-09-25 11:30:00-04:00,98.20500183105469,98.20500183105469,98.01000213623047,98.01290130615234,2419466
2024-09-25 12:30:00-04:00,97.98500061035156,98.22000122070312,97.91500091552734,98.19999694824219,5474099
2024-09-25 13:30:00-04:00,98.07499694824219,98.0999984741211,97.9800033569336,97.98500061035156,2836285
2024-09-25 14:30:00-04:00,97.93499755859375,98.11000061035156,97.8499984741211,98.07499694824219,5522048
2024-09-25 15:30:00-04:00,97.81999969482422,97.94000244140625,97.79000091552734,97.93000030517578,4921454
2024-09-26 09:30:00-04:00,97.54100036621094,98.22660064697266,97.51499938964844,98.06999969482422,7320926
2024-09-26 10:30:00-04:00,97.75,98.0,97.41999816894531,97.54499816894531,4069040
2024-09-26 11:30:00-04:00,97.69499969482422,97.80500030517578,97.66110229492188,97.75,2123590
2024-09-26 12:30:00-04:00,98.00399780273438,98.05999755859375,97.60009765625,97.69999694824219,3421238
2024-09-26 13:30:00-04:00,97.99009704589844,98.07350158691406,97.8949966430664,98.0,2211336
2024-09-26 14:30:00-04:00,98.12999725341797,98.24500274658203,97.95999908447266,97.98999786376953,2800767
2024-09-26 15:30:00-04:00,98.08000183105469,98.13849639892578,98.0,98.135498046875,4054508
2024-09-27 09:30:00-04:00,98.4800033569336,98.72000122070312,98.4103012084961,98.54000091552734,5197209
2024-09-27 10:30:00-04:00,98.41000366210938,98.54000091552734,98.21499633789062,98.46890258789062,3883817
2024-09-27 11:30:00-04:00,98.6050033569336,98.73629760742188,98.26000213623047,98.4000015258789,4443314
2024-09-27 12:30:00-04:00,98.57499694824219,98.75499725341797,98.55999755859375,98.6050033569336,2972148
2024-09-27 13:30:00-04:00,98.63999938964844,98.67759704589844,98.53379821777344,98.56999969482422,2270399
2024-09-27 14:30:00-04:00,98.58499908447266,98.66000366210938,98.54000091552734,98.62999725341797,2389895
2024-09-27 15:30:00-04:00,98.55999755859375,98.5999984741211,98.37000274658203,98.58999633789062,2844781
2024-09-30 09:30:00-04:00,98.55999755859375,98.70999908447266,98.32080078125,98.6449966430664,6338230
2024-09-30 10:30:00-04:00,98.18350219726562,98.67500305175781,98.1500015258789,98.55999755859375,3683484
2024-09-30 11:30:00-04:00,98.34500122070312,98.34989929199219,98.04329681396484,98.20010375976562,3064881
2024-09-30 12:30:00-04:00,98.42749786376953,98.46659851074219,98.30010223388672,98.34500122070312,2276474
2024-09-30 13:30:00-04:00,97.9292984008789,98.44999694824219,97.9292984008789,98.43000030517578,5125843
2024-09-30 14:30:00-04:00,97.94750213623047,98.11000061035156,97.91000366210938,97.93000030517578,5241021
2024-09-30 15:30:00-04:00,98.05999755859375,98.16999816894531,97.88390350341797,97.94000244140625,4395462
2024-10-01 09:30:00-04:00,99.13999938964844,99.33000183105469,98.70999908447266,98.79000091552734,15054429
2024-10-01 10:30:00-04:00,98.80989837646484,99.1897964477539,98.77999877929688,99.14800262451172,5895480
2024-10-01 11:30:00-04:00,98.98999786376953,99.0,98.625,98.80999755859375,4864593
2024-10-01 12:30:00-04:00,98.82019805908203,99.08999633789062,98.80500030517578,98.99500274658203,4231222
2024-10-01 13:30:00-04:00,98.51000213623047,98.83999633789062,98.38500213623047,98.82499694824219,3633276
2024-10-01 14:30:00-04:00,98.56999969482422,98.6050033569336,98.43990325927734,98.50849914550781,3646864
2024-10-01 15:30:00-04:00,98.5,98.56999969482422,98.43000030517578,98.56500244140625,3266853
2024-10-02 09:30:00-04:00,97.27999877929688,97.3550033569336,97.05999755859375,97.33000183105469,10680272
2024-10-02 10:30:00-04:00,97.41999816894531,97.48500061035156,97.1500015258789,97.27999877929688,4259633
2024-10-02 11:30:00-04:00,97.56500244140625,97.66500091552734,97.38359832763672,97.41500091552734,3410503
2024-10-02 12:30:00-04:00,97.55000305175781,97.58989715576172,97.46009826660156,97.55000305175781,2019302
2024-10-02 13:30:00-04:00,97.65499877929688,97.7300033569336,97.52010345458984,97.55000305175781,2436197
2024-10-02 14:30:00-04:00,97.5999984741211,97.69999694824219,97.58999633789062,97.65499877929688,2541539
2024-10-02 15:30:00-04:00,97.68000030517578,97.68000030517578,97.52999877929688,97.59349822998047,4110501
2024-10-03 09:30:00-04:00,97.18000030517578,97.50990295410156,97.0,97.33999633789062,7270817
2024-10-03 10:30:00-04:00,97.21499633789062,97.3949966430664,96.94000244140625,97.17500305175781,5779766
2024-10-03 11:30:00-04:00,97.19499969482422,97.36000061035156,97.15499877929688,97.21499633789062,2261824
2024-10-03 12:30:00-04:00,97.08000183105469,97.29499816894531,97.04000091552734,97.19000244140625,2760167
2024-10-03 13:30:00-04:00,97.0199966430664,97.12909698486328,96.9800033569336,97.08000183105469,2718456
2024-10-03 14:30:00-04:00,96.83499908447266,97.04000091552734,96.80500030517578,97.0250015258789,7863202
2024-10-03 15:30:00-04:00,96.76499938964844,96.91000366210938,96.76000213623047,96.83499908447266,5643431
2024-10-04 09:30:00-04:00,95.75499725341797,95.8550033569336,95.4000015258789,95.43499755859375,20709275
2024-10-04 10:30:00-04:00,95.7699966430664,95.95999908447266,95.69999694824219,95.75499725341797,6535870
2024-10-04 11:30:00-04:00,95.6449966430664,95.88999938964844,95.62000274658203,95.7699966430664,3889991
2024-10-04 12:30:00-04:00,95.58999633789062,95.7300033569336,95.58999633789062,95.6500015258789,2690663
2024-10-04 13:30:00-04:00,95.6050033569336,95.65499877929688,95.5250015258789,95.59369659423828,3322635
2024-10-04 14:30:00-04:00,95.51000213623047,95.6500015258789,95.41999816894531,95.6050033569336,4478574
2024-10-04 15:30:00-04:00,95.51000213623047,95.56500244140625,95.45999908447266,95.51000213623047,5894178
2024-10-07 09:30:00-04:00,94.97000122070312,95.26719665527344,94.86000061035156,94.97000122070312,10510504
2024-10-07 10:30:00-04:00,95.05000305175781,95.12999725341797,94.86000061035156,94.9800033569336,5496419
2024-10-07 11:30:00-04:00,94.82499694824219,95.05999755859375,94.80999755859375,95.05000305175781,3494502
2024-10-07 12:30:00-04:00,94.95500183105469,94.99500274658203,94.80999755859375,94.82499694824219,3019428
2024-10-07 13:30:00-04:00,94.96499633789062,95.05000305175781,94.94999694824219,94.94999694824219,3104308
2024-10-07 14:30:00-04:00,94.86000061035156,95.04000091552734,94.81999969482422,94.96499633789062,5528388
2024-10-07 15:30:00-04:00,94.86000061035156,94.87999725341797,94.76000213623047,94.86499786376953,6453584
2024-10-08 09:30:00-04:00,94.56500244140625,94.61000061035156,94.33499908447266,94.4000015258789,8844983
2024-10-08 10:30:00-04:00,94.76239776611328,94.79000091552734,94.55000305175781,94.56999969482422,4366199
2024-10-08 11:30:00-04:00,94.79609680175781,94.86499786376953,94.69000244140625,94.7699966430664,3104333
2024-10-08 12:30:00-04:00,94.73999786376953,94.88999938964844,94.62000274658203,94.79750061035156,2897871
2024-10-08 13:30:00-04:00,94.66999816894531,94.82499694824219,94.66999816894531,94.73500061035156,2258232
2024-10-08 14:30:00-04:00,94.72989654541016,94.80999755859375,94.63970184326172,94.67500305175781,3110151
2024-10-08 15:30:00-04:00,95.0199966430664,95.02999877929688,94.71499633789062,94.7249984741211,3780717
2024-10-09 09:30:00-04:00,94.88999938964844,94.88999938964844,94.61000061035156,94.66999816894531,5075251
2024-10-09 10:30:00-04:00,94.73500061035156,94.90499877929688,94.71009826660156,94.88990020751953,3579502
2024-10-09 11:30:00-04:00,94.61499786376953,94.79100036621094,94.5801010131836,94.73500061035156,2603055
2024-10-09 12:30:00-04:00,94.44000244140625,94.61000061035156,94.31999969482422,94.61000061035156,8806326
2024-10-09 13:30:00-04:00,94.61000061035156,94.61000061035156,94.2300033569336,94.4385986328125,5124513
2024-10-09 14:30:00-04:00,94.4751968383789,94.625,94.42500305175781,94.6050033569336,3496135
2024-10-09 15:30:00-04:00,94.45500183105469,94.5,94.41000366210938,94.4800033569336,3869461
2024-10-10 09:30:00-04:00,93.76000213623047,94.08999633789062,93.71499633789062,93.87999725341797,12707151
2024-10-10 10:30:00-04:00,93.92620086669922,93.97000122070312,93.58999633789062,93.76000213623047,5177784
2024-10-10 11:30:00-04:00,93.9800033569336,94.01000213623047,93.8550033569336,93.92749786376953,4922668
2024-10-10 12:30:00-04:00,93.5999984741211,94.0,93.41000366210938,93.9800033569336,11955152
2024-10-10 13:30:00-04:00,93.78500366210938,93.81999969482422,93.56400299072266,93.61000061035156,5121207
2024-10-10 14:30:00-04:00,93.8550033569336,93.92500305175781,93.74199676513672,93.79000091552734,3762903
2024-10-10 15:30:00-04:00,94.06999969482422,94.06999969482422,93.8550033569336,93.8550033569336,3918973
2024-10-11 09:30:00-04:00,93.5510025024414,93.70999908447266,93.4219970703125,93.48200225830078,7321043
2024-10-11 10:30:00-04:00,93.92449951171875,93.92449951171875,93.54000091552734,93.55000305175781,4246506
2024-10-11 11:30:00-04:00,93.97000122070312,94.0,93.8550033569336,93.92579650878906,2922116
2024-10-11 12:30:00-04:00,93.92500305175781,94.06559753417969,93.88369750976562,93.96499633789062,2200859
2024-10-11 13:30:00-04:00,93.94499969482422,93.94989776611328,93.81999969482422,93.91999816894531,1829362
2024-10-11 14:30:00-04:00,93.81500244140625,93.95500183105469,93.80010223388672,93.94499969482422,2506345
2024-10-11 15:30:00-04:00,93.73999786376953,93.81999969482422,93.69999694824219,93.81549835205078,3628260
2024-10-14 09:30:00-04:00,93.19010162353516,93.19999694824219,92.9800033569336,93.04000091552734,6070259
2024-10-14 10:30:00-04:00,93.40499877929688,93.41000366210938,93.12999725341797,93.19999694824219,2903744
2024-10-14 11:30:00-04:00,93.3949966430664,93.49500274658203,93.37999725341797,93.4020004272461,1530004
2024-10-14 12:30:00-04:00,93.339599609375,93.41000366210938,93.31500244140625,93.38999938964844,1371945
2024-10-14 13:30:00-04:00,93.43499755859375,93.48999786376953,93.32499694824219,93.33999633789062,2981560
2024-10-14 14:30:00-04:00,93.56999969482422,93.61000061035156,93.33000183105469,93.44000244140625,2260316
2024-10-14 15:30:00-04:00,93.76499938964844,93.77999877929688,93.55000305175781,93.57099914550781,5665141
2024-10-15 09:30:00-04:00,94.55999755859375,94.67500305175781,94.37359619140625,94.44039916992188,7266371
2024-10-15 10:30:00-04:00,94.66000366210938,94.79000091552734,94.51000213623047,94.55500030517578,8565168
2024-10-15 11:30:00-04:00,94.7249984741211,94.83000183105469,94.6500015258789,94.66000366210938,5288691
2024-10-15 12:30:00-04:00,94.70500183105469,94.7750015258789,94.6500015258789,94.7249984741211,2272646
2024-10-15 13:30:00-04:00,94.87030029296875,94.9000015258789,94.70500183105469,94.70500183105469,3139815
2024-10-15 14:30:00-04:00,94.98999786376953,95.0,94.7750015258789,94.875,3737266
2024-10-15 15:30:00-04:00,94.94999694824219,95.0,94.89450073242188,94.9800033569336,5713128
2024-10-16 09:30:00-04:00,95.33000183105469,95.41999816894531,95.25,95.38999938964844,6639644
2024-10-16 10:30:00-04:00,95.57499694824219,95.62000274658203,95.25,95.33000183105469,4732648
2024-10-16 11:30:00-04:00,95.33499908447266,95.57499694824219,95.29000091552734,95.57499694824219,3986196
2024-10-16 12:30:00-04:00,95.16999816894531,95.3499984741211,95.16000366210938,95.33499908447266,2342721
2024-10-16 13:30:00-04:00,95.25499725341797,95.30000305175781,95.13999938964844,95.16999816894531,2534532
2024-10-16 14:30:00-04:00,95.18499755859375,95.30999755859375,95.13999938964844,95.2500991821289,2595341
2024-10-16 15:30:00-04:00,95.29000091552734,95.30000305175781,95.1500015258789,95.19000244140625,4740115
2024-10-17 09:30:00-04:00,94.04000091552734,94.44000244140625,93.83999633789062,94.30000305175781,9966193
2024-10-17 10:30:00-04:00,93.96990203857422,94.0989990234375,93.78500366210938,94.04000091552734,4652494
2024-10-17 11:30:00-04:00,93.84989929199219,93.99590301513672,93.79000091552734,93.97000122070312,4289277
2024-10-17 12:30:00-04:00,93.81500244140625,93.9000015258789,93.73999786376953,93.8499984741211,3356142
2024-10-17 13:30:00-04:00,93.70500183105469,93.81999969482422,93.67009735107422,93.81999969482422,3209224
2024-10-17 14:30:00-04:00,93.82499694824219,93.83999633789062,93.68499755859375,93.70500183105469,3309886
2024-10-17 15:30:00-04:00,93.80000305175781,93.8499984741211,93.77999877929688,93.82499694824219,5087689
2024-10-18 09:30:00-04:00,94.06749725341797,94.18499755859375,93.96820068359375,94.05000305175781,5420846
2024-10-18 10:30:00-04:00,94.1500015258789,94.22000122070312,94.0199966430664,94.05999755859375,3810780
2024-10-18 11:30:00-04:00,94.1488037109375,94.26000213623047,94.10250091552734,94.15879821777344,3060180
2024-10-18 12:30:00-04:00,94.07499694824219,94.2750015258789,94.05999755859375,94.1500015258789,2156221
2024-10-18 13:30:00-04:00,94.03500366210938,94.11000061035156,93.94000244140625,94.07009887695312,1501344
2024-10-18 14:30:00-04:00,93.95500183105469,94.08000183105469,93.94000244140625,94.04000091552734,2084401
2024-10-18 15:30:00-04:00,93.87000274658203,94.00990295410156,93.86000061035156,93.95429992675781,4220523
2024-10-21 09:30:00-04:00,92.83499908447266,93.08999633789062,92.80999755859375,93.0199966430664,8135942
2024-10-21 10:30:00-04:00,92.6688003540039,92.83999633789062,92.58170318603516,92.83499908447266,6935581
2024-10-21 11:30:00-04:00,92.4749984741211,92.67579650878906,92.47000122070312,92.66000366210938,4662687
2024-10-21 12:30:00-04:00,92.50499725341797,92.5250015258789,92.41000366210938,92.4800033569336,3203709
2024-10-21 13:30:00-04:00,92.46369934082031,92.55000305175781,92.41500091552734,92.5,2334533
2024-10-21 14:30:00-04:00,92.41500091552734,92.47000122070312,92.37000274658203,92.47000122070312,3461693
2024-10-21 15:30:00-04:00,92.26000213623047,92.41719818115234,92.23999786376953,92.41010284423828,8316854
2024-10-22 09:30:00-04:00,92.34500122070312,92.76000213623047,92.31999969482422,92.6500015258789,9177682
2024-10-22 10:30:00-04:00,92.16000366210938,92.40550231933594,92.12999725341797,92.34500122070312,3298819
2024-10-22 11:30:00-04:00,92.19999694824219,92.20500183105469,92.09100341796875,92.1500015258789,3813018
2024-10-22 12:30:00-04:00,92.29679870605469,92.40499877929688,92.18879699707031,92.19349670410156,2431417
2024-10-22 13:30:00-04:00,92.4000015258789,92.44000244140625,92.27149963378906,92.29840087890625,2623411
2024-10-22 14:30:00-04:00,92.36479949951172,92.41000366210938,92.30999755859375,92.38999938964844,2780794
2024-10-22 15:30:00-04:00,92.31999969482422,92.44000244140625,92.30999755859375,92.36990356445312,3460819
2024-10-23 09:30:00-04:00,91.87000274658203,92.01010131835938,91.66010284423828,91.83999633789062,7688927
2024-10-23 10:30:00-04:00,92.13970184326172,92.13999938964844,91.8499984741211,91.87999725341797,4265856
2024-10-23 11:30:00-04:00,92.2249984741211,92.37000274658203,92.12000274658203,92.13500213623047,3238731
2024-10-23 12:30:00-04:00,92.04000091552734,92.33000183105469,92.04000091552734,92.22000122070312,3833396
2024-10-23 13:30:00-04:00,91.99500274658203,92.08999633789062,91.77999877929688,92.05500030517578,3324250
2024-10-23 14:30:00-04:00,92.05000305175781,92.08999633789062,91.93000030517578,91.99500274658203,2880582
2024-10-23 15:30:00-04:00,92.11000061035156,92.16999816894531,92.05000305175781,92.05000305175781,4412312
2024-10-24 09:30:00-04:00,92.18000030517578,92.30999755859375,91.95999908447266,92.23999786376953,8526666
2024-10-24 10:30:00-04:00,92.61499786376953,92.7699966430664,92.17500305175781,92.17500305175781,5705490
2024-10-24 11:30:00-04:00,92.66000366210938,92.70999908447266,92.48100280761719,92.61599731445312,2876954
2024-10-24 12:30:00-04:00,92.79499816894531,92.80000305175781,92.62999725341797,92.66000366210938,1800680
2024-10-24 13:30:00-04:00,92.83000183105469,93.0,92.76000213623047,92.79499816894531,3648223
2024-10-24 14:30:00-04:00,92.66999816894531,92.87999725341797,92.66999816894531,92.82510375976562,3144647
2024-10-24 15:30:00-04:00,92.65499877929688,92.72000122070312,92.6500015258789,92.67500305175781,2322778
2024-10-25 09:30:00-04:00,92.68000030517578,93.03009796142578,92.58499908447266,92.99500274658203,6176610
2024-10-25 10:30:00-04:00,92.62000274658203,92.7300033569336,92.44999694824219,92.68409729003906,3889649
2024-10-25 11:30:00-04:00,92.46790313720703,92.62000274658203,92.36000061035156,92.62000274658203,2681297
2024-10-25 12:30:00-04:00,92.44000244140625,92.50800323486328,92.37999725341797,92.45999908447266,2121323
2024-10-25 13:30:00-04:00,92.29499816894531,92.45500183105469,92.2699966430664,92.44989776611328,2738078
2024-10-25 14:30:00-04:00,92.05999755859375,92.33999633789062,92.0199966430664,92.30000305175781,3692861
2024-10-25 15:30:00-04:00,92.13999938964844,92.18000030517578,92.04499816894531,92.05999755859375,3722754
2024-10-28 09:30:00-04:00,92.08499908447266,92.29000091552734,91.875,92.2699966430664,5816966
2024-10-28 10:30:00-04:00,91.8302001953125,92.1050033569336,91.81999969482422,92.08000183105469,2800972
2024-10-28 11:30:00-04:00,91.59500122070312,91.8550033569336,91.41500091552734,91.83000183105469,5483293
2024-10-28 12:30:00-04:00,91.6365966796875,91.6500015258789,91.5,91.58999633789062,3040881
2024-10-28 13:30:00-04:00,91.78500366210938,91.79499816894531,91.63590240478516,91.63590240478516,4220534
2024-10-28 14:30:00-04:00,91.84529876708984,91.91000366210938,91.72000122070312,91.78500366210938,4210380
2024-10-28 15:30:00-04:00,91.9000015258789,91.9800033569336,91.83999633789062,91.84500122070312,3127599
2024-10-29 09:30:00-04:00,91.52999877929688,91.87999725341797,91.07499694824219,91.16999816894531,10512802
2024-10-29 10:30:00-04:00,91.13999938964844,91.57499694824219,90.98370361328125,91.53500366210938,7230876
2024-10-29 11:30:00-04:00,91.23500061035156,91.33999633789062,91.0999984741211,91.1321029663086,3545141
2024-10-29 12:30:00-04:00,91.57499694824219,91.69989776611328,91.02999877929688,91.23500061035156,6495865
2024-10-29 13:30:00-04:00,91.83499908447266,91.875,91.5199966430664,91.56999969482422,5155729
2024-10-29 14:30:00-04:00,91.88500213623047,92.0,91.77999877929688,91.83000183105469,4670556
2024-10-29 15:30:00-04:00,92.02999877929688,92.05999755859375,91.86499786376953,91.88999938964844,4564460
2024-10-30 09:30:00-04:00,92.8053970336914,93.27999877929688,92.75019836425781,92.83499908447266,11902780
2024-10-30 10:30:00-04:00,92.2699966430664,92.80000305175781,92.16000366210938,92.80000305175781,6601282
2024-10-30 11:30:00-04:00,92.75,92.7677001953125,92.26000213623047,92.2699966430664,4389830
2024-10-30 12:30:00-04:00,92.43399810791016,92.8499984741211,92.41500091552734,92.74500274658203,3192348
2024-10-30 13:30:00-04:00,92.63500213623047,92.69000244140625,92.43769836425781,92.43769836425781,2814182
2024-10-30 14:30:00-04:00,92.30999755859375,92.66899871826172,92.18150329589844,92.63500213623047,4472238
2024-10-30 15:30:00-04:00,92.31999969482422,92.44499969482422,92.26000213623047,92.30500030517578,4818831
2024-10-31 09:30:00-04:00,92.20500183105469,92.44000244140625,91.87000274658203,92.19999694824219,9535826
2024-10-31 10:30:00-04:00,92.12000274658203,92.2249984741211,91.93000030517578,92.19999694824219,4807569
2024-10-31 11:30:00-04:00,92.41580200195312,92.56880187988281,92.01000213623047,92.12000274658203,4259469
2024-10-31 12:30:00-04:00,92.80500030517578,92.82499694824219,92.33999633789062,92.4000015258789,3496965
2024-10-31 13:30:00-04:00,92.74500274658203,92.94000244140625,92.66010284423828,92.80999755859375,4907412
2024-10-31 14:30:00-04:00,92.70999908447266,92.80500030517578,92.5,92.73999786376953,8900899
2024-10-31 15:30:00-04:00,92.44999694824219,92.7699966430664,92.25,92.71499633789062,10163911
2024-11-01 09:30:00-04:00,91.90499877929688,92.51499938964844,91.69869995117188,92.26000213623047,16580596
2024-11-01 10:30:00-04:00,91.47989654541016,91.96499633789062,91.18000030517578,91.91000366210938,16917398
2024-11-01 11:30:00-04:00,91.25,91.49500274658203,91.0250015258789,91.4800033569336,7499543
2024-11-01 12:30:00-04:00,91.19999694824219,91.37999725341797,91.16000366210938,91.24759674072266,7390511
2024-11-01 13:30:00-04:00,91.09500122070312,91.22640228271484,90.91999816894531,91.20999908447266,7719005
2024-11-01 14:30:00-04:00,90.94499969482422,91.15660095214844,90.94000244140625,91.09500122070312,3792505
2024-11-01 15:30:00-04:00,90.85009765625,90.9800033569336,90.80000305175781,90.94999694824219,7197107
2024-11-04 09:30:00-05:00,92.4000015258789,92.56999969482422,92.20999908447266,92.27999877929688,10492057
2024-11-04 10:30:00-05:00,92.01000213623047,92.48999786376953,91.88999938964844,92.40019989013672,6713500
2024-11-04 11:30:00-05:00,92.16999816894531,92.26000213623047,91.9800033569336,92.01499938964844,4335406
2024-11-04 12:30:00-05:00,91.7300033569336,92.20999908447266,91.62999725341797,92.16999816894531,4535626
2024-11-04 13:30:00-05:00,92.08000183105469,92.12999725341797,91.71389770507812,91.72989654541016,3431949
2024-11-04 14:30:00-05:00,92.01499938964844,92.20999908447266,91.91000366210938,92.08000183105469,3733683
2024-11-04 15:30:00-05:00,92.2300033569336,92.30999755859375,92.00499725341797,92.01499938964844,5687311
2024-11-05 09:30:00-05:00,91.68499755859375,92.1500015258789,91.6500015258789,92.03800201416016,8112918
2024-11-05 10:30:00-05:00,91.63999938964844,91.80940246582031,91.5999984741211,91.66999816894531,3817736
2024-11-05 11:30:00-05:00,91.77999877929688,91.79499816894531,91.61499786376953,91.63999938964844,3238972
2024-11-05 12:30:00-05:00,92.08999633789062,92.19999694824219,91.73999786376953,91.77999877929688,4736600
2024-11-05 13:30:00-05:00,92.33499908447266,92.41000366210938,92.04129791259766,92.08999633789062,4083266
2024-11-05 14:30:00-05:00,92.80000305175781,92.86000061035156,92.33000183105469,92.33989715576172,6259120
2024-11-05 15:30:00-05:00,92.70500183105469,92.9000015258789,92.6500015258789,92.80500030517578,5866740
2024-11-06 09:30:00-05:00,89.95500183105469,90.15499877929688,89.55449676513672,89.62999725341797,28045916
2024-11-06 10:30:00-05:00,89.88999938964844,90.125,89.79000091552734,89.95500183105469,11688228
2024-11-06 11:30:00-05:00,90.06009674072266,90.11499786376953,89.62000274658203,89.88999938964844,7730157
2024-11-06 12:30:00-05:00,90.58999633789062,90.72000122070312,89.94280242919922,90.06009674072266,10788138
2024-11-06 13:30:00-05:00,90.17500305175781,90.61000061035156,89.83499908447266,90.59500122070312,9258069
2024-11-06 14:30:00-05:00,90.29499816894531,90.4800033569336,90.16999816894531,90.17500305175781,6254311
2024-11-06 15:30:00-05:00,90.2300033569336,90.41000366210938,90.20999908447266,90.29499816894531,8236562
2024-11-07 09:30:00-05:00,91.0302963256836,91.1050033569336,90.6500015258789,90.75,9947909
2024-11-07 10:30:00-05:00,90.86499786376953,91.20500183105469,90.80500030517578,91.02999877929688,6685003
2024-11-07 11:30:00-05:00,91.03500366210938,91.04000091552734,90.86499786376953,90.86499786376953,3300667
2024-11-07 12:30:00-05:00,91.0999984741211,91.21499633789062,91.03500366210938,91.03990173339844,2888712
2024-11-07 13:30:00-05:00,90.95950317382812,91.2699966430664,90.93000030517578,91.0979995727539,6425656
2024-11-07 14:30:00-05:00,91.44999694824219,91.62000274658203,90.83999633789062,90.97000122070312,10247308
2024-11-07 15:30:00-05:00,91.28500366210938,91.46499633789062,91.13009643554688,91.45500183105469,6485733
2024-11-08 09:30:00-05:00,92.48500061035156,92.59549713134766,91.99240112304688,92.0,12447647
2024-11-08 10:30:00-05:00,92.05999755859375,92.54000091552734,91.99369812011719,92.4800033569336,8380177
2024-11-08 11:30:00-05:00,92.05500030517578,92.08999633789062,91.8499984741211,92.05999755859375,5966886
2024-11-08 12:30:00-05:00,92.18499755859375,92.37999725341797,92.0199966430664,92.05020141601562,4858619
2024-11-08 13:30:00-05:00,92.2249984741211,92.37999725341797,92.06999969482422,92.18499755859375,3779635
2024-11-08 14:30:00-05:00,92.20500183105469,92.28990173339844,92.05000305175781,92.2249984741211,3754975
2024-11-08 15:30:00-05:00,92.4800033569336,92.51000213623047,92.154296875,92.20790100097656,6416949
2024-11-11 09:30:00-05:00,91.73259735107422,92.29499816894531,91.62000274658203,92.23999786376953,6060889
2024-11-11 10:30:00-05:00,91.9749984741211,92.04000091552734,91.68000030517578,91.7300033569336,2042246
2024-11-11 11:30:00-05:00,91.86620330810547,91.99500274658203,91.86000061035156,91.97000122070312,1621114
2024-11-11 12:30:00-05:00,92.07569885253906,92.08999633789062,91.86000061035156,91.8656997680664,1524912
2024-11-11 13:30:00-05:00,91.8550033569336,92.07640075683594,91.85009765625,92.07219696044922,1244629
2024-11-11 14:30:00-05:00,91.9927978515625,92.0199966430664,91.8499984741211,91.8550033569336,1573762
2024-11-11 15:30:00-05:00,92.04000091552734,92.11000061035156,91.98999786376953,91.99430084228516,3294154
2024-11-12 09:30:00-05:00,91.63999938964844,91.83999633789062,91.3499984741211,91.3949966430664,7860416
2024-11-12 10:30:00-05:00,91.2750015258789,91.72570037841797,91.22000122070312,91.66500091552734,4552564
2024-11-12 11:30:00-05:00,90.66500091552734,91.31999969482422,90.57499694824219,91.2750015258789,6557706
2024-11-12 12:30:00-05:00,90.67109680175781,90.7699966430664,90.51860046386719,90.66999816894531,5450304
2024-11-12 13:30:00-05:00,90.68000030517578,90.76000213623047,90.57499694824219,90.67500305175781,3700141
2024-11-12 14:30:00-05:00,90.55130004882812,90.7699966430664,90.5250015258789,90.67500305175781,4417120
2024-11-12 15:30:00-05:00,90.66000366210938,90.69000244140625,90.51000213623047,90.55500030517578,6067761
2024-11-13 09:30:00-05:00,90.43000030517578,91.54000091552734,90.41999816894531,91.5199966430664,10916610
2024-11-13 10:30:00-05:00,90.4749984741211,90.62999725341797,90.1050033569336,90.41999816894531,7099464
2024-11-13 11:30:00-05:00,90.23500061035156,90.7699966430664,90.2300033569336,90.4800033569336,3929734
2024-11-13 12:30:00-05:00,89.84500122070312,90.31909942626953,89.72000122070312,90.23999786376953,7291527
2024-11-13 13:30:00-05:00,89.94499969482422,89.9749984741211,89.75,89.83999633789062,3722509
2024-11-13 14:30:00-05:00,89.84500122070312,90.08000183105469,89.72000122070312,89.94499969482422,3710964
2024-11-13 15:30:00-05:00,89.8499984741211,89.95999908447266,89.80999755859375,89.83999633789062,4838034
2024-11-14 09:30:00-05:00,90.5999984741211,90.73500061035156,90.36000061035156,90.55000305175781,8040112
2024-11-14 10:30:00-05:00,90.73500061035156,90.83999633789062,90.2699966430664,90.58999633789062,5322473
2024-11-14 11:30:00-05:00,90.98100280761719,91.0250015258789,90.69999694824219,90.74230194091797,3242065
2024-11-14 12:30:00-05:00,90.756103515625,90.98999786376953,90.73500061035156,90.9800033569336,5158731
2024-11-14 13:30:00-05:00,90.58499908447266,90.8499984741211,90.54000091552734,90.75499725341797,4591419
2024-11-14 14:30:00-05:00,90.55999755859375,90.69989776611328,90.29000091552734,90.58499908447266,7738681
2024-11-14 15:30:00-05:00,90.3499984741211,90.6500015258789,90.2699966430664,90.56500244140625,8348237
2024-11-15 09:30:00-05:00,89.7249984741211,89.94020080566406,89.51000213623047,89.91999816894531,9912146
2024-11-15 10:30:00-05:00,89.79499816894531,90.19999694824219,89.66999816894531,89.72709655761719,9540092
2024-11-15 11:30:00-05:00,90.064697265625,90.06999969482422,89.61000061035156,89.79499816894531,23642533
2024-11-15 12:30:00-05:00,90.40859985351562,90.5,90.05000305175781,90.06999969482422,5701439
2024-11-15 13:30:00-05:00,90.4000015258789,90.6500015258789,90.33000183105469,90.41000366210938,6091205
2024-11-15 14:30:00-05:00,90.29499816894531,90.45999908447266,90.20999908447266,90.40499877929688,3583202
2024-11-15 15:30:00-05:00,90.0999984741211,90.31500244140625,90.04499816894531,90.29499816894531,6764919
2024-11-18 09:30:00-05:00,89.62999725341797,89.71499633789062,89.42400360107422,89.66000366210938,8784030
2024-11-18 10:30:00-05:00,89.81999969482422,89.94999694824219,89.55249786376953,89.62999725341797,5415165
2024-11-18 11:30:00-05:00,90.17500305175781,90.18499755859375,89.79000091552734,89.81999969482422,3771791
2024-11-18 12:30:00-05:00,90.57499694824219,90.58999633789062,90.10009765625,90.18000030517578,3320021
2024-11-18 13:30:00-05:00,90.17500305175781,90.56999969482422,90.16999816894531,90.56999969482422,3490170
2024-11-18 14:30:00-05:00,90.13999938964844,90.27999877929688,90.13500213623047,90.16999816894531,3038189
2024-11-18 15:30:00-05:00,90.2300033569336,90.25,90.12999725341797,90.1500015258789,2086892
2024-11-19 09:30:00-05:00,90.86509704589844,90.91000366210938,90.68150329589844,90.8280029296875,6107295
2024-11-19 10:30:00-05:00,90.72000122070312,91.0468978881836,90.72000122070312,90.87000274658203,4847472
2024-11-19 11:30:00-05:00,90.97989654541016,91.06999969482422,90.70159912109375,90.7300033569336,3013561
2024-11-19 12:30:00-05:00,90.80770111083984,90.98999786376953,90.62999725341797,90.9800033569336,2859240
2024-11-19 13:30:00-05:00,90.80500030517578,90.95500183105469,90.79000091552734,90.80999755859375,2257937
2024-11-19 14:30:00-05:00,90.7750015258789,90.97000122070312,90.75,90.80500030517578,2532179
2024-11-19 15:30:00-05:00,90.72000122070312,90.7699966430664,90.62000274658203,90.7699966430664,3247315
2024-11-20 09:30:00-05:00,90.44999694824219,90.6449966430664,90.11000061035156,90.1500015258789,5885910
2024-11-20 10:30:00-05:00,90.73999786376953,90.75,90.37000274658203,90.45999908447266,3826482
2024-11-20 11:30:00-05:00,90.79879760742188,90.80000305175781,90.60009765625,90.75,3027616
2024-11-20 12:30:00-05:00,90.44000244140625,90.83000183105469,90.30000305175781,90.79000091552734,5028180
2024-11-20 13:30:00-05:00,90.46499633789062,90.49500274658203,90.33499908447266,90.44499969482422,2254919
2024-11-20 14:30:00-05:00,90.48500061035156,90.625,90.30000305175781,90.47630310058594,3197947
2024-11-20 15:30:00-05:00,90.43000030517578,90.51000213623047,90.37000274658203,90.48999786376953,2326403
2024-11-21 09:30:00-05:00,90.73999786376953,90.84559631347656,90.44000244140625,90.44000244140625,5581449
2024-11-21 10:30:00-05:00,90.42250061035156,90.77999877929688,90.31009674072266,90.73999786376953,3131780
2024-11-21 11:30:00-05:00,90.28500366210938,90.44000244140625,90.12999725341797,90.42500305175781,4067310
2024-11-21 12:30:00-05:00,90.18000030517578,90.45500183105469,90.17500305175781,90.27999877929688,2097514
2024-11-21 13:30:00-05:00,90.08499908447266,90.26000213623047,90.0199966430664,90.17500305175781,3202900
2024-11-21 14:30:00-05:00,90.19499969482422,90.25,90.0,90.08000183105469,2848174
2024-11-21 15:30:00-05:00,90.30000305175781,90.32499694824219,90.18000030517578,90.19000244140625,2835974
2024-11-22 09:30:00-05:00,90.27999877929688,90.62999725341797,90.22000122070312,90.51000213623047,5380421
2024-11-22 10:30:00-05:00,90.4800033569336,90.57540130615234,90.1500015258789,90.27999877929688,3879774
2024-11-22 11:30:00-05:00,90.61499786376953,90.69999694824219,90.45500183105469,90.47000122070312,2593631
2024-11-22 12:30:00-05:00,90.43499755859375,90.68000030517578,90.43000030517578,90.6050033569336,1574157
2024-11-22 13:30:00-05:00,90.5250015258789,90.69010162353516,90.43000030517578,90.44000244140625,1633181
2024-11-22 14:30:00-05:00,90.4749984741211,90.54820251464844,90.41999816894531,90.5250015258789,3259960
2024-11-22 15:30:00-05:00,90.38999938964844,90.53500366210938,90.33000183105469,90.4749984741211,2150839
2024-11-25 09:30:00-05:00,92.19000244140625,92.26499938964844,91.98500061035156,92.20500183105469,13569343
2024-11-25 10:30:00-05:00,92.30500030517578,92.45999908447266,92.1500015258789,92.19000244140625,5604009
2024-11-25 11:30:00-05:00,92.24500274658203,92.3499984741211,92.08499908447266,92.30000305175781,3726998
2024-11-25 12:30:00-05:00,92.55500030517578,92.57499694824219,92.18009948730469,92.24980163574219,4163248
2024-11-25 13:30:00-05:00,92.7750015258789,92.77999877929688,92.51499938964844,92.55500030517578,4526400
2024-11-25 14:30:00-05:00,92.67500305175781,92.77999877929688,92.58000183105469,92.77999877929688,3922652
2024-11-25 15:30:00-05:00,92.69000244140625,92.7249984741211,92.58999633789062,92.67500305175781,6482665
2024-11-26 09:30:00-05:00,91.91000366210938,92.31999969482422,91.88500213623047,92.16600036621094,6438233
2024-11-26 10:30:00-05:00,92.06999969482422,92.1449966430664,91.80999755859375,91.91999816894531,2976384
2024-11-26 11:30:00-05:00,92.24369812011719,92.26000213623047,92.01000213623047,92.06999969482422,2419475
2024-11-26 12:30:00-05:00,92.08000183105469,92.33000183105469,92.07499694824219,92.2479019165039,3074091
2024-11-26 13:30:00-05:00,92.12000274658203,92.26000213623047,92.08000183105469,92.08000183105469,2647068
2024-11-26 14:30:00-05:00,92.23999786376953,92.2699966430664,92.09500122070312,92.12000274658203,1523290
2024-11-26 15:30:00-05:00,92.41000366210938,92.43620300292969,92.25,92.25,4705818
2024-11-27 09:30:00-05:00,92.8550033569336,93.09500122070312,92.66999816894531,93.0,10615938
2024-11-27 10:30:00-05:00,92.87999725341797,93.02999877929688,92.79499816894531,92.86000061035156,3971754
2024-11-27 11:30:00-05:00,93.18000030517578,93.29000091552734,92.87000274658203,92.875,4794016
2024-11-27 12:30:00-05:00,93.32499694824219,93.37999725341797,93.12999725341797,93.18000030517578,3276586
2024-11-27 13:30:00-05:00,93.16500091552734,93.32499694824219,93.15989685058594,93.32250213623047,3458250
2024-11-27 14:30:00-05:00,92.92009735107422,93.19999694824219,92.875,93.1698989868164,3708956
2024-11-27 15:30:00-05:00,93.05999755859375,93.08000183105469,92.73999786376953,92.92500305175781,4471994
2024-11-29 09:30:00-05:00,93.54000091552734,93.8583984375,93.54000091552734,93.76000213623047,4948183
2024-11-29 10:30:00-05:00,93.55999755859375,93.66999816894531,93.44000244140625,93.5425033569336,5137797
2024-11-29 11:30:00-05:00,93.57499694824219,93.69999694824219,93.5199966430664,93.56500244140625,4911084
2024-12-02 09:30:00-05:00,93.1050033569336,93.34500122070312,93.01000213623047,93.2699966430664,10535872
2024-12-02 10:30:00-05:00,94.07499694824219,94.10540008544922,93.1050033569336,93.1050033569336,7056251
2024-12-02 11:30:00-05:00,94.00029754638672,94.14749908447266,93.92500305175781,94.07499694824219,4792671
2024-12-02 12:30:00-05:00,93.875,94.04499816894531,93.80000305175781,94.00499725341797,3228043
2024-12-02 13:30:00-05:00,93.9000015258789,93.9437026977539,93.84269714355469,93.87999725341797,1963476
2024-12-02 14:30:00-05:00,93.8499984741211,93.94000244140625,93.76000213623047,93.88999938964844,3248322
2024-12-02 15:30:00-05:00,93.86000061035156,93.91000366210938,93.75,93.8499984741211,4450857
2024-12-03 09:30:00-05:00,93.69999694824219,94.02999877929688,93.68000030517578,93.91999816894531,7564716
2024-12-03 10:30:00-05:00,93.4000015258789,93.74500274658203,93.3499984741211,93.69999694824219,4383350
2024-12-03 11:30:00-05:00,93.38500213623047,93.6050033569336,93.25,93.4000015258789,2465460
2024-12-03 12:30:00-05:00,93.63999938964844,93.66000366210938,93.36000061035156,93.38999938964844,2444563
2024-12-03 13:30:00-05:00,93.43000030517578,93.67500305175781,93.38999938964844,93.6500015258789,2389313
2024-12-03 14:30:00-05:00,93.19499969482422,93.45989990234375,93.19000244140625,93.43000030517578,2694298
2024-12-03 15:30:00-05:00,93.05000305175781,93.22000122070312,92.9917984008789,93.19000244140625,4188244
2024-12-04 09:30:00-05:00,93.2699966430664,93.36000061035156,92.54000091552734,92.61499786376953,6589700
2024-12-04 10:30:00-05:00,93.65609741210938,93.69499969482422,93.12999725341797,93.26499938964844,4155253
2024-12-04 11:30:00-05:00,93.66999816894531,93.76499938964844,93.58000183105469,93.65499877929688,3362926
2024-12-04 12:30:00-05:00,93.91999816894531,94.01000213623047,93.5999984741211,93.66380310058594,2664432
2024-12-04 13:30:00-05:00,94.08999633789062,94.1050033569336,93.81500244140625,93.91899871826172,3568937
2024-12-04 14:30:00-05:00,94.00499725341797,94.19000244140625,93.93499755859375,94.09500122070312,4043567
2024-12-04 15:30:00-05:00,94.08000183105469,94.12999725341797,93.94999694824219,94.0,3877862
2024-12-05 09:30:00-05:00,93.8499984741211,94.0199966430664,93.65499877929688,93.71199798583984,4789203
2024-12-05 10:30:00-05:00,94.05000305175781,94.125,93.80000305175781,93.86000061035156,2088188
2024-12-05 11:30:00-05:00,94.22000122070312,94.25,93.91500091552734,94.04989624023438,2867358
2024-12-05 12:30:00-05:00,94.1176986694336,94.30999755859375,94.11000061035156,94.22000122070312,3419249
2024-12-05 13:30:00-05:00,94.2249984741211,94.29000091552734,94.08000183105469,94.11499786376953,2118195
2024-12-05 14:30:00-05:00,94.37000274658203,94.38999938964844,94.20999908447266,94.2249984741211,3601318
2024-12-05 15:30:00-05:00,94.2300033569336,94.37580108642578,94.20999908447266,94.37000274658203,2596470
2024-12-06 09:30:00-05:00,94.38500213623047,94.8499984741211,94.34110260009766,94.70999908447266,8146552
2024-12-06 10:30:00-05:00,94.13369750976562,94.43000030517578,94.0199966430664,94.38999938964844,4512738
2024-12-06 11:30:00-05:00,94.2249984741211,94.33999633789062,94.12439727783203,94.13500213623047,2758366
2024-12-06 12:30:00-05:00,94.29499816894531,94.30000305175781,94.10140228271484,94.2300033569336,1568604
2024-12-06 13:30:00-05:00,94.25499725341797,94.37000274658203,94.19999694824219,94.29499816894531,1236941
2024-12-06 14:30:00-05:00,94.31780242919922,94.45590209960938,94.23999786376953,94.23999786376953,2712366
2024-12-06 15:30:00-05:00,94.37000274658203,94.41999816894531,94.30000305175781,94.3125,3924545
2024-12-09 09:30:00-05:00,93.62999725341797,94.04000091552734,93.6050033569336,93.98999786376953,6454041
2024-12-09 10:30:00-05:00,93.76000213623047,93.86499786376953,93.62000274658203,93.625,3075928
2024-12-09 11:30:00-05:00,93.625,93.77999877929688,93.5199966430664,93.76000213623047,2187686
2024-12-09 12:30:00-05:00,93.7249984741211,93.73989868164062,93.55999755859375,93.625,1585394
2024-12-09 13:30:00-05:00,93.49500274658203,93.7300033569336,93.49009704589844,93.72000122070312,2265963
2024-12-09 14:30:00-05:00,93.5199966430664,93.58999633789062,93.46499633789062,93.48999786376953,3967441
2024-12-09 15:30:00-05:00,93.58000183105469,93.5999984741211,93.5,93.51499938964844,3870516
2024-12-10 09:30:00-05:00,93.08999633789062,93.30000305175781,92.97480010986328,93.0,5331388
2024-12-10 10:30:00-05:00,93.12999725341797,93.20500183105469,92.91000366210938,93.09500122070312,3433411
2024-12-10 11:30:00-05:00,93.15499877929688,93.18000030517578,92.98999786376953,93.12999725341797,1552876
2024-12-10 12:30:00-05:00,93.04000091552734,93.1500015258789,92.9749984741211,93.1500015258789,2242136
2024-12-10 13:30:00-05:00,93.18499755859375,93.23999786376953,93.02100372314453,93.03500366210938,1708657
2024-12-10 14:30:00-05:00,93.24500274658203,93.27999877929688,93.13500213623047,93.18499755859375,2245633
2024-12-10 15:30:00-05:00,93.08499908447266,93.2699966430664,93.0199966430664,93.25,5275870
2024-12-11 09:30:00-05:00,92.5999984741211,93.29000091552734,92.59010314941406,93.05999755859375,5035172
2024-12-11 10:30:00-05:00,92.62000274658203,92.72000122070312,92.45999908447266,92.5999984741211,5301174
2024-12-11 11:30:00-05:00,92.48500061035156,92.84590148925781,92.46499633789062,92.61799621582031,4944554
2024-12-11 12:30:00-05:00,92.5,92.69000244140625,92.38999938964844,92.4800033569336,4111409
2024-12-11 13:30:00-05:00,92.17500305175781,92.52999877929688,92.11000061035156,92.5,3737693
2024-12-11 14:30:00-05:00,92.1675033569336,92.25,92.1050033569336,92.17070007324219,3805182
2024-12-11 15:30:00-05:00,92.16999816894531,92.23999786376953,92.12999725341797,92.1615982055664,3932014
2024-12-12 09:30:00-05:00,91.5250015258789,91.74600219726562,91.3113021850586,91.63500213623047,8409299
2024-12-12 10:30:00-05:00,91.61820220947266,91.70999908447266,91.4800033569336,91.5199966430664,3462198
2024-12-12 11:30:00-05:00,91.42990112304688,91.63999938964844,91.341796875,91.61750030517578,4719847
2024-12-12 12:30:00-05:00,91.375,91.58999633789062,91.29000091552734,91.43499755859375,4069803
2024-12-12 13:30:00-05:00,91.1500015258789,91.38999938964844,91.06500244140625,91.37999725341797,3439800
2024-12-12 14:30:00-05:00,91.11499786376953,91.20999908447266,91.05999755859375,91.1449966430664,4304980
2024-12-12 15:30:00-05:00,91.08999633789062,91.12000274658203,91.0,91.11000061035156,5770095
2024-12-13 09:30:00-05:00,90.55999755859375,90.8499984741211,90.51010131835938,90.80000305175781,5581753
2024-12-13 10:30:00-05:00,90.4749984741211,90.62999725341797,90.44000244140625,90.55000305175781,2777515
2024-12-13 11:30:00-05:00,90.26000213623047,90.55000305175781,90.25749969482422,90.47000122070312,2515946
2024-12-13 12:30:00-05:00,90.23500061035156,90.3499984741211,90.20010375976562,90.26499938964844,2853979
2024-12-13 13:30:00-05:00,90.19000244140625,90.33999633789062,90.16999816894531,90.23500061035156,2343661
2024-12-13 14:30:00-05:00,90.14659881591797,90.25,90.08000183105469,90.19000244140625,3810196
2024-12-13 15:30:00-05:00,90.2699966430664,90.2699966430664,90.13999938964844,90.1500015258789,6592009
2024-12-16 09:30:00-05:00,90.37740325927734,90.61519622802734,90.24500274658203,90.55000305175781,6692248
2024-12-16 10:30:00-05:00,90.08000183105469,90.53500366210938,90.05000305175781,90.375,4096119
2024-12-16 11:30:00-05:00,90.13899993896484,90.26000213623047,90.0510025024414,90.08429718017578,2226199
2024-12-16 12:30:00-05:00,90.22000122070312,90.29000091552734,90.11000061035156,90.13500213623047,1670092
2024-12-16 13:30:00-05:00,90.30500030517578,90.33000183105469,90.19000244140625,90.22000122070312,1270779
2024-12-16 14:30:00-05:00,90.41000366210938,90.42500305175781,90.26000213623047,90.30999755859375,1491899
2024-12-16 15:30:00-05:00,90.3949966430664,90.49500274658203,90.30999755859375,90.41739654541016,2693953
2024-12-17 09:30:00-05:00,90.75,90.87000274658203,90.45500183105469,90.52999877929688,5009838
2024-12-17 10:30:00-05:00,90.73999786376953,90.8499984741211,90.64009857177734,90.74500274658203,2860936
2024-12-17 11:30:00-05:00,90.8550033569336,90.98500061035156,90.66500091552734,90.73809814453125,2516164
2024-12-17 12:30:00-05:00,90.68499755859375,90.87870025634766,90.53500366210938,90.8550033569336,2707905
2024-12-17 13:30:00-05:00,90.77899932861328,90.80000305175781,90.63999938964844,90.69210052490234,1681108
2024-12-17 14:30:00-05:00,90.62000274658203,90.80000305175781,90.5999984741211,90.77030181884766,2025019
2024-12-17 15:30:00-05:00,90.66999816894531,90.69000244140625,90.53500366210938,90.61000061035156,3221353
2024-12-18 09:30:00-05:00,89.94499969482422,90.21769714355469,89.91000366210938,89.97000122070312,5329686
2024-12-18 10:30:00-05:00,90.19999694824219,90.23999786376953,89.94000244140625,89.94499969482422,6997432
2024-12-18 11:30:00-05:00,90.16500091552734,90.20999908447266,90.03309631347656,90.20999908447266,2409124
2024-12-18 12:30:00-05:00,90.19499969482422,90.36000061035156,90.1449966430664,90.16500091552734,4920186
2024-12-18 13:30:00-05:00,89.79959869384766,90.2300033569336,89.69000244140625,90.19650268554688,7471084
2024-12-18 14:30:00-05:00,89.31900024414062,89.81900024414062,89.13999938964844,89.79000091552734,9087119
2024-12-18 15:30:00-05:00,89.19000244140625,89.37999725341797,89.1500015258789,89.31500244140625,10429379
2024-12-19 09:30:00-05:00,87.84500122070312,88.20500183105469,87.7699966430664,88.08499908447266,17378938
2024-12-19 10:30:00-05:00,88.09500122070312,88.12000274658203,87.75,87.84210205078125,9112387
2024-12-19 11:30:00-05:00,87.80619812011719,88.12999725341797,87.7699966430664,88.09500122070312,8064291
2024-12-19 12:30:00-05:00,87.65499877929688,87.80999755859375,87.50499725341797,87.80020141601562,14453046
2024-12-19 13:30:00-05:00,88.25469970703125,88.38500213623047,87.5999984741211,87.66000366210938,8745526
2024-12-19 14:30:00-05:00,87.94000244140625,88.31500244140625,87.91000366210938,88.25460052490234,7105380
2024-12-19 15:30:00-05:00,87.83999633789062,88.05000305175781,87.80000305175781,87.94999694824219,12160798
2024-12-20 09:30:00-05:00,88.31999969482422,88.62999725341797,88.29000091552734,88.52300262451172,9207482
2024-12-20 10:30:00-05:00,88.66000366210938,88.69210052490234,88.30999755859375,88.31999969482422,6399858
2024-12-20 11:30:00-05:00,88.79499816894531,88.91000366210938,88.60169982910156,88.66500091552734,4311944
2024-12-20 12:30:00-05:00,88.4801025390625,88.80059814453125,88.4800033569336,88.80000305175781,3581954
2024-12-20 13:30:00-05:00,88.41100311279297,88.56529998779297,88.41000366210938,88.4800033569336,5510752
2024-12-20 14:30:00-05:00,88.41999816894531,88.55500030517578,88.33000183105469,88.41000366210938,3390377
2024-12-20 15:30:00-05:00,88.31999969482422,88.43000030517578,88.29000091552734,88.41500091552734,3521753
2024-12-23 09:30:00-05:00,87.76000213623047,88.2300033569336,87.72000122070312,88.20390319824219,4545163
2024-12-23 10:30:00-05:00,87.83000183105469,87.94999694824219,87.75,87.75499725341797,2957531
2024-12-23 11:30:00-05:00,87.66010284423828,87.9375,87.6500015258789,87.82499694824219,2331795
2024-12-23 12:30:00-05:00,87.66999816894531,87.73999786376953,87.58999633789062,87.66500091552734,2974267
2024-12-23 13:30:00-05:00,87.51190185546875,87.76000213623047,87.46499633789062,87.66500091552734,2791129
2024-12-23 14:30:00-05:00,87.55999755859375,87.58000183105469,87.44000244140625,87.51699829101562,2732365
2024-12-23 15:30:00-05:00,87.51000213623047,87.61000061035156,87.49500274658203,87.55999755859375,5567760
2024-12-24 09:30:00-05:00,87.0999984741211,87.16999816894531,86.9800033569336,87.0199966430664,5501712
2024-12-24 10:30:00-05:00,87.15499877929688,87.16500091552734,87.02999877929688,87.1050033569336,3173278
2024-12-24 11:30:00-05:00,87.55999755859375,87.56999969482422,87.1449966430664,87.1500015258789,3520585
2024-12-26 09:30:00-05:00,87.28500366210938,87.36499786376953,87.19999694824219,87.20500183105469,3786253
2024-12-26 10:30:00-05:00,87.66500091552734,87.66999816894531,87.27999877929688,87.29000091552734,2806263
2024-12-26 11:30:00-05:00,87.58499908447266,87.68000030517578,87.54000091552734,87.66999816894531,1601332
2024-12-26 12:30:00-05:00,87.79000091552734,87.8550033569336,87.38999938964844,87.58999633789062,2861011
2024-12-26 13:30:00-05:00,87.8949966430664,87.95999908447266,87.78340148925781,87.79000091552734,2462601
2024-12-26 14:30:00-05:00,87.87000274658203,87.94000244140625,87.81999969482422,87.8949966430664,1848773
2024-12-26 15:30:00-05:00,87.79000091552734,87.88999938964844,87.79000091552734,87.86000061035156,1988653
2024-12-27 09:30:00-05:00,87.69999694824219,87.73789978027344,87.4000015258789,87.4800033569336,7081346
2024-12-27 10:30:00-05:00,87.5199966430664,87.7750015258789,87.4188003540039,87.69999694824219,1813338
2024-12-27 11:30:00-05:00,87.30989837646484,87.55999755859375,87.23999786376953,87.51000213623047,2613857
2024-12-27 12:30:00-05:00,87.17870330810547,87.33999633789062,87.16999816894531,87.30339813232422,2119685
2024-12-27 13:30:00-05:00,87.2300033569336,87.29000091552734,87.16999816894531,87.18000030517578,1705181
2024-12-27 14:30:00-05:00,87.125,87.23500061035156,87.125,87.2249984741211,3161326
2024-12-27 15:30:00-05:00,87.0999984741211,87.16000366210938,87.05999755859375,87.125,4388484
2024-12-30 09:30:00-05:00,87.9749984741211,88.03500366210938,87.74430084228516,87.80000305175781,8101837
2024-12-30 10:30:00-05:00,87.79499816894531,87.99500274658203,87.70999908447266,87.9800033569336,4594063
2024-12-30 11:30:00-05:00,87.76499938964844,87.8550033569336,87.66999816894531,87.80000305175781,10933169
2024-12-30 12:30:00-05:00,87.83499908447266,87.87000274658203,87.69999694824219,87.76000213623047,2688205
2024-12-30 13:30:00-05:00,87.8550033569336,87.8949966430664,87.79000091552734,87.83499908447266,2432895
2024-12-30 14:30:00-05:00,87.79000091552734,87.91000366210938,87.73999786376953,87.8550033569336,3343859
2024-12-30 15:30:00-05:00,87.81500244140625,87.83999633789062,87.75,87.78500366210938,5063377
2024-12-31 09:30:00-05:00,88.1134033203125,88.27999877929688,88.0636978149414,88.11000061035156,3816698
2024-12-31 10:30:00-05:00,87.57499694824219,88.16819763183594,87.55999755859375,88.11000061035156,3401691
2024-12-31 11:30:00-05:00,87.5250015258789,87.6500015258789,87.33999633789062,87.56999969482422,4255868
2024-12-31 12:30:00-05:00,87.42500305175781,87.76499938964844,87.38999938964844,87.52999877929688,5666657
2024-12-31 13:30:00-05:00,87.5999984741211,87.66500091552734,87.41020202636719,87.42220306396484,2385860
2024-12-31 14:30:00-05:00,87.50499725341797,87.62000274658203,87.5,87.58999633789062,2161598
2024-12-31 15:30:00-05:00,87.3499984741211,87.5199966430664,87.26000213623047,87.5,7437364
2025-01-02 09:30:00-05:00,87.94999694824219,88.11499786376953,87.68009948730469,87.80000305175781,4814272
2025-01-02 10:30:00-05:00,87.54000091552734,87.95500183105469,87.51000213623047,87.95500183105469,3136821
2025-01-02 11:30:00-05:00,87.20999908447266,87.59500122070312,87.20999908447266,87.54000091552734,3292812
2025-01-02 12:30:00-05:00,87.58000183105469,87.60169982910156,87.22000122070312,87.22000122070312,2566902
2025-01-02 13:30:00-05:00,87.47000122070312,87.63500213623047,87.44999694824219,87.58499908447266,2266385
2025-01-02 14:30:00-05:00,87.54499816894531,87.58000183105469,87.37000274658203,87.47360229492188,2322770
2025-01-02 15:30:00-05:00,87.55999755859375,87.61000061035156,87.5,87.54000091552734,3813899
2025-01-03 09:30:00-05:00,87.625,87.87999725341797,87.44999694824219,87.70999908447266,7175559
2025-01-03 10:30:00-05:00,87.5250015258789,87.6500015258789,87.42009735107422,87.625,2279059
2025-01-03 11:30:00-05:00,87.59500122070312,87.68499755859375,87.48999786376953,87.53119659423828,1392480
2025-01-03 12:30:00-05:00,87.48999786376953,87.59300231933594,87.33999633789062,87.59300231933594,1798989
2025-01-03 13:30:00-05:00,87.4000015258789,87.52989959716797,87.33999633789062,87.48500061035156,1552111
2025-01-03 14:30:00-05:00,87.23999786376953,87.43000030517578,87.20999908447266,87.38999938964844,1990243
2025-01-03 15:30:00-05:00,87.2750015258789,87.29000091552734,87.18000030517578,87.23999786376953,2609290
2025-01-06 09:30:00-05:00,86.73999786376953,87.12000274658203,86.66999816894531,87.05999755859375,6802239
2025-01-06 10:30:00-05:00,87.02999877929688,87.05000305175781,86.7300033569336,86.73999786376953,3765932
2025-01-06 11:30:00-05:00,87.21649932861328,87.2300033569336,86.94999694824219,87.03500366210938,2510361
2025-01-06 12:30:00-05:00,87.01000213623047,87.21499633789062,86.9000015258789,87.21199798583984,1990487
2025-01-06 13:30:00-05:00,86.8949966430664,87.04499816894531,86.7300033569336,87.01439666748047,2177973
2025-01-06 14:30:00-05:00,86.90499877929688,87.0999984741211,86.88009643554688,86.89119720458984,1851055
2025-01-06 15:30:00-05:00,86.91000366210938,86.96990203857422,86.83999633789062,86.9000015258789,2541872
2025-01-07 09:30:00-05:00,86.08499908447266,86.7699966430664,85.95500183105469,86.63999938964844,9980010
2025-01-07 10:30:00-05:00,85.88500213623047,86.13999938964844,85.79000091552734,86.08499908447266,6067289
2025-01-07 11:30:00-05:00,86.07499694824219,86.9000015258789,85.83999633789062,85.88990020751953,5921327
2025-01-07 12:30:00-05:00,86.08989715576172,86.16000366210938,85.95999908447266,86.08000183105469,3178353
2025-01-07 13:30:00-05:00,85.97000122070312,86.0886001586914,85.87999725341797,86.0886001586914,3531774
2025-01-07 14:30:00-05:00,86.01499938964844,86.05999755859375,85.8499984741211,85.9739990234375,3090538
2025-01-07 15:30:00-05:00,85.91000366210938,86.0999984741211,85.9000015258789,86.01499938964844,3385184
2025-01-08 09:30:00-05:00,85.77850341796875,85.83499908447266,85.34010314941406,85.45500183105469,8896518
2025-01-08 10:30:00-05:00,85.80500030517578,85.97000122070312,85.69999694824219,85.7771987915039,4424714
2025-01-08 11:30:00-05:00,85.7302017211914,85.97000122070312,85.72000122070312,85.80500030517578,3070909
2025-01-08 12:30:00-05:00,85.98500061035156,86.12999725341797,85.58000183105469,85.7300033569336,5837099
2025-01-08 13:30:00-05:00,85.76499938964844,86.0,85.4800033569336,85.98500061035156,6634766
2025-01-08 14:30:00-05:00,85.92759704589844,85.96499633789062,85.5999984741211,85.76000213623047,3640893
2025-01-08 15:30:00-05:00,86.04499816894531,86.19999694824219,85.91000366210938,85.91999816894531,6239522
2025-01-10 09:30:00-05:00,85.76000213623047,85.83000183105469,85.16000366210938,85.27999877929688,16492598
2025-01-10 10:30:00-05:00,85.56990051269531,85.84500122070312,85.54000091552734,85.76119995117188,4276943
2025-01-10 11:30:00-05:00,85.54000091552734,85.65969848632812,85.41000366210938,85.55999755859375,2996260
2025-01-10 12:30:00-05:00,85.44499969482422,85.66000366210938,85.30000305175781,85.53880310058594,3393424
2025-01-10 13:30:00-05:00,85.43000030517578,85.49710083007812,85.37999725341797,85.44499969482422,3165241
2025-01-10 14:30:00-05:00,85.37000274658203,85.52999877929688,85.30000305175781,85.42500305175781,3915736
2025-01-10 15:30:00-05:00,85.47000122070312,85.49500274658203,85.33000183105469,85.36499786376953,5903531
2025-01-13 09:30:00-05:00,85.2699966430664,85.66000366210938,85.2699966430664,85.54049682617188,5050872
2025-01-13 10:30:00-05:00,85.16500091552734,85.44999694824219,85.08999633789062,85.27510070800781,3698884
2025-01-13 11:30:00-05:00,85.34719848632812,85.4072036743164,85.04000091552734,85.1676025390625,3788835
2025-01-13 12:30:00-05:00,85.41000366210938,85.4800033569336,85.25,85.33999633789062,1781071
2025-01-13 13:30:00-05:00,85.36630249023438,85.5199966430664,85.36000061035156,85.41120147705078,2530659
2025-01-13 14:30:00-05:00,85.3499984741211,85.37000274658203,85.11000061035156,85.36000061035156,4447210
2025-01-13 15:30:00-05:00,85.4000015258789,85.43000030517578,85.33999633789062,85.34500122070312,4571203
2025-01-14 09:30:00-05:00,85.05000305175781,85.36000061035156,85.0199966430664,85.2300033569336,9707590
2025-01-14 10:30:00-05:00,85.15950012207031,85.23999786376953,84.94000244140625,85.05970001220703,4279943
2025-01-14 11:30:00-05:00,85.0177001953125,85.20649719238281,84.97000122070312,85.16500091552734,1965682
2025-01-14 12:30:00-05:00,85.04190063476562,85.05500030517578,84.88999938964844,85.0199966430664,2241861
2025-01-14 13:30:00-05:00,85.12000274658203,85.14949798583984,84.97000122070312,85.04989624023438,2618876
2025-01-14 14:30:00-05:00,85.2249984741211,85.25,85.11000061035156,85.12000274658203,2874598
2025-01-14 15:30:00-05:00,85.27999877929688,85.33000183105469,85.13999938964844,85.2249984741211,3750788
2025-01-15 09:30:00-05:00,86.87999725341797,86.97000122070312,86.56999969482422,86.70999908447266,15246213
2025-01-15 10:30:00-05:00,86.56500244140625,86.9749984741211,86.52999877929688,86.87840270996094,5975078
2025-01-15 11:30:00-05:00,86.65499877929688,86.69999694824219,86.3949966430664,86.5625,3892575
2025-01-15 12:30:00-05:00,86.63500213623047,86.71499633789062,86.55000305175781,86.66000366210938,3849697
2025-01-15 13:30:00-05:00,86.70999908447266,86.7300033569336,86.57369995117188,86.63500213623047,4113312
2025-01-15 14:30:00-05:00,86.6449966430664,86.70999908447266,86.58000183105469,86.69999694824219,3779320
2025-01-15 15:30:00-05:00,86.74500274658203,86.75,86.63999938964844,86.6500015258789,6531265
2025-01-16 09:30:00-05:00,86.63870239257812,86.70999908447266,86.27999877929688,86.63999938964844,6909817
2025-01-16 10:30:00-05:00,86.98500061035156,87.08000183105469,86.61000061035156,86.62999725341797,5383241
2025-01-16 11:30:00-05:00,87.14990234375,87.19999694824219,86.9614028930664,86.9800033569336,3440133
2025-01-16 12:30:00-05:00,87.07129669189453,87.20649719238281,87.05000305175781,87.15149688720703,3444946
2025-01-16 13:30:00-05:00,87.30449676513672,87.3949966430664,87.06500244140625,87.06999969482422,3452593
2025-01-16 14:30:00-05:00,87.1449966430664,87.33999633789062,87.08000183105469,87.30500030517578,3128383
2025-01-16 15:30:00-05:00,87.05500030517578,87.1449966430664,87.0,87.1449966430664,5235947
2025-01-17 09:30:00-05:00,87.46510314941406,87.4800033569336,87.20999908447266,87.43499755859375,5799756
2025-01-17 10:30:00-05:00,87.2114028930664,87.45999908447266,87.12999725341797,87.45999908447266,2181441
2025-01-17 11:30:00-05:00,87.19000244140625,87.25,87.04000091552734,87.21499633789062,2519304
2025-01-17 12:30:00-05:00,87.30500030517578,87.34500122070312,87.16000366210938,87.19499969482422,1919422
2025-01-17 13:30:00-05:00,87.09519958496094,87.30999755859375,87.08000183105469,87.30500030517578,1972582
2025-01-17 14:30:00-05:00,87.16500091552734,87.20500183105469,87.08999633789062,87.08999633789062,8349516
2025-01-17 15:30:00-05:00,87.16500091552734,87.17990112304688,87.0999984741211,87.1698989868164,4096614
2025-01-21 09:30:00-05:00,87.88500213623047,87.90570068359375,87.62999725341797,87.88800048828125,6309416
2025-01-21 10:30:00-05:00,87.8926010131836,88.16999816894531,87.79010009765625,87.88150024414062,3877429
2025-01-21 11:30:00-05:00,87.80500030517578,87.95999908447266,87.7300033569336,87.88999938964844,2768317
2025-01-21 12:30:00-05:00,87.75,87.8655014038086,87.71499633789062,87.80500030517578,1863876
2025-01-21 13:30:00-05:00,87.83499908447266,87.91600036621094,87.74500274658203,87.75499725341797,1916650
2025-01-21 14:30:00-05:00,87.8550033569336,87.86000061035156,87.72000122070312,87.83499908447266,2470600
2025-01-21 15:30:00-05:00,87.95500183105469,87.9800033569336,87.8550033569336,87.86000061035156,3446391
2025-01-22 09:30:00-05:00,87.73500061035156,87.9800033569336,87.72000122070312,87.87999725341797,3468969
2025-01-22 10:30:00-05:00,87.56999969482422,87.7699966430664,87.48999786376953,87.73490142822266,2625443
2025-01-22 11:30:00-05:00,87.39450073242188,87.62000274658203,87.36229705810547,87.56999969482422,6498170
2025-01-22 12:30:00-05:00,87.5,87.53500366210938,87.32499694824219,87.38500213623047,2280606
2025-01-22 13:30:00-05:00,87.54000091552734,87.5999984741211,87.48999786376953,87.5,1459902
2025-01-22 14:30:00-05:00,87.57499694824219,87.69000244140625,87.50499725341797,87.54000091552734,2060353
2025-01-22 15:30:00-05:00,87.5,87.58999633789062,87.4800033569336,87.57499694824219,2600917
2025-01-23 09:30:00-05:00,86.73999786376953,86.91999816894531,86.61309814453125,86.63500213623047,6237380
2025-01-23 10:30:00-05:00,86.9800033569336,86.9800033569336,86.68000030517578,86.73999786376953,6945335
2025-01-23 11:30:00-05:00,86.69499969482422,86.98999786376953,86.52999877929688,86.9800033569336,3997960
2025-01-23 12:30:00-05:00,86.76499938964844,86.83000183105469,86.63999938964844,86.69999694824219,1825454
2025-01-23 13:30:00-05:00,86.80999755859375,86.80999755859375,86.63629913330078,86.76499938964844,3034364
2025-01-23 14:30:00-05:00,86.8550033569336,86.91000366210938,86.7699966430664,86.80999755859375,2159990
2025-01-23 15:30:00-05:00,86.83999633789062,86.93000030517578,86.79000091552734,86.8499984741211,2294357
2025-01-24 09:30:00-05:00,86.99980163574219,87.09500122070312,86.6050033569336,86.7249984741211,4601054
2025-01-24 10:30:00-05:00,87.1500015258789,87.2750015258789,86.8949966430664,87.01000213623047,3911988
2025-01-24 11:30:00-05:00,87.17500305175781,87.27999877929688,87.06500244140625,87.1449966430664,2299764
2025-01-24 12:30:00-05:00,87.13999938964844,87.2300033569336,87.0999984741211,87.17160034179688,1801399
2025-01-24 13:30:00-05:00,87.18000030517578,87.18499755859375,87.07499694824219,87.1500015258789,1464216
2025-01-24 14:30:00-05:00,87.1624984741211,87.2667007446289,87.12000274658203,87.18000030517578,1949318
2025-01-24 15:30:00-05:00,87.20999908447266,87.2300033569336,87.11000061035156,87.16570281982422,2405358
2025-01-27 09:30:00-05:00,88.01000213623047,88.16000366210938,87.8499984741211,88.1500015258789,7889699
2025-01-27 10:30:00-05:00,88.17500305175781,88.19000244140625,87.875,88.01499938964844,4909375
2025-01-27 11:30:00-05:00,88.05500030517578,88.22000122070312,88.01000213623047,88.17500305175781,4194467
2025-01-27 12:30:00-05:00,88.20999908447266,88.31500244140625,88.0199966430664,88.05999755859375,3946067
2025-01-27 13:30:00-05:00,88.08499908447266,88.24510192871094,88.0801010131836,88.20500183105469,3453166
2025-01-27 14:30:00-05:00,88.37999725341797,88.38999938964844,88.07499694824219,88.08499908447266,4670571
2025-01-27 15:30:00-05:00,88.30999755859375,88.43000030517578,88.2750015258789,88.375,5708253
2025-01-28 09:30:00-05:00,87.80999755859375,88.11000061035156,87.7699966430664,87.86499786376953,4962290
2025-01-28 10:30:00-05:00,87.78559875488281,87.87999725341797,87.66000366210938,87.80500030517578,3305206
2025-01-28 11:30:00-05:00,87.72000122070312,87.7947998046875,87.66999816894531,87.79000091552734,1391206
2025-01-28 12:30:00-05:00,87.97779846191406,88.00499725341797,87.72000122070312,87.72000122070312,3579235
2025-01-28 13:30:00-05:00,87.94499969482422,88.04499816894531,87.83000183105469,87.9749984741211,2451446
2025-01-28 14:30:00-05:00,88.08499908447266,88.13500213623047,87.87999725341797,87.94000244140625,2073811
2025-01-28 15:30:00-05:00,88.16000366210938,88.19999694824219,88.05999755859375,88.08499908447266,3118480
2025-01-29 09:30:00-05:00,88.39350128173828,88.61499786376953,88.27999877929688,88.41999816894531,4805211
2025-01-29 10:30:00-05:00,88.19000244140625,88.42500305175781,88.1500015258789,88.3949966430664,2438755
2025-01-29 11:30:00-05:00,88.0343017578125,88.22000122070312,87.8905029296875,88.1843032836914,1792656
2025-01-29 12:30:00-05:00,88.04499816894531,88.08999633789062,87.95999908447266,88.04000091552734,1549523
2025-01-29 13:30:00-05:00,87.75,88.04989624023438,87.62999725341797,88.04609680175781,3668698
2025-01-29 14:30:00-05:00,88.04499816894531,88.1500015258789,87.62999725341797,87.75499725341797,5102262
2025-01-29 15:30:00-05:00,88.01000213623047,88.0999984741211,87.94999694824219,88.05000305175781,2815256
2025-01-30 09:30:00-05:00,88.58000183105469,88.69999694824219,88.33999633789062,88.41000366210938,5720774
2025-01-30 10:30:00-05:00,88.25,88.62000274658203,88.19999694824219,88.56999969482422,3612054
2025-01-30 11:30:00-05:00,88.37300109863281,88.43000030517578,88.23999786376953,88.25,2088312
2025-01-30 12:30:00-05:00,88.4010009765625,88.43000030517578,88.25,88.37999725341797,1618654
2025-01-30 13:30:00-05:00,88.49299621582031,88.55000305175781,88.33999633789062,88.4000015258789,1940158
2025-01-30 14:30:00-05:00,88.45999908447266,88.56500244140625,88.43499755859375,88.49569702148438,2893688
2025-01-30 15:30:00-05:00,88.33000183105469,88.49500274658203,88.16999816894531,88.46499633789062,4381568
2025-01-31 09:30:00-05:00,88.45500183105469,88.66000366210938,88.375,88.37999725341797,4359568
2025-01-31 10:30:00-05:00,88.45500183105469,88.62999725341797,88.4000015258789,88.45500183105469,2603221
2025-01-31 11:30:00-05:00,88.41000366210938,88.45500183105469,88.2699966430664,88.44999694824219,3288166
2025-01-31 12:30:00-05:00,88.14990234375,88.51000213623047,88.125,88.41000366210938,2806557
2025-01-31 13:30:00-05:00,88.07499694824219,88.22000122070312,88.0,88.13999938964844,5457051
2025-01-31 14:30:00-05:00,87.50499725341797,88.08000183105469,87.44999694824219,88.07969665527344,9034849
2025-01-31 15:30:00-05:00,87.75,87.76000213623047,87.43000030517578,87.50589752197266,10756127
2025-02-03 09:30:00-05:00,88.38819885253906,89.09750366210938,88.34500122070312,88.56999969482422,17050818
2025-02-03 10:30:00-05:00,88.5250015258789,88.6050033569336,88.09500122070312,88.38500213623047,20374493
2025-02-03 11:30:00-05:00,88.25,88.53730010986328,88.1449966430664,88.52999877929688,4201689
2025-02-03 12:30:00-05:00,88.19000244140625,88.51499938964844,88.0999984741211,88.25499725341797,4139995
2025-02-03 13:30:00-05:00,87.87999725341797,88.23999786376953,87.86499786376953,88.18499755859375,9286416
2025-02-03 14:30:00-05:00,88.11499786376953,88.12999725341797,87.80069732666016,87.87249755859375,4017319
2025-02-03 15:30:00-05:00,88.16999816894531,88.16999816894531,88.05999755859375,88.11499786376953,2327238
2025-02-04 09:30:00-05:00,87.5999984741211,87.83809661865234,87.48500061035156,87.54499816894531,6688400
2025-02-04 10:30:00-05:00,88.09089660644531,88.13999938964844,87.58000183105469,87.5999984741211,7619729
2025-02-04 11:30:00-05:00,88.18499755859375,88.19999694824219,87.88999938964844,88.09500122070312,3071034
2025-02-04 12:30:00-05:00,88.22850036621094,88.30999755859375,88.04499816894531,88.18499755859375,2414593
2025-02-04 13:30:00-05:00,88.3499984741211,88.39430236816406,88.1449966430664,88.22640228271484,2175107
2025-02-04 14:30:00-05:00,88.3499984741211,88.44989776611328,88.2699966430664,88.3550033569336,3562628
2025-02-04 15:30:00-05:00,88.41000366210938,88.41999816894531,88.33000183105469,88.35980224609375,4236053
2025-02-05 09:30:00-05:00,89.69499969482422,90.0,89.38999938964844,89.44999694824219,14106981
2025-02-05 10:30:00-05:00,89.78900146484375,89.88999938964844,89.56500244140625,89.69499969482422,4534486
2025-02-05 11:30:00-05:00,89.7699966430664,89.88999938964844,89.69499969482422,89.78839874267578,2986482
2025-02-05 12:30:00-05:00,89.9999008178711,90.0199966430664,89.7301025390625,89.76499938964844,2607641
2025-02-05 13:30:00-05:00,90.05999755859375,90.17070007324219,89.9801025390625,89.99500274658203,3757821
2025-02-05 14:30:00-05:00,90.0,90.06500244140625,89.9000015258789,90.06500244140625,4653806
2025-02-05 15:30:00-05:00,89.87999725341797,90.0199966430664,89.80000305175781,90.00499725341797,6733096
2025-02-06 09:30:00-05:00,89.94000244140625,90.1500015258789,89.80500030517578,89.87000274658203,5582739
2025-02-06 10:30:00-05:00,89.67500305175781,90.02999877929688,89.66999816894531,89.93000030517578,3448996
2025-02-06 11:30:00-05:00,89.62999725341797,89.7300033569336,89.54499816894531,89.68000030517578,2528412
2025-02-06 12:30:00-05:00,90.07389831542969,90.09010314941406,89.5999984741211,89.63999938964844,2520370
2025-02-06 13:30:00-05:00,89.83499908447266,90.13500213623047,89.81500244140625,90.06999969482422,1777937
2025-02-06 14:30:00-05:00,89.8499984741211,90.0,89.81500244140625,89.83499908447266,1716343
2025-02-06 15:30:00-05:00,89.8550033569336,89.94000244140625,89.80000305175781,89.8499984741211,2442754
2025-02-07 09:30:00-05:00,89.0999984741211,89.40519714355469,89.03500366210938,89.23200225830078,7262313
2025-02-07 10:30:00-05:00,89.29000091552734,89.30000305175781,88.93499755859375,89.08999633789062,5337236
2025-02-07 11:30:00-05:00,89.18560028076172,89.44999694824219,89.11000061035156,89.27999877929688,2893738
2025-02-07 12:30:00-05:00,89.18499755859375,89.23999786376953,89.06500244140625,89.19000244140625,2252676
2025-02-07 13:30:00-05:00,89.2750015258789,89.30000305175781,89.125,89.18499755859375,1685901
2025-02-07 14:30:00-05:00,89.20500183105469,89.36499786376953,89.18000030517578,89.2750015258789,2487170
2025-02-07 15:30:00-05:00,89.26000213623047,89.30000305175781,89.16500091552734,89.20500183105469,3753981
2025-02-10 09:30:00-05:00,89.4198989868164,89.44999694824219,89.25,89.26399993896484,3018273
2025-02-10 10:30:00-05:00,89.25,89.52999877929688,89.17340087890625,89.41000366210938,2282243
2025-02-10 11:30:00-05:00,89.05220031738281,89.2699966430664,88.95999908447266,89.25499725341797,1311598
2025-02-10 12:30:00-05:00,89.07990264892578,89.13529968261719,88.94000244140625,89.05999755859375,2065797
2025-02-10 13:30:00-05:00,88.97000122070312,89.0999984741211,88.97000122070312,89.08000183105469,1027552
2025-02-10 14:30:00-05:00,88.93000030517578,89.01000213623047,88.91000366210938,88.9800033569336,2552955
2025-02-10 15:30:00-05:00,88.98999786376953,89.0199966430664,88.8499984741211,88.93000030517578,3784304
2025-02-11 09:30:00-05:00,88.48999786376953,88.68000030517578,88.41999816894531,88.53299713134766,4642904
2025-02-11 10:30:00-05:00,88.56999969482422,88.65979766845703,88.37999725341797,88.48500061035156,2073782
2025-02-11 11:30:00-05:00,88.46499633789062,88.625,88.44999694824219,88.56330108642578,2512574
2025-02-11 12:30:00-05:00,88.48570251464844,88.50540161132812,88.38999938964844,88.46150207519531,1347424
2025-02-11 13:30:00-05:00,88.45010375976562,88.58499908447266,88.44000244140625,88.48500061035156,1305677
2025-02-11 14:30:00-05:00,88.43499755859375,88.56999969482422,88.375,88.45500183105469,2457696
2025-02-11 15:30:00-05:00,88.44999694824219,88.4800033569336,88.40499877929688,88.43499755859375,2581724
2025-02-12 09:30:00-05:00,86.91500091552734,87.31500244140625,86.86009979248047,87.29000091552734,11860247
2025-02-12 10:30:00-05:00,87.20500183105469,87.20500183105469,86.91000366210938,86.91500091552734,4505283
2025-02-12 11:30:00-05:00,87.49500274658203,87.55999755859375,87.1698989868164,87.20500183105469,3915733
2025-02-12 12:30:00-05:00,87.3949966430664,87.5999984741211,87.27999877929688,87.49929809570312,4469192
2025-02-12 13:30:00-05:00,87.29499816894531,87.48999786376953,87.29010009765625,87.3949966430664,3506238
2025-02-12 14:30:00-05:00,87.27210235595703,87.36000061035156,87.22380065917969,87.29499816894531,4197730
2025-02-12 15:30:00-05:00,87.23500061035156,87.31500244140625,87.21499633789062,87.2750015258789,6115122
2025-02-13 09:30:00-05:00,88.36000061035156,88.44999694824219,88.07050323486328,88.08999633789062,6427767
2025-02-13 10:30:00-05:00,88.42559814453125,88.5199966430664,88.33499908447266,88.3499984741211,4073129
2025-02-13 11:30:00-05:00,88.55000305175781,88.62529754638672,88.33429718017578,88.42009735107422,3223460
2025-02-13 12:30:00-05:00,88.49500274658203,88.63999938964844,88.40499877929688,88.55000305175781,3848547
2025-02-13 13:30:00-05:00,88.78230285644531,88.84500122070312,88.48999786376953,88.5,4825483
2025-02-13 14:30:00-05:00,88.74500274658203,88.88929748535156,88.66999816894531,88.78500366210938,5384240
2025-02-13 15:30:00-05:00,88.66999816894531,88.75,88.66000366210938,88.74500274658203,5745942
2025-02-14 09:30:00-05:00,89.43000030517578,89.48040008544922,89.23999786376953,89.38800048828125,5506799
2025-02-14 10:30:00-05:00,89.6449966430664,89.68000030517578,89.37000274658203,89.43499755859375,3493198
2025-02-14 11:30:00-05:00,89.24500274658203,89.67500305175781,89.23999786376953,89.6449966430664,3003815
2025-02-14 12:30:00-05:00,89.12999725341797,89.33999633789062,89.12999725341797,89.26000213623047,3241408
2025-02-14 13:30:00-05:00,89.2300033569336,89.26499938964844,89.12000274658203,89.13520050048828,1887286
2025-02-14 14:30:00-05:00,89.19499969482422,89.30999755859375,89.15280151367188,89.2300033569336,1860117
2025-02-14 15:30:00-05:00,89.16000366210938,89.19509887695312,89.12999725341797,89.19499969482422,3086403
2025-02-18 09:30:00-05:00,88.7499008178711,88.83799743652344,88.49500274658203,88.54000091552734,4483833
2025-02-18 10:30:00-05:00,88.61000061035156,88.81500244140625,88.53500366210938,88.74500274658203,1973491
2025-02-18 11:30:00-05:00,88.4198989868164,88.6449966430664,88.36499786376953,88.6050033569336,2702421
2025-02-18 12:30:00-05:00,88.33000183105469,88.4530029296875,88.30500030517578,88.41999816894531,2696848
2025-02-18 13:30:00-05:00,88.34500122070312,88.37000274658203,88.26000213623047,88.33499908447266,1705092
2025-02-18 14:30:00-05:00,88.08999633789062,88.37000274658203,88.08329772949219,88.34500122070312,2590702
2025-02-18 15:30:00-05:00,88.1050033569336,88.12999725341797,88.04000091552734,88.09020233154297,5148793
2025-02-19 09:30:00-05:00,88.24530029296875,88.25,87.94999694824219,87.95999908447266,4386607
2025-02-19 10:30:00-05:00,88.1500015258789,88.27999877929688,88.13999938964844,88.24839782714844,2021597
2025-02-19 11:30:00-05:00,88.0250015258789,88.15609741210938,88.0199966430664,88.1500015258789,1646380
2025-02-19 12:30:00-05:00,87.97000122070312,88.04199981689453,87.88500213623047,88.0250015258789,2542376
2025-02-19 13:30:00-05:00,88.33999633789062,88.44999694824219,87.94999694824219,87.9749984741211,2713774
2025-02-19 14:30:00-05:00,88.2750015258789,88.33999633789062,88.17009735107422,88.33999633789062,1850925
2025-02-19 15:30:00-05:00,88.19000244140625,88.30999755859375,88.19000244140625,88.2699966430664,2924253
2025-02-20 09:30:00-05:00,88.52999877929688,88.76000213623047,88.44999694824219,88.44999694824219,4724874
2025-02-20 10:30:00-05:00,88.62000274658203,88.68000030517578,88.49500274658203,88.53500366210938,3006638
2025-02-20 11:30:00-05:00,88.63999938964844,88.70500183105469,88.52999877929688,88.61499786376953,2741240
2025-02-20 12:30:00-05:00,88.5999984741211,88.66999816894531,88.50499725341797,88.63500213623047,4166832
2025-02-20 13:30:00-05:00,88.66889953613281,88.70999908447266,88.5999984741211,88.5999984741211,2158816
2025-02-20 14:30:00-05:00,88.56999969482422,88.70999908447266,88.55000305175781,88.66500091552734,3476754
2025-02-20 15:30:00-05:00,88.54000091552734,88.5999984741211,88.5,88.56500244140625,4566290
2025-02-21 09:30:00-05:00,89.33000183105469,89.36000061035156,88.81999969482422,88.86869812011719,8391894
2025-02-21 10:30:00-05:00,89.30000305175781,89.43000030517578,89.23999786376953,89.33000183105469,4611340
2025-02-21 11:30:00-05:00,89.36000061035156,89.37999725341797,89.25,89.30500030517578,2370073
2025-02-21 12:30:00-05:00,89.76499938964844,89.93000030517578,89.3499984741211,89.3550033569336,6314659
2025-02-21 13:30:00-05:00,89.76000213623047,89.81999969482422,89.6449966430664,89.76000213623047,6222025
2025-02-21 14:30:00-05:00,89.70500183105469,89.7699966430664,89.6449966430664,89.75,4641728
2025-02-21 15:30:00-05:00,89.5999984741211,89.73500061035156,89.55010223388672,89.70500183105469,6174012
2025-02-24 09:30:00-05:00,89.7249984741211,89.76499938964844,89.26000213623047,89.33499908447266,7158690
2025-02-24 10:30:00-05:00,89.78309631347656,90.05999755859375,89.69999694824219,89.72000122070312,3499619
2025-02-24 11:30:00-05:00,89.68990325927734,89.87689971923828,89.625,89.78500366210938,1877689
2025-02-24 12:30:00-05:00,89.83999633789062,89.87000274658203,89.65499877929688,89.69000244140625,1843494
2025-02-24 13:30:00-05:00,89.80000305175781,89.87999725341797,89.7249984741211,89.84500122070312,1740290
2025-02-24 14:30:00-05:00,89.83499908447266,89.9800033569336,89.5999984741211,89.79000091552734,3299329
2025-02-24 15:30:00-05:00,89.86000061035156,89.9000015258789,89.79499816894531,89.83670043945312,2739663
2025-02-25 09:30:00-05:00,91.3270034790039,91.33999633789062,90.80000305175781,90.9749984741211,14033096
2025-02-25 10:30:00-05:00,91.22630310058594,91.38999938964844,91.08999633789062,91.31999969482422,7955467
2025-02-25 11:30:00-05:00,91.16000366210938,91.30500030517578,90.9800033569336,91.2249984741211,3392652
2025-02-25 12:30:00-05:00,91.18000030517578,91.31999969482422,91.08499908447266,91.1500015258789,2981165
2025-02-25 13:30:00-05:00,91.19499969482422,91.31500244140625,91.04329681396484,91.19000244140625,4219412
2025-02-25 14:30:00-05:00,91.35330200195312,91.37999725341797,91.12999725341797,91.19000244140625,4450101
2025-02-25 15:30:00-05:00,91.41999816894531,91.5,91.33999633789062,91.36000061035156,6113979
2025-02-26 09:30:00-05:00,91.3550033569336,91.58000183105469,91.19999694824219,91.44000244140625,6230902
2025-02-26 10:30:00-05:00,91.46499633789062,91.51000213623047,91.32720184326172,91.36000061035156,2815124
2025-02-26 11:30:00-05:00,91.59010314941406,91.69999694824219,91.45999908447266,91.46199798583984,3804425
2025-02-26 12:30:00-05:00,91.91000366210938,91.94999694824219,91.57499694824219,91.5958023071289,3605787
2025-02-26 13:30:00-05:00,91.91999816894531,92.01000213623047,91.85070037841797,91.91439819335938,4861497
2025-02-26 14:30:00-05:00,92.05500030517578,92.05999755859375,91.8550033569336,91.92500305175781,3104456
2025-02-26 15:30:00-05:00,91.94999694824219,92.05999755859375,91.87000274658203,92.05580139160156,4096682
2025-02-27 09:30:00-05:00,91.42880249023438,91.79000091552734,91.2300033569336,91.30999755859375,8120829
2025-02-27 10:30:00-05:00,91.46499633789062,91.54000091552734,91.31999969482422,91.42289733886719,6952022
2025-02-27 11:30:00-05:00,91.33999633789062,91.55999755859375,91.32129669189453,91.46499633789062,3229698
2025-02-27 12:30:00-05:00,91.26000213623047,91.36499786376953,91.1500015258789,91.33899688720703,4992441
2025-02-27 13:30:00-05:00,91.23320007324219,91.30999755859375,91.19499969482422,91.26000213623047,3815743
2025-02-27 14:30:00-05:00,91.27069854736328,91.38999938964844,91.22309875488281,91.2301025390625,5413260
2025-02-27 15:30:00-05:00,91.31999969482422,91.37000274658203,91.13999938964844,91.2750015258789,6348342
2025-02-28 09:30:00-05:00,91.55000305175781,92.01000213623047,91.54499816894531,91.86000061035156,8217950
2025-02-28 10:30:00-05:00,91.88500213623047,91.9749984741211,91.47010040283203,91.55500030517578,4113321
2025-02-28 11:30:00-05:00,91.7698974609375,91.93000030517578,91.5199966430664,91.88999938964844,4331088
2025-02-28 12:30:00-05:00,91.66999816894531,91.87000274658203,91.63999938964844,91.75499725341797,3020241
2025-02-28 13:30:00-05:00,91.84449768066406,92.05500030517578,91.63999938964844,91.66999816894531,4852520
2025-02-28 14:30:00-05:00,91.9000015258789,91.99500274658203,91.75,91.84500122070312,7477608
2025-02-28 15:30:00-05:00,92.43000030517578,92.4749984741211,91.88999938964844,91.8949966430664,8177604
2025-03-03 09:30:00-05:00,92.14990234375,92.3499984741211,91.37000274658203,91.4020004272461,8781156
2025-03-03 10:30:00-05:00,92.30500030517578,92.33000183105469,91.99500274658203,92.15750122070312,4951316
2025-03-03 11:30:00-05:00,92.1449966430664,92.37000274658203,92.11199951171875,92.30000305175781,2702898
2025-03-03 12:30:00-05:00,92.51499938964844,92.54000091552734,92.13459777832031,92.13999938964844,3203180
2025-03-03 13:30:00-05:00,92.38999938964844,92.54810333251953,92.33000183105469,92.51499938964844,3434890
2025-03-03 14:30:00-05:00,92.57499694824219,92.5999984741211,92.23500061035156,92.38999938964844,5094633
2025-03-03 15:30:00-05:00,92.58000183105469,92.70999908447266,92.47000122070312,92.57839965820312,7904798
2025-03-04 09:30:00-05:00,92.61399841308594,92.79000091552734,92.32499694824219,92.44100189208984,9653455
2025-03-04 10:30:00-05:00,92.5250015258789,92.63999938964844,92.18099975585938,92.62000274658203,5854254
2025-03-04 11:30:00-05:00,91.74500274658203,92.54000091552734,91.69999694824219,92.52269744873047,6855240
2025-03-04 12:30:00-05:00,91.625,92.0,91.42500305175781,91.75,6688283
2025-03-04 13:30:00-05:00,91.52999877929688,91.70999908447266,91.41500091552734,91.62999725341797,4081685
2025-03-04 14:30:00-05:00,91.3499984741211,91.6500015258789,91.26499938964844,91.52999877929688,5212410
2025-03-04 15:30:00-05:00,91.44999694824219,91.58000183105469,91.3499984741211,91.3550033569336,6435905
2025-03-05 09:30:00-05:00,91.15499877929688,91.80000305175781,90.97000122070312,91.56999969482422,10701994
2025-03-05 10:30:00-05:00,91.2249984741211,91.28500366210938,90.63500213623047,91.15499877929688,6057619
2025-03-05 11:30:00-05:00,90.92500305175781,91.30999755859375,90.76000213623047,91.2249984741211,4904039
2025-03-05 12:30:00-05:00,90.7313003540039,90.9800033569336,90.6427993774414,90.92500305175781,11007893
2025-03-05 13:30:00-05:00,90.71749877929688,90.91500091552734,90.61009979248047,90.73650360107422,3273383
2025-03-05 14:30:00-05:00,90.69000244140625,90.94499969482422,90.68000030517578,90.71499633789062,4359270
2025-03-05 15:30:00-05:00,90.69000244140625,90.83999633789062,90.68000030517578,90.69000244140625,4228148
2025-03-06 09:30:00-05:00,89.76499938964844,90.76000213623047,89.73370361328125,90.47920227050781,11280604
2025-03-06 10:30:00-05:00,89.91000366210938,90.08879852294922,89.73999786376953,89.7698974609375,4809110
2025-03-06 11:30:00-05:00,90.36009979248047,90.38839721679688,89.83000183105469,89.91010284423828,6130978
2025-03-06 12:30:00-05:00,90.56500244140625,90.5999984741211,90.29000091552734,90.36009979248047,3975583
2025-03-06 13:30:00-05:00,90.69499969482422,90.7925033569336,90.50409698486328,90.56500244140625,2389904
2025-03-06 14:30:00-05:00,90.51840209960938,90.7300033569336,90.45500183105469,90.69010162353516,3508811
2025-03-06 15:30:00-05:00,90.43000030517578,90.58999633789062,90.38999938964844,90.51499938964844,4751880
2025-03-07 09:30:00-05:00,90.68000030517578,91.16000366210938,90.63500213623047,91.13999938964844,8848936
2025-03-07 10:30:00-05:00,90.87000274658203,91.06680297851562,90.55000305175781,90.69000244140625,6583375
2025-03-07 11:30:00-05:00,90.87999725341797,91.16000366210938,90.80010223388672,90.8550033569336,3157328
2025-03-07 12:30:00-05:00,90.27999877929688,90.87000274658203,90.20999908447266,90.87000274658203,4262989
2025-03-07 13:30:00-05:00,90.097900390625,90.33999633789062,89.98500061035156,90.29000091552734,3646524
2025-03-07 14:30:00-05:00,90.06500244140625,90.13500213623047,90.00499725341797,90.097900390625,3895209
2025-03-07 15:30:00-05:00,90.125,90.12999725341797,90.0,90.06500244140625,3732204
2025-03-10 09:30:00-04:00,91.36930084228516,91.37000274658203,90.91000366210938,91.0979995727539,7587541
2025-03-10 10:30:00-04:00,91.23989868164062,91.625,91.20349884033203,91.36000061035156,4482936
2025-03-10 11:30:00-04:00,91.26499938964844,91.44499969482422,91.17009735107422,91.2313003540039,2916595
2025-03-10 12:30:00-04:00,91.22000122070312,91.27999877929688,91.10199737548828,91.26499938964844,7661383
2025-03-10 13:30:00-04:00,91.13999938964844,91.33390045166016,91.03500366210938,91.2300033569336,2476784
2025-03-10 14:30:00-04:00,91.17009735107422,91.4000015258789,91.03350067138672,91.12999725341797,4470256
2025-03-10 15:30:00-04:00,91.08499908447266,91.16999816894531,91.05000305175781,91.16999816894531,5472372
2025-03-11 09:30:00-04:00,91.36000061035156,91.37999725341797,90.69999694824219,90.97200012207031,7007256
2025-03-11 10:30:00-04:00,90.55000305175781,91.4905014038086,90.48999786376953,91.35070037841797,5983841
2025-03-11 11:30:00-04:00,90.60340118408203,90.72000122070312,90.32499694824219,90.54499816894531,4208886
2025-03-11 12:30:00-04:00,90.87999725341797,91.0,90.55000305175781,90.5999984741211,6161149
2025-03-11 13:30:00-04:00,90.37000274658203,90.98999786376953,90.23999786376953,90.88999938964844,4745501
2025-03-11 14:30:00-04:00,90.44000244140625,90.44000244140625,90.13999938964844,90.37000274658203,4271435
2025-03-11 15:30:00-04:00,90.4000015258789,90.44999694824219,90.30999755859375,90.43499755859375,3519058
2025-03-12 09:30:00-04:00,90.04499816894531,90.17009735107422,89.86499786376953,90.00499725341797,6297893
2025-03-12 10:30:00-04:00,90.1416015625,90.37999725341797,90.02880096435547,90.02999877929688,3561682
2025-03-12 11:30:00-04:00,89.88500213623047,90.1552963256836,89.83100128173828,90.13999938964844,5350814
2025-03-12 12:30:00-04:00,90.0199966430664,90.10310363769531,89.875,89.88999938964844,2457046
2025-03-12 13:30:00-04:00,89.94100189208984,90.26499938964844,89.94100189208984,90.0199966430664,3202645
2025-03-12 14:30:00-04:00,89.93499755859375,90.04000091552734,89.87999725341797,89.94129943847656,4137824
2025-03-12 15:30:00-04:00,89.86499786376953,89.93000030517578,89.77999877929688,89.93000030517578,4348373
2025-03-13 09:30:00-04:00,89.66999816894531,89.72730255126953,89.375,89.57990264892578,5043937
2025-03-13 10:30:00-04:00,90.05650329589844,90.0999984741211,89.58000183105469,89.66000366210938,4385608
2025-03-13 11:30:00-04:00,90.12999725341797,90.25,90.01000213623047,90.05000305175781,4154736
2025-03-13 12:30:00-04:00,90.50499725341797,90.52999877929688,90.01000213623047,90.12999725341797,6363306
2025-03-13 13:30:00-04:00,90.51000213623047,90.70999908447266,90.44000244140625,90.49500274658203,4417171
2025-03-13 14:30:00-04:00,90.51000213623047,90.55500030517578,90.3550033569336,90.51000213623047,4177657
2025-03-13 15:30:00-04:00,90.63999938964844,90.69999694824219,90.50499725341797,90.51000213623047,4020535
2025-03-14 09:30:00-04:00,90.18000030517578,90.2750015258789,89.86000061035156,90.0199966430664,7930391
2025-03-14 10:30:00-04:00,90.24500274658203,90.4000015258789,90.125,90.18000030517578,2621114
2025-03-14 11:30:00-04:00,90.37329864501953,90.38009643554688,90.1449966430664,90.24500274658203,2395554
2025-03-14 12:30:00-04:00,90.36000061035156,90.40560150146484,90.27999877929688,90.375,1292936
2025-03-14 13:30:00-04:00,90.23500061035156,90.375,90.20500183105469,90.3499984741211,1596990
2025-03-14 14:30:00-04:00,90.19999694824219,90.29000091552734,90.16999816894531,90.23370361328125,1636630
2025-03-14 15:30:00-04:00,90.16500091552734,90.20999908447266,90.11000061035156,90.19499969482422,3390977
2025-03-17 09:30:00-04:00,90.75,90.86000061035156,90.37999725341797,90.79329681396484,5042244
2025-03-17 10:30:00-04:00,91.04000091552734,91.06999969482422,90.70500183105469,90.75479888916016,3411807
2025-03-17 11:30:00-04:00,91.06999969482422,91.17990112304688,90.95999908447266,91.03500366210938,3543239
2025-03-17 12:30:00-04:00,90.73999786376953,91.08999633789062,90.72000122070312,91.06999969482422,1855860
2025-03-17 13:30:00-04:00,90.5999984741211,90.86000061035156,90.55000305175781,90.73999786376953,2188864
2025-03-17 14:30:00-04:00,90.52020263671875,90.61499786376953,90.43000030517578,90.60340118408203,2225554
2025-03-17 15:30:00-04:00,90.6050033569336,90.61000061035156,90.50499725341797,90.52999877929688,3678643
2025-03-18 09:30:00-04:00,90.39939880371094,90.48500061035156,90.12000274658203,90.13999938964844,5676605
2025-03-18 10:30:00-04:00,90.43000030517578,90.45999908447266,90.20999908447266,90.39510345458984,3167089
2025-03-18 11:30:00-04:00,90.46499633789062,90.62000274658203,90.41500091552734,90.44000244140625,1906064
2025-03-18 12:30:00-04:00,90.75,90.88999938964844,90.41999816894531,90.46640014648438,3007613
2025-03-18 13:30:00-04:00,91.00469970703125,91.00499725341797,90.69000244140625,90.75499725341797,1582803
2025-03-18 14:30:00-04:00,90.86000061035156,91.0199966430664,90.80000305175781,91.0000991821289,1874813
2025-03-18 15:30:00-04:00,90.72000122070312,90.87000274658203,90.70999908447266,90.86000061035156,2295999
2025-03-19 09:30:00-04:00,90.68150329589844,90.73809814453125,90.4800033569336,90.66999816894531,3326344
2025-03-19 10:30:00-04:00,90.62000274658203,90.76000213623047,90.6050033569336,90.68000030517578,1973213
2025-03-19 11:30:00-04:00,90.6500015258789,90.72000122070312,90.53099822998047,90.61499786376953,1871110
2025-03-19 12:30:00-04:00,90.51529693603516,90.69999694824219,90.43000030517578,90.65760040283203,1973345
2025-03-19 13:30:00-04:00,90.86000061035156,90.88839721679688,90.37999725341797,90.5199966430664,3641735
2025-03-19 14:30:00-04:00,91.18699645996094,91.22000122070312,90.75499725341797,90.86000061035156,6289060
2025-03-19 15:30:00-04:00,91.1500015258789,91.22000122070312,91.08380126953125,91.18280029296875,6899854
2025-03-20 09:30:00-04:00,91.84500122070312,92.23999786376953,91.78500366210938,92.19999694824219,9326136
2025-03-20 10:30:00-04:00,91.52999877929688,91.86499786376953,91.51000213623047,91.83999633789062,4274219
2025-03-20 11:30:00-04:00,91.51000213623047,91.54000091552734,91.27999877929688,91.53500366210938,5486947
2025-03-20 12:30:00-04:00,91.28500366210938,91.5199966430664,91.15499877929688,91.50499725341797,3337992
2025-03-20 13:30:00-04:00,91.27999877929688,91.30500030517578,91.17500305175781,91.28500366210938,2333358
2025-03-20 14:30:00-04:00,91.29499816894531,91.30999755859375,91.16280364990234,91.28500366210938,2698562
2025-03-20 15:30:00-04:00,91.29000091552734,91.31999969482422,91.22000122070312,91.29000091552734,3480611
2025-03-21 09:30:00-04:00,91.06500244140625,91.43000030517578,90.98999786376953,91.33999633789062,5149035
2025-03-21 10:30:00-04:00,90.9397964477539,91.09500122070312,90.81999969482422,91.06099700927734,2757893
2025-03-21 11:30:00-04:00,90.71499633789062,91.06999969482422,90.69000244140625,90.93499755859375,3367914
2025-03-21 12:30:00-04:00,90.7300033569336,90.83999633789062,90.66999816894531,90.72000122070312,2487296
2025-03-21 13:30:00-04:00,90.70999908447266,90.74500274658203,90.63999938964844,90.7249984741211,2203029
2025-03-21 14:30:00-04:00,90.74500274658203,90.7699966430664,90.62000274658203,90.70500183105469,2614231
2025-03-21 15:30:00-04:00,90.69000244140625,90.76000213623047,90.66999816894531,90.74500274658203,3579100
2025-03-24 09:30:00-04:00,89.91000366210938,90.25499725341797,89.80000305175781,90.20099639892578,6741070
2025-03-24 10:30:00-04:00,89.87969970703125,89.94999694824219,89.80000305175781,89.90879821777344,2981467
2025-03-24 11:30:00-04:00,90.02999877929688,90.04000091552734,89.83000183105469,89.87989807128906,2629633
2025-03-24 12:30:00-04:00,89.96499633789062,90.0999984741211,89.94999694824219,90.02999877929688,1514059
2025-03-24 13:30:00-04:00,89.77999877929688,89.95999908447266,89.76000213623047,89.95999908447266,1761815
2025-03-24 14:30:00-04:00,89.76000213623047,89.87000274658203,89.70999908447266,89.77010345458984,2340550
2025-03-24 15:30:00-04:00,89.75,89.7699966430664,89.69999694824219,89.75,3497832
2025-03-25 09:30:00-04:00,89.71790313720703,89.80989837646484,89.51000213623047,89.56300354003906,6860409
2025-03-25 10:30:00-04:00,89.88639831542969,89.88899993896484,89.6530990600586,89.71499633789062,2612552
2025-03-25 11:30:00-04:00,90.0199966430664,90.08000183105469,89.86000061035156,89.87999725341797,2763883
2025-03-25 12:30:00-04:00,90.02999877929688,90.06999969482422,89.7699966430664,90.01000213623047,1670898
2025-03-25 13:30:00-04:00,89.90499877929688,90.05000305175781,89.9000015258789,90.02749633789062,1204365
2025-03-25 14:30:00-04:00,89.88500213623047,89.95999908447266,89.79000091552734,89.90499877929688,1718400
2025-03-25 15:30:00-04:00,89.79000091552734,89.90499877929688,89.7699966430664,89.88500213623047,3436743
2025-03-26 09:30:00-04:00,89.2699966430664,89.40499877929688,89.16999816894531,89.375,5855056
2025-03-26 10:30:00-04:00,89.16000366210938,89.43000030517578,89.08999633789062,89.2750015258789,2137426
2025-03-26 11:30:00-04:00,89.36000061035156,89.47000122070312,89.11000061035156,89.16000366210938,2616397
2025-03-26 12:30:00-04:00,89.36000061035156,89.41000366210938,89.13500213623047,89.36499786376953,1831794
2025-03-26 13:30:00-04:00,89.44999694824219,89.59500122070312,89.29499816894531,89.36499786376953,1941256
2025-03-26 14:30:00-04:00,89.3499984741211,89.47000122070312,89.31999969482422,89.45999908447266,2570090
2025-03-26 15:30:00-04:00,89.19000244140625,89.37000274658203,89.18000030517578,89.3499984741211,3948201
2025-03-27 09:30:00-04:00,88.91500091552734,89.0250015258789,88.75,88.8499984741211,6967742
2025-03-27 10:30:00-04:00,88.7301025390625,88.935302734375,88.62999725341797,88.91000366210938,3005281
2025-03-27 11:30:00-04:00,88.82499694824219,88.87000274658203,88.7249984741211,88.73100280761719,2405728
2025-03-27 12:30:00-04:00,88.91840362548828,88.91840362548828,88.70069885253906,88.81999969482422,1891233
2025-03-27 13:30:00-04:00,88.90989685058594,88.93270111083984,88.86000061035156,88.91000366210938,1128249
2025-03-27 14:30:00-04:00,88.80010223388672,88.943603515625,88.75499725341797,88.91000366210938,3202983
2025-03-27 15:30:00-04:00,88.92500305175781,88.94999694824219,88.80500030517578,88.80500030517578,2617832
2025-03-28 09:30:00-04:00,90.24500274658203,90.27999877929688,89.80999755859375,89.87999725341797,8586738
2025-03-28 10:30:00-04:00,89.89070129394531,90.25,89.88999938964844,90.25,3999307
2025-03-28 11:30:00-04:00,90.1050033569336,90.2125015258789,89.80999755859375,89.88999938964844,7185158
2025-03-28 12:30:00-04:00,90.25,90.27999877929688,90.06990051269531,90.1050033569336,2265849
2025-03-28 13:30:00-04:00,90.24500274658203,90.27999877929688,90.16500091552734,90.25499725341797,1542500
2025-03-28 14:30:00-04:00,90.19999694824219,90.33999633789062,90.1449966430664,90.25,2810920
2025-03-28 15:30:00-04:00,90.16999816894531,90.25,90.11000061035156,90.20500183105469,5156945
2025-03-31 09:30:00-04:00,91.05840301513672,91.33499908447266,90.8499984741211,91.22000122070312,8529207
2025-03-31 10:30:00-04:00,90.87010192871094,91.05819702148438,90.7249984741211,91.04000091552734,4045774
2025-03-31 11:30:00-04:00,90.63500213623047,90.90499877929688,90.625,90.87999725341797,2368291
2025-03-31 12:30:00-04:00,90.5,90.65640258789062,90.4708023071289,90.63999938964844,2918932
2025-03-31 13:30:00-04:00,90.3949966430664,90.52999877929688,90.36000061035156,90.5,2342145
2025-03-31 14:30:00-04:00,90.87999725341797,90.87999725341797,90.38999938964844,90.3949966430664,2997506
2025-03-31 15:30:00-04:00,90.98999786376953,91.04000091552734,90.77439880371094,90.87999725341797,8232314
2025-04-01 09:30:00-04:00,91.81500244140625,91.90499877929688,91.21929931640625,91.23919677734375,12260469
2025-04-01 10:30:00-04:00,91.55010223388672,91.83499908447266,91.36499786376953,91.83000183105469,4643750
2025-04-01 11:30:00-04:00,91.4800033569336,91.76000213623047,91.37000274658203,91.55500030517578,2912737
2025-04-01 12:30:00-04:00,91.56009674072266,91.625,91.44999694824219,91.4738998413086,2411891
2025-04-01 13:30:00-04:00,91.72000122070312,91.73999786376953,91.48500061035156,91.56500244140625,2401977
2025-04-01 14:30:00-04:00,91.55000305175781,91.7300033569336,91.51000213623047,91.71499633789062,2248501
2025-04-01 15:30:00-04:00,91.46499633789062,91.56500244140625,91.41000366210938,91.55500030517578,3841745
2025-04-02 09:30:00-04:00,91.87120056152344,92.3499984741211,91.73500061035156,92.33999633789062,8646123
2025-04-02 10:30:00-04:00,91.33719635009766,91.95999908447266,91.2699966430664,91.87999725341797,5199007
2025-04-02 11:30:00-04:00,90.90989685058594,91.4000015258789,90.88999938964844,91.33499908447266,3665909
2025-04-02 12:30:00-04:00,90.82499694824219,91.48999786376953,90.66000366210938,90.9000015258789,4525912
2025-04-02 13:30:00-04:00,91.06999969482422,91.48999786376953,90.82499694824219,90.82499694824219,2778517
2025-04-02 14:30:00-04:00,91.21119689941406,91.27999877929688,90.92459869384766,91.08000183105469,2633369
2025-04-02 15:30:00-04:00,91.41999816894531,91.41999816894531,91.17500305175781,91.21499633789062,3383517
2025-04-03 09:30:00-04:00,92.4000015258789,92.7300033569336,92.2125015258789,92.5,16792908
2025-04-03 10:30:00-04:00,92.25,92.66999816894531,92.19000244140625,92.41000366210938,6591665
2025-04-03 11:30:00-04:00,91.9800033569336,92.3551025390625,91.8550033569336,92.25,5875830
2025-04-03 12:30:00-04:00,92.26000213623047,92.31639862060547,91.9000015258789,91.97000122070312,3643100
2025-04-03 13:30:00-04:00,92.15339660644531,92.31900024414062,92.0740966796875,92.25,3762945
2025-04-03 14:30:00-04:00,92.02999877929688,92.19499969482422,91.94999694824219,92.1500015258789,3936771
2025-04-03 15:30:00-04:00,91.87000274658203,92.11000061035156,91.83999633789062,92.0199966430664,7875870
2025-04-04 09:30:00-04:00,93.83999633789062,93.88999938964844,93.08999633789062,93.63749694824219,24143065
2025-04-04 10:30:00-04:00,93.6050033569336,94.08999633789062,93.25,93.86000061035156,13619422
2025-04-04 11:30:00-04:00,93.94000244140625,94.00990295410156,93.52179718017578,93.61000061035156,11501893
2025-04-04 12:30:00-04:00,93.60009765625,94.06759643554688,93.58509826660156,93.94999694824219,7248755
2025-04-04 13:30:00-04:00,93.55999755859375,93.73999786376953,93.07499694824219,93.61000061035156,5730587
2025-04-04 14:30:00-04:00,93.26499938964844,93.6449966430664,93.23999786376953,93.55999755859375,6504950
2025-04-04 15:30:00-04:00,92.86000061035156,93.31929779052734,92.81999969482422,93.26499938964844,10918839
2025-04-07 09:30:00-04:00,91.04000091552734,92.18990325927734,89.87000274658203,91.86000061035156,33612587
2025-04-07 10:30:00-04:00,91.11650085449219,91.47000122070312,90.62000274658203,91.04000091552734,18820248
2025-04-07 11:30:00-04:00,90.58499908447266,91.11000061035156,90.4800033569336,91.0999984741211,8554957
2025-04-07 12:30:00-04:00,90.1050033569336,90.62999725341797,90.0999984741211,90.58999633789062,7273838
2025-04-07 13:30:00-04:00,90.42500305175781,90.52999877929688,89.79499816894531,90.0999984741211,8897280
2025-04-07 14:30:00-04:00,90.62999725341797,90.62999725341797,90.3499984741211,90.42250061035156,8303789
2025-04-07 15:30:00-04:00,90.04000091552734,90.63839721679688,89.98999786376953,90.62000274658203,9478211
2025-04-08 09:30:00-04:00,89.57499694824219,89.6583023071289,89.26000213623047,89.29000091552734,12131450
2025-04-08 10:30:00-04:00,89.96990203857422,90.0197982788086,89.52999877929688,89.58000183105469,7682975
2025-04-08 11:30:00-04:00,89.82499694824219,89.97509765625,89.66000366210938,89.95999908447266,5364039
2025-04-08 12:30:00-04:00,89.55000305175781,90.19999694824219,89.33000183105469,89.81999969482422,7917476
2025-04-08 13:30:00-04:00,88.48500061035156,89.54000091552734,88.37799835205078,89.54000091552734,12010290
2025-04-08 14:30:00-04:00,88.70500183105469,88.91000366210938,88.26249694824219,88.48999786376953,9117971
2025-04-08 15:30:00-04:00,88.37000274658203,88.7249984741211,88.22000122070312,88.70999908447266,10201630
2025-04-09 09:30:00-04:00,86.91899871826172,87.69000244140625,86.71499633789062,87.2300033569336,28160028
2025-04-09 10:30:00-04:00,86.53990173339844,87.3499984741211,86.3550033569336,86.91999816894531,10329868
2025-04-09 11:30:00-04:00,86.24500274658203,86.61499786376953,85.93000030517578,86.54000091552734,10846920
2025-04-09 12:30:00-04:00,87.73999786376953,88.4800033569336,85.88999938964844,86.2499008178711,34110801
2025-04-09 13:30:00-04:00,87.28040313720703,88.2249984741211,87.2699966430664,87.73500061035156,19571802
2025-04-09 14:30:00-04:00,88.58999633789062,88.5999984741211,87.18000030517578,87.28500366210938,10216553
2025-04-09 15:30:00-04:00,88.86000061035156,88.91000366210938,87.9906997680664,88.58499908447266,10513920
2025-04-10 09:30:00-04:00,87.83999633789062,88.17500305175781,87.68009948730469,87.75,12771642
2025-04-10 10:30:00-04:00,87.32659912109375,87.86640167236328,87.26020050048828,87.83000183105469,6438991
2025-04-10 11:30:00-04:00,87.0199966430664,87.43000030517578,86.70500183105469,87.32499694824219,8919849
2025-04-10 12:30:00-04:00,87.22000122070312,87.88999938964844,86.88999938964844,87.02999877929688,11783160
2025-04-10 13:30:00-04:00,86.84500122070312,87.67500305175781,86.80999755859375,87.22000122070312,6263744
2025-04-10 14:30:00-04:00,86.52999877929688,86.95999908447266,86.4447021484375,86.84500122070312,6826605
2025-04-10 15:30:00-04:00,86.44000244140625,86.86000061035156,86.35009765625,86.5199966430664,11182756
2025-04-11 09:30:00-04:00,85.62999725341797,86.16000366210938,85.33999633789062,85.86499786376953,21461108
2025-04-11 10:30:00-04:00,85.56500244140625,85.96990203857422,85.0,85.62000274658203,16779839
2025-04-11 11:30:00-04:00,86.3948974609375,86.41999816894531,85.53500366210938,85.56500244140625,12769963
2025-04-11 12:30:00-04:00,86.40789794921875,87.29930114746094,86.36000061035156,86.3949966430664,13439741
2025-04-11 13:30:00-04:00,86.33869934082031,87.05999755859375,86.08499908447266,86.4000015258789,13695577
2025-04-11 14:30:00-04:00,86.8093032836914,86.8093032836914,86.25,86.33499908447266,5417163
2025-04-11 15:30:00-04:00,86.83999633789062,86.9749984741211,86.65499877929688,86.80999755859375,5790378
2025-04-14 09:30:00-04:00,87.41999816894531,87.70999908447266,87.18000030517578,87.41999816894531,9656893
2025-04-14 10:30:00-04:00,87.25769805908203,87.44840240478516,86.81500244140625,87.41000366210938,4231901
2025-04-14 11:30:00-04:00,86.91000366210938,87.30000305175781,86.87000274658203,87.26000213623047,4484406
2025-04-14 12:30:00-04:00,87.20999908447266,87.20999908447266,86.87000274658203,86.90499877929688,3039101
2025-04-14 13:30:00-04:00,87.61990356445312,87.62000274658203,87.18009948730469,87.20999908447266,3039312
2025-04-14 14:30:00-04:00,87.56310272216797,87.68499755859375,87.48999786376953,87.62000274658203,3586802
2025-04-14 15:30:00-04:00,87.51000213623047,87.61000061035156,87.44999694824219,87.56999969482422,3650463
2025-04-15 09:30:00-04:00,87.38999938964844,87.50499725341797,87.04000091552734,87.14199829101562,6613155
2025-04-15 10:30:00-04:00,87.61000061035156,87.69499969482422,87.375,87.38999938964844,3203744
2025-04-15 11:30:00-04:00,87.97000122070312,88.02010345458984,87.60009765625,87.6050033569336,1864407
2025-04-15 12:30:00-04:00,88.125,88.18499755859375,87.95020294189453,87.9800033569336,2173591
2025-04-15 13:30:00-04:00,87.94629669189453,88.15750122070312,87.85700225830078,88.12000274658203,1694138
2025-04-15 14:30:00-04:00,87.77899932861328,88.05999755859375,87.75,87.94499969482422,1971668
2025-04-15 15:30:00-04:00,87.81999969482422,87.87999725341797,87.72679901123047,87.77999877929688,2758842
2025-04-16 09:30:00-04:00,87.54000091552734,87.86000061035156,87.5199966430664,87.80000305175781,7372410
2025-04-16 10:30:00-04:00,87.86000061035156,87.88500213623047,87.47000122070312,87.54000091552734,3272356
2025-04-16 11:30:00-04:00,88.00769805908203,88.05999755859375,87.86000061035156,87.87000274658203,2421032
2025-04-16 12:30:00-04:00,87.8948974609375,88.05999755859375,87.77010345458984,88.00489807128906,2658944
2025-04-16 13:30:00-04:00,88.17009735107422,88.48999786376953,87.7699966430664,87.8949966430664,6212445
2025-04-16 14:30:00-04:00,88.35469818115234,88.4999008178711,88.16000366210938,88.17500305175781,5752416
2025-04-16 15:30:00-04:00,88.31500244140625,88.42500305175781,88.20999908447266,88.3499984741211,3379911
2025-04-17 09:30:00-04:00,88.06069946289062,88.19999694824219,87.8499984741211,88.04000091552734,5162739
2025-04-17 10:30:00-04:00,87.78500366210938,88.09510040283203,87.69999694824219,88.06500244140625,2295679
2025-04-17 11:30:00-04:00,87.50499725341797,87.77999877929688,87.44000244140625,87.77999877929688,4672655
2025-04-17 12:30:00-04:00,87.51000213623047,87.67500305175781,87.2300033569336,87.5198974609375,4081540
2025-04-17 13:30:00-04:00,87.5199966430664,87.62999725341797,87.43499755859375,87.51000213623047,2401984
2025-04-17 14:30:00-04:00,87.4000015258789,87.55840301513672,87.33499908447266,87.5199966430664,2714190
2025-04-17 15:30:00-04:00,87.52999877929688,87.56999969482422,87.39630126953125,87.4000015258789,3056923
2025-04-21 09:30:00-04:00,86.99500274658203,87.06719970703125,86.5199966430664,86.59980010986328,6198745
2025-04-21 10:30:00-04:00,86.66999816894531,87.06999969482422,86.4000015258789,87.0,3798258
2025-04-21 11:30:00-04:00,86.5,86.7300033569336,86.49230194091797,86.66999816894531,2106542
2025-04-21 12:30:00-04:00,86.12000274658203,86.5,86.06999969482422,86.49839782714844,4084192
2025-04-21 13:30:00-04:00,86.20999908447266,86.33499908447266,86.05000305175781,86.11000061035156,2790442
2025-04-21 14:30:00-04:00,86.08000183105469,86.30000305175781,85.99009704589844,86.22000122070312,4771758
2025-04-21 15:30:00-04:00,85.99500274658203,86.12000274658203,85.98500061035156,86.08000183105469,5467610
2025-04-22 09:30:00-04:00,86.43000030517578,86.88500213623047,86.41999816894531,86.80999755859375,7736582
2025-04-22 10:30:00-04:00,86.51000213623047,86.56999969482422,86.40499877929688,86.43000030517578,3995420
2025-04-22 11:30:00-04:00,86.9749984741211,86.9800033569336,86.5000991821289,86.5000991821289,3802273
2025-04-22 12:30:00-04:00,86.5199966430664,87.0199966430664,86.47010040283203,86.9749984741211,2963711
2025-04-22 13:30:00-04:00,86.58000183105469,86.6500015258789,86.45500183105469,86.5199966430664,2123962
2025-04-22 14:30:00-04:00,86.5250015258789,86.70999908447266,86.5199966430664,86.57369995117188,1874347
2025-04-22 15:30:00-04:00,86.48999786376953,86.5999984741211,86.4800033569336,86.5250015258789,2526123
2025-04-23 09:30:00-04:00,88.01000213623047,89.05999755859375,87.93499755859375,88.87999725341797,17271437
2025-04-23 10:30:00-04:00,87.875,88.18000030517578,87.7428970336914,88.00499725341797,5078409
2025-04-23 11:30:00-04:00,87.30999755859375,87.93499755859375,87.25,87.875,4175632
2025-04-23 12:30:00-04:00,87.55999755859375,87.625,87.30000305175781,87.30999755859375,3450877
2025-04-23 13:30:00-04:00,87.2699966430664,87.58499908447266,87.17009735107422,87.56500244140625,3190142
2025-04-23 14:30:00-04:00,87.29000091552734,87.40499877929688,87.23999786376953,87.2750015258789,2354581
2025-04-23 15:30:00-04:00,87.36000061035156,87.36499786376953,87.23999786376953,87.30000305175781,3109181
2025-04-24 09:30:00-04:00,88.11470031738281,88.13999938964844,87.8499984741211,88.02999877929688,4141744
2025-04-24 10:30:00-04:00,87.98989868164062,88.21990203857422,87.78350067138672,88.11499786376953,2584347
2025-04-24 11:30:00-04:00,88.05000305175781,88.11000061035156,87.76000213623047,87.9800033569336,1973996
2025-04-24 12:30:00-04:00,88.1863021850586,88.2698974609375,88.04000091552734,88.05500030517578,2187966
2025-04-24 13:30:00-04:00,88.18499755859375,88.3499984741211,88.18000030517578,88.19000244140625,3386858
2025-04-24 14:30:00-04:00,88.22000122070312,88.30999755859375,88.1500015258789,88.18499755859375,1902038
2025-04-24 15:30:00-04:00,88.23999786376953,88.30999755859375,88.19999694824219,88.20999908447266,2823166
2025-04-25 09:30:00-04:00,88.77999877929688,88.91999816894531,88.66000366210938,88.91059875488281,4527018
2025-04-25 10:30:00-04:00,88.73500061035156,88.88999938964844,88.59500122070312,88.79000091552734,2255898
2025-04-25 11:30:00-04:00,88.98500061035156,89.0999984741211,88.61000061035156,88.7300033569336,2507960
2025-04-25 12:30:00-04:00,88.77369689941406,89.01010131835938,88.70999908447266,88.98999786376953,1892664
2025-04-25 13:30:00-04:00,88.80000305175781,88.93499755859375,88.73999786376953,88.77369689941406,1918378
2025-04-25 14:30:00-04:00,88.68499755859375,88.88500213623047,88.65499877929688,88.80500030517578,2428260
2025-04-25 15:30:00-04:00,88.88500213623047,88.8949966430664,88.66999816894531,88.69000244140625,2342188
2025-04-28 09:30:00-04:00,88.93000030517578,89.0999984741211,88.61199951171875,88.65499877929688,4480643
2025-04-28 10:30:00-04:00,89.1050033569336,89.36499786376953,88.93000030517578,88.94000244140625,3090780
2025-04-28 11:30:00-04:00,89.13069915771484,89.18990325927734,89.0250015258789,89.0999984741211,1506547
2025-04-28 12:30:00-04:00,89.26000213623047,89.33000183105469,89.06500244140625,89.12999725341797,1492307
2025-04-28 13:30:00-04:00,89.22699737548828,89.30000305175781,89.18000030517578,89.25499725341797,1445848
2025-04-28 14:30:00-04:00,89.36499786376953,89.52519989013672,89.20999908447266,89.2249984741211,3234735
2025-04-28 15:30:00-04:00,89.44999694824219,89.46499633789062,89.32009887695312,89.36000061035156,2541714
2025-04-29 09:30:00-04:00,89.7249984741211,89.80999755859375,89.29499816894531,89.31999969482422,5042763
2025-04-29 10:30:00-04:00,89.81999969482422,89.88999938964844,89.5999984741211,89.75,2172350
2025-04-29 11:30:00-04:00,90.0199966430664,90.06999969482422,89.78500366210938,89.82499694824219,2002787
2025-04-29 12:30:00-04:00,90.0199966430664,90.05000305175781,89.94000244140625,90.01499938964844,1647957
2025-04-29 13:30:00-04:00,90.0,90.08000183105469,89.95999908447266,90.01000213623047,1955158
2025-04-29 14:30:00-04:00,90.08529663085938,90.08999633789062,89.96369934082031,90.00499725341797,2274214
2025-04-29 15:30:00-04:00,90.19999694824219,90.20999908447266,90.05000305175781,90.08499908447266,3362836
2025-04-30 09:30:00-04:00,89.48999786376953,90.05000305175781,89.41999816894531,89.77999877929688,10355292
2025-04-30 10:30:00-04:00,89.88500213623047,89.93000030517578,89.45999908447266,89.48999786376953,3090820
2025-04-30 11:30:00-04:00,89.56999969482422,89.88500213623047,89.55000305175781,89.88500213623047,2828286
2025-04-30 12:30:00-04:00,89.86000061035156,89.86000061035156,89.56999969482422,89.56999969482422,1813499
2025-04-30 13:30:00-04:00,89.51499938964844,89.88500213623047,89.44999694824219,89.86499786376953,2542726
2025-04-30 14:30:00-04:00,89.73999786376953,89.76000213623047,89.41999816894531,89.52999877929688,3414290
2025-04-30 15:30:00-04:00,89.45999908447266,89.93000030517578,89.33000183105469,89.73500061035156,10198796
2025-05-01 09:30:00-04:00,88.36000061035156,89.27999877929688,88.33000183105469,89.26000213623047,6965349
2025-05-01 10:30:00-04:00,88.5,88.7699966430664,88.30999755859375,88.36000061035156,4525235
2025-05-01 11:30:00-04:00,88.44499969482422,88.58000183105469,88.33499908447266,88.497802734375,3006552
2025-05-01 12:30:00-04:00,88.70500183105469,88.7300033569336,88.43000030517578,88.44499969482422,1805123
2025-05-01 13:30:00-04:00,88.33999633789062,88.75499725341797,88.30000305175781,88.70500183105469,2167167
2025-05-01 14:30:00-04:00,88.39450073242188,88.5,88.30999755859375,88.33999633789062,1588170
2025-05-01 15:30:00-04:00,88.68000030517578,88.69000244140625,88.38999938964844,88.3949966430664,3066934
2025-05-02 09:30:00-04:00,87.83999633789062,88.06739807128906,87.66999816894531,87.69999694824219,6439115
2025-05-02 10:30:00-04:00,87.77999877929688,87.9800033569336,87.69000244140625,87.84500122070312,4011921
2025-05-02 11:30:00-04:00,87.65499877929688,87.87999725341797,87.59390258789062,87.7750015258789,4291683
2025-05-02 12:30:00-04:00,87.66000366210938,87.70929718017578,87.54000091552734,87.65499877929688,3458690
2025-05-02 13:30:00-04:00,87.5864028930664,87.70999908447266,87.58000183105469,87.65969848632812,2443537
2025-05-02 14:30:00-04:00,87.72000122070312,87.83000183105469,87.54000091552734,87.58499908447266,3083840
2025-05-02 15:30:00-04:00,87.70999908447266,87.80000305175781,87.68000030517578,87.72000122070312,3585109
2025-05-05 09:30:00-04:00,87.0999984741211,87.36000061035156,86.97000122070312,87.26000213623047,5579816
2025-05-05 10:30:00-04:00,87.31999969482422,87.40499877929688,86.99349975585938,87.10189819335938,2037867
2025-05-05 11:30:00-04:00,87.12999725341797,87.37000274658203,87.0906982421875,87.32499694824219,2038874
2025-05-05 12:30:00-04:00,87.0,87.18499755859375,86.97000122070312,87.12999725341797,1580531
2025-05-05 13:30:00-04:00,87.02999877929688,87.04499816894531,86.83000183105469,86.98999786376953,2567508
2025-05-05 14:30:00-04:00,87.19000244140625,87.29499816894531,87.02999877929688,87.02999877929688,3010162
2025-05-05 15:30:00-04:00,87.2300033569336,87.26000213623047,87.16999816894531,87.18499755859375,2183013
2025-05-06 09:30:00-04:00,86.77999877929688,86.875,86.63999938964844,86.79000091552734,4822578
2025-05-06 10:30:00-04:00,86.79000091552734,86.98500061035156,86.6947021484375,86.79000091552734,2452639
2025-05-06 11:30:00-04:00,86.77899932861328,86.91500091552734,86.70999908447266,86.80000305175781,1579536
2025-05-06 12:30:00-04:00,87.23999786376953,87.26000213623047,86.69999694824219,86.77999877929688,2682276
2025-05-06 13:30:00-04:00,87.26499938964844,87.47640228271484,87.18000030517578,87.23999786376953,3267359
2025-05-06 14:30:00-04:00,87.41500091552734,87.46499633789062,87.26000213623047,87.26499938964844,2418373
2025-05-06 15:30:00-04:00,87.52999877929688,87.52999877929688,87.36000061035156,87.41999816894531,2319685
2025-05-07 09:30:00-04:00,87.94999694824219,88.08999633789062,87.88999938964844,87.91999816894531,5437969
2025-05-07 10:30:00-04:00,87.99500274658203,88.17749786376953,87.93499755859375,87.94999694824219,2375668
2025-05-07 11:30:00-04:00,87.94499969482422,88.01000213623047,87.87000274658203,87.99500274658203,2487024
2025-05-07 12:30:00-04:00,88.00199890136719,88.05999755859375,87.94499969482422,87.94999694824219,1113202
2025-05-07 13:30:00-04:00,88.09500122070312,88.20999908447266,87.84500122070312,88.0,3265074
2025-05-07 14:30:00-04:00,88.03500366210938,88.16999816894531,87.82499694824219,88.08999633789062,2603058
2025-05-07 15:30:00-04:00,87.91000366210938,88.08999633789062,87.82499694824219,88.04000091552734,3215689
2025-05-08 09:30:00-04:00,87.625,88.05999755859375,87.62000274658203,88.0199966430664,3489654
2025-05-08 10:30:00-04:00,87.55999755859375,87.76000213623047,87.53500366210938,87.62010192871094,1761259
2025-05-08 11:30:00-04:00,87.47000122070312,87.66999816894531,87.45999908447266,87.56700134277344,1983465
2025-05-08 12:30:00-04:00,87.22000122070312,87.5199966430664,87.02999877929688,87.47000122070312,3702463
2025-05-08 13:30:00-04:00,87.19000244140625,87.24500274658203,87.0250015258789,87.21009826660156,3149332
2025-05-08 14:30:00-04:00,87.04499816894531,87.29000091552734,87.0199966430664,87.18000030517578,2658864
2025-05-08 15:30:00-04:00,86.91999816894531,87.13999938964844,86.91000366210938,87.04499816894531,4051582
2025-05-09 09:30:00-04:00,87.2750015258789,87.30999755859375,86.91999816894531,87.0,6651333
2025-05-09 10:30:00-04:00,87.16999816894531,87.27999877929688,87.11000061035156,87.27999877929688,2121858
2025-05-09 11:30:00-04:00,87.21499633789062,87.26000213623047,87.08499908447266,87.18499755859375,1793889
2025-05-09 12:30:00-04:00,87.06999969482422,87.21499633789062,87.05999755859375,87.20999908447266,922792
2025-05-09 13:30:00-04:00,87.17500305175781,87.19499969482422,87.05999755859375,87.06999969482422,954993
2025-05-09 14:30:00-04:00,87.02010345458984,87.18000030517578,87.01499938964844,87.17500305175781,1004271
2025-05-09 15:30:00-04:00,87.05999755859375,87.08000183105469,86.98500061035156,87.02989959716797,1675585
2025-05-12 09:30:00-04:00,86.63500213623047,86.74500274658203,86.37999725341797,86.38500213623047,9147637
2025-05-12 10:30:00-04:00,86.6449966430664,86.77999877929688,86.52999877929688,86.63520050048828,3976752
2025-05-12 11:30:00-04:00,86.50499725341797,86.63999938964844,86.47000122070312,86.63999938964844,3225114
2025-05-12 12:30:00-04:00,86.4749984741211,86.55999755859375,86.41999816894531,86.49500274658203,2154079
2025-05-12 13:30:00-04:00,86.43499755859375,86.5999984741211,86.3499984741211,86.47630310058594,2409067
2025-05-12 14:30:00-04:00,86.34549713134766,86.44000244140625,86.31999969482422,86.43499755859375,2779537
2025-05-12 15:30:00-04:00,86.25,86.37000274658203,86.19000244140625,86.34500122070312,4299118
2025-05-13 09:30:00-04:00,85.83499908447266,86.28500366210938,85.69000244140625,86.12999725341797,13679794
2025-05-13 10:30:00-04:00,85.82499694824219,85.98999786376953,85.7300033569336,85.83499908447266,4448886
2025-05-13 11:30:00-04:00,85.6792984008789,85.83499908447266,85.58000183105469,85.83000183105469,5211404
2025-05-13 12:30:00-04:00,85.68499755859375,85.83000183105469,85.68009948730469,85.68499755859375,6396529
2025-05-13 13:30:00-04:00,85.53569793701172,85.72550201416016,85.51000213623047,85.68499755859375,10283826
2025-05-13 14:30:00-04:00,85.69499969482422,85.75,85.5,85.52999877929688,6576814
2025-05-13 15:30:00-04:00,85.87000274658203,85.9000015258789,85.69000244140625,85.69499969482422,3063147
2025-05-14 09:30:00-04:00,85.75,85.86979675292969,85.62329864501953,85.75,9510483
2025-05-14 10:30:00-04:00,85.59500122070312,85.7750015258789,85.53500366210938,85.74349975585938,5130270
2025-05-14 11:30:00-04:00,85.40499877929688,85.59989929199219,85.31999969482422,85.59459686279297,5244410
2025-05-14 12:30:00-04:00,85.49510192871094,85.49510192871094,85.36000061035156,85.4000015258789,3754009
2025-05-14 13:30:00-04:00,85.4000015258789,85.51000213623047,85.36499786376953,85.5,2829993
2025-05-14 14:30:00-04:00,85.26460266113281,85.41999816894531,85.26000213623047,85.3947982788086,4730489
2025-05-14 15:30:00-04:00,85.33499908447266,85.36000061035156,85.19999694824219,85.26499938964844,5444908
2025-05-15 09:30:00-04:00,85.58000183105469,85.83499908447266,85.49500274658203,85.63999938964844,14670856
2025-05-15 10:30:00-04:00,85.99500274658203,86.05000305175781,85.4800033569336,85.57499694824219,7016681
2025-05-15 11:30:00-04:00,86.24500274658203,86.24800109863281,85.87100219726562,85.99569702148438,6355102
2025-05-15 12:30:00-04:00,86.19000244140625,86.31999969482422,86.16000366210938,86.23999786376953,3053803
2025-05-15 13:30:00-04:00,86.04000091552734,86.19499969482422,86.03500366210938,86.18000030517578,3522116
2025-05-15 14:30:00-04:00,86.09500122070312,86.12000274658203,85.98999786376953,86.04000091552734,4623844
2025-05-15 15:30:00-04:00,86.08999633789062,86.12000274658203,86.05000305175781,86.09500122070312,5995664
2025-05-16 09:30:00-04:00,86.56500244140625,86.88999938964844,86.55470275878906,86.86029815673828,10412238
2025-05-16 10:30:00-04:00,86.40499877929688,86.56999969482422,86.19499969482422,86.56500244140625,5434474
2025-05-16 11:30:00-04:00,86.44499969482422,86.48999786376953,86.20999908447266,86.39070129394531,4791748
2025-05-16 12:30:00-04:00,86.30500030517578,86.45500183105469,86.25499725341797,86.44499969482422,1856576
2025-05-16 13:30:00-04:00,86.33580017089844,86.37519836425781,86.27010345458984,86.30000305175781,1326033
2025-05-16 14:30:00-04:00,86.4000015258789,86.47000122070312,86.30999755859375,86.33499908447266,2003291
2025-05-16 15:30:00-04:00,86.29000091552734,86.45999908447266,86.27999877929688,86.3949966430664,2764364
2025-05-19 09:30:00-04:00,85.21929931640625,85.25,84.83000183105469,84.91999816894531,16774421
2025-05-19 10:30:00-04:00,85.50499725341797,85.62999725341797,85.19000244140625,85.21499633789062,6929490
2025-05-19 11:30:00-04:00,85.65499877929688,85.65670013427734,84.87889862060547,85.51629638671875,3881022
2025-05-19 12:30:00-04:00,85.7509994506836,85.80999755859375,85.51349639892578,85.66000366210938,4490558
2025-05-19 13:30:00-04:00,85.76499938964844,85.83499908447266,85.5999984741211,85.75,3699902
2025-05-19 14:30:00-04:00,86.0199966430664,86.09500122070312,85.7249984741211,85.7699966430664,4532017
2025-05-19 15:30:00-04:00,86.04000091552734,86.11599731445312,85.9800033569336,86.0199966430664,4066215
2025-05-20 09:30:00-04:00,85.38500213623047,85.44000244140625,85.05999755859375,85.42500305175781,11975281
2025-05-20 10:30:00-04:00,85.50499725341797,85.59500122070312,85.33000183105469,85.37999725341797,3647868
2025-05-20 11:30:00-04:00,85.375,85.53880310058594,85.23419952392578,85.5,4106900
2025-05-20 12:30:00-04:00,85.55590057373047,85.5999984741211,85.33000183105469,85.375,2481923
2025-05-20 13:30:00-04:00,85.5000991821289,85.55999755859375,85.3812026977539,85.55989837646484,2154421
2025-05-20 14:30:00-04:00,85.46499633789062,85.55000305175781,85.40380096435547,85.50499725341797,2849048
2025-05-20 15:30:00-04:00,85.44000244140625,85.4800033569336,85.31069946289062,85.46499633789062,4009886
2025-05-21 09:30:00-04:00,84.89459991455078,84.9800033569336,84.6500015258789,84.6709976196289,12554442
2025-05-21 10:30:00-04:00,84.86000061035156,85.05500030517578,84.72000122070312,84.89939880371094,5586932
2025-05-21 11:30:00-04:00,84.80000305175781,84.88999938964844,84.68499755859375,84.86000061035156,4279813
2025-05-21 12:30:00-04:00,83.92500305175781,84.82540130615234,83.91999816894531,84.80349731445312,12781575
2025-05-21 13:30:00-04:00,83.97000122070312,84.22000122070312,83.76010131835938,83.92500305175781,14231958
2025-05-21 14:30:00-04:00,83.98500061035156,84.05999755859375,83.81999969482422,83.95999908447266,8478766
2025-05-21 15:30:00-04:00,83.94000244140625,84.04000091552734,83.8947982788086,83.98999786376953,8017834
2025-05-22 09:30:00-04:00,83.59500122070312,83.79989624023438,83.30000305175781,83.52100372314453,20349965
2025-05-22 10:30:00-04:00,83.9800033569336,83.99500274658203,83.5199966430664,83.59500122070312,7421966
2025-05-22 11:30:00-04:00,84.19499969482422,84.32589721679688,83.93389892578125,83.98500061035156,10268792
2025-05-22 12:30:00-04:00,84.28500366210938,84.33999633789062,84.02999877929688,84.19499969482422,4969330
2025-05-22 13:30:00-04:00,84.23500061035156,84.30500030517578,84.19159698486328,84.27999877929688,3262088
2025-05-22 14:30:00-04:00,84.33499908447266,84.37999725341797,84.18000030517578,84.23500061035156,3869414
2025-05-22 15:30:00-04:00,84.4000015258789,84.43000030517578,84.28500366210938,84.33999633789062,5875858
2025-05-23 09:30:00-04:00,84.45999908447266,84.81500244140625,84.41010284423828,84.76100158691406,14764575
2025-05-23 10:30:00-04:00,84.4801025390625,84.61499786376953,84.30500030517578,84.45999908447266,5727811
2025-05-23 11:30:00-04:00,84.6050033569336,84.7699966430664,84.4000015258789,84.4800033569336,5848823
2025-05-23 12:30:00-04:00,84.76499938964844,84.7750015258789,84.5199966430664,84.61499786376953,4506454
2025-05-23 13:30:00-04:00,84.57499694824219,84.81999969482422,84.51000213623047,84.7699966430664,3184860
2025-05-23 14:30:00-04:00,84.54499816894531,84.58000183105469,84.43000030517578,84.57499694824219,4756599
2025-05-23 15:30:00-04:00,84.55999755859375,84.58000183105469,84.5199966430664,84.55000305175781,3264936
2025-05-27 09:30:00-04:00,85.48999786376953,85.5199966430664,85.1500015258789,85.3499984741211,13200660
2025-05-27 10:30:00-04:00,85.61499786376953,85.6500015258789,85.3499984741211,85.48500061035156,5965978
2025-05-27 11:30:00-04:00,85.91999816894531,85.96499633789062,85.5999984741211,85.61499786376953,6616264
2025-05-27 12:30:00-04:00,85.68000030517578,86.01000213623047,85.66999816894531,85.91999816894531,5797712
2025-05-27 13:30:00-04:00,85.875,85.88999938964844,85.66999816894531,85.68000030517578,4966379
2025-05-27 14:30:00-04:00,85.86499786376953,86.0250015258789,85.83499908447266,85.875,5351300
2025-05-27 15:30:00-04:00,85.77999877929688,85.88999938964844,85.75,85.86009979248047,6193141
2025-05-28 09:30:00-04:00,85.2300033569336,85.53720092773438,85.1500015258789,85.41000366210938,9446676
2025-05-28 10:30:00-04:00,85.19999694824219,85.27290344238281,84.97049713134766,85.2249984741211,4708630
2025-05-28 11:30:00-04:00,85.0999984741211,85.20980072021484,85.0333023071289,85.20500183105469,2312455
2025-05-28 12:30:00-04:00,85.37449645996094,85.43990325927734,85.08000183105469,85.09500122070312,3668825
2025-05-28 13:30:00-04:00,85.30999755859375,85.41500091552734,85.23149871826172,85.37000274658203,3947562
2025-05-28 14:30:00-04:00,85.45500183105469,85.48999786376953,85.29010009765625,85.30500030517578,3968280
2025-05-28 15:30:00-04:00,85.36499786376953,85.4749984741211,85.2750015258789,85.45500183105469,3801458
2025-05-29 09:30:00-04:00,85.73999786376953,85.92630004882812,85.63999938964844,85.7699966430664,8645099
2025-05-29 10:30:00-04:00,85.98410034179688,86.0,85.68000030517578,85.73500061035156,3125685
2025-05-29 11:30:00-04:00,86.0999984741211,86.1449966430664,85.95500183105469,85.98999786376953,4726465
2025-05-29 12:30:00-04:00,86.13009643554688,86.26000213623047,86.0199966430664,86.09500122070312,4821852
2025-05-29 13:30:00-04:00,86.05500030517578,86.25,86.0250015258789,86.13500213623047,3711401
2025-05-29 14:30:00-04:00,86.125,86.19499969482422,86.03500366210938,86.05000305175781,3443561
2025-05-29 15:30:00-04:00,86.1500015258789,86.19999694824219,86.11000061035156,86.125,4090571
2025-05-30 09:30:00-04:00,86.33000183105469,86.466796875,85.99500274658203,86.08480072021484,8363445
2025-05-30 10:30:00-04:00,86.21499633789062,86.33000183105469,85.87999725341797,86.33000183105469,5706329
2025-05-30 11:30:00-04:00,86.30000305175781,86.31999969482422,86.19000244140625,86.21499633789062,3537923
2025-05-30 12:30:00-04:00,86.17500305175781,86.35800170898438,86.11000061035156,86.30549621582031,3450461
2025-05-30 13:30:00-04:00,86.08999633789062,86.18499755859375,85.97000122070312,86.17500305175781,3081550
2025-05-30 14:30:00-04:00,86.13379669189453,86.1500015258789,85.94999694824219,86.08999633789062,7086039
2025-05-30 15:30:00-04:00,86.2699966430664,86.2854995727539,86.05999755859375,86.13500213623047,13152953
2025-06-02 09:30:00-04:00,85.39649963378906,85.47000122070312,85.12999725341797,85.29499816894531,12992004
2025-06-02 10:30:00-04:00,84.9749984741211,85.46499633789062,84.95999908447266,85.3949966430664,4505042
2025-06-02 11:30:00-04:00,84.98560333251953,85.05500030517578,84.86000061035156,84.9800033569336,5309012
2025-06-02 12:30:00-04:00,84.8499984741211,84.98999786376953,84.80500030517578,84.98030090332031,5120061
2025-06-02 13:30:00-04:00,84.83499908447266,84.91500091552734,84.80500030517578,84.84719848632812,3693024
2025-06-02 14:30:00-04:00,84.94000244140625,84.94000244140625,84.79000091552734,84.83499908447266,4022552
2025-06-02 15:30:00-04:00,85.1500015258789,85.16000366210938,84.93000030517578,84.94000244140625,4106873
2025-06-03 09:30:00-04:00,85.29070281982422,85.73500061035156,85.2750015258789,85.43000030517578,10924371
2025-06-03 10:30:00-04:00,85.27999877929688,85.47000122070312,85.20010375976562,85.29000091552734,6431377
2025-06-03 11:30:00-04:00,84.98500061035156,85.30000305175781,84.97000122070312,85.29000091552734,3540010
2025-06-03 12:30:00-04:00,85.01000213623047,85.01000213623047,84.88500213623047,84.98500061035156,2561462
2025-06-03 13:30:00-04:00,85.05999755859375,85.0999984741211,84.94999694824219,85.01499938964844,3681476
2025-06-03 14:30:00-04:00,84.99659729003906,85.08999633789062,84.98999786376953,85.06500244140625,3062957
2025-06-03 15:30:00-04:00,85.0199966430664,85.05000305175781,84.9800033569336,84.99500274658203,2354796
2025-06-04 09:30:00-04:00,86.0,86.1500015258789,85.6449966430664,85.79499816894531,16221425
2025-06-04 10:30:00-04:00,86.16999816894531,86.32499694824219,85.98500061035156,86.0,8119772
2025-06-04 11:30:00-04:00,86.5947036743164,86.62000274658203,86.16000366210938,86.17009735107422,6847690
2025-06-04 12:30:00-04:00,86.51000213623047,86.6449966430664,86.46499633789062,86.5999984741211,5404495
2025-06-04 13:30:00-04:00,86.46499633789062,86.55999755859375,86.44999694824219,86.51000213623047,4088895
2025-06-04 14:30:00-04:00,86.375,86.45999908447266,86.31999969482422,86.45999908447266,3172485
2025-06-04 15:30:00-04:00,86.3949966430664,86.45999908447266,86.37000274658203,86.3781967163086,4368970
2025-06-05 09:30:00-04:00,86.75900268554688,86.93000030517578,86.63500213623047,86.68000030517578,12354075
2025-06-05 10:30:00-04:00,86.32499694824219,86.76000213623047,86.2249984741211,86.75900268554688,8069482
2025-06-05 11:30:00-04:00,86.41999816894531,86.47000122070312,86.25,86.32499694824219,2554402
2025-06-05 12:30:00-04:00,86.58499908447266,86.73999786376953,86.31999969482422,86.41010284423828,3628594
2025-06-05 13:30:00-04:00,86.33499908447266,86.58499908447266,86.32009887695312,86.58499908447266,2249116
2025-06-05 14:30:00-04:00,86.41439819335938,86.47000122070312,86.31999969482422,86.33979797363281,2631235
2025-06-05 15:30:00-04:00,86.45999908447266,86.4800033569336,86.36499786376953,86.41000366210938,4837210
2025-06-06 09:30:00-04:00,85.87999725341797,85.92500305175781,85.63999938964844,85.79000091552734,10893221
2025-06-06 10:30:00-04:00,85.7249984741211,85.86009979248047,85.56199645996094,85.83000183105469,4207440
2025-06-06 11:30:00-04:00,85.63999938964844,85.7656021118164,85.6050033569336,85.7145004272461,2824726
2025-06-06 12:30:00-04:00,85.4800033569336,85.66500091552734,85.4520034790039,85.6500015258789,3112880
2025-06-06 13:30:00-04:00,85.43499755859375,85.53350067138672,85.4000015258789,85.4749984741211,2577960
2025-06-06 14:30:00-04:00,85.29989624023438,85.44999694824219,85.2750015258789,85.43219757080078,3815750
2025-06-06 15:30:00-04:00,85.3550033569336,85.37000274658203,85.29000091552734,85.29499816894531,4349273
2025-06-09 09:30:00-04:00,85.19999694824219,85.4000015258789,85.04000091552734,85.04000091552734,6073946
2025-06-09 10:30:00-04:00,85.44999694824219,85.45999908447266,85.03500366210938,85.19989776611328,3807320
2025-06-09 11:30:00-04:00,85.46499633789062,85.5,85.4000015258789,85.45700073242188,2698586
2025-06-09 12:30:00-04:00,85.56500244140625,85.57649993896484,85.46499633789062,85.46499633789062,1468765
2025-06-09 13:30:00-04:00,85.62000274658203,85.63999938964844,85.5199966430664,85.56500244140625,2599104
2025-06-09 14:30:00-04:00,85.46499633789062,85.63500213623047,85.43000030517578,85.625,1998034
2025-06-09 15:30:00-04:00,85.45999908447266,85.49500274658203,85.41999816894531,85.46499633789062,1966052
2025-06-10 09:30:00-04:00,85.80999755859375,86.17739868164062,85.80999755859375,86.08999633789062,7937939
2025-06-10 10:30:00-04:00,85.5302963256836,85.82499694824219,85.51499938964844,85.81500244140625,3445154
2025-06-10 11:30:00-04:00,85.68499755859375,85.76000213623047,85.52010345458984,85.53690338134766,2661419
2025-06-10 12:30:00-04:00,85.63999938964844,85.7300033569336,85.5907974243164,85.68000030517578,1590858
2025-06-10 13:30:00-04:00,85.69999694824219,85.7750015258789,85.62030029296875,85.62999725341797,1537623
2025-06-10 14:30:00-04:00,85.80000305175781,85.81999969482422,85.66999816894531,85.70999908447266,2468270
2025-06-10 15:30:00-04:00,85.87999725341797,85.87999725341797,85.79000091552734,85.79499816894531,2878464
2025-06-11 09:30:00-04:00,85.83000183105469,86.05000305175781,85.70999908447266,85.81999969482422,9935930
2025-06-11 10:30:00-04:00,85.86000061035156,86.04000091552734,85.81999969482422,85.81999969482422,2790499
2025-06-11 11:30:00-04:00,86.04499816894531,86.08499908447266,85.80999755859375,85.8499984741211,2783500
2025-06-11 12:30:00-04:00,86.31500244140625,86.4000015258789,85.91999816894531,86.04499816894531,8145785
2025-06-11 13:30:00-04:00,86.32540130615234,86.35639953613281,86.18499755859375,86.31500244140625,3664930
2025-06-11 14:30:00-04:00,86.1449966430664,86.33000183105469,86.12000274658203,86.32499694824219,3657981
2025-06-11 15:30:00-04:00,86.13999938964844,86.20999908447266,86.08000183105469,86.1449966430664,2989383
2025-06-12 09:30:00-04:00,86.65139770507812,86.92500305175781,86.13999938964844,86.88800048828125,10647609
2025-06-12 10:30:00-04:00,86.75,86.79499816894531,86.5999984741211,86.66000366210938,4007354
2025-06-12 11:30:00-04:00,86.92500305175781,86.98999786376953,86.68000030517578,86.76000213623047,3255193
2025-06-12 12:30:00-04:00,87.05999755859375,87.18000030517578,86.83999633789062,86.92500305175781,7584570
2025-06-12 13:30:00-04:00,87.01499938964844,87.18000030517578,86.97000122070312,87.05500030517578,3617389
2025-06-12 14:30:00-04:00,87.14530181884766,87.16000366210938,86.99009704589844,87.0198974609375,3530423
2025-06-12 15:30:00-04:00,87.18000030517578,87.19999694824219,87.0999984741211,87.14990234375,4005363
2025-06-13 09:30:00-04:00,86.4000015258789,86.875,86.32499694824219,86.7249984741211,9923991
2025-06-13 10:30:00-04:00,86.29000091552734,86.51000213623047,86.25,86.4000015258789,5489404
2025-06-13 11:30:00-04:00,86.13999938964844,86.30000305175781,86.11000061035156,86.28379821777344,4548669
2025-06-13 12:30:00-04:00,85.8363037109375,86.1500015258789,85.81999969482422,86.13999938964844,4254653
2025-06-13 13:30:00-04:00,85.9800033569336,86.0250015258789,85.7750015258789,85.83989715576172,4536654
2025-06-13 14:30:00-04:00,86.19000244140625,86.20500183105469,85.94999694824219,85.98500061035156,6277026
2025-06-13 15:30:00-04:00,86.29499816894531,86.33999633789062,86.18000030517578,86.19999694824219,5508119
2025-06-16 09:30:00-04:00,86.30000305175781,86.33000183105469,85.9749984741211,86.08000183105469,7822410
2025-06-16 10:30:00-04:00,86.13500213623047,86.43000030517578,86.09500122070312,86.30999755859375,4209399
2025-06-16 11:30:00-04:00,86.05999755859375,86.34500122070312,86.05500030517578,86.13999938964844,2481422
2025-06-16 12:30:00-04:00,85.95500183105469,86.12999725341797,85.91999816894531,86.06999969482422,3050768
2025-06-16 13:30:00-04:00,85.63500213623047,85.95899963378906,85.57499694824219,85.94999694824219,3886021
2025-06-16 14:30:00-04:00,85.52999877929688,85.70989990234375,85.4749984741211,85.63500213623047,4894570
2025-06-16 15:30:00-04:00,85.48500061035156,85.58000183105469,85.45999908447266,85.54000091552734,5045301
2025-06-17 09:30:00-04:00,85.95500183105469,86.02999877929688,85.75499725341797,86.01000213623047,6916300
2025-06-17 10:30:00-04:00,86.03500366210938,86.08999633789062,85.83999633789062,85.95500183105469,4201918
2025-06-17 11:30:00-04:00,86.25499725341797,86.29000091552734,86.02999877929688,86.03500366210938,2635175
2025-06-17 12:30:00-04:00,86.34500122070312,86.38999938964844,86.2300033569336,86.25499725341797,3236012
2025-06-17 13:30:00-04:00,86.64990234375,86.6500015258789,86.34200286865234,86.34500122070312,3538924
2025-06-17 14:30:00-04:00,86.57499694824219,86.66000366210938,86.4126968383789,86.64710235595703,3199166
2025-06-17 15:30:00-04:00,86.5199966430664,86.58000183105469,86.4800033569336,86.57499694824219,4678427
2025-06-18 09:30:00-04:00,86.79499816894531,87.04499816894531,86.76000213623047,86.8895034790039,6867290
2025-06-18 10:30:00-04:00,87.06169891357422,87.08999633789062,86.69999694824219,86.80000305175781,3784373
2025-06-18 11:30:00-04:00,86.91500091552734,87.08499908447266,86.91000366210938,87.04499816894531,3142203
2025-06-18 12:30:00-04:00,86.875,87.02839660644531,86.81999969482422,86.92500305175781,2653385
2025-06-18 13:30:00-04:00,86.62999725341797,87.04000091552734,86.51000213623047,86.875,5778449
2025-06-18 14:30:00-04:00,86.63500213623047,86.69499969482422,86.3499984741211,86.64119720458984,8934216
2025-06-18 15:30:00-04:00,86.6500015258789,86.66680145263672,86.50499725341797,86.63719940185547,5327630
2025-06-20 09:30:00-04:00,86.08999633789062,86.25,85.9800033569336,86.13999938964844,6427346
2025-06-20 10:30:00-04:00,86.33999633789062,86.34010314941406,85.94999694824219,86.08200073242188,3234731
2025-06-20 11:30:00-04:00,86.5199966430664,86.55500030517578,86.31999969482422,86.36650085449219,3321637
2025-06-20 12:30:00-04:00,86.69999694824219,86.71769714355469,86.5199966430664,86.5199966430664,2547083
2025-06-20 13:30:00-04:00,86.63500213623047,86.79000091552734,86.60230255126953,86.70999908447266,2637787
2025-06-20 14:30:00-04:00,86.54989624023438,86.63999938964844,86.5250015258789,86.63500213623047,2693115
2025-06-20 15:30:00-04:00,86.48500061035156,86.55999755859375,86.41999816894531,86.54000091552734,2792333
2025-06-23 09:30:00-04:00,87.15989685058594,87.2699966430664,86.78500366210938,86.93000030517578,8683984
2025-06-23 10:30:00-04:00,87.2249984741211,87.2300033569336,87.0,87.16000366210938,4569457
2025-06-23 11:30:00-04:00,87.37480163574219,87.38500213623047,87.19229888916016,87.19999694824219,3342618
2025-06-23 12:30:00-04:00,87.23500061035156,87.4406967163086,87.17500305175781,87.37000274658203,4392330
2025-06-23 13:30:00-04:00,87.20999908447266,87.37999725341797,87.18499755859375,87.2300033569336,3441761
2025-06-23 14:30:00-04:00,86.90010070800781,87.22920227050781,86.88999938964844,87.22000122070312,3563236
2025-06-23 15:30:00-04:00,86.79000091552734,86.94000244140625,86.7699966430664,86.90989685058594,4172854
2025-06-24 09:30:00-04:00,87.0779037475586,87.125,86.42500305175781,86.44000244140625,9139472
2025-06-24 10:30:00-04:00,87.3093032836914,87.38500213623047,87.04000091552734,87.07820129394531,5181919
2025-06-24 11:30:00-04:00,87.30000305175781,87.32499694824219,87.12000274658203,87.32499694824219,3109066
2025-06-24 12:30:00-04:00,87.37770080566406,87.44000244140625,87.26000213623047,87.29229736328125,2954194
2025-06-24 13:30:00-04:00,87.4301986694336,87.5,87.375,87.37999725341797,2068464
2025-06-24 14:30:00-04:00,87.45999908447266,87.58999633789062,87.34259796142578,87.43000030517578,3476735
2025-06-24 15:30:00-04:00,87.41000366210938,87.50499725341797,87.37999725341797,87.45899963378906,3901179
2025-06-25 09:30:00-04:00,86.93000030517578,87.11869812011719,86.80000305175781,87.10030364990234,6856274
2025-06-25 10:30:00-04:00,87.11499786376953,87.1156005859375,86.8499984741211,86.93000030517578,3282176
2025-06-25 11:30:00-04:00,87.13980102539062,87.1500015258789,87.03009796142578,87.11499786376953,2309976
2025-06-25 12:30:00-04:00,87.1449966430664,87.2300033569336,87.12000274658203,87.13500213623047,2802998
2025-06-25 13:30:00-04:00,87.32929992675781,87.33000183105469,87.08499908447266,87.1449966430664,3015863
2025-06-25 14:30:00-04:00,87.47010040283203,87.4800033569336,87.25499725341797,87.32499694824219,2284550
2025-06-25 15:30:00-04:00,87.50499725341797,87.51000213623047,87.41000366210938,87.47599792480469,3814438
2025-06-26 09:30:00-04:00,87.45999908447266,87.74500274658203,87.21499633789062,87.57499694824219,7311477
2025-06-26 10:30:00-04:00,87.3550033569336,87.5999984741211,87.20069885253906,87.45999908447266,3689579
2025-06-26 11:30:00-04:00,87.5510025024414,87.55999755859375,87.27999877929688,87.36000061035156,2493357
2025-06-26 12:30:00-04:00,87.5199966430664,87.67500305175781,87.43000030517578,87.55500030517578,3000157
2025-06-26 13:30:00-04:00,87.72000122070312,87.76499938964844,87.52539825439453,87.52999877929688,2878454
2025-06-26 14:30:00-04:00,87.75,87.79000091552734,87.58999633789062,87.71499633789062,2700855
2025-06-26 15:30:00-04:00,87.94000244140625,87.94999694824219,87.7300033569336,87.75800323486328,4169968
2025-06-27 09:30:00-04:00,87.76499938964844,87.83000183105469,87.375,87.56500244140625,8173992
2025-06-27 10:30:00-04:00,87.6500015258789,87.7699966430664,87.5,87.7699966430664,4238260
2025-06-27 11:30:00-04:00,88.04499816894531,88.08000183105469,87.62999725341797,87.63999938964844,3199492
2025-06-27 12:30:00-04:00,87.96499633789062,88.16000366210938,87.94999694824219,88.05000305175781,22867608
2025-06-27 13:30:00-04:00,87.27030181884766,87.99500274658203,87.27030181884766,87.96499633789062,5634897
2025-06-27 14:30:00-04:00,87.3550033569336,87.42500305175781,87.23500061035156,87.2750015258789,3904583
2025-06-27 15:30:00-04:00,87.37249755859375,87.44000244140625,87.34480285644531,87.3550033569336,4430411
2025-06-30 09:30:00-04:00,87.69000244140625,87.9749984741211,87.65499877929688,87.86000061035156,7249395
2025-06-30 10:30:00-04:00,87.83499908447266,87.85990142822266,87.61499786376953,87.69999694824219,3709558
2025-06-30 11:30:00-04:00,87.91500091552734,87.94000244140625,87.66500091552734,87.83000183105469,3121023
2025-06-30 12:30:00-04:00,88.23999786376953,88.26499938964844,87.8947982788086,87.91999816894531,5170383
2025-06-30 13:30:00-04:00,88.2833023071289,88.31999969482422,88.1500015258789,88.24019622802734,3679024
2025-06-30 14:30:00-04:00,88.32499694824219,88.40499877929688,88.19999694824219,88.29000091552734,6130086
2025-06-30 15:30:00-04:00,88.30999755859375,88.41999816894531,88.16000366210938,88.33000183105469,16092727
2025-07-01 09:30:00-04:00,87.87200164794922,88.30999755859375,87.83000183105469,88.13020324707031,11285056
2025-07-01 10:30:00-04:00,87.8949966430664,88.02999877929688,87.79000091552734,87.86499786376953,4947577
2025-07-01 11:30:00-04:00,87.7958984375,87.91000366210938,87.66179656982422,87.8949966430664,4887987
2025-07-01 12:30:00-04:00,88.06999969482422,88.125,87.7468032836914,87.79000091552734,3974449
2025-07-01 13:30:00-04:00,87.95999908447266,88.08000183105469,87.94499969482422,88.06449890136719,5583967
2025-07-01 14:30:00-04:00,88.05500030517578,88.11000061035156,87.94499969482422,87.96499633789062,2975746
2025-07-01 15:30:00-04:00,88.12799835205078,88.1500015258789,87.97000122070312,88.05500030517578,3372138
2025-07-02 09:30:00-04:00,87.11499786376953,87.29000091552734,87.0999984741211,87.19499969482422,10332207
2025-07-02 10:30:00-04:00,87.29000091552734,87.43499755859375,87.11000061035156,87.12000274658203,5646142
2025-07-02 11:30:00-04:00,87.22000122070312,87.43000030517578,87.13999938964844,87.29000091552734,5619410
2025-07-02 12:30:00-04:00,87.28500366210938,87.30000305175781,87.13999938964844,87.22000122070312,2754640
2025-07-02 13:30:00-04:00,87.33999633789062,87.3550033569336,87.24330139160156,87.29000091552734,3485157
2025-07-02 14:30:00-04:00,87.42070007324219,87.54000091552734,87.33000183105469,87.33999633789062,3333259
2025-07-02 15:30:00-04:00,87.58999633789062,87.58999633789062,87.41000366210938,87.42500305175781,3191988
2025-07-03 09:30:00-04:00,87.07499694824219,87.25520324707031,86.8501968383789,87.16500091552734,11409612
2025-07-03 10:30:00-04:00,87.1050033569336,87.25879669189453,87.0250015258789,87.07009887695312,5186554
2025-07-03 11:30:00-04:00,87.05000305175781,87.285400390625,86.9800033569336,87.11000061035156,3117651
2025-07-07 09:30:00-04:00,86.32820129394531,86.55999755859375,86.29000091552734,86.51000213623047,8129616
2025-07-07 10:30:00-04:00,86.16000366210938,86.34500122070312,86.1500015258789,86.31500244140625,3636957
2025-07-07 11:30:00-04:00,86.2249984741211,86.30999755859375,86.08999633789062,86.16999816894531,4477504
2025-07-07 12:30:00-04:00,86.125,86.22000122070312,86.06999969482422,86.22000122070312,3053184
2025-07-07 13:30:00-04:00,85.98040008544922,86.12999725341797,85.97000122070312,86.12999725341797,3964851
2025-07-07 14:30:00-04:00,86.08000183105469,86.10669708251953,85.92330169677734,85.9800033569336,4084639
2025-07-07 15:30:00-04:00,86.13999938964844,86.1697006225586,86.06269836425781,86.08000183105469,3259886
2025-07-08 09:30:00-04:00,85.61470031738281,85.71990203857422,85.44000244140625,85.55999755859375,7956922
2025-07-08 10:30:00-04:00,85.74500274658203,85.75990295410156,85.54499816894531,85.62000274658203,4531639
2025-07-08 11:30:00-04:00,85.73490142822266,85.7699966430664,85.63999938964844,85.74019622802734,2651611
2025-07-08 12:30:00-04:00,85.62999725341797,85.75669860839844,85.56999969482422,85.73500061035156,2937591
2025-07-08 13:30:00-04:00,85.73500061035156,85.73999786376953,85.5999984741211,85.63500213623047,1827431
2025-07-08 14:30:00-04:00,85.86000061035156,85.87000274658203,85.69999694824219,85.73500061035156,3304676
2025-07-08 15:30:00-04:00,86.04000091552734,86.04000091552734,85.86499786376953,85.87000274658203,4493726
2025-07-09 09:30:00-04:00,86.34500122070312,86.41500091552734,86.18000030517578,86.20149993896484,5961036
2025-07-09 10:30:00-04:00,86.36000061035156,86.44609832763672,86.29000091552734,86.34500122070312,3304324
2025-07-09 11:30:00-04:00,86.5250015258789,86.57499694824219,86.35070037841797,86.3550033569336,2823416
2025-07-09 12:30:00-04:00,86.63500213623047,86.70500183105469,86.5,86.5250015258789,3252494
2025-07-09 13:30:00-04:00,86.79499816894531,86.83000183105469,86.61000061035156,86.63999938964844,3595607
2025-07-09 14:30:00-04:00,86.88500213623047,86.88999938964844,86.79000091552734,86.79499816894531,2509852
2025-07-09 15:30:00-04:00,86.91999816894531,86.93000030517578,86.83200073242188,86.88800048828125,3001740
2025-07-10 09:30:00-04:00,86.49500274658203,86.83999633789062,86.48500061035156,86.83000183105469,6344721
2025-07-10 10:30:00-04:00,86.73500061035156,86.73999786376953,86.49500274658203,86.5,2914687
2025-07-10 11:30:00-04:00,86.62999725341797,86.73999786376953,86.58499908447266,86.73500061035156,1895094
2025-07-10 12:30:00-04:00,86.70500183105469,86.78500366210938,86.58999633789062,86.625,3894150
2025-07-10 13:30:00-04:00,87.01499938964844,87.05999755859375,86.70500183105469,86.70999908447266,3494327
2025-07-10 14:30:00-04:00,86.96499633789062,87.05560302734375,86.90010070800781,87.02200317382812,2483828
2025-07-10 15:30:00-04:00,86.98999786376953,87.01000213623047,86.95999908447266,86.96990203857422,2087208
2025-07-11 09:30:00-04:00,86.1449966430664,86.26860046386719,86.06500244140625,86.2300033569336,6748872
2025-07-11 10:30:00-04:00,86.05000305175781,86.19000244140625,86.0,86.1449966430664,4252061
2025-07-11 11:30:00-04:00,85.80999755859375,86.0999984741211,85.80120086669922,86.05999755859375,4537757
2025-07-11 12:30:00-04:00,85.8550033569336,85.9000015258789,85.66529846191406,85.81500244140625,5974349
2025-07-11 13:30:00-04:00,85.78669738769531,85.88999938964844,85.7699966430664,85.8595962524414,3383530
2025-07-11 14:30:00-04:00,85.66000366210938,85.80000305175781,85.6449966430664,85.78500366210938,3935748
2025-07-11 15:30:00-04:00,85.7699966430664,85.79000091552734,85.66000366210938,85.66999816894531,4731476
2025-07-14 09:30:00-04:00,85.55999755859375,85.87999725341797,85.5250015258789,85.54000091552734,7595338
2025-07-14 10:30:00-04:00,85.375,85.56500244140625,85.3499984741211,85.55329895019531,4462988
2025-07-14 11:30:00-04:00,85.46499633789062,85.4800033569336,85.31500244140625,85.375,3771523
2025-07-14 12:30:00-04:00,85.60009765625,85.62000274658203,85.45999908447266,85.45999908447266,2165548
2025-07-14 13:30:00-04:00,85.58499908447266,85.66999816894531,85.57499694824219,85.6050033569336,1921422
2025-07-14 14:30:00-04:00,85.59500122070312,85.61000061035156,85.52999877929688,85.58350372314453,1584892
2025-07-14 15:30:00-04:00,85.61000061035156,85.69000244140625,85.57360076904297,85.59500122070312,1969108
2025-07-15 09:30:00-04:00,85.09729766845703,85.91000366210938,85.08000183105469,85.8949966430664,12363399
2025-07-15 10:30:00-04:00,84.9749984741211,85.19999694824219,84.95999908447266,85.08999633789062,7827367
2025-07-15 11:30:00-04:00,85.00499725341797,85.1050033569336,84.9000015258789,84.97000122070312,5369401
2025-07-15 12:30:00-04:00,84.94989776611328,85.0386962890625,84.94000244140625,85.01000213623047,3308387
2025-07-15 13:30:00-04:00,84.93000030517578,85.01000213623047,84.91000366210938,84.94499969482422,2232457
2025-07-15 14:30:00-04:00,84.94499969482422,84.97000122070312,84.91000366210938,84.93669891357422,2054425
2025-07-15 15:30:00-04:00,85.00499725341797,85.05000305175781,84.93499755859375,84.94499969482422,3320000
2025-07-16 09:30:00-04:00,85.55500030517578,85.58000183105469,85.24500274658203,85.2750015258789,8252652
2025-07-16 10:30:00-04:00,84.63890075683594,85.65660095214844,84.43000030517578,85.55500030517578,20726187
2025-07-16 11:30:00-04:00,84.69999694824219,85.16999816894531,84.19000244140625,84.62999725341797,20395316
2025-07-16 12:30:00-04:00,84.86000061035156,84.87000274658203,84.48999786376953,84.69499969482422,4868565
2025-07-16 13:30:00-04:00,84.88990020751953,85.01000213623047,84.86000061035156,84.86000061035156,2777610
2025-07-16 14:30:00-04:00,85.03469848632812,85.05999755859375,84.88469696044922,84.88999938964844,2946436
2025-07-16 15:30:00-04:00,85.1449966430664,85.1500015258789,85.0,85.03990173339844,3459014
2025-07-17 09:30:00-04:00,85.37000274658203,85.4800033569336,85.0999984741211,85.220703125,9079949
2025-07-17 10:30:00-04:00,85.37000274658203,85.48500061035156,85.31500244140625,85.37020111083984,3845344
2025-07-17 11:30:00-04:00,85.25,85.37999725341797,85.19000244140625,85.37129974365234,3770717
2025-07-17 12:30:00-04:00,85.1050033569336,85.25499725341797,85.08499908447266,85.25,2654936
2025-07-17 13:30:00-04:00,85.08499908447266,85.1500015258789,84.98999786376953,85.0999984741211,3418443
2025-07-17 14:30:00-04:00,85.02469635009766,85.11499786376953,84.98999786376953,85.08499908447266,2545147
2025-07-17 15:30:00-04:00,85.0999984741211,85.1449966430664,85.02999877929688,85.02999877929688,3587001
2025-07-18 09:30:00-04:00,85.29499816894531,85.45999908447266,85.2249984741211,85.42500305175781,5772823
2025-07-18 10:30:00-04:00,85.3499984741211,85.4000015258789,85.10009765625,85.2947998046875,3953598
2025-07-18 11:30:00-04:00,85.41000366210938,85.44999694824219,85.34500122070312,85.34500122070312,2933357
2025-07-18 12:30:00-04:00,85.33899688720703,85.44999694824219,85.3301010131836,85.41169738769531,2252549
2025-07-18 13:30:00-04:00,85.3550033569336,85.41999816894531,85.3301010131836,85.3301010131836,3138874
2025-07-18 14:30:00-04:00,85.2780990600586,85.36000061035156,85.2300033569336,85.35189819335938,4830668
2025-07-18 15:30:00-04:00,85.26000213623047,85.27999877929688,85.22000122070312,85.27850341796875,2359753
2025-07-21 09:30:00-04:00,86.375,86.44999694824219,86.0,86.21499633789062,9724949
2025-07-21 10:30:00-04:00,86.32499694824219,86.41999816894531,86.2750015258789,86.37239837646484,4350301
2025-07-21 11:30:00-04:00,86.36499786376953,86.50499725341797,86.33000183105469,86.33000183105469,3841498
2025-07-21 12:30:00-04:00,86.31500244140625,86.41500091552734,86.29000091552734,86.36499786376953,5285152
2025-07-21 13:30:00-04:00,86.26640319824219,86.34989929199219,86.22000122070312,86.31999969482422,3046032
2025-07-21 14:30:00-04:00,86.11499786376953,86.28610229492188,86.08999633789062,86.2699966430664,3243929
2025-07-21 15:30:00-04:00,86.01000213623047,86.1449966430664,85.95999908447266,86.11810302734375,3912043
2025-07-22 09:30:00-04:00,86.51000213623047,86.54000091552734,86.11000061035156,86.16500091552734,5752794
2025-07-22 10:30:00-04:00,86.64070129394531,86.73999786376953,86.42500305175781,86.51000213623047,7749115
2025-07-22 11:30:00-04:00,86.7300033569336,86.7699966430664,86.5999984741211,86.6449966430664,3224836
2025-07-22 12:30:00-04:00,86.6449966430664,86.7300033569336,86.61000061035156,86.7300033569336,3056504
2025-07-22 13:30:00-04:00,86.6063003540039,86.68000030517578,86.60399627685547,86.6500015258789,3279501
2025-07-22 14:30:00-04:00,86.58519744873047,86.69000244140625,86.56999969482422,86.6050033569336,1893158
2025-07-22 15:30:00-04:00,86.51000213623047,86.61000061035156,86.45999908447266,86.58499908447266,4411555
2025-07-23 09:30:00-04:00,85.98999786376953,86.19999694824219,85.91999816894531,86.04000091552734,6249972
2025-07-23 10:30:00-04:00,86.08999633789062,86.15499877929688,85.98999786376953,85.98999786376953,3040303
2025-07-23 11:30:00-04:00,85.86499786376953,86.0999984741211,85.80999755859375,86.09500122070312,3971662
2025-07-23 12:30:00-04:00,85.87999725341797,86.05500030517578,85.78500366210938,85.86150360107422,3965185
2025-07-23 13:30:00-04:00,86.08000183105469,86.0999984741211,85.8125,85.875,2639266
2025-07-23 14:30:00-04:00,86.0,86.08999633789062,85.95999908447266,86.08499908447266,2845694
2025-07-23 15:30:00-04:00,86.0250015258789,86.02999877929688,85.94999694824219,86.00499725341797,2561491
2025-07-24 09:30:00-04:00,85.83000183105469,85.96499633789062,85.51000213623047,85.55000305175781,7766489
2025-07-24 10:30:00-04:00,86.16999816894531,86.21649932861328,85.80000305175781,85.82929992675781,3894326
2025-07-24 11:30:00-04:00,86.06999969482422,86.21499633789062,85.95999908447266,86.17240142822266,2723902
2025-07-24 12:30:00-04:00,86.125,86.23629760742188,86.06590270996094,86.06999969482422,2841750
2025-07-24 13:30:00-04:00,86.00019836425781,86.22000122070312,86.0000991821289,86.125,1796728
2025-07-24 14:30:00-04:00,85.9000015258789,86.05989837646484,85.87999725341797,86.00499725341797,1454665
2025-07-24 15:30:00-04:00,85.91000366210938,85.91999816894531,85.81999969482422,85.9000015258789,3042370
2025-07-25 09:30:00-04:00,85.79000091552734,85.96499633789062,85.72000122070312,85.80000305175781,5409094
2025-07-25 10:30:00-04:00,85.98500061035156,86.08499908447266,85.78500366210938,85.78500366210938,2743288
2025-07-25 11:30:00-04:00,86.21099853515625,86.22000122070312,85.96160125732422,85.99500274658203,2012840
2025-07-25 12:30:00-04:00,86.31500244140625,86.38999938964844,86.19999694824219,86.21499633789062,3474963
2025-07-25 13:30:00-04:00,86.35859680175781,86.37000274658203,86.28009796142578,86.31999969482422,2179354
2025-07-25 14:30:00-04:00,86.3781967163086,86.38999938964844,86.31009674072266,86.3550033569336,1966501
2025-07-25 15:30:00-04:00,86.41999816894531,86.44000244140625,86.31999969482422,86.37799835205078,4671625
2025-07-28 09:30:00-04:00,86.07479858398438,86.19999694824219,85.83000183105469,86.0,6083379
2025-07-28 10:30:00-04:00,85.93949890136719,86.15499877929688,85.91000366210938,86.06999969482422,2527962
2025-07-28 11:30:00-04:00,85.94999694824219,86.03500366210938,85.93000030517578,85.94000244140625,1969922
2025-07-28 12:30:00-04:00,85.97219848632812,86.02999877929688,85.90499877929688,85.95999908447266,2444334
2025-07-28 13:30:00-04:00,85.94499969482422,86.04000091552734,85.87999725341797,85.9749984741211,2167261
2025-07-28 14:30:00-04:00,85.91000366210938,85.95999908447266,85.83000183105469,85.94329833984375,2925122
2025-07-28 15:30:00-04:00,85.87999725341797,85.91999816894531,85.8499984741211,85.90499877929688,2315849
2025-07-29 09:30:00-04:00,86.73999786376953,86.86000061035156,86.19999694824219,86.23500061035156,9580869
2025-07-29 10:30:00-04:00,87.01000213623047,87.02999877929688,86.72000122070312,86.73629760742188,6191411
2025-07-29 11:30:00-04:00,86.95500183105469,87.04000091552734,86.68499755859375,87.00499725341797,5052812
2025-07-29 12:30:00-04:00,87.15609741210938,87.25499725341797,86.94010162353516,86.94999694824219,5835369
2025-07-29 13:30:00-04:00,87.1050033569336,87.22000122070312,87.06999969482422,87.16000366210938,4067736
2025-07-29 14:30:00-04:00,87.25,87.26000213623047,87.06500244140625,87.11000061035156,3752824
2025-07-29 15:30:00-04:00,87.33000183105469,87.33999633789062,87.23999786376953,87.23999786376953,4442424
2025-07-30 09:30:00-04:00,86.79000091552734,86.8550033569336,86.6449966430664,86.75,7673602
2025-07-30 10:30:00-04:00,86.7249984741211,86.87000274658203,86.68000030517578,86.80500030517578,2779132
2025-07-30 11:30:00-04:00,86.80480194091797,86.83000183105469,86.63999938964844,86.72000122070312,2316604
2025-07-30 12:30:00-04:00,86.7699966430664,86.83999633789062,86.71320343017578,86.80000305175781,2158055
2025-07-30 13:30:00-04:00,86.88849639892578,86.94999694824219,86.75499725341797,86.77999877929688,4590853
2025-07-30 14:30:00-04:00,86.80999755859375,86.95999908447266,86.55999755859375,86.88999938964844,8256172
2025-07-30 15:30:00-04:00,86.83999633789062,86.86000061035156,86.71499633789062,86.80999755859375,5409358
2025-07-31 09:30:00-04:00,87.09500122070312,87.22000122070312,87.01190185546875,87.125,8182094
2025-07-31 10:30:00-04:00,87.23999786376953,87.41000366210938,87.0250015258789,87.0999984741211,4524932
2025-07-31 11:30:00-04:00,87.16000366210938,87.33999633789062,87.1449966430664,87.24500274658203,4231915
2025-07-31 12:30:00-04:00,87.23500061035156,87.33999633789062,87.1050033569336,87.16500091552734,2390932
2025-07-31 13:30:00-04:00,87.03299713134766,87.31700134277344,87.01000213623047,87.23500061035156,2673898
2025-07-31 14:30:00-04:00,86.95449829101562,87.08999633789062,86.87999725341797,87.03500366210938,7236264
2025-07-31 15:30:00-04:00,86.91999816894531,87.12999725341797,86.83999633789062,86.95989990234375,14640683
2025-08-01 09:30:00-04:00,87.7699966430664,87.84519958496094,87.5250015258789,87.62000274658203,24896262
2025-08-01 10:30:00-04:00,87.71499633789062,87.80000305175781,87.51499938964844,87.79000091552734,7372576
2025-08-01 11:30:00-04:00,87.7300033569336,87.83000183105469,87.62999725341797,87.71499633789062,4585521
2025-08-01 12:30:00-04:00,87.8572998046875,87.87999725341797,87.71499633789062,87.72699737548828,3973665
2025-08-01 13:30:00-04:00,87.84500122070312,87.88999938964844,87.72000122070312,87.8550033569336,4172274
2025-08-01 14:30:00-04:00,87.86499786376953,87.93000030517578,87.79000091552734,87.83999633789062,4359350
2025-08-01 15:30:00-04:00,87.81500244140625,87.91500091552734,87.7699966430664,87.86499786376953,5828269
2025-08-04 09:30:00-04:00,87.77999877929688,88.0,87.69999694824219,87.9749984741211,9063249
2025-08-04 10:30:00-04:00,87.93000030517578,87.94499969482422,87.6500015258789,87.7750015258789,5006193
2025-08-04 11:30:00-04:00,88.08000183105469,88.1500015258789,87.875,87.93000030517578,4331534
2025-08-04 12:30:00-04:00,88.07499694824219,88.12000274658203,87.99500274658203,88.08000183105469,2939366
2025-08-04 13:30:00-04:00,88.01499938964844,88.11000061035156,88.0,88.06999969482422,2139118
2025-08-04 14:30:00-04:00,88.0,88.05999755859375,87.95999908447266,88.01349639892578,4099918
2025-08-04 15:30:00-04:00,88.04000091552734,88.04000091552734,87.97000122070312,87.99649810791016,4535240
2025-08-05 09:30:00-04:00,88.15499877929688,88.19000244140625,87.77999877929688,87.83999633789062,7152559
2025-08-05 10:30:00-04:00,88.3499984741211,88.4198989868164,88.12000274658203,88.15499877929688,5491377
2025-08-05 11:30:00-04:00,88.21499633789062,88.44999694824219,88.12000274658203,88.34500122070312,4566990
2025-08-05 12:30:00-04:00,88.21499633789062,88.31999969482422,88.14009857177734,88.21499633789062,1866866
2025-08-05 13:30:00-04:00,88.29499816894531,88.30500030517578,88.14199829101562,88.21499633789062,2116446
2025-08-05 14:30:00-04:00,88.29499816894531,88.41000366210938,88.26000213623047,88.30000305175781,2470846
2025-08-05 15:30:00-04:00,88.33000183105469,88.3550033569336,88.2750015258789,88.29779815673828,2706464
2025-08-06 09:30:00-04:00,87.98989868164062,88.0199966430664,87.80000305175781,87.8499984741211,4017545
2025-08-06 10:30:00-04:00,87.8949966430664,88.04499816894531,87.79000091552734,87.9800033569336,3510060
2025-08-06 11:30:00-04:00,87.77999877929688,87.8949966430664,86.91999816894531,87.89299774169922,15533120
2025-08-06 12:30:00-04:00,87.5199966430664,87.79499816894531,87.44999694824219,87.77999877929688,5339957
2025-08-06 13:30:00-04:00,87.72989654541016,87.7300033569336,87.4800033569336,87.5199966430664,3731597
2025-08-06 14:30:00-04:00,87.83000183105469,87.88999938964844,87.72000122070312,87.7249984741211,3537826
2025-08-06 15:30:00-04:00,87.80500030517578,87.8499984741211,87.75389862060547,87.82499694824219,3005901
2025-08-07 09:30:00-04:00,88.09390258789062,88.19989776611328,87.86000061035156,87.91500091552734,5687341
2025-08-07 10:30:00-04:00,88.06500244140625,88.25,88.05999755859375,88.11000061035156,3402800
2025-08-07 11:30:00-04:00,88.08650207519531,88.20999908447266,88.03009796142578,88.06199645996094,5155128
2025-08-07 12:30:00-04:00,87.73390197753906,88.09110260009766,87.58999633789062,88.0833969116211,5065202
2025-08-07 13:30:00-04:00,87.7300033569336,87.85990142822266,87.6500015258789,87.73500061035156,3837493
2025-08-07 14:30:00-04:00,87.75,87.81999969482422,87.66999816894531,87.7300033569336,1580612
2025-08-07 15:30:00-04:00,87.68000030517578,87.80000305175781,87.66000366210938,87.76000213623047,3352738
2025-08-08 09:30:00-04:00,87.29499816894531,87.38500213623047,87.18000030517578,87.35040283203125,6057814
2025-08-08 10:30:00-04:00,87.19319915771484,87.30999755859375,87.17410278320312,87.30000305175781,1925263
2025-08-08 11:30:00-04:00,87.21499633789062,87.26000213623047,87.15460205078125,87.19000244140625,2466481
2025-08-08 12:30:00-04:00,87.2333984375,87.26499938964844,87.19000244140625,87.21499633789062,1429275
2025-08-08 13:30:00-04:00,87.23999786376953,87.29000091552734,87.2300033569336,87.23500061035156,1909982
2025-08-08 14:30:00-04:00,87.2300033569336,87.2699966430664,87.20500183105469,87.23989868164062,2004958
2025-08-08 15:30:00-04:00,87.29000091552734,87.30999755859375,87.19999694824219,87.2301025390625,2730476
2025-08-11 09:30:00-04:00,87.5,87.5999984741211,87.375,87.54000091552734,4797274
2025-08-11 10:30:00-04:00,87.48999786376953,87.5999984741211,87.42320251464844,87.5,3286651
2025-08-11 11:30:00-04:00,87.625,87.66000366210938,87.44000244140625,87.48999786376953,1890520
2025-08-11 12:30:00-04:00,87.55989837646484,87.66999816894531,87.5199966430664,87.62999725341797,1329610
2025-08-11 13:30:00-04:00,87.44999694824219,87.57499694824219,87.44000244140625,87.55000305175781,1575821
2025-08-11 14:30:00-04:00,87.4000015258789,87.50990295410156,87.27999877929688,87.44999694824219,2036268
2025-08-11 15:30:00-04:00,87.41000366210938,87.44999694824219,87.34500122070312,87.4000015258789,3083581
2025-08-12 09:30:00-04:00,86.61000061035156,86.95999908447266,86.55000305175781,86.89299774169922,14311852
2025-08-12 10:30:00-04:00,86.79620361328125,86.88500213623047,86.61000061035156,86.61499786376953,5827839
2025-08-12 11:30:00-04:00,86.81999969482422,86.8550033569336,86.66000366210938,86.79000091552734,6140625
2025-08-12 12:30:00-04:00,86.82499694824219,86.91000366210938,86.80000305175781,86.82499694824219,3026878
2025-08-12 13:30:00-04:00,86.81999969482422,86.87999725341797,86.78500366210938,86.82499694824219,2510877
2025-08-12 14:30:00-04:00,86.88500213623047,86.91000366210938,86.80999755859375,86.818603515625,2020625
2025-08-12 15:30:00-04:00,86.93000030517578,86.96810150146484,86.8550033569336,86.87999725341797,3027007
2025-08-13 09:30:00-04:00,87.6449966430664,87.69000244140625,87.42520141601562,87.44499969482422,7482280
2025-08-13 10:30:00-04:00,87.7249984741211,87.80999755859375,87.62349700927734,87.6500015258789,4651986
2025-08-13 11:30:00-04:00,87.75499725341797,87.77989959716797,87.68000030517578,87.7249984741211,2252226
2025-08-13 12:30:00-04:00,87.75499725341797,87.77999877929688,87.7249984741211,87.75499725341797,1958026
2025-08-13 13:30:00-04:00,87.68499755859375,87.76000213623047,87.63999938964844,87.75990295410156,2845932
2025-08-13 14:30:00-04:00,87.66010284423828,87.70999908447266,87.6050033569336,87.68499755859375,2405835
2025-08-13 15:30:00-04:00,87.68000030517578,87.69999694824219,87.63009643554688,87.66829681396484,2397388
2025-08-14 09:30:00-04:00,87.40499877929688,87.51000213623047,87.37999725341797,87.50499725341797,6707117
2025-08-14 10:30:00-04:00,87.13999938964844,87.44999694824219,87.12000274658203,87.40499877929688,3560477
2025-08-14 11:30:00-04:00,86.93000030517578,87.16000366210938,86.88999938964844,87.13999938964844,5072373
2025-08-14 12:30:00-04:00,87.04499816894531,87.07559967041016,86.91000366210938,86.9542007446289,3503684
2025-08-14 13:30:00-04:00,86.92500305175781,87.05999755859375,86.91999816894531,87.05000305175781,2233660
2025-08-14 14:30:00-04:00,86.96499633789062,86.9800033569336,86.88999938964844,86.92530059814453,3224147
2025-08-14 15:30:00-04:00,87.01000213623047,87.0199966430664,86.94999694824219,86.96499633789062,3265774
2025-08-15 09:30:00-04:00,86.6781005859375,86.7699966430664,86.57019805908203,86.65499877929688,6798886
2025-08-15 10:30:00-04:00,86.6500015258789,86.77999877929688,86.62999725341797,86.66999816894531,4252290
2025-08-15 11:30:00-04:00,86.44000244140625,86.69000244140625,86.4000015258789,86.67500305175781,5457738
2025-08-15 12:30:00-04:00,86.30500030517578,86.44499969482422,86.29000091552734,86.44000244140625,3657722
2025-08-15 13:30:00-04:00,86.33499908447266,86.36000061035156,86.25,86.30500030517578,4132436
2025-08-15 14:30:00-04:00,86.3550033569336,86.38999938964844,86.33000183105469,86.33499908447266,2480291
2025-08-15 15:30:00-04:00,86.41000366210938,86.43000030517578,86.3499984741211,86.3499984741211,4139237
2025-08-18 09:30:00-04:00,86.35199737548828,86.54000091552734,86.31999969482422,86.5,5431745
2025-08-18 10:30:00-04:00,86.03849792480469,86.35649871826172,86.0199966430664,86.35350036621094,4200189
2025-08-18 11:30:00-04:00,86.13999938964844,86.16999816894531,85.98500061035156,86.03500366210938,4185159
2025-08-18 12:30:00-04:00,86.19999694824219,86.25,86.14459991455078,86.1449966430664,1687140
2025-08-18 13:30:00-04:00,86.1500015258789,86.20999908447266,86.0999984741211,86.19000244140625,1244929
2025-08-18 14:30:00-04:00,86.18000030517578,86.22000122070312,86.12000274658203,86.13999938964844,2146886
2025-08-18 15:30:00-04:00,86.16500091552734,86.18499755859375,86.12999725341797,86.16999816894531,2208038
2025-08-19 09:30:00-04:00,86.55000305175781,86.63999938964844,86.44999694824219,86.44999694824219,5325725
2025-08-19 10:30:00-04:00,86.55999755859375,86.61000061035156,86.5199966430664,86.55500030517578,3242406
2025-08-19 11:30:00-04:00,86.5780029296875,86.63999938964844,86.5199966430664,86.55500030517578,2878387
2025-08-19 12:30:00-04:00,86.71499633789062,86.7300033569336,86.55000305175781,86.57990264892578,3332717
2025-08-19 13:30:00-04:00,86.72000122070312,86.75,86.69000244140625,86.72000122070312,2142639
2025-08-19 14:30:00-04:00,86.69999694824219,86.73999786376953,86.6500015258789,86.7249984741211,1578195
2025-08-19 15:30:00-04:00,86.69499969482422,86.7300033569336,86.66010284423828,86.69000244140625,3951154
2025-08-20 09:30:00-04:00,86.76000213623047,86.81999969482422,86.5624008178711,86.58999633789062,4726908
2025-08-20 10:30:00-04:00,86.73500061035156,86.89929962158203,86.72000122070312,86.76000213623047,3300299
2025-08-20 11:30:00-04:00,86.82499694824219,86.88619995117188,86.72010040283203,86.73999786376953,2277992
2025-08-20 12:30:00-04:00,86.95500183105469,86.96499633789062,86.69999694824219,86.82499694824219,4353813
2025-08-20 13:30:00-04:00,86.75499725341797,86.95999908447266,86.71499633789062,86.95500183105469,2454543
2025-08-20 14:30:00-04:00,86.80999755859375,86.82540130615234,86.66999816894531,86.75499725341797,3194862
2025-08-20 15:30:00-04:00,86.8499984741211,86.8949966430664,86.80500030517578,86.80829620361328,2224607
2025-08-21 09:30:00-04:00,86.27999877929688,86.67500305175781,86.23999786376953,86.58000183105469,7824988
2025-08-21 10:30:00-04:00,86.22000122070312,86.41500091552734,86.16999816894531,86.27349853515625,4019961
2025-08-21 11:30:00-04:00,86.1449966430664,86.2249984741211,86.1050033569336,86.21499633789062,4232229
2025-08-21 12:30:00-04:00,86.41999816894531,86.48500061035156,86.11000061035156,86.13999938964844,3356275
2025-08-21 13:30:00-04:00,86.43000030517578,86.47000122070312,86.4000015258789,86.42500305175781,2271136
2025-08-21 14:30:00-04:00,86.38500213623047,86.44000244140625,86.36229705810547,86.43000030517578,1512011
2025-08-21 15:30:00-04:00,86.4000015258789,86.41999816894531,86.37370300292969,86.38999938964844,1997659
2025-08-22 09:30:00-04:00,86.91000366210938,87.25499725341797,86.72029876708984,86.82980346679688,13920972
2025-08-22 10:30:00-04:00,87.19499969482422,87.302001953125,86.7249984741211,86.91000366210938,8603680
2025-08-22 11:30:00-04:00,87.03500366210938,87.23750305175781,87.00499725341797,87.19000244140625,5223010
2025-08-22 12:30:00-04:00,87.01499938964844,87.1500015258789,86.98500061035156,87.03350067138672,3630770
2025-08-22 13:30:00-04:00,87.04499816894531,87.05000305175781,86.9625015258789,87.01499938964844,2277448
2025-08-22 14:30:00-04:00,87.05500030517578,87.06999969482422,86.96369934082031,87.04000091552734,2993015
2025-08-22 15:30:00-04:00,87.04499816894531,87.05999755859375,86.97000122070312,87.05999755859375,4788997
2025-08-25 09:30:00-04:00,86.69999694824219,86.73999786376953,86.65499877929688,86.7300033569336,4935834
2025-08-25 10:30:00-04:00,86.88999938964844,86.94999694824219,86.66000366210938,86.70989990234375,3068088
2025-08-25 11:30:00-04:00,86.83740234375,86.9000015258789,86.7750015258789,86.87999725341797,2336858
2025-08-25 12:30:00-04:00,86.93499755859375,86.9800033569336,86.78630065917969,86.83499908447266,2309690
2025-08-25 13:30:00-04:00,87.01499938964844,87.02999877929688,86.9000015258789,86.93000030517578,1770354
2025-08-25 14:30:00-04:00,86.875,87.05000305175781,86.84320068359375,87.01499938964844,2027875
2025-08-25 15:30:00-04:00,86.80500030517578,86.88999938964844,86.80000305175781,86.875,4034855
2025-08-26 09:30:00-04:00,86.30999755859375,86.57499694824219,86.23500061035156,86.51000213623047,8308511
2025-08-26 10:30:00-04:00,86.4749984741211,86.54000091552734,86.2229995727539,86.30999755859375,4705450
2025-08-26 11:30:00-04:00,86.62999725341797,86.63999938964844,86.39009857177734,86.4738998413086,3590385
2025-08-26 12:30:00-04:00,86.69499969482422,86.72000122070312,86.58999633789062,86.62999725341797,3644690
2025-08-26 13:30:00-04:00,86.61499786376953,86.76730346679688,86.5999984741211,86.69499969482422,2471020
2025-08-26 14:30:00-04:00,86.73699951171875,86.73999786376953,86.61000061035156,86.61000061035156,2072039
2025-08-26 15:30:00-04:00,86.73999786376953,86.79000091552734,86.69010162353516,86.73500061035156,2804210
2025-08-27 09:30:00-04:00,86.17500305175781,86.27999877929688,86.0,86.1011962890625,10765379
2025-08-27 10:30:00-04:00,86.3499984741211,86.50499725341797,86.05000305175781,86.16999816894531,6277893
2025-08-27 11:30:00-04:00,86.20999908447266,86.37000274658203,86.1449966430664,86.34500122070312,3423717
2025-08-27 12:30:00-04:00,86.47019958496094,86.5250015258789,86.22000122070312,86.22000122070312,4668179
2025-08-27 13:30:00-04:00,86.6449966430664,86.66000366210938,86.47129821777344,86.47129821777344,3511471
2025-08-27 14:30:00-04:00,86.6050033569336,86.66000366210938,86.58000183105469,86.6449966430664,2806308
2025-08-27 15:30:00-04:00,86.625,86.66000366210938,86.55999755859375,86.60269927978516,3247147
2025-08-28 09:30:00-04:00,86.94000244140625,86.94650268554688,86.68000030517578,86.77999877929688,6302359
2025-08-28 10:30:00-04:00,87.08999633789062,87.12999725341797,86.86009979248047,86.94499969482422,3202662
2025-08-28 11:30:00-04:00,87.09500122070312,87.2249984741211,87.05000305175781,87.08000183105469,3053062
2025-08-28 12:30:00-04:00,87.19000244140625,87.26000213623047,86.9312973022461,87.0999984741211,3955376
2025-08-28 13:30:00-04:00,87.1500015258789,87.24500274658203,87.0999984741211,87.19999694824219,3348649
2025-08-28 14:30:00-04:00,87.15499877929688,87.25,87.12000274658203,87.1436996459961,2390230
2025-08-28 15:30:00-04:00,87.22000122070312,87.23999786376953,87.11000061035156,87.16000366210938,3716244
2025-08-29 09:30:00-04:00,86.70500183105469,86.86000061035156,86.68419647216797,86.77999877929688,6795718
2025-08-29 10:30:00-04:00,86.47949981689453,86.82499694824219,86.44000244140625,86.70500183105469,5794926
2025-08-29 11:30:00-04:00,86.7249984741211,86.74710083007812,86.47350311279297,86.4749984741211,4164141
2025-08-29 12:30:00-04:00,86.7699966430664,86.80500030517578,86.68000030517578,86.7300033569336,2612386
2025-08-29 13:30:00-04:00,86.66999816894531,86.80999755859375,86.66999816894531,86.77999877929688,2312341
2025-08-29 14:30:00-04:00,86.6449966430664,86.73999786376953,86.62999725341797,86.67990112304688,3744770
2025-08-29 15:30:00-04:00,86.58999633789062,86.80999755859375,86.5,86.6500015258789,10689284
2025-09-02 09:30:00-04:00,85.71499633789062,85.83499908447266,85.58000183105469,85.625,15036122
2025-09-02 10:30:00-04:00,85.57279968261719,85.81500244140625,85.55500030517578,85.71499633789062,7054010
2025-09-02 11:30:00-04:00,85.54000091552734,85.5999984741211,85.5199966430664,85.57499694824219,4916317
2025-09-02 12:30:00-04:00,85.63500213623047,85.66999816894531,85.5,85.54000091552734,3494692
2025-09-02 13:30:00-04:00,85.58000183105469,85.6449966430664,85.4800033569336,85.6353988647461,3628642
2025-09-02 14:30:00-04:00,85.56999969482422,85.63999938964844,85.5199966430664,85.57499694824219,3422428
2025-09-02 15:30:00-04:00,85.63999938964844,85.66000366210938,85.55000305175781,85.55999755859375,4503170
2025-09-03 09:30:00-04:00,86.41000366210938,86.56500244140625,85.8949966430664,85.92009735107422,12275262
2025-09-03 10:30:00-04:00,86.56500244140625,86.63999938964844,86.36499786376953,86.41799926757812,5718390
2025-09-03 11:30:00-04:00,86.6500015258789,86.73999786376953,86.5250015258789,86.56500244140625,5392178
2025-09-03 12:30:00-04:00,86.74500274658203,86.80999755859375,86.6500015258789,86.6500015258789,4495977
2025-09-03 13:30:00-04:00,86.7428970336914,86.74500274658203,86.61499786376953,86.73999786376953,3612774
2025-09-03 14:30:00-04:00,86.63999938964844,86.80999755859375,86.62329864501953,86.74500274658203,4149550
2025-09-03 15:30:00-04:00,86.58000183105469,86.66000366210938,86.56999969482422,86.63990020751953,6294370
2025-09-04 09:30:00-04:00,86.87000274658203,87.08000183105469,86.78209686279297,87.0199966430664,10718037
2025-09-04 10:30:00-04:00,86.78820037841797,86.87999725341797,86.58499908447266,86.875,5475797
2025-09-04 11:30:00-04:00,86.98999786376953,87.0199966430664,86.74410247802734,86.7771987915039,3752419
2025-09-04 12:30:00-04:00,86.98999786376953,87.04000091552734,86.95500183105469,86.98999786376953,1977370
2025-09-04 13:30:00-04:00,86.93000030517578,87.02999877929688,86.87989807128906,86.98999786376953,2321848
2025-09-04 14:30:00-04:00,87.16999816894531,87.18000030517578,86.92500305175781,86.93000030517578,5023184
2025-09-04 15:30:00-04:00,87.2300033569336,87.23999786376953,87.1500015258789,87.16889953613281,5882949
2025-09-05 09:30:00-04:00,88.31999969482422,88.43000030517578,88.14019775390625,88.20999908447266,19877986
2025-09-05 10:30:00-04:00,88.38999938964844,88.41000366210938,88.25650024414062,88.31500244140625,7888314
2025-09-05 11:30:00-04:00,88.5,88.58000183105469,88.375,88.38500213623047,7092578
2025-09-05 12:30:00-04:00,88.54000091552734,88.56999969482422,88.42500305175781,88.5,4173708
2025-09-05 13:30:00-04:00,88.5199966430664,88.58999633789062,88.48999786376953,88.55000305175781,3973862
2025-09-05 14:30:00-04:00,88.47000122070312,88.52999877929688,88.44499969482422,88.51000213623047,3913625
2025-09-05 15:30:00-04:00,88.55999755859375,88.61000061035156,88.46009826660156,88.46990203857422,9838075
2025-09-08 09:30:00-04:00,89.40989685058594,89.5,89.12000274658203,89.16999816894531,13532836
2025-09-08 10:30:00-04:00,89.46499633789062,89.49500274658203,89.18000030517578,89.40660095214844,9063835
2025-09-08 11:30:00-04:00,89.41999816894531,89.55000305175781,89.41500091552734,89.46499633789062,6554823
2025-09-08 12:30:00-04:00,89.3499984741211,89.42500305175781,89.30000305175781,89.42500305175781,4259108
2025-09-08 13:30:00-04:00,89.66010284423828,89.7300033569336,89.32420349121094,89.34500122070312,4643919
2025-09-08 14:30:00-04:00,89.68499755859375,89.73999786376953,89.62000274658203,89.6604995727539,4738128
2025-09-08 15:30:00-04:00,89.72000122070312,89.75499725341797,89.68000030517578,89.69000244140625,5238665
2025-09-09 09:30:00-04:00,89.18499755859375,89.54499816894531,89.08000183105469,89.41500091552734,10117226
2025-09-09 10:30:00-04:00,89.2750015258789,89.2750015258789,88.98999786376953,89.18000030517578,5957607
2025-09-09 11:30:00-04:00,89.18499755859375,89.32499694824219,89.15499877929688,89.27999877929688,5061050
2025-09-09 12:30:00-04:00,89.31500244140625,89.38999938964844,89.16999816894531,89.18499755859375,2626482
2025-09-09 13:30:00-04:00,89.36000061035156,89.47000122070312,89.31500244140625,89.31500244140625,2590176
2025-09-09 14:30:00-04:00,89.31500244140625,89.37000274658203,89.29000091552734,89.37000274658203,1848254
2025-09-09 15:30:00-04:00,89.23500061035156,89.32499694824219,89.19000244140625,89.31500244140625,4562878
2025-09-10 09:30:00-04:00,89.26000213623047,89.44000244140625,89.19000244140625,89.4000015258789,6965043
2025-09-10 10:30:00-04:00,89.43499755859375,89.4800033569336,89.2699966430664,89.2699966430664,3549272
2025-09-10 11:30:00-04:00,89.6593017578125,89.72000122070312,89.42500305175781,89.43000030517578,3786387
2025-09-10 12:30:00-04:00,89.92500305175781,90.06500244140625,89.6449966430664,89.65239715576172,9375140
2025-09-10 13:30:00-04:00,89.94000244140625,89.97000122070312,89.87999725341797,89.92500305175781,4062777
2025-09-10 14:30:00-04:00,89.7750015258789,89.96549987792969,89.76000213623047,89.93499755859375,4382913
2025-09-10 15:30:00-04:00,89.7300033569336,89.77999877929688,89.69000244140625,89.77989959716797,4491770
2025-09-11 09:30:00-04:00,90.33000183105469,90.375,89.90499877929688,89.90499877929688,12085682
2025-09-11 10:30:00-04:00,90.05500030517578,90.44999694824219,90.05000305175781,90.33000183105469,5841483
2025-09-11 11:30:00-04:00,90.37999725341797,90.45999908447266,90.04280090332031,90.05000305175781,5533789
2025-09-11 12:30:00-04:00,90.22480010986328,90.47000122070312,90.05010223388672,90.375,6259665
2025-09-11 13:30:00-04:00,90.25499725341797,90.2750015258789,90.16000366210938,90.2249984741211,4200163
2025-09-11 14:30:00-04:00,90.3499984741211,90.4800033569336,90.23500061035156,90.25499725341797,3113235
2025-09-11 15:30:00-04:00,90.30999755859375,90.3499984741211,90.26000213623047,90.3499984741211,4852987
2025-09-12 09:30:00-04:00,89.6449966430664,89.8499984741211,89.55999755859375,89.84500122070312,7792528
2025-09-12 10:30:00-04:00,89.55999755859375,89.7699966430664,89.55000305175781,89.6500015258789,5564174
2025-09-12 11:30:00-04:00,89.63999938964844,89.68000030517578,89.49189758300781,89.55999755859375,3848335
2025-09-12 12:30:00-04:00,89.73639678955078,89.79499816894531,89.63169860839844,89.6449966430664,2118420
2025-09-12 13:30:00-04:00,89.89849853515625,89.91000366210938,89.7300033569336,89.74500274658203,2426658
2025-09-12 14:30:00-04:00,89.93499755859375,89.9800033569336,89.83999633789062,89.8949966430664,2617552
2025-09-12 15:30:00-04:00,89.94499969482422,89.9800033569336,89.91000366210938,89.93499755859375,3448576
2025-09-15 09:30:00-04:00,90.16000366210938,90.23500061035156,90.12999725341797,90.14219665527344,6083691
2025-09-15 10:30:00-04:00,90.34010314941406,90.37999725341797,90.12000274658203,90.15499877929688,4292304
2025-09-15 11:30:00-04:00,90.26499938964844,90.45500183105469,90.26499938964844,90.33999633789062,3250617
2025-09-15 12:30:00-04:00,90.3550033569336,90.3949966430664,90.26000213623047,90.26000213623047,2386290
2025-09-15 13:30:00-04:00,90.29499816894531,90.37000274658203,90.2699966430664,90.3550033569336,1672249
2025-09-15 14:30:00-04:00,90.19499969482422,90.30000305175781,90.17500305175781,90.29879760742188,2192173
2025-09-15 15:30:00-04:00,90.17500305175781,90.21990203857422,90.06500244140625,90.19999694824219,3563261
2025-09-16 09:30:00-04:00,90.19000244140625,90.2699966430664,90.04000091552734,90.10990142822266,5442872
2025-09-16 10:30:00-04:00,90.13999938964844,90.29000091552734,90.13379669189453,90.19499969482422,2821850
2025-09-16 11:30:00-04:00,90.34429931640625,90.43000030517578,90.11499786376953,90.13500213623047,3323257
2025-09-16 12:30:00-04:00,90.42330169677734,90.44750213623047,90.33999633789062,90.34500122070312,2673069
2025-09-16 13:30:00-04:00,90.40499877929688,90.4905014038086,90.38500213623047,90.42500305175781,2762425
2025-09-16 14:30:00-04:00,90.38189697265625,90.45999908447266,90.37999725341797,90.40499877929688,3676233
2025-09-16 15:30:00-04:00,90.33499908447266,90.38999938964844,90.28500366210938,90.38500213623047,3836027
2025-09-17 09:30:00-04:00,90.61000061035156,90.73999786376953,90.55999755859375,90.69999694824219,7478784
2025-09-17 10:30:00-04:00,90.51499938964844,90.70999908447266,90.5,90.61499786376953,3570229
2025-09-17 11:30:00-04:00,90.58499908447266,90.63500213623047,90.40070343017578,90.51499938964844,3591097
2025-09-17 12:30:00-04:00,90.38089752197266,90.58000183105469,90.31500244140625,90.58000183105469,3445544
2025-09-17 13:30:00-04:00,90.61000061035156,91.04000091552734,90.29000091552734,90.38500213623047,6473167
2025-09-17 14:30:00-04:00,90.25499725341797,90.625,89.87000274658203,90.61499786376953,10006445
2025-09-17 15:30:00-04:00,90.12000274658203,90.25,90.0,90.25,5305762
2025-09-18 09:30:00-04:00,89.1698989868164,89.29000091552734,88.9000015258789,89.25,14245271
2025-09-18 10:30:00-04:00,89.17500305175781,89.24099731445312,89.0199966430664,89.16000366210938,5796528
2025-09-18 11:30:00-04:00,89.28099822998047,89.29810333251953,88.9749984741211,89.19000244140625,8569743
2025-09-18 12:30:00-04:00,89.375,89.47000122070312,89.23999786376953,89.28199768066406,5814380
2025-09-18 13:30:00-04:00,89.31500244140625,89.44000244140625,89.26010131835938,89.37999725341797,2805284
2025-09-18 14:30:00-04:00,89.30000305175781,89.37999725341797,89.2300033569336,89.31520080566406,3351594
2025-09-18 15:30:00-04:00,89.19000244140625,89.30500030517578,89.12999725341797,89.29499816894531,5454190
2025-09-19 09:30:00-04:00,89.12000274658203,89.2249984741211,89.05500030517578,89.05999755859375,7326240
2025-09-19 10:30:00-04:00,88.84500122070312,89.12000274658203,88.81999969482422,89.11000061035156,4018207
2025-09-19 11:30:00-04:00,88.81539916992188,88.89089965820312,88.78500366210938,88.84660339355469,3323493
2025-09-19 12:30:00-04:00,88.9197998046875,88.9749984741211,88.7938003540039,88.81659698486328,2972710
2025-09-19 13:30:00-04:00,88.86499786376953,88.94619750976562,88.8134994506836,88.91999816894531,2461916
2025-09-19 14:30:00-04:00,88.98500061035156,89.02999877929688,88.83999633789062,88.87000274658203,3670185
2025-09-19 15:30:00-04:00,89.0199966430664,89.08000183105469,88.98999786376953,88.98999786376953,4877130
2025-09-22 09:30:00-04:00,88.67500305175781,88.90499877929688,88.6449966430664,88.81999969482422,6039581
2025-09-22 10:30:00-04:00,88.64009857177734,88.88500213623047,88.62999725341797,88.6708984375,4625036
2025-09-22 11:30:00-04:00,88.71499633789062,88.71499633789062,88.54000091552734,88.6449966430664,2472956
2025-09-22 12:30:00-04:00,88.83999633789062,88.91000366210938,88.71260070800781,88.71499633789062,2561491
2025-09-22 13:30:00-04:00,88.83799743652344,88.9000015258789,88.76000213623047,88.83999633789062,1938799
2025-09-22 14:30:00-04:00,88.76000213623047,88.88999938964844,88.70999908447266,88.83170318603516,2188998
2025-09-22 15:30:00-04:00,88.69999694824219,88.80000305175781,88.69499969482422,88.76000213623047,2818446
2025-09-23 09:30:00-04:00,88.82859802246094,89.0,88.75,88.97000122070312,2280671
2025-09-23 10:30:00-04:00,88.81999969482422,88.91500091552734,88.77999877929688,88.83000183105469,1120558
2025-09-23 11:30:00-04:00,89.11869812011719,89.125,88.77259826660156,88.82499694824219,1671616
2025-09-23 12:30:00-04:00,89.05999755859375,89.11000061035156,88.8301010131836,89.11000061035156,1324527
2025-09-23 13:30:00-04:00,89.25499725341797,89.30829620361328,89.03990173339844,89.06500244140625,1877342
2025-09-23 14:30:00-04:00,89.2499008178711,89.26000213623047,89.125,89.25800323486328,11225029
2025-09-23 15:30:00-04:00,89.33999633789062,89.36000061035156,89.23500061035156,89.24800109863281,3831915
2025-09-24 09:30:00-04:00,89.01709747314453,89.08999633789062,88.88529968261719,89.08000183105469,2491353
2025-09-24 10:30:00-04:00,89.05999755859375,89.15760040283203,88.98500061035156,89.01090240478516,1448797
2025-09-24 11:30:00-04:00,89.04209899902344,89.07499694824219,88.96499633789062,89.04499816894531,1069009
2025-09-24 12:30:00-04:00,88.9749984741211,89.09500122070312,88.90499877929688,89.04000091552734,916701
2025-09-24 13:30:00-04:00,88.91500091552734,89.05809783935547,88.88999938964844,88.9800033569336,2613042
2025-09-24 14:30:00-04:00,88.875,88.90989685058594,88.69999694824219,88.88500213623047,3281163
2025-09-24 15:30:00-04:00,88.97000122070312,89.0,88.87010192871094,88.87989807128906,2256170
2025-09-25 09:30:00-04:00,88.75499725341797,88.97859954833984,88.58100128173828,88.86000061035156,3463798
2025-09-25 10:30:00-04:00,88.52570343017578,88.8550033569336,88.5199966430664,88.75499725341797,2241169
2025-09-25 11:30:00-04:00,88.71499633789062,88.7300033569336,88.45999908447266,88.52999877929688,2085657
2025-09-25 12:30:00-04:00,88.66999816894531,88.83039855957031,88.63500213623047,88.70999908447266,1802855
2025-09-25 13:30:00-04:00,88.87000274658203,88.87999725341797,88.625,88.67500305175781,2008260
2025-09-25 14:30:00-04:00,88.95999908447266,89.02999877929688,88.8561019897461,88.87000274658203,1569994
2025-09-25 15:30:00-04:00,88.98500061035156,89.0,88.92250061035156,88.95500183105469,1342150
2025-09-26 09:30:00-04:00,89.08999633789062,89.12999725341797,88.87000274658203,88.98999786376953,3210920
2025-09-26 10:30:00-04:00,89.0197982788086,89.47000122070312,88.93000030517578,89.09750366210938,2786604
2025-09-26 11:30:00-04:00,88.7750015258789,89.05000305175781,88.69000244140625,89.01499938964844,2022919
2025-09-26 12:30:00-04:00,88.84500122070312,88.91999816894531,88.7699966430664,88.77349853515625,1421074
2025-09-26 13:30:00-04:00,88.76499938964844,88.875,88.72000122070312,88.84500122070312,1039942
2025-09-26 14:30:00-04:00,88.76709747314453,88.83000183105469,88.73999786376953,88.76499938964844,921736
2025-09-26 15:30:00-04:00,88.90499877929688,88.93499755859375,88.75309753417969,88.76490020751953,2376737
2025-09-29 09:30:00-04:00,89.51499938964844,89.58390045166016,89.26000213623047,89.30000305175781,3276440
2025-09-29 10:30:00-04:00,89.66500091552734,89.66999816894531,89.45999908447266,89.51000213623047,2230190
2025-09-29 11:30:00-04:00,89.625,89.72000122070312,89.5999984741211,89.66000366210938,1789173
2025-09-29 12:30:00-04:00,89.63500213623047,89.71820068359375,89.5999984741211,89.62349700927734,2285125
2025-09-29 13:30:00-04:00,89.69989776611328,89.73500061035156,89.62000274658203,89.63500213623047,820478
2025-09-29 14:30:00-04:00,89.62359619140625,89.72000122070312,89.59500122070312,89.69000244140625,1339020
2025-09-29 15:30:00-04:00,89.62000274658203,89.6449966430664,89.564697265625,89.62989807128906,2206129
2025-09-30 09:30:00-04:00,89.87000274658203,90.04000091552734,89.64929962158203,89.6500015258789,2870844
2025-09-30 10:30:00-04:00,89.58499908447266,90.0,89.5250015258789,89.875,2766742
2025-09-30 11:30:00-04:00,89.56999969482422,89.66000366210938,89.47000122070312,89.58509826660156,1849699
2025-09-30 12:30:00-04:00,89.53179931640625,89.69999694824219,89.51000213623047,89.57649993896484,1585726
2025-09-30 13:30:00-04:00,89.36499786376953,89.5322036743164,89.3550033569336,89.5322036743164,2389852
2025-09-30 14:30:00-04:00,89.30000305175781,89.375,89.20999908447266,89.36990356445312,2393940
2025-09-30 15:30:00-04:00,89.37000274658203,89.3949966430664,89.2302017211914,89.30999755859375,3393685
2025-10-01 09:30:00-04:00,89.29499816894531,89.63999938964844,89.2300033569336,89.45120239257812,5582958
2025-10-01 10:30:00-04:00,89.13500213623047,89.54000091552734,89.13500213623047,89.30999755859375,2660971
2025-10-01 11:30:00-04:00,89.17350006103516,89.23999786376953,89.125,89.13919830322266,1541319
2025-10-01 12:30:00-04:00,89.18589782714844,89.23500061035156,89.08999633789062,89.17500305175781,1324223
2025-10-01 13:30:00-04:00,89.23500061035156,89.25,89.13999938964844,89.19000244140625,13324057
2025-10-01 14:30:00-04:00,89.22000122070312,89.30999755859375,89.18000030517578,89.23999786376953,2594138
2025-10-01 15:30:00-04:00,89.2750015258789,89.29000091552734,89.19000244140625,89.21499633789062,5086783
2025-10-02 09:30:00-04:00,89.43659973144531,89.45500183105469,89.19000244140625,89.30500030517578,5836494
2025-10-02 10:30:00-04:00,89.5250015258789,89.57499694824219,89.3843994140625,89.43499755859375,3634873
2025-10-02 11:30:00-04:00,89.62999725341797,89.63710021972656,89.37999725341797,89.5199966430664,2357757
2025-10-02 12:30:00-04:00,89.6449966430664,89.69000244140625,89.58000183105469,89.63050079345703,2560919
2025-10-02 13:30:00-04:00,89.6050033569336,89.68000030517578,89.55000305175781,89.6449966430664,2868291
2025-10-02 14:30:00-04:00,89.56500244140625,89.6050033569336,89.5199966430664,89.6050033569336,2175767
2025-10-02 15:30:00-04:00,89.54000091552734,89.58999633789062,89.5,89.56999969482422,1918701
2025-10-03 09:30:00-04:00,89.36470031738281,89.72000122070312,89.33489990234375,89.62979888916016,4973221
2025-10-03 10:30:00-04:00,89.47989654541016,89.5199966430664,89.29000091552734,89.36190032958984,2711570
2025-10-03 11:30:00-04:00,89.37989807128906,89.5250015258789,89.29499816894531,89.47000122070312,3109493
2025-10-03 12:30:00-04:00,89.44000244140625,89.44000244140625,89.33999633789062,89.375,2150086
2025-10-03 13:30:00-04:00,89.3499984741211,89.46499633789062,89.33000183105469,89.43499755859375,1461335
2025-10-03 14:30:00-04:00,89.32499694824219,89.38500213623047,89.2699966430664,89.3499984741211,2158023
2025-10-03 15:30:00-04:00,89.33000183105469,89.34500122070312,89.2699966430664,89.33000183105469,3581375
2025-10-06 09:30:00-04:00,88.99449920654297,89.15499877929688,88.70999908447266,88.72000122070312,7757808
2025-10-06 10:30:00-04:00,88.78990173339844,89.05000305175781,88.77469635009766,88.98999786376953,3363795
2025-10-06 11:30:00-04:00,88.70999908447266,88.82499694824219,88.70500183105469,88.78630065917969,2666519
2025-10-06 12:30:00-04:00,88.73030090332031,88.76000213623047,88.69000244140625,88.70999908447266,2163374
2025-10-06 13:30:00-04:00,88.72000122070312,88.75150299072266,88.70999908447266,88.7300033569336,1743459
2025-10-06 14:30:00-04:00,88.6500015258789,88.7300033569336,88.6500015258789,88.72989654541016,2493925
2025-10-06 15:30:00-04:00,88.67500305175781,88.70500183105469,88.6500015258789,88.65499877929688,3575885
2025-10-07 09:30:00-04:00,89.01499938964844,89.03500366210938,88.81199645996094,88.95999908447266,4973462
2025-10-07 10:30:00-04:00,89.0999984741211,89.12000274658203,88.9000015258789,89.01000213623047,3888903
2025-10-07 11:30:00-04:00,89.27999877929688,89.30000305175781,89.07499694824219,89.09500122070312,3537933
2025-10-07 12:30:00-04:00,89.32499694824219,89.37740325927734,89.22000122070312,89.28500366210938,3693300
2025-10-07 13:30:00-04:00,89.28500366210938,89.3499984741211,89.25,89.32499694824219,2181393
2025-10-07 14:30:00-04:00,89.16560363769531,89.29000091552734,89.0999984741211,89.28500366210938,2964258
2025-10-07 15:30:00-04:00,89.18000030517578,89.18000030517578,89.11000061035156,89.16999816894531,2291045
2025-10-08 09:30:00-04:00,89.4800033569336,89.61000061035156,89.30500030517578,89.58000183105469,4903661
2025-10-08 10:30:00-04:00,89.5250015258789,89.52999877929688,89.41500091552734,89.4800033569336,1920132
2025-10-08 11:30:00-04:00,89.47010040283203,89.55500030517578,89.3499984741211,89.5250015258789,2938032
2025-10-08 12:30:00-04:00,89.31999969482422,89.53759765625,89.30999755859375,89.47440338134766,2225256
2025-10-08 13:30:00-04:00,89.17500305175781,89.33499908447266,89.12999725341797,89.31500244140625,3090425
2025-10-08 14:30:00-04:00,89.2394027709961,89.27999877929688,89.1449966430664,89.17510223388672,2095460
2025-10-08 15:30:00-04:00,89.23999786376953,89.25990295410156,89.19999694824219,89.2385025024414,2391245
2025-10-09 09:30:00-04:00,89.22000122070312,89.2300033569336,89.00499725341797,89.16999816894531,5356064
2025-10-09 10:30:00-04:00,89.21620178222656,89.26000213623047,89.11000061035156,89.20999908447266,2420383
2025-10-09 11:30:00-04:00,89.17990112304688,89.29000091552734,89.15499877929688,89.22000122070312,2085495
2025-10-09 12:30:00-04:00,89.1500015258789,89.20030212402344,89.04620361328125,89.18000030517578,2775005
2025-10-09 13:30:00-04:00,89.06999969482422,89.15010070800781,89.04499816894531,89.15010070800781,1935006
2025-10-09 14:30:00-04:00,89.19999694824219,89.22000122070312,89.07499694824219,89.07990264892578,2498033
2025-10-09 15:30:00-04:00,89.19999694824219,89.25,89.16239929199219,89.19499969482422,2970993
2025-10-10 09:30:00-04:00,89.98320007324219,90.08000183105469,89.9000015258789,89.99500274658203,8531479
2025-10-10 10:30:00-04:00,90.31500244140625,90.4800033569336,89.90499877929688,89.98500061035156,9140521
2025-10-10 11:30:00-04:00,90.16069793701172,90.41500091552734,90.13009643554688,90.31999969482422,5612868
2025-10-10 12:30:00-04:00,90.39009857177734,90.44999694824219,90.11260223388672,90.16510009765625,4281630
2025-10-10 13:30:00-04:00,90.58499908447266,90.5999984741211,90.33999633789062,90.39579772949219,7041471
2025-10-10 14:30:00-04:00,90.66500091552734,90.72000122070312,90.5199966430664,90.58000183105469,5603489
2025-10-10 15:30:00-04:00,90.61000061035156,90.69499969482422,90.52999877929688,90.66449737548828,7981318
2025-10-13 09:30:00-04:00,89.95999908447266,90.32499694824219,89.94000244140625,90.2699966430664,5802570
2025-10-13 10:30:00-04:00,90.11499786376953,90.1449966430664,89.86000061035156,89.95500183105469,3564503
2025-10-13 11:30:00-04:00,90.125,90.16999816894531,90.0199966430664,90.11499786376953,1958523
2025-10-13 12:30:00-04:00,90.25499725341797,90.29000091552734,90.07499694824219,90.12049865722656,1829678
2025-10-13 13:30:00-04:00,90.375,90.38500213623047,90.24500274658203,90.25990295410156,1117418
2025-10-13 14:30:00-04:00,90.5250015258789,90.52999877929688,90.375,90.37999725341797,7212475
2025-10-13 15:30:00-04:00,90.56999969482422,90.58000183105469,90.51000213623047,90.5250015258789,2480664
2025-10-14 09:30:00-04:00,90.48200225830078,90.79000091552734,90.48200225830078,90.66000366210938,7867456
2025-10-14 10:30:00-04:00,90.5199966430664,90.66999816894531,90.47000122070312,90.48159790039062,3881559
2025-10-14 11:30:00-04:00,90.61000061035156,90.64949798583984,90.43000030517578,90.5198974609375,3740114
2025-10-14 12:30:00-04:00,90.62999725341797,90.76000213623047,90.54000091552734,90.61579895019531,2742874
2025-10-14 13:30:00-04:00,90.73999786376953,90.76000213623047,90.6050033569336,90.62989807128906,1784178
2025-10-14 14:30:00-04:00,90.83499908447266,90.88999938964844,90.69999694824219,90.73500061035156,2242525
2025-10-14 15:30:00-04:00,90.86000061035156,90.91500091552734,90.82599639892578,90.83999633789062,4998876
2025-10-15 09:30:00-04:00,91.11479949951172,91.30000305175781,90.94499969482422,90.95999908447266,7602234
2025-10-15 10:30:00-04:00,91.19000244140625,91.22000122070312,91.02999877929688,91.11000061035156,4283891
2025-10-15 11:30:00-04:00,90.70999908447266,91.25,90.68009948730469,91.19000244140625,5640830
2025-10-15 12:30:00-04:00,90.5250015258789,90.81999969482422,90.5199966430664,90.70999908447266,4186179
2025-10-15 13:30:00-04:00,90.55500030517578,90.625,90.48500061035156,90.5248031616211,3318033
2025-10-15 14:30:00-04:00,90.6072998046875,90.62999725341797,90.47000122070312,90.55000305175781,2490236
2025-10-15 15:30:00-04:00,90.65499877929688,90.68499755859375,90.59420013427734,90.6050033569336,2042316
2025-10-16 09:30:00-04:00,90.5999984741211,90.68499755859375,90.44999694824219,90.54000091552734,4995971
2025-10-16 10:30:00-04:00,90.7750015258789,90.78500366210938,90.48999786376953,90.58999633789062,2405373
2025-10-16 11:30:00-04:00,90.94000244140625,90.99500274658203,90.76319885253906,90.7750015258789,2971123
2025-10-16 12:30:00-04:00,91.24500274658203,91.31500244140625,90.94999694824219,90.94999694824219,7242587
2025-10-16 13:30:00-04:00,91.34500122070312,91.4000015258789,91.21499633789062,91.24140167236328,5054084
2025-10-16 14:30:00-04:00,91.45500183105469,91.49500274658203,91.29000091552734,91.3499984741211,4825226
2025-10-16 15:30:00-04:00,91.3499984741211,91.46499633789062,91.33000183105469,91.45500183105469,7539831
2025-10-17 09:30:00-04:00,90.94999694824219,91.27999877929688,90.9000015258789,91.26000213623047,9288528
2025-10-17 10:30:00-04:00,91.1449966430664,91.20950317382812,90.91999816894531,90.95149993896484,5062776
2025-10-17 11:30:00-04:00,91.11499786376953,91.26499938964844,91.03500366210938,91.1449966430664,3053038
2025-10-17 12:30:00-04:00,91.1500015258789,91.21499633789062,91.01000213623047,91.11000061035156,5242212
2025-10-17 13:30:00-04:00,91.16000366210938,91.20989990234375,91.1084976196289,91.1449966430664,3068968
2025-10-17 14:30:00-04:00,91.15499877929688,91.20500183105469,91.05000305175781,91.16999816894531,2407224
2025-10-17 15:30:00-04:00,91.18000030517578,91.20999908447266,91.09010314941406,91.16000366210938,4886195
2025-10-20 09:30:00-04:00,91.44499969482422,91.51000213623047,91.36000061035156,91.44999694824219,5502002
2025-10-20 10:30:00-04:00,91.40499877929688,91.4800033569336,91.29000091552734,91.44000244140625,4719064
2025-10-20 11:30:00-04:00,91.41000366210938,91.45999908447266,91.27999877929688,91.402099609375,3848941
2025-10-20 12:30:00-04:00,91.41500091552734,91.44000244140625,91.30500030517578,91.4000015258789,1568794
2025-10-20 13:30:00-04:00,91.48999786376953,91.51000213623047,91.39450073242188,91.41999816894531,2037979
2025-10-20 14:30:00-04:00,91.51499938964844,91.54000091552734,91.43000030517578,91.48500061035156,2721450
2025-10-20 15:30:00-04:00,91.55000305175781,91.55999755859375,91.5,91.51850128173828,3788054
2025-10-21 09:30:00-04:00,92.05500030517578,92.18499755859375,91.94999694824219,91.98999786376953,7200366
2025-10-21 10:30:00-04:00,92.05500030517578,92.0999984741211,91.97339630126953,92.05999755859375,3166982
2025-10-21 11:30:00-04:00,91.95860290527344,92.07990264892578,91.93000030517578,92.05000305175781,2293871
2025-10-21 12:30:00-04:00,92.0,92.12999725341797,91.93499755859375,91.95780181884766,3010808
2025-10-21 13:30:00-04:00,91.99500274658203,92.05000305175781,91.94490051269531,92.00559997558594,1327288
2025-10-21 14:30:00-04:00,91.9800033569336,92.03500366210938,91.91010284423828,91.99500274658203,1977843
2025-10-21 15:30:00-04:00,92.01000213623047,92.02999877929688,91.94999694824219,91.9800033569336,2471062
2025-10-22 09:30:00-04:00,91.87999725341797,92.02999877929688,91.83999633789062,91.99099731445312,4652760
2025-10-22 10:30:00-04:00,92.04499816894531,92.05000305175781,91.81999969482422,91.87000274658203,5505176
2025-10-22 11:30:00-04:00,91.93000030517578,92.05500030517578,91.88999938964844,92.05000305175781,2700047
2025-10-22 12:30:00-04:00,92.1449966430664,92.17500305175781,91.91000366210938,91.93000030517578,6443078
2025-10-22 13:30:00-04:00,92.12000274658203,92.16000366210938,92.04000091552734,92.1449966430664,3137141
2025-10-22 14:30:00-04:00,92.05999755859375,92.1603012084961,92.04409790039062,92.125,3036666
2025-10-22 15:30:00-04:00,92.07499694824219,92.09500122070312,92.04000091552734,92.05989837646484,2797640
2025-10-23 09:30:00-04:00,91.70500183105469,91.78510284423828,91.59500122070312,91.61000061035156,4405568
2025-10-23 10:30:00-04:00,91.4749984741211,91.77999877929688,91.46009826660156,91.72000122070312,3543438
2025-10-23 11:30:00-04:00,91.42500305175781,91.50990295410156,91.29000091552734,91.47000122070312,3667421
2025-10-23 12:30:00-04:00,91.48500061035156,91.56500244140625,91.37999725341797,91.42009735107422,3337339
2025-10-23 13:30:00-04:00,91.58409881591797,91.59559631347656,91.41500091552734,91.48500061035156,2795266
2025-10-23 14:30:00-04:00,91.48500061035156,91.61499786376953,91.44999694824219,91.58000183105469,2398864
2025-10-23 15:30:00-04:00,91.45500183105469,91.48500061035156,91.38500213623047,91.48500061035156,3513005
2025-10-24 09:30:00-04:00,91.37999725341797,91.5999984741211,91.16349792480469,91.58499908447266,8380534
2025-10-24 10:30:00-04:00,91.48660278320312,91.5250015258789,91.36000061035156,91.38500213623047,3340223
2025-10-24 11:30:00-04:00,91.4749984741211,91.55999755859375,91.3550033569336,91.48999786376953,2680364
2025-10-24 12:30:00-04:00,91.51000213623047,91.54000091552734,91.44499969482422,91.4749984741211,1953658
2025-10-24 13:30:00-04:00,91.44670104980469,91.56559753417969,91.44000244140625,91.5,1670058
2025-10-24 14:30:00-04:00,91.40080261230469,91.48809814453125,91.3550033569336,91.44999694824219,3236531
2025-10-24 15:30:00-04:00,91.44499969482422,91.48999786376953,91.4000015258789,91.40540313720703,3334002
2025-10-27 09:30:00-04:00,91.3550033569336,91.37999725341797,91.09439849853516,91.31500244140625,6592025
2025-10-27 10:30:00-04:00,91.31999969482422,91.3550033569336,91.22000122070312,91.3550033569336,2639536
2025-10-27 11:30:00-04:00,91.58689880371094,91.5999984741211,91.30999755859375,91.31500244140625,3389925
2025-10-27 12:30:00-04:00,91.66349792480469,91.7249984741211,91.55259704589844,91.58999633789062,3410570
2025-10-27 13:30:00-04:00,91.61009979248047,91.69519805908203,91.61000061035156,91.66500091552734,2479739
2025-10-27 14:30:00-04:00,91.69000244140625,91.7300033569336,91.5999984741211,91.61000061035156,3599971
2025-10-27 15:30:00-04:00,91.7699966430664,91.79000091552734,91.66000366210938,91.6884994506836,4079103
2025-10-28 09:30:00-04:00,91.86009979248047,91.91999816894531,91.80999755859375,91.83999633789062,5206835
2025-10-28 10:30:00-04:00,92.04000091552734,92.05000305175781,91.83999633789062,91.86990356445312,2705551
2025-10-28 11:30:00-04:00,91.95349884033203,92.17500305175781,91.94999694824219,92.02999877929688,3731543
2025-10-28 12:30:00-04:00,92.01499938964844,92.0199966430664,91.8584976196289,91.95500183105469,3401003
2025-10-28 13:30:00-04:00,92.00450134277344,92.04000091552734,91.97100067138672,92.0199966430664,2212310
2025-10-28 14:30:00-04:00,91.99009704589844,92.03800201416016,91.91999816894531,92.00299835205078,2140377
2025-10-28 15:30:00-04:00,92.01000213623047,92.0250015258789,91.9800033569336,91.99500274658203,2111824
2025-10-29 09:30:00-04:00,91.76499938964844,91.88999938964844,91.72000122070312,91.87000274658203,4006770
2025-10-29 10:30:00-04:00,91.7699966430664,91.83999633789062,91.70500183105469,91.76499938964844,2544324
2025-10-29 11:30:00-04:00,91.75,91.77999877929688,91.68000030517578,91.7699966430664,2306337
2025-10-29 12:30:00-04:00,91.625,91.77999877929688,91.6144027709961,91.75,2492080
2025-10-29 13:30:00-04:00,91.4000015258789,91.66000366210938,91.3550033569336,91.62000274658203,5945095
2025-10-29 14:30:00-04:00,91.15670013427734,91.47820281982422,91.14409637451172,91.41000366210938,8609651
2025-10-29 15:30:00-04:00,91.06500244140625,91.16999816894531,91.01499938964844,91.15589904785156,7692833
2025-10-30 09:30:00-04:00,90.82499694824219,90.8499984741211,90.35440063476562,90.38839721679688,5504970
2025-10-30 10:30:00-04:00,90.89759826660156,90.92500305175781,90.69999694824219,90.81999969482422,2264883
2025-10-30 11:30:00-04:00,90.75,90.97000122070312,90.61499786376953,90.88999938964844,2978275
2025-10-30 12:30:00-04:00,90.5801010131836,90.7699966430664,90.54000091552734,90.75499725341797,1726625
2025-10-30 13:30:00-04:00,90.47000122070312,90.63520050048828,90.41000366210938,90.58499908447266,1819749
2025-10-30 14:30:00-04:00,90.51499938964844,90.5999984741211,90.41000366210938,90.47000122070312,2468082
2025-10-30 15:30:00-04:00,90.56500244140625,90.67500305175781,90.49500274658203,90.51000213623047,2833945
2025-10-31 09:30:00-04:00,90.57499694824219,90.6500015258789,90.48999786376953,90.56500244140625,1937363
2025-10-31 10:30:00-04:00,90.39209747314453,90.58719635009766,90.31500244140625,90.58000183105469,1612073
2025-10-31 11:30:00-04:00,90.2750015258789,90.38999938964844,90.22000122070312,90.38999938964844,2420175
2025-10-31 12:30:00-04:00,90.25499725341797,90.38999938964844,90.19999694824219,90.2750015258789,1517392
2025-10-31 13:30:00-04:00,90.30999755859375,90.35970306396484,90.21499633789062,90.25990295410156,4505774
2025-10-31 14:30:00-04:00,90.28500366210938,90.33529663085938,90.2249984741211,90.31279754638672,2825930
2025-10-31 15:30:00-04:00,90.29000091552734,90.38999938964844,90.2300033569336,90.27999877929688,3896147
2025-11-03 09:30:00-05:00,89.70999908447266,89.81999969482422,89.56999969482422,89.62999725341797,7376116
2025-11-03 10:30:00-05:00,89.55999755859375,89.72989654541016,89.41999816894531,89.70999908447266,3434873
2025-11-03 11:30:00-05:00,89.55970001220703,89.58999633789062,89.4800033569336,89.55999755859375,1687742
2025-11-03 12:30:00-05:00,89.6050033569336,89.68710327148438,89.55000305175781,89.55500030517578,1410138
2025-11-03 13:30:00-05:00,89.56500244140625,89.63999938964844,89.54350280761719,89.6050033569336,1522133
2025-11-03 14:30:00-05:00,89.61239624023438,89.69000244140625,89.55500030517578,89.55999755859375,1657295
2025-11-03 15:30:00-05:00,89.72000122070312,89.74500274658203,89.59449768066406,89.61000061035156,1540554
2025-11-04 09:30:00-05:00,90.01000213623047,90.0199966430664,89.73999786376953,89.78500366210938,3028073
2025-11-04 10:30:00-05:00,89.9800033569336,90.05999755859375,89.94000244140625,90.01000213623047,2125585
2025-11-04 11:30:00-05:00,89.95010375976562,89.98999786376953,89.9000015258789,89.98999786376953,1603134
2025-11-04 12:30:00-05:00,89.92030334472656,90.0,89.91000366210938,89.95590209960938,957255
2025-11-04 13:30:00-05:00,89.875,89.95999908447266,89.8499984741211,89.92500305175781,978375
2025-11-04 14:30:00-05:00,89.94499969482422,89.97000122070312,89.87339782714844,89.87860107421875,1254443
2025-11-04 15:30:00-05:00,89.94000244140625,89.96849822998047,89.91999816894531,89.94999694824219,1600845
2025-11-05 09:30:00-05:00,89.30000305175781,89.54499816894531,89.12000274658203,89.51000213623047,5121114
2025-11-05 10:30:00-05:00,89.08499908447266,89.30999755859375,88.98999786376953,89.30000305175781,3956257
2025-11-05 11:30:00-05:00,88.96009826660156,89.09500122070312,88.87999725341797,89.08499908447266,3196760
2025-11-05 12:30:00-05:00,89.03500366210938,89.07990264892578,88.90499877929688,88.96499633789062,1970778
2025-11-05 13:30:00-05:00,88.94999694824219,89.05500030517578,88.94010162353516,89.03500366210938,1526928
2025-11-05 14:30:00-05:00,88.9645004272461,89.0,88.93499755859375,88.95069885253906,1549956
2025-11-05 15:30:00-05:00,88.94000244140625,89.0,88.93000030517578,88.96499633789062,2718844
2025-11-06 09:30:00-05:00,89.62999725341797,89.79000091552734,89.52999877929688,89.55999755859375,4281100
2025-11-06 10:30:00-05:00,89.73500061035156,89.77999877929688,89.59010314941406,89.63500213623047,2474232
2025-11-06 11:30:00-05:00,89.79499816894531,89.8499984741211,89.72000122070312,89.73500061035156,2456177
2025-11-06 12:30:00-05:00,89.71499633789062,89.80500030517578,89.67990112304688,89.80000305175781,1489109
2025-11-06 13:30:00-05:00,89.66999816894531,89.74500274658203,89.66000366210938,89.70999908447266,1012257
2025-11-06 14:30:00-05:00,89.69499969482422,89.72989654541016,89.63999938964844,89.66999816894531,1079627
2025-11-06 15:30:00-05:00,89.76499938964844,89.77999877929688,89.69000244140625,89.69999694824219,2327520
2025-11-07 09:30:00-05:00,89.58999633789062,89.62000274658203,89.36000061035156,89.36000061035156,3683476
2025-11-07 10:30:00-05:00,89.81500244140625,89.84989929199219,89.56500244140625,89.58999633789062,2853257
2025-11-07 11:30:00-05:00,89.7699966430664,89.87000274658203,89.75499725341797,89.81999969482422,1986897
2025-11-07 12:30:00-05:00,89.77549743652344,89.83999633789062,89.73999786376953,89.7699966430664,1313795
2025-11-07 13:30:00-05:00,89.69999694824219,89.80000305175781,89.69000244140625,89.77459716796875,1199238
2025-11-07 14:30:00-05:00,89.58000183105469,89.70500183105469,89.5199966430664,89.70500183105469,3025527
2025-11-07 15:30:00-05:00,89.57499694824219,89.61000061035156,89.55000305175781,89.58499908447266,1233096
2025-11-10 09:30:00-05:00,89.5250015258789,89.66999816894531,89.44999694824219,89.48500061035156,2746566
2025-11-10 10:30:00-05:00,89.48999786376953,89.54000091552734,89.3949966430664,89.52999877929688,1444357
2025-11-10 11:30:00-05:00,89.44000244140625,89.49579620361328,89.38999938964844,89.49579620361328,934030
2025-11-10 12:30:00-05:00,89.51499938964844,89.56999969482422,89.40239715576172,89.43499755859375,1355288
2025-11-10 13:30:00-05:00,89.54540252685547,89.56999969482422,89.45999908447266,89.51499938964844,667065
2025-11-10 14:30:00-05:00,89.45500183105469,89.56999969482422,89.43499755859375,89.54000091552734,1515091
2025-11-10 15:30:00-05:00,89.55000305175781,89.55000305175781,89.44999694824219,89.45999908447266,1667765
2025-11-11 09:30:00-05:00,89.97000122070312,89.97989654541016,89.7750015258789,89.94999694824219,2320149
2025-11-11 10:30:00-05:00,89.93789672851562,90.06500244140625,89.9041976928711,89.97000122070312,1657010
2025-11-11 11:30:00-05:00,89.96759796142578,90.0,89.91999816894531,89.93499755859375,717761
2025-11-11 12:30:00-05:00,89.94999694824219,90.01000213623047,89.93000030517578,89.95999908447266,678828
2025-11-11 13:30:00-05:00,89.92759704589844,89.94999694824219,89.87999725341797,89.94999694824219,652274
2025-11-11 14:30:00-05:00,89.94000244140625,89.94999694824219,89.87000274658203,89.92500305175781,629086
2025-11-11 15:30:00-05:00,89.94999694824219,89.98999786376953,89.91000366210938,89.9397964477539,1192009
2025-11-12 09:30:00-05:00,90.04000091552734,90.06999969482422,89.87999725341797,89.94999694824219,2188927
2025-11-12 10:30:00-05:00,90.15499877929688,90.16999816894531,90.0,90.02999877929688,1834517
2025-11-12 11:30:00-05:00,90.28500366210938,90.30000305175781,90.13999938964844,90.15499877929688,1826462
2025-11-12 12:30:00-05:00,90.15499877929688,90.31999969482422,90.11669921875,90.2844009399414,1937209
2025-11-12 13:30:00-05:00,90.22989654541016,90.23580169677734,90.12000274658203,90.15499877929688,1162761
2025-11-12 14:30:00-05:00,90.05180358886719,90.25,90.05180358886719,90.22350311279297,1226220
2025-11-12 15:30:00-05:00,90.11499786376953,90.13999938964844,90.01499938964844,90.05999755859375,1419670
2025-11-13 09:30:00-05:00,89.7699966430664,89.9000015258789,89.6500015258789,89.81999969482422,2532823
2025-11-13 10:30:00-05:00,89.79499816894531,89.87999725341797,89.7300033569336,89.77999877929688,1474387
2025-11-13 11:30:00-05:00,89.84989929199219,89.84989929199219,89.73500061035156,89.79029846191406,1241364
2025-11-13 12:30:00-05:00,89.65499877929688,89.94000244140625,89.5199966430664,89.84500122070312,2174763
2025-11-13 13:30:00-05:00,89.53500366210938,89.67900085449219,89.5199966430664,89.65499877929688,1672473
2025-11-13 14:30:00-05:00,89.4999008178711,89.63999938964844,89.45999908447266,89.53500366210938,2952194
2025-11-13 15:30:00-05:00,89.37999725341797,89.49500274658203,89.37999725341797,89.49500274658203,3381634
2025-11-14 09:30:00-05:00,89.17009735107422,89.83000183105469,89.16000366210938,89.79000091552734,4581186
2025-11-14 10:30:00-05:00,89.08999633789062,89.26000213623047,89.06999969482422,89.17500305175781,2353291
2025-11-14 11:30:00-05:00,88.95999908447266,89.14990234375,88.91999816894531,89.09500122070312,2189261
2025-11-14 12:30:00-05:00,88.95500183105469,89.00509643554688,88.87000274658203,88.95500183105469,1962410
2025-11-14 13:30:00-05:00,88.96499633789062,89.01499938964844,88.94000244140625,88.9541015625,1270688
2025-11-14 14:30:00-05:00,88.91500091552734,88.97830200195312,88.91000366210938,88.95999908447266,2055513
2025-11-14 15:30:00-05:00,88.875,88.94000244140625,88.875,88.91500091552734,3567862
2025-11-17 09:30:00-05:00,89.08820343017578,89.15499877929688,88.9800033569336,89.08499908447266,3230804
2025-11-17 10:30:00-05:00,89.19999694824219,89.26499938964844,89.07009887695312,89.08560180664062,2156557
2025-11-17 11:30:00-05:00,89.16000366210938,89.30000305175781,89.16000366210938,89.19999694824219,1119839
2025-11-17 12:30:00-05:00,89.16500091552734,89.19840240478516,89.0999984741211,89.16549682617188,1119724
2025-11-17 13:30:00-05:00,89.08999633789062,89.18620300292969,89.06500244140625,89.15499877929688,973960
2025-11-17 14:30:00-05:00,89.15499877929688,89.16000366210938,89.02010345458984,89.08999633789062,1276342
2025-11-17 15:30:00-05:00,89.1050033569336,89.16999816894531,89.07499694824219,89.15499877929688,1801097
2025-11-18 09:30:00-05:00,89.28009796142578,89.44499969482422,89.21499633789062,89.33999633789062,4503918
2025-11-18 10:30:00-05:00,89.03500366210938,89.3550033569336,89.0250015258789,89.2750015258789,1827904
2025-11-18 11:30:00-05:00,88.96499633789062,89.06999969482422,88.93000030517578,89.02999877929688,1411486
2025-11-18 12:30:00-05:00,88.85990142822266,88.97000122070312,88.80000305175781,88.96099853515625,2502099
2025-11-18 13:30:00-05:00,88.99500274658203,89.01499938964844,88.84500122070312,88.86000061035156,1234136
2025-11-18 14:30:00-05:00,88.99500274658203,89.05000305175781,88.94999694824219,88.99500274658203,1333273
2025-11-18 15:30:00-05:00,89.05999755859375,89.08000183105469,88.9800033569336,88.99500274658203,2107998
2025-11-19 09:30:00-05:00,88.94999694824219,89.30999755859375,88.8550033569336,89.22000122070312,2087275
2025-11-19 10:30:00-05:00,89.11519622802734,89.12999725341797,88.9000015258789,88.94999694824219,1520905
2025-11-19 11:30:00-05:00,89.19499969482422,89.2699966430664,89.1050033569336,89.11499786376953,1335219
2025-11-19 12:30:00-05:00,89.16999816894531,89.20999908447266,89.0999984741211,89.1969985961914,1395400
2025-11-19 13:30:00-05:00,89.0999984741211,89.26000213623047,89.05999755859375,89.16999816894531,1357173
2025-11-19 14:30:00-05:00,88.90499877929688,89.13009643554688,88.8550033569336,89.1050033569336,1452163
2025-11-19 15:30:00-05:00,88.90499877929688,88.91999816894531,88.87000274658203,88.9000015258789,2182639
2025-11-20 09:30:00-05:00,89.16010284423828,89.18000030517578,88.98999786376953,88.99500274658203,3155923
2025-11-20 10:30:00-05:00,89.30000305175781,89.41999816894531,89.02999877929688,89.16010284423828,1826012
2025-11-20 11:30:00-05:00,89.36009979248047,89.41500091552734,89.18000030517578,89.30999755859375,1848039
2025-11-20 12:30:00-05:00,89.13999938964844,89.38500213623047,89.06999969482422,89.37000274658203,1500911
2025-11-20 13:30:00-05:00,89.21499633789062,89.33989715576172,89.12999725341797,89.1447982788086,1267479
2025-11-20 14:30:00-05:00,89.2249984741211,89.25990295410156,89.17500305175781,89.21499633789062,1111826
2025-11-20 15:30:00-05:00,89.23999786376953,89.31999969482422,89.20999908447266,89.2249984741211,3834164
2025-11-21 09:30:00-05:00,89.5386962890625,89.66999816894531,89.43000030517578,89.65499877929688,4266373
2025-11-21 10:30:00-05:00,89.3501968383789,89.62999725341797,89.33000183105469,89.53500366210938,2698628
2025-11-21 11:30:00-05:00,89.2249984741211,89.37999725341797,89.20999908447266,89.3499984741211,2487628
2025-11-21 12:30:00-05:00,89.39810180664062,89.40499877929688,89.19499969482422,89.2300033569336,1642170
2025-11-21 13:30:00-05:00,89.36499786376953,89.40499877929688,89.25499725341797,89.40499877929688,1423362
2025-11-21 14:30:00-05:00,89.45020294189453,89.4800033569336,89.35009765625,89.3550033569336,1660748
2025-11-21 15:30:00-05:00,89.49500274658203,89.5,89.43000030517578,89.45500183105469,21683355
2025-11-24 09:30:00-05:00,89.86000061035156,89.97650146484375,89.78500366210938,89.94999694824219,3945795
2025-11-24 10:30:00-05:00,89.86000061035156,89.8949966430664,89.78009796142578,89.86000061035156,1508743
2025-11-24 11:30:00-05:00,89.98500061035156,89.98650360107422,89.83999633789062,89.8550033569336,999053
2025-11-24 12:30:00-05:00,89.99500274658203,90.02999877929688,89.94499969482422,89.98500061035156,1753343
2025-11-24 13:30:00-05:00,90.05500030517578,90.06649780273438,89.9801025390625,89.99500274658203,1622817
2025-11-24 14:30:00-05:00,89.97000122070312,90.05999755859375,89.94000244140625,90.05899810791016,1219331
2025-11-24 15:30:00-05:00,89.99500274658203,90.0,89.94999694824219,89.96499633789062,2161292
2025-11-25 09:30:00-05:00,90.45500183105469,90.54000091552734,90.26000213623047,90.31500244140625,4922121
2025-11-25 10:30:00-05:00,90.4749984741211,90.52999877929688,90.30999755859375,90.44999694824219,1927086
2025-11-25 11:30:00-05:00,90.44000244140625,90.58999633789062,90.26000213623047,90.4749984741211,3416079
2025-11-25 12:30:00-05:00,90.38999938964844,90.54499816894531,90.3499984741211,90.43000030517578,1655025
2025-11-25 13:30:00-05:00,90.36000061035156,90.41999816894531,90.33499908447266,90.3949966430664,1241179
2025-11-25 14:30:00-05:00,90.1500015258789,90.375,90.12999725341797,90.3550033569336,2408981
2025-11-25 15:30:00-05:00,90.2300033569336,90.24500274658203,90.13999938964844,90.1449966430664,2056459
2025-11-26 09:30:00-05:00,90.20500183105469,90.20999908447266,89.83000183105469,90.1449966430664,4159172
2025-11-26 10:30:00-05:00,90.3550033569336,90.41999816894531,90.16999816894531,90.19000244140625,2163187
2025-11-26 11:30:00-05:00,90.40499877929688,90.45999908447266,90.31500244140625,90.35359954833984,1702473
2025-11-26 12:30:00-05:00,90.45999908447266,90.51000213623047,90.34500122070312,90.41000366210938,1157181
2025-11-26 13:30:00-05:00,90.54759979248047,90.55000305175781,90.44000244140625,90.46499633789062,2713202
2025-11-26 14:30:00-05:00,90.55000305175781,90.56999969482422,90.5199966430664,90.54499816894531,2013268
2025-11-26 15:30:00-05:00,90.62999725341797,90.63999938964844,90.54000091552734,90.55000305175781,2856868
2025-11-28 09:30:00-05:00,90.2750015258789,90.52989959716797,90.2750015258789,90.45999908447266,5082188
2025-11-28 10:30:00-05:00,90.03500366210938,90.27999877929688,89.94999694824219,90.2750015258789,6119334
2025-11-28 11:30:00-05:00,90.16999816894531,90.23999786376953,90.03160095214844,90.04000091552734,3675969
2025-12-01 09:30:00-05:00,88.93499755859375,88.98999786376953,88.7300033569336,88.84500122070312,7933541
2025-12-01 10:30:00-05:00,88.81340026855469,88.94000244140625,88.73419952392578,88.93499755859375,3068487
2025-12-01 11:30:00-05:00,88.78990173339844,88.81999969482422,88.7300033569336,88.80999755859375,2471939
2025-12-01 12:30:00-05:00,88.82499694824219,88.86000061035156,88.70999908447266,88.77999877929688,2002675
2025-12-01 13:30:00-05:00,88.76000213623047,88.82499694824219,88.7300033569336,88.82499694824219,1625233
2025-12-01 14:30:00-05:00,88.82499694824219,88.83999633789062,88.75499725341797,88.76000213623047,1702635
2025-12-01 15:30:00-05:00,88.7699966430664,88.83000183105469,88.75,88.82499694824219,3125916
2025-12-02 09:30:00-05:00,88.57499694824219,88.62989807128906,88.45999908447266,88.57499694824219,3993654
2025-12-02 10:30:00-05:00,88.7334976196289,88.76000213623047,88.55999755859375,88.57499694824219,2379563
2025-12-02 11:30:00-05:00,88.80180358886719,88.82499694824219,88.69000244140625,88.73999786376953,2169491
2025-12-02 12:30:00-05:00,88.78500366210938,88.87999725341797,88.77999877929688,88.80000305175781,2030916
2025-12-02 13:30:00-05:00,88.91899871826172,88.93000030517578,88.77999877929688,88.78479766845703,1100605
2025-12-02 14:30:00-05:00,88.87000274658203,88.95500183105469,88.86000061035156,88.91999816894531,1168063
2025-12-02 15:30:00-05:00,88.81500244140625,88.87000274658203,88.80439758300781,88.87000274658203,1685845
2025-12-03 09:30:00-05:00,88.9198989868164,89.14990234375,88.87999725341797,88.91100311279297,4099462
2025-12-03 10:30:00-05:00,88.83999633789062,88.95500183105469,88.73999786376953,88.91500091552734,1802789
2025-12-03 11:30:00-05:00,88.94499969482422,88.9657974243164,88.77999877929688,88.83499908447266,1308805
2025-12-03 12:30:00-05:00,88.9800033569336,89.04000091552734,88.94499969482422,88.94499969482422,893121
2025-12-03 13:30:00-05:00,89.125,89.15499877929688,88.9749984741211,88.9800033569336,809998
2025-12-03 14:30:00-05:00,89.08999633789062,89.13500213623047,89.08000183105469,89.125,974494
2025-12-03 15:30:00-05:00,89.05000305175781,89.08499908447266,89.01000213623047,89.08499908447266,1656861
2025-12-04 09:30:00-05:00,88.73999786376953,88.93000030517578,88.67990112304688,88.91999816894531,2651220
2025-12-04 10:30:00-05:00,88.6281967163086,88.75499725341797,88.58999633789062,88.7300033569336,1609409
2025-12-04 11:30:00-05:00,88.67009735107422,88.72000122070312,88.56999969482422,88.62000274658203,1848599
2025-12-04 12:30:00-05:00,88.65499877929688,88.69000244140625,88.62999725341797,88.67500305175781,1572068
2025-12-04 13:30:00-05:00,88.5250015258789,88.66000366210938,88.50360107421875,88.6520004272461,1545020
2025-12-04 14:30:00-05:00,88.54000091552734,88.56999969482422,88.4800033569336,88.5250015258789,1414591
2025-12-04 15:30:00-05:00,88.5999984741211,88.61000061035156,88.51000213623047,88.53500366210938,2004987
2025-12-05 09:30:00-05:00,88.41549682617188,88.55000305175781,88.33000183105469,88.55000305175781,4196758
2025-12-05 10:30:00-05:00,88.09100341796875,88.42649841308594,88.05999755859375,88.41999816894531,3803903
2025-12-05 11:30:00-05:00,88.17500305175781,88.26000213623047,88.08000183105469,88.08999633789062,2615203
2025-12-05 12:30:00-05:00,88.11990356445312,88.18499755859375,88.04499816894531,88.17500305175781,1667301
2025-12-05 13:30:00-05:00,88.1344985961914,88.1500015258789,88.08000183105469,88.11499786376953,1138614
2025-12-05 14:30:00-05:00,88.16500091552734,88.22550201416016,88.11499786376953,88.13500213623047,1525215
2025-12-05 15:30:00-05:00,88.16000366210938,88.19499969482422,88.1500015258789,88.16500091552734,2303095
2025-12-08 09:30:00-05:00,87.69000244140625,88.19000244140625,87.61000061035156,88.189697265625,4655773
2025-12-08 10:30:00-05:00,87.68000030517578,87.74500274658203,87.55999755859375,87.68409729003906,2816170
2025-12-08 11:30:00-05:00,87.75,87.77989959716797,87.66999816894531,87.68000030517578,1323812
2025-12-08 12:30:00-05:00,87.76499938964844,87.77649688720703,87.6500015258789,87.76000213623047,1337291
2025-12-08 13:30:00-05:00,87.91999816894531,87.93000030517578,87.76010131835938,87.76499938964844,1328285
2025-12-08 14:30:00-05:00,87.87999725341797,87.93000030517578,87.79499816894531,87.91899871826172,1513034
2025-12-08 15:30:00-05:00,87.87999725341797,87.93000030517578,87.87000274658203,87.87999725341797,2558175
2025-12-09 09:30:00-05:00,88.05000305175781,88.34220123291016,87.83999633789062,87.87999725341797,5147099
2025-12-09 10:30:00-05:00,88.01000213623047,88.09500122070312,87.9000015258789,88.05000305175781,1671322
2025-12-09 11:30:00-05:00,88.04499816894531,88.16999816894531,87.99340057373047,88.01000213623047,1090096
2025-12-09 12:30:00-05:00,88.01499938964844,88.11499786376953,88.0,88.04499816894531,1035155
2025-12-09 13:30:00-05:00,87.94000244140625,88.0250015258789,87.85099792480469,88.01499938964844,1918705
2025-12-09 14:30:00-05:00,87.98580169677734,87.98999786376953,87.91999816894531,87.94000244140625,1181458
2025-12-09 15:30:00-05:00,87.95500183105469,87.98999786376953,87.87999725341797,87.98580169677734,1177156
2025-12-10 09:30:00-05:00,88.26499938964844,88.31500244140625,87.98999786376953,87.99369812011719,2969915
2025-12-10 10:30:00-05:00,88.32499694824219,88.33999633789062,88.2300033569336,88.2698974609375,1653236
2025-12-10 11:30:00-05:00,88.38500213623047,88.41999816894531,88.29419708251953,88.33000183105469,1349637
2025-12-10 12:30:00-05:00,88.37999725341797,88.38999938964844,88.31999969482422,88.38999938964844,1022191
2025-12-10 13:30:00-05:00,87.98500061035156,88.5199966430664,87.95500183105469,88.37999725341797,3775869
2025-12-10 14:30:00-05:00,88.31999969482422,88.375,87.8550033569336,87.98999786376953,4374851
2025-12-10 15:30:00-05:00,88.27999877929688,88.32499694824219,88.25,88.31999969482422,23145035
2025-12-11 09:30:00-05:00,88.66000366210938,88.8292007446289,88.59500122070312,88.69000244140625,3302665
2025-12-11 10:30:00-05:00,88.49500274658203,88.69000244140625,88.47000122070312,88.65499877929688,1349893
2025-12-11 11:30:00-05:00,88.58390045166016,88.63999938964844,88.48999786376953,88.49649810791016,990843
2025-12-11 12:30:00-05:00,88.4573974609375,88.58260345458984,88.38999938964844,88.58260345458984,1486873
2025-12-11 13:30:00-05:00,88.2249984741211,88.5,88.18450164794922,88.45500183105469,1872676
2025-12-11 14:30:00-05:00,88.2300033569336,88.30000305175781,88.16000366210938,88.22450256347656,2359447
2025-12-11 15:30:00-05:00,88.19499969482422,88.26000213623047,88.16000366210938,88.23249816894531,1830235
2025-12-12 09:30:00-05:00,87.42500305175781,87.48590087890625,87.3499984741211,87.36000061035156,5067191
2025-12-12 10:30:00-05:00,87.30500030517578,87.48999786376953,87.28009796142578,87.43000030517578,3335214
2025-12-12 11:30:00-05:00,87.41510009765625,87.43000030517578,87.19000244140625,87.30500030517578,2377483
2025-12-12 12:30:00-05:00,87.33260345458984,87.42500305175781,87.29000091552734,87.41000366210938,1577201
2025-12-12 13:30:00-05:00,87.28500366210938,87.36000061035156,87.2699966430664,87.33550262451172,2592942
2025-12-12 14:30:00-05:00,87.30989837646484,87.33000183105469,87.27999877929688,87.28500366210938,1650865
2025-12-12 15:30:00-05:00,87.3499984741211,87.37999725341797,87.27999877929688,87.30500030517578,4138267
2025-12-15 09:30:00-05:00,87.78990173339844,87.87999725341797,87.70999908447266,87.71499633789062,3623080
2025-12-15 10:30:00-05:00,87.66000366210938,87.79499816894531,87.6500015258789,87.79000091552734,2330739
2025-12-15 11:30:00-05:00,87.45500183105469,87.66500091552734,87.4542007446289,87.654296875,1696882
2025-12-15 12:30:00-05:00,87.43009948730469,87.55500030517578,87.42449951171875,87.45500183105469,879333
2025-12-15 13:30:00-05:00,87.404296875,87.48989868164062,87.4000015258789,87.43150329589844,969034
2025-12-15 14:30:00-05:00,87.47000122070312,87.51000213623047,87.4000015258789,87.40989685058594,1142120
2025-12-15 15:30:00-05:00,87.41000366210938,87.4749984741211,87.38999938964844,87.46990203857422,2787930
2025-12-16 09:30:00-05:00,87.7300033569336,87.76499938964844,87.16999816894531,87.18499755859375,5500896
2025-12-16 10:30:00-05:00,87.66500091552734,87.7249984741211,87.44000244140625,87.71330261230469,2284350
2025-12-16 11:30:00-05:00,87.77999877929688,87.81999969482422,87.625,87.66500091552734,2048877
2025-12-16 12:30:00-05:00,87.71990203857422,87.83999633789062,87.66000366210938,87.7750015258789,1453065
2025-12-16 13:30:00-05:00,87.78450012207031,87.79640197753906,87.6500015258789,87.71499633789062,1235584
2025-12-16 14:30:00-05:00,87.89009857177734,87.91999816894531,87.7500991821289,87.79000091552734,1845023
2025-12-16 15:30:00-05:00,87.90499877929688,87.91999816894531,87.86000061035156,87.8949966430664,2793006
2025-12-17 09:30:00-05:00,87.84559631347656,87.84559631347656,87.5801010131836,87.63999938964844,2011286
2025-12-17 10:30:00-05:00,87.70500183105469,87.98560333251953,87.66000366210938,87.8499984741211,2628647
2025-12-17 11:30:00-05:00,87.73999786376953,87.7699966430664,87.69999694824219,87.70500183105469,1495288
2025-12-17 12:30:00-05:00,87.70999908447266,87.77619934082031,87.66840362548828,87.74500274658203,1184048
2025-12-17 13:30:00-05:00,87.7750015258789,87.78589630126953,87.66500091552734,87.70999908447266,961463
2025-12-17 14:30:00-05:00,87.74500274658203,87.83499908447266,87.73999786376953,87.77999877929688,876412
2025-12-17 15:30:00-05:00,87.82499694824219,87.8499984741211,87.73999786376953,87.74500274658203,2191323
2025-12-18 09:30:00-05:00,88.20500183105469,88.23999786376953,88.06999969482422,88.12999725341797,5057257
2025-12-18 10:30:00-05:00,88.3499984741211,88.375,88.18499755859375,88.19999694824219,2670242
2025-12-18 11:30:00-05:00,88.15499877929688,88.37999725341797,88.1050033569336,88.34500122070312,1655237
2025-12-18 12:30:00-05:00,88.125,88.20500183105469,88.08499908447266,88.15499877929688,15149765
2025-12-18 13:30:00-05:00,88.16500091552734,88.19000244140625,88.11000061035156,88.125,0
2025-12-18 14:30:00-05:00,88.19560241699219,88.20999908447266,88.11000061035156,88.16500091552734,1304405
2025-12-18 15:30:00-05:00,88.19999694824219,88.23500061035156,88.16000366210938,88.19619750976562,2389492
2025-12-19 09:30:00-05:00,87.6050033569336,87.61000061035156,87.44000244140625,87.6050033569336,3898736
2025-12-19 10:30:00-05:00,87.66500091552734,87.76000213623047,87.5999984741211,87.5999984741211,2045498
2025-12-19 11:30:00-05:00,87.50499725341797,87.66999816894531,87.44000244140625,87.66010284423828,1972017
2025-12-19 12:30:00-05:00,87.5199966430664,87.56999969482422,87.49500274658203,87.50499725341797,1416497
2025-12-19 13:30:00-05:00,87.48500061035156,87.52999877929688,87.41000366210938,87.51499938964844,1717789
2025-12-19 14:30:00-05:00,87.4749984741211,87.5199966430664,87.45999908447266,87.48500061035156,1476746
2025-12-19 15:30:00-05:00,87.4800033569336,87.4800033569336,87.41999816894531,87.47000122070312,3329508
2025-12-22 09:30:00-05:00,87.30999755859375,87.4573974609375,87.29000091552734,87.41000366210938,3010332
2025-12-22 10:30:00-05:00,87.3949966430664,87.45690155029297,87.29499816894531,87.30999755859375,1770349
2025-12-22 11:30:00-05:00,87.375,87.44000244140625,87.37000274658203,87.39679718017578,1310687
2025-12-22 12:30:00-05:00,87.29000091552734,87.38999938964844,87.29000091552734,87.375,1080447
2025-12-22 13:30:00-05:00,87.30500030517578,87.33000183105469,87.25,87.29499816894531,1225739
2025-12-22 14:30:00-05:00,87.32499694824219,87.33499908447266,87.29000091552734,87.30000305175781,1968257
2025-12-22 15:30:00-05:00,87.34500122070312,87.37999725341797,87.30999755859375,87.31999969482422,1614779
2025-12-23 09:30:00-05:00,87.27999877929688,87.29000091552734,87.02999877929688,87.06999969482422,4251501
2025-12-23 10:30:00-05:00,87.47599792480469,87.4800033569336,87.25289916992188,87.28500366210938,3153999
2025-12-23 11:30:00-05:00,87.52999877929688,87.55999755859375,87.42500305175781,87.46499633789062,2090023
2025-12-23 12:30:00-05:00,87.50640106201172,87.58000183105469,87.45500183105469,87.53009796142578,1170852
2025-12-23 13:30:00-05:00,87.44000244140625,87.51000213623047,87.3949966430664,87.5,1070528
2025-12-23 14:30:00-05:00,87.49500274658203,87.51000213623047,87.41000366210938,87.43499755859375,1043906
2025-12-23 15:30:00-05:00,87.50499725341797,87.54989624023438,87.47000122070312,87.49649810791016,13125116
2025-12-24 09:30:00-05:00,87.73500061035156,87.79000091552734,87.6500015258789,87.7699966430664,3188455
2025-12-24 10:30:00-05:00,87.81939697265625,87.84500122070312,87.7301025390625,87.73619842529297,3304201
2025-12-24 11:30:00-05:00,87.98999786376953,88.05500030517578,87.81220245361328,87.81220245361328,3578236
2025-12-26 09:30:00-05:00,87.99500274658203,88.1698989868164,87.97000122070312,88.09500122070312,2166515
2025-12-26 10:30:00-05:00,87.68000030517578,88.06990051269531,87.65010070800781,88.0,2688773
2025-12-26 11:30:00-05:00,87.63500213623047,87.7249984741211,87.62000274658203,87.67500305175781,2088362
2025-12-26 12:30:00-05:00,87.65499877929688,87.66999816894531,87.5999984741211,87.63500213623047,1268372
2025-12-26 13:30:00-05:00,87.6500015258789,87.68000030517578,87.61000061035156,87.65570068359375,763447
2025-12-26 14:30:00-05:00,87.72000122070312,87.75,87.62010192871094,87.64399719238281,1063058
2025-12-26 15:30:00-05:00,87.73999786376953,87.75,87.70999908447266,87.72000122070312,1621222
2025-12-29 09:30:00-05:00,87.87560272216797,88.07029724121094,87.8550033569336,87.94999694824219,3248784
2025-12-29 10:30:00-05:00,87.91999816894531,87.94000244140625,87.79000091552734,87.87999725341797,1640499
2025-12-29 11:30:00-05:00,87.94999694824219,88.0,87.92500305175781,87.93000030517578,1414691
2025-12-29 12:30:00-05:00,87.95500183105469,87.98500061035156,87.90499877929688,87.94999694824219,1733094
2025-12-29 13:30:00-05:00,87.94519805908203,87.9800033569336,87.93009948730469,87.95999908447266,1095269
2025-12-29 14:30:00-05:00,87.9480972290039,87.9800033569336,87.86499786376953,87.94499969482422,1621049
2025-12-29 15:30:00-05:00,88.04000091552734,88.05000305175781,87.94000244140625,87.94999694824219,1424854
2025-12-30 09:30:00-05:00,87.75,87.78929901123047,87.68000030517578,87.75,2782396
2025-12-30 10:30:00-05:00,87.95999908447266,88.0,87.67440032958984,87.75489807128906,1910545
2025-12-30 11:30:00-05:00,87.875,88.04000091552734,87.87000274658203,87.96499633789062,1215444
2025-12-30 12:30:00-05:00,87.9749984741211,87.9800033569336,87.87000274658203,87.875,897326
2025-12-30 13:30:00-05:00,87.92449951171875,87.9749984741211,87.88009643554688,87.97380065917969,786197
2025-12-30 14:30:00-05:00,87.8499984741211,87.94000244140625,87.78009796142578,87.93000030517578,1255611
2025-12-30 15:30:00-05:00,87.87999725341797,87.88500213623047,87.81999969482422,87.84500122070312,1598481
2025-12-31 09:30:00-05:00,87.73500061035156,87.87000274658203,87.68000030517578,87.70999908447266,2267462
2025-12-31 10:30:00-05:00,87.75,87.91000366210938,87.66999816894531,87.73999786376953,2134357
2025-12-31 11:30:00-05:00,87.7699966430664,87.82499694824219,87.69000244140625,87.75460052490234,1385365
2025-12-31 12:30:00-05:00,87.47010040283203,87.84500122070312,87.44999694824219,87.7698974609375,3759096
2025-12-31 13:30:00-05:00,87.375,87.52999877929688,87.33000183105469,87.47000122070312,2818343
2025-12-31 14:30:00-05:00,87.3301010131836,87.37999725341797,87.31999969482422,87.375,1830064
2025-12-31 15:30:00-05:00,87.16999816894531,87.33999633789062,87.12999725341797,87.33000183105469,2984996
2026-01-02 09:30:00-05:00,87.29000091552734,87.41000366210938,87.18000030517578,87.40499877929688,8853914
2026-01-02 10:30:00-05:00,87.1449966430664,87.29720306396484,87.06999969482422,87.29499816894531,3106806
2026-01-02 11:30:00-05:00,87.19499969482422,87.19999694824219,87.05500030517578,87.13999938964844,1548026
2026-01-02 12:30:00-05:00,87.1449966430664,87.21499633789062,87.13999938964844,87.19499969482422,1270981
2026-01-02 13:30:00-05:00,87.08000183105469,87.1449966430664,87.02010345458984,87.1449966430664,1456592
2026-01-02 14:30:00-05:00,87.16500091552734,87.23999786376953,87.05999755859375,87.08999633789062,1934646
2026-01-02 15:30:00-05:00,87.05999755859375,87.16500091552734,87.05000305175781,87.16000366210938,3289404
2026-01-05 09:30:00-05:00,87.23500061035156,87.31999969482422,87.12000274658203,87.18000030517578,3625201
2026-01-05 10:30:00-05:00,87.30000305175781,87.31999969482422,87.12999725341797,87.23500061035156,1745496
2026-01-05 11:30:00-05:00,87.46499633789062,87.50499725341797,87.29010009765625,87.30000305175781,1918335
2026-01-05 12:30:00-05:00,87.42500305175781,87.51000213623047,87.41999816894531,87.46499633789062,1689719
2026-01-05 13:30:00-05:00,87.40499877929688,87.49759674072266,87.4000015258789,87.42500305175781,1110623
2026-01-05 14:30:00-05:00,87.37409973144531,87.41500091552734,87.33000183105469,87.40499877929688,1485947
2026-01-05 15:30:00-05:00,87.44999694824219,87.5199966430664,87.37000274658203,87.375,1991478
2026-01-06 09:30:00-05:00,87.03070068359375,87.33000183105469,87.02999877929688,87.12999725341797,5176313
2026-01-06 10:30:00-05:00,86.9749984741211,87.15499877929688,86.9000015258789,87.03500366210938,3833043
2026-01-06 11:30:00-05:00,87.07499694824219,87.11000061035156,86.97270202636719,86.97560119628906,2027589
2026-01-06 12:30:00-05:00,87.1449966430664,87.18000030517578,87.06999969482422,87.09380340576172,1136844
2026-01-06 13:30:00-05:00,87.18820190429688,87.21499633789062,87.1144027709961,87.14569854736328,1888736
2026-01-06 14:30:00-05:00,87.19999694824219,87.23989868164062,87.1500015258789,87.18499755859375,1445438
2026-01-06 15:30:00-05:00,87.33000183105469,87.33000183105469,87.18000030517578,87.19999694824219,1083180
2026-01-07 09:30:00-05:00,87.61000061035156,87.8655014038086,87.4800033569336,87.83280181884766,7193667
2026-01-07 10:30:00-05:00,87.83499908447266,87.8499984741211,87.58499908447266,87.61000061035156,2583755
2026-01-07 11:30:00-05:00,87.90499877929688,87.91999816894531,87.77999877929688,87.83499908447266,1917586
2026-01-07 12:30:00-05:00,87.9489974975586,88.00499725341797,87.88999938964844,87.90350341796875,1591655
2026-01-07 13:30:00-05:00,87.91500091552734,87.98899841308594,87.875,87.94499969482422,1736610
2026-01-07 14:30:00-05:00,87.83499908447266,87.93499755859375,87.83399963378906,87.91000366210938,2039378
2026-01-07 15:30:00-05:00,87.79499816894531,87.87999725341797,87.77999877929688,87.83499908447266,2259660
2026-01-08 09:30:00-05:00,87.32689666748047,87.38999938964844,87.24500274658203,87.32499694824219,3053768
2026-01-08 10:30:00-05:00,87.3550033569336,87.38999938964844,87.29000091552734,87.32990264892578,1609778
2026-01-08 11:30:00-05:00,87.44000244140625,87.55000305175781,87.35399627685547,87.3550033569336,1507644
2026-01-08 12:30:00-05:00,87.47599792480469,87.4800033569336,87.38500213623047,87.43499755859375,1425169
2026-01-08 13:30:00-05:00,87.32499694824219,87.48590087890625,87.31999969482422,87.47899627685547,1644575
2026-01-08 14:30:00-05:00,87.30999755859375,87.36000061035156,87.2750015258789,87.32499694824219,1629806
2026-01-08 15:30:00-05:00,87.33699798583984,87.34500122070312,87.30999755859375,87.31500244140625,2061098
2026-01-09 09:30:00-05:00,87.51000213623047,87.64640045166016,87.125,87.29499816894531,8234646
2026-01-09 10:30:00-05:00,87.75,87.90499877929688,87.51200103759766,87.51499938964844,4631476
2026-01-09 11:30:00-05:00,87.92500305175781,87.92500305175781,87.69999694824219,87.74500274658203,2050551
2026-01-09 12:30:00-05:00,87.83499908447266,88.0,87.73999786376953,87.92500305175781,2507017
2026-01-09 13:30:00-05:00,87.8949966430664,87.98500061035156,87.83499908447266,87.83540344238281,1830660
2026-01-09 14:30:00-05:00,87.8949966430664,87.93000030517578,87.83499908447266,87.89990234375,2126645
2026-01-09 15:30:00-05:00,87.91999816894531,87.95999908447266,87.81999969482422,87.8949966430664,4341578
2026-01-12 09:30:00-05:00,87.57009887695312,87.62000274658203,87.41000366210938,87.48999786376953,5162526
2026-01-12 10:30:00-05:00,87.68000030517578,87.7157974243164,87.53009796142578,87.56999969482422,2053395
2026-01-12 11:30:00-05:00,87.83499908447266,87.87999725341797,87.58000183105469,87.66999816894531,2386407
2026-01-12 12:30:00-05:00,87.87339782714844,87.91000366210938,87.74500274658203,87.83499908447266,2592821
2026-01-12 13:30:00-05:00,87.75499725341797,87.88999938964844,87.75,87.87590026855469,1933827
2026-01-12 14:30:00-05:00,87.65579986572266,87.76499938964844,87.61129760742188,87.74500274658203,1562025
2026-01-12 15:30:00-05:00,87.66000366210938,87.66999816894531,87.58999633789062,87.65409851074219,2045240
2026-01-13 09:30:00-05:00,87.69999694824219,87.90499877929688,87.54000091552734,87.87999725341797,4246099
2026-01-13 10:30:00-05:00,87.63990020751953,87.87000274658203,87.61000061035156,87.70999908447266,2623278
2026-01-13 11:30:00-05:00,87.71720123291016,87.76010131835938,87.61499786376953,87.63249969482422,1230114
2026-01-13 12:30:00-05:00,87.84500122070312,87.88780212402344,87.7125015258789,87.71990203857422,2171869
2026-01-13 13:30:00-05:00,87.88500213623047,87.91000366210938,87.80999755859375,87.84500122070312,1254757
2026-01-13 14:30:00-05:00,87.79000091552734,87.88500213623047,87.77999877929688,87.88500213623047,1834304
2026-01-13 15:30:00-05:00,87.79499816894531,87.83000183105469,87.73999786376953,87.79000091552734,1553788
2026-01-14 09:30:00-05:00,88.16500091552734,88.19000244140625,87.90750122070312,87.91500091552734,5842864
2026-01-14 10:30:00-05:00,88.30999755859375,88.33999633789062,88.12999725341797,88.16999816894531,3451622
2026-01-14 11:30:00-05:00,88.29499816894531,88.4280014038086,88.27999877929688,88.30999755859375,2181822
2026-01-14 12:30:00-05:00,88.32499694824219,88.36000061035156,88.283203125,88.29499816894531,1279146
2026-01-14 13:30:00-05:00,88.375,88.41000366210938,88.31500244140625,88.32929992675781,1549368
2026-01-14 14:30:00-05:00,88.3499984741211,88.375,88.26000213623047,88.37000274658203,2025450
2026-01-14 15:30:00-05:00,88.32499694824219,88.36990356445312,88.29000091552734,88.36000061035156,2013090
2026-01-15 09:30:00-05:00,88.53500366210938,88.66000366210938,88.41510009765625,88.61000061035156,4148324
2026-01-15 10:30:00-05:00,88.5,88.58000183105469,88.36000061035156,88.53009796142578,2563389
2026-01-15 11:30:00-05:00,88.43990325927734,88.5,88.4000015258789,88.49520111083984,1826210
2026-01-15 12:30:00-05:00,88.5250015258789,88.57499694824219,88.40499877929688,88.43329620361328,13824440
2026-01-15 13:30:00-05:00,88.54000091552734,88.55999755859375,88.44999694824219,88.5250015258789,0
2026-01-15 14:30:00-05:00,88.38500213623047,88.55999755859375,88.34500122070312,88.54000091552734,2114278
2026-01-15 15:30:00-05:00,88.33000183105469,88.43499755859375,88.30999755859375,88.38500213623047,2878685
2026-01-16 09:30:00-05:00,88.25990295410156,88.29000091552734,88.0199966430664,88.13999938964844,3537498
2026-01-16 10:30:00-05:00,88.05000305175781,88.31999969482422,87.86389923095703,88.25499725341797,5905319
2026-01-16 11:30:00-05:00,88.0999984741211,88.23999786376953,88.0250015258789,88.05500030517578,3021922
2026-01-16 12:30:00-05:00,87.93499755859375,88.0999984741211,87.9000015258789,88.09500122070312,2700732
2026-01-16 13:30:00-05:00,87.76499938964844,87.94000244140625,87.73999786376953,87.93499755859375,2060089
2026-01-16 14:30:00-05:00,87.80999755859375,87.83999633789062,87.70999908447266,87.76499938964844,2440463
2026-01-16 15:30:00-05:00,87.80000305175781,87.875,87.78500366210938,87.81500244140625,2264320
2026-01-20 09:30:00-05:00,86.80509948730469,86.87000274658203,86.54070281982422,86.62999725341797,10156580
2026-01-20 10:30:00-05:00,86.86000061035156,86.94750213623047,86.76499938964844,86.80999755859375,5536734
2026-01-20 11:30:00-05:00,86.95500183105469,87.02999877929688,86.8499984741211,86.86990356445312,2429936
2026-01-20 12:30:00-05:00,86.81800079345703,86.95999908447266,86.7750015258789,86.94999694824219,3157420
2026-01-20 13:30:00-05:00,86.7051010131836,86.81999969482422,86.69000244140625,86.81990051269531,1933068
2026-01-20 14:30:00-05:00,86.69000244140625,86.74500274658203,86.5999984741211,86.7051010131836,2782019
2026-01-20 15:30:00-05:00,86.66999816894531,86.73989868164062,86.66000366210938,86.68499755859375,4893748
2026-01-21 09:30:00-05:00,86.80999755859375,86.875,86.62000274658203,86.79000091552734,4944960
2026-01-21 10:30:00-05:00,87.08930206298828,87.11900329589844,86.79810333251953,86.80999755859375,4631111
2026-01-21 11:30:00-05:00,86.81999969482422,87.08999633789062,86.81999969482422,87.08499908447266,2438897
2026-01-21 12:30:00-05:00,87.02570343017578,87.05999755859375,86.76100158691406,86.81999969482422,2369570
2026-01-21 13:30:00-05:00,87.23500061035156,87.25,86.97100067138672,87.0250015258789,2012178
2026-01-21 14:30:00-05:00,87.26499938964844,87.47730255126953,87.21499633789062,87.2300033569336,23371875
2026-01-21 15:30:00-05:00,87.33999633789062,87.36000061035156,87.23999786376953,87.26499938964844,0
2026-01-22 09:30:00-05:00,87.34500122070312,87.38729858398438,87.16000366210938,87.2699966430664,4371594
2026-01-22 10:30:00-05:00,87.33989715576172,87.37000274658203,87.13999938964844,87.33999633789062,2614913
2026-01-22 11:30:00-05:00,87.5199966430664,87.625,87.31500244140625,87.33499908447266,3299670
2026-01-22 12:30:00-05:00,87.63999938964844,87.73999786376953,87.48999786376953,87.52999877929688,2221229
2026-01-22 13:30:00-05:00,87.66500091552734,87.75499725341797,87.62000274658203,87.63939666748047,1607414
2026-01-22 14:30:00-05:00,87.67500305175781,87.69000244140625,87.625,87.66500091552734,3075315
2026-01-22 15:30:00-05:00,87.69999694824219,87.72000122070312,87.66000366210938,87.68000030517578,2340450
2026-01-23 09:30:00-05:00,87.8550033569336,87.94779968261719,87.72000122070312,87.83000183105469,3508790
2026-01-23 10:30:00-05:00,87.78500366210938,87.95999908447266,87.75499725341797,87.86000061035156,2837427
2026-01-23 11:30:00-05:00,87.67030334472656,87.80500030517578,87.54000091552734,87.79000091552734,2161799
2026-01-23 12:30:00-05:00,87.66999816894531,87.69000244140625,87.49500274658203,87.66999816894531,2075682
2026-01-23 13:30:00-05:00,87.67500305175781,87.75499725341797,87.66100311279297,87.68000030517578,1385201
2026-01-23 14:30:00-05:00,87.95500183105469,88.02839660644531,87.66999816894531,87.68000030517578,2264704
2026-01-23 15:30:00-05:00,87.91500091552734,87.97000122070312,87.91000366210938,87.95919799804688,2400164
2026-01-26 09:30:00-05:00,88.43499755859375,88.48999786376953,88.2750015258789,88.3949966430664,4254607
2026-01-26 10:30:00-05:00,88.24949645996094,88.44999694824219,88.23500061035156,88.43499755859375,2323761
2026-01-26 11:30:00-05:00,88.26000213623047,88.30999755859375,88.19999694824219,88.25,1776791
2026-01-26 12:30:00-05:00,88.34500122070312,88.38500213623047,88.25,88.26000213623047,1901501
2026-01-26 13:30:00-05:00,88.2249984741211,88.36000061035156,88.22000122070312,88.34500122070312,2370101
2026-01-26 14:30:00-05:00,88.33000183105469,88.33999633789062,88.2300033569336,88.2300033569336,2502626
2026-01-26 15:30:00-05:00,88.33499908447266,88.33999633789062,88.27999877929688,88.32479858398438,2633629
2026-01-27 09:30:00-05:00,88.14009857177734,88.25,88.0250015258789,88.0999984741211,3897858
2026-01-27 10:30:00-05:00,88.05999755859375,88.15989685058594,87.95999908447266,88.13999938964844,2098830
2026-01-27 11:30:00-05:00,87.95999908447266,88.08000183105469,87.81500244140625,88.05000305175781,2479028
2026-01-27 12:30:00-05:00,87.94550323486328,88.04000091552734,87.80000305175781,87.95999908447266,2060959
2026-01-27 13:30:00-05:00,87.8550033569336,87.97000122070312,87.82499694824219,87.94999694824219,2902966
2026-01-27 14:30:00-05:00,87.86499786376953,87.96499633789062,87.81500244140625,87.86000061035156,1434244
2026-01-27 15:30:00-05:00,87.80000305175781,87.91899871826172,87.68000030517578,87.86000061035156,16873300
2026-01-28 09:30:00-05:00,87.55999755859375,87.69999694824219,87.36499786376953,87.50499725341797,4693669
2026-01-28 10:30:00-05:00,87.53500366210938,87.58000183105469,87.38999938964844,87.55500030517578,2159925
2026-01-28 11:30:00-05:00,87.43190002441406,87.58789825439453,87.38999938964844,87.5250015258789,1765090
2026-01-28 12:30:00-05:00,87.43499755859375,87.47000122070312,87.375,87.43000030517578,1112713
2026-01-28 13:30:00-05:00,87.33989715576172,87.44000244140625,87.29119873046875,87.43499755859375,2396051
2026-01-28 14:30:00-05:00,87.56999969482422,87.65499877929688,87.33000183105469,87.33000183105469,2276208
2026-01-28 15:30:00-05:00,87.5999984741211,87.61000061035156,87.51499938964844,87.56510162353516,2010329
2026-01-29 09:30:00-05:00,87.51000213623047,87.51000213623047,87.08000183105469,87.1500015258789,7134378
2026-01-29 10:30:00-05:00,87.45999908447266,87.68000030517578,87.37999725341797,87.51000213623047,4046975
2026-01-29 11:30:00-05:00,87.41999816894531,87.49500274658203,87.31500244140625,87.45999908447266,2022870
2026-01-29 12:30:00-05:00,87.63999938964844,87.65499877929688,87.42500305175781,87.42500305175781,1871031
2026-01-29 13:30:00-05:00,87.70500183105469,87.73899841308594,87.56999969482422,87.6449966430664,2258080
2026-01-29 14:30:00-05:00,87.66999816894531,87.73609924316406,87.62999725341797,87.69999694824219,1397407
2026-01-29 15:30:00-05:00,87.62999725341797,87.69999694824219,87.58000183105469,87.66000366210938,2093202
2026-01-30 09:30:00-05:00,87.38999938964844,87.47000122070312,87.2699966430664,87.37000274658203,4258375
2026-01-30 10:30:00-05:00,87.36000061035156,87.38999938964844,87.3499984741211,87.38999938964844,229400
2026-02-02 13:30:00-05:00,86.56999969482422,86.65989685058594,86.56999969482422,86.65769958496094,8642001
2026-02-02 14:30:00-05:00,86.66000366210938,86.71600341796875,86.57499694824219,86.58000183105469,1547097
2026-02-02 15:30:00-05:00,86.58000183105469,86.6500015258789,86.55999755859375,86.64990234375,2958164
2026-02-03 09:30:00-05:00,86.52410125732422,86.56500244140625,86.44000244140625,86.4800033569336,2937824
2026-02-03 10:30:00-05:00,86.51499938964844,86.55999755859375,86.42839813232422,86.5250015258789,2074379
2026-02-03 11:30:00-05:00,86.4749984741211,86.625,86.44499969482422,86.51000213623047,1972402
2026-02-03 12:30:00-05:00,86.54000091552734,86.54000091552734,86.43000030517578,86.47000122070312,1389005
2026-02-03 13:30:00-05:00,86.70999908447266,86.76499938964844,86.54000091552734,86.54499816894531,1798653
2026-02-03 14:30:00-05:00,86.71499633789062,86.76000213623047,86.66000366210938,86.71499633789062,1210112
2026-02-03 15:30:00-05:00,86.76499938964844,86.77999877929688,86.71499633789062,86.72000122070312,1673582
2026-02-04 09:30:00-05:00,86.52100372314453,86.77749633789062,86.51000213623047,86.62999725341797,3788184
2026-02-04 10:30:00-05:00,86.5199966430664,86.67500305175781,86.46009826660156,86.5199966430664,2554752
2026-02-04 11:30:00-05:00,86.66510009765625,86.7300033569336,86.48999786376953,86.5199966430664,2332214
2026-02-04 12:30:00-05:00,86.5250015258789,86.69999694824219,86.51000213623047,86.66500091552734,2200970
2026-02-04 13:30:00-05:00,86.51499938964844,86.63500213623047,86.48210144042969,86.5250015258789,1869816
2026-02-04 14:30:00-05:00,86.52999877929688,86.58999633789062,86.50499725341797,86.51000213623047,1244764
2026-02-04 15:30:00-05:00,86.54000091552734,86.55999755859375,86.5199966430664,86.53500366210938,1949085
2026-02-05 09:30:00-05:00,87.24500274658203,87.27999877929688,86.75,86.94499969482422,7230810
2026-02-05 10:30:00-05:00,87.25,87.37000274658203,87.19000244140625,87.23999786376953,6031055
2026-02-05 11:30:00-05:00,87.30000305175781,87.36000061035156,87.2249984741211,87.24500274658203,3469577
2026-02-05 12:30:00-05:00,87.36000061035156,87.37000274658203,87.25,87.30159759521484,1937250
2026-02-05 13:30:00-05:00,87.30500030517578,87.37000274658203,87.2699966430664,87.3499984741211,1436031
2026-02-05 14:30:00-05:00,87.4000015258789,87.4000015258789,87.25,87.30999755859375,1808104
2026-02-05 15:30:00-05:00,87.44999694824219,87.47000122070312,87.37000274658203,87.3949966430664,3876140
2026-02-06 09:30:00-05:00,87.23500061035156,87.5199966430664,87.22209930419922,87.44999694824219,4988681
2026-02-06 10:30:00-05:00,87.29000091552734,87.34639739990234,87.19999694824219,87.2300033569336,1765498
2026-02-06 11:30:00-05:00,87.28500366210938,87.32990264892578,87.25,87.29000091552734,1071586
2026-02-06 12:30:00-05:00,87.33999633789062,87.37090301513672,87.25,87.28500366210938,983417
2026-02-06 13:30:00-05:00,87.36499786376953,87.38500213623047,87.33000183105469,87.33499908447266,905802
2026-02-06 14:30:00-05:00,87.43000030517578,87.47000122070312,87.36000061035156,87.36990356445312,976535
2026-02-06 15:30:00-05:00,87.51000213623047,87.51000213623047,87.43000030517578,87.43499755859375,3476667
2026-02-09 09:30:00-05:00,87.23500061035156,87.25,87.03500366210938,87.20999908447266,3592537
2026-02-09 10:30:00-05:00,87.32499694824219,87.4000015258789,87.16889953613281,87.23989868164062,1544388
2026-02-09 11:30:00-05:00,87.44979858398438,87.47000122070312,87.23500061035156,87.32499694824219,1613490
2026-02-09 12:30:00-05:00,87.42019653320312,87.47000122070312,87.375,87.44999694824219,1178348
2026-02-09 13:30:00-05:00,87.54000091552734,87.54669952392578,87.4000015258789,87.42500305175781,853202
2026-02-09 14:30:00-05:00,87.51000213623047,87.58000183105469,87.4801025390625,87.54000091552734,1726089
2026-02-09 15:30:00-05:00,87.5199966430664,87.54000091552734,87.47000122070312,87.51499938964844,1987759
2026-02-10 09:30:00-05:00,88.375,88.43000030517578,88.22000122070312,88.2300033569336,5415554
2026-02-10 10:30:00-05:00,88.4968032836914,88.52999877929688,88.33999633789062,88.37999725341797,2898936
2026-02-10 11:30:00-05:00,88.44989776611328,88.51499938964844,88.33499908447266,88.5,2048344
2026-02-10 12:30:00-05:00,88.33000183105469,88.46029663085938,88.31999969482422,88.44499969482422,1730702
2026-02-10 13:30:00-05:00,88.36499786376953,88.37000274658203,88.27999877929688,88.32990264892578,1299804
2026-02-10 14:30:00-05:00,88.43499755859375,88.44999694824219,88.3499984741211,88.36499786376953,1564332
2026-02-10 15:30:00-05:00,88.51499938964844,88.5250015258789,88.43000030517578,88.43499755859375,3421468
2026-02-11 09:30:00-05:00,88.2300033569336,88.25,87.98999786376953,88.04070281982422,5118037
2026-02-11 10:30:00-05:00,88.21499633789062,88.25499725341797,88.08000183105469,88.23989868164062,1957221
2026-02-11 11:30:00-05:00,88.375,88.4749984741211,88.19000244140625,88.21499633789062,1785760
2026-02-11 12:30:00-05:00,88.05999755859375,88.44499969482422,88.05130004882812,88.37000274658203,1728545
2026-02-11 13:30:00-05:00,88.09010314941406,88.18499755859375,87.95999908447266,88.06500244140625,2688612
2026-02-11 14:30:00-05:00,87.9800033569336,88.1050033569336,87.93499755859375,88.09200286865234,1658253
2026-02-11 15:30:00-05:00,88.05000305175781,88.07499694824219,87.96499633789062,87.98500061035156,2257037
2026-02-12 09:30:00-05:00,88.59500122070312,88.63500213623047,88.3550033569336,88.36499786376953,2770490
2026-02-12 10:30:00-05:00,88.79000091552734,88.83499908447266,88.57009887695312,88.59149932861328,3693126
2026-02-12 11:30:00-05:00,88.67500305175781,88.79499816894531,88.66000366210938,88.79499816894531,3091132
2026-02-12 12:30:00-05:00,89.21499633789062,89.25,88.61499786376953,88.67500305175781,4855455
2026-02-12 13:30:00-05:00,89.23200225830078,89.27999877929688,89.12000274658203,89.22000122070312,4180793
2026-02-12 14:30:00-05:00,89.26010131835938,89.2698974609375,89.18319702148438,89.2300033569336,2146836
2026-02-12 15:30:00-05:00,89.22000122070312,89.27999877929688,89.19999694824219,89.2665023803711,2894770
2026-02-13 09:30:00-05:00,89.57029724121094,89.80999755859375,89.54499816894531,89.625,8125582
2026-02-13 10:30:00-05:00,89.69999694824219,89.72000122070312,89.52239990234375,89.58000183105469,3579660
2026-02-13 11:30:00-05:00,89.6698989868164,89.78500366210938,89.6500015258789,89.69999694824219,3557921
2026-02-13 12:30:00-05:00,89.63999938964844,89.67500305175781,89.58499908447266,89.66500091552734,2057417
2026-02-13 13:30:00-05:00,89.7249984741211,89.7249984741211,89.57499694824219,89.63999938964844,1196195
2026-02-13 14:30:00-05:00,89.74500274658203,89.76000213623047,89.61000061035156,89.7249984741211,1617019
2026-02-13 15:30:00-05:00,89.69999694824219,89.75,89.66999816894531,89.74500274658203,6091079
2026-02-17 09:30:00-05:00,89.93009948730469,90.0199966430664,89.80000305175781,89.92500305175781,6215785
2026-02-17 10:30:00-05:00,89.90499877929688,90.12000274658203,89.86969757080078,89.93499755859375,3653584
2026-02-17 11:30:00-05:00,89.90499877929688,90.0,89.875,89.90879821777344,1490056
2026-02-17 12:30:00-05:00,89.81500244140625,89.94000244140625,89.76000213623047,89.9000015258789,1634478
2026-02-17 13:30:00-05:00,89.875,89.8864974975586,89.80999755859375,89.80999755859375,940886
2026-02-17 14:30:00-05:00,89.92500305175781,89.94000244140625,89.86009979248047,89.875,1364124
2026-02-17 15:30:00-05:00,89.875,89.94999694824219,89.86000061035156,89.92990112304688,1519093
2026-02-18 09:30:00-05:00,89.6500015258789,89.79000091552734,89.61000061035156,89.69000244140625,3329119
2026-02-18 10:30:00-05:00,89.80999755859375,89.83000183105469,89.63500213623047,89.63999938964844,1748445
2026-02-18 11:30:00-05:00,89.82499694824219,89.86000061035156,89.73500061035156,89.80999755859375,2220427
2026-02-18 12:30:00-05:00,89.66000366210938,89.82499694824219,89.5199966430664,89.81999969482422,2384845
2026-02-18 13:30:00-05:00,89.56999969482422,89.66000366210938,89.51000213623047,89.65989685058594,2175708
2026-02-18 14:30:00-05:00,89.49500274658203,89.6050033569336,89.4800033569336,89.56510162353516,2709296
2026-02-18 15:30:00-05:00,89.5199966430664,89.52999877929688,89.47000122070312,89.49500274658203,2524590
2026-02-19 09:30:00-05:00,89.46499633789062,89.53070068359375,89.37999725341797,89.38999938964844,2787706
2026-02-19 10:30:00-05:00,89.49500274658203,89.52899932861328,89.36499786376953,89.46029663085938,1399645
2026-02-19 11:30:00-05:00,89.47000122070312,89.54000091552734,89.43450164794922,89.49009704589844,1449257
2026-02-19 12:30:00-05:00,89.6449966430664,89.65989685058594,89.43939971923828,89.47000122070312,1817422
2026-02-19 13:30:00-05:00,89.67649841308594,89.72000122070312,89.62000274658203,89.63999938964844,1331024
2026-02-19 14:30:00-05:00,89.62370300292969,89.69000244140625,89.55870056152344,89.677001953125,2885742
2026-02-19 15:30:00-05:00,89.625,89.6449966430664,89.5999984741211,89.62969970703125,1254243
2026-02-20 09:30:00-05:00,89.20999908447266,89.7300033569336,88.93499755859375,89.69999694824219,9388802
2026-02-20 10:30:00-05:00,89.30000305175781,89.4000015258789,89.11129760742188,89.19999694824219,3833236
2026-02-20 11:30:00-05:00,89.29060363769531,89.33499908447266,89.18000030517578,89.30000305175781,2640873
2026-02-20 12:30:00-05:00,89.20999908447266,89.29499816894531,89.12999725341797,89.29499816894531,1481493
2026-02-20 13:30:00-05:00,89.34609985351562,89.3949966430664,89.18499755859375,89.22000122070312,2292759
2026-02-20 14:30:00-05:00,89.39969635009766,89.44999694824219,89.30999755859375,89.34989929199219,1491499
2026-02-20 15:30:00-05:00,89.41000366210938,89.45649719238281,89.38999938964844,89.3949966430664,2200040
2026-02-23 09:30:00-05:00,89.6500015258789,89.66000366210938,89.52999877929688,89.55500030517578,3611760
2026-02-23 10:30:00-05:00,89.87000274658203,89.94999694824219,89.62999725341797,89.6500015258789,3794368
2026-02-23 11:30:00-05:00,89.93499755859375,89.95989990234375,89.8550033569336,89.875,2725211
2026-02-23 12:30:00-05:00,89.90689849853516,90.0,89.88009643554688,89.93499755859375,1088174
2026-02-23 13:30:00-05:00,89.79000091552734,89.94999694824219,89.79000091552734,89.90499877929688,1134091
2026-02-23 14:30:00-05:00,89.7249984741211,89.8550033569336,89.72000122070312,89.78900146484375,1439157
2026-02-23 15:30:00-05:00,89.7300033569336,89.76499938964844,89.69000244140625,89.7249984741211,2276193
2026-02-24 09:30:00-05:00,89.86499786376953,90.0199966430664,89.76300048828125,89.94000244140625,3472154
2026-02-24 10:30:00-05:00,89.95500183105469,90.05000305175781,89.8550033569336,89.86000061035156,7979540
2026-02-24 11:30:00-05:00,89.90499877929688,89.98999786376953,89.87999725341797,89.95500183105469,0
2026-02-24 12:30:00-05:00,89.95500183105469,90.00499725341797,89.87999725341797,89.90499877929688,1069623
2026-02-24 13:30:00-05:00,89.93000030517578,90.0,89.88500213623047,89.95010375976562,898070
2026-02-24 14:30:00-05:00,89.78739929199219,89.94239807128906,89.77999877929688,89.92510223388672,1148770
2026-02-24 15:30:00-05:00,89.88999938964844,89.91000366210938,89.78500366210938,89.79000091552734,1796795
2026-02-25 09:30:00-05:00,89.7750015258789,89.82499694824219,89.70999908447266,89.72000122070312,2257099
2026-02-25 10:30:00-05:00,89.91999816894531,89.91999816894531,89.77999877929688,89.77999877929688,1654927
2026-02-25 11:30:00-05:00,90.05000305175781,90.06999969482422,89.91999816894531,89.92500305175781,1379021
2026-02-25 12:30:00-05:00,90.00499725341797,90.08000183105469,89.99210357666016,90.0531997680664,1418626
2026-02-25 13:30:00-05:00,89.88500213623047,90.01529693603516,89.87000274658203,90.0000991821289,1837373
2026-02-25 14:30:00-05:00,89.84500122070312,89.9000015258789,89.82009887695312,89.88500213623047,1171911
2026-02-25 15:30:00-05:00,89.9000015258789,89.90129852294922,89.8301010131836,89.84500122070312,11279990
2026-02-26 09:30:00-05:00,90.14009857177734,90.2300033569336,90.05000305175781,90.06500244140625,3455076
2026-02-26 10:30:00-05:00,90.1050033569336,90.19999694824219,90.05000305175781,90.1449966430664,7631829
2026-02-26 11:30:00-05:00,90.0875015258789,90.16999816894531,90.08000183105469,90.1072998046875,0
2026-02-26 12:30:00-05:00,90.15989685058594,90.19999694824219,90.08000183105469,90.08499908447266,1488725
2026-02-26 13:30:00-05:00,90.18499755859375,90.2300033569336,90.11160278320312,90.16000366210938,1866945
2026-02-26 14:30:00-05:00,90.26499938964844,90.29000091552734,90.15499877929688,90.18499755859375,1405578
2026-02-26 15:30:00-05:00,90.2699966430664,90.31999969482422,90.25,90.2699966430664,2219959
2026-02-27 09:30:00-05:00,90.62000274658203,90.7300033569336,90.58000183105469,90.68499755859375,7610455
2026-02-27 10:30:00-05:00,90.74500274658203,90.74500274658203,90.55000305175781,90.625,2716342
2026-02-27 11:30:00-05:00,90.75499725341797,90.81999969482422,90.67379760742188,90.74500274658203,2216879
2026-02-27 12:30:00-05:00,90.74500274658203,90.79000091552734,90.67009735107422,90.75499725341797,2136795
2026-02-27 13:30:00-05:00,90.7936019897461,90.86000061035156,90.72429656982422,90.74500274658203,3670936
2026-02-27 14:30:00-05:00,90.74500274658203,90.80000305175781,90.71009826660156,90.80000305175781,3881120
2026-02-27 15:30:00-05:00,90.77999877929688,90.81999969482422,90.73999786376953,90.73999786376953,4933134
2026-03-02 09:30:00-05:00,89.7249984741211,89.98500061035156,89.55000305175781,89.97000122070312,16886897
2026-03-02 10:30:00-05:00,89.55999755859375,89.73999786376953,89.45999908447266,89.72740173339844,0
2026-03-02 11:30:00-05:00,89.37000274658203,89.59500122070312,89.3550033569336,89.56500244140625,17609741
2026-03-02 12:30:00-05:00,89.50689697265625,89.52999877929688,89.36499786376953,89.36499786376953,0
2026-03-02 13:30:00-05:00,89.47709655761719,89.55999755859375,89.46369934082031,89.50499725341797,2037976
2026-03-02 14:30:00-05:00,89.54499816894531,89.5999984741211,89.46499633789062,89.47010040283203,21088880
2026-03-02 15:30:00-05:00,89.62000274658203,89.62999725341797,89.52999877929688,89.54000091552734,6239688
2026-03-03 09:30:00-05:00,89.375,89.40899658203125,88.93499755859375,88.970703125,14465812
2026-03-03 10:30:00-05:00,89.3301010131836,89.4749984741211,89.21499633789062,89.37000274658203,8316167
2026-03-03 11:30:00-05:00,89.36849975585938,89.58499908447266,89.32499694824219,89.33000183105469,5988625
2026-03-03 12:30:00-05:00,89.377197265625,89.43000030517578,89.30999755859375,89.36000061035156,3807382
2026-03-03 13:30:00-05:00,89.47000122070312,89.58370208740234,89.37999725341797,89.37999725341797,4283248
2026-03-03 14:30:00-05:00,89.4800033569336,89.66999816894531,89.44499969482422,89.46499633789062,4636697
2026-03-03 15:30:00-05:00,89.43000030517578,89.49500274658203,89.4000015258789,89.4749984741211,6242111
2026-03-04 09:30:00-05:00,89.18550109863281,89.30999755859375,89.09500122070312,89.2699966430664,13489375
2026-03-04 10:30:00-05:00,89.43000030517578,89.43000030517578,89.17500305175781,89.18000030517578,10597575
2026-03-04 11:30:00-05:00,89.32499694824219,89.44000244140625,89.30500030517578,89.43499755859375,4446254
2026-03-04 12:30:00-05:00,89.30000305175781,89.38999938964844,89.23999786376953,89.31999969482422,3799502
2026-03-04 13:30:00-05:00,89.30000305175781,89.36470031738281,89.25499725341797,89.30500030517578,2954086
2026-03-04 14:30:00-05:00,89.20500183105469,89.3550033569336,89.16999816894531,89.29000091552734,3570924
2026-03-04 15:30:00-05:00,89.16000366210938,89.23999786376953,89.13999938964844,89.20500183105469,5310761
2026-03-05 09:30:00-05:00,88.69499969482422,88.84500122070312,88.51000213623047,88.63500213623047,11186890
2026-03-05 10:30:00-05:00,88.58499908447266,88.80000305175781,88.57499694824219,88.69000244140625,4346254
2026-03-05 11:30:00-05:00,88.71499633789062,88.80999755859375,88.55000305175781,88.58000183105469,4680005
2026-03-05 12:30:00-05:00,88.71330261230469,88.83000183105469,88.62000274658203,88.71499633789062,4441903
2026-03-05 13:30:00-05:00,88.85600280761719,88.93499755859375,88.69000244140625,88.71499633789062,5647310
2026-03-05 14:30:00-05:00,88.8499984741211,88.87999725341797,88.66500091552734,88.8550033569336,4989995
2026-03-05 15:30:00-05:00,88.80999755859375,88.9000015258789,88.77999877929688,88.8499984741211,5567415
2026-03-06 09:30:00-05:00,88.19989776611328,88.35800170898438,88.01930236816406,88.31999969482422,18688718
2026-03-06 10:30:00-05:00,88.34500122070312,88.41500091552734,88.10489654541016,88.19999694824219,8838617
2026-03-06 11:30:00-05:00,88.75019836425781,88.7750015258789,88.30999755859375,88.3499984741211,8502150
2026-03-06 12:30:00-05:00,88.83000183105469,88.93990325927734,88.62999725341797,88.75,6379111
2026-03-06 13:30:00-05:00,88.75,88.87000274658203,88.7300033569336,88.82499694824219,3006234
2026-03-06 14:30:00-05:00,88.50499725341797,88.8499984741211,88.5000991821289,88.74970245361328,3834715
2026-03-06 15:30:00-05:00,88.46499633789062,88.58000183105469,88.44999694824219,88.50900268554688,6079733
2026-03-09 09:30:00-04:00,88.46499633789062,88.53500366210938,88.20500183105469,88.29499816894531,12771915
2026-03-09 10:30:00-04:00,88.75060272216797,88.77999877929688,88.44010162353516,88.46499633789062,6737080
2026-03-09 11:30:00-04:00,88.86009979248047,88.90499877929688,88.73989868164062,88.75,5162911
2026-03-09 12:30:00-04:00,88.95500183105469,89.04000091552734,88.83000183105469,88.86000061035156,5328811
2026-03-09 13:30:00-04:00,88.94000244140625,89.02999877929688,88.87999725341797,88.95500183105469,3911522
2026-03-09 14:30:00-04:00,89.11499786376953,89.19499969482422,88.87000274658203,88.9406967163086,5556793
2026-03-09 15:30:00-04:00,89.2125015258789,89.31500244140625,89.05999755859375,89.11990356445312,8091934
2026-03-10 09:30:00-04:00,88.76000213623047,88.86000061035156,88.66000366210938,88.80000305175781,9073570
2026-03-10 10:30:00-04:00,88.82499694824219,88.91500091552734,88.7249984741211,88.76000213623047,5702119
2026-03-10 11:30:00-04:00,88.83499908447266,88.94999694824219,88.74320220947266,88.81999969482422,4255117
2026-03-10 12:30:00-04:00,88.77989959716797,88.91999816894531,88.7300033569336,88.83499908447266,4671198
2026-03-10 13:30:00-04:00,88.50499725341797,88.79540252685547,88.2699966430664,88.7750015258789,8101088
2026-03-10 14:30:00-04:00,88.40499877929688,88.56500244140625,88.4000015258789,88.50499725341797,3944330
2026-03-10 15:30:00-04:00,88.29000091552734,88.42500305175781,88.2699966430664,88.40499877929688,7647137
2026-03-11 09:30:00-04:00,87.5999984741211,87.80999755859375,87.58000183105469,87.75,12803449
2026-03-11 10:30:00-04:00,87.36499786376953,87.62000274658203,87.36000061035156,87.6050033569336,6458866
2026-03-11 11:30:00-04:00,87.29930114746094,87.3949966430664,87.19999694824219,87.36990356445312,6973417
2026-03-11 12:30:00-04:00,87.18779754638672,87.4000015258789,87.13500213623047,87.29989624023438,5618139
2026-03-11 13:30:00-04:00,87.29499816894531,87.3550033569336,87.07499694824219,87.18000030517578,5289362
2026-03-11 14:30:00-04:00,87.26000213623047,87.37989807128906,87.25969696044922,87.29000091552734,4702540
2026-03-11 15:30:00-04:00,87.13999938964844,87.27989959716797,87.13999938964844,87.26000213623047,5285708
2026-03-12 09:30:00-04:00,87.07019805908203,87.1449966430664,86.7750015258789,86.9010009765625,9755135
2026-03-12 10:30:00-04:00,86.89990234375,87.19000244140625,86.875,87.08000183105469,6694129
2026-03-12 11:30:00-04:00,86.97000122070312,87.12000274658203,86.87999725341797,86.8949966430664,6454817
2026-03-12 12:30:00-04:00,87.152099609375,87.19000244140625,86.94010162353516,86.95999908447266,5403346
2026-03-12 13:30:00-04:00,87.08100128173828,87.24500274658203,87.05000305175781,87.16000366210938,3898176
2026-03-12 14:30:00-04:00,86.90290069580078,87.12000274658203,86.84500122070312,87.08000183105469,4901158
2026-03-12 15:30:00-04:00,86.97000122070312,87.06999969482422,86.9000015258789,86.90499877929688,6750906
2026-03-13 09:30:00-04:00,87.02010345458984,87.1449966430664,86.91999816894531,86.92500305175781,8035593
2026-03-13 10:30:00-04:00,86.66999816894531,87.12000274658203,86.62339782714844,87.0199966430664,6589481
2026-03-13 11:30:00-04:00,86.54000091552734,86.72000122070312,86.48999786376953,86.66500091552734,5773985
2026-03-13 12:30:00-04:00,86.55999755859375,86.58499908447266,86.47000122070312,86.53990173339844,3225177
2026-03-13 13:30:00-04:00,86.55000305175781,86.63990020751953,86.51000213623047,86.5552978515625,2505272
2026-03-13 14:30:00-04:00,86.59500122070312,86.66699981689453,86.54499816894531,86.55010223388672,3482604
2026-03-13 15:30:00-04:00,86.54000091552734,86.62000274658203,86.54000091552734,86.59989929199219,6951011
2026-03-16 09:30:00-04:00,87.29499816894531,87.33499908447266,87.13500213623047,87.17030334472656,5347265
2026-03-16 10:30:00-04:00,87.19999694824219,87.28990173339844,87.0801010131836,87.27999877929688,2850428
2026-03-16 11:30:00-04:00,87.0250015258789,87.25,87.01499938964844,87.19999694824219,2391142
2026-03-16 12:30:00-04:00,87.08499908447266,87.10870361328125,86.96029663085938,87.0250015258789,1409745
2026-03-16 13:30:00-04:00,87.2699966430664,87.27999877929688,87.07499694824219,87.08000183105469,1823239
2026-03-16 14:30:00-04:00,87.27999877929688,87.32499694824219,87.2300033569336,87.26899719238281,1787513
2026-03-16 15:30:00-04:00,87.20999908447266,87.27999877929688,87.16999816894531,87.27749633789062,2661721
2026-03-17 09:30:00-04:00,87.41000366210938,87.46499633789062,87.31500244140625,87.36000061035156,2350379
2026-03-17 10:30:00-04:00,87.51499938964844,87.55000305175781,87.4000015258789,87.41999816894531,1618968
2026-03-17 11:30:00-04:00,87.55509948730469,87.55999755859375,87.41000366210938,87.51000213623047,1608735
2026-03-17 12:30:00-04:00,87.49500274658203,87.56999969482422,87.43000030517578,87.55000305175781,1109205
2026-03-17 13:30:00-04:00,87.45500183105469,87.53500366210938,87.43499755859375,87.49500274658203,774448
2026-03-17 14:30:00-04:00,87.45500183105469,87.47000122070312,87.38020324707031,87.45989990234375,809298
2026-03-17 15:30:00-04:00,87.45999908447266,87.54000091552734,87.43000030517578,87.45919799804688,1680320
2026-03-18 09:30:00-04:00,87.23500061035156,87.38500213623047,87.20999908447266,87.36000061035156,3258077
2026-03-18 10:30:00-04:00,87.2699966430664,87.31610107421875,87.16000366210938,87.2300033569336,6819856
2026-03-18 11:30:00-04:00,87.3499984741211,87.36000061035156,87.2197036743164,87.26000213623047,0
2026-03-18 12:30:00-04:00,87.23999786376953,87.36000061035156,87.22000122070312,87.34500122070312,1341011
2026-03-18 13:30:00-04:00,87.45500183105469,87.4800033569336,87.25,87.25,1952517
2026-03-18 14:30:00-04:00,87.00499725341797,87.45999908447266,86.95500183105469,87.45500183105469,3664435
2026-03-18 15:30:00-04:00,86.95500183105469,87.08989715576172,86.93000030517578,87.01000213623047,20622347
2026-03-19 09:30:00-04:00,87.28500366210938,87.41000366210938,86.97010040283203,87.05000305175781,13106742
2026-03-19 10:30:00-04:00,87.41000366210938,87.48999786376953,87.23500061035156,87.28500366210938,5720447
2026-03-19 11:30:00-04:00,87.63999938964844,87.65989685058594,87.30500030517578,87.41000366210938,0
2026-03-19 12:30:00-04:00,87.4697036743164,87.67500305175781,87.41000366210938,87.6500015258789,2812292
2026-03-19 13:30:00-04:00,87.375,87.5199966430664,87.31500244140625,87.47000122070312,2706675
2026-03-19 14:30:00-04:00,87.59500122070312,87.7249984741211,87.30999755859375,87.37010192871094,3561187
2026-03-19 15:30:00-04:00,87.49500274658203,87.68000030517578,87.47000122070312,87.5999984741211,5615062
2026-03-20 09:30:00-04:00,86.2249984741211,86.86000061035156,86.20999908447266,86.80999755859375,14748375
2026-03-20 10:30:00-04:00,85.90699768066406,86.26000213623047,85.86000061035156,86.22000122070312,18375853
2026-03-20 11:30:00-04:00,86.07499694824219,86.25,85.88030242919922,85.91000366210938,7803652
2026-03-20 12:30:00-04:00,86.0999984741211,86.19499969482422,85.95999908447266,86.07499694824219,6167079
2026-03-20 13:30:00-04:00,85.83000183105469,86.1500015258789,85.80000305175781,86.1050033569336,5492392
2026-03-20 14:30:00-04:00,85.79000091552734,85.86499786376953,85.76000213623047,85.83999633789062,8674312
2026-03-20 15:30:00-04:00,85.86000061035156,85.875,85.7699966430664,85.79499816894531,7924129
2026-03-23 09:30:00-04:00,86.55500030517578,86.59500122070312,86.0,86.16999816894531,20071689
2026-03-23 10:30:00-04:00,86.51000213623047,86.72000122070312,86.37000274658203,86.55000305175781,10992591
2026-03-23 11:30:00-04:00,85.95500183105469,86.56500244140625,85.93499755859375,86.5199966430664,9736128
2026-03-23 12:30:00-04:00,86.20500183105469,86.24600219726562,85.95500183105469,85.95500183105469,7854971
2026-03-23 13:30:00-04:00,86.41999816894531,86.44000244140625,86.18499755859375,86.20999908447266,5994826
2026-03-23 14:30:00-04:00,86.40499877929688,86.58000183105469,86.40499877929688,86.41999816894531,4564327
2026-03-23 15:30:00-04:00,86.37999725341797,86.5250015258789,86.36229705810547,86.41000366210938,6517979
2026-03-24 09:30:00-04:00,85.97000122070312,85.9749984741211,85.55999755859375,85.72000122070312,11741478
2026-03-24 10:30:00-04:00,86.2499008178711,86.25,85.95999908447266,85.9719009399414,7765790
2026-03-24 11:30:00-04:00,86.12999725341797,86.27999877929688,85.97989654541016,86.25,5346718
2026-03-24 12:30:00-04:00,85.75499725341797,86.16999816894531,85.63500213623047,86.125,6460862
2026-03-24 13:30:00-04:00,85.95500183105469,85.97209930419922,85.6500015258789,85.76000213623047,5198188
2026-03-24 14:30:00-04:00,86.11499786376953,86.22000122070312,85.95999908447266,85.95999908447266,5165191
2026-03-24 15:30:00-04:00,86.01499938964844,86.1449966430664,86.01000213623047,86.11499786376953,4609643
2026-03-25 09:30:00-04:00,86.62000274658203,86.83000183105469,86.4800033569336,86.7699966430664,9171826
2026-03-25 10:30:00-04:00,86.81999969482422,86.87000274658203,86.54000091552734,86.62000274658203,5657848
2026-03-25 11:30:00-04:00,86.80000305175781,86.875,86.70999908447266,86.81999969482422,3893142
2026-03-25 12:30:00-04:00,86.70999908447266,86.875,86.63999938964844,86.80000305175781,3821764
2026-03-25 13:30:00-04:00,86.70500183105469,86.83499908447266,86.66999816894531,86.71499633789062,3947332
2026-03-25 14:30:00-04:00,86.7699966430664,86.81999969482422,86.66999816894531,86.70500183105469,3357215
2026-03-25 15:30:00-04:00,86.83000183105469,86.83999633789062,86.72229766845703,86.77989959716797,4398632
2026-03-26 09:30:00-04:00,86.48500061035156,86.61000061035156,86.32499694824219,86.3499984741211,5616363
2026-03-26 10:30:00-04:00,86.33509826660156,86.57499694824219,86.33000183105469,86.4800033569336,4376704
2026-03-26 11:30:00-04:00,86.1698989868164,86.3499984741211,86.1449966430664,86.33000183105469,9872038
2026-03-26 12:30:00-04:00,86.06990051269531,86.16500091552734,85.97000122070312,86.16500091552734,3895853
2026-03-26 13:30:00-04:00,86.0199966430664,86.1050033569336,85.93000030517578,86.06500244140625,3784917
2026-03-26 14:30:00-04:00,86.21499633789062,86.3499984741211,86.0199966430664,86.0199966430664,3823480
2026-03-26 15:30:00-04:00,86.11499786376953,86.2300033569336,86.11499786376953,86.22000122070312,4214743
2026-03-27 09:30:00-04:00,85.68000030517578,85.7699966430664,85.44999694824219,85.49500274658203,10773686
2026-03-27 10:30:00-04:00,85.99500274658203,86.01000213623047,85.65249633789062,85.66999816894531,6370893
2026-03-27 11:30:00-04:00,85.95500183105469,86.06999969482422,85.91000366210938,85.99500274658203,4151528
2026-03-27 12:30:00-04:00,85.81999969482422,86.0999984741211,85.7699966430664,85.96499633789062,3221857
2026-03-27 13:30:00-04:00,85.625,85.95999908447266,85.5999984741211,85.81999969482422,4075790
2026-03-27 14:30:00-04:00,85.62000274658203,85.6500015258789,85.52999877929688,85.62000274658203,3699345
2026-03-27 15:30:00-04:00,85.65499877929688,85.69000244140625,85.55999755859375,85.62010192871094,5032822
2026-03-30 09:30:00-04:00,86.61009979248047,86.66999816894531,86.48500061035156,86.63500213623047,8031342
2026-03-30 10:30:00-04:00,86.76719665527344,86.83999633789062,86.58390045166016,86.61000061035156,4812092
2026-03-30 11:30:00-04:00,86.75499725341797,86.87999725341797,86.75,86.76499938964844,3676629
2026-03-30 12:30:00-04:00,86.67500305175781,86.94999694824219,86.67500305175781,86.75,3877556
2026-03-30 13:30:00-04:00,86.67500305175781,86.78500366210938,86.66999816894531,86.66999816894531,2199836
2026-03-30 14:30:00-04:00,86.66500091552734,86.75499725341797,86.57319641113281,86.67500305175781,2894900
2026-03-30 15:30:00-04:00,86.77999877929688,86.80000305175781,86.63999938964844,86.66999816894531,5695129
2026-03-31 09:30:00-04:00,86.7699966430664,86.95999908447266,86.72000122070312,86.94999694824219,5745812
2026-03-31 10:30:00-04:00,86.62999725341797,86.77999877929688,86.57499694824219,86.7699966430664,4305327
2026-03-31 11:30:00-04:00,86.75,86.75,86.56999969482422,86.62999725341797,2682779
2026-03-31 12:30:00-04:00,86.92500305175781,87.12000274658203,86.73500061035156,86.76000213623047,7071728
2026-03-31 13:30:00-04:00,86.9749984741211,87.01740264892578,86.87000274658203,86.91999816894531,7740530
2026-03-31 14:30:00-04:00,87.05999755859375,87.05999755859375,86.79000091552734,86.9749984741211,6126768
2026-03-31 15:30:00-04:00,86.69000244140625,87.16000366210938,86.6500015258789,87.05500030517578,10207025
2026-04-01 09:30:00-04:00,86.46499633789062,86.4800033569336,86.23999786376953,86.2750015258789,8717721
2026-04-01 10:30:00-04:00,86.625,86.69999694824219,86.37000274658203,86.46009826660156,4555920
2026-04-01 11:30:00-04:00,86.66000366210938,86.70500183105469,86.56999969482422,86.625,3318475
2026-04-01 12:30:00-04:00,86.61000061035156,86.70500183105469,86.58000183105469,86.66000366210938,1616191
2026-04-01 13:30:00-04:00,86.44999694824219,86.5999984741211,86.31999969482422,86.5999984741211,2902527
2026-04-01 14:30:00-04:00,86.27999877929688,86.54000091552734,86.27999877929688,86.44499969482422,2648299
2026-04-01 15:30:00-04:00,86.2699966430664,86.31500244140625,86.2300033569336,86.28500366210938,3609744
2026-04-02 09:30:00-04:00,86.69999694824219,86.73999786376953,86.15070343017578,86.20500183105469,8899688
2026-04-02 10:30:00-04:00,86.72000122070312,86.8499984741211,86.6500015258789,86.68499755859375,3522849
2026-04-02 11:30:00-04:00,86.66999816894531,86.7699966430664,86.60590362548828,86.7300033569336,2685013
2026-04-02 12:30:00-04:00,86.65499877929688,86.69819641113281,86.54010009765625,86.67500305175781,2380182
2026-04-02 13:30:00-04:00,86.625,86.66000366210938,86.55500030517578,86.66000366210938,3158869
2026-04-02 14:30:00-04:00,86.75499725341797,86.80000305175781,86.59290313720703,86.62999725341797,2109844
2026-04-02 15:30:00-04:00,86.76499938964844,86.80000305175781,86.7300033569336,86.75990295410156,3749618
2026-04-06 09:30:00-04:00,86.74500274658203,86.7698974609375,86.38999938964844,86.4800033569336,4868277
2026-04-06 10:30:00-04:00,86.63500213623047,86.80000305175781,86.5718994140625,86.74500274658203,1850051
2026-04-06 11:30:00-04:00,86.78500366210938,86.81999969482422,86.62000274658203,86.63500213623047,1944783
2026-04-06 12:30:00-04:00,86.63990020751953,86.81500244140625,86.50990295410156,86.78500366210938,1475854
2026-04-06 13:30:00-04:00,86.80999755859375,86.8499984741211,86.58999633789062,86.62999725341797,1133256
2026-04-06 14:30:00-04:00,86.69499969482422,86.83000183105469,86.6500015258789,86.80500030517578,1322667
2026-04-06 15:30:00-04:00,86.6500015258789,86.7300033569336,86.6500015258789,86.69999694824219,966282
2026-04-07 09:30:00-04:00,86.17500305175781,86.55500030517578,86.08000183105469,86.5199966430664,4678112
2026-04-07 10:30:00-04:00,86.1500015258789,86.23999786376953,85.91000366210938,86.16999816894531,3524797
2026-04-07 11:30:00-04:00,86.22000122070312,86.3499984741211,86.09010314941406,86.15499877929688,3528339
2026-04-07 12:30:00-04:00,86.08499908447266,86.23999786376953,86.02999877929688,86.22000122070312,1871601
2026-04-07 13:30:00-04:00,86.30999755859375,86.33999633789062,86.08000183105469,86.08000183105469,1370398
2026-04-07 14:30:00-04:00,86.51000213623047,86.51899719238281,86.23500061035156,86.31500244140625,2345885
2026-04-07 15:30:00-04:00,86.63999938964844,86.67500305175781,86.48500061035156,86.51000213623047,3367538
2026-04-08 09:30:00-04:00,87.20500183105469,87.3550033569336,87.0822982788086,87.3499984741211,6606822
2026-04-08 10:30:00-04:00,87.06999969482422,87.2249984741211,87.0199966430664,87.20999908447266,2589318
2026-04-08 11:30:00-04:00,86.9749984741211,87.19000244140625,86.91310119628906,87.07499694824219,1641409
2026-04-08 12:30:00-04:00,86.88189697265625,86.9749984741211,86.86000061035156,86.9749984741211,1425726
2026-04-08 13:30:00-04:00,86.81500244140625,86.98999786376953,86.7522964477539,86.88500213623047,2317533
2026-04-08 14:30:00-04:00,86.79499816894531,86.8499984741211,86.7300033569336,86.83999633789062,1260180
2026-04-08 15:30:00-04:00,86.91000366210938,86.93000030517578,86.80999755859375,86.80999755859375,3772719
2026-04-09 09:30:00-04:00,86.5,86.77999877929688,86.44999694824219,86.69000244140625,2825641
2026-04-09 10:30:00-04:00,86.625,86.66500091552734,86.39240264892578,86.50990295410156,2137130
2026-04-09 11:30:00-04:00,87.0,87.08000183105469,86.60009765625,86.62000274658203,3130306
2026-04-09 12:30:00-04:00,87.05000305175781,87.13009643554688,86.93000030517578,86.99500274658203,1928900
2026-04-09 13:30:00-04:00,86.73500061035156,87.05000305175781,86.72000122070312,87.05000305175781,2155712
2026-04-09 14:30:00-04:00,86.63999938964844,86.74500274658203,86.61000061035156,86.73989868164062,2057558
2026-04-09 15:30:00-04:00,86.71499633789062,86.7300033569336,86.62999725341797,86.63500213623047,2282236
2026-04-10 09:30:00-04:00,86.50499725341797,86.6449966430664,86.46499633789062,86.5999984741211,2960826
2026-04-10 10:30:00-04:00,86.625,86.68000030517578,86.4520034790039,86.51000213623047,2001938
2026-04-10 11:30:00-04:00,86.4000015258789,86.6500015258789,86.36499786376953,86.62000274658203,1283994
2026-04-10 12:30:00-04:00,86.40499877929688,86.43990325927734,86.33000183105469,86.38999938964844,1040108
2026-04-10 13:30:00-04:00,86.50260162353516,86.51000213623047,86.36499786376953,86.39199829101562,970629
2026-04-10 14:30:00-04:00,86.50499725341797,86.53990173339844,86.44999694824219,86.50499725341797,894618
2026-04-10 15:30:00-04:00,86.51000213623047,86.5250015258789,86.4800033569336,86.51000213623047,1842906
2026-04-13 09:30:00-04:00,86.41000366210938,86.66500091552734,86.38500213623047,86.42620086669922,2636146
2026-04-13 10:30:00-04:00,86.37000274658203,86.45999908447266,86.30999755859375,86.41999816894531,1309145
2026-04-13 11:30:00-04:00,86.55000305175781,86.55500030517578,86.25,86.36000061035156,1395053
2026-04-13 12:30:00-04:00,86.59500122070312,86.68000030517578,86.54499816894531,86.54930114746094,1951473
2026-04-13 13:30:00-04:00,86.63500213623047,86.69000244140625,86.57499694824219,86.5999984741211,865816
2026-04-13 14:30:00-04:00,86.70500183105469,86.70999908447266,86.625,86.63009643554688,910489
2026-04-13 15:30:00-04:00,86.74500274658203,86.80000305175781,86.68150329589844,86.70500183105469,2186127
2026-04-14 09:30:00-04:00,86.9000015258789,86.93499755859375,86.62999725341797,86.71499633789062,3015847
2026-04-14 10:30:00-04:00,86.94999694824219,87.00499725341797,86.86499786376953,86.9000015258789,2176087
2026-04-14 11:30:00-04:00,87.0199966430664,87.05000305175781,86.94180297851562,86.94499969482422,1297747
2026-04-14 12:30:00-04:00,87.05500030517578,87.07759857177734,86.94999694824219,87.01499938964844,811485
2026-04-14 13:30:00-04:00,87.15010070800781,87.18000030517578,87.02999877929688,87.05000305175781,1461748
2026-04-14 14:30:00-04:00,87.13999938964844,87.18000030517578,87.11000061035156,87.1500015258789,982893
2026-04-14 15:30:00-04:00,87.19999694824219,87.23999786376953,87.13999938964844,87.1449966430664,3020501
2026-04-15 09:30:00-04:00,87.0250015258789,87.06990051269531,86.94999694824219,87.0199966430664,2457312
2026-04-15 10:30:00-04:00,86.84500122070312,87.0250015258789,86.83000183105469,87.0250015258789,1742660
2026-04-15 11:30:00-04:00,86.84989929199219,86.87000274658203,86.7249984741211,86.84010314941406,2053387
2026-04-15 12:30:00-04:00,86.86499786376953,86.87999725341797,86.80000305175781,86.8499984741211,1012795
2026-04-15 13:30:00-04:00,86.78500366210938,86.86060333251953,86.75,86.86060333251953,1072049
2026-04-15 14:30:00-04:00,86.83499908447266,86.91000366210938,86.78500366210938,86.78990173339844,1079275
2026-04-15 15:30:00-04:00,86.81500244140625,86.86000061035156,86.78500366210938,86.83000183105469,2055376
2026-04-16 09:30:00-04:00,86.65889739990234,86.97000122070312,86.62999725341797,86.91300201416016,3200554
2026-04-16 10:30:00-04:00,86.63500213623047,86.72850036621094,86.58000183105469,86.6500015258789,1653136
2026-04-16 11:30:00-04:00,86.52999877929688,86.66000366210938,86.46499633789062,86.63500213623047,1598467
2026-04-16 12:30:00-04:00,86.26499938964844,86.54499816894531,86.19999694824219,86.54000091552734,2529346
2026-04-16 13:30:00-04:00,86.31500244140625,86.3290023803711,86.23200225830078,86.26499938964844,1442392
2026-04-16 14:30:00-04:00,86.33999633789062,86.40499877929688,86.29000091552734,86.3197021484375,1233308
2026-04-16 15:30:00-04:00,86.30000305175781,86.36000061035156,86.30000305175781,86.33499908447266,3963307
2026-04-17 09:30:00-04:00,87.08499908447266,87.14779663085938,86.88999938964844,87.05000305175781,6049133
2026-04-17 10:30:00-04:00,87.08499908447266,87.18000030517578,87.02999877929688,87.08999633789062,3613939
2026-04-17 11:30:00-04:00,87.15499877929688,87.19999694824219,87.0199966430664,87.08999633789062,1775879
2026-04-17 12:30:00-04:00,87.01000213623047,87.20999908447266,86.97000122070312,87.15499877929688,3267372
2026-04-17 13:30:00-04:00,86.9800033569336,87.03720092773438,86.95500183105469,87.01000213623047,1640404
2026-04-17 14:30:00-04:00,86.99019622802734,87.04499816894531,86.95500183105469,86.97000122070312,1110358
2026-04-17 15:30:00-04:00,87.05000305175781,87.08999633789062,86.99009704589844,86.99500274658203,4724926
2026-04-20 09:30:00-04:00,86.86000061035156,87.125,86.79000091552734,87.11499786376953,3373930
2026-04-20 10:30:00-04:00,86.95500183105469,86.95999908447266,86.70999908447266,86.87000274658203,1821399
2026-04-20 11:30:00-04:00,86.93360137939453,86.98989868164062,86.86119842529297,86.94999694824219,894539
2026-04-20 12:30:00-04:00,87.0250015258789,87.03690338134766,86.88500213623047,86.94000244140625,1219833
2026-04-20 13:30:00-04:00,87.0250015258789,87.06800079345703,86.9749984741211,87.0250015258789,1255410
2026-04-20 14:30:00-04:00,87.08499908447266,87.1050033569336,87.0250015258789,87.02999877929688,1117344
2026-04-20 15:30:00-04:00,87.04000091552734,87.08999633789062,87.02999877929688,87.08989715576172,1960381
2026-04-21 09:30:00-04:00,86.90499877929688,87.09200286865234,86.87999725341797,86.97000122070312,2903628
2026-04-21 10:30:00-04:00,86.70999908447266,86.93499755859375,86.55000305175781,86.91000366210938,2475267
2026-04-21 11:30:00-04:00,86.72000122070312,86.81500244140625,86.69000244140625,86.69999694824219,1204082
2026-04-21 12:30:00-04:00,86.65499877929688,86.83000183105469,86.57150268554688,86.7249984741211,1260809
2026-04-21 13:30:00-04:00,86.71499633789062,86.86000061035156,86.65499877929688,86.65499877929688,2028016
2026-04-21 14:30:00-04:00,86.91500091552734,86.93499755859375,86.70999908447266,86.71499633789062,1687599
2026-04-21 15:30:00-04:00,86.55000305175781,86.91999816894531,86.54000091552734,86.91000366210938,4091694
2026-04-22 09:30:00-04:00,87.09010314941406,87.15499877929688,86.98500061035156,87.02999877929688,3245815
2026-04-22 10:30:00-04:00,86.9749984741211,87.09500122070312,86.87999725341797,87.08999633789062,1958825
2026-04-22 11:30:00-04:00,86.80999755859375,86.98500061035156,86.78500366210938,86.98500061035156,1097438
2026-04-22 12:30:00-04:00,86.81999969482422,86.8499984741211,86.70500183105469,86.80999755859375,1602456
2026-04-22 13:30:00-04:00,86.80660247802734,86.875,86.79499816894531,86.81990051269531,812131
2026-04-22 14:30:00-04:00,86.82499694824219,86.83499908447266,86.76000213623047,86.80909729003906,908851
2026-04-22 15:30:00-04:00,86.75499725341797,86.82499694824219,86.72010040283203,86.82499694824219,1900686
2026-04-23 09:30:00-04:00,86.96499633789062,87.0,86.80999755859375,86.83000183105469,2100433
2026-04-23 10:30:00-04:00,87.00509643554688,87.04000091552734,86.9000015258789,86.97000122070312,933316
2026-04-23 11:30:00-04:00,86.88990020751953,87.0,86.83000183105469,87.0,1235934
2026-04-23 12:30:00-04:00,86.32499694824219,86.92500305175781,86.29000091552734,86.87999725341797,3288809
2026-04-23 13:30:00-04:00,86.68000030517578,86.70500183105469,86.24009704589844,86.31500244140625,4102106
2026-04-23 14:30:00-04:00,86.5199966430664,86.70999908447266,86.4800033569336,86.68009948730469,2534921
2026-04-23 15:30:00-04:00,86.56999969482422,86.63500213623047,86.50499725341797,86.5199966430664,3943691
2026-04-24 09:30:00-04:00,86.66000366210938,86.80999755859375,86.25,86.45999908447266,7058328
2026-04-24 10:30:00-04:00,86.58999633789062,86.81999969482422,86.58499908447266,86.66999816894531,1703418
2026-04-24 11:30:00-04:00,86.67919921875,86.81999969482422,86.59500122070312,86.59500122070312,3491048
2026-04-24 12:30:00-04:00,86.61499786376953,86.71499633789062,86.58999633789062,86.67500305175781,2032575
2026-04-24 13:30:00-04:00,86.58000183105469,86.70999908447266,86.54000091552734,86.6050033569336,1786439
2026-04-24 14:30:00-04:00,86.76000213623047,86.76499938964844,86.55500030517578,86.57499694824219,1372638
2026-04-24 15:30:00-04:00,86.69999694824219,86.76000213623047,86.68000030517578,86.75990295410156,2990183
2026-04-27 09:30:00-04:00,86.51000213623047,86.62000274658203,86.44499969482422,86.48899841308594,3056371
2026-04-27 10:30:00-04:00,86.32499694824219,86.57499694824219,86.2699966430664,86.51000213623047,2190283
2026-04-27 11:30:00-04:00,86.375,86.41500091552734,86.30000305175781,86.33000183105469,1416480
2026-04-27 12:30:00-04:00,86.2750015258789,86.43499755859375,86.19259643554688,86.375,2288901
2026-04-27 13:30:00-04:00,86.32499694824219,86.33000183105469,86.26000213623047,86.2750015258789,1942302
2026-04-27 14:30:00-04:00,86.28500366210938,86.37999725341797,86.2500991821289,86.32990264892578,3492497
2026-04-27 15:30:00-04:00,86.29499816894531,86.34989929199219,86.26000213623047,86.28500366210938,2063138
2026-04-28 09:30:00-04:00,86.04000091552734,86.22000122070312,85.97000122070312,86.0999984741211,4076877
2026-04-28 10:30:00-04:00,86.12999725341797,86.18000030517578,85.94000244140625,86.04000091552734,1343665
2026-04-28 11:30:00-04:00,86.13009643554688,86.16999816894531,86.08000183105469,86.12999725341797,1440558
2026-04-28 12:30:00-04:00,86.16000366210938,86.23500061035156,86.0999984741211,86.12999725341797,1103498
2026-04-28 13:30:00-04:00,86.2249984741211,86.26000213623047,86.1500015258789,86.16690063476562,1187570
2026-04-28 14:30:00-04:00,86.31999969482422,86.33499908447266,86.20010375976562,86.22010040283203,1281533
2026-04-28 15:30:00-04:00,86.36000061035156,86.36499786376953,86.29000091552734,86.31990051269531,1437216
2026-04-29 09:30:00-04:00,85.86000061035156,85.98999786376953,85.76000213623047,85.98500061035156,5416505
2026-04-29 10:30:00-04:00,85.79989624023438,85.90499877929688,85.75,85.86000061035156,2293276
2026-04-29 11:30:00-04:00,85.76499938964844,85.91999816894531,85.62000274658203,85.79820251464844,3406405
2026-04-29 12:30:00-04:00,85.78500366210938,85.875,85.70999908447266,85.76000213623047,2903447
2026-04-29 13:30:00-04:00,85.74500274658203,85.9000015258789,85.72000122070312,85.79000091552734,3308053
2026-04-29 14:30:00-04:00,85.75499725341797,85.83999633789062,85.55500030517578,85.73999786376953,3276776
2026-04-29 15:30:00-04:00,85.69000244140625,85.76000213623047,85.62010192871094,85.75,4019388
2026-04-30 09:30:00-04:00,85.77999877929688,85.9000015258789,85.67510223388672,85.88500213623047,4438973
2026-04-30 10:30:00-04:00,85.83000183105469,85.86000061035156,85.66500091552734,85.7750015258789,2074670
2026-04-30 11:30:00-04:00,85.7750015258789,85.8550033569336,85.72000122070312,85.82499694824219,1189148
2026-04-30 12:30:00-04:00,85.70999908447266,85.77999877929688,85.68000030517578,85.7782974243164,1510006
2026-04-30 13:30:00-04:00,85.80999755859375,85.86000061035156,85.69000244140625,85.71499633789062,4064385
2026-04-30 14:30:00-04:00,85.7300033569336,85.81999969482422,85.63999938964844,85.80500030517578,4587145
2026-04-30 15:30:00-04:00,85.60749816894531,85.77999877929688,85.38500213623047,85.72989654541016,6845272
2026-05-01 09:30:00-04:00,85.91000366210938,85.99500274658203,85.33999633789062,85.49199676513672,5756007
2026-05-01 10:30:00-04:00,85.66500091552734,85.90499877929688,85.58000183105469,85.9000015258789,3055654
2026-05-01 11:30:00-04:00,85.65499877929688,85.76499938964844,85.55500030517578,85.66999816894531,2252589
2026-05-01 12:30:00-04:00,85.62000274658203,85.73999786376953,85.55999755859375,85.6500015258789,1602491
2026-05-01 13:30:00-04:00,85.66999816894531,85.70999908447266,85.59500122070312,85.61499786376953,1029170
2026-05-01 14:30:00-04:00,85.6449966430664,85.7300033569336,85.6449966430664,85.66500091552734,2125041
2026-05-01 15:30:00-04:00,85.5999984741211,85.6500015258789,85.54000091552734,85.6449966430664,3171551
2026-05-04 09:30:00-04:00,85.27999877929688,85.36000061035156,85.125,85.3550033569336,4368849
2026-05-04 10:30:00-04:00,85.05500030517578,85.31500244140625,84.94999694824219,85.27069854736328,3629288
2026-05-04 11:30:00-04:00,84.84500122070312,85.05999755859375,84.76000213623047,85.05500030517578,5284658
2026-05-04 12:30:00-04:00,84.97850036621094,84.98999786376953,84.7699966430664,84.84870147705078,2823062
2026-05-04 13:30:00-04:00,84.8949966430664,85.0,84.87000274658203,84.9749984741211,1347478
2026-05-04 14:30:00-04:00,84.95500183105469,85.0199966430664,84.83999633789062,84.9000015258789,2441308
2026-05-04 15:30:00-04:00,84.97000122070312,85.00499725341797,84.94999694824219,84.95500183105469,2560066
2026-05-05 09:30:00-04:00,85.2699966430664,85.4000015258789,85.08999633789062,85.1449966430664,5086395
2026-05-05 10:30:00-04:00,85.30999755859375,85.30999755859375,85.19000244140625,85.26499938964844,1623338
2026-05-05 11:30:00-04:00,85.3550033569336,85.41000366210938,85.29280090332031,85.30999755859375,1755237
2026-05-05 12:30:00-04:00,85.38500213623047,85.3949966430664,85.30010223388672,85.3550033569336,1261328
2026-05-05 13:30:00-04:00,85.4000015258789,85.44509887695312,85.37010192871094,85.38500213623047,1202568
2026-05-05 14:30:00-04:00,85.45500183105469,85.48999786376953,85.35449981689453,85.40010070800781,2096314
2026-05-05 15:30:00-04:00,85.43000030517578,85.47000122070312,85.38999938964844,85.45989990234375,2635149
2026-05-06 09:30:00-04:00,85.96029663085938,86.11509704589844,85.91999816894531,86.04900360107422,4858161
2026-05-06 10:30:00-04:00,86.11499786376953,86.1500015258789,85.95999908447266,85.95999908447266,2267516
2026-05-06 11:30:00-04:00,86.08000183105469,86.13500213623047,86.01499938964844,86.12000274658203,1534577
2026-05-06 12:30:00-04:00,86.12999725341797,86.13500213623047,85.96499633789062,86.06999969482422,1111246
2026-05-06 13:30:00-04:00,86.02999877929688,86.16500091552734,86.02999877929688,86.12999725341797,2102757
2026-05-06 14:30:00-04:00,86.09500122070312,86.13990020751953,86.02999877929688,86.04000091552734,2989573
2026-05-06 15:30:00-04:00,86.08000183105469,86.16500091552734,86.06999969482422,86.08999633789062,3659385
2026-05-07 09:30:00-04:00,86.125,86.29000091552734,86.12000274658203,86.26000213623047,2433096
2026-05-07 10:30:00-04:00,85.96990203857422,86.2300033569336,85.91000366210938,86.12159729003906,1157147
2026-05-07 11:30:00-04:00,85.8499984741211,85.98999786376953,85.78009796142578,85.97000122070312,2151364
2026-05-07 12:30:00-04:00,85.68000030517578,85.88999938964844,85.6449966430664,85.83499908447266,2527271
2026-05-07 13:30:00-04:00,85.7300033569336,85.76000213623047,85.6530990600586,85.68000030517578,4597814
2026-05-07 14:30:00-04:00,85.625,85.76000213623047,85.59500122070312,85.72000122070312,1557027
2026-05-07 15:30:00-04:00,85.6449966430664,85.70500183105469,85.5999984741211,85.62000274658203,3546425
2026-05-08 09:30:00-04:00,86.20999908447266,86.27999877929688,86.05000305175781,86.05999755859375,3887758
2026-05-08 10:30:00-04:00,86.12000274658203,86.22000122070312,86.06500244140625,86.20500183105469,1827805
2026-05-08 11:30:00-04:00,86.08999633789062,86.12000274658203,85.98999786376953,86.05999755859375,2459771
2026-05-08 12:30:00-04:00,86.09329986572266,86.12000274658203,86.0199966430664,86.11000061035156,1491251
2026-05-08 13:30:00-04:00,86.08499908447266,86.16000366210938,86.04000091552734,86.08999633789062,1315806
2026-05-08 14:30:00-04:00,86.0250015258789,86.12000274658203,86.01000213623047,86.08999633789062,3937441
2026-05-08 15:30:00-04:00,86.05999755859375,86.08999633789062,86.0,86.02989959716797,7024059
2026-05-11 09:30:00-04:00,85.7699966430664,85.91500091552734,85.69999694824219,85.88099670410156,3648818
2026-05-11 10:30:00-04:00,85.76499938964844,85.80500030517578,85.67500305175781,85.7699966430664,1806440
2026-05-11 11:30:00-04:00,85.71929931640625,85.80000305175781,85.71279907226562,85.76190185546875,929921
2026-05-11 12:30:00-04:00,85.61990356445312,85.7249984741211,85.55999755859375,85.71009826660156,1538054
2026-05-11 13:30:00-04:00,85.66000366210938,85.68440246582031,85.56289672851562,85.61499786376953,1655849
2026-05-11 14:30:00-04:00,85.54000091552734,85.66999816894531,85.48999786376953,85.65390014648438,1810572
2026-05-11 15:30:00-04:00,85.55000305175781,85.58000183105469,85.5199966430664,85.53500366210938,3162388
2026-05-12 09:30:00-04:00,85.05999755859375,85.19999694824219,85.0250015258789,85.19000244140625,5773833
2026-05-12 10:30:00-04:00,85.0989990234375,85.12000274658203,85.02999877929688,85.05970001220703,2916690
2026-05-12 11:30:00-04:00,85.08999633789062,85.16999816894531,85.06999969482422,85.0988998413086,2768689
2026-05-12 12:30:00-04:00,85.03800201416016,85.13500213623047,85.02999877929688,85.09500122070312,1348891
2026-05-12 13:30:00-04:00,84.99500274658203,85.06999969482422,84.94499969482422,85.03900146484375,4177675
2026-05-12 14:30:00-04:00,84.93499755859375,85.0,84.91999816894531,84.98999786376953,2375058
2026-05-12 15:30:00-04:00,84.9800033569336,85.02999877929688,84.93000030517578,84.93499755859375,4337219
2026-05-13 09:30:00-04:00,84.75499725341797,85.04499816894531,84.72000122070312,84.93000030517578,4098081
2026-05-13 10:30:00-04:00,84.6792984008789,84.80000305175781,84.66999816894531,84.75499725341797,2367637
2026-05-13 11:30:00-04:00,84.82499694824219,84.88999938964844,84.58999633789062,84.66999816894531,3274892
2026-05-13 12:30:00-04:00,84.80899810791016,84.86000061035156,84.68499755859375,84.81500244140625,1777168
2026-05-13 13:30:00-04:00,84.74500274658203,84.80500030517578,84.66000366210938,84.802001953125,5513238
2026-05-13 14:30:00-04:00,84.80999755859375,84.80999755859375,84.70999908447266,84.73999786376953,3514015
2026-05-13 15:30:00-04:00,84.80000305175781,84.81999969482422,84.76000213623047,84.80500030517578,3783047
2026-05-14 09:30:00-04:00,85.18699645996094,85.375,85.12999725341797,85.26000213623047,5242560
2026-05-14 10:30:00-04:00,85.2750015258789,85.31800079345703,85.13999938964844,85.18000030517578,4434291
2026-05-14 11:30:00-04:00,85.2750015258789,85.3499984741211,85.25,85.27069854736328,2091216
2026-05-14 12:30:00-04:00,85.21240234375,85.28500366210938,85.19499969482422,85.2750015258789,2030244
2026-05-14 13:30:00-04:00,85.18920135498047,85.22799682617188,85.13999938964844,85.21499633789062,949183
2026-05-14 14:30:00-04:00,85.04499816894531,85.18620300292969,85.04290008544922,85.18620300292969,770558
2026-05-14 15:30:00-04:00,84.93000030517578,85.06500244140625,84.90499877929688,85.05000305175781,6429501
2026-05-15 09:30:00-04:00,83.88500213623047,83.91999816894531,83.70999908447266,83.87000274658203,11966740
2026-05-15 10:30:00-04:00,83.81500244140625,83.96990203857422,83.77999877929688,83.88500213623047,7964525
2026-05-15 11:30:00-04:00,83.78900146484375,83.83989715576172,83.69000244140625,83.81800079345703,5823688
2026-05-15 12:30:00-04:00,83.74500274658203,83.81500244140625,83.69999694824219,83.79000091552734,3175933
2026-05-15 13:30:00-04:00,83.66000366210938,83.75,83.58999633789062,83.74500274658203,3249264
2026-05-15 14:30:00-04:00,83.65499877929688,83.66999816894531,83.59500122070312,83.66500091552734,2777462
2026-05-15 15:30:00-04:00,83.69000244140625,83.69000244140625,83.62000274658203,83.65499877929688,6631714
2026-05-18 09:30:00-04:00,83.60030364990234,83.91500091552734,83.59500122070312,83.69999694824219,6223654
2026-05-18 10:30:00-04:00,83.54499816894531,83.62010192871094,83.43000030517578,83.61000061035156,2888383
2026-05-18 11:30:00-04:00,83.55999755859375,83.7750015258789,83.52999877929688,83.54499816894531,2497037
2026-05-18 12:30:00-04:00,83.61000061035156,83.70999908447266,83.54000091552734,83.55500030517578,1343891
2026-05-18 13:30:00-04:00,83.39849853515625,83.63999938964844,83.31500244140625,83.61589813232422,2163663
2026-05-18 14:30:00-04:00,83.55999755859375,83.7781982421875,83.37000274658203,83.4000015258789,5047945
2026-05-18 15:30:00-04:00,83.54499816894531,83.66999816894531,83.54000091552734,83.55999755859375,3980124
2026-05-19 09:30:00-04:00,82.80999755859375,83.22989654541016,82.7750015258789,82.95999908447266,12137634
2026-05-19 10:30:00-04:00,82.97000122070312,83.08989715576172,82.78500366210938,82.80999755859375,4907359
2026-05-19 11:30:00-04:00,83.0999984741211,83.12000274658203,82.83000183105469,82.96499633789062,2953601
2026-05-19 12:30:00-04:00,83.11499786376953,83.16500091552734,83.0199966430664,83.10070037841797,3201266
2026-05-19 13:30:00-04:00,82.97000122070312,83.19999694824219,82.97000122070312,83.11499786376953,3108665
2026-05-19 14:30:00-04:00,83.01000213623047,83.08999633789062,82.91500091552734,82.96499633789062,2833870
2026-05-19 15:30:00-04:00,83.0,83.06999969482422,82.96499633789062,83.01000213623047,3632809
2026-05-20 09:30:00-04:00,83.31999969482422,83.4000015258789,83.04000091552734,83.05999755859375,5975573
2026-05-20 10:30:00-04:00,83.8499984741211,83.98500061035156,83.32499694824219,83.32499694824219,8926151
2026-05-20 11:30:00-04:00,83.80500030517578,84.0,83.75499725341797,83.84500122070312,4628964
2026-05-20 12:30:00-04:00,83.83000183105469,83.90010070800781,83.76000213623047,83.80500030517578,4354664
2026-05-20 13:30:00-04:00,83.83999633789062,83.9375,83.7300033569336,83.83499908447266,2972080
2026-05-20 14:30:00-04:00,83.88500213623047,83.94000244140625,83.75499725341797,83.84500122070312,6585204
2026-05-20 15:30:00-04:00,83.9000015258789,83.9800033569336,83.87000274658203,83.88990020751953,6312550
2026-05-21 09:30:00-04:00,83.58999633789062,83.72859954833984,83.32499694824219,83.62069702148438,4850149
2026-05-21 10:30:00-04:00,83.56500244140625,83.66000366210938,83.47000122070312,83.58999633789062,1812146
2026-05-21 11:30:00-04:00,83.7699966430664,83.77179718017578,83.5416030883789,83.55999755859375,1852347
2026-05-21 12:30:00-04:00,84.0250015258789,84.02999877929688,83.66999816894531,83.76200103759766,2909854
2026-05-21 13:30:00-04:00,84.16500091552734,84.20500183105469,83.9801025390625,84.0199966430664,3837087
2026-05-21 14:30:00-04:00,84.11000061035156,84.17500305175781,83.91500091552734,84.17500305175781,2859171
2026-05-21 15:30:00-04:00,84.2300033569336,84.25749969482422,84.04000091552734,84.10990142822266,4169023
2026-05-22 09:30:00-04:00,84.25,84.63999938964844,84.19999694824219,84.6050033569336,4727114
2026-05-22 10:30:00-04:00,84.27999877929688,84.31990051269531,84.13500213623047,84.23999786376953,1963592
2026-05-22 11:30:00-04:00,84.375,84.41000366210938,84.26499938964844,84.28009796142578,3115283
2026-05-22 12:30:00-04:00,84.51499938964844,84.55000305175781,84.2416000366211,84.37000274658203,2493764
2026-05-22 13:30:00-04:00,84.53500366210938,84.63500213623047,84.44999694824219,84.52999877929688,2296942
2026-05-22 14:30:00-04:00,84.4800033569336,84.5999984741211,84.44499969482422,84.53500366210938,2157012
2026-05-22 15:30:00-04:00,84.67500305175781,84.68000030517578,84.47000122070312,84.48500061035156,5039140
2026-05-26 09:30:00-04:00,85.20999908447266,85.375,85.05000305175781,85.33000183105469,7843209
2026-05-26 10:30:00-04:00,85.08499908447266,85.2699966430664,85.0802993774414,85.20999908447266,3398400
2026-05-26 11:30:00-04:00,84.98500061035156,85.125,84.97010040283203,85.08499908447266,1858441
2026-05-26 12:30:00-04:00,84.94499969482422,85.06999969482422,84.9000015258789,84.9801025390625,1198916
2026-05-26 13:30:00-04:00,85.04499816894531,85.04499816894531,84.94499969482422,84.94499969482422,986196
2026-05-26 14:30:00-04:00,85.03500366210938,85.16000366210938,85.0,85.04499816894531,2082280
2026-05-26 15:30:00-04:00,85.08000183105469,85.09989929199219,85.03199768066406,85.04000091552734,2474591
2026-05-27 09:30:00-04:00,85.38500213623047,85.47740173339844,85.2300033569336,85.24500274658203,8161925
2026-05-27 10:30:00-04:00,85.37000274658203,85.39779663085938,85.19000244140625,85.37999725341797,2579048
2026-05-27 11:30:00-04:00,85.27400207519531,85.44999694824219,85.16999816894531,85.37999725341797,2835834
2026-05-27 12:30:00-04:00,85.18499755859375,85.33999633789062,85.15499877929688,85.28939819335938,1477094
2026-05-27 13:30:00-04:00,85.30999755859375,85.30999755859375,85.17659759521484,85.18499755859375,1377355
2026-05-27 14:30:00-04:00,85.29000091552734,85.3550033569336,85.2699966430664,85.30999755859375,2016458
2026-05-27 15:30:00-04:00,85.29000091552734,85.33999633789062,85.26000213623047,85.28990173339844,2473729
2026-05-28 09:30:00-04:00,85.62000274658203,85.84500122070312,85.2699966430664,85.36000061035156,6777398
2026-05-28 10:30:00-04:00,85.56500244140625,85.65750122070312,85.44499969482422,85.62000274658203,2981357
2026-05-28 11:30:00-04:00,85.6449966430664,85.71990203857422,85.50499725341797,85.56999969482422,1796575
2026-05-28 12:30:00-04:00,85.62000274658203,85.7155990600586,85.57499694824219,85.6449966430664,1545746
2026-05-28 13:30:00-04:00,85.69499969482422,85.73999786376953,85.625,85.625,1785053
2026-05-28 14:30:00-04:00,85.66500091552734,85.69000244140625,85.62999725341797,85.69000244140625,2386925
2026-05-28 15:30:00-04:00,85.72000122070312,85.73999786376953,85.66000366210938,85.6697006225586,3219759
2026-05-29 09:30:00-04:00,85.70500183105469,85.81999969482422,85.62999725341797,85.80999755859375,3597885
2026-05-29 10:30:00-04:00,85.9000015258789,85.9583969116211,85.66999816894531,85.70999908447266,3453201
2026-05-29 11:30:00-04:00,85.79000091552734,85.93000030517578,85.7301025390625,85.90499877929688,2750290
2026-05-29 12:30:00-04:00,85.78500366210938,85.86499786376953,85.77239990234375,85.79000091552734,2297340
2026-05-29 13:30:00-04:00,85.7699966430664,85.79000091552734,85.68280029296875,85.78500366210938,2176962
2026-05-29 14:30:00-04:00,85.65499877929688,85.79000091552734,85.56500244140625,85.7750015258789,5160872
2026-05-29 15:30:00-04:00,85.7300033569336,85.75,85.55000305175781,85.65499877929688,7098640
2026-06-01 09:30:00-04:00,84.87000274658203,85.03269958496094,84.80999755859375,84.92070007324219,7947861
2026-06-01 10:30:00-04:00,84.97000122070312,85.01000213623047,84.80000305175781,84.87999725341797,2447069
2026-06-01 11:30:00-04:00,85.00499725341797,85.13999938964844,84.91999816894531,84.9749984741211,2613997
2026-06-01 12:30:00-04:00,85.44499969482422,85.44499969482422,85.01000213623047,85.01000213623047,2298105
2026-06-01 13:30:00-04:00,85.30989837646484,85.53500366210938,85.30000305175781,85.43000030517578,2599456
2026-06-01 14:30:00-04:00,85.30500030517578,85.32499694824219,85.24800109863281,85.30500030517578,1599531
2026-06-01 15:30:00-04:00,85.45500183105469,85.47000122070312,85.30999755859375,85.31500244140625,2856747
2026-06-02 09:30:00-04:00,85.70999908447266,85.81999969482422,85.55999755859375,85.802001953125,5453054
2026-06-02 10:30:00-04:00,85.70500183105469,85.73989868164062,85.6500015258789,85.69999694824219,1884360
2026-06-02 11:30:00-04:00,85.56999969482422,85.76000213623047,85.56999969482422,85.70500183105469,3526842
2026-06-02 12:30:00-04:00,85.55500030517578,85.61000061035156,85.5,85.56999969482422,1527352
2026-06-02 13:30:00-04:00,85.63500213623047,85.66500091552734,85.54000091552734,85.55000305175781,1522458
2026-06-02 14:30:00-04:00,85.63500213623047,85.65499877929688,85.58000183105469,85.63500213623047,1740302
2026-06-02 15:30:00-04:00,85.63099670410156,85.68000030517578,85.58499908447266,85.63500213623047,2353006
2026-06-03 09:30:00-04:00,85.41510009765625,85.43000030517578,85.2249984741211,85.28500366210938,3299560
2026-06-03 10:30:00-04:00,85.29000091552734,85.42870330810547,85.25,85.42500305175781,2080441
2026-06-03 11:30:00-04:00,85.1500015258789,85.29499816894531,85.0999984741211,85.28970336914062,1472169
2026-06-03 12:30:00-04:00,85.22000122070312,85.27999877929688,85.16000366210938,85.16000366210938,1152304
2026-06-03 13:30:00-04:00,85.31510162353516,85.31999969482422,85.21309661865234,85.22000122070312,858187
2026-06-03 14:30:00-04:00,85.29499816894531,85.3550033569336,85.26000213623047,85.31999969482422,1264835
2026-06-03 15:30:00-04:00,85.31999969482422,85.31999969482422,85.2699966430664,85.29499816894531,3035074
2026-06-04 09:30:00-04:00,85.55999755859375,85.70999908447266,85.55000305175781,85.6050033569336,3899024
2026-06-04 10:30:00-04:00,85.58499908447266,85.6050033569336,85.52010345458984,85.55999755859375,1663002
2026-06-04 11:30:00-04:00,85.58499908447266,85.63999938964844,85.55999755859375,85.58200073242188,1599655
2026-06-04 12:30:00-04:00,85.54499816894531,85.62000274658203,85.52999877929688,85.58499908447266,701240
2026-06-04 13:30:00-04:00,85.4800033569336,85.59010314941406,85.45500183105469,85.54499816894531,1284023
2026-06-04 14:30:00-04:00,85.53500366210938,85.53600311279297,85.41999816894531,85.47000122070312,938141
2026-06-04 15:30:00-04:00,85.5,85.54000091552734,85.30999755859375,85.53500366210938,2218732
2026-06-05 09:30:00-04:00,85.12999725341797,85.13999938964844,84.91999816894531,84.98069763183594,4493165
2026-06-05 10:30:00-04:00,85.13970184326172,85.19499969482422,85.01499938964844,85.12989807128906,3852127
2026-06-05 11:30:00-04:00,85.18000030517578,85.2300033569336,85.0999984741211,85.13500213623047,1999399
2026-06-05 12:30:00-04:00,85.21499633789062,85.34500122070312,85.15499877929688,85.18499755859375,1352119
2026-06-05 13:30:00-04:00,85.13999938964844,85.24500274658203,85.03500366210938,85.20999908447266,2563453
2026-06-05 14:30:00-04:00,85.08999633789062,85.25499725341797,85.08499908447266,85.13500213623047,2393792
2026-06-05 15:30:00-04:00,85.06999969482422,85.12999725341797,85.0199966430664,85.09010314941406,5429984
2026-06-08 09:30:00-04:00,84.97949981689453,85.32499694824219,84.94000244140625,85.2300033569336,3437184
2026-06-08 10:30:00-04:00,84.94000244140625,85.05999755859375,84.8949966430664,84.9800033569336,2818031
2026-06-08 11:30:00-04:00,84.8949966430664,84.94499969482422,84.8550033569336,84.94000244140625,2073100
2026-06-08 12:30:00-04:00,84.88999938964844,84.90989685058594,84.86000061035156,84.8949966430664,1469821
2026-06-08 13:30:00-04:00,84.9749984741211,84.9800033569336,84.86499786376953,84.89199829101562,1444879
2026-06-08 14:30:00-04:00,84.80500030517578,84.9800033569336,84.80000305175781,84.97139739990234,1326118
2026-06-08 15:30:00-04:00,84.62999725341797,84.81500244140625,84.62000274658203,84.80999755859375,4389872
2026-06-09 09:30:00-04:00,85.00180053710938,85.11000061035156,84.90499877929688,84.9800033569336,4515350
2026-06-09 10:30:00-04:00,84.81500244140625,85.0199966430664,84.79499816894531,85.0,1562506
2026-06-09 11:30:00-04:00,85.0989990234375,85.1500015258789,84.78500366210938,84.81999969482422,2944449
2026-06-09 12:30:00-04:00,85.09500122070312,85.13999938964844,84.81999969482422,85.08999633789062,3371669
2026-06-09 13:30:00-04:00,85.06500244140625,85.15499877929688,85.01499938964844,85.09500122070312,2005304
2026-06-09 14:30:00-04:00,85.1364974975586,85.1364974975586,85.05500030517578,85.06500244140625,1413796
2026-06-09 15:30:00-04:00,85.13500213623047,85.18000030517578,85.12999725341797,85.13500213623047,2956885
2026-06-10 09:30:00-04:00,85.19000244140625,85.29000091552734,85.06500244140625,85.11000061035156,2926775
2026-06-10 10:30:00-04:00,85.19999694824219,85.26499938964844,85.13999938964844,85.19010162353516,1676911
2026-06-10 11:30:00-04:00,85.125,85.23500061035156,85.00499725341797,85.19999694824219,3031616
2026-06-10 12:30:00-04:00,84.82499694824219,85.15499877929688,84.80999755859375,85.12030029296875,1772181
2026-06-10 13:30:00-04:00,84.92500305175781,84.96859741210938,84.69999694824219,84.81999969482422,3583045
2026-06-10 14:30:00-04:00,84.86000061035156,84.94999694824219,84.86000061035156,84.91999816894531,1744744
2026-06-10 15:30:00-04:00,84.875,84.93000030517578,84.86499786376953,84.86499786376953,2021280
2026-06-11 09:30:00-04:00,85.22219848632812,85.4000015258789,85.15499877929688,85.16999816894531,4016256
2026-06-11 10:30:00-04:00,85.32499694824219,85.3499984741211,85.22000122070312,85.2300033569336,2007026
2026-06-11 11:30:00-04:00,85.1500015258789,85.3499984741211,85.125,85.31999969482422,1476409
2026-06-11 12:30:00-04:00,85.43000030517578,85.4800033569336,85.04000091552734,85.1500015258789,2941226
2026-06-11 13:30:00-04:00,85.86499786376953,85.90499877929688,85.41500091552734,85.44000244140625,8603456
2026-06-11 14:30:00-04:00,85.94000244140625,86.02999877929688,85.83999633789062,85.87000274658203,3993131
2026-06-11 15:30:00-04:00,85.94999694824219,86.03500366210938,85.93000030517578,85.94979858398438,5831170
2026-06-12 09:30:00-04:00,85.48500061035156,85.63999938964844,85.44000244140625,85.62999725341797,3539015
2026-06-12 10:30:00-04:00,85.70999908447266,85.70999908447266,85.41000366210938,85.48500061035156,3355070
2026-06-12 11:30:00-04:00,85.69499969482422,85.83000183105469,85.62999725341797,85.69999694824219,2137357
2026-06-12 12:30:00-04:00,85.7300033569336,85.79499816894531,85.6500015258789,85.69999694824219,1155034
2026-06-12 13:30:00-04:00,85.73500061035156,85.75,85.69000244140625,85.7300033569336,1154137
2026-06-12 14:30:00-04:00,85.66999816894531,85.7750015258789,85.63999938964844,85.73500061035156,2279150
2026-06-12 15:30:00-04:00,85.73999786376953,85.76000213623047,85.63999938964844,85.67500305175781,5383223
2026-06-15 09:30:00-04:00,86.0250015258789,86.11000061035156,85.93499755859375,85.95899963378906,3802107
2026-06-15 10:30:00-04:00,85.82499694824219,86.03500366210938,85.79000091552734,86.02989959716797,2187385
2026-06-15 11:30:00-04:00,85.83000183105469,85.9000015258789,85.77999877929688,85.81999969482422,2022619
2026-06-15 12:30:00-04:00,85.7249984741211,85.83499908447266,85.66999816894531,85.83499908447266,1720628
2026-06-15 13:30:00-04:00,85.71499633789062,85.7699966430664,85.69280242919922,85.7249984741211,1095530
2026-06-15 14:30:00-04:00,85.74009704589844,85.80000305175781,85.68000030517578,85.72000122070312,1695717
2026-06-15 15:30:00-04:00,85.71499633789062,85.76000213623047,85.69000244140625,85.74500274658203,2661794
2026-06-16 09:30:00-04:00,86.01959991455078,86.04989624023438,85.92500305175781,85.95999908447266,3732441
2026-06-16 10:30:00-04:00,86.05000305175781,86.08000183105469,85.98999786376953,86.0199966430664,2038294
2026-06-16 11:30:00-04:00,86.26499938964844,86.30999755859375,86.05000305175781,86.05120086669922,2603276
2026-06-16 12:30:00-04:00,86.27999877929688,86.33000183105469,86.22000122070312,86.2699966430664,5509944
2026-06-16 13:30:00-04:00,86.32499694824219,86.37999725341797,86.27999877929688,86.27999877929688,1451998
2026-06-16 14:30:00-04:00,86.3550033569336,86.37000274658203,86.30500030517578,86.33000183105469,2522521
2026-06-16 15:30:00-04:00,86.19000244140625,86.375,86.19000244140625,86.36000061035156,4238460
2026-06-17 09:30:00-04:00,86.3550033569336,86.3949966430664,86.25,86.32499694824219,2570564
2026-06-17 10:30:00-04:00,86.39070129394531,86.44000244140625,86.12999725341797,86.3499984741211,3999547
2026-06-17 11:30:00-04:00,86.40499877929688,86.44999694824219,86.33999633789062,86.39189910888672,1526929
2026-06-17 12:30:00-04:00,86.33000183105469,86.41999816894531,86.2699966430664,86.4198989868164,2169952
2026-06-17 13:30:00-04:00,86.3499984741211,86.36000061035156,85.94000244140625,86.33609771728516,5148921
2026-06-17 14:30:00-04:00,86.23999786376953,86.58000183105469,86.19999694824219,86.36000061035156,7391360
2026-06-17 15:30:00-04:00,86.31999969482422,86.36000061035156,86.18000030517578,86.24500274658203,6925106
2026-06-18 09:30:00-04:00,87.0250015258789,87.17500305175781,86.9800033569336,87.07499694824219,8618627
2026-06-18 10:30:00-04:00,87.01000213623047,87.15499877929688,86.98999786376953,87.0199966430664,3632780
2026-06-18 11:30:00-04:00,86.84500122070312,87.01499938964844,86.7750015258789,86.9988021850586,2699195
2026-06-18 12:30:00-04:00,86.8550033569336,86.87999725341797,86.72000122070312,86.84500122070312,2116284
2026-06-18 13:30:00-04:00,86.75499725341797,86.847900390625,86.73999786376953,86.84500122070312,2168269
2026-06-18 14:30:00-04:00,86.68499755859375,86.77999877929688,86.66500091552734,86.75,3244745
2026-06-18 15:30:00-04:00,86.73999786376953,86.74500274658203,86.6500015258789,86.68499755859375,4544370
2026-06-22 09:30:00-04:00,86.16500091552734,86.33000183105469,86.13999938964844,86.30000305175781,4288687
2026-06-22 10:30:00-04:00,86.18499755859375,86.29000091552734,86.11000061035156,86.16999816894531,3481911
2026-06-22 11:30:00-04:00,86.06500244140625,86.20500183105469,86.02999877929688,86.18499755859375,4859870
2026-06-22 12:30:00-04:00,86.04499816894531,86.125,86.04000091552734,86.05999755859375,3924782
2026-06-22 13:30:00-04:00,86.04000091552734,86.08999633789062,85.97000122070312,86.04499816894531,2016267
2026-06-22 14:30:00-04:00,86.1050033569336,86.12000274658203,86.04000091552734,86.04000091552734,2530884
2026-06-22 15:30:00-04:00,86.08999633789062,86.12000274658203,86.06999969482422,86.1050033569336,3187598
2026-06-23 09:30:00-04:00,86.31500244140625,86.38500213623047,86.11000061035156,86.12999725341797,5074652
2026-06-23 10:30:00-04:00,86.28500366210938,86.33499908447266,86.23989868164062,86.31500244140625,2192843
2026-06-23 11:30:00-04:00,86.3550033569336,86.42500305175781,86.28500366210938,86.28500366210938,1415184
2026-06-23 12:30:00-04:00,86.25,86.4000015258789,86.24500274658203,86.3550033569336,1121986
2026-06-23 13:30:00-04:00,86.1500015258789,86.2699966430664,86.0999984741211,86.24500274658203,1511939
2026-06-23 14:30:00-04:00,86.17430114746094,86.23999786376953,86.13500213623047,86.1500015258789,1625345
2026-06-23 15:30:00-04:00,86.22000122070312,86.2300033569336,86.16999816894531,86.17500305175781,2767406
2026-06-24 09:30:00-04:00,87.26000213623047,87.37000274658203,87.12000274658203,87.13999938964844,9654616
2026-06-24 10:30:00-04:00,87.3949966430664,87.41000366210938,87.25,87.26499938964844,4302596
2026-06-24 11:30:00-04:00,87.41000366210938,87.46790313720703,87.36000061035156,87.3949966430664,7633372
2026-06-24 12:30:00-04:00,87.42009735107422,87.43000030517578,87.31999969482422,87.41500091552734,3347606
2026-06-24 13:30:00-04:00,87.3949966430664,87.45999908447266,87.3499984741211,87.42500305175781,3373994
2026-06-24 14:30:00-04:00,87.33499908447266,87.43000030517578,87.31999969482422,87.3949966430664,3635761
2026-06-24 15:30:00-04:00,87.38999938964844,87.38999938964844,87.33000183105469,87.33499908447266,5093911
2026-06-25 09:30:00-04:00,87.68000030517578,87.79000091552734,87.5635986328125,87.58000183105469,4985064
2026-06-25 10:30:00-04:00,87.45999908447266,87.72989654541016,87.44999694824219,87.68190002441406,4335851
2026-06-25 11:30:00-04:00,87.4800033569336,87.52999877929688,87.41000366210938,87.45999908447266,3415493
2026-06-25 12:30:00-04:00,87.46499633789062,87.5281982421875,87.41500091552734,87.48500061035156,3040377
2026-06-25 13:30:00-04:00,87.4000015258789,87.5,87.33000183105469,87.46499633789062,4469094
2026-06-25 14:30:00-04:00,87.3499984741211,87.4000015258789,87.30010223388672,87.4000015258789,2349619
2026-06-25 15:30:00-04:00,87.33000183105469,87.38999938964844,87.29000091552734,87.3499984741211,2713795
2026-06-26 09:30:00-04:00,87.18000030517578,87.23159790039062,87.0000991821289,87.0199966430664,4170069
2026-06-26 10:30:00-04:00,87.33499908447266,87.33999633789062,87.17500305175781,87.18000030517578,1753398
2026-06-26 11:30:00-04:00,87.23979949951172,87.37000274658203,87.19000244140625,87.33000183105469,3104809
2026-06-26 12:30:00-04:00,87.27999877929688,87.33000183105469,87.23639678955078,87.23999786376953,1350053
2026-06-26 13:30:00-04:00,87.29499816894531,87.33000183105469,87.2699966430664,87.28500366210938,1109104
2026-06-26 14:30:00-04:00,87.30500030517578,87.33000183105469,87.27999877929688,87.29499816894531,1034471
2026-06-26 15:30:00-04:00,87.33000183105469,87.33999633789062,87.2750015258789,87.30500030517578,3704646
2026-06-29 09:30:00-04:00,87.43000030517578,87.5,87.33999633789062,87.3550033569336,3563269
2026-06-29 10:30:00-04:00,87.3949966430664,87.44989776611328,87.3499984741211,87.42500305175781,1441673
2026-06-29 11:30:00-04:00,87.33999633789062,87.47830200195312,87.33999633789062,87.3949966430664,1537823
2026-06-29 12:30:00-04:00,87.375,87.42510223388672,87.33000183105469,87.34500122070312,1123596
2026-06-29 13:30:00-04:00,87.33000183105469,87.48999786376953,87.30000305175781,87.37999725341797,1475525
2026-06-29 14:30:00-04:00,87.41500091552734,87.41799926757812,87.32099914550781,87.33499908447266,1068732
2026-06-29 15:30:00-04:00,87.43499755859375,87.54000091552734,87.41500091552734,87.41500091552734,4204123
2026-06-30 09:30:00-04:00,87.06500244140625,87.17500305175781,86.96499633789062,87.1500015258789,3661841
2026-06-30 10:30:00-04:00,87.0250015258789,87.125,86.94499969482422,87.05999755859375,3096058
2026-06-30 11:30:00-04:00,86.96499633789062,87.06999969482422,86.93000030517578,87.02580261230469,2192004
2026-06-30 12:30:00-04:00,86.87200164794922,87.00499725341797,86.85099792480469,86.96499633789062,1879552
2026-06-30 13:30:00-04:00,86.81009674072266,86.9375991821289,86.80999755859375,86.875,2385392
2026-06-30 14:30:00-04:00,86.63999938964844,86.84500122070312,86.61180114746094,86.81300354003906,4140186
2026-06-30 15:30:00-04:00,86.43000030517578,86.6449966430664,86.375,86.63999938964844,8384474
2026-07-01 09:30:00-04:00,85.69000244140625,85.79000091552734,85.42500305175781,85.4800033569336,10642682
2026-07-01 10:30:00-04:00,85.66500091552734,85.74870300292969,85.62000274658203,85.69000244140625,2522268
2026-07-01 11:30:00-04:00,85.73999786376953,85.75,85.63999938964844,85.66500091552734,1576007
2026-07-01 12:30:00-04:00,85.66500091552734,85.7655029296875,85.63960266113281,85.75,1768372
2026-07-01 13:30:00-04:00,85.63099670410156,85.77999877929688,85.62010192871094,85.66500091552734,2768644
2026-07-01 14:30:00-04:00,85.625,85.66999816894531,85.56400299072266,85.62999725341797,1667740
2026-07-01 15:30:00-04:00,85.5250015258789,85.6500015258789,85.5199966430664,85.625,3966342
2026-07-02 09:30:00-04:00,85.48500061035156,85.55500030517578,85.37000274658203,85.37999725341797,4622640
2026-07-02 10:30:00-04:00,85.71499633789062,85.72989654541016,85.42500305175781,85.48500061035156,2432184
2026-07-02 11:30:00-04:00,85.46009826660156,85.77999877929688,85.45999908447266,85.72000122070312,1653788
2026-07-02 12:30:00-04:00,85.42500305175781,85.51499938964844,85.42500305175781,85.46499633789062,2174101
2026-07-02 13:30:00-04:00,85.3949966430664,85.45999908447266,85.37010192871094,85.42919921875,3147170
2026-07-02 14:30:00-04:00,85.51000213623047,85.51000213623047,85.38999938964844,85.3949966430664,2057982
2026-07-02 15:30:00-04:00,85.5250015258789,85.58499908447266,85.51000213623047,85.51499938964844,2353217
2026-07-06 09:30:00-04:00,85.29000091552734,85.4800033569336,85.2699966430664,85.43000030517578,3061845
2026-07-06 10:30:00-04:00,85.28500366210938,85.30000305175781,85.18000030517578,85.29010009765625,2560830
2026-07-06 11:30:00-04:00,85.32240295410156,85.33000183105469,85.2300033569336,85.27999877929688,1097247
2026-07-06 12:30:00-04:00,85.30500030517578,85.33999633789062,85.29000091552734,85.32499694824219,2368001
2026-07-06 13:30:00-04:00,85.32520294189453,85.3499984741211,85.27200317382812,85.30770111083984,1211119
2026-07-06 14:30:00-04:00,85.40499877929688,85.41500091552734,85.3239974975586,85.32499694824219,1484526
2026-07-06 15:30:00-04:00,85.46499633789062,85.4749984741211,85.40499877929688,85.40499877929688,3046343
2026-07-07 09:30:00-04:00,84.91500091552734,85.1677017211914,84.83000183105469,85.125,4726384
2026-07-07 10:30:00-04:00,84.875,84.9800033569336,84.83989715576172,84.9198989868164,2439162
2026-07-07 11:30:00-04:00,84.7698974609375,84.88999938964844,84.76000213623047,84.87999725341797,2331279
2026-07-07 12:30:00-04:00,84.76000213623047,84.80999755859375,84.7249984741211,84.76499938964844,2057951
2026-07-07 13:30:00-04:00,84.77999877929688,84.81700134277344,84.75,84.76499938964844,2110112
2026-07-07 14:30:00-04:00,84.63500213623047,84.78990173339844,84.54499816894531,84.77989959716797,3010481
2026-07-07 15:30:00-04:00,84.54499816894531,84.68000030517578,84.54000091552734,84.63500213623047,4478390
2026-07-08 09:30:00-04:00,84.20999908447266,84.39810180664062,84.18000030517578,84.31999969482422,3608636
2026-07-08 10:30:00-04:00,84.1050033569336,84.22000122070312,84.06009674072266,84.20999908447266,3770591
2026-07-08 11:30:00-04:00,84.21499633789062,84.21499633789062,84.08499908447266,84.1050033569336,2886871
2026-07-08 12:30:00-04:00,84.31500244140625,84.3550033569336,84.20999908447266,84.21499633789062,2644738
2026-07-08 13:30:00-04:00,84.38500213623047,84.40989685058594,84.30500030517578,84.31999969482422,3352715
2026-07-08 14:30:00-04:00,84.43000030517578,84.44999694824219,84.3550033569336,84.38500213623047,4294909
2026-07-08 15:30:00-04:00,84.3499984741211,84.43000030517578,84.26000213623047,84.41999816894531,3114766
2026-07-09 09:30:00-04:00,84.32499694824219,84.40499877929688,84.25499725341797,84.2699966430664,3354507
2026-07-09 10:30:00-04:00,84.46499633789062,84.46499633789062,84.31999969482422,84.33000183105469,2545737
2026-07-09 11:30:00-04:00,84.5198974609375,84.52989959716797,84.41010284423828,84.46050262451172,2107592
2026-07-09 12:30:00-04:00,84.625,84.65809631347656,84.4749984741211,84.51000213623047,2556280
2026-07-09 13:30:00-04:00,84.56500244140625,84.68000030517578,84.55999755859375,84.62999725341797,2381239
2026-07-09 14:30:00-04:00,84.56500244140625,84.62000274658203,84.55000305175781,84.56999969482422,1366558
2026-07-09 15:30:00-04:00,84.4800033569336,84.56500244140625,84.47000122070312,84.55999755859375,2232189
2026-07-10 09:30:00-04:00,84.5,84.56999969482422,84.41000366210938,84.51000213623047,2096590
2026-07-10 10:30:00-04:00,84.58499908447266,84.59500122070312,84.27999877929688,84.50499725341797,3285592
2026-07-10 11:30:00-04:00,84.52999877929688,84.625,84.5199966430664,84.58200073242188,855928
2026-07-10 12:30:00-04:00,84.41500091552734,84.54499816894531,84.40499877929688,84.52999877929688,1288211
2026-07-10 13:30:00-04:00,84.375,84.43990325927734,84.36000061035156,84.41999816894531,1940390
2026-07-10 14:30:00-04:00,84.43499755859375,84.44000244140625,84.34809875488281,84.37999725341797,1372383
2026-07-10 15:30:00-04:00,84.49500274658203,84.49800109863281,84.44000244140625,84.44000244140625,2177060
2026-07-13 09:30:00-04:00,84.22000122070312,84.27999877929688,84.05020141601562,84.18499755859375,3168986
2026-07-13 10:30:00-04:00,84.12899780273438,84.2300033569336,84.06500244140625,84.22000122070312,1844965
2026-07-13 11:30:00-04:00,84.02999877929688,84.16000366210938,83.98999786376953,84.12989807128906,1772513
2026-07-13 12:30:00-04:00,84.0,84.08999633789062,83.97000122070312,84.0250015258789,2086505
2026-07-13 13:30:00-04:00,83.96499633789062,84.00769805908203,83.93399810791016,84.0,1652175
2026-07-13 14:30:00-04:00,84.0,84.05500030517578,83.94000244140625,83.95999908447266,1795356
2026-07-13 15:30:00-04:00,83.9800033569336,84.00499725341797,83.9800033569336,84.0,2472454
2026-07-14 09:30:00-04:00,84.27999877929688,84.32499694824219,84.07499694824219,84.16999816894531,3977537
2026-07-14 10:30:00-04:00,84.41999816894531,84.48999786376953,84.19000244140625,84.27999877929688,3347657
2026-07-14 11:30:00-04:00,84.09500122070312,84.41999816894531,84.0376968383789,84.41999816894531,3686211
2026-07-14 12:30:00-04:00,84.20010375976562,84.20500183105469,84.0906982421875,84.10800170898438,1064873
2026-07-14 13:30:00-04:00,84.15989685058594,84.2249984741211,84.1500015258789,84.20500183105469,970336
2026-07-14 14:30:00-04:00,84.25,84.26499938964844,84.05999755859375,84.1500015258789,3006625
2026-07-14 15:30:00-04:00,84.08000183105469,84.26499938964844,84.06999969482422,84.24500274658203,3442177
2026-07-15 09:30:00-04:00,84.25499725341797,84.28500366210938,84.08000183105469,84.08000183105469,3548749
2026-07-15 10:30:00-04:00,84.33000183105469,84.33000183105469,84.20999908447266,84.26000213623047,1932593
2026-07-15 11:30:00-04:00,84.22000122070312,84.40499877929688,84.22000122070312,84.33000183105469,2581100
2026-07-15 12:30:00-04:00,84.30999755859375,84.37999725341797,84.21499633789062,84.22000122070312,1805861
2026-07-15 13:30:00-04:00,84.29000091552734,84.32499694824219,84.26000213623047,84.30999755859375,917271
2026-07-15 14:30:00-04:00,84.3550033569336,84.37999725341797,84.2698974609375,84.29000091552734,2573984
2026-07-15 15:30:00-04:00,84.23500061035156,84.38500213623047,84.2300033569336,84.35220336914062,2562757
2026-07-16 09:30:00-04:00,83.90499877929688,83.96499633789062,83.79000091552734,83.83999633789062,3980608
2026-07-16 10:30:00-04:00,83.99009704589844,84.00499725341797,83.83000183105469,83.90499877929688,1809613
2026-07-16 11:30:00-04:00,83.9800033569336,84.23999786376953,83.93000030517578,83.99019622802734,3087645
2026-07-16 12:30:00-04:00,84.08999633789062,84.0999984741211,83.97000122070312,83.97989654541016,3744151
2026-07-16 13:30:00-04:00,84.13999938964844,84.18710327148438,84.0801010131836,84.09210205078125,1656423
2026-07-16 14:30:00-04:00,84.15499877929688,84.16000366210938,84.08000183105469,84.13999938964844,1390786
2026-07-16 15:30:00-04:00,84.21829986572266,84.21829986572266,84.11000061035156,84.15499877929688,2804802
2026-07-17 09:30:00-04:00,84.65499877929688,84.81999969482422,84.5999984741211,84.62000274658203,6739058
2026-07-17 10:30:00-04:00,84.63999938964844,84.73999786376953,84.625,84.66000366210938,1800405
2026-07-17 11:30:00-04:00,84.6050033569336,84.65499877929688,84.49500274658203,84.63999938964844,2315620
2026-07-17 12:30:00-04:00,84.53500366210938,84.5999984741211,84.51000213623047,84.5999984741211,1129719
2026-07-17 13:30:00-04:00,84.58999633789062,84.5999984741211,84.5000991821289,84.52999877929688,1302127
2026-07-17 14:30:00-04:00,84.5436019897461,84.62999725341797,84.5000991821289,84.59850311279297,1150921
2026-07-17 15:30:00-04:00,84.52999877929688,84.55999755859375,84.49019622802734,84.55000305175781,4103722
2026-07-20 09:30:00-04:00,84.16999816894531,84.33999633789062,84.0999984741211,84.30000305175781,3854420
2026-07-20 10:30:00-04:00,84.05850219726562,84.22000122070312,84.02999877929688,84.16500091552734,1961954
2026-07-20 11:30:00-04:00,83.94950103759766,84.06549835205078,83.91999816894531,84.05280303955078,4022487
2026-07-20 12:30:00-04:00,83.86499786376953,83.95999908447266,83.81500244140625,83.94999694824219,2690227
2026-07-20 13:30:00-04:00,83.8729019165039,83.88999938964844,83.83000183105469,83.86499786376953,1568231
2026-07-20 14:30:00-04:00,83.9749984741211,83.9800033569336,83.83000183105469,83.875,1908985
2026-07-20 15:30:00-04:00,83.91999816894531,83.97000122070312,83.9113998413086,83.97000122070312,3343970
2026-07-21 09:30:00-04:00,83.67359924316406,83.73999786376953,83.43160247802734,83.73500061035156,3510370
2026-07-21 10:30:00-04:00,83.73999786376953,83.7699966430664,83.6500015258789,83.6720962524414,1714843
2026-07-21 11:30:00-04:00,83.65499877929688,83.7490005493164,83.625,83.73500061035156,945295
2026-07-21 12:30:00-04:00,83.64800262451172,83.66999816894531,83.5999984741211,83.6500015258789,902503
2026-07-21 13:30:00-04:00,83.62999725341797,83.6500015258789,83.56999969482422,83.6500015258789,919176
2026-07-21 14:30:00-04:00,83.69499969482422,83.72000122070312,83.61000061035156,83.625,1565979
2026-07-21 15:30:00-04:00,83.66999816894531,83.70999908447266,83.6500015258789,83.69999694824219,3440134
2026-07-22 09:30:00-04:00,83.5199966430664,83.69000244140625,83.46499633789062,83.61000061035156,2787786
2026-07-22 10:30:00-04:00,83.58499908447266,83.5999984741211,83.49009704589844,83.51499938964844,1695165
2026-07-22 11:30:00-04:00,83.54000091552734,83.69999694824219,83.52999877929688,83.5801010131836,1495094
2026-07-22 12:30:00-04:00,83.50499725341797,83.62000274658203,83.4800033569336,83.54000091552734,1545012
2026-07-22 13:30:00-04:00,83.5250015258789,83.54989624023438,83.48539733886719,83.50499725341797,1630445
2026-07-22 14:30:00-04:00,83.41000366210938,83.52999877929688,83.38009643554688,83.5250015258789,1461855
2026-07-22 15:30:00-04:00,83.41999816894531,83.45999908447266,83.38999938964844,83.41500091552734,3110298
2026-07-23 09:30:00-04:00,83.01300048828125,83.13999938964844,82.95999908447266,82.98999786376953,6979047
2026-07-23 10:30:00-04:00,83.02999877929688,83.08999633789062,82.98999786376953,83.01000213623047,3345166
2026-07-23 11:30:00-04:00,83.19989776611328,83.19999694824219,82.98500061035156,83.02999877929688,3243938
2026-07-23 12:30:00-04:00,83.15010070800781,83.19989776611328,83.0999984741211,83.19049835205078,6922273
2026-07-23 13:30:00-04:00,83.19499969482422,83.19499969482422,83.06999969482422,83.15010070800781,1271972
2026-07-23 14:30:00-04:00,83.16999816894531,83.25,83.11209869384766,83.19000244140625,2105765
2026-07-23 15:30:00-04:00,83.16999816894531,83.22000122070312,83.12999725341797,83.16999816894531,2827739
2026-07-24 09:30:00-04:00,83.52989959716797,83.54010009765625,83.2300033569336,83.30999755859375,3059788
2026-07-24 10:30:00-04:00,83.6176986694336,83.65499877929688,83.4000015258789,83.5250015258789,2595018
2026-07-24 11:30:00-04:00,83.55000305175781,83.64990234375,83.53500366210938,83.62000274658203,1316264
2026-07-24 12:30:00-04:00,83.34010314941406,83.54750061035156,83.33499908447266,83.54750061035156,1287682
2026-07-24 13:30:00-04:00,83.29060363769531,83.34500122070312,83.25,83.34500122070312,1422064
2026-07-24 14:30:00-04:00,83.33499908447266,83.3550033569336,83.2699966430664,83.29499816894531,1380388
2026-07-24 15:30:00-04:00,83.25,83.36000061035156,83.25,83.33000183105469,1949584
2026-07-27 09:30:00-04:00,83.61499786376953,83.79000091552734,83.54499816894531,83.7300033569336,3219007
2026-07-27 10:30:00-04:00,83.72000122070312,83.74500274658203,83.5199966430664,83.61499786376953,3004441
2026-07-27 11:30:00-04:00,83.79810333251953,83.80000305175781,83.66000366210938,83.7249984741211,1491890
2026-07-27 12:30:00-04:00,83.72000122070312,83.83999633789062,83.6897964477539,83.79499816894531,1814988
2026-07-27 13:30:00-04:00,83.74500274658203,83.7750015258789,83.66000366210938,83.71019744873047,4166090
2026-07-27 14:30:00-04:00,83.80999755859375,83.81999969482422,83.70999908447266,83.73999786376953,3812174
2026-07-27 15:30:00-04:00,83.76000213623047,83.87000274658203,83.75499725341797,83.80989837646484,3535741
2026-07-28 09:30:00-04:00,83.94000244140625,84.02999877929688,83.84500122070312,83.87000274658203,3581833
2026-07-28 10:30:00-04:00,84.20500183105469,84.26499938964844,83.93000030517578,83.93499755859375,4693675
2026-07-28 11:30:00-04:00,84.30999755859375,84.33689880371094,84.16999816894531,84.20500183105469,2685638
2026-07-28 12:30:00-04:00,84.23500061035156,84.33999633789062,84.22000122070312,84.31500244140625,2066360
2026-07-28 13:30:00-04:00,84.20999908447266,84.24500274658203,84.18260192871094,84.22989654541016,1834506
2026-07-28 14:30:00-04:00,84.22000122070312,84.25,84.18240356445312,84.21990203857422,1637569
2026-07-28 15:30:00-04:00,84.23500061035156,84.25,84.20999908447266,84.2300033569336,3177424
2026-07-29 09:30:00-04:00,84.04000091552734,84.15129852294922,84.03500366210938,84.1050033569336,2942178
2026-07-29 10:30:00-04:00,83.93499755859375,84.05500030517578,83.91000366210938,84.03500366210938,2089976
2026-07-29 11:30:00-04:00,83.81999969482422,83.95999908447266,83.7699966430664,83.93499755859375,2252489
2026-07-29 12:30:00-04:00,83.87999725341797,83.88500213623047,83.80000305175781,83.82649993896484,1669041
2026-07-29 13:30:00-04:00,83.66500091552734,84.03500366210938,83.4906005859375,83.87999725341797,5330403
2026-07-29 14:30:00-04:00,82.83999633789062,83.86000061035156,82.82980346679688,83.66999816894531,10305521
2026-07-29 15:30:00-04:00,82.86499786376953,83.04000091552734,82.69999694824219,82.8499984741211,10420244
2026-07-30 09:30:00-04:00,82.86499786376953,82.9000015258789,82.70999908447266,82.80500030517578,10100531
2026-07-30 10:30:00-04:00,82.69499969482422,82.875,82.51499938964844,82.86000061035156,9263704
2026-07-30 11:30:00-04:00,82.80000305175781,82.83499908447266,82.65499877929688,82.69000244140625,2950312
2026-07-30 12:30:00-04:00,82.78089904785156,82.85990142822266,82.75,82.80500030517578,2681463
2026-07-30 13:30:00-04:00,82.75679779052734,82.79499816894531,82.68499755859375,82.78130340576172,3053197
2026-07-30 14:30:00-04:00,82.7750015258789,82.86000061035156,82.7300033569336,82.75499725341797,4147536
2026-07-30 15:30:00-04:00,82.79000091552734,82.86000061035156,82.76000213623047,82.7699966430664,4207831
2026-07-31 09:30:00-04:00,82.16500091552734,82.44999694824219,82.05000305175781,82.44499969482422,12690545
2026-07-31 10:30:00-04:00,82.05500030517578,82.25990295410156,82.0199966430664,82.16999816894531,5109430
2026-07-31 11:30:00-04:00,82.06690216064453,82.12999725341797,82.0199966430664,82.05500030517578,4189562
2026-07-31 12:30:00-04:00,81.98999786376953,82.08999633789062,81.9800033569336,82.06999969482422,2887752
2026-07-31 13:30:00-04:00,81.96499633789062,81.99980163574219,81.88999938964844,81.98999786376953,4193142
2026-07-31 14:30:00-04:00,82.0250015258789,82.04000091552734,81.94499969482422,81.96499633789062,5913951
2026-07-31 15:30:00-04:00,82.23500061035156,82.25,82.01000213623047,82.0199966430664,9093606
2026-08-03 09:30:00-04:00,82.34500122070312,82.34500122070312,82.01000213623047,82.231201171875,10323701
2026-08-03 10:30:00-04:00,82.19499969482422,82.34989929199219,82.17500305175781,82.34500122070312,4289339
2026-08-03 11:30:00-04:00,82.25,82.3499984741211,82.19999694824219,82.19999694824219,3814230
2026-08-03 12:30:00-04:00,82.20700073242188,82.26499938964844,82.1500015258789,82.25,2108090
2026-08-03 13:30:00-04:00,82.19000244140625,82.29499816894531,82.17009735107422,82.19999694824219,2109226
2026-08-03 14:30:00-04:00,82.22000122070312,82.26499938964844,82.19000244140625,82.19750213623047,2310108
2026-08-03 15:30:00-04:00,82.19999694824219,82.2300033569336,82.16999816894531,82.20999908447266,4036438
2026-08-04 09:30:00-04:00,82.61499786376953,82.67500305175781,82.56999969482422,82.6449966430664,8145987
2026-08-04 10:30:00-04:00,82.62000274658203,82.69499969482422,82.58000183105469,82.61499786376953,5157607
2026-08-04 11:30:00-04:00,82.7750015258789,82.81999969482422,82.625,82.625,3831305
2026-08-04 12:30:00-04:00,82.69999694824219,82.77999877929688,82.68499755859375,82.7750015258789,2510460
2026-08-04 13:30:00-04:00,82.71499633789062,82.76499938964844,82.68000030517578,82.70500183105469,3357410
2026-08-04 14:30:00-04:00,82.79499816894531,82.82499694824219,82.70999908447266,82.72000122070312,5888066
2026-08-04 15:30:00-04:00,82.82499694824219,82.83999633789062,82.7500991821289,82.79499816894531,4693525
2026-08-05 09:30:00-04:00,83.00499725341797,83.1500015258789,82.83499908447266,82.94000244140625,6118615
2026-08-05 10:30:00-04:00,82.95500183105469,83.06999969482422,82.86000061035156,83.0,8077348
2026-08-05 11:30:00-04:00,82.87190246582031,83.0,82.80000305175781,82.94999694824219,2493481
2026-08-05 12:30:00-04:00,83.05500030517578,83.05999755859375,82.86000061035156,82.875,1731109
2026-08-05 13:30:00-04:00,83.04499816894531,83.0999984741211,83.0,83.05500030517578,2467460
2026-08-05 14:30:00-04:00,82.94499969482422,83.06500244140625,82.91999816894531,83.04499816894531,1781812
2026-08-05 15:30:00-04:00,83.01000213623047,83.01000213623047,82.94000244140625,82.94999694824219,3707601
2026-08-06 09:30:00-04:00,82.81500244140625,82.91999816894531,82.75,82.75,5405502
2026-08-06 10:30:00-04:00,82.69499969482422,82.8550033569336,82.66230010986328,82.81999969482422,2519195
2026-08-06 11:30:00-04:00,82.50499725341797,82.70500183105469,82.46499633789062,82.69999694824219,3248779
2026-08-06 12:30:00-04:00,82.51499938964844,82.54989624023438,82.45999908447266,82.51000213623047,3751786
2026-08-06 13:30:00-04:00,82.45500183105469,82.5250015258789,82.41999816894531,82.5199966430664,2030418
2026-08-06 14:30:00-04:00,82.41999816894531,82.5199966430664,82.41000366210938,82.45500183105469,2616444
2026-08-06 15:30:00-04:00,82.51000213623047,82.54000091552734,82.4000015258789,82.41500091552734,3799636
2026-08-07 09:30:00-04:00,82.63500213623047,82.8499984741211,82.55000305175781,82.8010025024414,9486470
2026-08-07 10:30:00-04:00,82.5999984741211,82.68000030517578,82.53500366210938,82.62999725341797,4043400
2026-08-07 11:30:00-04:00,82.6050033569336,82.6698989868164,82.56999969482422,82.59500122070312,3592628
2026-08-07 12:30:00-04:00,82.55000305175781,82.63500213623047,82.5,82.61000061035156,2517782
2026-08-07 13:30:00-04:00,82.51499938964844,82.61499786376953,82.5,82.55500030517578,2118004
2026-08-07 14:30:00-04:00,82.75,82.75,82.4801025390625,82.51499938964844,7833428
2026-08-07 15:30:00-04:00,82.75,82.7699966430664,82.70999908447266,82.75499725341797,10562733
2026-08-10 09:30:00-04:00,82.28500366210938,82.44499969482422,82.19999694824219,82.4000015258789,8652875
2026-08-10 10:30:00-04:00,82.20500183105469,82.30999755859375,82.17009735107422,82.28500366210938,3648379
2026-08-10 11:30:00-04:00,82.26000213623047,82.2699966430664,82.13999938964844,82.20500183105469,3219702
2026-08-10 12:30:00-04:00,82.1240005493164,82.26000213623047,82.11000061035156,82.25499725341797,4805864
2026-08-10 13:30:00-04:00,82.13500213623047,82.16999816894531,82.0999984741211,82.12989807128906,2728249
2026-08-10 14:30:00-04:00,82.06500244140625,82.16500091552734,82.05999755859375,82.13500213623047,3791123
2026-08-10 15:30:00-04:00,82.04499816894531,82.11000061035156,82.02999877929688,82.06500244140625,3667286
2026-08-11 09:30:00-04:00,82.2500991821289,82.45680236816406,82.23280334472656,82.2699966430664,4053338
2026-08-11 10:30:00-04:00,82.26499938964844,82.36000061035156,82.23999786376953,82.25,1868417
2026-08-11 11:30:00-04:00,82.26000213623047,82.30509948730469,82.20500183105469,82.26000213623047,3639025
2026-08-11 12:30:00-04:00,82.24500274658203,82.30000305175781,82.23999786376953,82.26499938964844,3868141
2026-08-11 13:30:00-04:00,82.2300033569336,82.29499816894531,82.21009826660156,82.24500274658203,1484642
2026-08-11 14:30:00-04:00,82.16500091552734,82.27999877929688,82.16000366210938,82.23500061035156,1818451
2026-08-11 15:30:00-04:00,82.19499969482422,82.20999908447266,82.12000274658203,82.16500091552734,3587411
