Datetime,Close,High,Low,Open,Volume
2023-09-13 09:30:00-04:00,64.41000366210938,65.26000213623047,63.53120040893555,64.31999969482422,564102
2023-09-13 10:30:00-04:00,64.36499786376953,64.68000030517578,64.19999694824219,64.45999908447266,261155
2023-09-13 11:30:00-04:00,64.8499984741211,64.87999725341797,64.33999633789062,64.37989807128906,233476
2023-09-13 12:30:00-04:00,64.83000183105469,65.05999755859375,64.80999755859375,64.86000061035156,141708
2023-09-13 13:30:00-04:00,64.7300033569336,64.98999786376953,64.63999938964844,64.81999969482422,250075
2023-09-13 14:30:00-04:00,64.30000305175781,64.72000122070312,64.18000030517578,64.72000122070312,317740
2023-09-13 15:30:00-04:00,64.51000213623047,64.52999877929688,64.20500183105469,64.30999755859375,391214
2023-09-14 09:30:00-04:00,64.11000061035156,65.68000030517578,63.959999084472656,65.0999984741211,348751
2023-09-14 10:30:00-04:00,65.51000213623047,65.57499694824219,64.12999725341797,64.12999725341797,366322
2023-09-14 11:30:00-04:00,65.02999877929688,65.63400268554688,65.0,65.56880187988281,176344
2023-09-14 12:30:00-04:00,65.41000366210938,65.43000030517578,64.91999816894531,65.04000091552734,137633
2023-09-14 13:30:00-04:00,65.33499908447266,65.62000274658203,65.1500015258789,65.41999816894531,141538
2023-09-14 14:30:00-04:00,65.5199966430664,65.7699966430664,65.30999755859375,65.33499908447266,268294
2023-09-14 15:30:00-04:00,65.55999755859375,65.7300033569336,65.37999725341797,65.5,534069
2023-09-15 09:30:00-04:00,62.63010025024414,65.18000030517578,62.619998931884766,65.0,760866
2023-09-15 10:30:00-04:00,62.77000045776367,62.79999923706055,61.53379821777344,62.619998931884766,1079410
2023-09-15 11:30:00-04:00,62.619998931884766,62.86000061035156,62.310001373291016,62.7599983215332,365109
2023-09-15 12:30:00-04:00,62.095001220703125,62.97999954223633,62.04999923706055,62.599998474121094,350720
2023-09-15 13:30:00-04:00,62.5099983215332,62.589698791503906,62.02000045776367,62.09000015258789,337500
2023-09-15 14:30:00-04:00,62.540000915527344,62.654998779296875,62.11750030517578,62.4900016784668,368639
2023-09-15 15:30:00-04:00,62.751399993896484,62.9900016784668,62.54710006713867,62.54710006713867,723775
2023-09-18 09:30:00-04:00,62.0,62.72999954223633,61.31999969482422,61.7599983215332,595220
2023-09-18 10:30:00-04:00,61.86000061035156,62.0,61.0099983215332,61.994998931884766,491571
2023-09-18 11:30:00-04:00,62.13999938964844,62.18000030517578,61.80099868774414,61.84000015258789,270360
2023-09-18 12:30:00-04:00,61.9900016784668,62.369998931884766,61.849998474121094,62.13999938964844,297969
2023-09-18 13:30:00-04:00,61.72999954223633,62.16999816894531,61.720001220703125,62.0099983215332,252296
2023-09-18 14:30:00-04:00,61.470001220703125,61.83000183105469,61.06999969482422,61.720001220703125,471762
2023-09-18 15:30:00-04:00,61.72999954223633,61.86000061035156,61.279998779296875,61.470001220703125,585228
2023-09-19 09:30:00-04:00,60.13999938964844,61.31999969482422,59.705101013183594,61.16999816894531,446151
2023-09-19 10:30:00-04:00,59.939998626708984,60.189998626708984,59.720001220703125,60.099998474121094,403402
2023-09-19 11:30:00-04:00,60.0,60.31999969482422,59.91999816894531,59.939998626708984,636678
2023-09-19 12:30:00-04:00,60.0,60.2599983215332,59.720001220703125,59.9900016784668,377687
2023-09-19 13:30:00-04:00,60.25,60.47999954223633,60.005001068115234,60.0099983215332,372744
2023-09-19 14:30:00-04:00,60.43000030517578,60.61000061035156,60.15999984741211,60.279998779296875,287628
2023-09-19 15:30:00-04:00,60.15999984741211,60.4900016784668,60.09000015258789,60.45000076293945,695196
2023-09-20 09:30:00-04:00,59.810001373291016,60.619998931884766,59.40999984741211,60.22999954223633,585835
2023-09-20 10:30:00-04:00,59.63999938964844,60.08000183105469,59.61000061035156,59.849998474121094,322611
2023-09-20 11:30:00-04:00,59.9900016784668,60.0099983215332,59.57500076293945,59.630001068115234,226600
2023-09-20 12:30:00-04:00,60.25,60.349998474121094,59.90999984741211,59.9900016784668,174707
2023-09-20 13:30:00-04:00,60.70500183105469,60.87990188598633,60.22999954223633,60.27000045776367,335749
2023-09-20 14:30:00-04:00,60.47999954223633,61.150001525878906,60.31999969482422,60.71500015258789,451967
2023-09-20 15:30:00-04:00,60.0,60.47999954223633,59.81999969482422,60.470001220703125,626804
2023-09-21 09:30:00-04:00,57.459999084472656,58.810001373291016,57.310001373291016,58.41999816894531,1048066
2023-09-21 10:30:00-04:00,57.2599983215332,57.75,57.06990051269531,57.43000030517578,767455
2023-09-21 11:30:00-04:00,56.29999923706055,57.31399917602539,56.08250045776367,57.2400016784668,708224
2023-09-21 12:30:00-04:00,56.863800048828125,56.91999816894531,56.119998931884766,56.29499816894531,604843
2023-09-21 13:30:00-04:00,56.849998474121094,57.060001373291016,56.66999816894531,56.835201263427734,579018
2023-09-21 14:30:00-04:00,56.52000045776367,57.02000045776367,56.41999816894531,56.849998474121094,475547
2023-09-21 15:30:00-04:00,56.54999923706055,56.959999084472656,56.45000076293945,56.529998779296875,775912
2023-09-22 09:30:00-04:00,57.06999969482422,57.7510986328125,56.529998779296875,57.44499969482422,469671
2023-09-22 10:30:00-04:00,57.529998779296875,57.86000061035156,57.099998474121094,57.099998474121094,447023
2023-09-22 11:30:00-04:00,57.89500045776367,58.09000015258789,57.50040054321289,57.52000045776367,564119
2023-09-22 12:30:00-04:00,57.689998626708984,58.0,57.689998626708984,57.91999816894531,247167
2023-09-22 13:30:00-04:00,57.529998779296875,57.95000076293945,57.36920166015625,57.68000030517578,421311
2023-09-22 14:30:00-04:00,58.02000045776367,58.08000183105469,57.279998779296875,57.54499816894531,563793
2023-09-22 15:30:00-04:00,57.7599983215332,58.189998626708984,57.689998626708984,58.0099983215332,929678
2023-09-25 09:30:00-04:00,57.20000076293945,58.279998779296875,56.71009826660156,57.29999923706055,291931
2023-09-25 10:30:00-04:00,57.61000061035156,58.290000915527344,56.66999816894531,57.13999938964844,434137
2023-09-25 11:30:00-04:00,57.959999084472656,58.040000915527344,57.619998931884766,57.63999938964844,220199
2023-09-25 12:30:00-04:00,57.84000015258789,58.08000183105469,57.65999984741211,57.96500015258789,143918
2023-09-25 13:30:00-04:00,57.529998779296875,57.939998626708984,57.52000045776367,57.81999969482422,162182
2023-09-25 14:30:00-04:00,57.494998931884766,57.720001220703125,57.290000915527344,57.52000045776367,180757
2023-09-25 15:30:00-04:00,57.75,57.77000045776367,57.38999938964844,57.5099983215332,420294
2023-09-26 09:30:00-04:00,57.349998474121094,57.689998626708984,56.86000061035156,56.86000061035156,387838
2023-09-26 10:30:00-04:00,56.58000183105469,57.36000061035156,56.56999969482422,57.349998474121094,464730
2023-09-26 11:30:00-04:00,56.68920135498047,56.869998931884766,56.474998474121094,56.59000015258789,335328
2023-09-26 12:30:00-04:00,56.599998474121094,56.875,56.540000915527344,56.70000076293945,147501
2023-09-26 13:30:00-04:00,56.540000915527344,56.724998474121094,56.43000030517578,56.59000015258789,212462
2023-09-26 14:30:00-04:00,56.61000061035156,56.86000061035156,56.5099983215332,56.560001373291016,298276
2023-09-26 15:30:00-04:00,56.682498931884766,56.779998779296875,56.45000076293945,56.61000061035156,602629
2023-09-27 09:30:00-04:00,59.96500015258789,60.400001525878906,58.560001373291016,60.25,2164471
2023-09-27 10:30:00-04:00,60.09000015258789,60.630001068115234,59.439998626708984,59.91999816894531,1430439
2023-09-27 11:30:00-04:00,60.220001220703125,60.2599983215332,59.70000076293945,60.09000015258789,630193
2023-09-27 12:30:00-04:00,58.79999923706055,60.56999969482422,58.62009811401367,60.2400016784668,785071
2023-09-27 13:30:00-04:00,60.439998626708984,60.439998626708984,58.66999816894531,58.790000915527344,649829
2023-09-27 14:30:00-04:00,60.709999084472656,61.27000045776367,60.290000915527344,60.435001373291016,1049424
2023-09-27 15:30:00-04:00,60.560001373291016,60.82310104370117,60.290000915527344,60.73500061035156,1138382
2023-09-28 09:30:00-04:00,60.86000061035156,61.28580093383789,59.2577018737793,59.810001373291016,938436
2023-09-28 10:30:00-04:00,61.7400016784668,61.7599983215332,60.462501525878906,60.900001525878906,528092
2023-09-28 11:30:00-04:00,63.095001220703125,63.15999984741211,61.7400016784668,61.7400016784668,842071
2023-09-28 12:30:00-04:00,62.599998474121094,63.29999923706055,62.40999984741211,63.095001220703125,575873
2023-09-28 13:30:00-04:00,62.959999084472656,63.0,62.439998626708984,62.57149887084961,381218
2023-09-28 14:30:00-04:00,63.279998779296875,63.68000030517578,62.5099983215332,62.95899963378906,877555
2023-09-28 15:30:00-04:00,63.09000015258789,63.83000183105469,63.040000915527344,63.27000045776367,1763874
2023-09-29 09:30:00-04:00,64.21499633789062,65.58000183105469,63.83000183105469,63.939998626708984,997996
2023-09-29 10:30:00-04:00,64.36000061035156,65.13710021972656,64.12750244140625,64.2300033569336,336612
2023-09-29 11:30:00-04:00,64.40499877929688,64.61000061035156,63.970001220703125,64.36000061035156,347919
2023-09-29 12:30:00-04:00,63.810001373291016,64.66899871826172,63.380001068115234,64.3949966430664,440439
2023-09-29 13:30:00-04:00,63.43000030517578,63.959598541259766,63.29999923706055,63.838600158691406,366275
2023-09-29 14:30:00-04:00,63.19499969482422,63.790000915527344,62.970001220703125,63.41999816894531,414731
2023-09-29 15:30:00-04:00,63.040000915527344,63.400001525878906,62.7599983215332,63.18000030517578,824244
2023-10-02 09:30:00-04:00,62.369998931884766,63.779998779296875,62.34000015258789,62.90999984741211,512114
2023-10-02 10:30:00-04:00,63.529998779296875,63.599998474121094,62.27000045776367,62.36000061035156,430002
2023-10-02 11:30:00-04:00,62.38999938964844,63.609901428222656,62.27000045776367,63.540000915527344,372680
2023-10-02 12:30:00-04:00,62.130001068115234,62.39500045776367,61.96500015258789,62.345001220703125,308872
2023-10-02 13:30:00-04:00,61.994998931884766,62.33000183105469,61.86000061035156,62.13999938964844,176348
2023-10-02 14:30:00-04:00,61.849998474121094,62.220001220703125,61.54999923706055,62.0,429515
2023-10-02 15:30:00-04:00,62.505001068115234,62.5099983215332,61.81999969482422,61.8650016784668,646519
2023-10-03 09:30:00-04:00,60.24959945678711,61.77000045776367,60.08000183105469,61.54999923706055,741831
2023-10-03 10:30:00-04:00,59.595001220703125,60.56999969482422,59.33000183105469,60.22999954223633,514732
2023-10-03 11:30:00-04:00,59.584999084472656,59.75,59.220001220703125,59.599998474121094,377259
2023-10-03 12:30:00-04:00,59.165000915527344,59.59000015258789,58.959999084472656,59.584999084472656,363036
2023-10-03 13:30:00-04:00,58.529998779296875,59.2400016784668,58.29499816894531,59.15999984741211,583185
2023-10-03 14:30:00-04:00,58.046199798583984,58.77000045776367,57.900001525878906,58.529998779296875,689299
2023-10-03 15:30:00-04:00,58.400001525878906,58.439998626708984,58.0099983215332,58.04999923706055,670497
2023-10-04 09:30:00-04:00,58.16999816894531,59.56999969482422,58.119998931884766,59.150001525878906,510907
2023-10-04 10:30:00-04:00,58.5099983215332,58.939998626708984,58.189998626708984,58.20000076293945,378826
2023-10-04 11:30:00-04:00,59.290000915527344,59.34000015258789,58.47999954223633,58.560001373291016,387302
2023-10-04 12:30:00-04:00,59.04999923706055,59.54499816894531,59.0,59.31999969482422,259793
2023-10-04 13:30:00-04:00,59.0,59.13999938964844,58.66999816894531,59.040000915527344,241230
2023-10-04 14:30:00-04:00,59.54999923706055,59.625,58.97999954223633,58.9900016784668,260972
2023-10-04 15:30:00-04:00,59.2400016784668,59.88999938964844,59.15999984741211,59.560001373291016,644944
2023-10-05 09:30:00-04:00,57.494998931884766,59.27000045776367,57.16999816894531,59.0,570280
2023-10-05 10:30:00-04:00,57.150001525878906,57.56999969482422,56.709999084472656,57.43000030517578,730922
2023-10-05 11:30:00-04:00,57.36790084838867,57.470001220703125,56.810001373291016,57.154998779296875,570628
2023-10-05 12:30:00-04:00,57.470001220703125,57.540000915527344,57.0099983215332,57.400001525878906,285444
2023-10-05 13:30:00-04:00,57.859901428222656,58.04999923706055,57.310001373291016,57.499900817871094,277634
2023-10-05 14:30:00-04:00,58.290000915527344,58.36000061035156,57.81999969482422,57.849998474121094,286094
2023-10-05 15:30:00-04:00,58.18000030517578,58.310001373291016,57.9900016784668,58.290000915527344,438840
2023-10-06 09:30:00-04:00,59.900001525878906,59.933998107910156,57.34000015258789,57.400001525878906,677885
2023-10-06 10:30:00-04:00,60.93000030517578,61.4099006652832,59.900001525878906,59.900001525878906,987015
2023-10-06 11:30:00-04:00,61.939998626708984,62.08000183105469,60.959999084472656,60.959999084472656,640690
2023-10-06 12:30:00-04:00,62.66999816894531,62.66999816894531,61.650001525878906,61.95000076293945,510925
2023-10-06 13:30:00-04:00,62.32500076293945,62.689998626708984,62.11000061035156,62.650001525878906,403940
2023-10-06 14:30:00-04:00,62.41999816894531,62.5,62.15999984741211,62.33000183105469,487044
2023-10-06 15:30:00-04:00,62.560001373291016,62.599998474121094,62.29999923706055,62.430599212646484,643117
2023-10-09 09:30:00-04:00,63.96009826660156,64.80999755859375,61.0099983215332,61.0099983215332,1182433
2023-10-09 10:30:00-04:00,63.32279968261719,64.1500015258789,63.029998779296875,63.994998931884766,398222
2023-10-09 11:30:00-04:00,63.497398376464844,63.790000915527344,62.970001220703125,63.35499954223633,263694
2023-10-09 12:30:00-04:00,63.82500076293945,63.85900115966797,63.349998474121094,63.4900016784668,254173
2023-10-09 13:30:00-04:00,64.2699966430664,64.27999877929688,63.84000015258789,63.84000015258789,309976
2023-10-09 14:30:00-04:00,64.02999877929688,64.47989654541016,63.90999984741211,64.26000213623047,401112
2023-10-09 15:30:00-04:00,63.689998626708984,64.05000305175781,63.540000915527344,64.02999877929688,547180
2023-10-10 09:30:00-04:00,65.81999969482422,65.87999725341797,63.560001373291016,63.69499969482422,753893
2023-10-10 10:30:00-04:00,65.29000091552734,66.1449966430664,65.1449966430664,65.85780334472656,528478
2023-10-10 11:30:00-04:00,65.5250015258789,65.93000030517578,65.2300033569336,65.27999877929688,478825
2023-10-10 12:30:00-04:00,65.1500015258789,65.93000030517578,64.90499877929688,65.54000091552734,589454
2023-10-10 13:30:00-04:00,65.44999694824219,65.77999877929688,65.12999725341797,65.1500015258789,283386
2023-10-10 14:30:00-04:00,65.58000183105469,65.91999816894531,65.42500305175781,65.44000244140625,322142
2023-10-10 15:30:00-04:00,65.58999633789062,65.58999633789062,65.41999816894531,65.56999969482422,474626
2023-10-11 09:30:00-04:00,65.91999816894531,66.8499984741211,65.76499938964844,66.26000213623047,694316
2023-10-11 10:30:00-04:00,66.22000122070312,66.75,65.44999694824219,65.90660095214844,465414
2023-10-11 11:30:00-04:00,65.55999755859375,66.2300033569336,65.33000183105469,66.11000061035156,200113
2023-10-11 12:30:00-04:00,65.13999938964844,65.56999969482422,64.94999694824219,65.56999969482422,115007
2023-10-11 13:30:00-04:00,65.29000091552734,65.57499694824219,64.8010025024414,65.12000274658203,158164
2023-10-11 14:30:00-04:00,65.41999816894531,65.45999908447266,64.98999786376953,65.26000213623047,203916
2023-10-11 15:30:00-04:00,65.26000213623047,65.45999908447266,65.20500183105469,65.44000244140625,415256
2023-10-12 09:30:00-04:00,64.5427017211914,65.3499984741211,63.529998779296875,65.31500244140625,534307
2023-10-12 10:30:00-04:00,64.51930236816406,64.92749786376953,64.18000030517578,64.52999877929688,256842
2023-10-12 11:30:00-04:00,64.61000061035156,64.77999877929688,64.10209655761719,64.44270324707031,253742
2023-10-12 12:30:00-04:00,63.2599983215332,64.69499969482422,63.209999084472656,64.55999755859375,273773
2023-10-12 13:30:00-04:00,62.98899841308594,63.29999923706055,62.33000183105469,63.2400016784668,450165
2023-10-12 14:30:00-04:00,62.46500015258789,63.0,62.459999084472656,62.939998626708984,350906
2023-10-12 15:30:00-04:00,62.63999938964844,62.77000045776367,62.459999084472656,62.47700119018555,622944
2023-10-13 09:30:00-04:00,62.43000030517578,63.5,62.27000045776367,62.400001525878906,403008
2023-10-13 10:30:00-04:00,61.099998474121094,62.4900016784668,60.86000061035156,62.40999984741211,382071
2023-10-13 11:30:00-04:00,61.36000061035156,61.4900016784668,60.76499938964844,61.11000061035156,263966
2023-10-13 12:30:00-04:00,60.823699951171875,61.5,60.790000915527344,61.345001220703125,159317
2023-10-13 13:30:00-04:00,60.82500076293945,61.31999969482422,60.64500045776367,60.810001373291016,229739
2023-10-13 14:30:00-04:00,61.09000015258789,61.64500045776367,60.83000183105469,60.834999084472656,330411
2023-10-13 15:30:00-04:00,61.11000061035156,61.505001068115234,61.06999969482422,61.09000015258789,519637
2023-10-16 09:30:00-04:00,64.37000274658203,64.37000274658203,61.47999954223633,61.900001525878906,950525
2023-10-16 10:30:00-04:00,63.66999816894531,64.53040313720703,63.459999084472656,64.30999755859375,543445
2023-10-16 11:30:00-04:00,63.70000076293945,63.83000183105469,63.38999938964844,63.72999954223633,351690
2023-10-16 12:30:00-04:00,63.405399322509766,63.959999084472656,63.11000061035156,63.70000076293945,290187
2023-10-16 13:30:00-04:00,63.52000045776367,63.63999938964844,63.39500045776367,63.439998626708984,163748
2023-10-16 14:30:00-04:00,63.54499816894531,63.56999969482422,63.27000045776367,63.510101318359375,196052
2023-10-16 15:30:00-04:00,63.529998779296875,63.61000061035156,62.9900016784668,63.54499816894531,702216
2023-10-17 09:30:00-04:00,64.00830078125,64.4000015258789,62.0,62.0,531321
2023-10-17 10:30:00-04:00,65.55999755859375,65.8499984741211,63.9900016784668,64.01499938964844,613155
2023-10-17 11:30:00-04:00,65.47000122070312,65.77999877929688,65.05500030517578,65.55999755859375,345473
2023-10-17 12:30:00-04:00,65.29000091552734,65.55999755859375,64.94999694824219,65.45500183105469,392818
2023-10-17 13:30:00-04:00,65.16000366210938,65.3550033569336,64.38999938964844,65.29000091552734,416459
2023-10-17 14:30:00-04:00,64.93000030517578,65.2925033569336,64.73500061035156,65.1500015258789,296520
2023-10-17 15:30:00-04:00,64.62999725341797,64.94380187988281,64.58000183105469,64.93000030517578,626290
2023-10-18 09:30:00-04:00,63.470001220703125,64.6500015258789,63.310001373291016,64.19999694824219,385921
2023-10-18 10:30:00-04:00,63.4900016784668,63.58000183105469,62.810001373291016,63.499900817871094,358243
2023-10-18 11:30:00-04:00,63.46500015258789,63.70000076293945,63.34000015258789,63.470001220703125,183307
2023-10-18 12:30:00-04:00,63.21500015258789,63.560001373291016,62.869998931884766,63.47999954223633,151584
2023-10-18 13:30:00-04:00,63.02000045776367,63.224998474121094,62.779998779296875,63.224998474121094,169382
2023-10-18 14:30:00-04:00,62.349998474121094,63.119998931884766,62.349998474121094,63.01499938964844,340783
2023-10-18 15:30:00-04:00,62.43000030517578,62.630001068115234,62.2400016784668,62.36000061035156,468535
2023-10-19 09:30:00-04:00,62.720001220703125,63.959999084472656,62.45000076293945,62.75,288815
2023-10-19 10:30:00-04:00,62.470001220703125,63.38999938964844,61.9900016784668,62.68619918823242,227412
2023-10-19 11:30:00-04:00,63.209999084472656,63.349998474121094,62.470001220703125,62.489898681640625,234572
2023-10-19 12:30:00-04:00,63.34000015258789,63.47990036010742,62.31999969482422,63.20000076293945,255844
2023-10-19 13:30:00-04:00,63.005001068115234,63.18000030517578,62.4900016784668,63.18000030517578,231457
2023-10-19 14:30:00-04:00,62.58000183105469,63.02000045776367,62.23500061035156,63.0,342679
2023-10-19 15:30:00-04:00,62.75,62.869998931884766,62.349998474121094,62.58000183105469,507690
2023-10-20 09:30:00-04:00,60.08000183105469,62.619998931884766,60.060001373291016,62.060001373291016,402267
2023-10-20 10:30:00-04:00,59.279998779296875,60.150001525878906,58.80619812011719,60.08000183105469,1044282
2023-10-20 11:30:00-04:00,59.790000915527344,59.869998931884766,59.029998779296875,59.209999084472656,404005
2023-10-20 12:30:00-04:00,60.290000915527344,60.43000030517578,59.77000045776367,59.77000045776367,466622
2023-10-20 13:30:00-04:00,59.63999938964844,60.41999816894531,59.560001373291016,60.29999923706055,280334
2023-10-20 14:30:00-04:00,59.16999816894531,59.68000030517578,58.915000915527344,59.619998931884766,455962
2023-10-20 15:30:00-04:00,59.349998474121094,59.609901428222656,59.15999984741211,59.15999984741211,747682
2023-10-23 09:30:00-04:00,58.40999984741211,58.724998474121094,57.29999923706055,58.5,884189
2023-10-23 10:30:00-04:00,58.86000061035156,59.125,57.90999984741211,58.439998626708984,536696
2023-10-23 11:30:00-04:00,59.066001892089844,59.1150016784668,58.70000076293945,58.849998474121094,327949
2023-10-23 12:30:00-04:00,59.09000015258789,59.7400016784668,58.97999954223633,59.06999969482422,330971
2023-10-23 13:30:00-04:00,58.880001068115234,59.32500076293945,58.810001373291016,59.040000915527344,258659
2023-10-23 14:30:00-04:00,58.814998626708984,59.095001220703125,58.5,58.880001068115234,436937
2023-10-23 15:30:00-04:00,58.720001220703125,58.88999938964844,58.59000015258789,58.79999923706055,585872
2023-10-24 09:30:00-04:00,61.130001068115234,61.150001525878906,59.599998474121094,59.689998626708984,793768
2023-10-24 10:30:00-04:00,59.96500015258789,61.27000045776367,59.900001525878906,61.130001068115234,351909
2023-10-24 11:30:00-04:00,59.150001525878906,60.1349983215332,59.060001373291016,59.95000076293945,486423
2023-10-24 12:30:00-04:00,59.18000030517578,59.2599983215332,58.790000915527344,59.15999984741211,266051
2023-10-24 13:30:00-04:00,59.2599983215332,59.29999923706055,58.852500915527344,59.18000030517578,243877
2023-10-24 14:30:00-04:00,59.45000076293945,59.790000915527344,59.170101165771484,59.29999923706055,314850
2023-10-24 15:30:00-04:00,59.64500045776367,59.709999084472656,59.404998779296875,59.44499969482422,459422
2023-10-25 09:30:00-04:00,58.459999084472656,58.78990173339844,57.400001525878906,58.56999969482422,525813
2023-10-25 10:30:00-04:00,58.29999923706055,59.040000915527344,58.02000045776367,58.48659896850586,550893
2023-10-25 11:30:00-04:00,57.4900016784668,58.37049865722656,57.459999084472656,58.310001373291016,461643
2023-10-25 12:30:00-04:00,57.150001525878906,57.6599006652832,57.02000045776367,57.4900016784668,295594
2023-10-25 13:30:00-04:00,56.869998931884766,57.125,56.40999984741211,57.11000061035156,492040
2023-10-25 14:30:00-04:00,56.880001068115234,57.11000061035156,56.66999816894531,56.869998931884766,449757
2023-10-25 15:30:00-04:00,56.470001220703125,56.9900016784668,56.430999755859375,56.90999984741211,697602
2023-10-26 09:30:00-04:00,56.189998626708984,57.10499954223633,55.2599983215332,56.54999923706055,466107
2023-10-26 10:30:00-04:00,55.81999969482422,57.060001373291016,55.720001220703125,56.189998626708984,363653
2023-10-26 11:30:00-04:00,55.005001068115234,56.11989974975586,54.93000030517578,55.81999969482422,303813
2023-10-26 12:30:00-04:00,54.88999938964844,55.5099983215332,54.61000061035156,55.005001068115234,487734
2023-10-26 13:30:00-04:00,55.400001525878906,55.5099983215332,54.79999923706055,54.90999984741211,381502
2023-10-26 14:30:00-04:00,55.940101623535156,56.5,55.31010055541992,55.404998779296875,539184
2023-10-26 15:30:00-04:00,55.52000045776367,56.0,55.47999954223633,55.939998626708984,414858
2023-10-27 09:30:00-04:00,56.11000061035156,56.91999816894531,55.54010009765625,56.33000183105469,550819
2023-10-27 10:30:00-04:00,56.2599983215332,56.709999084472656,55.66360092163086,56.150001525878906,454772
2023-10-27 11:30:00-04:00,55.90010070800781,56.33000183105469,55.75,56.33000183105469,263381
2023-10-27 12:30:00-04:00,55.61000061035156,56.02000045776367,55.470001220703125,55.95000076293945,227153
2023-10-27 13:30:00-04:00,55.130001068115234,55.70000076293945,55.04999923706055,55.630001068115234,173511
2023-10-27 14:30:00-04:00,55.29999923706055,55.45000076293945,55.05500030517578,55.09000015258789,288268
2023-10-27 15:30:00-04:00,55.349998474121094,55.38999938964844,54.922698974609375,55.290000915527344,628785
2023-10-30 09:30:00-04:00,55.59000015258789,56.90999984741211,55.310001373291016,56.41999816894531,493272
2023-10-30 10:30:00-04:00,56.54999923706055,56.900001525878906,55.36000061035156,55.529998779296875,382823
2023-10-30 11:30:00-04:00,56.119998931884766,56.720001220703125,56.02000045776367,56.58000183105469,183511
2023-10-30 12:30:00-04:00,55.5099983215332,56.22999954223633,55.14500045776367,56.11000061035156,230038
2023-10-30 13:30:00-04:00,55.779998779296875,55.93000030517578,55.41999816894531,55.51499938964844,276361
2023-10-30 14:30:00-04:00,56.26499938964844,56.32500076293945,55.79999923706055,55.79999923706055,236285
2023-10-30 15:30:00-04:00,55.880001068115234,56.279998779296875,55.810001373291016,56.279998779296875,418071
2023-10-31 09:30:00-04:00,56.630001068115234,56.63999938964844,55.2599983215332,56.0099983215332,330718
2023-10-31 10:30:00-04:00,56.66999816894531,57.15999984741211,56.11000061035156,56.6150016784668,313959
2023-10-31 11:30:00-04:00,56.900001525878906,57.02000045776367,56.630001068115234,56.63999938964844,178880
2023-10-31 12:30:00-04:00,56.474998474121094,57.15999984741211,56.27000045776367,56.93000030517578,304082
2023-10-31 13:30:00-04:00,56.43000030517578,56.71500015258789,56.38999938964844,56.470001220703125,220837
2023-10-31 14:30:00-04:00,56.93000030517578,57.28900146484375,56.40999984741211,56.415000915527344,330316
2023-10-31 15:30:00-04:00,56.689998626708984,56.92499923706055,56.65999984741211,56.92499923706055,443905
2023-11-01 09:30:00-04:00,55.59000015258789,56.71500015258789,54.882198333740234,56.70000076293945,501082
2023-11-01 10:30:00-04:00,54.95500183105469,55.724998474121094,54.90999984741211,55.61000061035156,373356
2023-11-01 11:30:00-04:00,55.0,55.189998626708984,54.61000061035156,54.95000076293945,328074
2023-11-01 12:30:00-04:00,54.627601623535156,55.04999923706055,54.27000045776367,55.0099983215332,454076
2023-11-01 13:30:00-04:00,54.29999923706055,54.86000061035156,54.119998931884766,54.63999938964844,420367
2023-11-01 14:30:00-04:00,54.94609832763672,55.04999923706055,53.88140106201172,54.310001373291016,640439
2023-11-01 15:30:00-04:00,54.95000076293945,55.2400016784668,54.900001525878906,54.970001220703125,800551
2023-11-02 09:30:00-04:00,55.9900016784668,58.08000183105469,55.77000045776367,57.470001220703125,1527859
2023-11-02 10:30:00-04:00,56.70500183105469,56.959999084472656,55.400001525878906,56.02000045776367,1054350
2023-11-02 11:30:00-04:00,57.04999923706055,57.5099983215332,56.439998626708984,56.71500015258789,948529
2023-11-02 12:30:00-04:00,57.290000915527344,57.599998474121094,56.9900016784668,57.04999923706055,797774
2023-11-02 13:30:00-04:00,56.4900016784668,57.52000045776367,56.41999816894531,57.31999969482422,1109631
2023-11-02 14:30:00-04:00,56.869998931884766,56.94990158081055,56.349998474121094,56.5,1278194
2023-11-02 15:30:00-04:00,56.56999969482422,57.15999984741211,56.5099983215332,56.880001068115234,1802785
2023-11-03 09:30:00-04:00,61.56999969482422,63.33000183105469,57.36000061035156,60.41999816894531,4168078
2023-11-03 10:30:00-04:00,61.97999954223633,62.47999954223633,60.400001525878906,61.56999969482422,2018118
2023-11-03 11:30:00-04:00,63.61000061035156,63.849998474121094,61.9900016784668,62.0,1427057
2023-11-03 12:30:00-04:00,64.3499984741211,64.37999725341797,63.43000030517578,63.61000061035156,1267471
2023-11-03 13:30:00-04:00,64.0,64.57499694824219,63.70090103149414,64.33000183105469,855543
2023-11-03 14:30:00-04:00,63.91999816894531,64.29000091552734,63.77000045776367,64.0,833250
2023-11-03 15:30:00-04:00,64.44000244140625,64.55999755859375,63.83000183105469,63.90999984741211,1792258
2023-11-06 09:30:00-05:00,61.90999984741211,64.5,61.689998626708984,64.30000305175781,1390876
2023-11-06 10:30:00-05:00,62.58000183105469,62.73500061035156,61.400001525878906,61.90999984741211,1018879
2023-11-06 11:30:00-05:00,62.54999923706055,62.86000061035156,62.11000061035156,62.603599548339844,558834
2023-11-06 12:30:00-05:00,61.790000915527344,62.7599983215332,61.744998931884766,62.52000045776367,394310
2023-11-06 13:30:00-05:00,62.2599983215332,62.31999969482422,61.6703987121582,61.84000015258789,504288
2023-11-06 14:30:00-05:00,62.13999938964844,62.380001068115234,61.900001525878906,62.255001068115234,498893
2023-11-06 15:30:00-05:00,63.17499923706055,63.220001220703125,62.13999938964844,62.15999984741211,1097271
2023-11-07 09:30:00-05:00,66.0250015258789,66.11000061035156,63.40999984741211,64.02999877929688,1738475
2023-11-07 10:30:00-05:00,65.11000061035156,66.23999786376953,64.98999786376953,66.0250015258789,648311
2023-11-07 11:30:00-05:00,64.62000274658203,65.5,64.5999984741211,65.0999984741211,467555
2023-11-07 12:30:00-05:00,64.7699966430664,64.97989654541016,64.22039794921875,64.62000274658203,374725
2023-11-07 13:30:00-05:00,64.9749984741211,65.19000244140625,64.67500305175781,64.7699966430664,331751
2023-11-07 14:30:00-05:00,65.32499694824219,65.33370208740234,64.44999694824219,64.97000122070312,726121
2023-11-07 15:30:00-05:00,66.12000274658203,66.12999725341797,65.2699966430664,65.33419799804688,1424591
2023-11-08 09:30:00-05:00,64.08000183105469,66.16000366210938,64.06999969482422,65.68000030517578,670508
2023-11-08 10:30:00-05:00,64.94499969482422,64.98999786376953,63.880001068115234,64.06999969482422,465009
2023-11-08 11:30:00-05:00,64.2249984741211,65.12000274658203,64.15599822998047,64.91000366210938,241706
2023-11-08 12:30:00-05:00,64.61129760742188,64.69000244140625,64.11000061035156,64.23999786376953,211588
2023-11-08 13:30:00-05:00,64.48999786376953,64.66999816894531,64.30999755859375,64.625,147873
2023-11-08 14:30:00-05:00,64.48999786376953,64.63999938964844,64.22000122070312,64.4800033569336,266665
2023-11-08 15:30:00-05:00,64.58000183105469,64.5999984741211,64.26000213623047,64.5,443627
2023-11-09 09:30:00-05:00,64.2699966430664,65.4000015258789,64.06999969482422,65.0999984741211,443842
2023-11-09 10:30:00-05:00,64.72000122070312,64.97000122070312,64.12999725341797,64.19499969482422,430340
2023-11-09 11:30:00-05:00,63.375,64.80000305175781,63.2599983215332,64.70999908447266,317876
2023-11-09 12:30:00-05:00,63.5,63.970001220703125,63.150001525878906,63.38999938964844,411570
2023-11-09 13:30:00-05:00,62.91999816894531,63.654998779296875,62.7400016784668,63.470001220703125,479565
2023-11-09 14:30:00-05:00,62.45000076293945,62.970001220703125,62.22999954223633,62.904998779296875,496968
2023-11-09 15:30:00-05:00,62.15999984741211,62.52000045776367,62.02000045776367,62.45000076293945,721089
2023-11-10 09:30:00-05:00,61.7599983215332,62.939998626708984,61.5,61.810001373291016,500904
2023-11-10 10:30:00-05:00,62.02000045776367,62.32630157470703,61.34000015258789,61.81999969482422,588409
2023-11-10 11:30:00-05:00,61.724300384521484,62.119998931884766,61.52000045776367,62.04999923706055,326541
2023-11-10 12:30:00-05:00,62.162498474121094,62.369998931884766,61.70000076293945,61.7400016784668,247301
2023-11-10 13:30:00-05:00,63.2599983215332,63.31999969482422,62.20000076293945,62.209999084472656,239844
2023-11-10 14:30:00-05:00,63.040000915527344,63.29499816894531,62.65999984741211,63.24150085449219,326479
2023-11-10 15:30:00-05:00,63.11000061035156,63.224998474121094,62.900001525878906,63.060001373291016,468736
2023-11-13 09:30:00-05:00,62.790000915527344,63.91999816894531,62.38999938964844,62.86000061035156,694668
2023-11-13 10:30:00-05:00,63.900001525878906,64.25,62.70000076293945,62.810001373291016,503928
2023-11-13 11:30:00-05:00,63.310001373291016,63.91999816894531,63.0099983215332,63.900001525878906,362336
2023-11-13 12:30:00-05:00,63.470001220703125,63.72999954223633,63.25,63.31999969482422,146141
2023-11-13 13:30:00-05:00,63.70000076293945,63.83000183105469,63.40999984741211,63.43000030517578,167378
2023-11-13 14:30:00-05:00,63.470001220703125,63.749000549316406,63.349998474121094,63.70000076293945,245918
2023-11-13 15:30:00-05:00,63.900001525878906,63.939998626708984,63.38999938964844,63.474998474121094,616845
2023-11-14 09:30:00-05:00,67.31500244140625,67.93000030517578,66.04000091552734,66.04000091552734,1506840
2023-11-14 10:30:00-05:00,68.16000366210938,68.29000091552734,66.75,67.33000183105469,1012821
2023-11-14 11:30:00-05:00,68.54000091552734,68.79000091552734,68.12000274658203,68.1500015258789,720470
2023-11-14 12:30:00-05:00,69.2300033569336,69.43000030517578,68.55000305175781,68.55999755859375,619328
2023-11-14 13:30:00-05:00,68.70999908447266,69.30989837646484,68.58999633789062,69.22000122070312,584673
2023-11-14 14:30:00-05:00,70.66999816894531,70.94999694824219,68.69499969482422,68.69999694824219,1662669
2023-11-14 15:30:00-05:00,70.6500015258789,70.76000213623047,70.05000305175781,70.66000366210938,1573775
2023-11-15 09:30:00-05:00,71.94499969482422,72.23999786376953,70.13999938964844,70.58999633789062,1142137
2023-11-15 10:30:00-05:00,72.16999816894531,72.69000244140625,71.86000061035156,71.99199676513672,687511
2023-11-15 11:30:00-05:00,71.44000244140625,72.48999786376953,71.34010314941406,72.18000030517578,543378
2023-11-15 12:30:00-05:00,70.73500061035156,71.63999938964844,70.375,71.46499633789062,412314
2023-11-15 13:30:00-05:00,71.2300033569336,71.2300033569336,70.52999877929688,70.76000213623047,434428
2023-11-15 14:30:00-05:00,70.5250015258789,71.31999969482422,70.43000030517578,71.19999694824219,388980
2023-11-15 15:30:00-05:00,70.81999969482422,70.83000183105469,70.30000305175781,70.51000213623047,595962
2023-11-16 09:30:00-05:00,70.38999938964844,70.95999908447266,68.94999694824219,69.5,994136
2023-11-16 10:30:00-05:00,69.65499877929688,70.72979736328125,69.26580047607422,70.41000366210938,504522
2023-11-16 11:30:00-05:00,70.23500061035156,70.30000305175781,69.53500366210938,69.58999633789062,225058
2023-11-16 12:30:00-05:00,70.16500091552734,70.55899810791016,69.84010314941406,70.22000122070312,195757
2023-11-16 13:30:00-05:00,70.01000213623047,70.30999755859375,69.75,70.16999816894531,194705
2023-11-16 14:30:00-05:00,70.81780242919922,70.84539794921875,69.97550201416016,70.0,375426
2023-11-16 15:30:00-05:00,70.69000244140625,70.91000366210938,70.56999969482422,70.80999755859375,554788
2023-11-17 09:30:00-05:00,71.16999816894531,71.41999816894531,69.81999969482422,70.48999786376953,493718
2023-11-17 10:30:00-05:00,72.01000213623047,72.06999969482422,71.12999725341797,71.12999725341797,421728
2023-11-17 11:30:00-05:00,72.55000305175781,72.69000244140625,71.94000244140625,72.0199966430664,421121
2023-11-17 12:30:00-05:00,72.95999908447266,73.1500015258789,72.4800033569336,72.54000091552734,322445
2023-11-17 13:30:00-05:00,72.5199966430664,72.98500061035156,72.33999633789062,72.94999694824219,300778
2023-11-17 14:30:00-05:00,72.54000091552734,72.7699966430664,72.34100341796875,72.51499938964844,321491
2023-11-17 15:30:00-05:00,72.70999908447266,72.73999786376953,72.1404037475586,72.52999877929688,668479
2023-11-20 09:30:00-05:00,73.29000091552734,73.87139892578125,72.31999969482422,72.51000213623047,552437
2023-11-20 10:30:00-05:00,73.56999969482422,73.79000091552734,72.79000091552734,73.33000183105469,505616
2023-11-20 11:30:00-05:00,73.08000183105469,73.58000183105469,73.08000183105469,73.56680297851562,225143
2023-11-20 12:30:00-05:00,73.29499816894531,73.31999969482422,72.81009674072266,73.05000305175781,232584
2023-11-20 13:30:00-05:00,73.0199966430664,73.33999633789062,72.81999969482422,73.30999755859375,232454
2023-11-20 14:30:00-05:00,72.91000366210938,73.30000305175781,72.81999969482422,73.02999877929688,267274
2023-11-20 15:30:00-05:00,72.80999755859375,72.95999908447266,72.6238021850586,72.91000366210938,437716
2023-11-21 09:30:00-05:00,73.72000122070312,75.677001953125,73.16000366210938,73.33000183105469,1260013
2023-11-21 10:30:00-05:00,73.38999938964844,73.94000244140625,72.9000015258789,73.62000274658203,506679
2023-11-21 11:30:00-05:00,74.44000244140625,74.55000305175781,73.20999908447266,73.41999816894531,355377
2023-11-21 12:30:00-05:00,73.62999725341797,74.5199966430664,73.41000366210938,74.44999694824219,251785
2023-11-21 13:30:00-05:00,73.97750091552734,74.11000061035156,73.51000213623047,73.6500015258789,229182
2023-11-21 14:30:00-05:00,73.70999908447266,74.2699966430664,73.6500015258789,74.0,311162
2023-11-21 15:30:00-05:00,73.86000061035156,73.9000015258789,73.25,73.69999694824219,477158
2023-11-22 09:30:00-05:00,74.13089752197266,75.04000091552734,73.12999725341797,74.83999633789062,519860
2023-11-22 10:30:00-05:00,74.0250015258789,74.43000030517578,73.7699966430664,74.16999816894531,247703
2023-11-22 11:30:00-05:00,74.1500015258789,74.37999725341797,73.94999694824219,74.05000305175781,173019
2023-11-22 12:30:00-05:00,74.16000366210938,74.25,73.79000091552734,74.12999725341797,199733
2023-11-22 13:30:00-05:00,73.87999725341797,74.4480972290039,73.83999633789062,74.19000244140625,206998
2023-11-22 14:30:00-05:00,73.9000015258789,73.94850158691406,73.19999694824219,73.83999633789062,301834
2023-11-22 15:30:00-05:00,73.68000030517578,73.94999694824219,73.66999816894531,73.88999938964844,285055
2023-11-24 09:30:00-05:00,73.16000366210938,73.83999633789062,72.95999908447266,73.43000030517578,236093
2023-11-24 10:30:00-05:00,72.87999725341797,73.16000366210938,72.41000366210938,73.15370178222656,227512
2023-11-24 11:30:00-05:00,73.05000305175781,73.26000213623047,72.87999725341797,72.87999725341797,141308
2023-11-27 09:30:00-05:00,74.05000305175781,74.49310302734375,72.69499969482422,73.0,387676
2023-11-27 10:30:00-05:00,74.58170318603516,74.73999786376953,74.07250213623047,74.07499694824219,285581
2023-11-27 11:30:00-05:00,75.26000213623047,75.33999633789062,74.55000305175781,74.6011962890625,525972
2023-11-27 12:30:00-05:00,74.56999969482422,75.55000305175781,74.55000305175781,75.26080322265625,311938
2023-11-27 13:30:00-05:00,74.56999969482422,74.87999725341797,74.37000274658203,74.56999969482422,191152
2023-11-27 14:30:00-05:00,74.58000183105469,74.63999938964844,74.18000030517578,74.55999755859375,234925
2023-11-27 15:30:00-05:00,73.94000244140625,74.61000061035156,73.93000030517578,74.56999969482422,392604
2023-11-28 09:30:00-05:00,74.0199966430664,74.29989624023438,72.83000183105469,73.20999908447266,345020
2023-11-28 10:30:00-05:00,74.5999984741211,74.9800033569336,73.91999816894531,74.04000091552734,290739
2023-11-28 11:30:00-05:00,74.88999938964844,75.08000183105469,74.6050033569336,74.61000061035156,252060
2023-11-28 12:30:00-05:00,74.20999908447266,74.95999908447266,74.02999877929688,74.83999633789062,235338
2023-11-28 13:30:00-05:00,74.62999725341797,74.72000122070312,74.13999938964844,74.19999694824219,238346
2023-11-28 14:30:00-05:00,74.64990234375,74.98999786376953,74.53199768066406,74.63999938964844,269947
2023-11-28 15:30:00-05:00,74.55000305175781,74.82499694824219,74.54000091552734,74.6449966430664,332115
2023-11-29 09:30:00-05:00,77.44999694824219,78.20999908447266,75.19999694824219,76.0,1262168
2023-11-29 10:30:00-05:00,77.31999969482422,78.44000244140625,76.91999816894531,77.4800033569336,746948
2023-11-29 11:30:00-05:00,78.21499633789062,78.52999877929688,77.05000305175781,77.38269805908203,572791
2023-11-29 12:30:00-05:00,78.64939880371094,78.93000030517578,78.01000213623047,78.2029037475586,476591
2023-11-29 13:30:00-05:00,78.94000244140625,79.08000183105469,78.43000030517578,78.63999938964844,401144
2023-11-29 14:30:00-05:00,78.44000244140625,78.95999908447266,78.2750015258789,78.94999694824219,496953
2023-11-29 15:30:00-05:00,78.33000183105469,78.43000030517578,77.87000274658203,78.43000030517578,557201
2023-11-30 09:30:00-05:00,77.62999725341797,79.61000061035156,77.38999938964844,79.05999755859375,939431
2023-11-30 10:30:00-05:00,77.25,78.02999877929688,76.58999633789062,77.63999938964844,535221
2023-11-30 11:30:00-05:00,76.83999633789062,77.31999969482422,76.61000061035156,77.19999694824219,375825
2023-11-30 12:30:00-05:00,77.4000015258789,77.5199966430664,76.7699966430664,76.83000183105469,543318
2023-11-30 13:30:00-05:00,77.19000244140625,77.57990264892578,76.87999725341797,77.4000015258789,357477
2023-11-30 14:30:00-05:00,77.0,77.82929992675781,76.80999755859375,77.18000030517578,386902
2023-11-30 15:30:00-05:00,77.1500015258789,77.3499984741211,76.8301010131836,76.9800033569336,710921
2023-12-01 09:30:00-05:00,76.47000122070312,77.81999969482422,75.79000091552734,77.44000244140625,603893
2023-12-01 10:30:00-05:00,76.98999786376953,77.33000183105469,76.13999938964844,76.44000244140625,399083
2023-12-01 11:30:00-05:00,77.44000244140625,77.4800033569336,76.69499969482422,77.0199966430664,410787
2023-12-01 12:30:00-05:00,77.1500015258789,77.83999633789062,77.12000274658203,77.41000366210938,294956
2023-12-01 13:30:00-05:00,77.88710021972656,77.95989990234375,76.8499984741211,77.13999938964844,370496
2023-12-01 14:30:00-05:00,78.56999969482422,78.58000183105469,77.72000122070312,77.87999725341797,738419
2023-12-01 15:30:00-05:00,78.79000091552734,78.87799835205078,78.28900146484375,78.55999755859375,559008
2023-12-04 09:30:00-05:00,78.5199966430664,80.16999816894531,78.16999816894531,78.5,1230811
2023-12-04 10:30:00-05:00,79.1500015258789,79.33679962158203,78.05999755859375,78.47000122070312,576979
2023-12-04 11:30:00-05:00,79.48999786376953,79.58999633789062,78.72000122070312,79.12000274658203,426733
2023-12-04 12:30:00-05:00,79.19999694824219,79.79000091552734,79.15499877929688,79.50399780273438,206471
2023-12-04 13:30:00-05:00,79.44000244140625,79.6792984008789,78.89749908447266,79.1500015258789,303109
2023-12-04 14:30:00-05:00,79.80000305175781,79.87000274658203,79.4000015258789,79.44000244140625,336237
2023-12-04 15:30:00-05:00,79.8499984741211,80.01360321044922,79.72000122070312,79.80000305175781,646835
2023-12-05 09:30:00-05:00,78.56999969482422,79.2698974609375,78.36000061035156,79.0999984741211,610303
2023-12-05 10:30:00-05:00,78.375,79.19999694824219,78.20999908447266,78.6050033569336,325924
2023-12-05 11:30:00-05:00,77.55999755859375,78.58999633789062,77.45800018310547,78.34500122070312,286694
2023-12-05 12:30:00-05:00,77.98999786376953,78.05999755859375,76.91500091552734,77.55999755859375,509579
2023-12-05 13:30:00-05:00,77.80000305175781,78.13999938964844,77.41000366210938,78.05000305175781,560335
2023-12-05 14:30:00-05:00,77.93000030517578,78.11000061035156,77.55000305175781,77.80999755859375,303424
2023-12-05 15:30:00-05:00,77.94999694824219,78.16999816894531,77.80999755859375,77.93180084228516,485016
2023-12-06 09:30:00-05:00,78.79000091552734,80.03130340576172,77.5999984741211,78.19000244140625,675264
2023-12-06 10:30:00-05:00,79.0199966430664,79.5250015258789,78.83000183105469,78.8499984741211,277627
2023-12-06 11:30:00-05:00,78.7396011352539,79.19999694824219,78.56999969482422,79.01000213623047,171629
2023-12-06 12:30:00-05:00,78.0999984741211,78.86000061035156,77.76399993896484,78.69999694824219,184043
2023-12-06 13:30:00-05:00,77.76000213623047,78.19999694824219,77.56999969482422,78.08999633789062,274423
2023-12-06 14:30:00-05:00,77.25499725341797,78.13999938964844,77.13999938964844,77.75910186767578,301991
2023-12-06 15:30:00-05:00,76.6500015258789,77.26000213623047,76.61000061035156,77.2300033569336,615962
2023-12-07 09:30:00-05:00,76.97000122070312,77.21900177001953,75.72949981689453,76.69000244140625,565674
2023-12-07 10:30:00-05:00,76.58999633789062,77.15599822998047,76.11940002441406,76.98999786376953,298728
2023-12-07 11:30:00-05:00,76.61579895019531,77.0199966430664,76.41000366210938,76.67790222167969,221547
2023-12-07 12:30:00-05:00,76.8949966430664,76.94509887695312,76.52999877929688,76.54000091552734,155131
2023-12-07 13:30:00-05:00,77.12000274658203,77.29989624023438,76.7300033569336,76.87999725341797,168337
2023-12-07 14:30:00-05:00,76.87999725341797,77.12000274658203,76.5,77.12000274658203,207856
2023-12-07 15:30:00-05:00,76.77999877929688,76.97000122070312,76.66999816894531,76.87999725341797,504498
2023-12-08 09:30:00-05:00,77.82499694824219,78.2699966430664,75.77999877929688,75.9800033569336,450503
2023-12-08 10:30:00-05:00,77.78880310058594,77.94999694824219,77.22000122070312,77.83499908447266,249015
2023-12-08 11:30:00-05:00,77.62999725341797,77.93499755859375,77.0199966430664,77.80000305175781,155908
2023-12-08 12:30:00-05:00,77.73989868164062,77.79000091552734,77.47000122070312,77.66000366210938,101051
2023-12-08 13:30:00-05:00,77.94999694824219,78.01000213623047,77.51000213623047,77.7405014038086,145512
2023-12-08 14:30:00-05:00,78.0999984741211,78.33999633789062,77.95999908447266,77.9749984741211,199969
2023-12-08 15:30:00-05:00,77.54000091552734,78.12999725341797,77.47000122070312,78.0999984741211,470491
2023-12-11 09:30:00-05:00,78.0,78.95999908447266,76.88999938964844,77.0999984741211,396306
2023-12-11 10:30:00-05:00,77.98999786376953,78.82219696044922,77.9000015258789,77.9800033569336,165518
2023-12-11 11:30:00-05:00,78.69999694824219,78.7699966430664,77.81300354003906,78.0,170235
2023-12-11 12:30:00-05:00,78.30999755859375,78.76000213623047,78.26699829101562,78.68000030517578,113638
2023-12-11 13:30:00-05:00,78.41999816894531,78.58460235595703,78.23999786376953,78.31999969482422,117269
2023-12-11 14:30:00-05:00,77.80999755859375,78.44000244140625,77.80999755859375,78.44000244140625,198996
2023-12-11 15:30:00-05:00,77.83999633789062,77.94000244140625,77.66999816894531,77.80999755859375,282272
2023-12-12 09:30:00-05:00,77.95999908447266,78.36499786376953,76.5,77.31999969482422,309643
2023-12-12 10:30:00-05:00,78.16999816894531,78.625,77.83000183105469,78.0,248661
2023-12-12 11:30:00-05:00,77.9801025390625,78.53990173339844,77.95099639892578,78.2300033569336,208818
2023-12-12 12:30:00-05:00,78.0,78.29779815673828,77.87999725341797,77.98999786376953,133655
2023-12-12 13:30:00-05:00,78.1500015258789,78.33799743652344,77.94000244140625,78.00499725341797,123286
2023-12-12 14:30:00-05:00,78.25,78.45999908447266,78.16000366210938,78.18000030517578,163293
2023-12-12 15:30:00-05:00,78.19999694824219,78.27999877929688,78.05000305175781,78.2417984008789,243201
2023-12-13 09:30:00-05:00,78.05750274658203,79.87000274658203,77.8499984741211,78.5999984741211,907839
2023-12-13 10:30:00-05:00,78.37000274658203,79.0,77.93000030517578,78.0199966430664,227946
2023-12-13 11:30:00-05:00,78.05999755859375,78.39019775390625,77.7699966430664,78.36000061035156,150366
2023-12-13 12:30:00-05:00,77.63999938964844,78.07499694824219,77.5199966430664,78.05500030517578,142153
2023-12-13 13:30:00-05:00,79.7499008178711,79.80000305175781,77.55619812011719,77.69000244140625,450692
2023-12-13 14:30:00-05:00,80.55999755859375,81.44999694824219,79.37999725341797,79.75,1123951
2023-12-13 15:30:00-05:00,80.4000015258789,80.93000030517578,80.29000091552734,80.56999969482422,839211
2023-12-14 09:30:00-05:00,83.08000183105469,84.88999938964844,82.68000030517578,82.68000030517578,1786310
2023-12-14 10:30:00-05:00,82.69709777832031,83.73999786376953,81.80999755859375,83.1050033569336,844555
2023-12-14 11:30:00-05:00,83.30500030517578,83.58000183105469,82.1050033569336,82.70999908447266,577550
2023-12-14 12:30:00-05:00,82.94999694824219,83.81999969482422,82.30999755859375,83.30000305175781,406704
2023-12-14 13:30:00-05:00,83.3949966430664,83.72920227050781,82.55999755859375,82.97000122070312,432174
2023-12-14 14:30:00-05:00,84.23500061035156,84.86000061035156,83.1449966430664,83.4000015258789,923035
2023-12-14 15:30:00-05:00,84.66999816894531,84.83999633789062,84.22000122070312,84.23500061035156,1141391
2023-12-15 09:30:00-05:00,85.06999969482422,85.25,83.36000061035156,84.80000305175781,784011
2023-12-15 10:30:00-05:00,85.01499938964844,85.4800033569336,84.56999969482422,85.05000305175781,531217
2023-12-15 11:30:00-05:00,84.68000030517578,85.1500015258789,84.43000030517578,84.99120330810547,278401
2023-12-15 12:30:00-05:00,84.33999633789062,84.68499755859375,83.69999694824219,84.68499755859375,345913
2023-12-15 13:30:00-05:00,84.1500015258789,84.3499984741211,83.58000183105469,84.33999633789062,318242
2023-12-15 14:30:00-05:00,84.61499786376953,84.8499984741211,84.16999816894531,84.16999816894531,462085
2023-12-15 15:30:00-05:00,85.04000091552734,85.3499984741211,84.5199966430664,84.62000274658203,635292
2023-12-18 09:30:00-05:00,84.44670104980469,85.37000274658203,83.93000030517578,84.80999755859375,417350
2023-12-18 10:30:00-05:00,84.33000183105469,84.67500305175781,83.91999816894531,84.48999786376953,337047
2023-12-18 11:30:00-05:00,84.63999938964844,85.05000305175781,84.2750015258789,84.30999755859375,194294
2023-12-18 12:30:00-05:00,85.27999877929688,85.38999938964844,84.62969970703125,84.69999694824219,221625
2023-12-18 13:30:00-05:00,85.30000305175781,85.5780029296875,85.1500015258789,85.31999969482422,266387
2023-12-18 14:30:00-05:00,85.18000030517578,85.5999984741211,85.10929870605469,85.2750015258789,217053
2023-12-18 15:30:00-05:00,84.69499969482422,85.19000244140625,84.63999938964844,85.18499755859375,395540
2023-12-19 09:30:00-05:00,86.1697998046875,86.90499877929688,85.04499816894531,85.38999938964844,526392
2023-12-19 10:30:00-05:00,86.4000015258789,86.5,85.55999755859375,86.20999908447266,310143
2023-12-19 11:30:00-05:00,86.16000366210938,86.47000122070312,85.77999877929688,86.38999938964844,207291
2023-12-19 12:30:00-05:00,86.18470001220703,86.4800033569336,85.75,86.11000061035156,149517
2023-12-19 13:30:00-05:00,85.87999725341797,86.27999877929688,85.60009765625,86.19000244140625,300324
2023-12-19 14:30:00-05:00,85.79000091552734,86.08999633789062,85.55000305175781,85.87000274658203,188982
2023-12-19 15:30:00-05:00,85.51000213623047,85.87999725341797,85.34500122070312,85.7699966430664,368221
2023-12-20 09:30:00-05:00,85.8499984741211,85.9800033569336,83.81999969482422,85.13999938964844,557704
2023-12-20 10:30:00-05:00,85.94000244140625,86.16999816894531,85.44999694824219,85.83999633789062,239801
2023-12-20 11:30:00-05:00,85.75,86.1500015258789,85.71499633789062,85.98999786376953,129149
2023-12-20 12:30:00-05:00,85.29000091552734,85.79000091552734,85.17009735107422,85.76000213623047,184293
2023-12-20 13:30:00-05:00,84.76000213623047,85.41999816894531,84.6500015258789,85.31500244140625,178300
2023-12-20 14:30:00-05:00,82.86000061035156,84.74500274658203,82.66999816894531,84.74500274658203,816565
2023-12-20 15:30:00-05:00,82.83280181884766,83.5,82.7699966430664,82.88999938964844,455668
2023-12-21 09:30:00-05:00,83.97000122070312,84.7698974609375,83.36000061035156,84.62000274658203,424120
2023-12-21 10:30:00-05:00,84.55000305175781,84.56990051269531,83.6094970703125,84.05000305175781,165133
2023-12-21 11:30:00-05:00,84.86000061035156,84.98999786376953,84.36000061035156,84.56999969482422,233246
2023-12-21 12:30:00-05:00,84.70999908447266,85.11650085449219,84.24099731445312,84.87000274658203,266398
2023-12-21 13:30:00-05:00,84.22000122070312,84.7699966430664,84.16999816894531,84.71499633789062,269438
2023-12-21 14:30:00-05:00,84.625,84.72000122070312,83.76000213623047,84.22000122070312,353137
2023-12-21 15:30:00-05:00,84.80000305175781,84.91999816894531,84.44999694824219,84.6500015258789,386043
2023-12-22 09:30:00-05:00,84.1500015258789,85.30999755859375,83.9000015258789,85.0,408430
2023-12-22 10:30:00-05:00,84.2699966430664,84.37999725341797,83.93000030517578,84.18000030517578,188232
2023-12-22 11:30:00-05:00,84.41000366210938,84.62000274658203,84.19999694824219,84.33000183105469,167390
2023-12-22 12:30:00-05:00,84.58000183105469,84.70169830322266,84.2020034790039,84.4000015258789,86108
2023-12-22 13:30:00-05:00,83.75,84.66000366210938,83.69999694824219,84.62999725341797,129778
2023-12-22 14:30:00-05:00,84.38999938964844,84.5,83.54000091552734,83.76000213623047,131887
2023-12-22 15:30:00-05:00,84.3499984741211,84.58999633789062,84.20500183105469,84.41500091552734,258592
2023-12-26 09:30:00-05:00,85.15499877929688,85.36000061035156,84.33000183105469,84.5,186608
2023-12-26 10:30:00-05:00,84.73999786376953,85.33000183105469,84.6500015258789,85.25,146716
2023-12-26 11:30:00-05:00,84.9000015258789,85.16999816894531,84.80000305175781,84.80000305175781,92651
2023-12-26 12:30:00-05:00,85.2300033569336,85.3115005493164,84.9000015258789,84.9000015258789,83043
2023-12-26 13:30:00-05:00,85.41000366210938,85.48500061035156,85.18499755859375,85.20999908447266,92429
2023-12-26 14:30:00-05:00,85.87000274658203,85.89990234375,85.43000030517578,85.43000030517578,216463
2023-12-26 15:30:00-05:00,85.75,85.94999694824219,85.71499633789062,85.87000274658203,276310
2023-12-27 09:30:00-05:00,85.31999969482422,86.91000366210938,85.13999938964844,86.2300033569336,476669
2023-12-27 10:30:00-05:00,85.51000213623047,85.58999633789062,84.93000030517578,85.27999877929688,211339
2023-12-27 11:30:00-05:00,85.37000274658203,85.6156997680664,85.33000183105469,85.52279663085938,116810
2023-12-27 12:30:00-05:00,85.52999877929688,85.80000305175781,85.30000305175781,85.37999725341797,123932
2023-12-27 13:30:00-05:00,85.45999908447266,85.66000366210938,85.08499908447266,85.58499908447266,149403
2023-12-27 14:30:00-05:00,85.37000274658203,85.5199966430664,85.21499633789062,85.43000030517578,129562
2023-12-27 15:30:00-05:00,85.54000091552734,85.6500015258789,85.36000061035156,85.37000274658203,244149
2023-12-28 09:30:00-05:00,85.30999755859375,85.7698974609375,84.7300033569336,85.69999694824219,317663
2023-12-28 10:30:00-05:00,85.02120208740234,85.3499984741211,84.81999969482422,85.32759857177734,229405
2023-12-28 11:30:00-05:00,84.88999938964844,85.25,84.7300033569336,85.0250015258789,138940
2023-12-28 12:30:00-05:00,84.79000091552734,84.9000015258789,84.5999984741211,84.88999938964844,118113
2023-12-28 13:30:00-05:00,84.9000015258789,84.95999908447266,84.6436996459961,84.83000183105469,112417
2023-12-28 14:30:00-05:00,84.61000061035156,84.91999816894531,84.37000274658203,84.87999725341797,259121
2023-12-28 15:30:00-05:00,84.66999816894531,84.70999908447266,84.38999938964844,84.62000274658203,329202
2023-12-29 09:30:00-05:00,84.09549713134766,84.79000091552734,83.70999908447266,84.18000030517578,248511
2023-12-29 10:30:00-05:00,82.92749786376953,84.19000244140625,82.86000061035156,84.0999984741211,468221
2023-12-29 11:30:00-05:00,83.0999984741211,83.40670013427734,82.75,82.91000366210938,352427
2023-12-29 12:30:00-05:00,83.62000274658203,83.76000213623047,83.06500244140625,83.06500244140625,109551
2023-12-29 13:30:00-05:00,83.79000091552734,84.0,83.58999633789062,83.62799835205078,105580
2023-12-29 14:30:00-05:00,83.59290313720703,83.98999786376953,83.55000305175781,83.78500366210938,119804
2023-12-29 15:30:00-05:00,83.26000213623047,83.56999969482422,82.9800033569336,83.56999969482422,278521
2024-01-02 09:30:00-05:00,79.31999969482422,81.72000122070312,79.01110076904297,81.43000030517578,1115204
2024-01-02 10:30:00-05:00,79.93000030517578,79.93000030517578,78.77729797363281,79.26000213623047,453351
2024-01-02 11:30:00-05:00,79.58000183105469,80.20999908447266,79.5,79.9000015258789,405865
2024-01-02 12:30:00-05:00,79.4800033569336,79.80000305175781,79.33000183105469,79.58999633789062,211546
2024-01-02 13:30:00-05:00,79.39009857177734,79.66999816894531,78.7750015258789,79.5,254021
2024-01-02 14:30:00-05:00,78.86289978027344,79.41000366210938,78.38999938964844,79.41000366210938,454576
2024-01-02 15:30:00-05:00,79.3499984741211,79.41000366210938,78.7699966430664,78.86499786376953,575748
2024-01-03 09:30:00-05:00,77.12999725341797,78.31999969482422,75.80999755859375,77.23999786376953,1088399
2024-01-03 10:30:00-05:00,76.94999694824219,77.48999786376953,76.73500061035156,77.0999984741211,419104
2024-01-03 11:30:00-05:00,76.82499694824219,77.08999633789062,76.62000274658203,76.91999816894531,247800
2024-01-03 12:30:00-05:00,77.02999877929688,77.16999816894531,76.68000030517578,76.83999633789062,160639
2024-01-03 13:30:00-05:00,76.94000244140625,77.07990264892578,76.29000091552734,77.05000305175781,213829
2024-01-03 14:30:00-05:00,76.41999816894531,77.0999984741211,76.24500274658203,76.92269897460938,232515
2024-01-03 15:30:00-05:00,76.38999938964844,76.72000122070312,76.31999969482422,76.43000030517578,485397
2024-01-04 09:30:00-05:00,77.02999877929688,77.54000091552734,75.6500015258789,76.0,412373
2024-01-04 10:30:00-05:00,77.43000030517578,77.63999938964844,76.90049743652344,77.08000183105469,240904
2024-01-04 11:30:00-05:00,77.72000122070312,77.83000183105469,77.24500274658203,77.44999694824219,220636
2024-01-04 12:30:00-05:00,77.55999755859375,77.80999755859375,77.37999725341797,77.7300033569336,168247
2024-01-04 13:30:00-05:00,77.38999938964844,77.83999633789062,77.38999938964844,77.55500030517578,162052
2024-01-04 14:30:00-05:00,77.53500366210938,77.73999786376953,77.26000213623047,77.37000274658203,222663
2024-01-04 15:30:00-05:00,76.83000183105469,77.63500213623047,76.79000091552734,77.52999877929688,503923
2024-01-05 09:30:00-05:00,77.31999969482422,77.62000274658203,76.1500015258789,76.30000305175781,511898
2024-01-05 10:30:00-05:00,76.80999755859375,77.63999938964844,76.75879669189453,77.33000183105469,161640
2024-01-05 11:30:00-05:00,76.80000305175781,77.16000366210938,76.57499694824219,76.83999633789062,122907
2024-01-05 12:30:00-05:00,76.62999725341797,77.11630249023438,76.3499984741211,76.79000091552734,113462
2024-01-05 13:30:00-05:00,76.8499984741211,76.93000030517578,76.5999984741211,76.75,161723
2024-01-05 14:30:00-05:00,76.43000030517578,76.9800033569336,76.28099822998047,76.83999633789062,207992
2024-01-05 15:30:00-05:00,76.27999877929688,76.62000274658203,76.20999908447266,76.47509765625,466863
2024-01-08 09:30:00-05:00,78.41999816894531,78.7699966430664,76.66999816894531,76.9800033569336,475274
2024-01-08 10:30:00-05:00,78.40499877929688,78.9000015258789,78.27999877929688,78.4800033569336,304801
2024-01-08 11:30:00-05:00,78.58000183105469,78.70999908447266,78.30000305175781,78.45999908447266,180207
2024-01-08 12:30:00-05:00,79.05000305175781,79.11000061035156,78.55999755859375,78.58499908447266,243168
2024-01-08 13:30:00-05:00,79.44999694824219,79.47000122070312,79.0199966430664,79.05500030517578,191782
2024-01-08 14:30:00-05:00,79.54499816894531,79.76000213623047,79.13500213623047,79.4749984741211,316374
2024-01-08 15:30:00-05:00,79.66000366210938,79.7699966430664,79.30000305175781,79.55999755859375,435291
2024-01-09 09:30:00-05:00,80.91000366210938,80.98999786376953,78.6500015258789,78.94999694824219,532261
2024-01-09 10:30:00-05:00,80.58999633789062,81.0,80.38999938964844,80.9000015258789,245647
2024-01-09 11:30:00-05:00,80.83999633789062,80.87000274658203,80.38999938964844,80.5999984741211,248253
2024-01-09 12:30:00-05:00,81.22000122070312,81.4489974975586,80.6500015258789,80.9000015258789,289742
2024-01-09 13:30:00-05:00,81.55000305175781,81.62000274658203,80.86000061035156,81.22000122070312,246740
2024-01-09 14:30:00-05:00,81.30000305175781,81.5999984741211,81.25499725341797,81.55999755859375,318863
2024-01-09 15:30:00-05:00,81.62999725341797,81.6500015258789,81.10369873046875,81.30999755859375,561819
2024-01-10 09:30:00-05:00,81.55000305175781,82.8949966430664,80.9800033569336,82.55000305175781,705981
2024-01-10 10:30:00-05:00,82.01000213623047,82.54000091552734,81.51000213623047,81.53500366210938,334229
2024-01-10 11:30:00-05:00,81.91999816894531,82.13999938964844,81.76000213623047,82.02999877929688,220445
2024-01-10 12:30:00-05:00,82.41999816894531,82.55999755859375,81.68000030517578,81.91999816894531,255748
2024-01-10 13:30:00-05:00,82.66000366210938,82.9800033569336,82.43000030517578,82.43000030517578,369871
2024-01-10 14:30:00-05:00,81.62999725341797,83.0,81.54000091552734,82.66000366210938,638101
2024-01-10 15:30:00-05:00,80.93000030517578,81.7300033569336,80.36000061035156,81.62999725341797,1353155
2024-01-11 09:30:00-05:00,79.0,81.8821029663086,78.12000274658203,80.80999755859375,914286
2024-01-11 10:30:00-05:00,78.8499984741211,80.05999755859375,78.6500015258789,78.93000030517578,557180
2024-01-11 11:30:00-05:00,78.9800033569336,79.4000015258789,78.58999633789062,78.83999633789062,395127
2024-01-11 12:30:00-05:00,80.6364974975586,80.83000183105469,78.98999786376953,79.0,315372
2024-01-11 13:30:00-05:00,80.81999969482422,80.81999969482422,80.29000091552734,80.62550354003906,209284
2024-01-11 14:30:00-05:00,80.80000305175781,81.04000091552734,80.4000015258789,80.80000305175781,279926
2024-01-11 15:30:00-05:00,80.81999969482422,80.93000030517578,80.62000274658203,80.81999969482422,422642
2024-01-12 09:30:00-05:00,79.81999969482422,81.58999633789062,79.79499816894531,81.0,383770
2024-01-12 10:30:00-05:00,80.04000091552734,80.2699966430664,79.3499984741211,79.83999633789062,203946
2024-01-12 11:30:00-05:00,79.33000183105469,80.1050033569336,79.13999938964844,80.04000091552734,180787
2024-01-12 12:30:00-05:00,79.61000061035156,79.72000122070312,79.12000274658203,79.33000183105469,147740
2024-01-12 13:30:00-05:00,79.62000274658203,79.8499984741211,79.48999786376953,79.62000274658203,118128
2024-01-12 14:30:00-05:00,79.56800079345703,79.5999984741211,79.12999725341797,79.58000183105469,199448
2024-01-12 15:30:00-05:00,79.37000274658203,79.61499786376953,79.34500122070312,79.56999969482422,328493
2024-01-16 09:30:00-05:00,79.00650024414062,79.08999633789062,77.08999633789062,78.45999908447266,545846
2024-01-16 10:30:00-05:00,78.72000122070312,79.52999877929688,78.29499816894531,79.0,365142
2024-01-16 11:30:00-05:00,78.19999694824219,78.9800033569336,78.11000061035156,78.7300033569336,219534
2024-01-16 12:30:00-05:00,78.20999908447266,78.54000091552734,77.87999725341797,78.19000244140625,189524
2024-01-16 13:30:00-05:00,77.96499633789062,78.29000091552734,77.8550033569336,78.25,205017
2024-01-16 14:30:00-05:00,78.02999877929688,78.18000030517578,77.83999633789062,77.96499633789062,240663
2024-01-16 15:30:00-05:00,78.45999908447266,78.55000305175781,78.01000213623047,78.01000213623047,423867
2024-01-17 09:30:00-05:00,76.2300033569336,77.4000015258789,74.37000274658203,77.4000015258789,1334261
2024-01-17 10:30:00-05:00,77.12999725341797,77.30000305175781,75.88999938964844,76.19999694824219,351098
2024-01-17 11:30:00-05:00,77.01499938964844,77.26000213623047,76.7699966430664,77.14649963378906,271723
2024-01-17 12:30:00-05:00,77.0250015258789,77.37999725341797,76.91000366210938,77.0,152573
2024-01-17 13:30:00-05:00,77.29000091552734,77.37999725341797,76.93000030517578,77.0199966430664,233344
2024-01-17 14:30:00-05:00,76.66999816894531,77.36000061035156,76.4800033569336,77.30000305175781,484390
2024-01-17 15:30:00-05:00,77.02159881591797,77.27999877929688,76.5999984741211,76.66000366210938,466973
2024-01-18 09:30:00-05:00,78.06600189208984,79.68250274658203,77.26000213623047,78.76000213623047,524830
2024-01-18 10:30:00-05:00,77.69000244140625,78.22989654541016,77.20500183105469,78.12000274658203,179462
2024-01-18 11:30:00-05:00,77.08000183105469,77.93000030517578,76.69999694824219,77.722900390625,189585
2024-01-18 12:30:00-05:00,76.79000091552734,77.28500366210938,76.70999908447266,77.1177978515625,156316
2024-01-18 13:30:00-05:00,77.45999908447266,77.54000091552734,76.62999725341797,76.7699966430664,380756
2024-01-18 14:30:00-05:00,78.23999786376953,78.2699966430664,77.44999694824219,77.44999694824219,279637
2024-01-18 15:30:00-05:00,77.95999908447266,78.46499633789062,77.94999694824219,78.25,455141
2024-01-19 09:30:00-05:00,79.26000213623047,79.34500122070312,78.0199966430664,78.62000274658203,456959
2024-01-19 10:30:00-05:00,78.72000122070312,79.26000213623047,78.5999984741211,79.26000213623047,310099
2024-01-19 11:30:00-05:00,78.30000305175781,78.72000122070312,77.91000366210938,78.72000122070312,225874
2024-01-19 12:30:00-05:00,79.22000122070312,79.22869873046875,78.260498046875,78.29000091552734,187504
2024-01-19 13:30:00-05:00,80.53309631347656,80.66999816894531,79.19000244140625,79.2300033569336,417054
2024-01-19 14:30:00-05:00,80.84100341796875,80.9000015258789,80.25499725341797,80.54000091552734,503124
2024-01-19 15:30:00-05:00,81.36000061035156,81.37000274658203,80.80999755859375,80.8499984741211,665388
2024-01-22 09:30:00-05:00,85.91999816894531,87.16999816894531,84.05999755859375,84.26000213623047,2068813
2024-01-22 10:30:00-05:00,85.75,86.6500015258789,85.1500015258789,85.91010284423828,694960
2024-01-22 11:30:00-05:00,85.12999725341797,85.92500305175781,84.81749725341797,85.7300033569336,245277
2024-01-22 12:30:00-05:00,83.9800033569336,85.57499694824219,83.85780334472656,85.16000366210938,326788
2024-01-22 13:30:00-05:00,84.69249725341797,84.70999908447266,83.92890167236328,83.94999694824219,248337
2024-01-22 14:30:00-05:00,85.02999877929688,85.04499816894531,84.16999816894531,84.7300033569336,195701
2024-01-22 15:30:00-05:00,84.69499969482422,85.25,84.56999969482422,85.06580352783203,438392
2024-01-23 09:30:00-05:00,84.5,85.63999938964844,83.7699966430664,84.97000122070312,719448
2024-01-23 10:30:00-05:00,83.97000122070312,84.54989624023438,83.38999938964844,84.5374984741211,304510
2024-01-23 11:30:00-05:00,83.63999938964844,84.0,83.3499984741211,84.0,135001
2024-01-23 12:30:00-05:00,83.9000015258789,84.0,83.58999633789062,83.6500015258789,176689
2024-01-23 13:30:00-05:00,83.98999786376953,84.26499938964844,83.62999725341797,83.91999816894531,179913
2024-01-23 14:30:00-05:00,84.0999984741211,84.32499694824219,83.88500213623047,83.9800033569336,213201
2024-01-23 15:30:00-05:00,83.93000030517578,84.13999938964844,83.87999725341797,84.04000091552734,319897
2024-01-24 09:30:00-05:00,85.4749984741211,85.93000030517578,84.33000183105469,85.37000274658203,484673
2024-01-24 10:30:00-05:00,85.0250015258789,86.23999786376953,84.56539916992188,85.50959777832031,409088
2024-01-24 11:30:00-05:00,84.93000030517578,85.19999694824219,84.6500015258789,85.06999969482422,201487
2024-01-24 12:30:00-05:00,84.25,85.11000061035156,83.94000244140625,85.0199966430664,241043
2024-01-24 13:30:00-05:00,82.72000122070312,84.26000213623047,82.72000122070312,84.25,336471
2024-01-24 14:30:00-05:00,82.52999877929688,83.3499984741211,82.52999877929688,82.76499938964844,230857
2024-01-24 15:30:00-05:00,82.33000183105469,82.83999633789062,82.30000305175781,82.51499938964844,408690
2024-01-25 09:30:00-05:00,82.43599700927734,83.30999755859375,81.69999694824219,83.02999877929688,435153
2024-01-25 10:30:00-05:00,83.54000091552734,83.60639953613281,81.94010162353516,82.5,303247
2024-01-25 11:30:00-05:00,82.5,83.55500030517578,82.37999725341797,83.54499816894531,234932
2024-01-25 12:30:00-05:00,82.06999969482422,82.54000091552734,81.94000244140625,82.5199966430664,181364
2024-01-25 13:30:00-05:00,81.36000061035156,82.16999816894531,81.29000091552734,82.05000305175781,231877
2024-01-25 14:30:00-05:00,81.66000366210938,81.95999908447266,81.30000305175781,81.33999633789062,211211
2024-01-25 15:30:00-05:00,81.86000061035156,82.0199966430664,81.63999938964844,81.68000030517578,252020
2024-01-26 09:30:00-05:00,81.01000213623047,82.5,79.80000305175781,81.23999786376953,632575
2024-01-26 10:30:00-05:00,81.29000091552734,81.68000030517578,80.94000244140625,80.9749984741211,168831
2024-01-26 11:30:00-05:00,80.61000061035156,81.29000091552734,80.55010223388672,81.25,173977
2024-01-26 12:30:00-05:00,80.62999725341797,80.62999725341797,80.23870086669922,80.62000274658203,170894
2024-01-26 13:30:00-05:00,80.33000183105469,80.76499938964844,80.12999725341797,80.63999938964844,204504
2024-01-26 14:30:00-05:00,80.2699966430664,80.51000213623047,80.18000030517578,80.32499694824219,283302
2024-01-26 15:30:00-05:00,80.1500015258789,80.3499984741211,80.08999633789062,80.27999877929688,458438
2024-01-29 09:30:00-05:00,82.44000244140625,82.57499694824219,80.19999694824219,80.22000122070312,465251
2024-01-29 10:30:00-05:00,82.18000030517578,82.62000274658203,82.08000183105469,82.46499633789062,250880
2024-01-29 11:30:00-05:00,82.69999694824219,82.7699966430664,82.1449966430664,82.19000244140625,286375
2024-01-29 12:30:00-05:00,82.40499877929688,82.87999725341797,82.33999633789062,82.69000244140625,234499
2024-01-29 13:30:00-05:00,82.83999633789062,82.93000030517578,82.27999877929688,82.41500091552734,221600
2024-01-29 14:30:00-05:00,83.87999725341797,83.91999816894531,82.72000122070312,82.8499984741211,468417
2024-01-29 15:30:00-05:00,84.30000305175781,84.31999969482422,83.54000091552734,83.88999938964844,562408
2024-01-30 09:30:00-05:00,83.25,84.55000305175781,83.16000366210938,84.23999786376953,384900
2024-01-30 10:30:00-05:00,83.19999694824219,83.41999816894531,82.7249984741211,83.29000091552734,255932
2024-01-30 11:30:00-05:00,82.76000213623047,83.44000244140625,82.73999786376953,83.20999908447266,137220
2024-01-30 12:30:00-05:00,82.69999694824219,82.80000305175781,82.2699966430664,82.7699966430664,192340
2024-01-30 13:30:00-05:00,82.58999633789062,82.83000183105469,82.29000091552734,82.7300033569336,147853
2024-01-30 14:30:00-05:00,83.29499816894531,83.33000183105469,82.44499969482422,82.55999755859375,378483
2024-01-30 15:30:00-05:00,82.94000244140625,83.33999633789062,82.86009979248047,83.30999755859375,462931
2024-01-31 09:30:00-05:00,80.68000030517578,81.9000015258789,80.12999725341797,81.62000274658203,590199
2024-01-31 10:30:00-05:00,79.97000122070312,80.80999755859375,79.37000274658203,80.70999908447266,510604
2024-01-31 11:30:00-05:00,80.71499633789062,80.79000091552734,79.8550033569336,80.01000213623047,244339
2024-01-31 12:30:00-05:00,81.19000244140625,81.43000030517578,80.5199966430664,80.7300033569336,195515
2024-01-31 13:30:00-05:00,80.44999694824219,81.30999755859375,80.23999786376953,81.18000030517578,265908
2024-01-31 14:30:00-05:00,80.06999969482422,82.61000061035156,79.78410339355469,80.44000244140625,663946
2024-01-31 15:30:00-05:00,79.08000183105469,80.11000061035156,79.05000305175781,80.05000305175781,974571
2024-02-01 09:30:00-05:00,79.7300033569336,80.75,78.87999725341797,79.91999816894531,460149
2024-02-01 10:30:00-05:00,78.33000183105469,79.81500244140625,78.1449966430664,79.69999694824219,358745
2024-02-01 11:30:00-05:00,79.05000305175781,79.45999908447266,78.35250091552734,78.35250091552734,220700
2024-02-01 12:30:00-05:00,79.33999633789062,79.6500015258789,79.0,79.08999633789062,219699
2024-02-01 13:30:00-05:00,79.52999877929688,79.72000122070312,79.12000274658203,79.36000061035156,214299
2024-02-01 14:30:00-05:00,79.9749984741211,80.1500015258789,79.44999694824219,79.54000091552734,262023
2024-02-01 15:30:00-05:00,79.55999755859375,80.08999633789062,79.0,79.98999786376953,844998
2024-02-02 09:30:00-05:00,80.51499938964844,80.61499786376953,78.13999938964844,79.54000091552734,911552
2024-02-02 10:30:00-05:00,81.29000091552734,81.29000091552734,79.74500274658203,80.44999694824219,425452
2024-02-02 11:30:00-05:00,82.61299896240234,82.6500015258789,81.25,81.33570098876953,427283
2024-02-02 12:30:00-05:00,81.88999938964844,83.05000305175781,81.625,82.62000274658203,580639
2024-02-02 13:30:00-05:00,82.93000030517578,83.38999938964844,81.83999633789062,81.86000061035156,446713
2024-02-02 14:30:00-05:00,83.12999725341797,83.38999938964844,82.7300033569336,82.93000030517578,454014
2024-02-02 15:30:00-05:00,82.62999725341797,83.12000274658203,82.4800033569336,83.12000274658203,596468
2024-02-05 09:30:00-05:00,79.94999694824219,82.19000244140625,79.11000061035156,81.7699966430664,856731
2024-02-05 10:30:00-05:00,80.04000091552734,80.33000183105469,79.19000244140625,79.92500305175781,384120
2024-02-05 11:30:00-05:00,80.51000213623047,80.60479736328125,79.98999786376953,80.0199966430664,258320
2024-02-05 12:30:00-05:00,80.55500030517578,80.83999633789062,80.25499725341797,80.56999969482422,311674
2024-02-05 13:30:00-05:00,80.69499969482422,80.7699966430664,80.38500213623047,80.55999755859375,176410
2024-02-05 14:30:00-05:00,80.4749984741211,80.97000122070312,80.12010192871094,80.69000244140625,334954
2024-02-05 15:30:00-05:00,80.81999969482422,80.91000366210938,80.31500244140625,80.45999908447266,451068
2024-02-06 09:30:00-05:00,81.2300033569336,82.0199966430664,80.36000061035156,80.86000061035156,692011
2024-02-06 10:30:00-05:00,81.68000030517578,81.80999755859375,81.0199966430664,81.22010040283203,274966
2024-02-06 11:30:00-05:00,80.31999969482422,81.78500366210938,79.58999633789062,81.73500061035156,381952
2024-02-06 12:30:00-05:00,81.30999755859375,81.33999633789062,80.19000244140625,80.33999633789062,211516
2024-02-06 13:30:00-05:00,81.04499816894531,81.47709655761719,80.5999984741211,81.33000183105469,342023
2024-02-06 14:30:00-05:00,81.62999725341797,82.23999786376953,81.0302963256836,81.06999969482422,439065
2024-02-06 15:30:00-05:00,81.5999984741211,81.79000091552734,81.19999694824219,81.62000274658203,504293
2024-02-07 09:30:00-05:00,82.41500091552734,82.83000183105469,80.01499938964844,81.9800033569336,1040637
2024-02-07 10:30:00-05:00,82.65499877929688,83.16999816894531,81.9000015258789,82.44000244140625,452205
2024-02-07 11:30:00-05:00,82.50499725341797,82.91999816894531,82.26000213623047,82.68000030517578,388596
2024-02-07 12:30:00-05:00,82.91999816894531,82.93000030517578,82.18000030517578,82.45999908447266,387150
2024-02-07 13:30:00-05:00,83.05000305175781,83.19999694824219,82.81999969482422,82.93000030517578,336707
2024-02-07 14:30:00-05:00,83.7699966430664,83.93000030517578,82.98999786376953,83.08000183105469,771987
2024-02-07 15:30:00-05:00,83.3499984741211,83.80999755859375,82.95999908447266,83.7699966430664,732504
2024-02-08 09:30:00-05:00,85.94000244140625,86.66500091552734,82.9000015258789,83.75,2272863
2024-02-08 10:30:00-05:00,87.02999877929688,87.09500122070312,85.68070220947266,85.94000244140625,1523145
2024-02-08 11:30:00-05:00,88.20999908447266,88.44000244140625,86.79000091552734,87.02999877929688,1816730
2024-02-08 12:30:00-05:00,88.44999694824219,88.51000213623047,87.63999938964844,88.19999694824219,1267799
2024-02-08 13:30:00-05:00,87.99500274658203,88.79000091552734,87.44000244140625,88.47000122070312,1397238
2024-02-08 14:30:00-05:00,90.11009979248047,91.08000183105469,87.83999633789062,87.99500274658203,2633274
2024-02-08 15:30:00-05:00,90.37999725341797,90.76000213623047,89.58000183105469,90.12999725341797,2123615
2024-02-09 09:30:00-05:00,111.9800033569336,116.0,105.01000213623047,111.37899780273438,16898945
2024-02-09 10:30:00-05:00,110.68000030517578,112.2698974609375,109.22000122070312,112.0,3753572
2024-02-09 11:30:00-05:00,111.4801025390625,111.94999694824219,109.51000213623047,110.68000030517578,2363512
2024-02-09 12:30:00-05:00,109.19000244140625,111.58000183105469,107.69000244140625,111.53500366210938,2631065
2024-02-09 13:30:00-05:00,109.69999694824219,109.9000015258789,108.3499984741211,109.2300033569336,1604620
2024-02-09 14:30:00-05:00,108.43000030517578,110.0,108.16919708251953,109.72000122070312,2539105
2024-02-09 15:30:00-05:00,107.93000030517578,108.69999694824219,107.41999816894531,108.42500305175781,2484200
2024-02-12 09:30:00-05:00,108.36499786376953,108.80999755859375,104.19000244140625,106.79499816894531,2535306
2024-02-12 10:30:00-05:00,108.75,108.91549682617188,107.04010009765625,108.3499984741211,1313918
2024-02-12 11:30:00-05:00,107.87999725341797,109.82990264892578,107.1500015258789,108.75430297851562,2213320
2024-02-12 12:30:00-05:00,106.375,107.91000366210938,106.08000183105469,107.91000366210938,826230
2024-02-12 13:30:00-05:00,106.08000183105469,106.54000091552734,105.27999877929688,106.27999877929688,1045437
2024-02-12 14:30:00-05:00,105.40119934082031,106.63999938964844,105.33999633789062,106.06620025634766,741642
2024-02-12 15:30:00-05:00,105.63999938964844,105.63999938964844,104.94999694824219,105.41000366210938,1029295
2024-02-13 09:30:00-05:00,101.75499725341797,101.80989837646484,97.62999725341797,99.91000366210938,2340645
2024-02-13 10:30:00-05:00,101.72000122070312,102.83000183105469,100.7699966430664,101.83999633789062,962469
2024-02-13 11:30:00-05:00,100.97989654541016,102.37000274658203,100.58000183105469,101.72000122070312,592506
2024-02-13 12:30:00-05:00,101.5199966430664,101.74500274658203,100.6249008178711,100.94499969482422,373835
2024-02-13 13:30:00-05:00,100.8499984741211,101.91999816894531,100.53009796142578,101.5,398211
2024-02-13 14:30:00-05:00,99.59200286865234,101.26000213623047,99.16000366210938,100.84500122070312,791948
2024-02-13 15:30:00-05:00,99.93000030517578,100.37999725341797,99.41500091552734,99.5999984741211,1085896
2024-02-14 09:30:00-05:00,102.1500015258789,102.45999908447266,99.41999816894531,101.87000274658203,1210068
2024-02-14 10:30:00-05:00,101.73500061035156,102.36000061035156,100.86000061035156,102.19000244140625,578782
2024-02-14 11:30:00-05:00,102.72000122070312,102.83000183105469,101.2699966430664,101.7699966430664,410437
2024-02-14 12:30:00-05:00,102.46869659423828,103.23999786376953,102.31999969482422,102.69000244140625,486406
2024-02-14 13:30:00-05:00,102.91200256347656,103.02989959716797,102.08300018310547,102.45999908447266,353133
2024-02-14 14:30:00-05:00,103.45999908447266,103.70999908447266,102.62000274658203,102.93000030517578,467303
2024-02-14 15:30:00-05:00,104.4000015258789,104.5,103.11000061035156,103.45999908447266,972961
2024-02-15 09:30:00-05:00,100.61499786376953,104.5,100.22000122070312,104.5,1165808
2024-02-15 10:30:00-05:00,100.47000122070312,101.04499816894531,99.43000030517578,100.72000122070312,752475
2024-02-15 11:30:00-05:00,102.05000305175781,102.19969940185547,100.19000244140625,100.44999694824219,593616
2024-02-15 12:30:00-05:00,101.91999816894531,102.31999969482422,101.30750274658203,102.11080169677734,338401
2024-02-15 13:30:00-05:00,101.58999633789062,101.98999786376953,101.20999908447266,101.92669677734375,295057
2024-02-15 14:30:00-05:00,101.26000213623047,101.75,100.77739715576172,101.60040283203125,352951
2024-02-15 15:30:00-05:00,101.20999908447266,101.5199966430664,100.89099884033203,101.23999786376953,575753
2024-02-16 09:30:00-05:00,98.13999938964844,101.80000305175781,97.71900177001953,101.31999969482422,1543283
2024-02-16 10:30:00-05:00,99.36000061035156,99.62999725341797,97.94999694824219,98.1500015258789,455117
2024-02-16 11:30:00-05:00,99.79000091552734,100.20999908447266,99.33000183105469,99.3949966430664,362653
2024-02-16 12:30:00-05:00,99.38999938964844,99.83000183105469,98.80999755859375,99.80500030517578,232181
2024-02-16 13:30:00-05:00,99.16999816894531,99.77999877929688,99.11000061035156,99.36000061035156,240253
2024-02-16 14:30:00-05:00,98.31999969482422,99.22000122070312,97.97000122070312,99.22000122070312,397070
2024-02-16 15:30:00-05:00,98.48999786376953,98.86000061035156,98.06999969482422,98.33999633789062,678083
2024-02-20 09:30:00-05:00,94.6500015258789,98.30000305175781,94.58999633789062,98.0,1233696
2024-02-20 10:30:00-05:00,95.2699966430664,95.5,94.05999755859375,94.61000061035156,459359
2024-02-20 11:30:00-05:00,95.18000030517578,95.68000030517578,94.52999877929688,95.25,326186
2024-02-20 12:30:00-05:00,95.83999633789062,96.04000091552734,95.0000991821289,95.18000030517578,316545
2024-02-20 13:30:00-05:00,96.62999725341797,96.62999725341797,95.66999816894531,95.83499908447266,298776
2024-02-20 14:30:00-05:00,96.62000274658203,96.88999938964844,96.41010284423828,96.6500015258789,274915
2024-02-20 15:30:00-05:00,98.13999938964844,98.2699966430664,96.13999938964844,96.6500015258789,1012472
2024-02-21 09:30:00-05:00,94.3499984741211,95.9800033569336,93.4000015258789,93.88999938964844,960587
2024-02-21 10:30:00-05:00,94.48500061035156,94.94000244140625,93.94000244140625,94.37000274658203,387196
2024-02-21 11:30:00-05:00,94.09750366210938,95.20999908447266,93.7300033569336,94.52999877929688,380537
2024-02-21 12:30:00-05:00,94.0199966430664,94.62000274658203,93.95999908447266,94.1050033569336,271875
2024-02-21 13:30:00-05:00,94.06999969482422,94.54000091552734,93.74500274658203,94.01499938964844,330110
2024-02-21 14:30:00-05:00,94.04000091552734,94.42669677734375,93.70999908447266,94.01000213623047,299953
2024-02-21 15:30:00-05:00,95.12000274658203,95.36000061035156,94.05999755859375,94.08000183105469,772958
2024-02-22 09:30:00-05:00,99.25,99.73999786376953,97.4000015258789,99.45999908447266,1303723
2024-02-22 10:30:00-05:00,99.26000213623047,99.86000061035156,98.83999633789062,99.29000091552734,592020
2024-02-22 11:30:00-05:00,99.38999938964844,99.61000061035156,98.95059967041016,99.2699966430664,318983
2024-02-22 12:30:00-05:00,99.02749633789062,99.93000030517578,98.8499984741211,99.4000015258789,316496
2024-02-22 13:30:00-05:00,99.16500091552734,99.69000244140625,98.93000030517578,99.02999877929688,246747
2024-02-22 14:30:00-05:00,99.37999725341797,99.62000274658203,98.95870208740234,99.17500305175781,284546
2024-02-22 15:30:00-05:00,99.45999908447266,99.61000061035156,99.01000213623047,99.33999633789062,737516
2024-02-23 09:30:00-05:00,98.44999694824219,101.66000366210938,98.09010314941406,100.0,792925
2024-02-23 10:30:00-05:00,97.79000091552734,98.75,97.13999938964844,98.4749984741211,385010
2024-02-23 11:30:00-05:00,98.9749984741211,99.06500244140625,97.51499938964844,97.69999694824219,335510
2024-02-23 12:30:00-05:00,98.75,99.23999786376953,98.43000030517578,98.94999694824219,199719
2024-02-23 13:30:00-05:00,99.08999633789062,99.09500122070312,98.6500015258789,98.73999786376953,217069
2024-02-23 14:30:00-05:00,98.11000061035156,99.19989776611328,98.05000305175781,99.0999984741211,371692
2024-02-23 15:30:00-05:00,98.44999694824219,98.52999877929688,98.05000305175781,98.13999938964844,389025
2024-02-26 09:30:00-05:00,99.58999633789062,99.98999786376953,97.82740020751953,98.70999908447266,429979
2024-02-26 10:30:00-05:00,99.54000091552734,100.30000305175781,99.36000061035156,99.58999633789062,368286
2024-02-26 11:30:00-05:00,99.79499816894531,100.16230010986328,99.41999816894531,99.4800033569336,218753
2024-02-26 12:30:00-05:00,98.9740982055664,100.17630004882812,98.9740982055664,99.79000091552734,250334
2024-02-26 13:30:00-05:00,99.05999755859375,99.55999755859375,98.87999725341797,98.94999694824219,268994
2024-02-26 14:30:00-05:00,98.69000244140625,99.28990173339844,98.44000244140625,99.08000183105469,338629
2024-02-26 15:30:00-05:00,99.05999755859375,99.3949966430664,98.59500122070312,98.69000244140625,621644
2024-02-27 09:30:00-05:00,100.22000122070312,102.30000305175781,99.19000244140625,100.43000030517578,1203994
2024-02-27 10:30:00-05:00,99.5,100.54000091552734,99.31999969482422,100.26499938964844,338343
2024-02-27 11:30:00-05:00,98.98500061035156,100.0199966430664,98.91000366210938,99.45999908447266,473628
2024-02-27 12:30:00-05:00,98.21769714355469,99.04499816894531,97.9000015258789,98.95999908447266,237286
2024-02-27 13:30:00-05:00,98.68000030517578,99.16999816894531,98.20999908447266,98.20999908447266,167188
2024-02-27 14:30:00-05:00,99.12999725341797,99.4749984741211,98.30999755859375,98.69999694824219,310170
2024-02-27 15:30:00-05:00,98.23999786376953,99.23999786376953,98.20999908447266,99.12000274658203,440484
2024-02-28 09:30:00-05:00,97.04499816894531,97.30000305175781,95.73999786376953,97.30000305175781,622968
2024-02-28 10:30:00-05:00,97.69000244140625,97.89669799804688,96.80999755859375,97.12999725341797,320436
2024-02-28 11:30:00-05:00,97.5,98.18000030517578,97.48999786376953,97.72000122070312,185020
2024-02-28 12:30:00-05:00,97.41999816894531,97.86000061035156,97.19000244140625,97.52459716796875,151236
2024-02-28 13:30:00-05:00,97.23999786376953,97.62670135498047,97.11000061035156,97.47000122070312,138720
2024-02-28 14:30:00-05:00,97.43000030517578,97.54499816894531,97.0,97.25,203046
2024-02-28 15:30:00-05:00,97.48999786376953,97.54499816894531,97.0199966430664,97.45089721679688,409146
2024-02-29 09:30:00-05:00,97.87999725341797,99.56999969482422,97.5199966430664,97.66999816894531,896006
2024-02-29 10:30:00-05:00,97.62999725341797,98.7499008178711,97.625,97.83000183105469,274414
2024-02-29 11:30:00-05:00,97.625,97.9000015258789,96.72000122070312,97.58999633789062,256573
2024-02-29 12:30:00-05:00,98.11000061035156,98.30000305175781,97.58999633789062,97.70999908447266,157505
2024-02-29 13:30:00-05:00,98.53970336914062,98.94999694824219,98.0999984741211,98.18000030517578,328811
2024-02-29 14:30:00-05:00,98.22989654541016,98.73999786376953,97.96499633789062,98.55000305175781,297449
2024-02-29 15:30:00-05:00,98.45999908447266,98.69999694824219,97.96499633789062,98.2699966430664,608818
2024-03-01 09:30:00-05:00,98.11499786376953,98.9000015258789,97.11000061035156,98.27999877929688,601534
2024-03-01 10:30:00-05:00,100.47000122070312,100.58000183105469,97.80999755859375,98.0999984741211,745751
2024-03-01 11:30:00-05:00,100.39730072021484,101.19999694824219,100.0199966430664,100.5,624757
2024-03-01 12:30:00-05:00,101.375,101.8499984741211,100.31999969482422,100.38999938964844,378504
2024-03-01 13:30:00-05:00,100.56500244140625,101.58000183105469,100.47010040283203,101.36000061035156,226640
2024-03-01 14:30:00-05:00,100.20999908447266,101.06999969482422,100.0199966430664,100.55999755859375,363997
2024-03-01 15:30:00-05:00,99.91000366210938,100.19000244140625,99.83999633789062,100.19000244140625,614596
2024-03-04 09:30:00-05:00,98.5,99.83999633789062,97.4800033569336,99.83999633789062,904172
2024-03-04 10:30:00-05:00,99.25,99.66929626464844,98.29000091552734,98.43000030517578,321607
2024-03-04 11:30:00-05:00,99.31999969482422,99.70999908447266,98.87000274658203,99.27999877929688,216008
2024-03-04 12:30:00-05:00,100.0,100.54000091552734,99.16000366210938,99.34500122070312,343225
2024-03-04 13:30:00-05:00,100.04000091552734,100.45999908447266,99.69000244140625,99.96499633789062,271392
2024-03-04 14:30:00-05:00,100.91500091552734,101.2300033569336,99.91000366210938,100.0199966430664,370951
2024-03-04 15:30:00-05:00,100.86000061035156,101.16000366210938,100.37999725341797,100.92500305175781,749960
2024-03-05 09:30:00-05:00,94.80000305175781,99.22000122070312,94.5199966430664,99.05999755859375,1276903
2024-03-05 10:30:00-05:00,95.17500305175781,95.48999786376953,93.81999969482422,94.75,997573
2024-03-05 11:30:00-05:00,96.33000183105469,96.33000183105469,94.72000122070312,95.16500091552734,340847
2024-03-05 12:30:00-05:00,96.43000030517578,97.05999755859375,96.11000061035156,96.37000274658203,524646
2024-03-05 13:30:00-05:00,95.66999816894531,96.94999694824219,95.61000061035156,96.41999816894531,374746
2024-03-05 14:30:00-05:00,95.44000244140625,95.8550033569336,95.23999786376953,95.68000030517578,412485
2024-03-05 15:30:00-05:00,95.98999786376953,96.38500213623047,95.2699966430664,95.41999816894531,645237
2024-03-06 09:30:00-05:00,96.4800033569336,99.36000061035156,95.76499938964844,98.7300033569336,711697
2024-03-06 10:30:00-05:00,97.20999908447266,97.75,96.22000122070312,96.38999938964844,288811
2024-03-06 11:30:00-05:00,98.08999633789062,98.23660278320312,97.0999984741211,97.1500015258789,263164
2024-03-06 12:30:00-05:00,97.76000213623047,98.37000274658203,97.76000213623047,98.13800048828125,156204
2024-03-06 13:30:00-05:00,97.1449966430664,97.81510162353516,96.62000274658203,97.75,268310
2024-03-06 14:30:00-05:00,97.54000091552734,97.70999908447266,96.80999755859375,97.16999816894531,287371
2024-03-06 15:30:00-05:00,97.46499633789062,97.94999694824219,97.06999969482422,97.55000305175781,404919
2024-03-07 09:30:00-05:00,99.08999633789062,99.73999786376953,97.66000366210938,98.41999816894531,587766
2024-03-07 10:30:00-05:00,100.18000030517578,100.5199966430664,98.82499694824219,99.07839965820312,676158
2024-03-07 11:30:00-05:00,100.68000030517578,100.76000213623047,99.69999694824219,100.13999938964844,337326
2024-03-07 12:30:00-05:00,100.97000122070312,100.97000122070312,100.2699966430664,100.68000030517578,282069
2024-03-07 13:30:00-05:00,101.61959838867188,101.76000213623047,100.98999786376953,100.98999786376953,603811
2024-03-07 14:30:00-05:00,101.19000244140625,101.9800033569336,101.02999877929688,101.61129760742188,465913
2024-03-07 15:30:00-05:00,100.7301025390625,101.19000244140625,100.37999725341797,101.16999816894531,711251
2024-03-08 09:30:00-05:00,103.23999786376953,104.0199966430664,100.0,100.0,1329237
2024-03-08 10:30:00-05:00,99.47799682617188,103.47000122070312,99.30999755859375,103.30000305175781,835591
2024-03-08 11:30:00-05:00,99.31379699707031,100.19999694824219,98.83999633789062,99.55829620361328,473705
2024-03-08 12:30:00-05:00,98.2249984741211,99.6500015258789,98.06999969482422,99.30999755859375,412367
2024-03-08 13:30:00-05:00,98.79499816894531,98.93000030517578,97.2699966430664,98.19000244140625,608413
2024-03-08 14:30:00-05:00,98.48500061035156,99.44499969482422,98.37210083007812,98.80999755859375,299821
2024-03-08 15:30:00-05:00,97.98999786376953,98.76000213623047,97.98999786376953,98.43000030517578,512832
2024-03-11 09:30:00-04:00,96.45999908447266,97.83999633789062,95.20999908447266,96.76000213623047,783682
2024-03-11 10:30:00-04:00,97.66000366210938,98.39869689941406,96.44000244140625,96.44000244140625,349144
2024-03-11 11:30:00-04:00,97.91500091552734,98.27999877929688,97.44000244140625,97.5802001953125,207989
2024-03-11 12:30:00-04:00,97.69000244140625,98.38999938964844,97.56999969482422,97.95500183105469,201240
2024-03-11 13:30:00-04:00,97.43499755859375,97.75,97.12000274658203,97.63999938964844,162141
2024-03-11 14:30:00-04:00,96.75,97.6500015258789,96.73999786376953,97.38999938964844,217905
2024-03-11 15:30:00-04:00,97.05999755859375,97.2323989868164,96.69999694824219,96.7300033569336,419909
2024-03-12 09:30:00-04:00,97.06999969482422,98.38990020751953,95.76000213623047,97.47000122070312,490392
2024-03-12 10:30:00-04:00,97.43000030517578,97.68000030517578,96.70999908447266,97.12999725341797,307456
2024-03-12 11:30:00-04:00,96.05999755859375,97.42500305175781,95.86000061035156,97.41999816894531,330047
2024-03-12 12:30:00-04:00,96.18730163574219,96.19999694824219,95.37999725341797,96.0625,339440
2024-03-12 13:30:00-04:00,96.43499755859375,96.5,96.05999755859375,96.19000244140625,177388
2024-03-12 14:30:00-04:00,96.95999908447266,97.04000091552734,96.1500015258789,96.41999816894531,310676
2024-03-12 15:30:00-04:00,96.76000213623047,97.2300033569336,96.72000122070312,96.95999908447266,538433
2024-03-13 09:30:00-04:00,97.5,97.91999816894531,95.5999984741211,96.33000183105469,512124
2024-03-13 10:30:00-04:00,96.98999786376953,98.05000305175781,96.97000122070312,97.51000213623047,184473
2024-03-13 11:30:00-04:00,96.82499694824219,97.05999755859375,96.45500183105469,96.97000122070312,138220
2024-03-13 12:30:00-04:00,96.94999694824219,97.33000183105469,96.6500015258789,96.81999969482422,177171
2024-03-13 13:30:00-04:00,97.37999725341797,97.43000030517578,96.86000061035156,96.96499633789062,202100
2024-03-13 14:30:00-04:00,96.44999694824219,97.6500015258789,96.30000305175781,97.41000366210938,243251
2024-03-13 15:30:00-04:00,95.94999694824219,96.64990234375,95.69000244140625,96.41000366210938,512802
2024-03-14 09:30:00-04:00,94.70999908447266,96.86000061035156,93.66000366210938,96.05000305175781,723081
2024-03-14 10:30:00-04:00,94.5,95.36000061035156,94.41000366210938,94.75,293195
2024-03-14 11:30:00-04:00,94.16500091552734,94.88500213623047,93.87999725341797,94.4800033569336,234950
2024-03-14 12:30:00-04:00,93.70999908447266,94.4749984741211,93.30999755859375,94.0999984741211,274676
2024-03-14 13:30:00-04:00,94.12120056152344,94.30000305175781,93.61000061035156,93.68000030517578,173586
2024-03-14 14:30:00-04:00,92.91000366210938,94.19000244140625,92.69999694824219,94.0999984741211,364100
2024-03-14 15:30:00-04:00,94.23999786376953,94.25,92.66999816894531,92.92500305175781,636987
2024-03-15 09:30:00-04:00,92.06999969482422,93.68000030517578,91.36000061035156,93.1500015258789,698412
2024-03-15 10:30:00-04:00,91.94499969482422,92.88999938964844,91.63999938964844,92.0999984741211,422825
2024-03-15 11:30:00-04:00,91.38999938964844,92.0,90.80000305175781,91.88999938964844,377022
2024-03-15 12:30:00-04:00,91.91000366210938,92.0999984741211,91.30999755859375,91.375,217535
2024-03-15 13:30:00-04:00,91.77999877929688,92.11000061035156,91.69000244140625,91.94000244140625,195259
2024-03-15 14:30:00-04:00,92.0071029663086,92.12000274658203,91.52999877929688,91.76000213623047,312225
2024-03-15 15:30:00-04:00,91.58999633789062,92.01000213623047,91.29000091552734,91.96499633789062,565179
2024-03-18 09:30:00-04:00,93.03500366210938,93.88999938964844,92.08999633789062,92.95999908447266,553807
2024-03-18 10:30:00-04:00,92.83999633789062,93.26000213623047,92.66999816894531,93.08999633789062,182575
2024-03-18 11:30:00-04:00,93.83999633789062,93.91000366210938,92.44000244140625,92.8499984741211,319509
2024-03-18 12:30:00-04:00,93.91000366210938,94.43000030517578,93.37000274658203,93.81999969482422,416264
2024-03-18 13:30:00-04:00,94.93509674072266,95.10399627685547,93.77999877929688,93.93499755859375,375611
2024-03-18 14:30:00-04:00,95.2699966430664,95.74169921875,94.86000061035156,94.97000122070312,597501
2024-03-18 15:30:00-04:00,94.61000061035156,95.26000213623047,94.37999725341797,95.26000213623047,642063
2024-03-19 09:30:00-04:00,92.5999984741211,93.66000366210938,91.8499984741211,93.18000030517578,441276
2024-03-19 10:30:00-04:00,93.80000305175781,93.80000305175781,92.41999816894531,92.58999633789062,270161
2024-03-19 11:30:00-04:00,94.19999694824219,94.33000183105469,93.66960144042969,93.77999877929688,188609
2024-03-19 12:30:00-04:00,95.02999877929688,95.33999633789062,94.2300033569336,94.2300033569336,297622
2024-03-19 13:30:00-04:00,95.4000015258789,95.48999786376953,95.01000213623047,95.04499816894531,166988
2024-03-19 14:30:00-04:00,94.97000122070312,95.54000091552734,94.52149963378906,95.41000366210938,187911
2024-03-19 15:30:00-04:00,95.1500015258789,95.26000213623047,94.67500305175781,94.9800033569336,300053
2024-03-20 09:30:00-04:00,95.66999816894531,95.97969818115234,94.66999816894531,95.30999755859375,211612
2024-03-20 10:30:00-04:00,96.0,96.23999786376953,95.24500274658203,95.70500183105469,201385
2024-03-20 11:30:00-04:00,96.05000305175781,96.27999877929688,95.86039733886719,95.98999786376953,231539
2024-03-20 12:30:00-04:00,95.91580200195312,96.01000213623047,95.56999969482422,96.01000213623047,133687
2024-03-20 13:30:00-04:00,96.875,97.56999969482422,95.75,95.83999633789062,320996
2024-03-20 14:30:00-04:00,98.27999877929688,98.3290023803711,96.16000366210938,96.91000366210938,584363
2024-03-20 15:30:00-04:00,97.94999694824219,98.41999816894531,97.6500015258789,98.2699966430664,682318
2024-03-21 09:30:00-04:00,99.89579772949219,100.9000015258789,98.70999908447266,100.0,701662
2024-03-21 10:30:00-04:00,98.28500366210938,99.75,98.20999908447266,99.75,301821
2024-03-21 11:30:00-04:00,97.72000122070312,98.31999969482422,97.33999633789062,98.28500366210938,398238
2024-03-21 12:30:00-04:00,97.92009735107422,98.08000183105469,97.55000305175781,97.7300033569336,252013
2024-03-21 13:30:00-04:00,97.27999877929688,98.05500030517578,96.54000091552734,97.94000244140625,232032
2024-03-21 14:30:00-04:00,96.88999938964844,97.31999969482422,96.66999816894531,97.28500366210938,184117
2024-03-21 15:30:00-04:00,96.44000244140625,97.0199966430664,96.4000015258789,96.9000015258789,403983
2024-03-22 09:30:00-04:00,94.9800033569336,96.80000305175781,94.94000244140625,96.0999984741211,280506
2024-03-22 10:30:00-04:00,95.24500274658203,95.79000091552734,94.77010345458984,94.94000244140625,159034
2024-03-22 11:30:00-04:00,95.47000122070312,95.5199966430664,95.05999755859375,95.24500274658203,107410
2024-03-22 12:30:00-04:00,95.65499877929688,95.81999969482422,95.22000122070312,95.4749984741211,63844
2024-03-22 13:30:00-04:00,96.06340026855469,96.18000030517578,95.56999969482422,95.69999694824219,148712
2024-03-22 14:30:00-04:00,95.78150177001953,96.27999877929688,95.58399963378906,96.08499908447266,149810
2024-03-22 15:30:00-04:00,96.56999969482422,96.62999725341797,95.68000030517578,95.7699966430664,419388
2024-03-25 09:30:00-04:00,96.31999969482422,97.0,95.35639953613281,95.79000091552734,290013
2024-03-25 10:30:00-04:00,96.01499938964844,96.55999755859375,95.81999969482422,96.3550033569336,166196
2024-03-25 11:30:00-04:00,95.9000015258789,96.41000366210938,95.8499984741211,96.01499938964844,135881
2024-03-25 12:30:00-04:00,96.4800033569336,96.58000183105469,95.73999786376953,95.91000366210938,92393
2024-03-25 13:30:00-04:00,96.45999908447266,96.56900024414062,96.3550033569336,96.43000030517578,79678
2024-03-25 14:30:00-04:00,96.20999908447266,96.69999694824219,96.13999938964844,96.45999908447266,154183
2024-03-25 15:30:00-04:00,96.04000091552734,96.49500274658203,96.04000091552734,96.19000244140625,262876
2024-03-26 09:30:00-04:00,97.5,98.3499984741211,97.0,97.26000213623047,387800
2024-03-26 10:30:00-04:00,98.0199966430664,98.54000091552734,97.30999755859375,97.4749984741211,453776
2024-03-26 11:30:00-04:00,98.5199966430664,98.79000091552734,97.87999725341797,98.01000213623047,262880
2024-03-26 12:30:00-04:00,99.51000213623047,99.52999877929688,98.41000366210938,98.55000305175781,358128
2024-03-26 13:30:00-04:00,100.16999816894531,100.18000030517578,99.26000213623047,99.51000213623047,486186
2024-03-26 14:30:00-04:00,99.31999969482422,100.27999877929688,99.2300033569336,100.16000366210938,417283
2024-03-26 15:30:00-04:00,99.04000091552734,99.36000061035156,98.91000366210938,99.33399963378906,616321
2024-03-27 09:30:00-04:00,96.79000091552734,100.7699966430664,95.87999725341797,99.52999877929688,732936
2024-03-27 10:30:00-04:00,96.04000091552734,97.12999725341797,96.0,96.83999633789062,328282
2024-03-27 11:30:00-04:00,96.1500015258789,96.23999786376953,95.54000091552734,96.02999877929688,238617
2024-03-27 12:30:00-04:00,95.68000030517578,96.41000366210938,95.6500015258789,96.18000030517578,264487
2024-03-27 13:30:00-04:00,95.80999755859375,95.9000015258789,95.20999908447266,95.69000244140625,265923
2024-03-27 14:30:00-04:00,95.79000091552734,95.87000274658203,95.05999755859375,95.83999633789062,262148
2024-03-27 15:30:00-04:00,96.58000183105469,96.98999786376953,95.68000030517578,95.80000305175781,551452
2024-03-28 09:30:00-04:00,97.08000183105469,97.6698989868164,96.0999984741211,96.0999984741211,249719
2024-03-28 10:30:00-04:00,97.0199966430664,97.4990005493164,96.76000213623047,97.08000183105469,159433
2024-03-28 11:30:00-04:00,97.29000091552734,97.31999969482422,96.40229797363281,97.05000305175781,230442
2024-03-28 12:30:00-04:00,96.46499633789062,97.41999816894531,96.30249786376953,97.30999755859375,159271
2024-03-28 13:30:00-04:00,97.0,97.11000061035156,96.44000244140625,96.45500183105469,154174
2024-03-28 14:30:00-04:00,96.79000091552734,97.18000030517578,96.77010345458984,97.0250015258789,155050
2024-03-28 15:30:00-04:00,96.83000183105469,97.06999969482422,96.4000015258789,96.80000305175781,342840
2024-04-01 09:30:00-04:00,95.8949966430664,97.88999938964844,95.72000122070312,97.16000366210938,352397
2024-04-01 10:30:00-04:00,95.5199966430664,96.23999786376953,95.19999694824219,95.83000183105469,248956
2024-04-01 11:30:00-04:00,95.74579620361328,95.8499984741211,94.94000244140625,95.45999908447266,213232
2024-04-01 12:30:00-04:00,95.93000030517578,96.45999908447266,95.44999694824219,95.70999908447266,470989
2024-04-01 13:30:00-04:00,96.04000091552734,96.16999816894531,95.70999908447266,95.97000122070312,107114
2024-04-01 14:30:00-04:00,95.9000015258789,96.15699768066406,95.72000122070312,96.02999877929688,105017
2024-04-01 15:30:00-04:00,95.6500015258789,96.16500091552734,95.62999725341797,95.90899658203125,265109
2024-04-02 09:30:00-04:00,94.06999969482422,94.1500015258789,91.26509857177734,92.91000366210938,705602
2024-04-02 10:30:00-04:00,93.56999969482422,94.23999786376953,92.93000030517578,94.0,307789
2024-04-02 11:30:00-04:00,94.2300033569336,94.26000213623047,93.49500274658203,93.5999984741211,155294
2024-04-02 12:30:00-04:00,95.05660247802734,95.11000061035156,94.24500274658203,94.24500274658203,198350
2024-04-02 13:30:00-04:00,94.94000244140625,95.08000183105469,94.73999786376953,95.02999877929688,143770
2024-04-02 14:30:00-04:00,95.29669952392578,95.31999969482422,94.79000091552734,94.94000244140625,230064
2024-04-02 15:30:00-04:00,94.98999786376953,95.48500061035156,94.94999694824219,95.30999755859375,405573
2024-04-03 09:30:00-04:00,95.28500366210938,95.54000091552734,93.56999969482422,94.0,433363
2024-04-03 10:30:00-04:00,95.25530242919922,95.80999755859375,95.16000366210938,95.33499908447266,205043
2024-04-03 11:30:00-04:00,95.12000274658203,95.30999755859375,94.69999694824219,95.26950073242188,181465
2024-04-03 12:30:00-04:00,94.91999816894531,95.30999755859375,94.66000366210938,95.16000366210938,102463
2024-04-03 13:30:00-04:00,95.0999984741211,95.37999725341797,94.93000030517578,94.93000030517578,131736
2024-04-03 14:30:00-04:00,94.6500015258789,95.33399963378906,94.52999877929688,95.08999633789062,170913
2024-04-03 15:30:00-04:00,94.68000030517578,95.05999755859375,94.58000183105469,94.63999938964844,383420
2024-04-04 09:30:00-04:00,96.4000015258789,96.57099914550781,95.0,95.0,349291
2024-04-04 10:30:00-04:00,96.1449966430664,96.83999633789062,95.95999908447266,96.36990356445312,228220
2024-04-04 11:30:00-04:00,96.93000030517578,96.96949768066406,96.12999725341797,96.20999908447266,165177
2024-04-04 12:30:00-04:00,96.38999938964844,97.12999725341797,96.36000061035156,96.95999908447266,176819
2024-04-04 13:30:00-04:00,94.83000183105469,96.5199966430664,94.7699966430664,96.3550033569336,221661
2024-04-04 14:30:00-04:00,93.61000061035156,95.06189727783203,93.61000061035156,94.8499984741211,504441
2024-04-04 15:30:00-04:00,93.25,94.23999786376953,93.19999694824219,93.58999633789062,576418
2024-04-05 09:30:00-04:00,95.47000122070312,96.12000274658203,92.94000244140625,94.0,548361
2024-04-05 10:30:00-04:00,95.45999908447266,96.5999984741211,95.11000061035156,95.4800033569336,392631
2024-04-05 11:30:00-04:00,97.125,97.19000244140625,95.44999694824219,95.44999694824219,233155
2024-04-05 12:30:00-04:00,96.78500366210938,97.30000305175781,96.63500213623047,97.1500015258789,268572
2024-04-05 13:30:00-04:00,95.66500091552734,96.91999816894531,95.62000274658203,96.78500366210938,278869
2024-04-05 14:30:00-04:00,96.29000091552734,96.48999786376953,95.69999694824219,95.73999786376953,181355
2024-04-05 15:30:00-04:00,96.16999816894531,96.53199768066406,96.1500015258789,96.36000061035156,462063
2024-04-08 09:30:00-04:00,95.55000305175781,96.76499938964844,94.26629638671875,96.5999984741211,424595
2024-04-08 10:30:00-04:00,96.02999877929688,96.43000030517578,95.05999755859375,95.56819915771484,236147
2024-04-08 11:30:00-04:00,95.52429962158203,96.05000305175781,95.1500015258789,95.95999908447266,130537
2024-04-08 12:30:00-04:00,95.19000244140625,95.66000366210938,95.11000061035156,95.48999786376953,160986
2024-04-08 13:30:00-04:00,94.80000305175781,95.2300033569336,94.74009704589844,95.18000030517578,219306
2024-04-08 14:30:00-04:00,95.18000030517578,95.18000030517578,94.77999877929688,94.80999755859375,140895
2024-04-08 15:30:00-04:00,95.37000274658203,95.37999725341797,95.0999984741211,95.16999816894531,218340
2024-04-09 09:30:00-04:00,95.2300033569336,97.368896484375,95.14009857177734,96.0,519597
2024-04-09 10:30:00-04:00,95.58000183105469,95.94000244140625,94.75499725341797,95.20999908447266,268223
2024-04-09 11:30:00-04:00,95.91000366210938,96.12000274658203,95.11000061035156,95.56999969482422,131810
2024-04-09 12:30:00-04:00,96.05999755859375,96.19999694824219,95.66000366210938,95.9000015258789,141987
2024-04-09 13:30:00-04:00,95.99500274658203,96.36000061035156,95.95999908447266,96.08000183105469,146173
2024-04-09 14:30:00-04:00,96.80000305175781,96.81999969482422,95.5199966430664,95.98500061035156,226136
2024-04-09 15:30:00-04:00,97.12000274658203,97.12000274658203,96.4800033569336,96.77999877929688,469872
2024-04-10 09:30:00-04:00,95.27999877929688,95.31500244140625,93.30000305175781,93.37000274658203,700427
2024-04-10 10:30:00-04:00,95.7699966430664,95.9000015258789,95.08000183105469,95.36000061035156,341017
2024-04-10 11:30:00-04:00,95.3949966430664,95.79000091552734,94.97000122070312,95.79000091552734,175976
2024-04-10 12:30:00-04:00,94.98999786376953,95.66999816894531,94.55999755859375,95.38279724121094,231032
2024-04-10 13:30:00-04:00,94.4749984741211,95.1500015258789,94.41999816894531,94.95999908447266,212400
2024-04-10 14:30:00-04:00,94.80999755859375,94.95500183105469,94.19000244140625,94.5,218443
2024-04-10 15:30:00-04:00,94.79000091552734,95.25,94.43000030517578,94.7699966430664,383441
2024-04-11 09:30:00-04:00,94.23999786376953,96.01499938964844,94.03309631347656,96.0,215967
2024-04-11 10:30:00-04:00,94.91999816894531,95.05000305175781,94.16000366210938,94.21849822998047,198651
2024-04-11 11:30:00-04:00,95.18000030517578,95.26000213623047,94.76000213623047,94.91000366210938,93718
2024-04-11 12:30:00-04:00,95.63420104980469,95.78990173339844,94.79750061035156,95.06999969482422,158119
2024-04-11 13:30:00-04:00,96.07499694824219,96.11000061035156,95.3550033569336,95.63999938964844,157264
2024-04-11 14:30:00-04:00,95.8499984741211,96.33000183105469,95.63999938964844,96.08000183105469,145713
2024-04-11 15:30:00-04:00,96.08999633789062,96.16000366210938,95.77999877929688,95.84500122070312,218383
2024-04-12 09:30:00-04:00,94.36000061035156,95.29000091552734,94.05000305175781,94.94000244140625,326401
2024-04-12 10:30:00-04:00,94.25,94.7300033569336,93.58000183105469,94.37999725341797,269593
2024-04-12 11:30:00-04:00,93.80999755859375,94.47000122070312,93.56999969482422,94.26000213623047,233361
2024-04-12 12:30:00-04:00,92.79000091552734,93.83000183105469,92.69999694824219,93.83000183105469,257142
2024-04-12 13:30:00-04:00,92.93000030517578,93.15499877929688,92.62000274658203,92.79000091552734,243797
2024-04-12 14:30:00-04:00,92.80000305175781,92.97000122070312,92.62000274658203,92.91999816894531,211398
2024-04-12 15:30:00-04:00,93.76000213623047,93.87000274658203,92.80000305175781,92.80000305175781,595846
2024-04-15 09:30:00-04:00,93.44999694824219,94.09359741210938,92.71009826660156,93.18000030517578,552285
2024-04-15 10:30:00-04:00,92.83000183105469,93.94999694824219,92.56999969482422,93.44000244140625,265372
2024-04-15 11:30:00-04:00,92.17500305175781,93.30000305175781,92.16999816894531,92.81999969482422,174492
2024-04-15 12:30:00-04:00,91.04499816894531,92.2300033569336,91.02999877929688,92.18000030517578,224636
2024-04-15 13:30:00-04:00,90.5199966430664,91.12000274658203,90.31999969482422,91.08000183105469,385805
2024-04-15 14:30:00-04:00,90.4000015258789,90.83999633789062,90.04010009765625,90.51000213623047,380146
2024-04-15 15:30:00-04:00,90.33999633789062,90.73999786376953,90.08999633789062,90.38999938964844,561551
2024-04-16 09:30:00-04:00,88.73999786376953,90.0,88.07009887695312,89.91999816894531,724906
2024-04-16 10:30:00-04:00,89.98999786376953,90.22000122070312,88.48999786376953,88.75,361611
2024-04-16 11:30:00-04:00,89.63999938964844,90.25,89.47000122070312,89.98999786376953,236019
2024-04-16 12:30:00-04:00,89.93499755859375,90.1500015258789,89.4800033569336,89.62999725341797,214373
2024-04-16 13:30:00-04:00,89.7699966430664,90.33999633789062,89.1500015258789,89.91999816894531,310963
2024-04-16 14:30:00-04:00,90.55000305175781,90.61000061035156,89.69999694824219,89.80000305175781,312958
2024-04-16 15:30:00-04:00,91.04000091552734,91.20999908447266,90.29000091552734,90.55999755859375,684758
2024-04-17 09:30:00-04:00,89.3499984741211,90.93000030517578,88.80999755859375,90.56999969482422,402079
2024-04-17 10:30:00-04:00,88.88999938964844,89.81500244140625,88.5999984741211,89.36000061035156,283390
2024-04-17 11:30:00-04:00,87.9800033569336,88.87000274658203,87.81999969482422,88.8499984741211,377314
2024-04-17 12:30:00-04:00,88.5999984741211,88.83999633789062,87.3458023071289,87.95999908447266,346841
2024-04-17 13:30:00-04:00,88.5,88.82499694824219,88.30000305175781,88.61000061035156,198938
2024-04-17 14:30:00-04:00,87.95999908447266,89.20999908447266,87.91000366210938,88.5199966430664,222384
2024-04-17 15:30:00-04:00,88.05000305175781,88.44999694824219,87.62010192871094,87.91999816894531,812339
2024-04-18 09:30:00-04:00,87.53500366210938,88.04499816894531,86.4000015258789,87.7300033569336,556282
2024-04-18 10:30:00-04:00,88.02999877929688,88.3499984741211,87.55000305175781,87.62999725341797,286786
2024-04-18 11:30:00-04:00,88.05000305175781,88.1709976196289,87.5,88.0250015258789,249033
2024-04-18 12:30:00-04:00,87.01000213623047,88.0999984741211,86.72000122070312,88.06999969482422,190214
2024-04-18 13:30:00-04:00,86.3499984741211,87.13999938964844,86.20999908447266,86.9800033569336,199653
2024-04-18 14:30:00-04:00,86.29000091552734,86.57550048828125,86.02749633789062,86.3499984741211,229559
2024-04-18 15:30:00-04:00,86.70999908447266,86.72000122070312,86.26000213623047,86.33000183105469,559871
2024-04-19 09:30:00-04:00,84.94499969482422,86.69999694824219,84.80000305175781,86.27999877929688,577476
2024-04-19 10:30:00-04:00,85.30000305175781,85.66999816894531,84.71009826660156,84.94000244140625,400810
2024-04-19 11:30:00-04:00,83.98999786376953,85.62000274658203,83.94120025634766,85.25,340158
2024-04-19 12:30:00-04:00,84.26000213623047,84.70999908447266,83.9800033569336,84.01000213623047,472700
2024-04-19 13:30:00-04:00,83.7300033569336,84.94000244140625,83.69000244140625,84.2750015258789,356888
2024-04-19 14:30:00-04:00,83.76499938964844,84.0999984741211,83.13999938964844,83.72000122070312,675569
2024-04-19 15:30:00-04:00,84.0999984741211,84.19999694824219,83.16999816894531,83.76000213623047,884735
2024-04-22 09:30:00-04:00,83.25,85.4800033569336,83.1500015258789,84.83000183105469,418721
2024-04-22 10:30:00-04:00,83.19000244140625,83.76000213623047,82.83000183105469,83.30000305175781,321327
2024-04-22 11:30:00-04:00,83.80999755859375,83.9000015258789,83.22000122070312,83.22989654541016,226462
2024-04-22 12:30:00-04:00,84.66000366210938,84.66000366210938,83.39009857177734,83.77999877929688,205472
2024-04-22 13:30:00-04:00,85.2300033569336,85.36000061035156,84.51000213623047,84.69000244140625,236123
2024-04-22 14:30:00-04:00,85.27999877929688,85.3499984741211,84.88999938964844,85.20500183105469,233572
2024-04-22 15:30:00-04:00,84.69000244140625,85.3499984741211,84.44000244140625,85.26000213623047,483369
2024-04-23 09:30:00-04:00,87.70999908447266,88.19999694824219,85.01000213623047,86.0,545472
2024-04-23 10:30:00-04:00,87.86000061035156,88.22000122070312,87.3499984741211,87.70999908447266,309305
2024-04-23 11:30:00-04:00,88.15499877929688,88.23999786376953,87.29499816894531,87.81999969482422,278354
2024-04-23 12:30:00-04:00,88.24500274658203,88.41000366210938,87.97000122070312,88.13999938964844,173172
2024-04-23 13:30:00-04:00,88.7699966430664,88.7699966430664,88.19000244140625,88.19999694824219,164177
2024-04-23 14:30:00-04:00,88.4000015258789,88.87999725341797,88.31999969482422,88.76000213623047,176840
2024-04-23 15:30:00-04:00,87.86000061035156,88.38999938964844,87.66999816894531,88.38999938964844,489040
2024-04-24 09:30:00-04:00,88.7300033569336,89.9000015258789,88.33999633789062,89.48999786376953,508022
2024-04-24 10:30:00-04:00,88.38040161132812,88.88999938964844,87.88999938964844,88.69000244140625,238735
2024-04-24 11:30:00-04:00,87.73500061035156,88.42500305175781,87.16999816894531,88.41500091552734,205647
2024-04-24 12:30:00-04:00,88.36000061035156,88.37000274658203,87.47000122070312,87.73500061035156,203254
2024-04-24 13:30:00-04:00,87.81230163574219,88.63999938964844,87.73999786376953,88.3499984741211,167079
2024-04-24 14:30:00-04:00,87.90460205078125,88.11000061035156,87.54000091552734,87.81500244140625,172094
2024-04-24 15:30:00-04:00,87.6500015258789,88.06999969482422,87.58999633789062,87.94000244140625,316328
2024-04-25 09:30:00-04:00,85.94999694824219,86.36000061035156,84.5199966430664,85.01000213623047,468234
2024-04-25 10:30:00-04:00,86.08000183105469,86.1500015258789,85.1500015258789,85.87999725341797,290225
2024-04-25 11:30:00-04:00,86.37000274658203,86.51000213623047,85.5999984741211,86.09500122070312,191575
2024-04-25 12:30:00-04:00,86.79000091552734,87.0,86.2300033569336,86.33000183105469,118577
2024-04-25 13:30:00-04:00,86.94000244140625,87.54650115966797,86.75740051269531,86.76000213623047,167496
2024-04-25 14:30:00-04:00,86.87000274658203,87.25,86.66000366210938,86.94499969482422,168935
2024-04-25 15:30:00-04:00,86.76000213623047,86.97000122070312,86.41999816894531,86.875,306774
2024-04-26 09:30:00-04:00,88.44000244140625,88.93000030517578,86.88999938964844,88.02999877929688,422279
2024-04-26 10:30:00-04:00,88.70999908447266,89.42279815673828,88.2500991821289,88.43000030517578,289019
2024-04-26 11:30:00-04:00,88.36000061035156,88.8499984741211,88.21199798583984,88.7300033569336,159753
2024-04-26 12:30:00-04:00,88.62000274658203,88.7699966430664,88.33999633789062,88.36499786376953,117986
2024-04-26 13:30:00-04:00,87.83999633789062,88.62999725341797,87.81999969482422,88.62999725341797,141705
2024-04-26 14:30:00-04:00,87.7699966430664,88.10990142822266,87.70120239257812,87.8499984741211,145392
2024-04-26 15:30:00-04:00,87.9749984741211,88.30000305175781,87.43000030517578,87.79499816894531,336837
2024-04-29 09:30:00-04:00,90.68000030517578,91.0199966430664,88.73999786376953,88.8499984741211,882559
2024-04-29 10:30:00-04:00,89.81999969482422,90.9000015258789,89.48999786376953,90.6500015258789,554457
2024-04-29 11:30:00-04:00,89.5,89.85990142822266,89.29000091552734,89.82499694824219,259877
2024-04-29 12:30:00-04:00,89.66000366210938,89.79499816894531,89.25,89.51000213623047,335899
2024-04-29 13:30:00-04:00,89.16999816894531,89.68000030517578,89.06999969482422,89.63999938964844,239694
2024-04-29 14:30:00-04:00,89.45999908447266,89.68350219726562,88.91999816894531,89.1500015258789,473126
2024-04-29 15:30:00-04:00,89.6500015258789,89.83499908447266,89.34400177001953,89.41999816894531,466345
2024-04-30 09:30:00-04:00,90.7750015258789,91.02999877929688,89.08000183105469,89.26000213623047,574591
2024-04-30 10:30:00-04:00,90.58000183105469,91.58999633789062,90.2301025390625,90.7750015258789,696833
2024-04-30 11:30:00-04:00,89.69000244140625,90.62999725341797,89.56999969482422,90.55999755859375,604254
2024-04-30 12:30:00-04:00,88.93499755859375,89.68000030517578,88.55000305175781,89.66500091552734,512268
2024-04-30 13:30:00-04:00,88.22000122070312,89.11000061035156,88.22000122070312,88.88500213623047,375627
2024-04-30 14:30:00-04:00,87.73500061035156,88.54000091552734,87.58999633789062,88.25,426834
2024-04-30 15:30:00-04:00,87.4000015258789,88.19000244140625,87.31999969482422,87.7249984741211,604714
2024-05-01 09:30:00-04:00,87.33999633789062,88.27999877929688,86.51000213623047,88.12000274658203,354014
2024-05-01 10:30:00-04:00,87.55999755859375,87.95999908447266,87.08000183105469,87.33000183105469,241531
2024-05-01 11:30:00-04:00,87.56999969482422,87.83000183105469,86.82099914550781,87.56500244140625,179332
2024-05-01 12:30:00-04:00,87.56999969482422,87.58999633789062,87.05000305175781,87.56999969482422,142644
2024-05-01 13:30:00-04:00,88.9800033569336,89.0,87.4800033569336,87.54000091552734,244943
2024-05-01 14:30:00-04:00,89.7300033569336,90.81999969482422,87.9000015258789,88.93000030517578,550926
2024-05-01 15:30:00-04:00,88.02999877929688,89.68000030517578,87.9800033569336,89.63999938964844,799099
2024-05-02 09:30:00-04:00,87.19000244140625,89.5,85.31999969482422,89.43000030517578,928045
2024-05-02 10:30:00-04:00,87.91999816894531,88.47000122070312,86.80999755859375,87.19000244140625,721254
2024-05-02 11:30:00-04:00,87.7750015258789,88.04000091552734,87.29000091552734,87.88359832763672,475135
2024-05-02 12:30:00-04:00,88.06999969482422,88.11000061035156,87.31999969482422,87.7300033569336,581469
2024-05-02 13:30:00-04:00,88.09500122070312,88.19999694824219,87.52999877929688,88.07499694824219,703116
2024-05-02 14:30:00-04:00,88.31999969482422,88.73999786376953,88.04000091552734,88.04000091552734,833063
2024-05-02 15:30:00-04:00,88.94000244140625,89.16000366210938,88.11000061035156,88.31999969482422,1429565
2024-05-03 09:30:00-04:00,74.05000305175781,78.91999816894531,73.55000305175781,78.2300033569336,7575166
2024-05-03 10:30:00-04:00,73.98999786376953,74.94999694824219,73.11000061035156,74.06999969482422,2404473
2024-05-03 11:30:00-04:00,73.25,74.20999908447266,72.8499984741211,74.01000213623047,1859373
2024-05-03 12:30:00-04:00,72.99009704589844,73.27999877929688,72.68000030517578,73.20999908447266,1512313
2024-05-03 13:30:00-04:00,74.12000274658203,74.25,72.77999877929688,73.02420043945312,1454018
2024-05-03 14:30:00-04:00,73.9000015258789,74.19000244140625,73.45999908447266,74.125,1390874
2024-05-03 15:30:00-04:00,74.4000015258789,74.43000030517578,73.76000213623047,73.9000015258789,1938384
2024-05-06 09:30:00-04:00,75.70999908447266,75.9000015258789,74.16999816894531,74.69999694824219,1765224
2024-05-06 10:30:00-04:00,75.0250015258789,75.88999938964844,74.80000305175781,75.70500183105469,936178
2024-05-06 11:30:00-04:00,74.33999633789062,75.08000183105469,74.11029815673828,75.01000213623047,819697
2024-05-06 12:30:00-04:00,74.31999969482422,74.55999755859375,73.86000061035156,74.33000183105469,569198
2024-05-06 13:30:00-04:00,74.51000213623047,74.62000274658203,74.2699966430664,74.31999969482422,433489
2024-05-06 14:30:00-04:00,74.31999969482422,74.69000244140625,74.31999969482422,74.51000213623047,516583
2024-05-06 15:30:00-04:00,74.30000305175781,74.38999938964844,73.83999633789062,74.30999755859375,1036586
2024-05-07 09:30:00-04:00,74.30999755859375,75.08999633789062,73.01000213623047,74.24649810791016,1085416
2024-05-07 10:30:00-04:00,74.63500213623047,75.0199966430664,73.94000244140625,74.29000091552734,626206
2024-05-07 11:30:00-04:00,74.29000091552734,74.61499786376953,74.2300033569336,74.58999633789062,302056
2024-05-07 12:30:00-04:00,73.8499984741211,74.31999969482422,73.7300033569336,74.2699966430664,330776
2024-05-07 13:30:00-04:00,73.91999816894531,74.13999938964844,73.62000274658203,73.81999969482422,331583
2024-05-07 14:30:00-04:00,73.90499877929688,74.08989715576172,73.62999725341797,73.91999816894531,479905
2024-05-07 15:30:00-04:00,74.13999938964844,74.37999725341797,73.80000305175781,73.91999816894531,626160
2024-05-08 09:30:00-04:00,72.5,73.75,72.30999755859375,73.33999633789062,807472
2024-05-08 10:30:00-04:00,72.41500091552734,72.86000061035156,72.20999908447266,72.5,415099
2024-05-08 11:30:00-04:00,72.58000183105469,72.69999694824219,72.30999755859375,72.38999938964844,279658
2024-05-08 12:30:00-04:00,72.25,72.66999816894531,72.23999786376953,72.5999984741211,237061
2024-05-08 13:30:00-04:00,72.26499938964844,72.43000030517578,72.16940307617188,72.2300033569336,255999
2024-05-08 14:30:00-04:00,72.36000061035156,72.55999755859375,72.08000183105469,72.27999877929688,354227
2024-05-08 15:30:00-04:00,72.41999816894531,72.5999984741211,72.22000122070312,72.3499984741211,604050
2024-05-09 09:30:00-04:00,73.69000244140625,73.87999725341797,72.4000015258789,72.52999877929688,554548
2024-05-09 10:30:00-04:00,74.19999694824219,74.29000091552734,73.57099914550781,73.73999786376953,419354
2024-05-09 11:30:00-04:00,73.93499755859375,74.26000213623047,73.71659851074219,74.2300033569336,229749
2024-05-09 12:30:00-04:00,73.73780059814453,74.06999969482422,73.70999908447266,73.91999816894531,157935
2024-05-09 13:30:00-04:00,73.55000305175781,73.86599731445312,73.44000244140625,73.73500061035156,201955
2024-05-09 14:30:00-04:00,73.47000122070312,73.83989715576172,73.44999694824219,73.5562973022461,251222
2024-05-09 15:30:00-04:00,73.33999633789062,73.68000030517578,73.33000183105469,73.47000122070312,398867
2024-05-10 09:30:00-04:00,72.58000183105469,73.77999877929688,72.55000305175781,73.68000030517578,425405
2024-05-10 10:30:00-04:00,72.29000091552734,72.6500015258789,72.11000061035156,72.61000061035156,402224
2024-05-10 11:30:00-04:00,72.25499725341797,72.33999633789062,72.0,72.30999755859375,337688
2024-05-10 12:30:00-04:00,72.23999786376953,72.53500366210938,72.1500015258789,72.25,179120
2024-05-10 13:30:00-04:00,72.05999755859375,72.30999755859375,71.95999908447266,72.23999786376953,341113
2024-05-10 14:30:00-04:00,72.0,72.05000305175781,71.77999877929688,72.05000305175781,297769
2024-05-10 15:30:00-04:00,71.88999938964844,72.05000305175781,71.7699966430664,72.01000213623047,596632
2024-05-13 09:30:00-04:00,73.23999786376953,73.25,71.93000030517578,72.23999786376953,538140
2024-05-13 10:30:00-04:00,73.33999633789062,73.58000183105469,72.91999816894531,73.22000122070312,364708
2024-05-13 11:30:00-04:00,73.21499633789062,73.47989654541016,73.08000183105469,73.20999908447266,242375
2024-05-13 12:30:00-04:00,73.3499984741211,73.38999938964844,72.94499969482422,73.25,208288
2024-05-13 13:30:00-04:00,73.30999755859375,73.37999725341797,73.0999984741211,73.36000061035156,139397
2024-05-13 14:30:00-04:00,73.5,73.58999633789062,73.20999908447266,73.27999877929688,207432
2024-05-13 15:30:00-04:00,73.52999877929688,73.6500015258789,73.33999633789062,73.51000213623047,402237
2024-05-14 09:30:00-04:00,73.69000244140625,74.31909942626953,73.52999877929688,73.61000061035156,316765
2024-05-14 10:30:00-04:00,73.63999938964844,73.7699966430664,73.04000091552734,73.72000122070312,270673
2024-05-14 11:30:00-04:00,73.05999755859375,73.62809753417969,72.94999694824219,73.60530090332031,307923
2024-05-14 12:30:00-04:00,73.05999755859375,73.30000305175781,72.94000244140625,73.04000091552734,263606
2024-05-14 13:30:00-04:00,73.18000030517578,73.31500244140625,73.08000183105469,73.08000183105469,132246
2024-05-14 14:30:00-04:00,73.37999725341797,73.41000366210938,73.0999984741211,73.18499755859375,139042
2024-05-14 15:30:00-04:00,73.3499984741211,73.4800033569336,73.30999755859375,73.37999725341797,299086
2024-05-15 09:30:00-04:00,74.33000183105469,74.80000305175781,74.01000213623047,74.52999877929688,629264
2024-05-15 10:30:00-04:00,74.30000305175781,74.58999633789062,74.05000305175781,74.33000183105469,435670
2024-05-15 11:30:00-04:00,74.5199966430664,74.62000274658203,74.24500274658203,74.29000091552734,242527
2024-05-15 12:30:00-04:00,74.72000122070312,74.81999969482422,74.42500305175781,74.53500366210938,173686
2024-05-15 13:30:00-04:00,74.3550033569336,74.72000122070312,74.31600189208984,74.72000122070312,260086
2024-05-15 14:30:00-04:00,74.36000061035156,74.52999877929688,74.22000122070312,74.33999633789062,323543
2024-05-15 15:30:00-04:00,74.2300033569336,74.4990005493164,74.22000122070312,74.33999633789062,409850
2024-05-16 09:30:00-04:00,74.55500030517578,74.56999969482422,73.47000122070312,74.25,786968
2024-05-16 10:30:00-04:00,75.37999725341797,75.43000030517578,74.51000213623047,74.55999755859375,352283
2024-05-16 11:30:00-04:00,75.4000015258789,75.56500244140625,75.2500991821289,75.41999816894531,276463
2024-05-16 12:30:00-04:00,75.73500061035156,76.16500091552734,75.30999755859375,75.38999938964844,389873
2024-05-16 13:30:00-04:00,75.70500183105469,75.80999755859375,75.5,75.73999786376953,172733
2024-05-16 14:30:00-04:00,75.79000091552734,75.98500061035156,75.55999755859375,75.69999694824219,290031
2024-05-16 15:30:00-04:00,75.13999938964844,75.80000305175781,75.13999938964844,75.80000305175781,458778
2024-05-17 09:30:00-04:00,76.19999694824219,76.20999908447266,74.72000122070312,74.9800033569336,557320
2024-05-17 10:30:00-04:00,75.85710144042969,76.25,75.55000305175781,76.22000122070312,317377
2024-05-17 11:30:00-04:00,75.47450256347656,75.87999725341797,75.30999755859375,75.86499786376953,234508
2024-05-17 12:30:00-04:00,75.44999694824219,75.5999984741211,75.3280029296875,75.49629974365234,178623
2024-05-17 13:30:00-04:00,74.91999816894531,75.44999694824219,74.61000061035156,75.44750213623047,252894
2024-05-17 14:30:00-04:00,75.19999694824219,75.26000213623047,74.83000183105469,74.87999725341797,270259
2024-05-17 15:30:00-04:00,75.20999908447266,75.37000274658203,75.07499694824219,75.19000244140625,430393
2024-05-20 09:30:00-04:00,74.76000213623047,75.22000122070312,74.12000274658203,75.0199966430664,354219
2024-05-20 10:30:00-04:00,75.12989807128906,75.13999938964844,74.58000183105469,74.79000091552734,161109
2024-05-20 11:30:00-04:00,74.9977035522461,75.29000091552734,74.86009979248047,75.0999984741211,127904
2024-05-20 12:30:00-04:00,75.1500015258789,75.62000274658203,74.97000122070312,74.97000122070312,318783
2024-05-20 13:30:00-04:00,74.95500183105469,75.31999969482422,74.7699966430664,75.1449966430664,139082
2024-05-20 14:30:00-04:00,75.4000015258789,75.4000015258789,74.97000122070312,74.97000122070312,147506
2024-05-20 15:30:00-04:00,75.62000274658203,75.62000274658203,75.20999908447266,75.4000015258789,452313
2024-05-21 09:30:00-04:00,75.05500030517578,75.12999725341797,73.9000015258789,74.62999725341797,301790
2024-05-21 10:30:00-04:00,75.0199966430664,75.25,74.87999725341797,75.05000305175781,129221
2024-05-21 11:30:00-04:00,75.16500091552734,75.25,74.97000122070312,75.01000213623047,99283
2024-05-21 12:30:00-04:00,74.68000030517578,75.1500015258789,74.58999633789062,75.13999938964844,174220
2024-05-21 13:30:00-04:00,74.46990203857422,74.87999725341797,74.3499984741211,74.69000244140625,142785
2024-05-21 14:30:00-04:00,74.43000030517578,74.5199966430664,74.33999633789062,74.47000122070312,160490
2024-05-21 15:30:00-04:00,74.35820007324219,74.51499938964844,74.20999908447266,74.43000030517578,464290
2024-05-22 09:30:00-04:00,74.66500091552734,74.92160034179688,73.55000305175781,74.44999694824219,485885
2024-05-22 10:30:00-04:00,74.87999725341797,74.94999694824219,74.26000213623047,74.63999938964844,225230
2024-05-22 11:30:00-04:00,75.5,75.69999694824219,74.81999969482422,74.88999938964844,334265
2024-05-22 12:30:00-04:00,75.16000366210938,75.51000213623047,75.06999969482422,75.51000213623047,106096
2024-05-22 13:30:00-04:00,74.33000183105469,75.1500015258789,74.33000183105469,75.1500015258789,145230
2024-05-22 14:30:00-04:00,74.69000244140625,74.7499008178711,74.20500183105469,74.33599853515625,109126
2024-05-22 15:30:00-04:00,75.0199966430664,75.08999633789062,74.55000305175781,74.70999908447266,314687
2024-05-23 09:30:00-04:00,75.16000366210938,76.34989929199219,75.02010345458984,76.04000091552734,664467
2024-05-23 10:30:00-04:00,74.91999816894531,75.19999694824219,74.30000305175781,75.19999694824219,216895
2024-05-23 11:30:00-04:00,75.06999969482422,75.23989868164062,74.69000244140625,74.91999816894531,175292
2024-05-23 12:30:00-04:00,74.625,75.1636962890625,74.45999908447266,75.08000183105469,165075
2024-05-23 13:30:00-04:00,73.7699966430664,74.61000061035156,73.69999694824219,74.61000061035156,223160
2024-05-23 14:30:00-04:00,73.69000244140625,73.80000305175781,73.5,73.75,210167
2024-05-23 15:30:00-04:00,73.58999633789062,73.79000091552734,73.47000122070312,73.66500091552734,455440
2024-05-24 09:30:00-04:00,73.57499694824219,73.9800033569336,72.7406997680664,73.52999877929688,321982
2024-05-24 10:30:00-04:00,74.12999725341797,74.29450225830078,73.4000015258789,73.57369995117188,257181
2024-05-24 11:30:00-04:00,74.11000061035156,74.23500061035156,73.73999786376953,74.12000274658203,200319
2024-05-24 12:30:00-04:00,73.97000122070312,74.20999908447266,73.80000305175781,74.0999984741211,128118
2024-05-24 13:30:00-04:00,73.88500213623047,74.08000183105469,73.87000274658203,73.97000122070312,139355
2024-05-24 14:30:00-04:00,74.06999969482422,74.20999908447266,73.87000274658203,73.91000366210938,206725
2024-05-24 15:30:00-04:00,74.19000244140625,74.2699966430664,74.05999755859375,74.05999755859375,332172
2024-05-28 09:30:00-04:00,73.54000091552734,74.69999694824219,73.18000030517578,74.44999694824219,533693
2024-05-28 10:30:00-04:00,74.16999816894531,74.2750015258789,73.5199966430664,73.5199966430664,329762
2024-05-28 11:30:00-04:00,73.87000274658203,74.36000061035156,73.73500061035156,74.19499969482422,226685
2024-05-28 12:30:00-04:00,73.80000305175781,73.8949966430664,73.44999694824219,73.86000061035156,202799
2024-05-28 13:30:00-04:00,73.52999877929688,73.94499969482422,73.52999877929688,73.7854995727539,204313
2024-05-28 14:30:00-04:00,73.61930084228516,73.69000244140625,73.25,73.54000091552734,228578
2024-05-28 15:30:00-04:00,73.8499984741211,73.9749984741211,73.61000061035156,73.62999725341797,390247
2024-05-29 09:30:00-04:00,74.05999755859375,74.11499786376953,72.54000091552734,72.95500183105469,524766
2024-05-29 10:30:00-04:00,74.37999725341797,74.61000061035156,74.03500366210938,74.05000305175781,332690
2024-05-29 11:30:00-04:00,74.69000244140625,74.79000091552734,74.29000091552734,74.375,238390
2024-05-29 12:30:00-04:00,74.25,74.76000213623047,73.83000183105469,74.69000244140625,254474
2024-05-29 13:30:00-04:00,74.38520050048828,74.69000244140625,74.08000183105469,74.24500274658203,213525
2024-05-29 14:30:00-04:00,75.30000305175781,75.3499984741211,74.32499694824219,74.4000015258789,355210
2024-05-29 15:30:00-04:00,75.2300033569336,75.9000015258789,74.97000122070312,75.30000305175781,772967
2024-05-30 09:30:00-04:00,70.66999816894531,74.48999786376953,69.77999877929688,74.25,1602007
2024-05-30 10:30:00-04:00,70.94000244140625,71.31999969482422,70.25,70.66000366210938,1096442
2024-05-30 11:30:00-04:00,69.76000213623047,70.92500305175781,69.4000015258789,70.92500305175781,1100267
2024-05-30 12:30:00-04:00,69.38999938964844,69.79989624023438,69.25,69.79989624023438,740709
2024-05-30 13:30:00-04:00,69.24500274658203,69.56999969482422,68.87999725341797,69.38999938964844,714524
2024-05-30 14:30:00-04:00,67.38999938964844,69.30000305175781,67.3499984741211,69.22660064697266,1369846
2024-05-30 15:30:00-04:00,67.95999908447266,68.16999816894531,67.0999984741211,67.4000015258789,1648801
2024-05-31 09:30:00-04:00,67.26000213623047,68.85469818115234,67.25,68.48999786376953,1026536
2024-05-31 10:30:00-04:00,67.03500366210938,67.5199966430664,66.87000274658203,67.23999786376953,600071
2024-05-31 11:30:00-04:00,66.5999984741211,67.43000030517578,66.37999725341797,67.02999877929688,427696
2024-05-31 12:30:00-04:00,67.02999877929688,67.08999633789062,66.51000213623047,66.5999984741211,412932
2024-05-31 13:30:00-04:00,66.87000274658203,67.06999969482422,66.69000244140625,67.03500366210938,394626
2024-05-31 14:30:00-04:00,66.94000244140625,67.26499938964844,66.80999755859375,66.87999725341797,471405
2024-05-31 15:30:00-04:00,67.69000244140625,67.7699966430664,66.75,66.93499755859375,824314
2024-06-03 09:30:00-04:00,67.36499786376953,68.7699966430664,67.0,68.55999755859375,553889
2024-06-03 10:30:00-04:00,67.05000305175781,67.5,66.69239807128906,67.36000061035156,375707
2024-06-03 11:30:00-04:00,66.37000274658203,67.2249984741211,66.37000274658203,67.08540344238281,389457
2024-06-03 12:30:00-04:00,66.875,66.875,66.23999786376953,66.36000061035156,243153
2024-06-03 13:30:00-04:00,67.0999984741211,67.2699966430664,66.80010223388672,66.87000274658203,231797
2024-06-03 14:30:00-04:00,67.19000244140625,67.26000213623047,66.9000015258789,67.11000061035156,305134
2024-06-03 15:30:00-04:00,67.41999816894531,67.5199966430664,67.0,67.20999908447266,545694
2024-06-04 09:30:00-04:00,68.1449966430664,68.25,67.01000213623047,67.11000061035156,645096
2024-06-04 10:30:00-04:00,67.62999725341797,68.31230163574219,67.44000244140625,68.12999725341797,342947
2024-06-04 11:30:00-04:00,67.79949951171875,67.87999725341797,67.47000122070312,67.625,320764
2024-06-04 12:30:00-04:00,67.93000030517578,67.98999786376953,67.61499786376953,67.79499816894531,244912
2024-06-04 13:30:00-04:00,68.58000183105469,68.5999984741211,67.80500030517578,67.94000244140625,423922
2024-06-04 14:30:00-04:00,68.2699966430664,68.62000274658203,68.0999984741211,68.5999984741211,556840
2024-06-04 15:30:00-04:00,68.0199966430664,68.30999755859375,67.8499984741211,68.2750015258789,656497
2024-06-05 09:30:00-04:00,68.69999694824219,69.23999786376953,68.16000366210938,69.0199966430664,710692
2024-06-05 10:30:00-04:00,68.4000015258789,68.87000274658203,68.4000015258789,68.73999786376953,283075
2024-06-05 11:30:00-04:00,68.91500091552734,69.06999969482422,68.4000015258789,68.44000244140625,273990
2024-06-05 12:30:00-04:00,69.44999694824219,69.55999755859375,68.86000061035156,68.9000015258789,295254
2024-06-05 13:30:00-04:00,69.11000061035156,69.66000366210938,69.06999969482422,69.45999908447266,284302
2024-06-05 14:30:00-04:00,69.2500991821289,69.58000183105469,68.90499877929688,69.12000274658203,1031630
2024-06-05 15:30:00-04:00,69.87999725341797,69.87999725341797,69.23999786376953,69.25,902500
2024-06-06 09:30:00-04:00,71.0,71.27999877929688,69.81999969482422,69.81999969482422,488360
2024-06-06 10:30:00-04:00,70.91000366210938,71.19999694824219,70.66000366210938,70.98999786376953,346896
2024-06-06 11:30:00-04:00,70.93000030517578,71.0199966430664,70.70999908447266,70.92500305175781,143825
2024-06-06 12:30:00-04:00,71.30999755859375,71.33799743652344,70.73999786376953,70.94999694824219,160345
2024-06-06 13:30:00-04:00,71.16000366210938,71.52999877929688,71.12000274658203,71.30500030517578,167575
2024-06-06 14:30:00-04:00,71.28500366210938,71.41999816894531,71.02999877929688,71.16500091552734,193189
2024-06-06 15:30:00-04:00,71.2699966430664,71.43000030517578,71.0199966430664,71.2699966430664,585565
2024-06-07 09:30:00-04:00,70.87999725341797,70.9800033569336,70.19000244140625,70.6500015258789,365950
2024-06-07 10:30:00-04:00,70.95279693603516,71.16000366210938,70.6500015258789,70.87999725341797,279964
2024-06-07 11:30:00-04:00,71.11499786376953,71.30000305175781,70.95999908447266,70.95999908447266,139733
2024-06-07 12:30:00-04:00,70.88999938964844,71.18329620361328,70.76000213623047,71.13999938964844,133860
2024-06-07 13:30:00-04:00,70.8499984741211,71.08000183105469,70.58999633789062,70.91000366210938,190489
2024-06-07 14:30:00-04:00,70.79000091552734,70.9800033569336,70.63999938964844,70.8499984741211,225603
2024-06-07 15:30:00-04:00,70.7300033569336,70.8499984741211,70.55999755859375,70.77999877929688,420523
2024-06-10 09:30:00-04:00,71.0999984741211,71.47000122070312,70.37000274658203,70.52999877929688,488473
2024-06-10 10:30:00-04:00,71.06500244140625,71.30000305175781,70.90039825439453,71.12999725341797,269477
2024-06-10 11:30:00-04:00,71.12000274658203,71.25,70.87999725341797,71.08999633789062,297654
2024-06-10 12:30:00-04:00,70.97000122070312,71.12999725341797,70.55500030517578,71.12000274658203,358727
2024-06-10 13:30:00-04:00,71.55000305175781,71.5999984741211,70.93000030517578,70.97000122070312,211980
2024-06-10 14:30:00-04:00,72.08000183105469,72.12000274658203,71.52999877929688,71.54000091552734,272415
2024-06-10 15:30:00-04:00,71.72000122070312,72.1449966430664,71.62999725341797,72.08000183105469,501770
2024-06-11 09:30:00-04:00,71.06999969482422,72.19999694824219,70.87999725341797,71.66999816894531,484247
2024-06-11 10:30:00-04:00,72.05000305175781,72.09989929199219,71.06009674072266,71.06999969482422,396120
2024-06-11 11:30:00-04:00,72.02999877929688,72.16500091552734,71.80000305175781,72.04499816894531,289716
2024-06-11 12:30:00-04:00,72.23930358886719,72.30000305175781,71.9749984741211,72.02999877929688,163358
2024-06-11 13:30:00-04:00,72.55000305175781,72.58499908447266,72.12000274658203,72.2300033569336,204242
2024-06-11 14:30:00-04:00,72.86499786376953,72.9000015258789,72.38999938964844,72.55999755859375,474192
2024-06-11 15:30:00-04:00,72.61000061035156,72.9800033569336,72.5,72.86000061035156,682290
2024-06-12 09:30:00-04:00,74.55000305175781,75.17990112304688,73.63999938964844,74.26000213623047,736988
2024-06-12 10:30:00-04:00,74.94999694824219,74.9800033569336,74.27999877929688,74.54810333251953,410042
2024-06-12 11:30:00-04:00,75.20999908447266,75.41000366210938,74.83999633789062,74.94999694824219,357308
2024-06-12 12:30:00-04:00,75.47989654541016,75.58999633789062,75.08000183105469,75.21499633789062,303876
2024-06-12 13:30:00-04:00,75.7699966430664,75.83999633789062,75.16000366210938,75.45999908447266,300060
2024-06-12 14:30:00-04:00,74.93000030517578,75.88500213623047,74.87999725341797,75.81990051269531,553961
2024-06-12 15:30:00-04:00,75.41000366210938,75.4800033569336,74.68000030517578,74.93499755859375,990176
2024-06-13 09:30:00-04:00,74.76499938964844,76.55999755859375,74.67500305175781,76.04000091552734,668263
2024-06-13 10:30:00-04:00,74.37999725341797,74.8499984741211,74.25,74.76000213623047,265560
2024-06-13 11:30:00-04:00,74.02359771728516,74.6500015258789,73.97000122070312,74.4000015258789,323033
2024-06-13 12:30:00-04:00,74.37000274658203,74.48999786376953,73.97000122070312,74.010498046875,213662
2024-06-13 13:30:00-04:00,74.2300033569336,74.58000183105469,74.19999694824219,74.37000274658203,198264
2024-06-13 14:30:00-04:00,73.91000366210938,74.25,73.9000015258789,74.22000122070312,311215
2024-06-13 15:30:00-04:00,73.5,74.01000213623047,73.5,73.91000366210938,646132
2024-06-14 09:30:00-04:00,74.0199966430664,75.08740234375,73.61000061035156,73.66000366210938,512796
2024-06-14 10:30:00-04:00,74.41000366210938,74.55000305175781,73.61000061035156,74.01000213623047,184870
2024-06-14 11:30:00-04:00,74.93499755859375,75.08499908447266,74.41500091552734,74.45999908447266,197593
2024-06-14 12:30:00-04:00,75.56500244140625,75.69000244140625,74.7300033569336,74.94999694824219,221965
2024-06-14 13:30:00-04:00,75.56999969482422,75.81999969482422,75.2699966430664,75.55999755859375,225811
2024-06-14 14:30:00-04:00,75.4000015258789,75.6500015258789,75.37999725341797,75.58000183105469,277278
2024-06-14 15:30:00-04:00,75.61000061035156,75.62999725341797,75.01499938964844,75.38999938964844,645033
2024-06-17 09:30:00-04:00,75.87999725341797,77.4000015258789,75.0199966430664,77.02999877929688,1111564
2024-06-17 10:30:00-04:00,75.6449966430664,76.1500015258789,75.4800033569336,75.93000030517578,234168
2024-06-17 11:30:00-04:00,76.19999694824219,76.25,75.58999633789062,75.6449966430664,229257
2024-06-17 12:30:00-04:00,76.63269805908203,76.95999908447266,76.07499694824219,76.19999694824219,356235
2024-06-17 13:30:00-04:00,77.168701171875,77.25,76.54000091552734,76.66000366210938,281452
2024-06-17 14:30:00-04:00,77.44000244140625,77.48500061035156,77.1500015258789,77.17500305175781,324333
2024-06-17 15:30:00-04:00,77.6500015258789,77.94000244140625,77.27999877929688,77.41999816894531,926552
2024-06-18 09:30:00-04:00,78.1449966430664,78.25499725341797,77.02999877929688,77.37000274658203,394307
2024-06-18 10:30:00-04:00,78.07510375976562,78.55999755859375,77.95999908447266,78.12000274658203,325145
2024-06-18 11:30:00-04:00,78.66500091552734,78.6875,77.98999786376953,78.0999984741211,276344
2024-06-18 12:30:00-04:00,78.58499908447266,78.87000274658203,78.47000122070312,78.66999816894531,381647
2024-06-18 13:30:00-04:00,79.18779754638672,79.27999877929688,78.56999969482422,78.58499908447266,406898
2024-06-18 14:30:00-04:00,79.71499633789062,79.81999969482422,79.08999633789062,79.18000030517578,503361
2024-06-18 15:30:00-04:00,79.11000061035156,79.88999938964844,79.08000183105469,79.72000122070312,1086427
2024-06-20 09:30:00-04:00,79.5999984741211,80.09750366210938,77.61009979248047,80.0,822250
2024-06-20 10:30:00-04:00,79.33000183105469,79.68000030517578,79.18000030517578,79.5,288255
2024-06-20 11:30:00-04:00,78.41000366210938,79.33000183105469,78.38999938964844,79.33000183105469,404732
2024-06-20 12:30:00-04:00,78.45999908447266,78.63999938964844,77.91500091552734,78.38999938964844,322978
2024-06-20 13:30:00-04:00,78.07640075683594,78.55000305175781,77.55999755859375,78.5,460645
2024-06-20 14:30:00-04:00,77.97000122070312,78.11000061035156,77.47000122070312,78.08000183105469,445539
2024-06-20 15:30:00-04:00,78.44999694824219,78.5,77.80000305175781,77.94999694824219,921809
2024-06-21 09:30:00-04:00,76.125,77.22039794921875,75.81999969482422,76.95999908447266,757665
2024-06-21 10:30:00-04:00,76.61499786376953,76.86499786376953,75.9749984741211,76.125,335910
2024-06-21 11:30:00-04:00,77.02999877929688,77.0999984741211,76.38999938964844,76.58999633789062,227121
2024-06-21 12:30:00-04:00,76.7699966430664,77.23999786376953,76.7699966430664,77.0199966430664,193083
2024-06-21 13:30:00-04:00,77.19999694824219,77.2300033569336,76.76010131835938,76.76010131835938,183651
2024-06-21 14:30:00-04:00,77.56500244140625,77.5999984741211,77.12000274658203,77.19999694824219,269724
2024-06-21 15:30:00-04:00,77.9000015258789,78.20999908447266,77.49500274658203,77.56999969482422,853657
2024-06-24 09:30:00-04:00,78.30999755859375,78.94000244140625,77.0999984741211,77.43000030517578,585228
2024-06-24 10:30:00-04:00,78.7300033569336,78.79000091552734,78.33999633789062,78.3499984741211,482490
2024-06-24 11:30:00-04:00,78.62999725341797,78.93000030517578,78.47000122070312,78.76000213623047,190304
2024-06-24 12:30:00-04:00,78.18000030517578,78.66999816894531,78.09500122070312,78.61499786376953,198146
2024-06-24 13:30:00-04:00,78.0999984741211,78.22000122070312,77.80999755859375,78.12999725341797,196387
2024-06-24 14:30:00-04:00,78.68000030517578,78.76000213623047,78.02799987792969,78.0739974975586,233107
2024-06-24 15:30:00-04:00,78.58000183105469,78.82499694824219,78.43000030517578,78.69000244140625,441585
2024-06-25 09:30:00-04:00,79.4800033569336,80.63999938964844,78.91999816894531,80.58000183105469,654627
2024-06-25 10:30:00-04:00,80.0199966430664,80.02999877929688,79.38999938964844,79.4800033569336,324781
2024-06-25 11:30:00-04:00,79.8499984741211,80.65019989013672,79.72000122070312,79.9800033569336,446959
2024-06-25 12:30:00-04:00,79.29000091552734,80.0,79.1500015258789,79.86000061035156,353206
2024-06-25 13:30:00-04:00,79.91000366210938,80.05999755859375,79.19000244140625,79.29000091552734,360899
2024-06-25 14:30:00-04:00,80.27999877929688,80.30000305175781,79.6500015258789,79.88999938964844,363253
2024-06-25 15:30:00-04:00,80.68000030517578,80.83999633789062,80.19999694824219,80.2699966430664,832962
2024-06-26 09:30:00-04:00,80.37999725341797,81.0999984741211,79.54000091552734,80.5,291709
2024-06-26 10:30:00-04:00,80.16929626464844,80.54000091552734,79.9800033569336,80.44000244140625,176275
2024-06-26 11:30:00-04:00,79.68000030517578,80.38800048828125,79.68000030517578,80.17500305175781,170918
2024-06-26 12:30:00-04:00,79.48999786376953,79.87999725341797,79.38999938964844,79.66999816894531,221905
2024-06-26 13:30:00-04:00,79.77999877929688,79.80999755859375,79.33499908447266,79.49500274658203,157811
2024-06-26 14:30:00-04:00,79.70500183105469,80.00499725341797,79.66000366210938,79.79000091552734,156995
2024-06-26 15:30:00-04:00,79.2699966430664,79.69000244140625,79.2699966430664,79.69000244140625,447143
2024-06-27 09:30:00-04:00,80.61000061035156,80.83999633789062,79.05000305175781,79.25,329204
2024-06-27 10:30:00-04:00,81.08000183105469,81.31999969482422,80.55000305175781,80.58000183105469,504923
2024-06-27 11:30:00-04:00,81.93000030517578,82.12999725341797,80.7699966430664,81.05000305175781,304096
2024-06-27 12:30:00-04:00,82.06999969482422,82.31999969482422,81.85009765625,81.91999816894531,291208
2024-06-27 13:30:00-04:00,81.9000015258789,82.36199951171875,81.76000213623047,82.06999969482422,274967
2024-06-27 14:30:00-04:00,82.0,82.08000183105469,81.69000244140625,81.87999725341797,237184
2024-06-27 15:30:00-04:00,81.79000091552734,82.0999984741211,81.73999786376953,82.00789642333984,576890
2024-06-28 09:30:00-04:00,83.48999786376953,83.70999908447266,81.80000305175781,82.01000213623047,539874
2024-06-28 10:30:00-04:00,83.69499969482422,84.0,83.25,83.5,323808
2024-06-28 11:30:00-04:00,83.19000244140625,84.22000122070312,83.01000213623047,83.70999908447266,284751
2024-06-28 12:30:00-04:00,83.27999877929688,83.48999786376953,82.7300033569336,83.18000030517578,172121
2024-06-28 13:30:00-04:00,83.36000061035156,83.69000244140625,83.125,83.25019836425781,149827
2024-06-28 14:30:00-04:00,83.29000091552734,83.48999786376953,83.19999694824219,83.33000183105469,214700
2024-06-28 15:30:00-04:00,82.83000183105469,83.48999786376953,82.80999755859375,83.27999877929688,489327
2024-07-01 09:30:00-04:00,82.22000122070312,83.04000091552734,81.19000244140625,82.6500015258789,494789
2024-07-01 10:30:00-04:00,82.85990142822266,83.06500244140625,82.0,82.29000091552734,207876
2024-07-01 11:30:00-04:00,83.20999908447266,83.20999908447266,82.62000274658203,82.80000305175781,155335
2024-07-01 12:30:00-04:00,83.56999969482422,83.58999633789062,83.12000274658203,83.19000244140625,151710
2024-07-01 13:30:00-04:00,83.37999725341797,83.57499694824219,83.15010070800781,83.56999969482422,142490
2024-07-01 14:30:00-04:00,83.91000366210938,83.94000244140625,83.31999969482422,83.37000274658203,231352
2024-07-01 15:30:00-04:00,83.94000244140625,84.12999725341797,83.79499816894531,83.91000366210938,331924
2024-07-02 09:30:00-04:00,83.87999725341797,85.12999725341797,83.5,83.87999725341797,385140
2024-07-02 10:30:00-04:00,84.02999877929688,84.3550033569336,83.72000122070312,83.94000244140625,165638
2024-07-02 11:30:00-04:00,84.19000244140625,84.44000244140625,83.93000030517578,84.05000305175781,131245
2024-07-02 12:30:00-04:00,84.47000122070312,84.5999984741211,84.08000183105469,84.17009735107422,125237
2024-07-02 13:30:00-04:00,84.97000122070312,85.12999725341797,84.47000122070312,84.4845962524414,321943
2024-07-02 14:30:00-04:00,84.98500061035156,85.18000030517578,84.55999755859375,84.97000122070312,290139
2024-07-02 15:30:00-04:00,85.05999755859375,85.1500015258789,84.69999694824219,84.9800033569336,554592
2024-07-03 09:30:00-04:00,85.1500015258789,85.61000061035156,84.83000183105469,85.37999725341797,285175
2024-07-03 10:30:00-04:00,84.94000244140625,85.2699966430664,84.81999969482422,85.16000366210938,228597
2024-07-03 11:30:00-04:00,84.97000122070312,84.9800033569336,84.52999877929688,84.94000244140625,287928
2024-07-05 09:30:00-04:00,85.66999816894531,85.98999786376953,84.55000305175781,84.69000244140625,324509
2024-07-05 10:30:00-04:00,86.45999908447266,86.52999877929688,85.4800033569336,85.66000366210938,279929
2024-07-05 11:30:00-04:00,86.7300033569336,86.95999908447266,86.41000366210938,86.46499633789062,269111
2024-07-05 12:30:00-04:00,86.5199966430664,86.91999816894531,86.47000122070312,86.75,159358
2024-07-05 13:30:00-04:00,86.36000061035156,86.73999786376953,86.33000183105469,86.5250015258789,123095
2024-07-05 14:30:00-04:00,87.06999969482422,87.08999633789062,86.33999633789062,86.33999633789062,242014
2024-07-05 15:30:00-04:00,86.93000030517578,87.18000030517578,86.91000366210938,87.05000305175781,437243
2024-07-08 09:30:00-04:00,85.44000244140625,86.86499786376953,84.52999877929688,86.26000213623047,529143
2024-07-08 10:30:00-04:00,85.27999877929688,85.63999938964844,84.84200286865234,85.44499969482422,334519
2024-07-08 11:30:00-04:00,85.00150299072266,85.75,84.8290023803711,85.31999969482422,236469
2024-07-08 12:30:00-04:00,85.37999725341797,85.55999755859375,85.0,85.0,133423
2024-07-08 13:30:00-04:00,85.23500061035156,85.5,85.16999816894531,85.3949966430664,200431
2024-07-08 14:30:00-04:00,85.36000061035156,85.44000244140625,84.9000015258789,85.19100189208984,200811
2024-07-08 15:30:00-04:00,84.91000366210938,85.43000030517578,84.88999938964844,85.36000061035156,650133
2024-07-09 09:30:00-04:00,83.16999816894531,85.20500183105469,82.8948974609375,84.87999725341797,518777
2024-07-09 10:30:00-04:00,82.2699966430664,83.12999725341797,81.94000244140625,83.12999725341797,546039
2024-07-09 11:30:00-04:00,82.46499633789062,82.8499984741211,82.11000061035156,82.21499633789062,256370
2024-07-09 12:30:00-04:00,82.12999725341797,82.4800033569336,82.05999755859375,82.44999694824219,211302
2024-07-09 13:30:00-04:00,82.48999786376953,82.52999877929688,82.05999755859375,82.12999725341797,215120
2024-07-09 14:30:00-04:00,82.94730377197266,83.12000274658203,82.41999816894531,82.5,273779
2024-07-09 15:30:00-04:00,82.62000274658203,83.18000030517578,82.52999877929688,82.94000244140625,764759
2024-07-10 09:30:00-04:00,80.41000366210938,82.9000015258789,80.18000030517578,82.9000015258789,671954
2024-07-10 10:30:00-04:00,80.42500305175781,80.4800033569336,79.9000015258789,80.37000274658203,367181
2024-07-10 11:30:00-04:00,81.01000213623047,81.21499633789062,80.43000030517578,80.43000030517578,324132
2024-07-10 12:30:00-04:00,81.33999633789062,81.55999755859375,80.91999816894531,81.0199966430664,233642
2024-07-10 13:30:00-04:00,81.5000991821289,81.94999694824219,81.35009765625,81.40499877929688,226009
2024-07-10 14:30:00-04:00,81.58000183105469,81.80500030517578,81.54000091552734,81.54000091552734,211531
2024-07-10 15:30:00-04:00,82.36000061035156,82.41000366210938,81.56999969482422,81.58499908447266,468108
2024-07-11 09:30:00-04:00,83.10600280761719,84.5,82.72000122070312,83.86000061035156,409750
2024-07-11 10:30:00-04:00,82.19999694824219,83.58000183105469,82.19999694824219,83.13500213623047,260750
2024-07-11 11:30:00-04:00,82.66000366210938,82.73999786376953,81.87000274658203,82.18000030517578,187230
2024-07-11 12:30:00-04:00,82.66000366210938,82.95999908447266,82.22979736328125,82.69000244140625,122962
2024-07-11 13:30:00-04:00,82.29000091552734,82.66000366210938,82.0199966430664,82.63999938964844,108285
2024-07-11 14:30:00-04:00,82.02999877929688,82.61000061035156,82.0199966430664,82.31999969482422,141978
2024-07-11 15:30:00-04:00,82.02999877929688,82.30000305175781,81.97000122070312,82.07499694824219,377794
2024-07-12 09:30:00-04:00,82.62000274658203,82.9800033569336,81.26010131835938,81.69000244140625,216560
2024-07-12 10:30:00-04:00,82.44000244140625,82.91380310058594,82.07499694824219,82.62000274658203,112905
2024-07-12 11:30:00-04:00,82.00299835205078,82.58000183105469,81.95040130615234,82.45999908447266,159683
2024-07-12 12:30:00-04:00,82.5,82.5,81.94000244140625,82.05000305175781,88527
2024-07-12 13:30:00-04:00,82.54000091552734,82.76000213623047,82.45999908447266,82.52980041503906,115238
2024-07-12 14:30:00-04:00,82.69000244140625,82.98999786376953,82.48999786376953,82.54000091552734,134460
2024-07-12 15:30:00-04:00,82.2229995727539,82.69999694824219,82.16999816894531,82.68000030517578,269989
2024-07-15 09:30:00-04:00,84.23999786376953,84.23999786376953,81.63500213623047,82.44999694824219,656891
2024-07-15 10:30:00-04:00,84.05999755859375,84.66000366210938,83.95999908447266,84.19499969482422,368859
2024-07-15 11:30:00-04:00,84.1050033569336,84.31500244140625,83.88999938964844,84.05999755859375,229159
2024-07-15 12:30:00-04:00,83.58999633789062,84.11000061035156,83.30000305175781,84.11000061035156,202542
2024-07-15 13:30:00-04:00,83.55000305175781,83.62000274658203,83.12000274658203,83.56999969482422,114325
2024-07-15 14:30:00-04:00,83.49500274658203,83.63999938964844,83.27999877929688,83.56999969482422,162894
2024-07-15 15:30:00-04:00,83.41000366210938,83.66000366210938,82.87000274658203,83.51000213623047,444852
2024-07-16 09:30:00-04:00,82.9000015258789,84.69000244140625,82.72000122070312,83.77999877929688,292317
2024-07-16 10:30:00-04:00,83.55000305175781,83.6500015258789,82.78500366210938,82.83000183105469,288947
2024-07-16 11:30:00-04:00,83.13999938964844,83.62000274658203,82.81999969482422,83.55000305175781,260366
2024-07-16 12:30:00-04:00,83.36499786376953,83.45500183105469,82.91000366210938,83.1500015258789,158866
2024-07-16 13:30:00-04:00,83.5199966430664,83.61499786376953,83.26000213623047,83.3499984741211,130899
2024-07-16 14:30:00-04:00,83.54000091552734,83.80000305175781,83.4000015258789,83.5,248567
2024-07-16 15:30:00-04:00,83.97000122070312,83.97000122070312,83.55500030517578,83.55500030517578,315098
2024-07-17 09:30:00-04:00,80.58999633789062,82.66000366210938,80.5199966430664,82.30000305175781,390337
2024-07-17 10:30:00-04:00,80.23500061035156,80.83999633789062,80.12000274658203,80.55999755859375,456162
2024-07-17 11:30:00-04:00,79.9000015258789,80.3499984741211,79.76000213623047,80.20999908447266,431434
2024-07-17 12:30:00-04:00,79.57499694824219,80.05999755859375,79.41000366210938,79.97000122070312,322583
2024-07-17 13:30:00-04:00,79.79000091552734,80.02999877929688,79.43000030517578,79.58999633789062,285100
2024-07-17 14:30:00-04:00,80.76000213623047,80.79000091552734,79.27999877929688,79.80999755859375,425285
2024-07-17 15:30:00-04:00,80.55999755859375,80.93000030517578,80.5199966430664,80.77999877929688,538103
2024-07-18 09:30:00-04:00,80.68000030517578,81.20999908447266,80.04000091552734,81.01000213623047,238318
2024-07-18 10:30:00-04:00,78.80999755859375,80.68000030517578,78.62000274658203,80.68000030517578,682809
2024-07-18 11:30:00-04:00,78.16999816894531,78.98999786376953,78.0199966430664,78.7699966430664,471274
2024-07-18 12:30:00-04:00,79.19000244140625,79.43000030517578,78.04000091552734,78.1500015258789,385390
2024-07-18 13:30:00-04:00,78.48999786376953,79.31999969482422,78.26499938964844,79.20999908447266,244663
2024-07-18 14:30:00-04:00,78.08000183105469,78.5199966430664,77.68000030517578,78.44999694824219,382971
2024-07-18 15:30:00-04:00,78.5,78.68000030517578,78.01000213623047,78.08000183105469,511364
2024-07-19 09:30:00-04:00,78.58499908447266,79.66999816894531,78.4000015258789,78.79000091552734,419636
2024-07-19 10:30:00-04:00,78.58999633789062,79.12000274658203,78.47000122070312,78.58999633789062,157032
2024-07-19 11:30:00-04:00,79.0,79.30500030517578,78.37000274658203,78.56999969482422,186644
2024-07-19 12:30:00-04:00,78.68000030517578,79.05000305175781,78.45999908447266,79.0199966430664,130255
2024-07-19 13:30:00-04:00,78.62999725341797,79.01000213623047,78.59500122070312,78.66000366210938,144102
2024-07-19 14:30:00-04:00,78.96499633789062,79.03500366210938,78.19000244140625,78.58999633789062,208021
2024-07-19 15:30:00-04:00,78.68000030517578,78.97000122070312,78.45999908447266,78.93000030517578,406046
2024-07-22 09:30:00-04:00,78.13500213623047,79.58999633789062,77.72000122070312,79.37000274658203,345522
2024-07-22 10:30:00-04:00,78.0,78.94499969482422,77.87999725341797,78.13500213623047,248508
2024-07-22 11:30:00-04:00,78.62000274658203,78.62999725341797,77.72000122070312,77.97000122070312,133645
2024-07-22 12:30:00-04:00,78.7300033569336,79.0199966430664,78.55000305175781,78.61000061035156,124561
2024-07-22 13:30:00-04:00,79.08000183105469,79.30000305175781,78.67500305175781,78.7300033569336,117257
2024-07-22 14:30:00-04:00,78.95999908447266,79.19000244140625,78.80000305175781,79.07499694824219,131160
2024-07-22 15:30:00-04:00,78.66500091552734,79.05999755859375,78.61499786376953,78.95500183105469,303058
2024-07-23 09:30:00-04:00,81.08000183105469,81.80000305175781,79.20999908447266,81.12000274658203,571650
2024-07-23 10:30:00-04:00,83.06999969482422,83.41999816894531,80.9000015258789,81.11000061035156,900984
2024-07-23 11:30:00-04:00,82.05500030517578,83.41999816894531,82.0199966430664,83.04000091552734,447710
2024-07-23 12:30:00-04:00,81.37999725341797,82.1500015258789,81.20999908447266,82.01000213623047,258449
2024-07-23 13:30:00-04:00,81.38999938964844,81.62989807128906,81.2300033569336,81.37000274658203,161629
2024-07-23 14:30:00-04:00,81.27999877929688,81.55000305175781,81.19000244140625,81.41999816894531,169331
2024-07-23 15:30:00-04:00,80.97000122070312,81.22000122070312,80.62000274658203,81.22000122070312,479813
2024-07-24 09:30:00-04:00,79.75440216064453,80.25,79.1500015258789,79.5,264893
2024-07-24 10:30:00-04:00,78.20999908447266,79.7699966430664,77.94059753417969,79.69999694824219,324242
2024-07-24 11:30:00-04:00,77.11000061035156,78.45999908447266,76.97000122070312,78.22000122070312,358257
2024-07-24 12:30:00-04:00,77.2156982421875,77.41000366210938,76.73999786376953,77.125,431554
2024-07-24 13:30:00-04:00,76.83000183105469,77.45999908447266,76.81999969482422,77.19999694824219,257560
2024-07-24 14:30:00-04:00,76.18000030517578,76.83989715576172,76.12999725341797,76.83989715576172,363552
2024-07-24 15:30:00-04:00,76.0,76.47000122070312,75.58999633789062,76.18000030517578,757829
2024-07-25 09:30:00-04:00,76.45999908447266,77.05000305175781,74.78500366210938,75.81999969482422,636254
2024-07-25 10:30:00-04:00,77.30000305175781,77.72000122070312,76.27999877929688,76.37000274658203,263469
2024-07-25 11:30:00-04:00,78.70500183105469,78.83000183105469,77.22000122070312,77.3301010131836,245214
2024-07-25 12:30:00-04:00,78.36000061035156,79.58999633789062,78.25,78.69000244140625,211696
2024-07-25 13:30:00-04:00,79.05999755859375,79.1500015258789,78.22000122070312,78.37000274658203,169013
2024-07-25 14:30:00-04:00,79.1449966430664,79.26000213623047,78.56500244140625,79.04000091552734,343194
2024-07-25 15:30:00-04:00,78.05999755859375,79.1500015258789,77.80000305175781,79.12999725341797,399958
2024-07-26 09:30:00-04:00,78.06999969482422,79.2249984741211,77.69999694824219,79.08999633789062,233787
2024-07-26 10:30:00-04:00,77.76000213623047,78.11000061035156,77.22000122070312,78.0199966430664,238002
2024-07-26 11:30:00-04:00,78.13500213623047,78.47000122070312,77.69999694824219,77.74500274658203,195114
2024-07-26 12:30:00-04:00,78.44999694824219,78.47000122070312,78.05999755859375,78.1500015258789,130748
2024-07-26 13:30:00-04:00,78.05500030517578,78.44999694824219,77.87999725341797,78.44999694824219,162347
2024-07-26 14:30:00-04:00,78.36000061035156,78.43000030517578,77.73500061035156,78.08000183105469,177978
2024-07-26 15:30:00-04:00,78.06999969482422,78.45999908447266,77.94000244140625,78.3499984741211,396664
2024-07-29 09:30:00-04:00,77.94000244140625,78.96990203857422,77.58999633789062,78.61000061035156,371577
2024-07-29 10:30:00-04:00,77.54000091552734,78.19999694824219,77.18000030517578,77.93499755859375,229709
2024-07-29 11:30:00-04:00,78.11000061035156,78.23999786376953,77.16000366210938,77.49500274658203,124454
2024-07-29 12:30:00-04:00,77.375,78.12000274658203,77.375,78.06999969482422,134798
2024-07-29 13:30:00-04:00,77.38999938964844,77.56999969482422,77.23999786376953,77.33499908447266,157944
2024-07-29 14:30:00-04:00,77.80999755859375,77.80999755859375,77.19999694824219,77.3949966430664,190467
2024-07-29 15:30:00-04:00,77.37000274658203,77.98500061035156,77.30999755859375,77.79000091552734,412504
2024-07-30 09:30:00-04:00,77.38500213623047,78.5,76.93000030517578,77.2300033569336,280542
2024-07-30 10:30:00-04:00,76.55999755859375,77.36000061035156,75.8499984741211,77.34500122070312,210198
2024-07-30 11:30:00-04:00,76.24659729003906,76.58499908447266,75.9749984741211,76.55999755859375,167525
2024-07-30 12:30:00-04:00,75.9800033569336,76.5,75.55000305175781,76.23999786376953,178713
2024-07-30 13:30:00-04:00,76.26000213623047,76.56999969482422,75.95500183105469,75.98999786376953,223764
2024-07-30 14:30:00-04:00,76.05999755859375,76.43000030517578,75.8499984741211,76.2699966430664,215918
2024-07-30 15:30:00-04:00,76.05999755859375,76.37999725341797,75.80999755859375,76.08000183105469,544284
2024-07-31 09:30:00-04:00,77.36000061035156,78.08999633789062,76.5199966430664,77.33000183105469,438641
2024-07-31 10:30:00-04:00,77.86000061035156,77.95999908447266,77.0,77.37999725341797,291847
2024-07-31 11:30:00-04:00,77.68000030517578,78.20999908447266,77.62000274658203,77.86000061035156,201954
2024-07-31 12:30:00-04:00,77.66000366210938,77.94999694824219,77.57499694824219,77.71499633789062,143691
2024-07-31 13:30:00-04:00,77.16000366210938,77.69000244140625,77.08000183105469,77.68499755859375,233651
2024-07-31 14:30:00-04:00,77.19000244140625,78.20999908447266,77.08000183105469,77.1500015258789,294735
2024-07-31 15:30:00-04:00,77.4800033569336,77.7300033569336,77.0999984741211,77.22000122070312,487621
2024-08-01 09:30:00-04:00,77.0199966430664,78.80000305175781,76.54000091552734,77.16999816894531,621202
2024-08-01 10:30:00-04:00,76.09500122070312,77.47000122070312,75.86000061035156,77.01000213623047,629983
2024-08-01 11:30:00-04:00,75.83999633789062,76.19999694824219,75.13009643554688,76.05999755859375,380284
2024-08-01 12:30:00-04:00,74.83999633789062,75.81999969482422,74.68499755859375,75.81999969482422,400518
2024-08-01 13:30:00-04:00,74.54000091552734,75.06999969482422,74.27999877929688,74.81999969482422,425888
2024-08-01 14:30:00-04:00,74.84500122070312,74.9800033569336,73.9000015258789,74.54000091552734,848799
2024-08-01 15:30:00-04:00,74.37999725341797,75.04000091552734,74.23999786376953,74.84500122070312,1110842
2024-08-02 09:30:00-04:00,77.36000061035156,79.75,75.30999755859375,79.5,2643958
2024-08-02 10:30:00-04:00,77.98500061035156,78.75,77.25,77.36000061035156,1491474
2024-08-02 11:30:00-04:00,79.91999816894531,80.7300033569336,77.91999816894531,77.94000244140625,1569327
2024-08-02 12:30:00-04:00,80.13999938964844,80.54000091552734,79.5199966430664,79.8499984741211,673599
2024-08-02 13:30:00-04:00,79.08999633789062,80.20999908447266,78.0,80.19000244140625,797330
2024-08-02 14:30:00-04:00,79.28500366210938,79.44000244140625,78.55999755859375,79.08999633789062,878392
2024-08-02 15:30:00-04:00,79.43000030517578,79.58000183105469,77.88999938964844,79.2699966430664,1273071
2024-08-05 09:30:00-04:00,76.2509994506836,77.62999725341797,69.26000213623047,69.26000213623047,1688575
2024-08-05 10:30:00-04:00,78.66000366210938,79.41999816894531,76.25,76.31999969482422,691088
2024-08-05 11:30:00-04:00,79.98999786376953,79.98999786376953,78.52999877929688,78.61000061035156,434500
2024-08-05 12:30:00-04:00,79.4800033569336,80.1500015258789,78.77999877929688,79.9749984741211,420798
2024-08-05 13:30:00-04:00,79.11000061035156,79.91000366210938,78.23999786376953,79.48500061035156,499072
2024-08-05 14:30:00-04:00,78.5250015258789,79.18000030517578,77.27999877929688,79.14250183105469,681505
2024-08-05 15:30:00-04:00,77.69000244140625,78.69000244140625,77.4800033569336,78.52999877929688,905428
2024-08-06 09:30:00-04:00,77.62000274658203,78.66999816894531,76.80999755859375,78.66999816894531,350158
2024-08-06 10:30:00-04:00,77.38999938964844,78.66000366210938,77.23999786376953,77.62000274658203,246249
2024-08-06 11:30:00-04:00,77.02999877929688,77.9800033569336,76.97000122070312,77.36000061035156,226094
2024-08-06 12:30:00-04:00,77.27999877929688,77.68000030517578,76.83000183105469,77.05999755859375,269122
2024-08-06 13:30:00-04:00,77.73999786376953,77.80999755859375,76.91000366210938,77.30999755859375,282055
2024-08-06 14:30:00-04:00,77.23500061035156,77.77999877929688,76.76000213623047,77.73999786376953,280038
2024-08-06 15:30:00-04:00,76.23999786376953,77.36000061035156,76.18000030517578,77.25,543739
2024-08-07 09:30:00-04:00,79.04499816894531,79.9000015258789,78.18000030517578,78.75,497412
2024-08-07 10:30:00-04:00,78.9800033569336,79.9800033569336,78.70999908447266,79.05500030517578,280080
2024-08-07 11:30:00-04:00,79.0250015258789,79.16999816894531,78.22000122070312,78.98999786376953,223857
2024-08-07 12:30:00-04:00,78.05999755859375,79.11000061035156,77.75,79.05999755859375,170710
2024-08-07 13:30:00-04:00,77.55000305175781,78.44770050048828,77.05999755859375,78.11499786376953,249279
2024-08-07 14:30:00-04:00,77.01000213623047,78.08999633789062,76.87000274658203,77.54000091552734,278199
2024-08-07 15:30:00-04:00,76.36000061035156,77.16999816894531,76.18000030517578,77.00499725341797,502905
2024-08-08 09:30:00-04:00,77.18000030517578,77.47000122070312,75.12999725341797,77.44999694824219,319513
2024-08-08 10:30:00-04:00,76.69000244140625,77.36000061035156,76.36000061035156,77.30000305175781,148261
2024-08-08 11:30:00-04:00,76.76000213623047,76.97989654541016,76.55999755859375,76.74500274658203,138986
2024-08-08 12:30:00-04:00,77.05999755859375,77.05999755859375,76.18000030517578,76.76000213623047,194075
2024-08-08 13:30:00-04:00,77.08999633789062,77.36000061035156,76.86000061035156,76.95500183105469,131886
2024-08-08 14:30:00-04:00,76.7699966430664,77.26000213623047,76.72000122070312,77.06999969482422,164787
2024-08-08 15:30:00-04:00,76.79000091552734,77.13500213623047,76.56999969482422,76.66999816894531,457713
2024-08-09 09:30:00-04:00,78.08999633789062,78.6698989868164,76.87000274658203,77.51000213623047,293111
2024-08-09 10:30:00-04:00,78.29000091552734,78.9000015258789,77.80000305175781,78.11000061035156,136912
2024-08-09 11:30:00-04:00,77.88999938964844,78.47000122070312,77.5999984741211,78.33999633789062,114088
2024-08-09 12:30:00-04:00,78.23999786376953,78.25,77.73999786376953,77.9749984741211,183769
2024-08-09 13:30:00-04:00,77.69000244140625,78.38059997558594,77.6500015258789,78.2698974609375,154053
2024-08-09 14:30:00-04:00,77.7300033569336,77.98999786376953,77.45999908447266,77.75,187788
2024-08-09 15:30:00-04:00,77.70999908447266,77.9000015258789,77.33999633789062,77.74500274658203,446141
2024-08-12 09:30:00-04:00,77.30500030517578,79.0,77.12000274658203,78.0,217355
2024-08-12 10:30:00-04:00,77.177001953125,77.86000061035156,76.88999938964844,77.23999786376953,161292
2024-08-12 11:30:00-04:00,77.4000015258789,77.58059692382812,77.03919982910156,77.25,87017
2024-08-12 12:30:00-04:00,76.95999908447266,77.41999816894531,76.81999969482422,77.41500091552734,75395
2024-08-12 13:30:00-04:00,76.75,77.08000183105469,76.6500015258789,76.9800033569336,98140
2024-08-12 14:30:00-04:00,76.79000091552734,76.95999908447266,76.58000183105469,76.75,179021
2024-08-12 15:30:00-04:00,76.6500015258789,76.96900177001953,76.5,76.79499816894531,353070
2024-08-13 09:30:00-04:00,79.45079803466797,79.61000061035156,77.13999938964844,77.13999938964844,284463
2024-08-13 10:30:00-04:00,80.44999694824219,80.62999725341797,79.36000061035156,79.48999786376953,258071
2024-08-13 11:30:00-04:00,81.0199966430664,81.1500015258789,80.3550033569336,80.44999694824219,213625
2024-08-13 12:30:00-04:00,80.87000274658203,81.06999969482422,80.79730224609375,81.06999969482422,114809
2024-08-13 13:30:00-04:00,81.30000305175781,81.41999816894531,80.6050033569336,80.91000366210938,150559
2024-08-13 14:30:00-04:00,81.5,81.55999755859375,81.2300033569336,81.30000305175781,282068
2024-08-13 15:30:00-04:00,81.73999786376953,81.7699966430664,81.02999877929688,81.5,622492
2024-08-14 09:30:00-04:00,81.5,83.36000061035156,81.07550048828125,82.30000305175781,418481
2024-08-14 10:30:00-04:00,82.04000091552734,82.16000366210938,80.69999694824219,81.44499969482422,203039
2024-08-14 11:30:00-04:00,81.69999694824219,82.4800033569336,81.55500030517578,82.08000183105469,140080
2024-08-14 12:30:00-04:00,81.72000122070312,82.0,81.32099914550781,81.69000244140625,83418
2024-08-14 13:30:00-04:00,81.93990325927734,81.95099639892578,81.6449966430664,81.87000274658203,103617
2024-08-14 14:30:00-04:00,81.5999984741211,82.01699829101562,81.41000366210938,81.87999725341797,111330
2024-08-14 15:30:00-04:00,81.48999786376953,81.6980972290039,81.33000183105469,81.5999984741211,293878
2024-08-15 09:30:00-04:00,83.19499969482422,83.27999877929688,81.25,81.80249786376953,400954
2024-08-15 10:30:00-04:00,82.37999725341797,83.44999694824219,82.37000274658203,83.18000030517578,254226
2024-08-15 11:30:00-04:00,82.68499755859375,82.80000305175781,82.18450164794922,82.25,130156
2024-08-15 12:30:00-04:00,82.37999725341797,82.69000244140625,82.27999877929688,82.66739654541016,64243
2024-08-15 13:30:00-04:00,82.7699966430664,82.875,82.375,82.375,76094
2024-08-15 14:30:00-04:00,82.48999786376953,82.83000183105469,82.44000244140625,82.77999877929688,117796
2024-08-15 15:30:00-04:00,82.13999938964844,82.61000061035156,81.87999725341797,82.4800033569336,402876
2024-08-16 09:30:00-04:00,82.61000061035156,82.83999633789062,80.80000305175781,81.27999877929688,650135
2024-08-16 10:30:00-04:00,81.8499984741211,82.60479736328125,81.78079986572266,82.55500030517578,93281
2024-08-16 11:30:00-04:00,82.2300033569336,82.2300033569336,81.8301010131836,81.93000030517578,80761
2024-08-16 12:30:00-04:00,81.91999816894531,82.31999969482422,81.83000183105469,82.18000030517578,97420
2024-08-16 13:30:00-04:00,82.06999969482422,82.06999969482422,81.69999694824219,81.91999816894531,111134
2024-08-16 14:30:00-04:00,82.23999786376953,82.33999633789062,82.05999755859375,82.12000274658203,102136
2024-08-16 15:30:00-04:00,82.36000061035156,82.41899871826172,82.02999877929688,82.2300033569336,248734
2024-08-19 09:30:00-04:00,83.93000030517578,84.13999938964844,81.80999755859375,82.55000305175781,420817
2024-08-19 10:30:00-04:00,83.94999694824219,84.30999755859375,83.73079681396484,83.98999786376953,364653
2024-08-19 11:30:00-04:00,83.48999786376953,84.19000244140625,83.20999908447266,83.9000015258789,235317
2024-08-19 12:30:00-04:00,83.58999633789062,83.60130310058594,83.19999694824219,83.47000122070312,197086
2024-08-19 13:30:00-04:00,83.81500244140625,83.86499786376953,83.41999816894531,83.5250015258789,115585
2024-08-19 14:30:00-04:00,84.01499938964844,84.04000091552734,83.6500015258789,83.7699966430664,140464
2024-08-19 15:30:00-04:00,84.04000091552734,84.12000274658203,83.48999786376953,84.01499938964844,308457
2024-08-20 09:30:00-04:00,83.48529815673828,84.9000015258789,82.94999694824219,84.30000305175781,314689
2024-08-20 10:30:00-04:00,82.98999786376953,83.63999938964844,82.83000183105469,83.5199966430664,115714
2024-08-20 11:30:00-04:00,82.80500030517578,83.16999816894531,82.7300033569336,82.98999786376953,71691
2024-08-20 12:30:00-04:00,82.4800033569336,82.86000061035156,82.30000305175781,82.80000305175781,83112
2024-08-20 13:30:00-04:00,82.54499816894531,82.80000305175781,82.44000244140625,82.44000244140625,83850
2024-08-20 14:30:00-04:00,82.6500015258789,82.83999633789062,82.54499816894531,82.55999755859375,88028
2024-08-20 15:30:00-04:00,82.30999755859375,82.83999633789062,82.2300033569336,82.66000366210938,243583
2024-08-21 09:30:00-04:00,81.6874008178711,82.42500305175781,81.27999877929688,82.33000183105469,236158
2024-08-21 10:30:00-04:00,81.4800033569336,82.27999877929688,81.08999633789062,81.6500015258789,184815
2024-08-21 11:30:00-04:00,81.75,81.76000213623047,81.37999725341797,81.43000030517578,157690
2024-08-21 12:30:00-04:00,81.54000091552734,81.87999725341797,81.43000030517578,81.75,102237
2024-08-21 13:30:00-04:00,81.7699966430664,81.7699966430664,81.13999938964844,81.51000213623047,124175
2024-08-21 14:30:00-04:00,82.06999969482422,82.08899688720703,81.5999984741211,81.77999877929688,203567
2024-08-21 15:30:00-04:00,82.37999725341797,82.51499938964844,82.0250015258789,82.05999755859375,258528
2024-08-22 09:30:00-04:00,81.93000030517578,82.55000305175781,81.252197265625,82.12000274658203,327824
2024-08-22 10:30:00-04:00,81.91000366210938,82.33000183105469,81.52999877929688,81.92500305175781,184348
2024-08-22 11:30:00-04:00,81.8550033569336,81.91999816894531,80.70899963378906,81.91999816894531,171555
2024-08-22 12:30:00-04:00,81.72000122070312,82.08000183105469,81.63999938964844,81.86000061035156,154491
2024-08-22 13:30:00-04:00,81.37000274658203,81.72000122070312,81.1500015258789,81.68560028076172,73551
2024-08-22 14:30:00-04:00,80.90499877929688,81.44999694824219,80.81999969482422,81.31999969482422,117055
2024-08-22 15:30:00-04:00,80.66999816894531,81.18000030517578,80.61000061035156,80.87999725341797,311027
2024-08-23 09:30:00-04:00,81.66500091552734,81.86990356445312,80.75,81.18000030517578,211428
2024-08-23 10:30:00-04:00,82.37999725341797,82.44000244140625,80.67500305175781,81.70999908447266,171590
2024-08-23 11:30:00-04:00,81.97000122070312,82.48999786376953,81.7249984741211,82.33000183105469,120570
2024-08-23 12:30:00-04:00,82.0,82.08000183105469,81.65249633789062,82.04000091552734,66292
2024-08-23 13:30:00-04:00,81.83499908447266,82.07540130615234,81.69999694824219,82.0,91775
2024-08-23 14:30:00-04:00,82.48999786376953,82.69999694824219,81.68000030517578,81.81999969482422,197031
2024-08-23 15:30:00-04:00,82.37000274658203,82.52999877929688,81.94879913330078,82.49500274658203,311761
2024-08-26 09:30:00-04:00,82.52999877929688,84.12999725341797,82.37000274658203,83.0,395375
2024-08-26 10:30:00-04:00,82.5199966430664,82.54499816894531,81.94999694824219,82.52999877929688,96393
2024-08-26 11:30:00-04:00,82.30000305175781,82.5199966430664,81.9800033569336,82.4800033569336,61553
2024-08-26 12:30:00-04:00,82.12999725341797,82.41000366210938,82.0199966430664,82.37999725341797,49744
2024-08-26 13:30:00-04:00,82.01000213623047,82.0999984741211,81.61000061035156,82.08999633789062,52665
2024-08-26 14:30:00-04:00,82.0199966430664,82.26000213623047,82.0,82.0,67010
2024-08-26 15:30:00-04:00,81.6500015258789,82.05500030517578,81.52999877929688,82.0,178236
2024-08-27 09:30:00-04:00,81.87999725341797,81.97000122070312,80.20999908447266,80.6500015258789,224205
2024-08-27 10:30:00-04:00,81.98500061035156,82.69999694824219,81.8499984741211,81.88999938964844,138521
2024-08-27 11:30:00-04:00,82.24169921875,82.36000061035156,81.66999816894531,81.9749984741211,115403
2024-08-27 12:30:00-04:00,82.0199966430664,82.33999633789062,81.83999633789062,82.33000183105469,102371
2024-08-27 13:30:00-04:00,82.05000305175781,82.12000274658203,81.58999633789062,82.11000061035156,109771
2024-08-27 14:30:00-04:00,81.80500030517578,82.0,81.66999816894531,81.9800033569336,103597
2024-08-27 15:30:00-04:00,81.25,81.9000015258789,81.04000091552734,81.81999969482422,378009
2024-08-28 09:30:00-04:00,80.67479705810547,81.09989929199219,80.26000213623047,80.55000305175781,144351
2024-08-28 10:30:00-04:00,79.73500061035156,80.94999694824219,79.5199966430664,80.74310302734375,127655
2024-08-28 11:30:00-04:00,79.7699966430664,80.23999786376953,79.60009765625,79.7300033569336,89588
2024-08-28 12:30:00-04:00,79.81999969482422,80.09500122070312,79.68000030517578,79.80000305175781,51794
2024-08-28 13:30:00-04:00,79.47000122070312,79.87000274658203,79.11000061035156,79.80999755859375,109794
2024-08-28 14:30:00-04:00,79.91000366210938,79.91000366210938,79.38999938964844,79.4800033569336,84565
2024-08-28 15:30:00-04:00,79.83999633789062,80.04000091552734,79.73999786376953,79.87999725341797,280714
2024-08-29 09:30:00-04:00,81.9800033569336,82.58999633789062,80.33000183105469,80.44000244140625,279630
2024-08-29 10:30:00-04:00,81.86000061035156,82.33999633789062,81.70999908447266,82.08000183105469,120505
2024-08-29 11:30:00-04:00,82.08999633789062,82.23999786376953,81.6500015258789,81.93000030517578,126542
2024-08-29 12:30:00-04:00,82.16999816894531,82.16999816894531,81.62999725341797,82.09500122070312,168298
2024-08-29 13:30:00-04:00,81.77999877929688,82.24980163574219,81.7249984741211,82.16999816894531,112691
2024-08-29 14:30:00-04:00,81.45999908447266,81.7300033569336,80.97000122070312,81.7300033569336,160682
2024-08-29 15:30:00-04:00,81.27999877929688,81.79000091552734,81.2300033569336,81.47000122070312,273438
2024-08-30 09:30:00-04:00,82.95999908447266,83.20999908447266,81.87000274658203,82.0999984741211,284626
2024-08-30 10:30:00-04:00,82.41500091552734,83.69000244140625,82.33499908447266,82.94999694824219,232250
2024-08-30 11:30:00-04:00,82.05500030517578,82.55000305175781,81.94000244140625,82.41500091552734,160749
2024-08-30 12:30:00-04:00,82.44999694824219,82.51000213623047,81.83999633789062,82.05999755859375,133488
2024-08-30 13:30:00-04:00,82.06999969482422,82.51000213623047,81.95999908447266,82.45999908447266,104397
2024-08-30 14:30:00-04:00,82.04000091552734,82.26499938964844,81.66000366210938,82.04499816894531,194581
2024-08-30 15:30:00-04:00,82.12000274658203,82.16999816894531,81.68000030517578,82.04000091552734,407185
2024-09-03 09:30:00-04:00,80.69999694824219,81.76000213623047,80.48999786376953,81.5999984741211,244652
2024-09-03 10:30:00-04:00,79.68499755859375,80.68000030517578,79.25,80.68000030517578,200749
2024-09-03 11:30:00-04:00,78.9375,79.8499984741211,78.75,79.68499755859375,203890
2024-09-03 12:30:00-04:00,78.7300033569336,79.0199966430664,78.37010192871094,78.9800033569336,160404
2024-09-03 13:30:00-04:00,77.43000030517578,78.76000213623047,77.38500213623047,78.7300033569336,205026
2024-09-03 14:30:00-04:00,77.46499633789062,77.86000061035156,77.41999816894531,77.43000030517578,250725
2024-09-03 15:30:00-04:00,78.11000061035156,78.23999786376953,77.19000244140625,77.45999908447266,737004
2024-09-04 09:30:00-04:00,78.75,78.8499984741211,76.5,77.0,367394
2024-09-04 10:30:00-04:00,78.62000274658203,79.63999938964844,78.61000061035156,78.77999877929688,215223
2024-09-04 11:30:00-04:00,78.26000213623047,78.86000061035156,77.86000061035156,78.55000305175781,161038
2024-09-04 12:30:00-04:00,78.23999786376953,78.45999908447266,77.94000244140625,78.26000213623047,86563
2024-09-04 13:30:00-04:00,77.76000213623047,78.33000183105469,77.5,78.25,125946
2024-09-04 14:30:00-04:00,77.6500015258789,77.81999969482422,77.11000061035156,77.70999908447266,199993
2024-09-04 15:30:00-04:00,78.02999877929688,78.06999969482422,77.54000091552734,77.69000244140625,345415
2024-09-05 09:30:00-04:00,78.80000305175781,78.97000122070312,77.1500015258789,77.2699966430664,226174
2024-09-05 10:30:00-04:00,78.08499908447266,78.94999694824219,78.00910186767578,78.75,122338
2024-09-05 11:30:00-04:00,78.52680206298828,78.62000274658203,78.0,78.08000183105469,155910
2024-09-05 12:30:00-04:00,78.66500091552734,78.88500213623047,78.41000366210938,78.56999969482422,99348
2024-09-05 13:30:00-04:00,79.06999969482422,79.16999816894531,78.5199966430664,78.62000274658203,94597
2024-09-05 14:30:00-04:00,78.84500122070312,79.37999725341797,78.41010284423828,79.07499694824219,104928
2024-09-05 15:30:00-04:00,78.41000366210938,78.93499755859375,78.29000091552734,78.81999969482422,310652
2024-09-06 09:30:00-04:00,76.70999908447266,79.20999908447266,76.56500244140625,78.63999938964844,288095
2024-09-06 10:30:00-04:00,76.45999908447266,77.41000366210938,76.25,76.62000274658203,228772
2024-09-06 11:30:00-04:00,76.30500030517578,76.7698974609375,76.30000305175781,76.48999786376953,120032
2024-09-06 12:30:00-04:00,76.29000091552734,76.4800033569336,75.87999725341797,76.3499984741211,125846
2024-09-06 13:30:00-04:00,75.8499984741211,76.38999938964844,75.7300033569336,76.26000213623047,160118
2024-09-06 14:30:00-04:00,76.19499969482422,76.66500091552734,75.75,75.8499984741211,214536
2024-09-06 15:30:00-04:00,76.05999755859375,76.23999786376953,75.70999908447266,76.18000030517578,511829
2024-09-09 09:30:00-04:00,77.1500015258789,77.70999908447266,76.91000366210938,77.01000213623047,224526
2024-09-09 10:30:00-04:00,76.3499984741211,77.1449966430664,76.12999725341797,77.08999633789062,167676
2024-09-09 11:30:00-04:00,77.22000122070312,77.23999786376953,76.30999755859375,76.30999755859375,108492
2024-09-09 12:30:00-04:00,77.08599853515625,77.55000305175781,77.03500366210938,77.18000030517578,100133
2024-09-09 13:30:00-04:00,76.3499984741211,77.12999725341797,76.20999908447266,77.06999969482422,115023
2024-09-09 14:30:00-04:00,76.48999786376953,76.51000213623047,76.2300033569336,76.33999633789062,88715
2024-09-09 15:30:00-04:00,76.2300033569336,76.59500122070312,76.08999633789062,76.4800033569336,295652
2024-09-10 09:30:00-04:00,75.7699966430664,76.86000061035156,75.19000244140625,76.6500015258789,247221
2024-09-10 10:30:00-04:00,75.93000030517578,75.95999908447266,75.37999725341797,75.7300033569336,167484
2024-09-10 11:30:00-04:00,75.2300033569336,76.08000183105469,74.87999725341797,75.98999786376953,169047
2024-09-10 12:30:00-04:00,75.83000183105469,75.97000122070312,75.1500015258789,75.19000244140625,132206
2024-09-10 13:30:00-04:00,76.68000030517578,76.69000244140625,75.88500213623047,75.9166030883789,131414
2024-09-10 14:30:00-04:00,77.16000366210938,77.19000244140625,76.61000061035156,76.67500305175781,232622
2024-09-10 15:30:00-04:00,76.83000183105469,77.20999908447266,76.55000305175781,77.16000366210938,311847
2024-09-11 09:30:00-04:00,75.83000183105469,76.81990051269531,75.66000366210938,76.62000274658203,409035
2024-09-11 10:30:00-04:00,75.79499816894531,76.11499786376953,75.22000122070312,75.77999877929688,341195
2024-09-11 11:30:00-04:00,76.97000122070312,77.06800079345703,75.79499816894531,75.79499816894531,234501
2024-09-11 12:30:00-04:00,77.44999694824219,77.6500015258789,76.95999908447266,77.06999969482422,142574
2024-09-11 13:30:00-04:00,78.02999877929688,78.26000213623047,77.45999908447266,77.5199966430664,239105
2024-09-11 14:30:00-04:00,78.41799926757812,78.44999694824219,77.9000015258789,78.06500244140625,348492
2024-09-11 15:30:00-04:00,78.55000305175781,78.69999694824219,78.08999633789062,78.37000274658203,430394
2024-09-12 09:30:00-04:00,78.61000061035156,78.93000030517578,77.77269744873047,78.88999938964844,198596
2024-09-12 10:30:00-04:00,79.16999816894531,79.29000091552734,78.33000183105469,78.58999633789062,170207
2024-09-12 11:30:00-04:00,79.5,79.5,79.0199966430664,79.12000274658203,87144
2024-09-12 12:30:00-04:00,79.41999816894531,79.83999633789062,79.41999816894531,79.5199966430664,123744
2024-09-12 13:30:00-04:00,79.54000091552734,79.7699966430664,79.13999938964844,79.41999816894531,130429
2024-09-12 14:30:00-04:00,79.05000305175781,79.62999725341797,78.97000122070312,79.55000305175781,145250
2024-09-12 15:30:00-04:00,78.86000061035156,79.01000213623047,78.44999694824219,79.01000213623047,312180
2024-09-13 09:30:00-04:00,79.2300033569336,79.62000274658203,78.83999633789062,79.05000305175781,224580
2024-09-13 10:30:00-04:00,79.54810333251953,80.26000213623047,78.97750091552734,79.22000122070312,236291
2024-09-13 11:30:00-04:00,79.0,79.6500015258789,78.91999816894531,79.44499969482422,111097
2024-09-13 12:30:00-04:00,78.7699966430664,79.11499786376953,78.54000091552734,79.02999877929688,87194
2024-09-13 13:30:00-04:00,78.16999816894531,78.80000305175781,78.08999633789062,78.77999877929688,105077
2024-09-13 14:30:00-04:00,78.38999938964844,78.47000122070312,77.91000366210938,78.1500015258789,223279
2024-09-13 15:30:00-04:00,78.5999984741211,78.63999938964844,78.21949768066406,78.38999938964844,221097
2024-09-16 09:30:00-04:00,78.66999816894531,79.16000366210938,77.87000274658203,78.1500015258789,282802
2024-09-16 10:30:00-04:00,79.98999786376953,80.04910278320312,78.08999633789062,78.5999984741211,172085
2024-09-16 11:30:00-04:00,79.47010040283203,80.0999984741211,79.22000122070312,79.9749984741211,133590
2024-09-16 12:30:00-04:00,79.69000244140625,79.69999694824219,79.25,79.47000122070312,187093
2024-09-16 13:30:00-04:00,79.91000366210938,80.16999816894531,79.61000061035156,79.69000244140625,164193
2024-09-16 14:30:00-04:00,80.12000274658203,80.30989837646484,79.79000091552734,79.88999938964844,215207
2024-09-16 15:30:00-04:00,79.91999816894531,80.1500015258789,79.69499969482422,80.0999984741211,326797
2024-09-17 09:30:00-04:00,79.47000122070312,80.80000305175781,79.29010009765625,80.80000305175781,243802
2024-09-17 10:30:00-04:00,79.38999938964844,79.51000213623047,78.69999694824219,79.43000030517578,282127
2024-09-17 11:30:00-04:00,78.2699966430664,79.59989929199219,78.04000091552734,79.4000015258789,180052
2024-09-17 12:30:00-04:00,78.38999938964844,78.59989929199219,77.80999755859375,78.2699966430664,197402
2024-09-17 13:30:00-04:00,79.19499969482422,79.25,78.30999755859375,78.30999755859375,323525
2024-09-17 14:30:00-04:00,79.13999938964844,79.42250061035156,79.0199966430664,79.18000030517578,250461
2024-09-17 15:30:00-04:00,79.1500015258789,79.32499694824219,78.9800033569336,79.17500305175781,460193
2024-09-18 09:30:00-04:00,78.06999969482422,79.55000305175781,77.87000274658203,79.33999633789062,211049
2024-09-18 10:30:00-04:00,78.06999969482422,78.19999694824219,77.83000183105469,78.11000061035156,227221
2024-09-18 11:30:00-04:00,78.40499877929688,78.47000122070312,77.5999984741211,78.03500366210938,105603
2024-09-18 12:30:00-04:00,78.45999908447266,78.68499755859375,78.16000366210938,78.37000274658203,92577
2024-09-18 13:30:00-04:00,78.77999877929688,79.58999633789062,77.91999816894531,78.45999908447266,141462
2024-09-18 14:30:00-04:00,78.38999938964844,79.69000244140625,77.69999694824219,78.87000274658203,327388
2024-09-18 15:30:00-04:00,78.0999984741211,78.70999908447266,78.06999969482422,78.44000244140625,290534
2024-09-19 09:30:00-04:00,80.42500305175781,80.52999877929688,79.19999694824219,80.08999633789062,379191
2024-09-19 10:30:00-04:00,81.54000091552734,81.59500122070312,80.2300033569336,80.41000366210938,321706
2024-09-19 11:30:00-04:00,82.05999755859375,82.08999633789062,81.29000091552734,81.54499816894531,279228
2024-09-19 12:30:00-04:00,82.18499755859375,82.33989715576172,81.87999725341797,82.05999755859375,250705
2024-09-19 13:30:00-04:00,81.75499725341797,82.41999816894531,81.6500015258789,82.17500305175781,253708
2024-09-19 14:30:00-04:00,81.9000015258789,81.9000015258789,81.51000213623047,81.75,345119
2024-09-19 15:30:00-04:00,82.9000015258789,82.9000015258789,81.83999633789062,81.875,1218881
2024-09-20 09:30:00-04:00,82.49500274658203,83.33999633789062,81.80999755859375,83.0199966430664,251996
2024-09-20 10:30:00-04:00,81.87999725341797,82.62999725341797,81.4197998046875,82.56500244140625,164511
2024-09-20 11:30:00-04:00,82.44999694824219,82.56990051269531,81.63999938964844,81.76000213623047,115841
2024-09-20 12:30:00-04:00,82.33280181884766,82.91999816894531,82.18000030517578,82.4800033569336,152677
2024-09-20 13:30:00-04:00,82.61000061035156,82.68000030517578,82.26000213623047,82.3550033569336,83883
2024-09-20 14:30:00-04:00,82.79000091552734,83.1500015258789,82.33000183105469,82.61969757080078,131368
2024-09-20 15:30:00-04:00,82.44999694824219,83.1050033569336,82.27999877929688,82.7699966430664,483800
2024-09-23 09:30:00-04:00,83.77999877929688,83.88999938964844,82.5,82.66999816894531,266202
2024-09-23 10:30:00-04:00,84.9749984741211,85.07620239257812,83.69000244140625,83.80500030517578,473583
2024-09-23 11:30:00-04:00,85.25,85.72000122070312,84.8635025024414,85.01000213623047,387915
2024-09-23 12:30:00-04:00,85.00499725341797,85.45999908447266,84.73320007324219,85.23999786376953,207815
2024-09-23 13:30:00-04:00,85.7300033569336,85.7300033569336,84.87999725341797,85.0199966430664,259404
2024-09-23 14:30:00-04:00,85.7300033569336,86.12000274658203,85.58070373535156,85.7385025024414,528480
2024-09-23 15:30:00-04:00,85.5999984741211,85.7300033569336,84.97000122070312,85.7300033569336,567497
2024-09-24 09:30:00-04:00,84.2300033569336,86.45469665527344,84.11000061035156,86.0999984741211,273855
2024-09-24 10:30:00-04:00,85.2249984741211,85.33000183105469,83.76000213623047,84.19999694824219,222674
2024-09-24 11:30:00-04:00,85.45500183105469,85.87000274658203,85.12999725341797,85.19999694824219,131856
2024-09-24 12:30:00-04:00,85.80999755859375,86.04000091552734,85.45500183105469,85.45500183105469,139650
2024-09-24 13:30:00-04:00,85.68499755859375,86.06999969482422,85.66000366210938,85.81999969482422,158531
2024-09-24 14:30:00-04:00,85.87999725341797,85.98999786376953,85.47000122070312,85.65499877929688,155920
2024-09-24 15:30:00-04:00,85.54000091552734,86.0999984741211,85.45999908447266,85.86000061035156,436659
2024-09-25 09:30:00-04:00,84.43000030517578,85.33999633789062,83.87000274658203,85.30999755859375,176063
2024-09-25 10:30:00-04:00,84.13500213623047,84.48999786376953,84.08000183105469,84.37999725341797,104261
2024-09-25 11:30:00-04:00,84.05999755859375,84.38500213623047,83.67729949951172,84.0999984741211,143958
2024-09-25 12:30:00-04:00,84.28500366210938,84.37000274658203,83.93000030517578,84.08769989013672,118026
2024-09-25 13:30:00-04:00,84.12999725341797,84.43000030517578,83.94000244140625,84.32569885253906,179278
2024-09-25 14:30:00-04:00,83.91000366210938,84.15499877929688,83.80879974365234,84.14209747314453,297322
2024-09-25 15:30:00-04:00,83.41000366210938,83.91000366210938,83.4000015258789,83.88999938964844,543160
2024-09-26 09:30:00-04:00,83.0,84.80999755859375,82.70999908447266,84.80999755859375,438691
2024-09-26 10:30:00-04:00,82.69999694824219,82.98500061035156,81.69000244140625,82.9800033569336,297337
2024-09-26 11:30:00-04:00,82.83000183105469,83.20999908447266,82.5999984741211,82.69999694824219,198206
2024-09-26 12:30:00-04:00,82.20999908447266,83.5,81.4000015258789,82.83000183105469,602257
2024-09-26 13:30:00-04:00,82.16999816894531,82.37000274658203,81.18000030517578,82.20999908447266,463143
2024-09-26 14:30:00-04:00,82.31999969482422,82.5999984741211,81.95999908447266,82.16999816894531,329457
2024-09-26 15:30:00-04:00,82.36000061035156,82.62999725341797,82.2300033569336,82.30999755859375,486207
2024-09-27 09:30:00-04:00,82.41000366210938,82.69000244140625,81.6500015258789,82.19999694824219,330068
2024-09-27 10:30:00-04:00,81.68000030517578,82.58000183105469,81.54000091552734,82.43499755859375,146859
2024-09-27 11:30:00-04:00,81.5,81.75399780273438,81.24009704589844,81.69000244140625,121910
2024-09-27 12:30:00-04:00,81.28500366210938,81.6500015258789,81.27999877929688,81.49500274658203,102318
2024-09-27 13:30:00-04:00,81.61000061035156,81.91500091552734,81.30999755859375,81.31500244140625,138108
2024-09-27 14:30:00-04:00,81.41000366210938,81.70500183105469,81.27999877929688,81.56999969482422,147991
2024-09-27 15:30:00-04:00,81.56999969482422,81.68000030517578,81.33999633789062,81.41500091552734,284664
2024-09-30 09:30:00-04:00,80.06999969482422,81.77079772949219,79.80999755859375,80.79000091552734,260726
2024-09-30 10:30:00-04:00,79.76000213623047,80.4800033569336,79.63999938964844,80.12999725341797,276960
2024-09-30 11:30:00-04:00,79.95999908447266,80.06999969482422,79.7300033569336,79.88999938964844,211651
2024-09-30 12:30:00-04:00,80.19999694824219,80.25,79.86000061035156,79.94999694824219,159952
2024-09-30 13:30:00-04:00,79.55000305175781,80.37999725341797,79.38999938964844,80.19999694824219,217731
2024-09-30 14:30:00-04:00,80.1449966430664,80.41000366210938,79.38999938964844,79.58000183105469,261373
2024-09-30 15:30:00-04:00,80.88999938964844,80.88999938964844,79.93000030517578,80.11000061035156,462626
2024-10-01 09:30:00-04:00,78.8949966430664,80.30000305175781,78.68000030517578,80.05000305175781,515188
2024-10-01 10:30:00-04:00,78.81999969482422,79.08000183105469,78.45999908447266,78.91500091552734,205139
2024-10-01 11:30:00-04:00,78.92500305175781,79.3499984741211,78.66999816894531,78.83999633789062,153074
2024-10-01 12:30:00-04:00,78.06999969482422,78.94000244140625,78.05999755859375,78.94000244140625,160975
2024-10-01 13:30:00-04:00,78.77999877929688,78.93000030517578,78.01000213623047,78.04000091552734,184701
2024-10-01 14:30:00-04:00,78.66999816894531,78.81999969482422,78.37999725341797,78.76000213623047,220600
2024-10-01 15:30:00-04:00,78.12999725341797,78.62999725341797,78.05000305175781,78.62999725341797,428570
2024-10-02 09:30:00-04:00,78.8949966430664,79.22989654541016,77.80000305175781,78.87000274658203,626864
2024-10-02 10:30:00-04:00,79.25,79.58000183105469,78.80000305175781,78.91000366210938,220918
2024-10-02 11:30:00-04:00,79.06999969482422,79.29000091552734,78.8499984741211,79.26000213623047,113605
2024-10-02 12:30:00-04:00,78.9800033569336,79.33000183105469,78.80000305175781,79.08999633789062,130002
2024-10-02 13:30:00-04:00,79.02999877929688,79.27999877929688,78.87999725341797,78.9800033569336,156381
2024-10-02 14:30:00-04:00,79.63999938964844,79.80000305175781,78.87999725341797,79.04000091552734,328752
2024-10-02 15:30:00-04:00,79.31999969482422,79.68900299072266,78.97000122070312,79.68900299072266,698472
2024-10-03 09:30:00-04:00,78.20999908447266,79.54000091552734,78.0999984741211,78.76000213623047,266898
2024-10-03 10:30:00-04:00,78.76000213623047,78.7780990600586,78.13999938964844,78.27999877929688,113682
2024-10-03 11:30:00-04:00,79.125,79.25849914550781,78.77999877929688,78.78500366210938,133331
2024-10-03 12:30:00-04:00,79.58999633789062,79.76499938964844,78.83999633789062,79.12000274658203,157351
2024-10-03 13:30:00-04:00,79.70999908447266,79.87000274658203,79.37000274658203,79.58000183105469,134489
2024-10-03 14:30:00-04:00,79.38999938964844,79.80999755859375,79.36479949951172,79.70999908447266,185393
2024-10-03 15:30:00-04:00,79.41999816894531,79.4749984741211,79.19999694824219,79.38999938964844,398181
2024-10-04 09:30:00-04:00,80.03260040283203,80.98999786376953,79.5,80.0,288401
2024-10-04 10:30:00-04:00,81.37870025634766,81.45999908447266,80.04010009765625,80.06500244140625,305382
2024-10-04 11:30:00-04:00,82.2300033569336,82.3499984741211,81.22000122070312,81.40499877929688,265571
2024-10-04 12:30:00-04:00,81.62000274658203,82.55000305175781,81.61000061035156,82.2396011352539,220998
2024-10-04 13:30:00-04:00,82.18000030517578,82.19000244140625,81.5199966430664,81.66000366210938,170534
2024-10-04 14:30:00-04:00,82.5999984741211,82.66000366210938,82.05000305175781,82.16000366210938,342186
2024-10-04 15:30:00-04:00,83.41000366210938,83.45999908447266,82.5,82.61000061035156,627755
2024-10-07 09:30:00-04:00,81.5199966430664,83.25,81.27999877929688,83.1500015258789,212694
2024-10-07 10:30:00-04:00,81.71800231933594,81.79000091552734,80.9800033569336,81.5,171548
2024-10-07 11:30:00-04:00,82.02999877929688,82.13999938964844,81.66999816894531,81.75,115582
2024-10-07 12:30:00-04:00,81.45999908447266,82.05000305175781,81.37999725341797,82.05000305175781,96564
2024-10-07 13:30:00-04:00,81.29299926757812,81.44000244140625,81.08000183105469,81.44000244140625,137750
2024-10-07 14:30:00-04:00,81.00499725341797,81.29000091552734,80.70999908447266,81.20999908447266,200769
2024-10-07 15:30:00-04:00,80.48999786376953,81.17500305175781,80.47000122070312,81.02999877929688,427486
2024-10-08 09:30:00-04:00,81.0,81.0199966430664,79.16000366210938,79.4800033569336,243815
2024-10-08 10:30:00-04:00,81.36000061035156,81.5199966430664,81.01000213623047,81.02999877929688,106625
2024-10-08 11:30:00-04:00,81.30500030517578,81.43000030517578,81.0250015258789,81.33000183105469,109602
2024-10-08 12:30:00-04:00,81.11250305175781,81.31999969482422,81.04000091552734,81.30500030517578,98129
2024-10-08 13:30:00-04:00,81.1500015258789,81.2699966430664,81.07019805908203,81.12999725341797,85145
2024-10-08 14:30:00-04:00,81.55000305175781,81.59989929199219,81.05999755859375,81.16000366210938,134575
2024-10-08 15:30:00-04:00,81.76000213623047,81.83999633789062,81.5000991821289,81.55159759521484,251987
2024-10-09 09:30:00-04:00,83.02999877929688,83.1500015258789,81.62999725341797,81.94000244140625,146382
2024-10-09 10:30:00-04:00,83.55000305175781,84.06999969482422,82.75,82.98999786376953,300880
2024-10-09 11:30:00-04:00,84.25,84.2699966430664,83.54000091552734,83.5999984741211,188278
2024-10-09 12:30:00-04:00,84.06999969482422,84.44000244140625,83.81999969482422,84.2146987915039,123273
2024-10-09 13:30:00-04:00,84.20500183105469,84.23999786376953,83.91000366210938,84.05999755859375,89074
2024-10-09 14:30:00-04:00,84.42500305175781,84.5199966430664,83.95999908447266,84.19000244140625,206194
2024-10-09 15:30:00-04:00,84.94999694824219,84.94999694824219,84.40499877929688,84.42500305175781,540652
2024-10-10 09:30:00-04:00,92.63999938964844,92.7300033569336,84.4801025390625,84.58000183105469,2388120
2024-10-10 10:30:00-04:00,92.5250015258789,93.44000244140625,91.58999633789062,92.6500015258789,1755091
2024-10-10 11:30:00-04:00,92.72000122070312,93.69000244140625,92.16999816894531,92.5250015258789,879880
2024-10-10 12:30:00-04:00,93.01000213623047,93.08000183105469,91.63999938964844,92.73500061035156,572581
2024-10-10 13:30:00-04:00,92.70999908447266,93.44000244140625,92.4800033569336,93.01000213623047,482943
2024-10-10 14:30:00-04:00,92.78500366210938,93.22000122070312,92.54000091552734,92.70999908447266,526003
2024-10-10 15:30:00-04:00,92.44999694824219,93.04000091552734,92.23500061035156,92.79000091552734,1192490
2024-10-11 09:30:00-04:00,92.66000366210938,94.13999938964844,92.66000366210938,92.94000244140625,825347
2024-10-11 10:30:00-04:00,92.69999694824219,93.22000122070312,92.0999984741211,92.66999816894531,310515
2024-10-11 11:30:00-04:00,93.59249877929688,94.30999755859375,92.62000274658203,92.7249984741211,588842
2024-10-11 12:30:00-04:00,93.87000274658203,93.94999694824219,93.27999877929688,93.59639739990234,301779
2024-10-11 13:30:00-04:00,93.92500305175781,94.23999786376953,93.5114974975586,93.91999816894531,344796
2024-10-11 14:30:00-04:00,93.88999938964844,94.12000274658203,93.68000030517578,93.97000122070312,356908
2024-10-11 15:30:00-04:00,93.47000122070312,93.91999816894531,93.34500122070312,93.9000015258789,859223
2024-10-14 09:30:00-04:00,93.24459838867188,96.30000305175781,92.5999984741211,94.9000015258789,727849
2024-10-14 10:30:00-04:00,93.44000244140625,93.75499725341797,92.33999633789062,93.19999694824219,407976
2024-10-14 11:30:00-04:00,93.56999969482422,94.08000183105469,93.28140258789062,93.4800033569336,283696
2024-10-14 12:30:00-04:00,93.5199966430664,93.79000091552734,93.32659912109375,93.58999633789062,131217
2024-10-14 13:30:00-04:00,93.72000122070312,93.72000122070312,93.43000030517578,93.5,125540
2024-10-14 14:30:00-04:00,93.69999694824219,93.9800033569336,93.62000274658203,93.72000122070312,230957
2024-10-14 15:30:00-04:00,93.75,93.9000015258789,93.54119873046875,93.69999694824219,661990
2024-10-15 09:30:00-04:00,93.5199966430664,94.68000030517578,92.88999938964844,94.0,380681
2024-10-15 10:30:00-04:00,94.0199966430664,94.31999969482422,92.56999969482422,93.5250015258789,362340
2024-10-15 11:30:00-04:00,94.3550033569336,94.47000122070312,93.7300033569336,93.95999908447266,201040
2024-10-15 12:30:00-04:00,94.29000091552734,94.45999908447266,94.06999969482422,94.37999725341797,176530
2024-10-15 13:30:00-04:00,94.33999633789062,94.9000015258789,94.15499877929688,94.26000213623047,237071
2024-10-15 14:30:00-04:00,94.27999877929688,94.51000213623047,94.0,94.33999633789062,275632
2024-10-15 15:30:00-04:00,93.79000091552734,94.27999877929688,93.69999694824219,94.27999877929688,627880
2024-10-16 09:30:00-04:00,92.30999755859375,93.95999908447266,91.76010131835938,93.6500015258789,724982
2024-10-16 10:30:00-04:00,92.16500091552734,92.49500274658203,91.72000122070312,92.41999816894531,198636
2024-10-16 11:30:00-04:00,92.41500091552734,92.9000015258789,92.0,92.23989868164062,160294
2024-10-16 12:30:00-04:00,91.625,92.58000183105469,91.47000122070312,92.44000244140625,140407
2024-10-16 13:30:00-04:00,91.55999755859375,91.8949966430664,91.38999938964844,91.62000274658203,151922
2024-10-16 14:30:00-04:00,91.36000061035156,91.76000213623047,91.12999725341797,91.59500122070312,165942
2024-10-16 15:30:00-04:00,91.33499908447266,91.68499755859375,91.16000366210938,91.3499984741211,344975
2024-10-17 09:30:00-04:00,91.09500122070312,92.16000366210938,90.73999786376953,92.05000305175781,186635
2024-10-17 10:30:00-04:00,91.01000213623047,91.33999633789062,90.43399810791016,91.09500122070312,139760
2024-10-17 11:30:00-04:00,91.43499755859375,91.62999725341797,91.05000305175781,91.0999984741211,106480
2024-10-17 12:30:00-04:00,91.20999908447266,91.58000183105469,91.08999633789062,91.41000366210938,117919
2024-10-17 13:30:00-04:00,90.7249984741211,91.5,90.58999633789062,91.1500015258789,150127
2024-10-17 14:30:00-04:00,90.48999786376953,90.73999786376953,90.33000183105469,90.7249984741211,226749
2024-10-17 15:30:00-04:00,90.30999755859375,90.51000213623047,90.16999816894531,90.45999908447266,345533
2024-10-18 09:30:00-04:00,91.22000122070312,91.48999786376953,90.11000061035156,90.5199966430664,567692
2024-10-18 10:30:00-04:00,91.19000244140625,91.2699966430664,90.8301010131836,91.19999694824219,134157
2024-10-18 11:30:00-04:00,90.7396011352539,91.30989837646484,90.5199966430664,91.23999786376953,121798
2024-10-18 12:30:00-04:00,91.0250015258789,91.08429718017578,90.62999725341797,90.7300033569336,113990
2024-10-18 13:30:00-04:00,90.94999694824219,91.1500015258789,90.77999877929688,91.03500366210938,106971
2024-10-18 14:30:00-04:00,90.9000015258789,91.1449966430664,90.66000366210938,90.97000122070312,155667
2024-10-18 15:30:00-04:00,90.80000305175781,91.02999877929688,90.66000366210938,90.875,241070
2024-10-21 09:30:00-04:00,91.70500183105469,92.79000091552734,90.00530242919922,90.16000366210938,354333
2024-10-21 10:30:00-04:00,90.40499877929688,91.76000213623047,90.20999908447266,91.70500183105469,168910
2024-10-21 11:30:00-04:00,90.91000366210938,91.0199966430664,90.29000091552734,90.29000091552734,80605
2024-10-21 12:30:00-04:00,90.98999786376953,91.23999786376953,90.80000305175781,90.8949966430664,88192
2024-10-21 13:30:00-04:00,90.3499984741211,91.04000091552734,90.19999694824219,90.95600128173828,127834
2024-10-21 14:30:00-04:00,90.45899963378906,90.56999969482422,90.18000030517578,90.3499984741211,100608
2024-10-21 15:30:00-04:00,90.73999786376953,90.93000030517578,90.26000213623047,90.45999908447266,308261
2024-10-22 09:30:00-04:00,89.30000305175781,90.37989807128906,89.0,90.04000091552734,333762
2024-10-22 10:30:00-04:00,88.43000030517578,89.41999816894531,88.3499984741211,89.30500030517578,215155
2024-10-22 11:30:00-04:00,87.81999969482422,88.66000366210938,87.81999969482422,88.37999725341797,194283
2024-10-22 12:30:00-04:00,88.05999755859375,88.5199966430664,87.87010192871094,87.9000015258789,140520
2024-10-22 13:30:00-04:00,88.47000122070312,88.5199966430664,88.02999877929688,88.08499908447266,145960
2024-10-22 14:30:00-04:00,88.12000274658203,88.49949645996094,87.9000015258789,88.47000122070312,185637
2024-10-22 15:30:00-04:00,88.45999908447266,88.51000213623047,87.80000305175781,88.08000183105469,531241
2024-10-23 09:30:00-04:00,87.95999908447266,88.80000305175781,86.9000015258789,88.13999938964844,187990
2024-10-23 10:30:00-04:00,88.33000183105469,88.56999969482422,87.89009857177734,87.95500183105469,193223
2024-10-23 11:30:00-04:00,88.61499786376953,88.79000091552734,88.0999984741211,88.27999877929688,215730
2024-10-23 12:30:00-04:00,88.58499908447266,88.76000213623047,88.12000274658203,88.58999633789062,215665
2024-10-23 13:30:00-04:00,88.46499633789062,88.61000061035156,88.0199966430664,88.58499908447266,270987
2024-10-23 14:30:00-04:00,87.9000015258789,88.69999694824219,87.9000015258789,88.45999908447266,230385
2024-10-23 15:30:00-04:00,87.62999725341797,87.97000122070312,87.41999816894531,87.9000015258789,335907
2024-10-24 09:30:00-04:00,89.22000122070312,89.77220153808594,88.0,88.19999694824219,364921
2024-10-24 10:30:00-04:00,88.55500030517578,89.76000213623047,88.5250015258789,89.23999786376953,237117
2024-10-24 11:30:00-04:00,89.4800033569336,89.5,88.43000030517578,88.5,198154
2024-10-24 12:30:00-04:00,89.13999938964844,90.11000061035156,89.08999633789062,89.47599792480469,223018
2024-10-24 13:30:00-04:00,89.33999633789062,89.45999908447266,88.97000122070312,89.13999938964844,94367
2024-10-24 14:30:00-04:00,89.33999633789062,89.48999786376953,88.93000030517578,89.3499984741211,116809
2024-10-24 15:30:00-04:00,89.55999755859375,89.66000366210938,89.12999725341797,89.3550033569336,324184
2024-10-25 09:30:00-04:00,89.58999633789062,90.6500015258789,89.36000061035156,89.81999969482422,271431
2024-10-25 10:30:00-04:00,88.95999908447266,89.73999786376953,88.7699966430664,89.58999633789062,209957
2024-10-25 11:30:00-04:00,89.25,89.25,88.5,88.95999908447266,99818
2024-10-25 12:30:00-04:00,88.9800033569336,89.31999969482422,88.69999694824219,89.23999786376953,129044
2024-10-25 13:30:00-04:00,88.9800033569336,89.0199966430664,88.47000122070312,88.8499984741211,153230
2024-10-25 14:30:00-04:00,88.75,89.1874008178711,88.69000244140625,88.94000244140625,174394
2024-10-25 15:30:00-04:00,88.69999694824219,88.87000274658203,88.47000122070312,88.76000213623047,251300
2024-10-28 09:30:00-04:00,89.87999725341797,90.05000305175781,88.69000244140625,89.37999725341797,218562
2024-10-28 10:30:00-04:00,89.14540100097656,90.08000183105469,89.02999877929688,89.80999755859375,136602
2024-10-28 11:30:00-04:00,88.7699966430664,89.12000274658203,88.56999969482422,89.12000274658203,136735
2024-10-28 12:30:00-04:00,88.61000061035156,88.84829711914062,88.30999755859375,88.7699966430664,93676
2024-10-28 13:30:00-04:00,88.22000122070312,88.83999633789062,88.18000030517578,88.66000366210938,111927
2024-10-28 14:30:00-04:00,88.18499755859375,88.51000213623047,88.10009765625,88.19000244140625,113429
2024-10-28 15:30:00-04:00,87.94000244140625,88.31999969482422,87.77999877929688,88.18499755859375,335206
2024-10-29 09:30:00-04:00,88.66000366210938,88.98500061035156,87.33000183105469,88.44000244140625,243393
2024-10-29 10:30:00-04:00,89.12000274658203,89.41999816894531,88.61000061035156,88.68000030517578,142878
2024-10-29 11:30:00-04:00,88.55000305175781,89.13999938964844,88.4800033569336,89.125,102696
2024-10-29 12:30:00-04:00,88.54000091552734,88.80000305175781,88.33000183105469,88.50530242919922,76780
2024-10-29 13:30:00-04:00,88.5199966430664,88.83000183105469,88.37999725341797,88.58999633789062,84298
2024-10-29 14:30:00-04:00,89.41500091552734,89.62999725341797,88.44000244140625,88.5199966430664,228505
2024-10-29 15:30:00-04:00,89.5199966430664,89.5999984741211,89.27999877929688,89.4000015258789,335711
2024-10-30 09:30:00-04:00,91.25,91.30000305175781,89.35700225830078,89.5,484363
2024-10-30 10:30:00-04:00,91.04499816894531,91.30999755859375,90.30000305175781,91.30000305175781,325988
2024-10-30 11:30:00-04:00,90.69000244140625,91.01499938964844,90.58000183105469,91.01499938964844,242221
2024-10-30 12:30:00-04:00,90.62999725341797,91.29000091552734,90.62999725341797,90.69000244140625,240312
2024-10-30 13:30:00-04:00,90.43830108642578,90.76000213623047,90.33000183105469,90.58999633789062,211800
2024-10-30 14:30:00-04:00,90.06500244140625,90.6500015258789,89.93000030517578,90.47000122070312,182203
2024-10-30 15:30:00-04:00,89.8499984741211,90.20999908447266,89.63500213623047,90.08000183105469,449368
2024-10-31 09:30:00-04:00,87.97000122070312,88.58999633789062,87.55000305175781,88.2699966430664,484729
2024-10-31 10:30:00-04:00,87.8949966430664,88.12999725341797,87.0999984741211,88.01000213623047,287717
2024-10-31 11:30:00-04:00,88.26000213623047,88.4000015258789,87.79000091552734,87.81999969482422,142533
2024-10-31 12:30:00-04:00,88.2300033569336,88.55999755859375,88.12999725341797,88.21430206298828,105584
2024-10-31 13:30:00-04:00,87.86000061035156,88.22989654541016,87.81999969482422,88.18000030517578,107657
2024-10-31 14:30:00-04:00,88.08000183105469,88.19999694824219,87.66000366210938,87.88999938964844,161451
2024-10-31 15:30:00-04:00,87.69999694824219,88.52999877929688,87.69000244140625,88.0999984741211,378798
2024-11-01 09:30:00-04:00,87.49500274658203,88.69999694824219,86.63999938964844,88.61000061035156,464665
2024-11-01 10:30:00-04:00,88.27999877929688,88.33000183105469,87.12879943847656,87.5,154503
2024-11-01 11:30:00-04:00,87.91000366210938,88.33999633789062,87.73999786376953,88.28600311279297,120079
2024-11-01 12:30:00-04:00,87.58999633789062,88.30000305175781,87.26000213623047,87.91999816894531,137040
2024-11-01 13:30:00-04:00,86.58999633789062,87.55999755859375,86.25689697265625,87.55999755859375,200085
2024-11-01 14:30:00-04:00,87.09500122070312,87.16999816894531,86.47000122070312,86.58999633789062,185574
2024-11-01 15:30:00-04:00,87.55000305175781,87.7699966430664,87.04000091552734,87.12000274658203,485546
2024-11-04 09:30:00-05:00,86.4800033569336,87.08999633789062,85.5999984741211,87.0,380708
2024-11-04 10:30:00-05:00,86.81999969482422,87.2300033569336,86.26000213623047,86.44000244140625,247982
2024-11-04 11:30:00-05:00,86.76000213623047,86.94000244140625,86.12999725341797,86.77999877929688,160772
2024-11-04 12:30:00-05:00,86.69000244140625,86.96499633789062,86.48999786376953,86.7699966430664,150333
2024-11-04 13:30:00-05:00,87.21499633789062,87.27999877929688,86.66999816894531,86.69000244140625,148272
2024-11-04 14:30:00-05:00,87.23999786376953,87.76000213623047,87.06999969482422,87.21499633789062,272845
2024-11-04 15:30:00-05:00,86.48999786376953,87.26000213623047,86.47000122070312,87.23999786376953,407914
2024-11-05 09:30:00-05:00,87.13999938964844,87.72000122070312,86.42500305175781,86.91999816894531,362672
2024-11-05 10:30:00-05:00,87.02999877929688,87.27999877929688,86.48500061035156,87.16000366210938,217196
2024-11-05 11:30:00-05:00,87.01000213623047,87.09500122070312,86.52999877929688,87.0,169458
2024-11-05 12:30:00-05:00,87.02050018310547,87.30000305175781,86.93499755859375,87.05000305175781,149787
2024-11-05 13:30:00-05:00,87.66500091552734,87.69999694824219,86.95999908447266,87.05500030517578,191257
2024-11-05 14:30:00-05:00,87.97000122070312,87.9999008178711,87.56999969482422,87.6624984741211,189437
2024-11-05 15:30:00-05:00,87.69999694824219,88.1500015258789,87.39250183105469,87.97000122070312,399766
2024-11-06 09:30:00-05:00,91.1500015258789,91.25,89.81500244140625,90.25,567644
2024-11-06 10:30:00-05:00,91.91999816894531,92.05999755859375,90.93000030517578,91.1500015258789,347808
2024-11-06 11:30:00-05:00,91.93000030517578,92.0199966430664,91.48400115966797,91.87999725341797,299968
2024-11-06 12:30:00-05:00,92.0,92.1500015258789,91.73999786376953,91.91010284423828,298027
2024-11-06 13:30:00-05:00,91.87999725341797,92.16999816894531,91.44000244140625,91.98999786376953,223099
2024-11-06 14:30:00-05:00,92.13999938964844,92.30000305175781,91.74500274658203,91.87999725341797,307160
2024-11-06 15:30:00-05:00,92.48999786376953,92.62000274658203,91.97000122070312,92.16000366210938,529932
2024-11-07 09:30:00-05:00,94.95149993896484,96.08000183105469,94.11009979248047,94.88999938964844,1071347
2024-11-07 10:30:00-05:00,95.7300033569336,95.80999755859375,94.5,94.97000122070312,753549
2024-11-07 11:30:00-05:00,95.43000030517578,95.7300033569336,95.1072998046875,95.66999816894531,624136
2024-11-07 12:30:00-05:00,95.83999633789062,95.8499984741211,94.83000183105469,95.44999694824219,540555
2024-11-07 13:30:00-05:00,96.9749984741211,97.05999755859375,95.52999877929688,95.87989807128906,973486
2024-11-07 14:30:00-05:00,96.98999786376953,97.20999908447266,96.33650207519531,96.93000030517578,898603
2024-11-07 15:30:00-05:00,95.68000030517578,97.53250122070312,95.41000366210938,96.98999786376953,1243764
2024-11-08 09:30:00-05:00,88.5,90.5,87.23999786376953,88.44999694824219,2246350
2024-11-08 10:30:00-05:00,88.75,89.30999755859375,87.89179992675781,88.5,1004302
2024-11-08 11:30:00-05:00,88.30000305175781,88.77999877929688,88.05999755859375,88.72000122070312,550260
2024-11-08 12:30:00-05:00,89.86000061035156,90.0999984741211,88.11009979248047,88.2699966430664,617342
2024-11-08 13:30:00-05:00,90.58499908447266,91.31999969482422,89.61000061035156,89.80000305175781,806836
2024-11-08 14:30:00-05:00,91.49909973144531,92.12000274658203,90.26000213623047,90.59190368652344,795688
2024-11-08 15:30:00-05:00,91.23999786376953,92.19999694824219,91.19999694824219,91.55000305175781,1236236
2024-11-11 09:30:00-05:00,92.44000244140625,93.68000030517578,90.80000305175781,91.25,943289
2024-11-11 10:30:00-05:00,94.1500015258789,94.35990142822266,92.33000183105469,92.41999816894531,558783
2024-11-11 11:30:00-05:00,94.62999725341797,95.36000061035156,94.02999877929688,94.16999816894531,502845
2024-11-11 12:30:00-05:00,93.19999694824219,94.83999633789062,93.09010314941406,94.63500213623047,326570
2024-11-11 13:30:00-05:00,93.12210083007812,93.83000183105469,92.8301010131836,93.19999694824219,217517
2024-11-11 14:30:00-05:00,93.79000091552734,93.97000122070312,92.29000091552734,93.05999755859375,401323
2024-11-11 15:30:00-05:00,93.23999786376953,93.79000091552734,92.7249984741211,93.77999877929688,986494
2024-11-12 09:30:00-05:00,91.55999755859375,93.9999008178711,91.3499984741211,92.88999938964844,522481
2024-11-12 10:30:00-05:00,90.72000122070312,91.91999816894531,90.2300033569336,91.63999938964844,293986
2024-11-12 11:30:00-05:00,90.18000030517578,91.12999725341797,90.01000213623047,90.81999969482422,255117
2024-11-12 12:30:00-05:00,90.41000366210938,90.5,89.44999694824219,90.23500061035156,241878
2024-11-12 13:30:00-05:00,90.73999786376953,90.875,90.1050033569336,90.41000366210938,210855
2024-11-12 14:30:00-05:00,91.25,91.7699966430664,90.7300033569336,90.74500274658203,295958
2024-11-12 15:30:00-05:00,90.9000015258789,91.5,90.80999755859375,91.25,399140
2024-11-13 09:30:00-05:00,97.256103515625,97.5,91.25,91.41999816894531,1534507
2024-11-13 10:30:00-05:00,98.98609924316406,99.06999969482422,96.86000061035156,97.20999908447266,1161613
2024-11-13 11:30:00-05:00,98.30000305175781,99.16999816894531,98.08000183105469,98.94000244140625,552797
2024-11-13 12:30:00-05:00,96.79499816894531,98.37999725341797,96.43000030517578,98.30000305175781,448564
2024-11-13 13:30:00-05:00,94.13999938964844,96.87999725341797,93.76000213623047,96.80000305175781,602071
2024-11-13 14:30:00-05:00,93.55999755859375,94.2300033569336,93.25,94.0999984741211,479302
2024-11-13 15:30:00-05:00,94.16000366210938,94.27999877929688,93.20999908447266,93.53500366210938,689355
2024-11-14 09:30:00-05:00,91.52999877929688,95.44999694824219,91.05999755859375,94.45999908447266,634258
2024-11-14 10:30:00-05:00,92.1050033569336,92.27999877929688,91.19999694824219,91.52999877929688,437168
2024-11-14 11:30:00-05:00,92.40499877929688,92.87000274658203,91.9177017211914,92.06999969482422,235914
2024-11-14 12:30:00-05:00,93.30000305175781,93.55000305175781,92.19010162353516,92.3949966430664,235080
2024-11-14 13:30:00-05:00,93.16999816894531,93.44000244140625,92.9000015258789,93.33000183105469,196927
2024-11-14 14:30:00-05:00,92.24500274658203,93.22000122070312,91.83999633789062,93.17140197753906,279369
2024-11-14 15:30:00-05:00,92.01000213623047,92.41999816894531,91.71499633789062,92.26000213623047,424441
2024-11-15 09:30:00-05:00,88.2300033569336,91.12999725341797,88.2300033569336,90.43000030517578,606468
2024-11-15 10:30:00-05:00,88.6500015258789,88.75,87.7699966430664,88.22000122070312,509625
2024-11-15 11:30:00-05:00,88.63999938964844,88.87000274658203,88.28250122070312,88.67500305175781,271219
2024-11-15 12:30:00-05:00,88.88999938964844,88.88999938964844,88.12000274658203,88.625,265573
2024-11-15 13:30:00-05:00,88.75499725341797,89.06999969482422,88.6272964477539,88.86000061035156,231483
2024-11-15 14:30:00-05:00,89.62000274658203,89.9000015258789,88.7300033569336,88.75499725341797,404805
2024-11-15 15:30:00-05:00,89.81999969482422,90.19999694824219,89.44999694824219,89.63999938964844,746894
2024-11-18 09:30:00-05:00,90.73500061035156,90.76000213623047,89.55000305175781,89.9749984741211,915797
2024-11-18 10:30:00-05:00,92.29000091552734,92.87000274658203,90.58999633789062,90.7300033569336,477147
2024-11-18 11:30:00-05:00,92.33000183105469,92.4800033569336,91.83999633789062,92.25,205083
2024-11-18 12:30:00-05:00,91.81999969482422,92.29000091552734,91.51000213623047,92.25,159693
2024-11-18 13:30:00-05:00,92.19000244140625,92.37999725341797,91.7300033569336,91.86000061035156,255064
2024-11-18 14:30:00-05:00,92.63999938964844,92.68000030517578,92.0199966430664,92.19000244140625,215432
2024-11-18 15:30:00-05:00,92.31999969482422,92.9000015258789,92.30000305175781,92.63999938964844,609880
2024-11-19 09:30:00-05:00,93.55999755859375,94.44999694824219,91.41999816894531,91.46499633789062,467555
2024-11-19 10:30:00-05:00,94.31500244140625,94.44000244140625,93.55999755859375,93.61000061035156,311101
2024-11-19 11:30:00-05:00,94.18000030517578,94.62000274658203,93.77999877929688,94.27790069580078,213368
2024-11-19 12:30:00-05:00,94.87999725341797,95.08000183105469,93.91999816894531,94.0999984741211,306774
2024-11-19 13:30:00-05:00,95.79000091552734,95.88999938964844,94.69499969482422,94.87999725341797,358745
2024-11-19 14:30:00-05:00,95.88999938964844,95.91000366210938,95.26000213623047,95.80999755859375,374382
2024-11-19 15:30:00-05:00,96.37999725341797,96.55999755859375,95.77999877929688,95.88999938964844,770775
2024-11-20 09:30:00-05:00,94.18499755859375,96.95999908447266,93.16000366210938,96.55999755859375,442297
2024-11-20 10:30:00-05:00,94.53500366210938,94.68000030517578,93.80049896240234,94.08000183105469,259989
2024-11-20 11:30:00-05:00,94.47000122070312,94.69000244140625,93.63999938964844,94.52999877929688,166840
2024-11-20 12:30:00-05:00,95.66000366210938,95.69999694824219,94.37999725341797,94.37999725341797,227759
2024-11-20 13:30:00-05:00,95.56999969482422,95.70999908447266,95.29000091552734,95.62999725341797,210147
2024-11-20 14:30:00-05:00,96.45999908447266,96.4999008178711,95.52999877929688,95.56999969482422,239669
2024-11-20 15:30:00-05:00,96.45999908447266,96.7300033569336,95.95999908447266,96.47000122070312,466215
2024-11-21 09:30:00-05:00,102.72000122070312,103.95999908447266,99.33000183105469,99.76000213623047,1947193
2024-11-21 10:30:00-05:00,103.91999816894531,104.05000305175781,102.0,102.72000122070312,640235
2024-11-21 11:30:00-05:00,103.80999755859375,103.99340057373047,103.02999877929688,103.95999908447266,456705
2024-11-21 12:30:00-05:00,103.7699966430664,104.25,103.25,103.83999633789062,324403
2024-11-21 13:30:00-05:00,103.48999786376953,104.0,103.15010070800781,103.81999969482422,389350
2024-11-21 14:30:00-05:00,104.18000030517578,104.19000244140625,103.33000183105469,103.49009704589844,374671
2024-11-21 15:30:00-05:00,104.20999908447266,104.48999786376953,103.93000030517578,104.19000244140625,1208901
2024-11-22 09:30:00-05:00,103.86750030517578,104.94999694824219,102.87000274658203,104.0,590745
2024-11-22 10:30:00-05:00,105.12000274658203,105.17990112304688,103.52999877929688,103.82499694824219,394265
2024-11-22 11:30:00-05:00,105.4800033569336,105.94000244140625,104.6488037109375,105.09500122070312,302816
2024-11-22 12:30:00-05:00,105.36000061035156,105.75,104.98999786376953,105.4800033569336,249469
2024-11-22 13:30:00-05:00,104.28970336914062,105.41999816894531,104.28970336914062,105.37999725341797,301876
2024-11-22 14:30:00-05:00,103.91999816894531,104.50499725341797,103.70999908447266,104.31999969482422,300069
2024-11-22 15:30:00-05:00,104.19999694824219,104.55999755859375,103.36000061035156,103.87000274658203,633408
2024-11-25 09:30:00-05:00,105.56999969482422,106.75,104.62100219726562,106.75,543848
2024-11-25 10:30:00-05:00,104.51110076904297,105.95999908447266,104.3499984741211,105.48999786376953,240481
2024-11-25 11:30:00-05:00,103.95999908447266,104.83999633789062,103.83999633789062,104.58000183105469,259624
2024-11-25 12:30:00-05:00,105.12000274658203,105.19000244140625,104.04000091552734,104.04000091552734,206786
2024-11-25 13:30:00-05:00,103.99500274658203,105.31999969482422,103.36000061035156,105.12999725341797,248012
2024-11-25 14:30:00-05:00,103.33999633789062,104.37000274658203,103.07890319824219,103.99500274658203,269777
2024-11-25 15:30:00-05:00,103.7699966430664,103.9800033569336,103.25,103.3499984741211,451680
2024-11-26 09:30:00-05:00,104.37999725341797,105.0,103.52999877929688,104.0,390607
2024-11-26 10:30:00-05:00,103.41500091552734,105.0,103.41000366210938,104.31999969482422,216009
2024-11-26 11:30:00-05:00,103.91500091552734,103.91999816894531,103.125,103.45999908447266,177215
2024-11-26 12:30:00-05:00,103.24749755859375,103.98999786376953,103.17500305175781,103.87999725341797,158211
2024-11-26 13:30:00-05:00,102.3949966430664,103.30999755859375,102.33999633789062,103.18000030517578,165137
2024-11-26 14:30:00-05:00,102.08000183105469,102.60990142822266,101.9397964477539,102.41999816894531,245271
2024-11-26 15:30:00-05:00,102.20999908447266,102.25,101.66999816894531,102.05000305175781,688752
2024-11-27 09:30:00-05:00,99.67500305175781,101.87999725341797,99.30000305175781,101.87999725341797,553080
2024-11-27 10:30:00-05:00,98.7300033569336,99.70999908447266,98.6500015258789,99.66999816894531,543899
2024-11-27 11:30:00-05:00,98.7249984741211,99.27999877929688,98.58000183105469,98.76000213623047,160446
2024-11-27 12:30:00-05:00,99.6500015258789,99.91999816894531,98.62000274658203,98.7249984741211,148544
2024-11-27 13:30:00-05:00,99.1449966430664,99.94999694824219,99.0,99.62000274658203,153978
2024-11-27 14:30:00-05:00,99.47000122070312,99.83999633789062,98.9800033569336,99.1449966430664,174650
2024-11-27 15:30:00-05:00,99.36000061035156,99.68000030517578,99.22000122070312,99.44000244140625,348929
2024-11-29 09:30:00-05:00,100.3499984741211,101.13999938964844,98.88999938964844,99.55999755859375,266810
2024-11-29 10:30:00-05:00,99.95999908447266,100.76000213623047,99.87999725341797,100.19000244140625,127181
2024-11-29 11:30:00-05:00,100.5,100.5199966430664,99.63999938964844,99.9749984741211,166446
2024-12-02 09:30:00-05:00,108.26000213623047,108.61699676513672,104.94999694824219,106.02999877929688,1845641
2024-12-02 10:30:00-05:00,106.48999786376953,108.22000122070312,105.91000366210938,108.18000030517578,433091
2024-12-02 11:30:00-05:00,106.1500015258789,106.94999694824219,105.94999694824219,106.52369689941406,304248
2024-12-02 12:30:00-05:00,105.77999877929688,106.0999984741211,105.12999725341797,106.0999984741211,286589
2024-12-02 13:30:00-05:00,106.18000030517578,106.6626968383789,105.75,105.83000183105469,273477
2024-12-02 14:30:00-05:00,105.79000091552734,106.5,105.79000091552734,106.13009643554688,384713
2024-12-02 15:30:00-05:00,105.05999755859375,105.95989990234375,104.61000061035156,105.77999877929688,665358
2024-12-03 09:30:00-05:00,105.43000030517578,105.88939666748047,103.20999908447266,103.88500213623047,298925
2024-12-03 10:30:00-05:00,104.75,105.62000274658203,104.06999969482422,105.54000091552734,133969
2024-12-03 11:30:00-05:00,104.125,104.93710327148438,104.125,104.79499816894531,109543
2024-12-03 12:30:00-05:00,104.47000122070312,104.7499008178711,103.95999908447266,104.10250091552734,195909
2024-12-03 13:30:00-05:00,104.7300033569336,104.78269958496094,104.27999877929688,104.44000244140625,170142
2024-12-03 14:30:00-05:00,104.93000030517578,104.93000030517578,104.33499908447266,104.7249984741211,146167
2024-12-03 15:30:00-05:00,104.93000030517578,105.19400024414062,104.66000366210938,104.93000030517578,332145
2024-12-04 09:30:00-05:00,110.0,110.36000061035156,106.94000244140625,107.0,997867
2024-12-04 10:30:00-05:00,109.58000183105469,110.62999725341797,109.16999816894531,109.87999725341797,482355
2024-12-04 11:30:00-05:00,110.36499786376953,110.74030303955078,109.38999938964844,109.5999984741211,293682
2024-12-04 12:30:00-05:00,109.7300033569336,110.34989929199219,109.56999969482422,110.33999633789062,262058
2024-12-04 13:30:00-05:00,110.0,110.12999725341797,109.25,109.68009948730469,354446
2024-12-04 14:30:00-05:00,110.05989837646484,110.19000244140625,109.66500091552734,110.01000213623047,326672
2024-12-04 15:30:00-05:00,110.7300033569336,110.8499984741211,109.875,110.01000213623047,1148211
2024-12-05 09:30:00-05:00,111.63700103759766,112.19000244140625,108.63990020751953,109.41000366210938,495557
2024-12-05 10:30:00-05:00,111.79000091552734,112.43000030517578,111.13999938964844,111.75,329607
2024-12-05 11:30:00-05:00,111.55000305175781,112.00990295410156,111.26000213623047,111.76000213623047,169683
2024-12-05 12:30:00-05:00,111.1500015258789,112.83989715576172,110.91999816894531,111.5199966430664,779756
2024-12-05 13:30:00-05:00,111.94840240478516,112.05999755859375,111.04650115966797,111.16000366210938,314827
2024-12-05 14:30:00-05:00,111.43000030517578,112.08100128173828,111.02999877929688,111.87999725341797,407628
2024-12-05 15:30:00-05:00,110.45999908447266,111.48999786376953,110.30000305175781,111.44999694824219,536635
2024-12-06 09:30:00-05:00,112.11000061035156,112.63999938964844,110.3499984741211,111.27999877929688,432069
2024-12-06 10:30:00-05:00,112.77999877929688,112.9000015258789,112.11000061035156,112.16000366210938,281049
2024-12-06 11:30:00-05:00,113.17500305175781,113.2750015258789,112.4800033569336,112.77999877929688,237624
2024-12-06 12:30:00-05:00,113.38999938964844,113.58000183105469,113.0,113.22000122070312,244488
2024-12-06 13:30:00-05:00,113.08499908447266,113.37999725341797,112.87000274658203,113.37999725341797,263830
2024-12-06 14:30:00-05:00,113.37999725341797,113.55999755859375,113.04000091552734,113.125,257295
2024-12-06 15:30:00-05:00,112.95999908447266,113.69999694824219,112.94999694824219,113.375,660846
2024-12-09 09:30:00-05:00,112.12999725341797,114.69499969482422,112.0,112.95999908447266,592026
2024-12-09 10:30:00-05:00,112.73999786376953,113.0,111.27999877929688,112.1239013671875,657347
2024-12-09 11:30:00-05:00,113.23999786376953,113.45500183105469,112.47000122070312,112.74500274658203,183578
2024-12-09 12:30:00-05:00,113.87879943847656,113.88880157470703,112.9800033569336,113.23999786376953,203237
2024-12-09 13:30:00-05:00,114.04000091552734,114.3499984741211,113.6500015258789,113.83499908447266,201384
2024-12-09 14:30:00-05:00,113.73999786376953,114.2699966430664,113.5999984741211,114.03500366210938,331037
2024-12-09 15:30:00-05:00,113.87999725341797,114.4800033569336,113.48999786376953,113.73999786376953,745203
2024-12-10 09:30:00-05:00,112.4000015258789,113.87000274658203,111.91000366210938,112.80000305175781,329656
2024-12-10 10:30:00-05:00,111.91000366210938,113.20999908447266,111.4000015258789,112.33999633789062,289426
2024-12-10 11:30:00-05:00,111.87000274658203,112.12999725341797,110.7699966430664,111.80999755859375,203860
2024-12-10 12:30:00-05:00,110.66000366210938,112.1500015258789,110.1500015258789,111.8499984741211,246555
2024-12-10 13:30:00-05:00,110.8949966430664,111.20999908447266,110.62000274658203,110.6500015258789,341145
2024-12-10 14:30:00-05:00,110.19000244140625,111.04000091552734,109.91999816894531,110.875,334767
2024-12-10 15:30:00-05:00,111.26000213623047,111.44499969482422,109.7300033569336,110.23999786376953,682841
2024-12-11 09:30:00-05:00,113.94999694824219,114.18990325927734,112.0,112.3949966430664,430544
2024-12-11 10:30:00-05:00,114.29000091552734,114.4000015258789,113.22899627685547,114.0,247910
2024-12-11 11:30:00-05:00,115.29000091552734,115.48179626464844,113.94499969482422,114.26499938964844,302605
2024-12-11 12:30:00-05:00,115.76000213623047,115.83999633789062,115.08999633789062,115.29000091552734,215505
2024-12-11 13:30:00-05:00,114.97489929199219,115.76000213623047,114.69000244140625,115.76000213623047,228575
2024-12-11 14:30:00-05:00,114.87999725341797,115.12000274658203,114.51499938964844,114.96980285644531,228317
2024-12-11 15:30:00-05:00,114.51000213623047,114.98999786376953,114.18000030517578,114.91000366210938,556659
2024-12-12 09:30:00-05:00,113.83999633789062,114.16059875488281,111.33000183105469,112.4000015258789,297912
2024-12-12 10:30:00-05:00,114.16000366210938,114.41999816894531,113.44000244140625,113.93990325927734,117386
2024-12-12 11:30:00-05:00,114.15499877929688,114.26000213623047,113.4749984741211,114.21499633789062,144963
2024-12-12 12:30:00-05:00,114.69999694824219,114.83999633789062,113.80999755859375,114.19999694824219,167999
2024-12-12 13:30:00-05:00,113.73999786376953,114.70999908447266,113.63999938964844,114.70999908447266,97512
2024-12-12 14:30:00-05:00,113.69999694824219,114.08999633789062,113.52999877929688,113.7699966430664,140999
2024-12-12 15:30:00-05:00,114.9000015258789,115.12000274658203,113.7499008178711,113.7499008178711,446040
2024-12-13 09:30:00-05:00,113.2699966430664,115.29000091552734,113.1500015258789,114.80000305175781,329836
2024-12-13 10:30:00-05:00,113.46700286865234,114.12689971923828,112.61000061035156,113.25,244973
2024-12-13 11:30:00-05:00,113.0250015258789,113.5250015258789,112.87000274658203,113.375,102985
2024-12-13 12:30:00-05:00,113.83280181884766,113.86000061035156,112.8499984741211,113.0,209377
2024-12-13 13:30:00-05:00,114.11000061035156,114.11000061035156,113.62999725341797,113.83000183105469,101167
2024-12-13 14:30:00-05:00,113.51000213623047,114.1500015258789,113.0999984741211,114.09500122070312,174426
2024-12-13 15:30:00-05:00,113.62999725341797,113.94999694824219,113.37000274658203,113.55999755859375,492772
2024-12-16 09:30:00-05:00,113.37999725341797,114.08999633789062,112.51000213623047,113.9000015258789,337194
2024-12-16 10:30:00-05:00,112.86000061035156,114.08999633789062,112.79000091552734,113.38999938964844,189069
2024-12-16 11:30:00-05:00,113.0999984741211,113.19000244140625,112.16999816894531,112.81999969482422,203266
2024-12-16 12:30:00-05:00,114.66500091552734,114.69499969482422,112.98999786376953,113.05000305175781,209153
2024-12-16 13:30:00-05:00,114.81999969482422,114.83999633789062,114.30999755859375,114.5999984741211,183791
2024-12-16 14:30:00-05:00,114.72000122070312,115.43000030517578,114.66000366210938,114.80000305175781,221685
2024-12-16 15:30:00-05:00,114.66000366210938,115.0999984741211,114.31099700927734,114.68000030517578,411337
2024-12-17 09:30:00-05:00,116.5,118.96990203857422,116.01010131835938,118.2300033569336,1413815
2024-12-17 10:30:00-05:00,118.5199966430664,118.9000015258789,116.2300033569336,116.5,423970
2024-12-17 11:30:00-05:00,117.30999755859375,119.41999816894531,117.05000305175781,118.41999816894531,301726
2024-12-17 12:30:00-05:00,117.55999755859375,117.79000091552734,117.1500015258789,117.31999969482422,176266
2024-12-17 13:30:00-05:00,117.91000366210938,118.01000213623047,117.5199966430664,117.56999969482422,192654
2024-12-17 14:30:00-05:00,117.80000305175781,118.1500015258789,117.63999938964844,117.91000366210938,308568
2024-12-17 15:30:00-05:00,117.58000183105469,118.27999877929688,117.51000213623047,117.83999633789062,565155
2024-12-18 09:30:00-05:00,114.98999786376953,117.58000183105469,114.3499984741211,117.58000183105469,613762
2024-12-18 10:30:00-05:00,115.2249984741211,115.79000091552734,114.19999694824219,115.06999969482422,394957
2024-12-18 11:30:00-05:00,114.10990142822266,115.25,113.9800033569336,115.25,230331
2024-12-18 12:30:00-05:00,114.36000061035156,114.65290069580078,113.90499877929688,114.0250015258789,249216
2024-12-18 13:30:00-05:00,112.58000183105469,114.55999755859375,112.55000305175781,114.36000061035156,414338
2024-12-18 14:30:00-05:00,110.34200286865234,113.0999984741211,110.19000244140625,112.5,643543
2024-12-18 15:30:00-05:00,109.0199966430664,110.62989807128906,108.47000122070312,110.41000366210938,932511
2024-12-19 09:30:00-05:00,107.1449966430664,111.12999725341797,107.0,110.26000213623047,819369
2024-12-19 10:30:00-05:00,108.94999694824219,108.9800033569336,107.05999755859375,107.0999984741211,306120
2024-12-19 11:30:00-05:00,107.97000122070312,109.47000122070312,107.86000061035156,108.94999694824219,246628
2024-12-19 12:30:00-05:00,109.0999984741211,109.0999984741211,107.92469787597656,108.01000213623047,297441
2024-12-19 13:30:00-05:00,109.08999633789062,109.45999908447266,108.7699966430664,109.05000305175781,175429
2024-12-19 14:30:00-05:00,109.06999969482422,109.27989959716797,108.37999725341797,109.08000183105469,256452
2024-12-19 15:30:00-05:00,108.5999984741211,109.18599700927734,108.30020141601562,109.05000305175781,473737
2024-12-20 09:30:00-05:00,112.08000183105469,112.19000244140625,107.06999969482422,108.0,545685
2024-12-20 10:30:00-05:00,113.12000274658203,113.41000366210938,111.73999786376953,112.10549926757812,330360
2024-12-20 11:30:00-05:00,113.12000274658203,113.5,112.31999969482422,113.12000274658203,214373
2024-12-20 12:30:00-05:00,111.70500183105469,113.06900024414062,111.6500015258789,113.0199966430664,206804
2024-12-20 13:30:00-05:00,112.38999938964844,112.38999938964844,111.58999633789062,111.61000061035156,202065
2024-12-20 14:30:00-05:00,112.29000091552734,112.69999694824219,112.0,112.4000015258789,310066
2024-12-20 15:30:00-05:00,112.66999816894531,112.75,111.70999908447266,112.29000091552734,767935
2024-12-23 09:30:00-05:00,111.0999984741211,113.2699966430664,110.52999877929688,112.16000366210938,450689
2024-12-23 10:30:00-05:00,111.7699966430664,111.9000015258789,110.86000061035156,111.05000305175781,106474
2024-12-23 11:30:00-05:00,112.07499694824219,112.36000061035156,111.2699966430664,111.81999969482422,195420
2024-12-23 12:30:00-05:00,111.30000305175781,112.34400177001953,111.20999908447266,112.08319854736328,90274
2024-12-23 13:30:00-05:00,111.94499969482422,112.25,111.25,111.29000091552734,87093
2024-12-23 14:30:00-05:00,111.47000122070312,112.08999633789062,111.0999984741211,111.94000244140625,117437
2024-12-23 15:30:00-05:00,111.69000244140625,111.85990142822266,111.23999786376953,111.37000274658203,294764
2024-12-24 09:30:00-05:00,112.42500305175781,113.09989929199219,111.70269775390625,111.75,123238
2024-12-24 10:30:00-05:00,112.41000366210938,112.80000305175781,112.30000305175781,112.56999969482422,93556
2024-12-24 11:30:00-05:00,112.1406021118164,112.43000030517578,112.01000213623047,112.3550033569336,95621
2024-12-26 09:30:00-05:00,113.0,113.04000091552734,111.55000305175781,112.11000061035156,91958
2024-12-26 10:30:00-05:00,112.76000213623047,113.27950286865234,112.51000213623047,113.02999877929688,91336
2024-12-26 11:30:00-05:00,112.63500213623047,113.54000091552734,112.62000274658203,113.05000305175781,63557
2024-12-26 12:30:00-05:00,112.83999633789062,112.86000061035156,112.5,112.70999908447266,72053
2024-12-26 13:30:00-05:00,112.5999984741211,112.87960052490234,112.47000122070312,112.87960052490234,62862
2024-12-26 14:30:00-05:00,112.76000213623047,112.9800033569336,112.52999877929688,112.56999969482422,94076
2024-12-26 15:30:00-05:00,112.66000366210938,112.9749984741211,112.5,112.72000122070312,193934
2024-12-27 09:30:00-05:00,109.04000091552734,112.36000061035156,108.9175033569336,111.94499969482422,220561
2024-12-27 10:30:00-05:00,109.44999694824219,109.49500274658203,108.62000274658203,109.04000091552734,165170
2024-12-27 11:30:00-05:00,108.76499938964844,109.80000305175781,108.51000213623047,109.4749984741211,120592
2024-12-27 12:30:00-05:00,109.01499938964844,109.05999755859375,108.21029663085938,108.69000244140625,85647
2024-12-27 13:30:00-05:00,109.11000061035156,109.62000274658203,108.94000244140625,108.97000122070312,91388
2024-12-27 14:30:00-05:00,109.68000030517578,109.90170288085938,109.0022964477539,109.08499908447266,115558
2024-12-27 15:30:00-05:00,110.6500015258789,110.91000366210938,109.6500015258789,109.68000030517578,536970
2024-12-30 09:30:00-05:00,108.00499725341797,109.3499984741211,107.48999786376953,108.66999816894531,298924
2024-12-30 10:30:00-05:00,108.83000183105469,108.92250061035156,107.88780212402344,108.05999755859375,153744
2024-12-30 11:30:00-05:00,108.8499984741211,109.31999969482422,108.63999938964844,108.71499633789062,134450
2024-12-30 12:30:00-05:00,108.86499786376953,109.4000015258789,108.61000061035156,108.8499984741211,105418
2024-12-30 13:30:00-05:00,108.79000091552734,109.30999755859375,108.6500015258789,108.79000091552734,134261
2024-12-30 14:30:00-05:00,108.69999694824219,109.26499938964844,108.61000061035156,108.81999969482422,133423
2024-12-30 15:30:00-05:00,108.98999786376953,109.1500015258789,108.66999816894531,108.72000122070312,335820
2024-12-31 09:30:00-05:00,108.68499755859375,109.04000091552734,107.30000305175781,109.0,220430
2024-12-31 10:30:00-05:00,108.04000091552734,108.80999755859375,107.87000274658203,108.76000213623047,108485
2024-12-31 11:30:00-05:00,107.68499755859375,108.27999877929688,107.62000274658203,108.1050033569336,84517
2024-12-31 12:30:00-05:00,107.4000015258789,108.19999694824219,107.2699966430664,107.62000274658203,98464
2024-12-31 13:30:00-05:00,107.2699966430664,107.6500015258789,106.98600006103516,107.38030242919922,118075
2024-12-31 14:30:00-05:00,108.28500366210938,108.33000183105469,107.05999755859375,107.25,144084
2024-12-31 15:30:00-05:00,107.69999694824219,108.41000366210938,107.55999755859375,108.31999969482422,314496
2025-01-02 09:30:00-05:00,113.69999694824219,114.75,110.68000030517578,114.5,1192720
2025-01-02 10:30:00-05:00,113.94999694824219,114.45909881591797,112.44000244140625,113.5999984741211,477276
2025-01-02 11:30:00-05:00,112.86000061035156,114.39299774169922,112.69999694824219,113.94000244140625,371061
2025-01-02 12:30:00-05:00,112.52999877929688,112.99500274658203,112.22000122070312,112.79499816894531,415929
2025-01-02 13:30:00-05:00,112.75,112.8550033569336,111.86000061035156,112.52999877929688,306218
2025-01-02 14:30:00-05:00,112.37999725341797,112.81999969482422,112.0999984741211,112.81999969482422,310106
2025-01-02 15:30:00-05:00,112.62000274658203,112.66000366210938,112.05999755859375,112.37999725341797,602631
2025-01-03 09:30:00-05:00,113.30999755859375,114.48999786376953,112.05999755859375,113.4000015258789,592632
2025-01-03 10:30:00-05:00,113.55999755859375,113.68000030517578,112.61000061035156,113.23999786376953,332952
2025-01-03 11:30:00-05:00,113.04000091552734,114.25990295410156,112.88999938964844,113.51000213623047,232630
2025-01-03 12:30:00-05:00,113.3550033569336,113.37000274658203,112.72000122070312,113.12000274658203,225619
2025-01-03 13:30:00-05:00,114.33999633789062,114.44000244140625,113.3104019165039,113.38999938964844,282769
2025-01-03 14:30:00-05:00,114.13700103759766,114.54499816894531,113.72000122070312,114.28009796142578,400864
2025-01-03 15:30:00-05:00,114.75,114.80000305175781,113.75,114.08499908447266,638106
2025-01-06 09:30:00-05:00,114.88999938964844,117.08000183105469,112.80999755859375,116.36499786376953,626763
2025-01-06 10:30:00-05:00,114.98500061035156,115.5,114.26000213623047,114.88999938964844,229908
2025-01-06 11:30:00-05:00,113.30000305175781,115.0,113.11000061035156,114.98500061035156,247096
2025-01-06 12:30:00-05:00,113.41000366210938,113.61000061035156,112.87999725341797,113.3468017578125,166541
2025-01-06 13:30:00-05:00,113.33499908447266,113.47000122070312,112.51519775390625,113.45999908447266,202589
2025-01-06 14:30:00-05:00,113.8927993774414,113.91999816894531,113.0,113.33499908447266,195779
2025-01-06 15:30:00-05:00,114.0,114.35079956054688,113.79000091552734,113.87000274658203,409108
2025-01-07 09:30:00-05:00,115.76000213623047,118.12999725341797,115.0999984741211,116.63999938964844,1138112
2025-01-07 10:30:00-05:00,115.04499816894531,115.76000213623047,113.26000213623047,115.76000213623047,380609
2025-01-07 11:30:00-05:00,115.19999694824219,115.30000305175781,113.72010040283203,115.04000091552734,319750
2025-01-07 12:30:00-05:00,115.16000366210938,115.5999984741211,114.0199966430664,115.13999938964844,260549
2025-01-07 13:30:00-05:00,114.38999938964844,115.2699966430664,114.11000061035156,115.12999725341797,244384
2025-01-07 14:30:00-05:00,113.57499694824219,114.5,113.06999969482422,114.37000274658203,295466
2025-01-07 15:30:00-05:00,113.66999816894531,114.05999755859375,112.94999694824219,113.55000305175781,556832
2025-01-08 09:30:00-05:00,112.04000091552734,113.62999725341797,111.48500061035156,112.43000030517578,446794
2025-01-08 10:30:00-05:00,112.43000030517578,112.77999877929688,111.5199966430664,112.12000274658203,146609
2025-01-08 11:30:00-05:00,111.80999755859375,113.41000366210938,111.69999694824219,112.5199966430664,102797
2025-01-08 12:30:00-05:00,114.5250015258789,114.75,111.7699966430664,111.98539733886719,160106
2025-01-08 13:30:00-05:00,115.66000366210938,115.69499969482422,113.94000244140625,114.43000030517578,276521
2025-01-08 14:30:00-05:00,115.3499984741211,115.55999755859375,114.97000122070312,115.55000305175781,260809
2025-01-08 15:30:00-05:00,115.5999984741211,115.9000015258789,114.86000061035156,115.37999725341797,585908
2025-01-10 09:30:00-05:00,111.95500183105469,112.7300033569336,109.5009994506836,111.12999725341797,665625
2025-01-10 10:30:00-05:00,111.19999694824219,112.37000274658203,110.80000305175781,111.81999969482422,251704
2025-01-10 11:30:00-05:00,111.34500122070312,112.06999969482422,110.80999755859375,111.20999908447266,176530
2025-01-10 12:30:00-05:00,112.26000213623047,112.4000015258789,111.2300033569336,111.34500122070312,145424
2025-01-10 13:30:00-05:00,112.62000274658203,112.69999694824219,111.83999633789062,112.30999755859375,141961
2025-01-10 14:30:00-05:00,112.2300033569336,113.25,111.80999755859375,112.61000061035156,202930
2025-01-10 15:30:00-05:00,112.55000305175781,112.91000366210938,111.94000244140625,112.25,463384
2025-01-13 09:30:00-05:00,108.58999633789062,111.16000366210938,108.58499908447266,110.19000244140625,346322
2025-01-13 10:30:00-05:00,108.97000122070312,110.0,108.59239959716797,108.72000122070312,207728
2025-01-13 11:30:00-05:00,110.02999877929688,110.05999755859375,108.72000122070312,108.95999908447266,305193
2025-01-13 12:30:00-05:00,110.19999694824219,110.22000122070312,109.58999633789062,109.98999786376953,157175
2025-01-13 13:30:00-05:00,109.91999816894531,110.3499984741211,109.5,110.2300033569336,113728
2025-01-13 14:30:00-05:00,109.63500213623047,110.1050033569336,109.19000244140625,109.88999938964844,172993
2025-01-13 15:30:00-05:00,110.69000244140625,110.79000091552734,109.58999633789062,109.63999938964844,563543
2025-01-14 09:30:00-05:00,113.12999725341797,113.9000015258789,111.52999877929688,112.45999908447266,296576
2025-01-14 10:30:00-05:00,112.56999969482422,113.13500213623047,112.06009674072266,113.13500213623047,173962
2025-01-14 11:30:00-05:00,111.81999969482422,112.533203125,111.62000274658203,112.52999877929688,178595
2025-01-14 12:30:00-05:00,112.875,112.98999786376953,111.41999816894531,111.83000183105469,160401
2025-01-14 13:30:00-05:00,112.7750015258789,113.36000061035156,112.7665023803711,112.86000061035156,128148
2025-01-14 14:30:00-05:00,111.7699966430664,113.04000091552734,111.31999969482422,112.87000274658203,281747
2025-01-14 15:30:00-05:00,111.9800033569336,112.3499984741211,111.5,111.86000061035156,369597
2025-01-15 09:30:00-05:00,114.41500091552734,115.06999969482422,113.55999755859375,113.55999755859375,547931
2025-01-15 10:30:00-05:00,113.93000030517578,114.41000366210938,113.48999786376953,114.41000366210938,248232
2025-01-15 11:30:00-05:00,114.29499816894531,114.36599731445312,113.13999938964844,113.79499816894531,159963
2025-01-15 12:30:00-05:00,114.94499969482422,114.94499969482422,114.19999694824219,114.29499816894531,116317
2025-01-15 13:30:00-05:00,115.44999694824219,115.5199966430664,114.75,114.95999908447266,213474
2025-01-15 14:30:00-05:00,115.12000274658203,115.45999908447266,114.9800033569336,115.44000244140625,259442
2025-01-15 15:30:00-05:00,114.44000244140625,115.12000274658203,114.11000061035156,115.08999633789062,493118
2025-01-16 09:30:00-05:00,115.54499816894531,115.87200164794922,114.11000061035156,115.41999816894531,303633
2025-01-16 10:30:00-05:00,115.72000122070312,116.47000122070312,115.07499694824219,115.5199966430664,263845
2025-01-16 11:30:00-05:00,115.76000213623047,115.94999694824219,114.9749984741211,115.7249984741211,182594
2025-01-16 12:30:00-05:00,115.88999938964844,116.36859893798828,115.5354995727539,115.70719909667969,123878
2025-01-16 13:30:00-05:00,115.75,116.05999755859375,115.2699966430664,115.81999969482422,116159
2025-01-16 14:30:00-05:00,116.125,116.37000274658203,115.46499633789062,115.66999816894531,166478
2025-01-16 15:30:00-05:00,114.88999938964844,116.16000366210938,114.80999755859375,116.13999938964844,409583
2025-01-17 09:30:00-05:00,117.67500305175781,121.0199966430664,116.7750015258789,119.41999816894531,918410
2025-01-17 10:30:00-05:00,119.08499908447266,119.19000244140625,117.1500015258789,117.68000030517578,267162
2025-01-17 11:30:00-05:00,119.2708969116211,119.8395004272461,118.93000030517578,119.08999633789062,337401
2025-01-17 12:30:00-05:00,119.04499816894531,119.69000244140625,118.94000244140625,119.2300033569336,233739
2025-01-17 13:30:00-05:00,118.44000244140625,119.28500366210938,118.29499816894531,119.03500366210938,270111
2025-01-17 14:30:00-05:00,117.58000183105469,118.47000122070312,117.29149627685547,118.43499755859375,343043
2025-01-17 15:30:00-05:00,117.20999908447266,117.80999755859375,117.0000991821289,117.58999633789062,474997
2025-01-21 09:30:00-05:00,120.01249694824219,120.37000274658203,117.94010162353516,119.26000213623047,658995
2025-01-21 10:30:00-05:00,118.79499816894531,120.37000274658203,118.43000030517578,120.08000183105469,286833
2025-01-21 11:30:00-05:00,119.31310272216797,119.69999694824219,118.56199645996094,118.68000030517578,199585
2025-01-21 12:30:00-05:00,120.22000122070312,120.30000305175781,119.08000183105469,119.41000366210938,288428
2025-01-21 13:30:00-05:00,119.72000122070312,120.44000244140625,119.26000213623047,120.125,195989
2025-01-21 14:30:00-05:00,119.88999938964844,120.02999877929688,119.26000213623047,119.72000122070312,188654
2025-01-21 15:30:00-05:00,119.80000305175781,120.29499816894531,119.69999694824219,119.88999938964844,517883
2025-01-22 09:30:00-05:00,121.83999633789062,121.94000244140625,119.87010192871094,120.70500183105469,499631
2025-01-22 10:30:00-05:00,121.41000366210938,122.12999725341797,120.75,121.83000183105469,302639
2025-01-22 11:30:00-05:00,122.5199966430664,122.75,121.23999786376953,121.48999786376953,288492
2025-01-22 12:30:00-05:00,122.01000213623047,122.83999633789062,121.87999725341797,122.56999969482422,219274
2025-01-22 13:30:00-05:00,122.33999633789062,122.80999755859375,121.62010192871094,121.98500061035156,219763
2025-01-22 14:30:00-05:00,122.82499694824219,122.87999725341797,122.18000030517578,122.33999633789062,282085
2025-01-22 15:30:00-05:00,123.08000183105469,123.12999725341797,122.29499816894531,122.82499694824219,445960
2025-01-23 09:30:00-05:00,123.0,123.76000213623047,122.0,123.16999816894531,508906
2025-01-23 10:30:00-05:00,124.20999908447266,124.30000305175781,122.77999877929688,122.98500061035156,244339
2025-01-23 11:30:00-05:00,123.04000091552734,124.63999938964844,122.94999694824219,124.20999908447266,249976
2025-01-23 12:30:00-05:00,123.55000305175781,123.7300033569336,122.80000305175781,123.04000091552734,287258
2025-01-23 13:30:00-05:00,123.38500213623047,123.8386001586914,123.01000213623047,123.4801025390625,173935
2025-01-23 14:30:00-05:00,123.61499786376953,123.7499008178711,123.13999938964844,123.38500213623047,278201
2025-01-23 15:30:00-05:00,123.91999816894531,124.1500015258789,123.11000061035156,123.55999755859375,492030
2025-01-24 09:30:00-05:00,124.30500030517578,125.13999938964844,123.27999877929688,125.0,387581
2025-01-24 10:30:00-05:00,125.07499694824219,125.0999984741211,124.2699966430664,124.35430145263672,207015
2025-01-24 11:30:00-05:00,125.62000274658203,125.62000274658203,124.9000015258789,125.08999633789062,148414
2025-01-24 12:30:00-05:00,125.47000122070312,125.56999969482422,124.77999877929688,125.56999969482422,195142
2025-01-24 13:30:00-05:00,124.6500015258789,125.70999908447266,124.30999755859375,125.47000122070312,194494
2025-01-24 14:30:00-05:00,124.00499725341797,124.94960021972656,123.97000122070312,124.69499969482422,236223
2025-01-24 15:30:00-05:00,125.18000030517578,125.27999877929688,123.97000122070312,124.00499725341797,451589
2025-01-27 09:30:00-05:00,129.61500549316406,129.72000122070312,121.5,121.75,1097541
2025-01-27 10:30:00-05:00,127.56999969482422,130.64500427246094,127.32879638671875,129.61500549316406,724271
2025-01-27 11:30:00-05:00,128.35499572753906,129.39500427246094,127.18280029296875,127.58000183105469,359559
2025-01-27 12:30:00-05:00,126.2699966430664,128.35499572753906,126.2500991821289,128.25,346070
2025-01-27 13:30:00-05:00,126.36000061035156,126.8499984741211,125.3499984741211,126.30000305175781,353435
2025-01-27 14:30:00-05:00,125.64900207519531,126.33999633789062,124.8501968383789,126.2699966430664,271998
2025-01-27 15:30:00-05:00,126.5,126.9800033569336,125.63009643554688,125.77999877929688,556973
2025-01-28 09:30:00-05:00,134.25999450683594,134.4199981689453,125.67130279541016,128.8300018310547,1613038
2025-01-28 10:30:00-05:00,137.1840057373047,138.0,133.6199951171875,134.22500610351562,1616205
2025-01-28 11:30:00-05:00,139.02000427246094,139.72000122070312,136.86000061035156,137.05499267578125,716376
2025-01-28 12:30:00-05:00,137.10000610351562,139.24000549316406,136.27999877929688,138.99000549316406,780275
2025-01-28 13:30:00-05:00,137.6999969482422,137.8800048828125,136.80999755859375,137.11000061035156,293004
2025-01-28 14:30:00-05:00,139.52999877929688,140.25,137.58999633789062,137.8300018310547,1016021
2025-01-28 15:30:00-05:00,140.05999755859375,140.08999633789062,138.58999633789062,139.57000732421875,1208670
2025-01-29 09:30:00-05:00,135.8350067138672,138.0,134.2375946044922,137.83999633789062,992733
2025-01-29 10:30:00-05:00,136.52000427246094,137.08999633789062,135.6999969482422,136.0,711554
2025-01-29 11:30:00-05:00,137.5050048828125,137.60000610351562,136.2550048828125,136.41000366210938,424882
2025-01-29 12:30:00-05:00,136.2050018310547,137.75889587402344,135.66000366210938,137.5500030517578,312983
2025-01-29 13:30:00-05:00,134.875,136.33990478515625,134.75999450683594,136.25,483266
2025-01-29 14:30:00-05:00,137.49000549316406,137.5500030517578,134.63999938964844,134.77999877929688,524526
2025-01-29 15:30:00-05:00,136.44000244140625,138.11000061035156,136.38999938964844,137.50999450683594,602018
2025-01-30 09:30:00-05:00,137.41000366210938,139.59669494628906,135.8300018310547,137.25,624685
2025-01-30 10:30:00-05:00,136.47999572753906,138.2899932861328,136.04879760742188,137.47000122070312,463379
2025-01-30 11:30:00-05:00,136.32000732421875,137.1999969482422,135.92999267578125,136.57000732421875,213390
2025-01-30 12:30:00-05:00,136.42999267578125,138.37950134277344,136.27999877929688,136.3699951171875,460959
2025-01-30 13:30:00-05:00,137.86500549316406,138.22000122070312,136.52000427246094,136.52000427246094,209586
2025-01-30 14:30:00-05:00,137.89999389648438,138.52999877929688,137.55999755859375,137.75999450683594,247045
2025-01-30 15:30:00-05:00,137.1300048828125,138.2100067138672,136.6199951171875,137.8800048828125,535903
2025-01-31 09:30:00-05:00,140.77059936523438,140.889892578125,138.13999938964844,138.72999572753906,656692
2025-01-31 10:30:00-05:00,141.72799682617188,141.92999267578125,140.66000366210938,140.72999572753906,491544
2025-01-31 11:30:00-05:00,141.3699951171875,142.40989685058594,140.5955047607422,141.7310028076172,334357
2025-01-31 12:30:00-05:00,140.55999755859375,141.8000030517578,140.30999755859375,141.3800048828125,360359
2025-01-31 13:30:00-05:00,139.4149932861328,140.82000732421875,139.0500030517578,140.60000610351562,252252
2025-01-31 14:30:00-05:00,138.2899932861328,140.07000732421875,138.1300048828125,139.47000122070312,346777
2025-01-31 15:30:00-05:00,138.4199981689453,139.13999938964844,138.33999633789062,138.4499969482422,425072
2025-02-03 09:30:00-05:00,134.5,134.66000366210938,130.09500122070312,133.0,1369535
2025-02-03 10:30:00-05:00,136.42999267578125,137.05999755859375,134.17999267578125,134.41000366210938,684389
2025-02-03 11:30:00-05:00,137.5,137.97999572753906,135.63009643554688,136.38999938964844,482975
2025-02-03 12:30:00-05:00,138.11000061035156,138.39999389648438,136.95010375976562,137.3800048828125,385542
2025-02-03 13:30:00-05:00,137.74000549316406,138.6199951171875,137.7100067138672,138.00999450683594,296331
2025-02-03 14:30:00-05:00,137.97000122070312,138.22000122070312,137.5511932373047,137.87989807128906,275598
2025-02-03 15:30:00-05:00,136.86000061035156,138.18099975585938,136.80999755859375,137.97000122070312,532547
2025-02-04 09:30:00-05:00,140.60000610351562,141.58999633789062,137.99380493164062,139.52000427246094,739054
2025-02-04 10:30:00-05:00,141.49000549316406,141.6699981689453,139.87539672851562,140.35499572753906,424091
2025-02-04 11:30:00-05:00,139.3000030517578,141.61990356445312,139.27999877929688,141.44000244140625,307600
2025-02-04 12:30:00-05:00,139.94000244140625,140.26499938964844,139.13690185546875,139.35000610351562,202142
2025-02-04 13:30:00-05:00,139.72000122070312,140.25999450683594,139.52000427246094,139.94000244140625,238641
2025-02-04 14:30:00-05:00,140.08999633789062,140.2100067138672,139.14999389648438,139.75999450683594,300083
2025-02-04 15:30:00-05:00,140.16000366210938,140.5,139.8699951171875,140.0800018310547,561835
2025-02-05 09:30:00-05:00,141.88999938964844,142.17990112304688,139.0399932861328,139.77999877929688,659163
2025-02-05 10:30:00-05:00,142.9499969482422,142.9499969482422,141.8311004638672,141.8699951171875,391966
2025-02-05 11:30:00-05:00,143.42999267578125,143.83140563964844,142.61000061035156,142.91000366210938,360908
2025-02-05 12:30:00-05:00,143.4550018310547,144.10000610351562,143.24000549316406,143.4600067138672,465025
2025-02-05 13:30:00-05:00,143.0,143.8300018310547,142.9499969482422,143.4550018310547,319241
2025-02-05 14:30:00-05:00,143.59500122070312,143.82000732421875,143.0,143.0,318747
2025-02-05 15:30:00-05:00,144.23500061035156,144.3000030517578,143.02999877929688,143.59500122070312,606762
2025-02-06 09:30:00-05:00,142.57000732421875,144.0,141.1999969482422,142.94000244140625,1200092
2025-02-06 10:30:00-05:00,142.19000244140625,142.7509002685547,141.44000244140625,142.52999877929688,612293
2025-02-06 11:30:00-05:00,141.6199951171875,142.27999877929688,141.0,142.27499389648438,586452
2025-02-06 12:30:00-05:00,142.1678009033203,142.5,141.66009521484375,141.69000244140625,460856
2025-02-06 13:30:00-05:00,141.5050048828125,142.1999969482422,141.33999633789062,142.11000061035156,354533
2025-02-06 14:30:00-05:00,141.08999633789062,141.5800018310547,140.52999877929688,141.49000549316406,814807
2025-02-06 15:30:00-05:00,141.47000122070312,141.60159301757812,140.85000610351562,141.0800018310547,1106688
2025-02-07 09:30:00-05:00,163.31460571289062,163.77999877929688,152.3300018310547,153.5,4010895
2025-02-07 10:30:00-05:00,166.25,166.41000366210938,161.9300994873047,163.11000061035156,2530798
2025-02-07 11:30:00-05:00,167.89500427246094,168.35000610351562,164.25,166.3249969482422,1351736
2025-02-07 12:30:00-05:00,170.9907989501953,171.3800048828125,166.55999755859375,167.9591064453125,2014067
2025-02-07 13:30:00-05:00,168.875,171.27999877929688,168.33999633789062,170.83999633789062,1409642
2025-02-07 14:30:00-05:00,166.02499389648438,169.61000061035156,165.94000244140625,168.875,1291100
2025-02-07 15:30:00-05:00,166.5,167.49000549316406,164.22999572753906,166.02499389648438,1755586
2025-02-10 09:30:00-05:00,173.46499633789062,174.0,164.52999877929688,167.5,2126771
2025-02-10 10:30:00-05:00,175.58999633789062,176.72500610351562,172.72999572753906,173.42999267578125,1359431
2025-02-10 11:30:00-05:00,174.59500122070312,175.52000427246094,173.71499633789062,175.49000549316406,599159
2025-02-10 12:30:00-05:00,174.39999389648438,175.11000061035156,173.16000366210938,174.5850067138672,491436
2025-02-10 13:30:00-05:00,173.28900146484375,174.78700256347656,172.5500030517578,174.4600067138672,431193
2025-02-10 14:30:00-05:00,172.5399932861328,174.10000610351562,172.3699951171875,173.3249969482422,507422
2025-02-10 15:30:00-05:00,172.60000610351562,173.11000061035156,171.92999267578125,172.5399932861328,767246
2025-02-11 09:30:00-05:00,173.5,173.6999969482422,168.5,170.0,896653
2025-02-11 10:30:00-05:00,173.11000061035156,174.89999389648438,173.10000610351562,173.58999633789062,542112
2025-02-11 11:30:00-05:00,172.17999267578125,173.9799041748047,170.75,173.22999572753906,812979
2025-02-11 12:30:00-05:00,171.49459838867188,172.39999389648438,170.89999389648438,172.1699981689453,265674
2025-02-11 13:30:00-05:00,172.1699981689453,172.6300048828125,171.52999877929688,171.60000610351562,266997
2025-02-11 14:30:00-05:00,171.8350067138672,173.14999389648438,171.80999755859375,172.1300048828125,386806
2025-02-11 15:30:00-05:00,172.6199951171875,172.72000122070312,171.52999877929688,171.85499572753906,704423
2025-02-12 09:30:00-05:00,171.2100067138672,172.0449981689453,169.1699981689453,171.69000244140625,748198
2025-02-12 10:30:00-05:00,170.57000732421875,172.41000366210938,170.13999938964844,171.19529724121094,468309
2025-02-12 11:30:00-05:00,170.76499938964844,171.1300048828125,170.4199981689453,170.66000366210938,362360
2025-02-12 12:30:00-05:00,171.21499633789062,171.7100067138672,170.55999755859375,170.7949981689453,274828
2025-02-12 13:30:00-05:00,172.5399932861328,172.6699981689453,171.13999938964844,171.27499389648438,298424
2025-02-12 14:30:00-05:00,171.75,173.24989318847656,171.72999572753906,172.52999877929688,303778
2025-02-12 15:30:00-05:00,172.8300018310547,172.88999938964844,171.091796875,171.8282012939453,507920
2025-02-13 09:30:00-05:00,173.5800018310547,175.6699981689453,171.75999450683594,173.9199981689453,675163
2025-02-13 10:30:00-05:00,173.5800018310547,173.87240600585938,172.22000122070312,173.5800018310547,287630
2025-02-13 11:30:00-05:00,172.97500610351562,173.75,172.60000610351562,173.5,278415
2025-02-13 12:30:00-05:00,172.9949951171875,173.11000061035156,172.14999389648438,172.92999267578125,175482
2025-02-13 13:30:00-05:00,174.83999633789062,174.85000610351562,172.92080688476562,172.9949951171875,246289
2025-02-13 14:30:00-05:00,174.8000030517578,175.1199951171875,174.52000427246094,174.7449951171875,222882
2025-02-13 15:30:00-05:00,176.47999572753906,176.50999450683594,174.1199951171875,174.74000549316406,565359
2025-02-14 09:30:00-05:00,174.63999938964844,177.36770629882812,173.89639282226562,175.5,665756
2025-02-14 10:30:00-05:00,175.83250427246094,175.99000549316406,174.25999450683594,174.52000427246094,315753
2025-02-14 11:30:00-05:00,173.0500030517578,175.8350067138672,172.80999755859375,175.8350067138672,391888
2025-02-14 12:30:00-05:00,173.35499572753906,174.32949829101562,172.99000549316406,173.00999450683594,174297
2025-02-14 13:30:00-05:00,173.1300048828125,173.94369506835938,173.1300048828125,173.35499572753906,221667
2025-02-14 14:30:00-05:00,172.3249969482422,173.1999969482422,171.97000122070312,173.1199951171875,487180
2025-02-14 15:30:00-05:00,171.05999755859375,172.60000610351562,170.9199981689453,172.3249969482422,901494
2025-02-18 09:30:00-05:00,167.11000061035156,170.3762969970703,165.3730010986328,166.25,1970262
2025-02-18 10:30:00-05:00,168.5500030517578,168.91189575195312,166.91000366210938,167.00999450683594,475065
2025-02-18 11:30:00-05:00,167.6699981689453,168.77000427246094,167.2100067138672,168.4550018310547,380619
2025-02-18 12:30:00-05:00,167.8800048828125,168.7238006591797,166.77999877929688,167.6750030517578,377455
2025-02-18 13:30:00-05:00,167.6649932861328,168.44000244140625,167.0800018310547,167.8000030517578,309726
2025-02-18 14:30:00-05:00,167.00999450683594,168.38999938964844,166.97999572753906,167.6699981689453,390921
2025-02-18 15:30:00-05:00,168.9199981689453,168.94000244140625,166.9949951171875,166.9949951171875,843432
2025-02-19 09:30:00-05:00,161.61000061035156,167.6916046142578,161.0,166.30999755859375,1530783
2025-02-19 10:30:00-05:00,163.00999450683594,163.92999267578125,160.91000366210938,161.74000549316406,756147
2025-02-19 11:30:00-05:00,163.94500732421875,164.5800018310547,162.6999969482422,163.00999450683594,477227
2025-02-19 12:30:00-05:00,162.8000030517578,164.0500030517578,162.8000030517578,163.88999938964844,383012
2025-02-19 13:30:00-05:00,162.6199951171875,163.59649658203125,162.52000427246094,162.8800048828125,309423
2025-02-19 14:30:00-05:00,160.36000061035156,162.64999389648438,159.9199981689453,162.5399932861328,780287
2025-02-19 15:30:00-05:00,160.61000061035156,161.0,159.88999938964844,160.3699951171875,957483
2025-02-20 09:30:00-05:00,155.0800018310547,158.25999450683594,151.84010314941406,158.25,1657333
2025-02-20 10:30:00-05:00,153.96499633789062,155.7899932861328,152.99000549316406,155.0,760954
2025-02-20 11:30:00-05:00,153.1300048828125,154.74000549316406,152.4600067138672,153.96499633789062,782622
2025-02-20 12:30:00-05:00,153.17999267578125,153.60000610351562,152.66000366210938,153.1699981689453,293351
2025-02-20 13:30:00-05:00,155.0500030517578,155.7100067138672,153.00999450683594,153.1699981689453,307078
2025-02-20 14:30:00-05:00,155.4499969482422,156.32000732421875,154.7449951171875,155.0449981689453,398470
2025-02-20 15:30:00-05:00,156.4199981689453,156.83999633789062,155.02000427246094,155.49000549316406,1069673
2025-02-21 09:30:00-05:00,154.83999633789062,158.0574951171875,154.67999267578125,156.4499969482422,533961
2025-02-21 10:30:00-05:00,155.0399932861328,156.22999572753906,154.07000732421875,154.7100067138672,348341
2025-02-21 11:30:00-05:00,153.9600067138672,155.22999572753906,153.55999755859375,155.05999755859375,466968
2025-02-21 12:30:00-05:00,151.52999877929688,154.0500030517578,151.4199981689453,153.97999572753906,415490
2025-02-21 13:30:00-05:00,150.4499969482422,151.8000030517578,150.39999389648438,151.6300048828125,355913
2025-02-21 14:30:00-05:00,150.86000061035156,151.3000030517578,150.39999389648438,150.44000244140625,304582
2025-02-21 15:30:00-05:00,152.0399932861328,152.0500030517578,150.8000030517578,150.86000061035156,710699
2025-02-24 09:30:00-05:00,146.60000610351562,151.6199951171875,144.3800048828125,151.22000122070312,917180
2025-02-24 10:30:00-05:00,147.80999755859375,147.9600067138672,145.5,146.52999877929688,653113
2025-02-24 11:30:00-05:00,148.91000366210938,149.16000366210938,146.36000061035156,147.8300018310547,581650
2025-02-24 12:30:00-05:00,149.57000732421875,149.75999450683594,148.35000610351562,148.89999389648438,484738
2025-02-24 13:30:00-05:00,148.53500366210938,149.6699981689453,148.4199981689453,149.5758056640625,328654
2025-02-24 14:30:00-05:00,149.02499389648438,149.72999572753906,148.22000122070312,148.49000549316406,414261
2025-02-24 15:30:00-05:00,148.0,149.48500061035156,147.8300018310547,149.0399932861328,605790
2025-02-25 09:30:00-05:00,140.91580200195312,147.60000610351562,140.75,146.6999969482422,894008
2025-02-25 10:30:00-05:00,140.5050048828125,141.88999938964844,140.22000122070312,140.97999572753906,667172
2025-02-25 11:30:00-05:00,142.5532989501953,143.4499969482422,140.3300018310547,140.52000427246094,471835
2025-02-25 12:30:00-05:00,143.83999633789062,145.1190948486328,142.5500030517578,142.6199951171875,274155
2025-02-25 13:30:00-05:00,143.8699951171875,145.01499938964844,143.63999938964844,143.88999938964844,238327
2025-02-25 14:30:00-05:00,144.55499267578125,144.75900268554688,143.47000122070312,143.86000061035156,356758
2025-02-25 15:30:00-05:00,143.13999938964844,144.64999389648438,142.99000549316406,144.55499267578125,614024
2025-02-26 09:30:00-05:00,144.6300048828125,146.5800018310547,144.0500030517578,145.27000427246094,863961
2025-02-26 10:30:00-05:00,146.17999267578125,146.77999877929688,144.63499450683594,144.63499450683594,263417
2025-02-26 11:30:00-05:00,146.47999572753906,146.8800048828125,145.77000427246094,146.193603515625,209614
2025-02-26 12:30:00-05:00,145.63999938964844,146.74000549316406,145.32000732421875,146.4250030517578,175451
2025-02-26 13:30:00-05:00,145.92999267578125,146.38999938964844,145.1300048828125,145.57000732421875,363676
2025-02-26 14:30:00-05:00,146.0717010498047,146.5500030517578,145.3699951171875,145.9199981689453,232247
2025-02-26 15:30:00-05:00,144.94000244140625,146.33999633789062,144.8699951171875,146.07000732421875,478297
2025-02-27 09:30:00-05:00,146.8350067138672,150.69000244140625,143.42999267578125,148.0,903847
2025-02-27 10:30:00-05:00,146.50999450683594,147.36000061035156,145.5,146.8350067138672,355564
2025-02-27 11:30:00-05:00,145.5800018310547,147.0399932861328,144.89999389648438,146.49000549316406,230389
2025-02-27 12:30:00-05:00,146.14500427246094,146.1999969482422,145.16690063476562,145.67999267578125,149840
2025-02-27 13:30:00-05:00,143.98500061035156,146.25999450683594,143.88999938964844,146.14500427246094,154367
2025-02-27 14:30:00-05:00,142.42999267578125,143.97000122070312,141.9499969482422,143.86000061035156,321773
2025-02-27 15:30:00-05:00,140.69000244140625,142.94970703125,140.64999389648438,142.52999877929688,579716
2025-02-28 09:30:00-05:00,143.34030151367188,143.34750366210938,137.94000244140625,140.0,552546
2025-02-28 10:30:00-05:00,142.4550018310547,144.3000030517578,142.3300018310547,143.22000122070312,417183
2025-02-28 11:30:00-05:00,143.28500366210938,143.6199951171875,142.1199951171875,142.43499755859375,295584
2025-02-28 12:30:00-05:00,142.16000366210938,143.33999633789062,141.5500030517578,143.28500366210938,382658
2025-02-28 13:30:00-05:00,142.60000610351562,142.97000122070312,141.8000030517578,142.1300048828125,269142
2025-02-28 14:30:00-05:00,144.43499755859375,144.52000427246094,142.44000244140625,142.5500030517578,306829
2025-02-28 15:30:00-05:00,145.4499969482422,145.7100067138672,143.89999389648438,144.3699951171875,882488
2025-03-03 09:30:00-05:00,148.61000061035156,148.61000061035156,145.14329528808594,145.9499969482422,837528
2025-03-03 10:30:00-05:00,146.82000732421875,149.15989685058594,146.07000732421875,148.61000061035156,539631
2025-03-03 11:30:00-05:00,147.32249450683594,147.7799072265625,146.19000244140625,146.69869995117188,299468
2025-03-03 12:30:00-05:00,145.02000427246094,148.07879638671875,144.5800018310547,147.3300018310547,366332
2025-03-03 13:30:00-05:00,145.375,145.7899932861328,144.49609375,145.01499938964844,342534
2025-03-03 14:30:00-05:00,142.22500610351562,146.16000366210938,142.0,145.36000061035156,537451
2025-03-03 15:30:00-05:00,142.83999633789062,142.9199981689453,141.72000122070312,142.35000610351562,637465
2025-03-04 09:30:00-05:00,133.98500061035156,139.4499053955078,132.80999755859375,135.25,1556688
2025-03-04 10:30:00-05:00,134.10000610351562,135.25999450683594,133.2100067138672,133.98500061035156,983541
2025-03-04 11:30:00-05:00,137.76499938964844,138.0,134.11000061035156,134.11000061035156,434798
2025-03-04 12:30:00-05:00,138.1649932861328,138.72999572753906,136.97999572753906,137.6999969482422,350377
2025-03-04 13:30:00-05:00,142.4123992919922,142.72999572753906,137.89999389648438,138.02999877929688,287332
2025-03-04 14:30:00-05:00,143.35000610351562,144.27999877929688,141.90660095214844,142.51499938964844,490711
2025-03-04 15:30:00-05:00,140.92999267578125,143.32000732421875,140.66000366210938,143.32000732421875,667493
2025-03-05 09:30:00-05:00,139.8800048828125,141.69459533691406,137.24009704589844,140.05999755859375,607192
2025-03-05 10:30:00-05:00,139.57000732421875,141.4199981689453,139.4600067138672,140.10499572753906,235350
2025-03-05 11:30:00-05:00,140.25,140.3800048828125,138.72000122070312,139.77000427246094,256553
2025-03-05 12:30:00-05:00,141.13999938964844,142.1300048828125,140.3300018310547,140.36000061035156,247142
2025-03-05 13:30:00-05:00,142.7100067138672,143.92999267578125,140.67999267578125,141.0749969482422,189369
2025-03-05 14:30:00-05:00,143.75,143.96499633789062,142.22999572753906,142.6699981689453,298341
2025-03-05 15:30:00-05:00,143.75,143.9499969482422,142.89999389648438,143.65499877929688,471596
2025-03-06 09:30:00-05:00,140.75999450683594,141.89990234375,137.25,140.13999938964844,506903
2025-03-06 10:30:00-05:00,138.42999267578125,141.36000061035156,137.75,140.67210388183594,404750
2025-03-06 11:30:00-05:00,135.52499389648438,139.00990295410156,135.22999572753906,138.57000732421875,315548
2025-03-06 12:30:00-05:00,133.47999572753906,136.0,133.4550018310547,135.5449981689453,312244
2025-03-06 13:30:00-05:00,130.17999267578125,133.61000061035156,130.0,133.39999389648438,763668
2025-03-06 14:30:00-05:00,131.38999938964844,132.19000244140625,129.72000122070312,130.1300048828125,1044908
2025-03-06 15:30:00-05:00,131.0399932861328,131.75999450683594,130.5,131.57000732421875,883368
2025-03-07 09:30:00-05:00,127.27999877929688,132.36000061035156,127.27999877929688,129.92999267578125,603536
2025-03-07 10:30:00-05:00,123.70999908447266,127.93000030517578,123.70999908447266,127.33999633789062,991916
2025-03-07 11:30:00-05:00,122.19000244140625,123.99870300292969,121.0250015258789,123.8499984741211,978181
2025-03-07 12:30:00-05:00,123.30000305175781,124.31999969482422,121.73999786376953,122.19000244140625,1030603
2025-03-07 13:30:00-05:00,125.72000122070312,126.2300033569336,123.21499633789062,123.43000030517578,459596
2025-03-07 14:30:00-05:00,126.80000305175781,127.1500015258789,125.43070220947266,125.66500091552734,565776
2025-03-07 15:30:00-05:00,126.73999786376953,126.94000244140625,125.22000122070312,126.75589752197266,828951
2025-03-10 09:30:00-04:00,117.61000061035156,122.92500305175781,117.26000213623047,122.92500305175781,903900
2025-03-10 10:30:00-04:00,119.31849670410156,119.5,116.7500991821289,117.55000305175781,756629
2025-03-10 11:30:00-04:00,119.21499633789062,121.51000213623047,119.0000991821289,119.5,740261
2025-03-10 12:30:00-04:00,117.13999938964844,119.37000274658203,116.43000030517578,119.21499633789062,1028103
2025-03-10 13:30:00-04:00,115.6677017211914,117.30000305175781,114.68000030517578,117.125,694650
2025-03-10 14:30:00-04:00,116.21540069580078,116.75,113.83000183105469,115.58499908447266,921173
2025-03-10 15:30:00-04:00,116.5199966430664,118.22000122070312,116.12999725341797,116.12999725341797,1111787
2025-03-11 09:30:00-04:00,119.69000244140625,123.36000061035156,116.51000213623047,116.58499908447266,1186887
2025-03-11 10:30:00-04:00,121.12000274658203,121.7699966430664,118.45010375976562,119.80000305175781,935377
2025-03-11 11:30:00-04:00,120.16999816894531,122.81999969482422,119.76499938964844,121.12000274658203,440061
2025-03-11 12:30:00-04:00,118.95999908447266,120.41000366210938,118.66999816894531,120.19999694824219,387775
2025-03-11 13:30:00-04:00,121.55999755859375,121.81999969482422,118.58000183105469,118.81500244140625,406937
2025-03-11 14:30:00-04:00,120.95500183105469,122.11000061035156,120.44999694824219,121.55000305175781,584129
2025-03-11 15:30:00-04:00,119.97000122070312,121.54000091552734,119.86000061035156,120.95500183105469,962544
2025-03-12 09:30:00-04:00,121.70999908447266,126.0,120.2300033569336,124.97000122070312,789220
2025-03-12 10:30:00-04:00,120.16999816894531,121.73999786376953,118.6500015258789,121.66000366210938,310083
2025-03-12 11:30:00-04:00,121.19999694824219,121.62999725341797,120.16999816894531,120.30000305175781,315481
2025-03-12 12:30:00-04:00,122.69999694824219,122.80000305175781,121.01000213623047,121.26000213623047,306196
2025-03-12 13:30:00-04:00,123.61499786376953,123.88999938964844,121.69000244140625,122.59500122070312,534202
2025-03-12 14:30:00-04:00,118.63500213623047,124.23999786376953,116.0,123.6500015258789,2428563
2025-03-12 15:30:00-04:00,119.2699966430664,120.5,118.05000305175781,118.69000244140625,1640288
2025-03-13 09:30:00-04:00,115.80999755859375,116.5999984741211,111.0199966430664,115.48999786376953,1667806
2025-03-13 10:30:00-04:00,115.44999694824219,116.51000213623047,114.58999633789062,116.01000213623047,463941
2025-03-13 11:30:00-04:00,114.61000061035156,115.55999755859375,114.04000091552734,115.41000366210938,325299
2025-03-13 12:30:00-04:00,113.80999755859375,115.4000015258789,113.53469848632812,114.58000183105469,242116
2025-03-13 13:30:00-04:00,114.38999938964844,114.91000366210938,112.61000061035156,113.80000305175781,410644
2025-03-13 14:30:00-04:00,114.69999694824219,115.87000274658203,114.27999877929688,114.37999725341797,274494
2025-03-13 15:30:00-04:00,113.5999984741211,114.7750015258789,113.33000183105469,114.7750015258789,664736
2025-03-14 09:30:00-04:00,116.01499938964844,117.55000305175781,114.5,115.38999938964844,619048
2025-03-14 10:30:00-04:00,116.87000274658203,117.79000091552734,115.88999938964844,116.07749938964844,469054
2025-03-14 11:30:00-04:00,116.19000244140625,117.30999755859375,115.83000183105469,116.81999969482422,330194
2025-03-14 12:30:00-04:00,116.15499877929688,116.77999877929688,115.76000213623047,116.06999969482422,267342
2025-03-14 13:30:00-04:00,115.55000305175781,116.26000213623047,115.22000122070312,116.26000213623047,281705
2025-03-14 14:30:00-04:00,115.0199966430664,115.9000015258789,115.0,115.58499908447266,245681
2025-03-14 15:30:00-04:00,116.1500015258789,116.1500015258789,114.80000305175781,115.01000213623047,615625
2025-03-17 09:30:00-04:00,116.23500061035156,117.5999984741211,115.29000091552734,115.66999816894531,601804
2025-03-17 10:30:00-04:00,116.62999725341797,116.9198989868164,115.75,116.1500015258789,254323
2025-03-17 11:30:00-04:00,115.94000244140625,117.37999725341797,115.76000213623047,116.62999725341797,213440
2025-03-17 12:30:00-04:00,116.3499984741211,116.44999694824219,115.70999908447266,115.86000061035156,197556
2025-03-17 13:30:00-04:00,117.0,117.0999984741211,116.22000122070312,116.27010345458984,230840
2025-03-17 14:30:00-04:00,116.83999633789062,118.05000305175781,116.80000305175781,116.91000366210938,379329
2025-03-17 15:30:00-04:00,115.9800033569336,116.9800033569336,115.44000244140625,116.81999969482422,595324
2025-03-18 09:30:00-04:00,113.44999694824219,116.16000366210938,112.31999969482422,115.4800033569336,375477
2025-03-18 10:30:00-04:00,113.0,113.80000305175781,111.91010284423828,113.37000274658203,208172
2025-03-18 11:30:00-04:00,114.20999908447266,114.22989654541016,112.62999725341797,112.97000122070312,208396
2025-03-18 12:30:00-04:00,113.69000244140625,114.27999877929688,113.0999984741211,114.19000244140625,164714
2025-03-18 13:30:00-04:00,113.90499877929688,114.13999938964844,113.41000366210938,113.80999755859375,156124
2025-03-18 14:30:00-04:00,114.15499877929688,114.62999725341797,113.77999877929688,113.90499877929688,290197
2025-03-18 15:30:00-04:00,115.12999725341797,115.16000366210938,114.19999694824219,114.19999694824219,633863
2025-03-19 09:30:00-04:00,115.9000015258789,116.80999755859375,113.91999816894531,115.76000213623047,405259
2025-03-19 10:30:00-04:00,117.375,117.45999908447266,115.81999969482422,115.99500274658203,248320
2025-03-19 11:30:00-04:00,118.83000183105469,118.95999908447266,117.3197021484375,117.375,476207
2025-03-19 12:30:00-04:00,118.01000213623047,118.96980285644531,117.16999816894531,118.75,276735
2025-03-19 13:30:00-04:00,117.71320343017578,118.29000091552734,116.77999877929688,118.01000213623047,240351
2025-03-19 14:30:00-04:00,117.45500183105469,119.18000030517578,117.33999633789062,117.69999694824219,507848
2025-03-19 15:30:00-04:00,117.56999969482422,118.66000366210938,117.20999908447266,117.44999694824219,438960
2025-03-20 09:30:00-04:00,118.8516616821289,119.28900146484375,116.68009948730469,117.62999725341797,397314
2025-03-20 10:30:00-04:00,120.19000244140625,120.36000061035156,118.80000305175781,118.86000061035156,407935
2025-03-20 11:30:00-04:00,117.93000030517578,120.55999755859375,117.8635025024414,120.23999786376953,277126
2025-03-20 12:30:00-04:00,117.6500015258789,118.80999755859375,117.59420013427734,117.9800033569336,206479
2025-03-20 13:30:00-04:00,117.16000366210938,118.61990356445312,116.91999816894531,117.55000305175781,190165
2025-03-20 14:30:00-04:00,117.83000183105469,118.43000030517578,116.9000015258789,116.95999908447266,220760
2025-03-20 15:30:00-04:00,117.97000122070312,118.75,117.63999938964844,117.8499984741211,509681
2025-03-21 09:30:00-04:00,117.97000122070312,118.72540283203125,115.11409759521484,116.30000305175781,277711
2025-03-21 10:30:00-04:00,118.33999633789062,118.66000366210938,117.41169738769531,117.97000122070312,170066
2025-03-21 11:30:00-04:00,118.81670379638672,119.19999694824219,117.52999877929688,118.20999908447266,173444
2025-03-21 12:30:00-04:00,118.56999969482422,119.43000030517578,118.41999816894531,118.81999969482422,171051
2025-03-21 13:30:00-04:00,118.68000030517578,119.20999908447266,118.31999969482422,118.5302963256836,174004
2025-03-21 14:30:00-04:00,118.71499633789062,118.87999725341797,118.11000061035156,118.68000030517578,215891
2025-03-21 15:30:00-04:00,119.23999786376953,119.56999969482422,118.44999694824219,118.7699966430664,644050
2025-03-24 09:30:00-04:00,124.08999633789062,124.18000030517578,121.1500015258789,122.62999725341797,654918
2025-03-24 10:30:00-04:00,124.68000030517578,124.95800018310547,123.58000183105469,124.08999633789062,461935
2025-03-24 11:30:00-04:00,124.7699966430664,124.91500091552734,124.33999633789062,124.63999938964844,264967
2025-03-24 12:30:00-04:00,123.91000366210938,124.9000015258789,123.45040130615234,124.79000091552734,311982
2025-03-24 13:30:00-04:00,123.7300033569336,124.05000305175781,123.44000244140625,123.91999816894531,178203
2025-03-24 14:30:00-04:00,124.23999786376953,124.61000061035156,123.55000305175781,123.86000061035156,357304
2025-03-24 15:30:00-04:00,124.0,124.44989776611328,123.44999694824219,124.23999786376953,619170
2025-03-25 09:30:00-04:00,128.44000244140625,132.41000366210938,128.039794921875,131.7899932861328,2218210
2025-03-25 10:30:00-04:00,127.61499786376953,129.75,127.4000015258789,128.3699951171875,765706
2025-03-25 11:30:00-04:00,126.29000091552734,127.61499786376953,126.05999755859375,127.61499786376953,576028
2025-03-25 12:30:00-04:00,126.81999969482422,127.08000183105469,126.08000183105469,126.37999725341797,610227
2025-03-25 13:30:00-04:00,126.9800033569336,127.57140350341797,126.5199966430664,126.83499908447266,393230
2025-03-25 14:30:00-04:00,126.69999694824219,127.08999633789062,126.16999816894531,127.0,391706
2025-03-25 15:30:00-04:00,127.45999908447266,127.48999786376953,126.41999816894531,126.66999816894531,759398
2025-03-26 09:30:00-04:00,123.19499969482422,127.7020034790039,122.5,127.52999877929688,612490
2025-03-26 10:30:00-04:00,123.62000274658203,124.27989959716797,122.68000030517578,123.3499984741211,292034
2025-03-26 11:30:00-04:00,122.33580017089844,123.80000305175781,121.61000061035156,123.67990112304688,265261
2025-03-26 12:30:00-04:00,121.33000183105469,122.82990264892578,121.16000366210938,122.37329864501953,183138
2025-03-26 13:30:00-04:00,121.86000061035156,121.98809814453125,120.80000305175781,121.33000183105469,221347
2025-03-26 14:30:00-04:00,120.84600067138672,121.9800033569336,120.69999694824219,121.81999969482422,207595
2025-03-26 15:30:00-04:00,121.02999877929688,121.30000305175781,120.4000015258789,120.83000183105469,558896
2025-03-27 09:30:00-04:00,119.26000213623047,119.44999694824219,115.80750274658203,119.0,598257
2025-03-27 10:30:00-04:00,119.93000030517578,121.0999984741211,119.05999755859375,119.29000091552734,307539
2025-03-27 11:30:00-04:00,120.01000213623047,120.54000091552734,118.91999816894531,119.75,279460
2025-03-27 12:30:00-04:00,119.3729019165039,120.22000122070312,119.12000274658203,120.08999633789062,147651
2025-03-27 13:30:00-04:00,119.3499984741211,119.66999816894531,119.02999877929688,119.4104995727539,132653
2025-03-27 14:30:00-04:00,119.56999969482422,119.87000274658203,119.19999694824219,119.36000061035156,176029
2025-03-27 15:30:00-04:00,118.54000091552734,119.625,118.43000030517578,119.56999969482422,442620
2025-03-28 09:30:00-04:00,114.77999877929688,117.84269714355469,114.6500015258789,117.30000305175781,378977
2025-03-28 10:30:00-04:00,114.20999908447266,114.91999816894531,113.30000305175781,114.81999969482422,312526
2025-03-28 11:30:00-04:00,113.86000061035156,114.9000015258789,113.56009674072266,114.20860290527344,290955
2025-03-28 12:30:00-04:00,112.9749984741211,114.30000305175781,112.7300033569336,114.04350280761719,301902
2025-03-28 13:30:00-04:00,113.77999877929688,114.05000305175781,112.4000015258789,113.01000213623047,301222
2025-03-28 14:30:00-04:00,113.76000213623047,114.06999969482422,113.30000305175781,113.76519775390625,209106
2025-03-28 15:30:00-04:00,114.91999816894531,115.0,113.14450073242188,113.83000183105469,755335
2025-03-31 09:30:00-04:00,108.93499755859375,110.58000183105469,106.0999984741211,110.25,1316966
2025-03-31 10:30:00-04:00,109.80500030517578,110.06999969482422,108.27010345458984,108.9800033569336,514614
2025-03-31 11:30:00-04:00,111.0999984741211,111.18000030517578,109.56999969482422,109.8499984741211,357407
2025-03-31 12:30:00-04:00,111.03500366210938,111.30999755859375,110.36000061035156,111.0999984741211,197990
2025-03-31 13:30:00-04:00,111.875,112.12000274658203,110.83000183105469,111.03500366210938,233664
2025-03-31 14:30:00-04:00,111.31999969482422,112.13939666748047,111.29499816894531,111.80000305175781,365828
2025-03-31 15:30:00-04:00,112.7300033569336,112.90160369873047,111.29000091552734,111.37999725341797,580634
2025-04-01 09:30:00-04:00,112.37999725341797,114.40679931640625,111.33999633789062,114.16500091552734,493213
2025-04-01 10:30:00-04:00,114.25050354003906,114.68990325927734,112.27999877929688,112.27999877929688,639580
2025-04-01 11:30:00-04:00,113.5824966430664,114.38999938964844,113.30000305175781,114.19000244140625,265525
2025-04-01 12:30:00-04:00,113.13999938964844,113.90049743652344,113.0,113.54499816894531,138093
2025-04-01 13:30:00-04:00,113.62000274658203,114.22000122070312,113.20999908447266,113.28500366210938,294839
2025-04-01 14:30:00-04:00,114.11000061035156,114.88999938964844,113.55000305175781,113.66000366210938,511646
2025-04-01 15:30:00-04:00,115.70999908447266,115.7300033569336,113.91999816894531,114.08999633789062,788875
2025-04-02 09:30:00-04:00,116.97000122070312,117.69999694824219,112.5,112.57499694824219,509063
2025-04-02 10:30:00-04:00,118.4110336303711,118.63999938964844,116.56999969482422,116.97000122070312,671959
2025-04-02 11:30:00-04:00,119.0198974609375,119.1449966430664,117.2699966430664,118.6156005859375,345300
2025-04-02 12:30:00-04:00,119.66000366210938,120.13999938964844,118.6449966430664,119.0199966430664,357808
2025-04-02 13:30:00-04:00,118.46499633789062,119.69999694824219,118.41999816894531,119.62000274658203,319838
2025-04-02 14:30:00-04:00,119.0199966430664,119.2300033569336,118.29000091552734,118.37000274658203,582678
2025-04-02 15:30:00-04:00,119.48999786376953,120.32499694824219,118.875,119.0,992043
2025-04-03 09:30:00-04:00,108.45999908447266,113.22000122070312,108.00260162353516,112.5999984741211,978288
2025-04-03 10:30:00-04:00,106.6332015991211,108.90149688720703,105.3041000366211,108.53500366210938,611229
2025-04-03 11:30:00-04:00,108.26000213623047,109.05999755859375,106.54000091552734,106.62999725341797,769485
2025-04-03 12:30:00-04:00,107.26000213623047,108.48999786376953,106.97000122070312,108.30999755859375,489852
2025-04-03 13:30:00-04:00,107.9000015258789,108.80000305175781,107.29000091552734,107.37000274658203,403157
2025-04-03 14:30:00-04:00,107.38999938964844,109.24980163574219,107.12000274658203,107.91000366210938,550712
2025-04-03 15:30:00-04:00,107.31999969482422,107.58000183105469,106.59010314941406,107.4000015258789,841062
2025-04-04 09:30:00-04:00,96.58000183105469,102.5,96.5199966430664,101.25,1399904
2025-04-04 10:30:00-04:00,99.7249984741211,101.23999786376953,94.16000366210938,96.52999877929688,1283633
2025-04-04 11:30:00-04:00,97.43499755859375,100.11000061035156,97.01000213623047,99.7249984741211,698634
2025-04-04 12:30:00-04:00,97.20999908447266,98.0199966430664,96.0999984741211,97.44000244140625,387312
2025-04-04 13:30:00-04:00,96.26010131835938,99.23639678955078,96.22000122070312,97.30000305175781,479132
2025-04-04 14:30:00-04:00,96.94000244140625,97.55989837646484,95.41999816894531,96.3499984741211,845582
2025-04-04 15:30:00-04:00,97.01000213623047,98.44999694824219,96.70999908447266,96.87000274658203,1099198
2025-04-07 09:30:00-04:00,95.63999938964844,103.38999938964844,89.41999816894531,90.9749984741211,2141059
2025-04-07 10:30:00-04:00,95.13500213623047,99.4999008178711,93.7300033569336,95.67500305175781,993164
2025-04-07 11:30:00-04:00,97.13500213623047,97.58000183105469,95.0,95.12999725341797,467170
2025-04-07 12:30:00-04:00,98.83999633789062,98.94999694824219,95.56999969482422,97.13500213623047,511171
2025-04-07 13:30:00-04:00,97.2699966430664,100.38500213623047,97.2699966430664,98.84500122070312,617706
2025-04-07 14:30:00-04:00,96.8499984741211,98.88999938964844,96.51000213623047,97.4800033569336,581888
2025-04-07 15:30:00-04:00,98.22000122070312,98.69010162353516,96.62000274658203,96.87999725341797,956810
2025-04-08 09:30:00-04:00,104.58000183105469,105.26499938964844,101.98999786376953,103.58999633789062,1186598
2025-04-08 10:30:00-04:00,102.91500091552734,105.08000183105469,102.77999877929688,104.54000091552734,501034
2025-04-08 11:30:00-04:00,101.0,104.2300033569336,100.76429748535156,102.81999969482422,407432
2025-04-08 12:30:00-04:00,99.21499633789062,101.44999694824219,98.51000213623047,101.08999633789062,464256
2025-04-08 13:30:00-04:00,99.22000122070312,100.87999725341797,98.93499755859375,99.18499755859375,388575
2025-04-08 14:30:00-04:00,97.45999908447266,100.62000274658203,96.26480102539062,99.23500061035156,563482
2025-04-08 15:30:00-04:00,97.41999816894531,97.6050033569336,95.79000091552734,97.5199966430664,931130
2025-04-09 09:30:00-04:00,98.57499694824219,100.61499786376953,97.11000061035156,97.23500061035156,752386
2025-04-09 10:30:00-04:00,97.5,99.5999984741211,96.41000366210938,98.57499694824219,367734
2025-04-09 11:30:00-04:00,97.96499633789062,98.30999755859375,96.84549713134766,97.43499755859375,257769
2025-04-09 12:30:00-04:00,105.81999969482422,107.36000061035156,96.79000091552734,97.83000183105469,802423
2025-04-09 13:30:00-04:00,113.77559661865234,114.1500015258789,105.02999877929688,105.94000244140625,1663915
2025-04-09 14:30:00-04:00,114.32499694824219,115.41999816894531,111.11000061035156,114.0824966430664,1114276
2025-04-09 15:30:00-04:00,112.5,114.9800033569336,112.19000244140625,114.45999908447266,1546251
2025-04-10 09:30:00-04:00,106.70999908447266,108.98040008544922,105.11599731445312,108.29000091552734,589315
2025-04-10 10:30:00-04:00,104.2699966430664,107.57990264892578,104.04000091552734,106.6500015258789,507523
2025-04-10 11:30:00-04:00,102.83999633789062,104.83999633789062,102.0999984741211,104.2699966430664,423490
2025-04-10 12:30:00-04:00,104.56999969482422,105.58000183105469,102.62000274658203,102.7300033569336,360259
2025-04-10 13:30:00-04:00,107.55999755859375,107.55999755859375,104.33999633789062,104.4800033569336,468974
2025-04-10 14:30:00-04:00,105.81999969482422,107.93779754638672,105.60649871826172,107.55999755859375,534108
2025-04-10 15:30:00-04:00,105.48999786376953,106.68000030517578,104.79000091552734,105.68499755859375,696708
2025-04-11 09:30:00-04:00,103.5199966430664,107.2699966430664,103.05999755859375,105.56500244140625,558580
2025-04-11 10:30:00-04:00,103.31999969482422,105.2699966430664,102.83499908447266,103.5199966430664,329139
2025-04-11 11:30:00-04:00,103.80999755859375,104.43000030517578,103.25,103.29000091552734,364264
2025-04-11 12:30:00-04:00,104.31500244140625,105.75499725341797,103.81500244140625,103.81999969482422,276722
2025-04-11 13:30:00-04:00,105.86000061035156,106.4800033569336,103.82620239257812,104.19999694824219,334184
2025-04-11 14:30:00-04:00,106.02999877929688,106.30000305175781,105.11000061035156,105.98999786376953,272816
2025-04-11 15:30:00-04:00,106.1500015258789,106.4000015258789,105.36000061035156,106.02999877929688,570013
2025-04-14 09:30:00-04:00,109.26000213623047,111.69000244140625,108.0,110.0,741378
2025-04-14 10:30:00-04:00,107.48249816894531,110.40350341796875,107.30010223388672,109.3499984741211,400798
2025-04-14 11:30:00-04:00,106.8134994506836,108.11000061035156,106.0999984741211,107.55000305175781,222403
2025-04-14 12:30:00-04:00,106.83999633789062,107.61000061035156,106.1500015258789,106.73999786376953,147543
2025-04-14 13:30:00-04:00,107.43000030517578,107.70999908447266,106.5999984741211,106.8499984741211,193660
2025-04-14 14:30:00-04:00,107.49500274658203,108.0,107.16000366210938,107.45999908447266,220890
2025-04-14 15:30:00-04:00,107.12000274658203,107.6449966430664,106.72000122070312,107.49500274658203,361379
2025-04-15 09:30:00-04:00,107.16480255126953,108.69999694824219,106.18000030517578,107.16999816894531,294037
2025-04-15 10:30:00-04:00,109.04000091552734,109.69000244140625,107.27999877929688,107.27999877929688,247311
2025-04-15 11:30:00-04:00,109.62999725341797,109.97000122070312,108.75,108.87999725341797,179859
2025-04-15 12:30:00-04:00,109.34500122070312,110.28959655761719,108.95999908447266,109.625,213472
2025-04-15 13:30:00-04:00,108.94000244140625,109.64080047607422,108.73999786376953,109.36000061035156,176025
2025-04-15 14:30:00-04:00,108.875,109.69999694824219,108.80999755859375,108.94000244140625,191423
2025-04-15 15:30:00-04:00,109.13999938964844,109.22000122070312,108.44999694824219,108.875,446879
2025-04-16 09:30:00-04:00,112.08999633789062,113.66000366210938,108.5199966430664,109.0250015258789,1229281
2025-04-16 10:30:00-04:00,112.7750015258789,113.16999816894531,111.31999969482422,112.02999877929688,386219
2025-04-16 11:30:00-04:00,111.98999786376953,112.85140228271484,111.4000015258789,112.77249908447266,217753
2025-04-16 12:30:00-04:00,111.5250015258789,112.23999786376953,111.12999725341797,112.0199966430664,198208
2025-04-16 13:30:00-04:00,109.70999908447266,111.37000274658203,109.1240005493164,111.37000274658203,368212
2025-04-16 14:30:00-04:00,107.88500213623047,109.7249984741211,107.68000030517578,109.69000244140625,335395
2025-04-16 15:30:00-04:00,109.54000091552734,109.58999633789062,107.76000213623047,107.90499877929688,980707
2025-04-17 09:30:00-04:00,107.5199966430664,110.9000015258789,107.37000274658203,110.80000305175781,377357
2025-04-17 10:30:00-04:00,107.8499984741211,108.81500244140625,106.80000305175781,107.52999877929688,257576
2025-04-17 11:30:00-04:00,108.80999755859375,109.11000061035156,107.87999725341797,107.88999938964844,252010
2025-04-17 12:30:00-04:00,107.83000183105469,109.23999786376953,107.83000183105469,108.68550109863281,129930
2025-04-17 13:30:00-04:00,108.33000183105469,108.69180297851562,107.7699966430664,107.88999938964844,151275
2025-04-17 14:30:00-04:00,108.01499938964844,109.1500015258789,108.0,108.3550033569336,202925
2025-04-17 15:30:00-04:00,107.9000015258789,108.44999694824219,107.58999633789062,108.08000183105469,309437
2025-04-21 09:30:00-04:00,102.83999633789062,106.44000244140625,102.83999633789062,105.66000366210938,288618
2025-04-21 10:30:00-04:00,101.5999984741211,103.37590026855469,101.5999984741211,102.8499984741211,169533
2025-04-21 11:30:00-04:00,101.77999877929688,102.41999816894531,101.5,101.5999984741211,197187
2025-04-21 12:30:00-04:00,100.77999877929688,102.12999725341797,100.48999786376953,101.79499816894531,251101
2025-04-21 13:30:00-04:00,100.7300033569336,101.22000122070312,100.30999755859375,100.76000213623047,173787
2025-04-21 14:30:00-04:00,100.87000274658203,101.01499938964844,100.25,100.73999786376953,512334
2025-04-21 15:30:00-04:00,102.12999725341797,102.30999755859375,100.94999694824219,100.9800033569336,575018
2025-04-22 09:30:00-04:00,103.80999755859375,104.55899810791016,103.0,104.19999694824219,262381
2025-04-22 10:30:00-04:00,105.18000030517578,105.69000244140625,103.5,103.80999755859375,320368
2025-04-22 11:30:00-04:00,106.98999786376953,107.16999816894531,104.7300033569336,105.16999816894531,296299
2025-04-22 12:30:00-04:00,105.25,107.43000030517578,105.08999633789062,106.93000030517578,302544
2025-04-22 13:30:00-04:00,106.31999969482422,106.5999984741211,105.11000061035156,105.2300033569336,250437
2025-04-22 14:30:00-04:00,105.69000244140625,106.55999755859375,105.5199966430664,106.34500122070312,214483
2025-04-22 15:30:00-04:00,106.80000305175781,106.94000244140625,105.44999694824219,105.66000366210938,552491
2025-04-23 09:30:00-04:00,115.05999755859375,118.0,112.38919830322266,113.18000030517578,1288660
2025-04-23 10:30:00-04:00,113.78500366210938,115.98999786376953,113.5656967163086,115.05999755859375,486967
2025-04-23 11:30:00-04:00,113.08999633789062,114.43000030517578,112.44999694824219,113.78500366210938,259349
2025-04-23 12:30:00-04:00,113.69999694824219,114.19999694824219,113.05000305175781,113.16000366210938,192505
2025-04-23 13:30:00-04:00,113.59500122070312,114.2699966430664,113.27999877929688,113.83000183105469,196632
2025-04-23 14:30:00-04:00,112.79000091552734,114.05999755859375,112.52999877929688,113.63999938964844,345383
2025-04-23 15:30:00-04:00,112.80999755859375,113.12999725341797,112.12000274658203,112.79000091552734,515052
2025-04-24 09:30:00-04:00,117.3949966430664,118.44000244140625,112.9000015258789,112.9000015258789,621670
2025-04-24 10:30:00-04:00,117.77999877929688,118.2300033569336,117.00189971923828,117.375,331271
2025-04-24 11:30:00-04:00,118.67500305175781,118.80000305175781,117.5999984741211,117.77999877929688,240667
2025-04-24 12:30:00-04:00,118.70999908447266,119.66000366210938,118.2239990234375,118.6707992553711,319765
2025-04-24 13:30:00-04:00,118.87000274658203,119.1227035522461,118.08000183105469,118.70999908447266,164093
2025-04-24 14:30:00-04:00,118.33000183105469,119.27999877929688,118.33000183105469,118.97000122070312,286994
2025-04-24 15:30:00-04:00,118.86000061035156,119.02999877929688,118.2699966430664,118.37000274658203,453189
2025-04-25 09:30:00-04:00,118.55000305175781,120.16000366210938,117.88600158691406,117.88600158691406,448988
2025-04-25 10:30:00-04:00,119.31500244140625,119.72000122070312,117.83000183105469,118.63999938964844,218877
2025-04-25 11:30:00-04:00,119.28500366210938,119.53240203857422,118.22000122070312,119.31999969482422,211403
2025-04-25 12:30:00-04:00,120.80000305175781,121.01000213623047,119.23100280761719,119.25,291814
2025-04-25 13:30:00-04:00,119.84500122070312,120.77999877929688,118.97029876708984,120.77999877929688,279804
2025-04-25 14:30:00-04:00,120.54000091552734,120.86000061035156,119.80000305175781,119.97000122070312,340876
2025-04-25 15:30:00-04:00,121.06999969482422,121.08999633789062,120.33000183105469,120.5199966430664,529305
2025-04-28 09:30:00-04:00,120.98370361328125,122.4999008178711,119.56999969482422,121.41000366210938,471315
2025-04-28 10:30:00-04:00,118.16000366210938,121.06999969482422,118.06199645996094,120.98500061035156,220461
2025-04-28 11:30:00-04:00,118.51499938964844,118.98999786376953,118.06999969482422,118.26000213623047,170435
2025-04-28 12:30:00-04:00,118.86499786376953,119.46690368652344,118.51000213623047,118.62999725341797,149124
2025-04-28 13:30:00-04:00,120.02999877929688,120.13999938964844,118.86000061035156,118.86000061035156,132948
2025-04-28 14:30:00-04:00,120.58499908447266,120.8499984741211,119.96499633789062,120.02999877929688,230056
2025-04-28 15:30:00-04:00,120.9000015258789,121.08999633789062,120.20999908447266,120.58499908447266,418943
2025-04-29 09:30:00-04:00,120.81999969482422,122.7300033569336,120.48999786376953,120.88999938964844,385228
2025-04-29 10:30:00-04:00,121.26000213623047,121.9937973022461,120.83000183105469,120.83999633789062,193144
2025-04-29 11:30:00-04:00,121.43000030517578,121.75,120.93000030517578,121.13279724121094,104593
2025-04-29 12:30:00-04:00,121.65499877929688,121.98999786376953,120.98999786376953,121.37999725341797,162162
2025-04-29 13:30:00-04:00,122.61499786376953,122.73999786376953,121.6500015258789,121.73999786376953,137995
2025-04-29 14:30:00-04:00,122.2699966430664,122.87000274658203,122.0199966430664,122.62000274658203,210885
2025-04-29 15:30:00-04:00,122.2300033569336,122.33000183105469,121.95500183105469,122.30999755859375,325603
2025-04-30 09:30:00-04:00,118.87000274658203,119.1698989868164,117.07489776611328,118.70999908447266,568865
2025-04-30 10:30:00-04:00,119.16999816894531,119.72000122070312,118.38999938964844,118.87000274658203,241890
2025-04-30 11:30:00-04:00,119.08999633789062,120.10299682617188,118.93000030517578,119.2750015258789,164020
2025-04-30 12:30:00-04:00,119.43499755859375,119.67510223388672,118.5999984741211,119.12999725341797,182161
2025-04-30 13:30:00-04:00,119.94000244140625,120.31500244140625,119.2300033569336,119.43499755859375,244335
2025-04-30 14:30:00-04:00,118.91999816894531,120.10430145263672,118.69999694824219,119.87999725341797,235923
2025-04-30 15:30:00-04:00,120.73999786376953,120.93000030517578,118.73999786376953,118.8550033569336,496604
2025-05-01 09:30:00-04:00,124.63999938964844,125.9800033569336,122.5199966430664,125.69999694824219,840304
2025-05-01 10:30:00-04:00,124.88500213623047,125.0552978515625,124.33000183105469,124.69100189208984,322299
2025-05-01 11:30:00-04:00,124.6500015258789,125.16000366210938,124.02999877929688,124.88500213623047,481690
2025-05-01 12:30:00-04:00,125.27999877929688,125.4813003540039,124.30000305175781,124.55999755859375,372292
2025-05-01 13:30:00-04:00,124.61499786376953,125.30999755859375,124.25,125.11000061035156,225954
2025-05-01 14:30:00-04:00,123.9749984741211,124.69999694824219,123.83000183105469,124.61000061035156,263351
2025-05-01 15:30:00-04:00,122.58000183105469,124.0999984741211,122.5,123.9749984741211,458232
2025-05-02 09:30:00-04:00,125.21499633789062,125.70999908447266,124.02999877929688,125.11499786376953,470335
2025-05-02 10:30:00-04:00,124.06999969482422,125.18000030517578,123.76000213623047,125.16999816894531,360181
2025-05-02 11:30:00-04:00,125.75090026855469,125.83000183105469,124.0,124.05500030517578,298560
2025-05-02 12:30:00-04:00,125.0999984741211,126.05000305175781,124.80000305175781,125.77999877929688,275011
2025-05-02 13:30:00-04:00,124.87000274658203,125.30999755859375,124.81999969482422,125.0999984741211,159714
2025-05-02 14:30:00-04:00,123.9749984741211,124.95999908447266,123.88999938964844,124.83999633789062,253965
2025-05-02 15:30:00-04:00,124.20500183105469,124.37000274658203,123.41999816894531,123.9749984741211,595560
2025-05-05 09:30:00-04:00,124.98999786376953,125.90750122070312,122.38999938964844,122.58999633789062,397551
2025-05-05 10:30:00-04:00,125.5519027709961,126.24500274658203,124.75,125.0199966430664,338311
2025-05-05 11:30:00-04:00,125.20999908447266,125.62999725341797,124.91500091552734,125.51000213623047,211336
2025-05-05 12:30:00-04:00,125.51200103759766,125.6500015258789,124.89949798583984,125.26679992675781,167461
2025-05-05 13:30:00-04:00,125.19000244140625,125.56999969482422,124.9800033569336,125.44000244140625,132484
2025-05-05 14:30:00-04:00,125.03500366210938,125.55999755859375,124.87999725341797,125.15499877929688,329032
2025-05-05 15:30:00-04:00,124.63999938964844,125.4800033569336,124.44999694824219,125.02999877929688,881208
2025-05-06 09:30:00-04:00,122.91999816894531,123.38999938964844,120.45999908447266,122.0,702388
2025-05-06 10:30:00-04:00,123.23500061035156,123.48049926757812,122.22000122070312,123.0199966430664,225524
2025-05-06 11:30:00-04:00,122.4000015258789,123.31999969482422,122.30999755859375,123.2699966430664,271683
2025-05-06 12:30:00-04:00,120.9749984741211,122.41000366210938,120.83999633789062,122.37999725341797,184818
2025-05-06 13:30:00-04:00,121.49500274658203,121.55999755859375,120.45500183105469,120.97000122070312,228914
2025-05-06 14:30:00-04:00,122.54000091552734,122.7300033569336,121.5,121.5,286664
2025-05-06 15:30:00-04:00,122.36000061035156,123.19999694824219,122.2300033569336,122.54000091552734,416620
2025-05-07 09:30:00-04:00,122.29000091552734,122.73999786376953,121.19999694824219,122.08000183105469,279623
2025-05-07 10:30:00-04:00,121.23190307617188,122.66999816894531,120.94000244140625,122.28500366210938,219841
2025-05-07 11:30:00-04:00,121.86499786376953,122.36499786376953,121.23999786376953,121.33000183105469,223686
2025-05-07 12:30:00-04:00,122.31999969482422,122.66000366210938,121.75,121.86499786376953,139162
2025-05-07 13:30:00-04:00,121.17350006103516,122.38999938964844,120.55000305175781,122.30999755859375,224629
2025-05-07 14:30:00-04:00,121.12999725341797,121.91000366210938,120.7300033569336,121.02999877929688,268566
2025-05-07 15:30:00-04:00,121.58999633789062,122.65619659423828,120.75150299072266,121.12000274658203,526395
2025-05-08 09:30:00-04:00,122.81849670410156,123.9000015258789,122.30999755859375,123.80999755859375,568463
2025-05-08 10:30:00-04:00,123.12999725341797,123.56999969482422,121.45500183105469,122.76499938964844,505718
2025-05-08 11:30:00-04:00,124.0999984741211,124.5999984741211,122.93329620361328,123.18000030517578,382917
2025-05-08 12:30:00-04:00,125.17320251464844,125.25,123.83000183105469,124.04000091552734,510674
2025-05-08 13:30:00-04:00,125.41500091552734,125.56199645996094,124.59500122070312,125.26000213623047,459075
2025-05-08 14:30:00-04:00,125.83999633789062,126.2699966430664,125.11000061035156,125.41500091552734,864029
2025-05-08 15:30:00-04:00,124.47000122070312,125.93000030517578,124.47000122070312,125.8499984741211,1047259
2025-05-09 09:30:00-04:00,132.75,136.38999938964844,131.30999755859375,133.6199951171875,3114183
2025-05-09 10:30:00-04:00,132.01499938964844,133.0,130.5500030517578,132.77000427246094,1246481
2025-05-09 11:30:00-04:00,133.27999877929688,133.61000061035156,131.41000366210938,132.01499938964844,755755
2025-05-09 12:30:00-04:00,132.97000122070312,134.4499969482422,132.0,133.3000030517578,525637
2025-05-09 13:30:00-04:00,133.04249572753906,133.4499969482422,132.5,132.9250030517578,421108
2025-05-09 14:30:00-04:00,131.82000732421875,133.4199981689453,131.66839599609375,132.99000549316406,659460
2025-05-09 15:30:00-04:00,132.51100158691406,133.03500366210938,130.1999969482422,131.82000732421875,1525041
2025-05-12 09:30:00-04:00,140.14999389648438,142.3699951171875,136.32000732421875,139.0,1448864
2025-05-12 10:30:00-04:00,141.3249969482422,141.3800048828125,139.60000610351562,140.22999572753906,579490
2025-05-12 11:30:00-04:00,141.73500061035156,142.07000732421875,140.63999938964844,141.3800048828125,460246
2025-05-12 12:30:00-04:00,142.9949951171875,143.27999877929688,141.70620727539062,141.72999572753906,448977
2025-05-12 13:30:00-04:00,142.50999450683594,143.0500030517578,141.9199981689453,142.9949951171875,296427
2025-05-12 14:30:00-04:00,142.25999450683594,143.07000732421875,141.94400024414062,142.47000122070312,565978
2025-05-12 15:30:00-04:00,142.47999572753906,142.47999572753906,141.57000732421875,142.2100067138672,905653
2025-05-13 09:30:00-04:00,146.8000030517578,147.60000610351562,143.0,143.4199981689453,905680
2025-05-13 10:30:00-04:00,148.33560180664062,148.36000061035156,146.60000610351562,146.63999938964844,421748
2025-05-13 11:30:00-04:00,149.76499938964844,149.8699951171875,148.110107421875,148.3115997314453,759303
2025-05-13 12:30:00-04:00,150.75,150.8800048828125,149.70120239257812,149.76499938964844,441021
2025-05-13 13:30:00-04:00,150.67999267578125,151.32000732421875,150.1300048828125,150.72000122070312,649540
2025-05-13 14:30:00-04:00,150.75,151.05999755859375,149.77000427246094,150.64500427246094,477806
2025-05-13 15:30:00-04:00,150.3800048828125,151.02999877929688,149.96499633789062,150.8000030517578,854810
2025-05-14 09:30:00-04:00,152.59629821777344,154.1699981689453,150.4499969482422,152.0,1030709
2025-05-14 10:30:00-04:00,152.41250610351562,152.8300018310547,151.58999633789062,152.5,345558
2025-05-14 11:30:00-04:00,152.38499450683594,152.38499450683594,151.69000244140625,152.35000610351562,249608
2025-05-14 12:30:00-04:00,151.98500061035156,152.90750122070312,151.3800048828125,152.39999389648438,351024
2025-05-14 13:30:00-04:00,152.3000030517578,152.61000061035156,151.89999389648438,151.9250030517578,271938
2025-05-14 14:30:00-04:00,153.10499572753906,153.58999633789062,152.38999938964844,152.38999938964844,541002
2025-05-14 15:30:00-04:00,154.49000549316406,154.6199951171875,152.88999938964844,153.06500244140625,941610
2025-05-15 09:30:00-04:00,151.10009765625,153.39999389648438,151.06069946289062,152.94000244140625,732868
2025-05-15 10:30:00-04:00,153.0850067138672,153.2100067138672,150.59410095214844,151.2100067138672,358209
2025-05-15 11:30:00-04:00,153.39500427246094,154.05999755859375,152.8800048828125,153.0850067138672,192761
2025-05-15 12:30:00-04:00,153.91000366210938,154.47000122070312,153.39500427246094,153.39500427246094,171419
2025-05-15 13:30:00-04:00,152.7899932861328,154.13999938964844,152.29159545898438,153.99000549316406,209582
2025-05-15 14:30:00-04:00,151.46499633789062,153.0500030517578,151.3800048828125,152.85000610351562,185995
2025-05-15 15:30:00-04:00,152.8300018310547,152.86000061035156,151.48500061035156,151.48500061035156,728701
2025-05-16 09:30:00-04:00,155.98500061035156,156.63999938964844,152.41000366210938,152.68499755859375,1355023
2025-05-16 10:30:00-04:00,156.6199951171875,156.74000549316406,155.13999938964844,155.98500061035156,546665
2025-05-16 11:30:00-04:00,155.41000366210938,157.14840698242188,155.3699951171875,156.57000732421875,512525
2025-05-16 12:30:00-04:00,156.19000244140625,156.27000427246094,155.11000061035156,155.4149932861328,335797
2025-05-16 13:30:00-04:00,156.18499755859375,156.5800018310547,155.85000610351562,156.19000244140625,367510
2025-05-16 14:30:00-04:00,157.16000366210938,157.22999572753906,155.99000549316406,156.13999938964844,456050
2025-05-16 15:30:00-04:00,157.30499267578125,157.50999450683594,156.56500244140625,157.16000366210938,926227
2025-05-19 09:30:00-04:00,156.11500549316406,157.0449981689453,154.02999877929688,154.44000244140625,783871
2025-05-19 10:30:00-04:00,156.34500122070312,157.24000549316406,155.85000610351562,156.11500549316406,483150
2025-05-19 11:30:00-04:00,157.34500122070312,157.52000427246094,156.30499267578125,156.39999389648438,237139
2025-05-19 12:30:00-04:00,157.75999450683594,158.25,157.01800537109375,157.34500122070312,223310
2025-05-19 13:30:00-04:00,157.80999755859375,158.6699981689453,157.50999450683594,157.77000427246094,350658
2025-05-19 14:30:00-04:00,157.16000366210938,157.89999389648438,156.96389770507812,157.80499267578125,340883
2025-05-19 15:30:00-04:00,157.52000427246094,157.8000030517578,156.9600067138672,157.13999938964844,810073
2025-05-20 09:30:00-04:00,157.35000610351562,157.8800048828125,155.97000122070312,156.3000030517578,493600
2025-05-20 10:30:00-04:00,156.89999389648438,157.74000549316406,156.74000549316406,157.3350067138672,289427
2025-05-20 11:30:00-04:00,156.44000244140625,157.08999633789062,156.00999450683594,156.875,239804
2025-05-20 12:30:00-04:00,157.11500549316406,157.1300048828125,156.3800048828125,156.44000244140625,162426
2025-05-20 13:30:00-04:00,156.08999633789062,157.11500549316406,155.75999450683594,157.11500549316406,242606
2025-05-20 14:30:00-04:00,156.55999755859375,156.6300048828125,155.2772979736328,156.0,411077
2025-05-20 15:30:00-04:00,157.5,157.50999450683594,156.25,156.52000427246094,536728
2025-05-21 09:30:00-04:00,156.78500366210938,157.80499267578125,155.85000610351562,156.13999938964844,430150
2025-05-21 10:30:00-04:00,158.5449981689453,158.6699981689453,156.27999877929688,157.0050048828125,270022
2025-05-21 11:30:00-04:00,159.2274932861328,160.2086944580078,158.5399932861328,158.55999755859375,300101
2025-05-21 12:30:00-04:00,156.27000427246094,159.8800048828125,156.1999969482422,159.18499755859375,247833
2025-05-21 13:30:00-04:00,156.6649932861328,157.83999633789062,155.69009399414062,156.27000427246094,294462
2025-05-21 14:30:00-04:00,155.5749969482422,157.38999938964844,155.2100067138672,156.6649932861328,368135
2025-05-21 15:30:00-04:00,156.52000427246094,157.0800018310547,155.5850067138672,155.5850067138672,634900
2025-05-22 09:30:00-04:00,159.35000610351562,160.47999572753906,155.89999389648438,157.36000061035156,516287
2025-05-22 10:30:00-04:00,159.0500030517578,159.6699981689453,157.8134002685547,159.1199951171875,183317
2025-05-22 11:30:00-04:00,159.18150329589844,159.4600067138672,158.80239868164062,159.02000427246094,161915
2025-05-22 12:30:00-04:00,159.8123016357422,159.8300018310547,158.5399932861328,159.13499450683594,146971
2025-05-22 13:30:00-04:00,159.38999938964844,160.1300048828125,159.2801055908203,159.8300018310547,186827
2025-05-22 14:30:00-04:00,159.23500061035156,159.88999938964844,159.07000732421875,159.35499572753906,201438
2025-05-22 15:30:00-04:00,158.32000732421875,159.35000610351562,157.8800048828125,159.2899932861328,472556
2025-05-23 09:30:00-04:00,158.22000122070312,158.44619750976562,154.92950439453125,155.42999267578125,370400
2025-05-23 10:30:00-04:00,157.85000610351562,158.6699981689453,157.32000732421875,158.24000549316406,151787
2025-05-23 11:30:00-04:00,158.125,158.42999267578125,157.44500732421875,157.91000366210938,138922
2025-05-23 12:30:00-04:00,158.8699951171875,159.17999267578125,157.77000427246094,158.14999389648438,98196
2025-05-23 13:30:00-04:00,158.4149932861328,159.1199951171875,158.18760681152344,158.8000030517578,96299
2025-05-23 14:30:00-04:00,158.33999633789062,158.6699981689453,157.91000366210938,158.4199981689453,135502
2025-05-23 15:30:00-04:00,158.1199951171875,158.69000244140625,157.8000030517578,158.25,433229
2025-05-27 09:30:00-04:00,162.17999267578125,162.26170349121094,159.27569580078125,160.0,436061
2025-05-27 10:30:00-04:00,161.01499938964844,162.39430236816406,160.52999877929688,162.1199951171875,390232
2025-05-27 11:30:00-04:00,161.43499755859375,161.57000732421875,160.9600067138672,161.0500030517578,173284
2025-05-27 12:30:00-04:00,162.4136962890625,162.4698944091797,161.33999633789062,161.48370361328125,228120
2025-05-27 13:30:00-04:00,161.1300048828125,162.8000030517578,161.07879638671875,162.33999633789062,338077
2025-05-27 14:30:00-04:00,161.19500732421875,161.4499969482422,160.77000427246094,161.13499450683594,298601
2025-05-27 15:30:00-04:00,161.86000061035156,161.97999572753906,160.9499969482422,161.13999938964844,665845
2025-05-28 09:30:00-04:00,161.6999969482422,163.00999450683594,161.2895050048828,162.0,553573
2025-05-28 10:30:00-04:00,161.92999267578125,162.24000549316406,161.3300018310547,161.61500549316406,198204
2025-05-28 11:30:00-04:00,162.1999969482422,162.25,161.66000366210938,162.0,207930
2025-05-28 12:30:00-04:00,162.6199951171875,162.67999267578125,162.1199951171875,162.25,462800
2025-05-28 13:30:00-04:00,162.2100067138672,162.72999572753906,161.86000061035156,162.66000366210938,530764
2025-05-28 14:30:00-04:00,162.67999267578125,162.8800048828125,161.82000732421875,162.25999450683594,484800
2025-05-28 15:30:00-04:00,161.97999572753906,162.99000549316406,161.5399932861328,162.64999389648438,529887
2025-05-29 09:30:00-04:00,161.3699951171875,164.82000732421875,159.75999450683594,164.80999755859375,645516
2025-05-29 10:30:00-04:00,163.52499389648438,163.6699981689453,161.1999969482422,161.2050018310547,264741
2025-05-29 11:30:00-04:00,164.43499755859375,164.63999938964844,162.9239044189453,163.52000427246094,434059
2025-05-29 12:30:00-04:00,164.35800170898438,165.49000549316406,164.16000366210938,164.42999267578125,354252
2025-05-29 13:30:00-04:00,164.02000427246094,164.75999450683594,163.75999450683594,164.32000732421875,222044
2025-05-29 14:30:00-04:00,164.22999572753906,164.6300048828125,163.91000366210938,163.9499969482422,358332
2025-05-29 15:30:00-04:00,164.1699981689453,164.58999633789062,163.64999389648438,164.22999572753906,574891
2025-05-30 09:30:00-04:00,164.25,164.72999572753906,162.19000244140625,163.6199951171875,360375
2025-05-30 10:30:00-04:00,165.33999633789062,165.38999938964844,163.8249969482422,164.14999389648438,179076
2025-05-30 11:30:00-04:00,162.57000732421875,165.22000122070312,162.36000061035156,165.11000061035156,250316
2025-05-30 12:30:00-04:00,162.25999450683594,162.72000122070312,161.1199951171875,162.5399932861328,285104
2025-05-30 13:30:00-04:00,164.0500030517578,164.1199951171875,162.1649932861328,162.30999755859375,217981
2025-05-30 14:30:00-04:00,165.02999877929688,165.10000610351562,163.83929443359375,164.10000610351562,232385
2025-05-30 15:30:00-04:00,165.83009338378906,166.52000427246094,164.4499969482422,164.97999572753906,671307
2025-06-02 09:30:00-04:00,165.02000427246094,167.41000366210938,162.27499389648438,165.0,445496
2025-06-02 10:30:00-04:00,165.85000610351562,166.25,164.75540161132812,164.82000732421875,213133
2025-06-02 11:30:00-04:00,166.46499633789062,167.19000244140625,165.77560424804688,165.81500244140625,185377
2025-06-02 12:30:00-04:00,167.77999877929688,167.83999633789062,166.4600067138672,166.46499633789062,189481
2025-06-02 13:30:00-04:00,169.2899932861328,169.4250030517578,167.4550018310547,167.75999450683594,406513
2025-06-02 14:30:00-04:00,169.25999450683594,169.52999877929688,168.8845977783203,169.32000732421875,419591
2025-06-02 15:30:00-04:00,169.75999450683594,170.0,169.30999755859375,169.36000061035156,548204
2025-06-03 09:30:00-04:00,171.5800018310547,171.97999572753906,167.89999389648438,169.82000732421875,655231
2025-06-03 10:30:00-04:00,171.2100067138672,172.27999877929688,170.99600219726562,171.55999755859375,347963
2025-06-03 11:30:00-04:00,171.8699951171875,172.0,171.11000061035156,171.22000122070312,221832
2025-06-03 12:30:00-04:00,172.14500427246094,172.3699951171875,171.85479736328125,171.85479736328125,145235
2025-06-03 13:30:00-04:00,171.9499969482422,172.32000732421875,171.30880737304688,172.08999633789062,250295
2025-06-03 14:30:00-04:00,172.90499877929688,173.19000244140625,171.80999755859375,172.0,386203
2025-06-03 15:30:00-04:00,172.58999633789062,172.97500610351562,171.97000122070312,172.89999389648438,470276
2025-06-04 09:30:00-04:00,173.86000061035156,174.2899932861328,171.45010375976562,172.28500366210938,465350
2025-06-04 10:30:00-04:00,173.32000732421875,174.4866943359375,173.22329711914062,173.92999267578125,185280
2025-06-04 11:30:00-04:00,172.27999877929688,173.8800048828125,172.27999877929688,173.30999755859375,163756
2025-06-04 12:30:00-04:00,172.10000610351562,172.55999755859375,171.25999450683594,172.39999389648438,156584
2025-06-04 13:30:00-04:00,171.9499969482422,172.39999389648438,171.61000061035156,172.14500427246094,144608
2025-06-04 14:30:00-04:00,171.31500244140625,172.19000244140625,171.07000732421875,172.0,313238
2025-06-04 15:30:00-04:00,170.9199981689453,171.9600067138672,170.6199951171875,171.25999450683594,602504
2025-06-05 09:30:00-04:00,178.16990661621094,178.49989318847656,170.74000549316406,172.0,1016651
2025-06-05 10:30:00-04:00,180.17999267578125,181.11630249023438,176.74000549316406,178.02999877929688,921005
2025-06-05 11:30:00-04:00,179.3166046142578,180.3170928955078,178.60000610351562,180.16209411621094,409318
2025-06-05 12:30:00-04:00,180.0399932861328,180.27760314941406,177.39999389648438,179.22000122070312,503084
2025-06-05 13:30:00-04:00,179.18499755859375,180.33999633789062,178.69000244140625,180.10960388183594,426816
2025-06-05 14:30:00-04:00,178.1199951171875,179.25039672851562,176.8300018310547,179.1999969482422,770382
2025-06-05 15:30:00-04:00,176.32000732421875,178.9600067138672,176.1199951171875,178.1199951171875,885687
2025-06-06 09:30:00-04:00,179.1999969482422,181.80999755859375,176.14999389648438,178.22000122070312,787240
2025-06-06 10:30:00-04:00,180.25,181.5,178.85000610351562,179.1999969482422,383026
2025-06-06 11:30:00-04:00,178.75,180.39990234375,178.33999633789062,180.2550048828125,258254
2025-06-06 12:30:00-04:00,179.5399932861328,179.57000732421875,178.25999450683594,178.72000122070312,152466
2025-06-06 13:30:00-04:00,179.96499633789062,180.36000061035156,179.44000244140625,179.5449981689453,166939
2025-06-06 14:30:00-04:00,178.5749969482422,180.25999450683594,178.22000122070312,180.02999877929688,285527
2025-06-06 15:30:00-04:00,179.6699981689453,179.94000244140625,178.07000732421875,178.49000549316406,514716
2025-06-09 09:30:00-04:00,178.1649932861328,180.2100067138672,173.1501007080078,180.2100067138672,705434
2025-06-09 10:30:00-04:00,177.94500732421875,179.2949981689453,176.6999969482422,178.1649932861328,430650
2025-06-09 11:30:00-04:00,178.4199981689453,178.70680236816406,177.6658935546875,177.94500732421875,165764
2025-06-09 12:30:00-04:00,178.77000427246094,179.22999572753906,178.35890197753906,178.47999572753906,131543
2025-06-09 13:30:00-04:00,178.17999267578125,179.32000732421875,178.17999267578125,178.77000427246094,136775
2025-06-09 14:30:00-04:00,179.2458038330078,179.50999450683594,178.1614990234375,178.26499938964844,165109
2025-06-09 15:30:00-04:00,177.77000427246094,179.2899932861328,177.72000122070312,179.2899932861328,584699
2025-06-10 09:30:00-04:00,179.80999755859375,181.8000030517578,178.34539794921875,179.47999572753906,458264
2025-06-10 10:30:00-04:00,177.9949951171875,180.3699951171875,177.7899932861328,179.64999389648438,366534
2025-06-10 11:30:00-04:00,178.02499389648438,178.64999389648438,176.5023956298828,177.9199981689453,216530
2025-06-10 12:30:00-04:00,177.82989501953125,178.24000549316406,177.1300048828125,178.02499389648438,162919
2025-06-10 13:30:00-04:00,177.8300018310547,178.1300048828125,176.2899932861328,177.61000061035156,182662
2025-06-10 14:30:00-04:00,178.72000122070312,178.82000732421875,177.81500244140625,177.8300018310547,266011
2025-06-10 15:30:00-04:00,179.2949981689453,179.5399932861328,178.43531799316406,178.69500732421875,499642
2025-06-11 09:30:00-04:00,179.17300415039062,180.2657012939453,177.43499755859375,179.0,346991
2025-06-11 10:30:00-04:00,179.72000122070312,180.42990112304688,178.92520141601562,179.00999450683594,275592
2025-06-11 11:30:00-04:00,181.07000732421875,181.1300048828125,179.7449951171875,179.7449951171875,246213
2025-06-11 12:30:00-04:00,181.0399932861328,181.5,180.75999450683594,181.1999969482422,149973
2025-06-11 13:30:00-04:00,179.50999450683594,181.05999755859375,178.89999389648438,181.02999877929688,160102
2025-06-11 14:30:00-04:00,179.25999450683594,180.2100067138672,178.8699951171875,179.4499969482422,202650
2025-06-11 15:30:00-04:00,179.69000244140625,179.9550018310547,178.80999755859375,179.22999572753906,429909
2025-06-12 09:30:00-04:00,179.43499755859375,181.49000549316406,176.0,176.0,685672
2025-06-12 10:30:00-04:00,178.22000122070312,179.85809326171875,177.77999877929688,179.4250030517578,378750
2025-06-12 11:30:00-04:00,180.13999938964844,180.25,177.88999938964844,178.2100067138672,319707
2025-06-12 12:30:00-04:00,178.68179321289062,180.14999389648438,178.57000732421875,180.13999938964844,465249
2025-06-12 13:30:00-04:00,174.99000549316406,179.0,173.88499450683594,178.8572998046875,443275
2025-06-12 14:30:00-04:00,171.36500549316406,175.14999389648438,168.1199951171875,174.7899932861328,2744194
2025-06-12 15:30:00-04:00,170.89500427246094,172.58999633789062,169.14999389648438,171.35000610351562,2200426
2025-06-13 09:30:00-04:00,168.16000366210938,170.49000549316406,167.125,167.125,2109638
2025-06-13 10:30:00-04:00,171.05999755859375,171.14999389648438,168.24000549316406,168.25999450683594,930017
2025-06-13 11:30:00-04:00,171.80999755859375,172.52000427246094,170.75999450683594,171.0850067138672,574240
2025-06-13 12:30:00-04:00,172.52000427246094,172.97999572753906,171.4600067138672,171.86000061035156,382598
2025-06-13 13:30:00-04:00,172.83999633789062,173.65249633789062,172.00999450683594,172.5131072998047,356056
2025-06-13 14:30:00-04:00,172.44000244140625,173.91000366210938,172.22000122070312,172.80999755859375,494090
2025-06-13 15:30:00-04:00,171.97000122070312,172.95370483398438,171.13999938964844,172.375,952174
2025-06-16 09:30:00-04:00,174.67999267578125,177.02999877929688,173.80369567871094,174.44000244140625,704851
2025-06-16 10:30:00-04:00,177.1699981689453,177.61000061035156,174.17999267578125,174.52000427246094,378180
2025-06-16 11:30:00-04:00,177.27999877929688,178.125,176.97999572753906,177.11000061035156,380006
2025-06-16 12:30:00-04:00,178.63999938964844,178.74729919433594,177.22999572753906,177.33999633789062,282233
2025-06-16 13:30:00-04:00,178.9250030517578,179.4698944091797,178.36000061035156,178.6300048828125,398542
2025-06-16 14:30:00-04:00,178.08999633789062,179.00999450683594,177.3800048828125,178.9600067138672,440345
2025-06-16 15:30:00-04:00,179.25999450683594,179.27999877929688,178.05999755859375,178.10000610351562,554560
2025-06-17 09:30:00-04:00,180.43499755859375,180.77000427246094,176.02000427246094,178.63999938964844,425544
2025-06-17 10:30:00-04:00,180.5800018310547,181.4499969482422,179.8365936279297,180.43499755859375,239779
2025-06-17 11:30:00-04:00,180.53500366210938,180.84500122070312,179.52000427246094,180.5,237205
2025-06-17 12:30:00-04:00,181.8800048828125,182.2899932861328,180.50999450683594,180.5175018310547,1038241
2025-06-17 13:30:00-04:00,181.72000122070312,182.49000549316406,180.7899932861328,181.69000244140625,419266
2025-06-17 14:30:00-04:00,182.49000549316406,182.58999633789062,181.1699981689453,181.77999877929688,338219
2025-06-17 15:30:00-04:00,181.22999572753906,182.5800018310547,180.63999938964844,182.5800018310547,578390
2025-06-18 09:30:00-04:00,180.88999938964844,182.97999572753906,179.5800018310547,181.72000122070312,417021
2025-06-18 10:30:00-04:00,180.42999267578125,181.0010986328125,179.69000244140625,180.88499450683594,402281
2025-06-18 11:30:00-04:00,180.05999755859375,180.63999938964844,178.92999267578125,180.47999572753906,314788
2025-06-18 12:30:00-04:00,180.46499633789062,181.60000610351562,180.0800018310547,180.17999267578125,240367
2025-06-18 13:30:00-04:00,181.2274932861328,181.38999938964844,180.0,180.4600067138672,182485
2025-06-18 14:30:00-04:00,181.0175018310547,182.3699951171875,180.1300048828125,181.27000427246094,292977
2025-06-18 15:30:00-04:00,181.3300018310547,182.64999389648438,181.02000427246094,181.02499389648438,426016
2025-06-20 09:30:00-04:00,182.5,184.84579467773438,181.10299682617188,182.25,492684
2025-06-20 10:30:00-04:00,182.11000061035156,183.02999877929688,181.3000030517578,182.47999572753906,260354
2025-06-20 11:30:00-04:00,180.6649932861328,182.25999450683594,180.47000122070312,182.25999450683594,134525
2025-06-20 12:30:00-04:00,179.3000030517578,180.97000122070312,179.27999877929688,180.75,130300
2025-06-20 13:30:00-04:00,180.27000427246094,180.2899932861328,178.88999938964844,179.1699981689453,144998
2025-06-20 14:30:00-04:00,179.7050018310547,180.30999755859375,179.33999633789062,180.27000427246094,123773
2025-06-20 15:30:00-04:00,179.32000732421875,179.85000610351562,179.0,179.6999969482422,372167
2025-06-23 09:30:00-04:00,181.86000061035156,181.8800048828125,175.25,178.61000061035156,764207
2025-06-23 10:30:00-04:00,180.50999450683594,182.02999877929688,180.38499450683594,181.99000549316406,539014
2025-06-23 11:30:00-04:00,178.96800231933594,180.9499969482422,178.92999267578125,180.50999450683594,285245
2025-06-23 12:30:00-04:00,181.09500122070312,181.09500122070312,177.27999877929688,179.0,274286
2025-06-23 13:30:00-04:00,183.3300018310547,183.8800048828125,181.02999877929688,181.10499572753906,290042
2025-06-23 14:30:00-04:00,184.05499267578125,184.4698944091797,183.3699951171875,183.55999755859375,384068
2025-06-23 15:30:00-04:00,183.82000732421875,184.92999267578125,183.77999877929688,184.05499267578125,584638
2025-06-24 09:30:00-04:00,186.84500122070312,187.0,183.61000061035156,185.9600067138672,475020
2025-06-24 10:30:00-04:00,187.24000549316406,187.89999389648438,186.7899932861328,186.97999572753906,216932
2025-06-24 11:30:00-04:00,187.11000061035156,187.8679962158203,186.8699951171875,187.3157958984375,128423
2025-06-24 12:30:00-04:00,186.85000610351562,187.61000061035156,186.60000610351562,187.07000732421875,195501
2025-06-24 13:30:00-04:00,187.67750549316406,187.72999572753906,186.89999389648438,186.89999389648438,226135
2025-06-24 14:30:00-04:00,187.14999389648438,187.77999877929688,187.02999877929688,187.72999572753906,198464
2025-06-24 15:30:00-04:00,186.55999755859375,187.31500244140625,186.32000732421875,187.1300048828125,291235
2025-06-25 09:30:00-04:00,188.97999572753906,192.0,187.41000366210938,187.6699981689453,776249
2025-06-25 10:30:00-04:00,188.9499969482422,189.7899932861328,188.78500366210938,189.08999633789062,295331
2025-06-25 11:30:00-04:00,189.07000732421875,189.24249267578125,188.1439971923828,188.82000732421875,167705
2025-06-25 12:30:00-04:00,189.1199951171875,189.86000061035156,188.8300018310547,189.00999450683594,198003
2025-06-25 13:30:00-04:00,190.08999633789062,190.21890258789062,188.43499755859375,189.00660705566406,141952
2025-06-25 14:30:00-04:00,189.60499572753906,190.05999755859375,189.0709991455078,190.0500030517578,196073
2025-06-25 15:30:00-04:00,190.1199951171875,190.27000427246094,189.33999633789062,189.55999755859375,401862
2025-06-26 09:30:00-04:00,190.74000549316406,192.39999389648438,188.35000610351562,192.0,411847
2025-06-26 10:30:00-04:00,191.72999572753906,192.10499572753906,190.41000366210938,190.69500732421875,207722
2025-06-26 11:30:00-04:00,191.6300048828125,192.4600067138672,191.0,191.63499450683594,171193
2025-06-26 12:30:00-04:00,191.44000244140625,191.75390625,191.14999389648438,191.52999877929688,141775
2025-06-26 13:30:00-04:00,190.4600067138672,191.72000122070312,190.05999755859375,191.5800018310547,166245
2025-06-26 14:30:00-04:00,191.02000427246094,191.10000610351562,190.20970153808594,190.65699768066406,157553
2025-06-26 15:30:00-04:00,190.9499969482422,191.13999938964844,189.6199951171875,190.9499969482422,589854
2025-06-27 09:30:00-04:00,192.3699951171875,193.2100067138672,189.35499572753906,191.7100067138672,391426
2025-06-27 10:30:00-04:00,193.6199951171875,193.9199981689453,192.14999389648438,192.3699951171875,389610
2025-06-27 11:30:00-04:00,193.8800048828125,194.0,192.66000366210938,193.63499450683594,282013
2025-06-27 12:30:00-04:00,194.11000061035156,194.11000061035156,193.0605926513672,193.8000030517578,575404
2025-06-27 13:30:00-04:00,191.72999572753906,194.4199981689453,191.6699981689453,194.11000061035156,471923
2025-06-27 14:30:00-04:00,192.46499633789062,192.63999938964844,190.26499938964844,191.65499877929688,302173
2025-06-27 15:30:00-04:00,194.0500030517578,194.7100067138672,192.5500030517578,192.5500030517578,724452
2025-06-30 09:30:00-04:00,195.0,195.6300048828125,192.32000732421875,195.55499267578125,523811
2025-06-30 10:30:00-04:00,195.21499633789062,195.39999389648438,193.6699981689453,195.0,354182
2025-06-30 11:30:00-04:00,195.75999450683594,196.1999969482422,195.1199951171875,195.21499633789062,238332
2025-06-30 12:30:00-04:00,195.75,196.0399932861328,195.02999877929688,195.7550048828125,287221
2025-06-30 13:30:00-04:00,195.3800048828125,195.74000549316406,194.97000122070312,195.60499572753906,231571
2025-06-30 14:30:00-04:00,194.72000122070312,195.50650024414062,194.1199951171875,195.5,258447
2025-06-30 15:30:00-04:00,195.74000549316406,195.8800048828125,194.3699951171875,194.75999450683594,497817
2025-07-01 09:30:00-04:00,192.83999633789062,198.00999450683594,192.42970275878906,195.3000030517578,735110
2025-07-01 10:30:00-04:00,185.125,192.9499969482422,182.82000732421875,192.61500549316406,1357883
2025-07-01 11:30:00-04:00,182.4600067138672,185.14990234375,180.64999389648438,184.99000549316406,844890
2025-07-01 12:30:00-04:00,185.65040588378906,187.02499389648438,182.1699981689453,182.38999938964844,541086
2025-07-01 13:30:00-04:00,184.8350067138672,186.44729614257812,184.6199951171875,185.63499450683594,396262
2025-07-01 14:30:00-04:00,184.85499572753906,185.8654022216797,183.1999969482422,184.85499572753906,527091
2025-07-01 15:30:00-04:00,184.97999572753906,185.4499969482422,184.5500030517578,184.8300018310547,655529
2025-07-02 09:30:00-04:00,185.8000030517578,186.6199951171875,181.64100646972656,182.96499633789062,793733
2025-07-02 10:30:00-04:00,183.67999267578125,187.1125946044922,183.3800048828125,185.97999572753906,455360
2025-07-02 11:30:00-04:00,185.44000244140625,185.67999267578125,183.50999450683594,183.60879516601562,280721
2025-07-02 12:30:00-04:00,184.8350067138672,186.43499755859375,184.68499755859375,185.52000427246094,205661
2025-07-02 13:30:00-04:00,183.66000366210938,185.3300018310547,183.47000122070312,184.8000030517578,320019
2025-07-02 14:30:00-04:00,184.8800048828125,184.99000549316406,183.28900146484375,183.61749267578125,393607
2025-07-02 15:30:00-04:00,185.60000610351562,185.75,184.85000610351562,184.88999938964844,449919
2025-07-03 09:30:00-04:00,191.25999450683594,191.5800018310547,186.0,186.77000427246094,647122
2025-07-03 10:30:00-04:00,191.55999755859375,191.85000610351562,189.63999938964844,191.35020446777344,317415
2025-07-03 11:30:00-04:00,190.88999938964844,191.74989318847656,190.85609436035156,191.53500366210938,259266
2025-07-07 09:30:00-04:00,192.52000427246094,192.8979949951172,188.8000030517578,190.3300018310547,412291
2025-07-07 10:30:00-04:00,193.35000610351562,194.14999389648438,192.0399932861328,192.4499969482422,298506
2025-07-07 11:30:00-04:00,192.85000610351562,193.5399932861328,191.72000122070312,193.2899932861328,165141
2025-07-07 12:30:00-04:00,192.3699951171875,193.19000244140625,192.06500244140625,192.81539916992188,155633
2025-07-07 13:30:00-04:00,191.36000061035156,192.88999938964844,191.2899932861328,192.47999572753906,166221
2025-07-07 14:30:00-04:00,192.6999969482422,192.74000549316406,191.34500122070312,191.34500122070312,206325
2025-07-07 15:30:00-04:00,192.89999389648438,193.58810424804688,192.66000366210938,192.66000366210938,378353
2025-07-08 09:30:00-04:00,192.8699951171875,194.88999938964844,192.0500030517578,194.0,428052
2025-07-08 10:30:00-04:00,190.4600067138672,193.00010681152344,187.77000427246094,192.82000732421875,430138
2025-07-08 11:30:00-04:00,191.11000061035156,191.52999877929688,189.8300018310547,190.39999389648438,319497
2025-07-08 12:30:00-04:00,192.24000549316406,192.41000366210938,190.34500122070312,191.10000610351562,121793
2025-07-08 13:30:00-04:00,192.22000122070312,193.2949981689453,191.72000122070312,192.2550048828125,213096
2025-07-08 14:30:00-04:00,192.74000549316406,193.25,191.7899932861328,192.22500610351562,284976
2025-07-08 15:30:00-04:00,192.80999755859375,193.17999267578125,192.36000061035156,192.61000061035156,315156
2025-07-09 09:30:00-04:00,193.35000610351562,195.64439392089844,192.25,194.4199981689453,339167
2025-07-09 10:30:00-04:00,194.60000610351562,194.7449951171875,192.8300018310547,193.1649932861328,259740
2025-07-09 11:30:00-04:00,195.58999633789062,195.64999389648438,194.27000427246094,194.5800018310547,179204
2025-07-09 12:30:00-04:00,194.73500061035156,195.8000030517578,194.25999450683594,195.58999633789062,216147
2025-07-09 13:30:00-04:00,195.60499572753906,195.67959594726562,194.55999755859375,194.69000244140625,302073
2025-07-09 14:30:00-04:00,195.1925048828125,195.89999389648438,194.97999572753906,195.5399932861328,216204
2025-07-09 15:30:00-04:00,193.61000061035156,195.19000244140625,193.60000610351562,195.14999389648438,342577
2025-07-10 09:30:00-04:00,184.0,194.48500061035156,183.22999572753906,194.0800018310547,917392
2025-07-10 10:30:00-04:00,183.2718048095703,185.15499877929688,179.5500030517578,183.9499969482422,642954
2025-07-10 11:30:00-04:00,186.52499389648438,186.9073944091797,183.16360473632812,183.27999877929688,333482
2025-07-10 12:30:00-04:00,185.11000061035156,186.6999969482422,184.89999389648438,186.5334014892578,209988
2025-07-10 13:30:00-04:00,183.40499877929688,185.55999755859375,183.2100067138672,185.10499572753906,284985
2025-07-10 14:30:00-04:00,182.0850067138672,183.69000244140625,181.7751007080078,183.40499877929688,437729
2025-07-10 15:30:00-04:00,181.92999267578125,182.86000061035156,181.35000610351562,182.0800018310547,716378
2025-07-11 09:30:00-04:00,184.1699981689453,185.3800048828125,181.4600067138672,182.42999267578125,577911
2025-07-11 10:30:00-04:00,183.55670166015625,184.4499969482422,182.69500732421875,184.1699981689453,224662
2025-07-11 11:30:00-04:00,183.72000122070312,184.58250427246094,182.50999450683594,183.5500030517578,268998
2025-07-11 12:30:00-04:00,184.30499267578125,184.73500061035156,183.52000427246094,183.72500610351562,165703
2025-07-11 13:30:00-04:00,181.89500427246094,184.3675994873047,181.77000427246094,184.3300018310547,269273
2025-07-11 14:30:00-04:00,180.93499755859375,182.3000030517578,180.32000732421875,181.88999938964844,349122
2025-07-11 15:30:00-04:00,181.27000427246094,181.3699951171875,180.10940551757812,180.85000610351562,536952
2025-07-14 09:30:00-04:00,182.3699951171875,182.99000549316406,178.5054931640625,179.94000244140625,555220
2025-07-14 10:30:00-04:00,183.72000122070312,184.2899932861328,182.17999267578125,182.41000366210938,296768
2025-07-14 11:30:00-04:00,184.36000061035156,184.86000061035156,182.75999450683594,183.6699981689453,189986
2025-07-14 12:30:00-04:00,184.625,184.8800048828125,183.61000061035156,184.36000061035156,194150
2025-07-14 13:30:00-04:00,183.85000610351562,184.77000427246094,183.50999450683594,184.63499450683594,134511
2025-07-14 14:30:00-04:00,182.6300048828125,184.02999877929688,182.60000610351562,183.80999755859375,233244
2025-07-14 15:30:00-04:00,182.64999389648438,183.02999877929688,181.9600067138672,182.67999267578125,521288
2025-07-15 09:30:00-04:00,183.99000549316406,185.5,180.6999969482422,184.24000549316406,410015
2025-07-15 10:30:00-04:00,184.66000366210938,185.10000610351562,182.8000946044922,183.9600067138672,274368
2025-07-15 11:30:00-04:00,186.32000732421875,186.55999755859375,184.35000610351562,184.67999267578125,231510
2025-07-15 12:30:00-04:00,187.26739501953125,187.38999938964844,186.10000610351562,186.36000061035156,224626
2025-07-15 13:30:00-04:00,186.95199584960938,187.75,186.67999267578125,187.22999572753906,220522
2025-07-15 14:30:00-04:00,185.85499572753906,187.30999755859375,185.77000427246094,186.9499969482422,232701
2025-07-15 15:30:00-04:00,186.97999572753906,187.13999938964844,185.85499572753906,185.85499572753906,481516
2025-07-16 09:30:00-04:00,187.47999572753906,189.10000610351562,186.0800018310547,188.77000427246094,728180
2025-07-16 10:30:00-04:00,188.02000427246094,189.5,187.47999572753906,187.52999877929688,374474
2025-07-16 11:30:00-04:00,188.5050048828125,190.1199951171875,186.6999969482422,187.97000122070312,339013
2025-07-16 12:30:00-04:00,188.41000366210938,188.89999389648438,188.0,188.5050048828125,134159
2025-07-16 13:30:00-04:00,188.1199951171875,188.5500030517578,187.0,188.4149932861328,214028
2025-07-16 14:30:00-04:00,188.99000549316406,189.27000427246094,187.67999267578125,188.19000244140625,232981
2025-07-16 15:30:00-04:00,189.82000732421875,190.0399932861328,188.72000122070312,188.99000549316406,525191
2025-07-17 09:30:00-04:00,191.86000061035156,192.5399932861328,189.1300048828125,190.47999572753906,424188
2025-07-17 10:30:00-04:00,191.55999755859375,193.10000610351562,191.25,191.77499389648438,590956
2025-07-17 11:30:00-04:00,191.5050048828125,192.5,191.00270080566406,191.55999755859375,370463
2025-07-17 12:30:00-04:00,190.11000061035156,191.51199340820312,189.0850067138672,191.51199340820312,288421
2025-07-17 13:30:00-04:00,190.2100067138672,190.86000061035156,189.6199951171875,190.11000061035156,511397
2025-07-17 14:30:00-04:00,191.6649932861328,192.22500610351562,190.11000061035156,190.38999938964844,388135
2025-07-17 15:30:00-04:00,191.1699981689453,191.80999755859375,190.63999938964844,191.64999389648438,454231
2025-07-18 09:30:00-04:00,192.49000549316406,194.1999969482422,191.52749633789062,191.7100067138672,1027925
2025-07-18 10:30:00-04:00,195.10499572753906,195.5998992919922,192.0399932861328,192.5399932861328,419829
2025-07-18 11:30:00-04:00,195.83999633789062,196.97000122070312,195.0,195.0,339657
2025-07-18 12:30:00-04:00,195.64999389648438,195.9600067138672,194.73500061035156,195.80999755859375,258291
2025-07-18 13:30:00-04:00,195.63999938964844,196.10000610351562,194.3800048828125,195.6750030517578,187000
2025-07-18 14:30:00-04:00,195.0850067138672,195.86000061035156,194.50650024414062,195.72000122070312,318039
2025-07-18 15:30:00-04:00,197.30999755859375,197.3300018310547,195.16000366210938,195.1699981689453,750491
2025-07-21 09:30:00-04:00,198.19000244140625,200.76499938964844,195.0399932861328,198.3000030517578,1183358
2025-07-21 10:30:00-04:00,197.66000366210938,199.1199951171875,197.52999877929688,198.22000122070312,297973
2025-07-21 11:30:00-04:00,198.2100067138672,198.88999938964844,196.8800048828125,197.72500610351562,378269
2025-07-21 12:30:00-04:00,198.58999633789062,199.02999877929688,197.60000610351562,198.22000122070312,187003
2025-07-21 13:30:00-04:00,197.77999877929688,198.82000732421875,196.11000061035156,198.64999389648438,286234
2025-07-21 14:30:00-04:00,197.77679443359375,198.69000244140625,197.61000061035156,197.8800048828125,178281
2025-07-21 15:30:00-04:00,197.69000244140625,198.18499755859375,197.41000366210938,197.8800048828125,344972
2025-07-22 09:30:00-04:00,191.83999633789062,197.22000122070312,188.64999389648438,196.6300048828125,1022293
2025-07-22 10:30:00-04:00,193.02999877929688,194.97999572753906,191.8000030517578,191.83999633789062,397740
2025-07-22 11:30:00-04:00,191.10000610351562,193.4499969482422,191.0,193.02499389648438,354350
2025-07-22 12:30:00-04:00,191.3000030517578,191.60670471191406,190.60000610351562,191.0800018310547,193536
2025-07-22 13:30:00-04:00,190.74000549316406,191.75,189.2949981689453,191.41000366210938,293623
2025-07-22 14:30:00-04:00,191.2949981689453,191.5,190.61000061035156,190.64999389648438,317096
2025-07-22 15:30:00-04:00,190.55999755859375,191.8699951171875,190.50999450683594,191.2949981689453,468269
2025-07-23 09:30:00-04:00,188.38999938964844,190.5500030517578,186.08009338378906,188.7449951171875,458442
2025-07-23 10:30:00-04:00,189.5800018310547,190.52999877929688,188.63999938964844,188.88999938964844,262191
2025-07-23 11:30:00-04:00,188.10000610351562,190.0399932861328,187.72999572753906,189.4250030517578,258410
2025-07-23 12:30:00-04:00,187.42999267578125,189.0,187.33999633789062,188.22999572753906,161239
2025-07-23 13:30:00-04:00,188.67999267578125,189.24000549316406,186.92999267578125,187.52000427246094,333452
2025-07-23 14:30:00-04:00,188.91000366210938,189.44000244140625,188.39999389648438,188.64999389648438,357872
2025-07-23 15:30:00-04:00,189.14999389648438,189.3699951171875,188.2899932861328,188.89999389648438,648257
2025-07-24 09:30:00-04:00,187.89999389648438,192.6199951171875,187.6999969482422,190.1999969482422,620386
2025-07-24 10:30:00-04:00,188.5,189.4199981689453,186.72000122070312,187.86500549316406,332859
2025-07-24 11:30:00-04:00,189.3800048828125,189.83999633789062,187.8000030517578,188.38999938964844,236691
2025-07-24 12:30:00-04:00,189.8300018310547,190.5399932861328,189.1699981689453,189.24000549316406,184605
2025-07-24 13:30:00-04:00,191.49000549316406,191.8300018310547,189.80999755859375,189.9842987060547,299320
2025-07-24 14:30:00-04:00,190.98500061035156,191.5792999267578,190.83999633789062,191.47000122070312,202248
2025-07-24 15:30:00-04:00,191.5500030517578,191.55999755859375,190.89999389648438,190.9600067138672,450925
2025-07-25 09:30:00-04:00,198.0,198.25,191.5800018310547,191.89999389648438,724001
2025-07-25 10:30:00-04:00,199.01499938964844,199.5,197.63999938964844,198.0500030517578,400434
2025-07-25 11:30:00-04:00,199.4600067138672,200.00999450683594,198.27999877929688,198.95799255371094,336746
2025-07-25 12:30:00-04:00,199.5,199.66639709472656,198.75999450683594,199.40499877929688,182753
2025-07-25 13:30:00-04:00,199.11090087890625,199.77000427246094,198.86000061035156,199.42999267578125,143222
2025-07-25 14:30:00-04:00,199.06239318847656,199.3280029296875,198.66009521484375,199.17999267578125,184647
2025-07-25 15:30:00-04:00,198.38999938964844,199.38999938964844,198.0500030517578,199.0749969482422,394155
2025-07-28 09:30:00-04:00,199.7449951171875,202.33999633789062,198.6199951171875,200.91000366210938,814427
2025-07-28 10:30:00-04:00,200.8300018310547,201.89990234375,199.3699951171875,199.7449951171875,752344
2025-07-28 11:30:00-04:00,200.49249267578125,201.1699981689453,200.23500061035156,200.83999633789062,253958
2025-07-28 12:30:00-04:00,200.60000610351562,201.33590698242188,199.94000244140625,200.47000122070312,230335
2025-07-28 13:30:00-04:00,200.02999877929688,200.89999389648438,199.86000061035156,200.7899932861328,348921
2025-07-28 14:30:00-04:00,199.6199951171875,200.3300018310547,199.39999389648438,200.0399932861328,326423
2025-07-28 15:30:00-04:00,199.36000061035156,199.6999969482422,199.2100067138672,199.61000061035156,450695
2025-07-29 09:30:00-04:00,200.97999572753906,202.3000030517578,199.67999267578125,200.0,659640
2025-07-29 10:30:00-04:00,198.5500030517578,202.36000061035156,198.27000427246094,200.9499969482422,414593
2025-07-29 11:30:00-04:00,199.5500030517578,200.10000610351562,197.67999267578125,198.6199951171875,376769
2025-07-29 12:30:00-04:00,201.6300048828125,201.89999389648438,199.0399932861328,199.44000244140625,157298
2025-07-29 13:30:00-04:00,201.28500366210938,201.80990600585938,200.47500610351562,201.6649932861328,233769
2025-07-29 14:30:00-04:00,200.0399932861328,201.63999938964844,199.71009826660156,201.17999267578125,267512
2025-07-29 15:30:00-04:00,199.4600067138672,200.49000549316406,199.36000061035156,200.0800018310547,434215
2025-07-30 09:30:00-04:00,200.69000244140625,202.16000366210938,199.00010681152344,200.4499969482422,443649
2025-07-30 10:30:00-04:00,202.6699981689453,202.75999450683594,200.7949981689453,200.8800048828125,323656
2025-07-30 11:30:00-04:00,202.7050018310547,203.0800018310547,201.50999450683594,202.6750030517578,641530
2025-07-30 12:30:00-04:00,202.6699981689453,202.8699951171875,201.72000122070312,202.72000122070312,241079
2025-07-30 13:30:00-04:00,201.69000244140625,202.60000610351562,200.63999938964844,202.60000610351562,187731
2025-07-30 14:30:00-04:00,200.08999633789062,201.85000610351562,199.1199951171875,201.52999877929688,248763
2025-07-30 15:30:00-04:00,200.9499969482422,201.0,199.8000030517578,200.10000610351562,378547
2025-07-31 09:30:00-04:00,208.75,209.63999938964844,203.0,204.77000427246094,1262021
2025-07-31 10:30:00-04:00,208.11000061035156,210.59449768066406,207.52999877929688,208.77000427246094,847405
2025-07-31 11:30:00-04:00,210.22000122070312,210.97999572753906,207.96499633789062,208.2050018310547,518920
2025-07-31 12:30:00-04:00,208.0800018310547,210.2100067138672,208.0,209.8699951171875,553933
2025-07-31 13:30:00-04:00,208.33999633789062,208.97999572753906,206.4199981689453,208.07000732421875,682367
2025-07-31 14:30:00-04:00,207.7050018310547,209.0,206.8800048828125,208.47999572753906,744543
2025-07-31 15:30:00-04:00,207.57000732421875,208.55999755859375,207.55999755859375,207.8000030517578,1037858
2025-08-01 09:30:00-04:00,206.78500366210938,208.36390686035156,192.8000030517578,198.66000366210938,2374249
2025-08-01 10:30:00-04:00,205.22999572753906,208.37989807128906,204.0,206.78500366210938,949824
2025-08-01 11:30:00-04:00,209.3300018310547,211.27000427246094,204.1699981689453,204.9949951171875,708068
2025-08-01 12:30:00-04:00,203.8300018310547,209.41000366210938,203.63999938964844,209.32000732421875,478304
2025-08-01 13:30:00-04:00,201.6999969482422,204.25489807128906,199.5,203.83999633789062,430838
2025-08-01 14:30:00-04:00,199.16000366210938,203.19000244140625,198.8300018310547,202.07000732421875,329789
2025-08-01 15:30:00-04:00,200.11000061035156,201.783203125,198.8000030517578,199.11500549316406,808893
2025-08-04 09:30:00-04:00,207.27999877929688,211.1999969482422,202.7100067138672,204.57000732421875,1043875
2025-08-04 10:30:00-04:00,208.36000061035156,208.57000732421875,205.03500366210938,207.2899932861328,358776
2025-08-04 11:30:00-04:00,210.7100067138672,211.1699981689453,208.13999938964844,208.39999389648438,466791
2025-08-04 12:30:00-04:00,209.4949951171875,211.75,208.1199951171875,210.5800018310547,450936
2025-08-04 13:30:00-04:00,209.9199981689453,211.22999572753906,209.4188995361328,209.60000610351562,357412
2025-08-04 14:30:00-04:00,209.42999267578125,210.52999877929688,209.17999267578125,209.9199981689453,245931
2025-08-04 15:30:00-04:00,208.69000244140625,209.53990173339844,207.5,209.43499755859375,398791
2025-08-05 09:30:00-04:00,211.5500030517578,215.5800018310547,207.5,209.0,863090
2025-08-05 10:30:00-04:00,206.67999267578125,211.82000732421875,206.27000427246094,211.3699951171875,443043
2025-08-05 11:30:00-04:00,206.02000427246094,207.0,205.05999755859375,206.64999389648438,318495
2025-08-05 12:30:00-04:00,206.11000061035156,206.58999633789062,204.6999969482422,206.02000427246094,174110
2025-08-05 13:30:00-04:00,205.74000549316406,207.29229736328125,205.3699951171875,206.1199951171875,181705
2025-08-05 14:30:00-04:00,207.14999389648438,207.17999267578125,205.24000549316406,205.6199951171875,230130
2025-08-05 15:30:00-04:00,207.86000061035156,208.06500244140625,206.610107421875,207.11000061035156,424506
2025-08-06 09:30:00-04:00,211.8800048828125,213.19200134277344,208.47500610351562,209.4499969482422,466256
2025-08-06 10:30:00-04:00,213.0,213.58990478515625,210.0399932861328,211.60000610351562,250050
2025-08-06 11:30:00-04:00,212.11500549316406,213.3000030517578,211.4149932861328,212.976806640625,229121
2025-08-06 12:30:00-04:00,213.31680297851562,213.44000244140625,211.89999389648438,212.11000061035156,211568
2025-08-06 13:30:00-04:00,212.39010620117188,213.8258056640625,212.38999938964844,213.33200073242188,171992
2025-08-06 14:30:00-04:00,213.1999969482422,213.85000610351562,212.52499389648438,212.52999877929688,175587
2025-08-06 15:30:00-04:00,215.47999572753906,215.5500030517578,213.50999450683594,213.55999755859375,511554
2025-08-07 09:30:00-04:00,215.72000122070312,219.0,214.84500122070312,218.16000366210938,487534
2025-08-07 10:30:00-04:00,211.89999389648438,215.5850067138672,211.46620178222656,215.56759643554688,240195
2025-08-07 11:30:00-04:00,208.02499389648438,212.52609252929688,207.8000030517578,211.91000366210938,400668
2025-08-07 12:30:00-04:00,207.1999969482422,208.60000610351562,205.51010131835938,207.7550048828125,371296
2025-08-07 13:30:00-04:00,205.3800048828125,208.05999755859375,204.3300018310547,207.11000061035156,377911
2025-08-07 14:30:00-04:00,208.34500122070312,208.4600067138672,204.6199951171875,205.1699981689453,265830
2025-08-07 15:30:00-04:00,210.38499450683594,210.52999877929688,208.2050018310547,208.22000122070312,368043
2025-08-08 09:30:00-04:00,209.89999389648438,211.7899932861328,207.42999267578125,210.58999633789062,333263
2025-08-08 10:30:00-04:00,205.6300048828125,210.81260681152344,204.77499389648438,210.0240020751953,229702
2025-08-08 11:30:00-04:00,207.07000732421875,207.9199981689453,204.5,205.44000244140625,294768
2025-08-08 12:30:00-04:00,206.32000732421875,207.6750030517578,205.3300018310547,206.97999572753906,97211
2025-08-08 13:30:00-04:00,205.91000366210938,206.8950958251953,205.55999755859375,206.3699951171875,107110
2025-08-08 14:30:00-04:00,205.22000122070312,206.0449981689453,204.89010620117188,205.97999572753906,146606
2025-08-08 15:30:00-04:00,204.5449981689453,205.63999938964844,204.1999969482422,205.22000122070312,347746
2025-08-11 09:30:00-04:00,204.72999572753906,206.1199951171875,200.10000610351562,202.11000061035156,411651
2025-08-11 10:30:00-04:00,202.8800048828125,205.00999450683594,202.55999755859375,204.87759399414062,219167
2025-08-11 11:30:00-04:00,202.24000549316406,202.956298828125,201.42010498046875,202.89500427246094,233137
2025-08-11 12:30:00-04:00,201.72500610351562,202.40989685058594,201.65750122070312,202.36239624023438,145370
2025-08-11 13:30:00-04:00,201.21299743652344,202.13499450683594,200.76499938964844,201.72999572753906,259891
2025-08-11 14:30:00-04:00,201.35000610351562,201.8699951171875,200.67999267578125,201.11000061035156,244371
2025-08-11 15:30:00-04:00,201.0500030517578,201.72000122070312,200.63999938964844,201.41900634765625,370638
2025-08-12 09:30:00-04:00,200.35000610351562,204.0,197.22999572753906,202.47000122070312,518912
2025-08-12 10:30:00-04:00,199.2100067138672,200.55999755859375,199.07000732421875,200.44000244140625,236671
2025-08-12 11:30:00-04:00,199.91000366210938,200.30130004882812,198.57000732421875,199.3699951171875,213210
2025-08-12 12:30:00-04:00,201.38499450683594,202.25990295410156,199.97000122070312,200.02999877929688,195138
2025-08-12 13:30:00-04:00,200.8800048828125,202.3699951171875,200.83120727539062,201.38499450683594,134690
2025-08-12 14:30:00-04:00,202.22999572753906,202.47999572753906,200.8699951171875,200.99000549316406,239409
2025-08-12 15:30:00-04:00,202.30999755859375,202.57000732421875,201.40069580078125,202.2899932861328,333870
2025-08-13 09:30:00-04:00,200.5,204.52000427246094,199.99000549316406,204.0,344405
2025-08-13 10:30:00-04:00,200.24000549316406,201.4499053955078,198.61000061035156,200.41470336914062,460574
2025-08-13 11:30:00-04:00,198.8800048828125,201.0,198.10000610351562,200.35000610351562,268026
2025-08-13 12:30:00-04:00,198.63999938964844,199.19500732421875,197.5,199.0,198225
2025-08-13 13:30:00-04:00,196.1649932861328,198.72999572753906,195.85499572753906,198.63999938964844,276953
2025-08-13 14:30:00-04:00,197.9199981689453,197.92999267578125,195.9499969482422,196.22999572753906,265788
2025-08-13 15:30:00-04:00,199.1699981689453,199.25,197.5601043701172,197.82620239257812,460813
2025-08-14 09:30:00-04:00,197.3699951171875,198.16600036621094,193.55580139160156,195.97000122070312,532579
2025-08-14 10:30:00-04:00,193.5,197.36000061035156,193.0800018310547,197.36000061035156,299604
2025-08-14 11:30:00-04:00,193.5399932861328,194.60000610351562,192.9550018310547,193.48500061035156,306198
2025-08-14 12:30:00-04:00,195.22000122070312,195.35499572753906,193.49000549316406,193.60499572753906,258526
2025-08-14 13:30:00-04:00,194.17999267578125,195.3000030517578,193.83999633789062,195.3000030517578,154043
2025-08-14 14:30:00-04:00,195.8699951171875,195.8699951171875,194.08999633789062,194.2100067138672,180099
2025-08-14 15:30:00-04:00,195.27999877929688,195.8524932861328,194.94000244140625,195.80999755859375,486676
2025-08-15 09:30:00-04:00,199.01499938964844,199.5,195.0,195.6300048828125,315750
2025-08-15 10:30:00-04:00,201.47000122070312,201.63999938964844,198.27999877929688,199.02369689941406,270141
2025-08-15 11:30:00-04:00,201.8800048828125,202.13999938964844,200.72999572753906,201.47000122070312,269196
2025-08-15 12:30:00-04:00,202.1999969482422,202.89990234375,201.86000061035156,201.9499969482422,205927
2025-08-15 13:30:00-04:00,201.88999938964844,202.5800018310547,201.64999389648438,202.14999389648438,168997
2025-08-15 14:30:00-04:00,201.49000549316406,201.9600067138672,200.91000366210938,201.88499450683594,206260
2025-08-15 15:30:00-04:00,200.83999633789062,201.91000366210938,200.6300048828125,201.5,344502
2025-08-18 09:30:00-04:00,198.25999450683594,199.99000549316406,196.55999755859375,199.99000549316406,975107
2025-08-18 10:30:00-04:00,200.564697265625,201.22999572753906,197.73309326171875,198.3300018310547,186373
2025-08-18 11:30:00-04:00,201.38499450683594,201.38999938964844,199.9199981689453,200.3800048828125,128615
2025-08-18 12:30:00-04:00,200.77999877929688,201.46290588378906,200.12289428710938,201.44500732421875,98834
2025-08-18 13:30:00-04:00,202.47999572753906,202.55999755859375,200.66000366210938,200.7899932861328,146573
2025-08-18 14:30:00-04:00,202.69000244140625,203.30990600585938,202.4600067138672,202.49000549316406,218812
2025-08-18 15:30:00-04:00,202.27999877929688,202.69000244140625,201.74000549316406,202.66000366210938,276446
2025-08-19 09:30:00-04:00,198.42999267578125,203.0,197.52000427246094,201.7899932861328,378691
2025-08-19 10:30:00-04:00,197.24000549316406,198.91000366210938,196.0800018310547,198.27999877929688,219982
2025-08-19 11:30:00-04:00,196.0500030517578,197.49000549316406,195.9199981689453,197.36000061035156,287014
2025-08-19 12:30:00-04:00,194.77999877929688,196.38999938964844,193.50999450683594,196.00999450683594,271856
2025-08-19 13:30:00-04:00,195.69000244140625,196.00999450683594,194.8489990234375,195.0,181011
2025-08-19 14:30:00-04:00,195.6916961669922,196.05999755859375,194.50999450683594,195.7949981689453,219444
2025-08-19 15:30:00-04:00,196.49000549316406,196.53500366210938,195.5500030517578,195.61500549316406,312265
2025-08-20 09:30:00-04:00,187.9600067138672,195.5,187.27999877929688,195.0,769548
2025-08-20 10:30:00-04:00,189.5749969482422,189.72000122070312,184.52000427246094,187.9600067138672,763639
2025-08-20 11:30:00-04:00,191.08749389648438,191.19000244140625,188.5384979248047,189.58999633789062,281498
2025-08-20 12:30:00-04:00,191.13999938964844,191.24000549316406,190.00999450683594,191.08999633789062,183896
2025-08-20 13:30:00-04:00,189.99000549316406,192.00999450683594,189.92059326171875,191.1699981689453,198269
2025-08-20 14:30:00-04:00,192.4600067138672,192.61000061035156,189.91000366210938,190.08999633789062,187975
2025-08-20 15:30:00-04:00,193.19000244140625,193.1999969482422,192.3000946044922,192.52720642089844,364805
2025-08-21 09:30:00-04:00,193.07000732421875,193.22000122070312,190.2899932861328,191.0,361381
2025-08-21 10:30:00-04:00,192.97500610351562,193.48989868164062,192.38999938964844,192.7899932861328,156906
2025-08-21 11:30:00-04:00,191.30999755859375,193.3699951171875,191.25999450683594,193.1199951171875,136166
2025-08-21 12:30:00-04:00,190.7301025390625,192.1300048828125,190.58999633789062,191.33999633789062,115122
2025-08-21 13:30:00-04:00,192.5500030517578,192.8699951171875,190.77239990234375,190.90499877929688,147375
2025-08-21 14:30:00-04:00,193.2050018310547,193.38999938964844,192.2100067138672,192.47999572753906,178047
2025-08-21 15:30:00-04:00,192.74000549316406,193.39999389648438,192.6199951171875,193.17999267578125,253335
2025-08-22 09:30:00-04:00,194.18499755859375,196.25999450683594,190.47610473632812,192.3000030517578,270373
2025-08-22 10:30:00-04:00,196.19500732421875,197.99000549316406,194.18499755859375,194.47999572753906,193968
2025-08-22 11:30:00-04:00,195.0800018310547,196.77000427246094,194.77999877929688,196.19500732421875,129510
2025-08-22 12:30:00-04:00,195.8074951171875,195.91000366210938,194.29010009765625,195.08999633789062,84379
2025-08-22 13:30:00-04:00,195.94000244140625,196.63999938964844,195.27999877929688,195.85000610351562,132270
2025-08-22 14:30:00-04:00,196.3300018310547,196.7899932861328,195.94000244140625,195.94000244140625,183636
2025-08-22 15:30:00-04:00,196.2100067138672,196.59750366210938,195.5500030517578,196.3699951171875,237245
2025-08-25 09:30:00-04:00,195.08999633789062,196.6750030517578,194.1300048828125,196.5,214869
2025-08-25 10:30:00-04:00,197.2248992919922,197.30999755859375,195.16009521484375,195.17999267578125,109493
2025-08-25 11:30:00-04:00,197.1199951171875,197.4600067138672,196.5,197.1699981689453,190154
2025-08-25 12:30:00-04:00,196.2200927734375,197.3300018310547,195.84010314941406,197.10000610351562,73694
2025-08-25 13:30:00-04:00,196.33999633789062,196.4824981689453,195.91000366210938,196.4738006591797,70516
2025-08-25 14:30:00-04:00,196.6199951171875,196.99000549316406,196.05589294433594,196.25,114047
2025-08-25 15:30:00-04:00,195.9199981689453,196.85000610351562,195.64999389648438,196.67999267578125,217517
2025-08-26 09:30:00-04:00,201.3249969482422,201.49989318847656,195.94000244140625,196.39999389648438,408045
2025-08-26 10:30:00-04:00,199.36749267578125,201.49000549316406,199.33999633789062,201.45989990234375,198061
2025-08-26 11:30:00-04:00,199.3300018310547,199.64500427246094,197.9600067138672,199.32000732421875,137387
2025-08-26 12:30:00-04:00,198.72000122070312,199.6199951171875,198.1800994873047,199.38999938964844,82588
2025-08-26 13:30:00-04:00,198.1256561279297,198.74000549316406,197.60000610351562,198.72999572753906,102620
2025-08-26 14:30:00-04:00,199.82000732421875,199.9600067138672,198.2100067138672,198.2100067138672,130436
2025-08-26 15:30:00-04:00,198.56500244140625,200.0,198.5399932861328,199.8699951171875,340985
2025-08-27 09:30:00-04:00,204.60000610351562,204.64999389648438,199.75999450683594,201.39999389648438,464465
2025-08-27 10:30:00-04:00,204.92999267578125,205.3699951171875,203.9199981689453,204.57009887695312,277345
2025-08-27 11:30:00-04:00,203.36000061035156,205.3300018310547,203.1999969482422,205.05999755859375,251188
2025-08-27 12:30:00-04:00,204.91000366210938,205.0,202.39999389648438,203.38499450683594,210151
2025-08-27 13:30:00-04:00,205.31900024414062,205.5800018310547,204.72500610351562,204.88999938964844,145609
2025-08-27 14:30:00-04:00,204.34500122070312,205.64999389648438,203.47000122070312,205.35000610351562,308493
2025-08-27 15:30:00-04:00,205.08999633789062,205.375,203.88009643554688,204.34500122070312,403283
2025-08-28 09:30:00-04:00,212.2550048828125,213.3000030517578,205.8000030517578,205.8000030517578,603489
2025-08-28 10:30:00-04:00,212.1699981689453,213.7899932861328,211.91000366210938,212.41990661621094,406426
2025-08-28 11:30:00-04:00,213.02000427246094,213.1300048828125,211.49000549316406,212.1999969482422,251003
2025-08-28 12:30:00-04:00,214.2769012451172,214.47999572753906,212.47000122070312,213.0850067138672,217059
2025-08-28 13:30:00-04:00,215.38999938964844,215.64999389648438,213.74000549316406,214.27000427246094,222863
2025-08-28 14:30:00-04:00,213.72999572753906,215.53379821777344,213.6699981689453,215.4499969482422,274830
2025-08-28 15:30:00-04:00,213.39999389648438,214.0,212.6999969482422,213.7100067138672,404341
2025-08-29 09:30:00-04:00,208.30799865722656,214.43359375,206.0,213.44000244140625,377541
2025-08-29 10:30:00-04:00,208.64999389648438,208.7100067138672,206.5800018310547,208.2100067138672,196837
2025-08-29 11:30:00-04:00,208.4600067138672,208.99000549316406,207.88999938964844,208.47999572753906,135845
2025-08-29 12:30:00-04:00,207.6649932861328,209.16990661621094,207.66000366210938,208.5500030517578,192162
2025-08-29 13:30:00-04:00,207.25,207.97999572753906,207.0,207.75999450683594,187204
2025-08-29 14:30:00-04:00,207.1999969482422,207.80999755859375,206.7100067138672,207.36000061035156,168871
2025-08-29 15:30:00-04:00,208.64999389648438,209.0399932861328,207.23500061035156,207.23500061035156,484776
2025-09-02 09:30:00-04:00,208.27499389648438,208.41000366210938,199.38999938964844,202.64999389648438,662563
2025-09-02 10:30:00-04:00,205.9199981689453,208.7100067138672,205.4600067138672,208.22000122070312,202218
2025-09-02 11:30:00-04:00,205.13999938964844,205.89999389648438,203.89999389648438,205.61390686035156,159446
2025-09-02 12:30:00-04:00,206.43499755859375,206.77999877929688,205.22430419921875,205.22430419921875,117382
2025-09-02 13:30:00-04:00,206.52999877929688,207.6199951171875,206.52999877929688,206.6199951171875,131132
2025-09-02 14:30:00-04:00,207.61500549316406,207.75,206.1199951171875,206.52999877929688,145622
2025-09-02 15:30:00-04:00,207.91000366210938,208.55999755859375,207.49110412597656,207.52999877929688,243777
2025-09-03 09:30:00-04:00,205.57000732421875,208.97109985351562,203.86000061035156,208.77999877929688,291253
2025-09-03 10:30:00-04:00,206.19000244140625,207.78500366210938,205.59500122070312,205.8300018310547,114666
2025-09-03 11:30:00-04:00,207.55999755859375,208.27000427246094,206.10000610351562,206.44000244140625,104156
2025-09-03 12:30:00-04:00,205.63999938964844,207.69500732421875,205.63999938964844,207.6072998046875,65775
2025-09-03 13:30:00-04:00,205.0,205.8000030517578,204.38999938964844,205.67999267578125,79536
2025-09-03 14:30:00-04:00,205.0399932861328,205.54910278320312,204.46080017089844,204.82000732421875,123977
2025-09-03 15:30:00-04:00,205.85499572753906,206.44000244140625,205.0399932861328,205.10000610351562,259448
2025-09-04 09:30:00-04:00,204.3699951171875,205.7100067138672,200.6699981689453,204.99000549316406,268070
2025-09-04 10:30:00-04:00,208.36000061035156,208.69000244140625,204.6999969482422,204.72000122070312,162564
2025-09-04 11:30:00-04:00,208.11000061035156,208.9600067138672,207.79849243164062,208.49000549316406,116140
2025-09-04 12:30:00-04:00,210.3699951171875,210.3800048828125,208.05999755859375,208.27000427246094,141949
2025-09-04 13:30:00-04:00,210.5050048828125,210.82000732421875,209.7100067138672,210.1501007080078,216370
2025-09-04 14:30:00-04:00,209.41000366210938,211.13999938964844,209.22000122070312,210.52499389648438,347698
2025-09-04 15:30:00-04:00,209.94000244140625,210.5,209.11000061035156,209.50999450683594,304381
2025-09-05 09:30:00-04:00,210.80999755859375,214.6699981689453,210.50999450683594,212.11000061035156,385813
2025-09-05 10:30:00-04:00,210.94000244140625,212.32000732421875,208.46009826660156,210.65499877929688,237670
2025-09-05 11:30:00-04:00,212.07000732421875,212.57960510253906,210.89999389648438,211.47999572753906,120626
2025-09-05 12:30:00-04:00,212.125,212.25,210.97999572753906,211.9600067138672,104969
2025-09-05 13:30:00-04:00,213.27000427246094,213.3699951171875,211.3800048828125,211.9499969482422,91335
2025-09-05 14:30:00-04:00,214.24000549316406,214.50990295410156,212.94000244140625,213.2841033935547,225464
2025-09-05 15:30:00-04:00,214.4199981689453,214.5,213.4600067138672,214.1300048828125,261238
2025-09-08 09:30:00-04:00,217.27999877929688,220.75,216.22999572753906,216.6999969482422,768434
2025-09-08 10:30:00-04:00,218.52000427246094,219.02529907226562,216.5399932861328,217.375,292882
2025-09-08 11:30:00-04:00,219.1300048828125,219.4600067138672,218.0399932861328,218.46499633789062,166224
2025-09-08 12:30:00-04:00,219.7550048828125,219.97999572753906,218.57000732421875,219.05999755859375,131016
2025-09-08 13:30:00-04:00,220.5800018310547,220.6999969482422,219.25,219.75,223267
2025-09-08 14:30:00-04:00,218.79930114746094,220.99000549316406,218.63999938964844,220.61500549316406,240460
2025-09-08 15:30:00-04:00,217.9199981689453,219.08999633789062,217.8300018310547,218.80999755859375,378719
2025-09-09 09:30:00-04:00,216.38999938964844,219.1999969482422,215.0157012939453,218.2550048828125,311560
2025-09-09 10:30:00-04:00,216.7449951171875,217.31179809570312,214.85000610351562,216.3000030517578,174707
2025-09-09 11:30:00-04:00,216.7449951171875,217.0050048828125,215.78500366210938,216.7449951171875,92205
2025-09-09 12:30:00-04:00,216.75,216.91000366210938,215.67999267578125,216.74000549316406,75986
2025-09-09 13:30:00-04:00,218.125,218.24070739746094,216.5601043701172,216.75,193477
2025-09-09 14:30:00-04:00,218.1300048828125,218.70989990234375,217.1300048828125,218.125,173802
2025-09-09 15:30:00-04:00,218.55999755859375,219.12989807128906,217.63999938964844,218.1300048828125,311903
2025-09-10 09:30:00-04:00,222.49000549316406,225.2899932861328,219.97000122070312,219.97000122070312,456331
2025-09-10 10:30:00-04:00,222.8350067138672,223.36000061035156,221.49000549316406,222.75999450683594,330475
2025-09-10 11:30:00-04:00,221.6300048828125,222.9499969482422,221.05599975585938,222.9499969482422,164492
2025-09-10 12:30:00-04:00,220.80999755859375,222.64999389648438,220.75,221.51499938964844,139677
2025-09-10 13:30:00-04:00,220.77499389648438,222.32000732421875,220.2899932861328,220.67999267578125,164381
2025-09-10 14:30:00-04:00,220.86000061035156,221.05999755859375,219.50999450683594,220.8800048828125,180985
2025-09-10 15:30:00-04:00,223.02999877929688,223.21499633789062,220.80999755859375,220.89999389648438,455423
2025-09-11 09:30:00-04:00,225.9949951171875,226.9600067138672,223.08970642089844,224.89999389648438,496284
2025-09-11 10:30:00-04:00,229.16000366210938,229.86990356445312,225.8542022705078,225.97500610351562,580981
2025-09-11 11:30:00-04:00,228.11270141601562,230.10000610351562,227.6699981689453,229.13999938964844,305604
2025-09-11 12:30:00-04:00,227.7552032470703,228.5500030517578,226.25999450683594,227.9499969482422,352809
2025-09-11 13:30:00-04:00,226.61000061035156,228.33999633789062,225.43499755859375,227.8000030517578,351884
2025-09-11 14:30:00-04:00,225.72000122070312,226.75,223.72000122070312,226.61000061035156,346524
2025-09-11 15:30:00-04:00,224.72999572753906,226.19000244140625,224.44500732421875,225.75819396972656,326780
2025-09-12 09:30:00-04:00,223.13999938964844,225.52000427246094,222.30999755859375,223.8000030517578,284113
2025-09-12 10:30:00-04:00,223.00999450683594,223.17999267578125,221.64700317382812,223.00999450683594,189433
2025-09-12 11:30:00-04:00,222.77499389648438,223.91000366210938,221.9499969482422,223.11000061035156,106612
2025-09-12 12:30:00-04:00,221.52499389648438,223.1999053955078,220.42999267578125,222.77499389648438,153563
2025-09-12 13:30:00-04:00,222.31500244140625,222.33999633789062,220.92010498046875,221.42999267578125,116836
2025-09-12 14:30:00-04:00,222.9149932861328,222.9149932861328,221.5399932861328,222.16000366210938,166346
2025-09-12 15:30:00-04:00,221.39999389648438,222.9149932861328,221.10000610351562,222.8699951171875,288999
2025-09-15 09:30:00-04:00,224.40499877929688,226.47000122070312,220.50999450683594,220.57000732421875,234697
2025-09-15 10:30:00-04:00,227.048095703125,227.32000732421875,224.30999755859375,224.72000122070312,171015
2025-09-15 11:30:00-04:00,229.2949981689453,229.5,227.0225067138672,227.1300048828125,455475
2025-09-15 12:30:00-04:00,226.42999267578125,229.5399932861328,225.75010681152344,229.2949981689453,285621
2025-09-15 13:30:00-04:00,225.99000549316406,227.5500030517578,225.83999633789062,226.31500244140625,195002
2025-09-15 14:30:00-04:00,226.07000732421875,226.85000610351562,225.6999969482422,225.91000366210938,125961
2025-09-15 15:30:00-04:00,226.0399932861328,226.41000366210938,225.50999450683594,226.0749969482422,264114
2025-09-16 09:30:00-04:00,223.82000732421875,225.1614990234375,221.83999633789062,225.0,389420
2025-09-16 10:30:00-04:00,221.4250030517578,223.72500610351562,221.02000427246094,223.6699981689453,384495
2025-09-16 11:30:00-04:00,221.11500549316406,221.69000244140625,220.3000030517578,221.4250030517578,156119
2025-09-16 12:30:00-04:00,221.10000610351562,221.6199951171875,220.3000030517578,221.11500549316406,193540
2025-09-16 13:30:00-04:00,220.0500030517578,221.75,220.0500030517578,221.10000610351562,248089
2025-09-16 14:30:00-04:00,219.3300018310547,220.6999969482422,219.21499633789062,220.2949981689453,358351
2025-09-16 15:30:00-04:00,219.3300018310547,220.02999877929688,218.38999938964844,219.35499572753906,550637
2025-09-17 09:30:00-04:00,213.5,220.19000244140625,213.00320434570312,219.64999389648438,447148
2025-09-17 10:30:00-04:00,212.72000122070312,214.1999969482422,212.07000732421875,213.13999938964844,326612
2025-09-17 11:30:00-04:00,211.6165008544922,213.07000732421875,209.6300048828125,212.98500061035156,364601
2025-09-17 12:30:00-04:00,209.97500610351562,211.94000244140625,209.52000427246094,211.87159729003906,372870
2025-09-17 13:30:00-04:00,212.92999267578125,212.99000549316406,208.59120178222656,210.03500366210938,501154
2025-09-17 14:30:00-04:00,215.38999938964844,215.39999389648438,209.36000061035156,212.77999877929688,425370
2025-09-17 15:30:00-04:00,213.8800048828125,216.07000732421875,213.82000732421875,215.38999938964844,502291
2025-09-18 09:30:00-04:00,218.21499633789062,219.8000030517578,215.82000732421875,216.75,682733
2025-09-18 10:30:00-04:00,220.10000610351562,220.4199981689453,217.5,218.4199981689453,240006
2025-09-18 11:30:00-04:00,220.85000610351562,221.19000244140625,219.61000061035156,220.02999877929688,174807
2025-09-18 12:30:00-04:00,221.49400329589844,222.86000061035156,220.62330627441406,220.72000122070312,229681
2025-09-18 13:30:00-04:00,221.60000610351562,221.90499877929688,220.41000366210938,221.47000122070312,263916
2025-09-18 14:30:00-04:00,222.69000244140625,223.5,221.38999938964844,221.60000610351562,391189
2025-09-18 15:30:00-04:00,223.6300048828125,223.80999755859375,221.48500061035156,222.6363067626953,593830
2025-09-19 09:30:00-04:00,223.52999877929688,226.3148956298828,222.62060546875,224.0,333653
2025-09-19 10:30:00-04:00,222.95399475097656,223.80499267578125,222.17999267578125,223.80250549316406,126056
2025-09-19 11:30:00-04:00,224.125,224.49000549316406,222.27000427246094,222.76499938964844,84637
2025-09-19 12:30:00-04:00,224.82000732421875,225.64999389648438,224.5,224.5,128004
2025-09-19 13:30:00-04:00,226.13999938964844,226.61000061035156,224.41000366210938,224.75559997558594,183077
2025-09-19 14:30:00-04:00,226.47500610351562,226.95989990234375,225.52420043945312,226.19000244140625,215481
2025-09-19 15:30:00-04:00,225.86000061035156,227.6199951171875,225.75999450683594,226.47500610351562,537491
2025-09-22 09:30:00-04:00,226.92990112304688,226.92990112304688,222.75999450683594,224.52499389648438,457543
2025-09-22 10:30:00-04:00,226.97999572753906,227.97000122070312,226.2899932861328,226.49000549316406,239420
2025-09-22 11:30:00-04:00,228.49000549316406,228.79989624023438,226.60000610351562,226.67999267578125,212279
2025-09-22 12:30:00-04:00,228.52999877929688,229.6699981689453,228.4958953857422,228.55999755859375,168673
2025-09-22 13:30:00-04:00,229.5399932861328,229.8300018310547,228.52999877929688,228.52999877929688,125222
2025-09-22 14:30:00-04:00,228.97500610351562,230.10000610351562,228.91000366210938,229.4199981689453,266683
2025-09-22 15:30:00-04:00,228.27749633789062,228.9600067138672,227.6999969482422,228.89999389648438,425295
2025-09-23 09:30:00-04:00,223.66250610351562,228.33999633789062,219.5500946044922,228.33999633789062,433396
2025-09-23 10:30:00-04:00,221.7050018310547,223.69000244140625,220.8000030517578,223.69000244140625,216700
2025-09-23 11:30:00-04:00,222.47500610351562,222.8256072998047,220.5399932861328,221.50010681152344,192034
2025-09-23 12:30:00-04:00,222.74000549316406,225.1199951171875,222.4600067138672,222.61000061035156,158565
2025-09-23 13:30:00-04:00,222.3800048828125,223.3800048828125,220.4700927734375,222.4600067138672,146698
2025-09-23 14:30:00-04:00,222.92999267578125,223.92559814453125,222.17010498046875,222.52499389648438,168651
2025-09-23 15:30:00-04:00,223.25999450683594,223.66000366210938,222.72999572753906,222.94000244140625,319566
2025-09-24 09:30:00-04:00,220.53500366210938,226.98500061035156,218.27000427246094,226.0,436204
2025-09-24 10:30:00-04:00,222.07000732421875,222.0800018310547,219.8699951171875,220.53500366210938,205444
2025-09-24 11:30:00-04:00,219.5,222.27000427246094,217.52000427246094,222.27000427246094,280928
2025-09-24 12:30:00-04:00,219.11000061035156,219.63999938964844,217.8699951171875,219.63499450683594,125793
2025-09-24 13:30:00-04:00,218.99000549316406,219.33999633789062,217.94000244140625,219.11000061035156,177860
2025-09-24 14:30:00-04:00,218.39999389648438,219.52000427246094,218.39999389648438,219.0500030517578,209887
2025-09-24 15:30:00-04:00,217.47999572753906,218.58999633789062,217.22000122070312,218.44000244140625,588711
2025-09-25 09:30:00-04:00,216.82000732421875,217.02000427246094,210.8699951171875,213.64999389648438,582248
2025-09-25 10:30:00-04:00,216.69000244140625,218.27000427246094,215.52999877929688,216.7032012939453,222380
2025-09-25 11:30:00-04:00,217.39999389648438,218.74000549316406,216.69000244140625,216.69000244140625,306006
2025-09-25 12:30:00-04:00,216.75,218.14999389648438,216.41000366210938,217.44009399414062,168891
2025-09-25 13:30:00-04:00,217.88999938964844,217.97000122070312,215.2100067138672,216.77000427246094,120773
2025-09-25 14:30:00-04:00,218.83999633789062,219.2899932861328,217.13999938964844,217.77999877929688,241940
2025-09-25 15:30:00-04:00,218.22000122070312,218.8800048828125,217.52999877929688,218.82000732421875,400094
2025-09-26 09:30:00-04:00,214.61000061035156,220.0,214.61000061035156,218.00999450683594,323860
2025-09-26 10:30:00-04:00,214.63999938964844,217.22000122070312,213.7050018310547,214.9600067138672,185192
2025-09-26 11:30:00-04:00,215.58999633789062,216.0,213.5500030517578,214.52000427246094,130961
2025-09-26 12:30:00-04:00,214.6750030517578,215.57000732421875,214.13999938964844,215.52499389648438,147113
2025-09-26 13:30:00-04:00,216.22000122070312,216.8000030517578,214.6875,214.6875,111252
2025-09-26 14:30:00-04:00,216.67999267578125,217.38999938964844,215.42999267578125,216.28610229492188,227956
2025-09-26 15:30:00-04:00,216.42999267578125,217.2050018310547,216.2899932861328,216.74000549316406,363110
2025-09-29 09:30:00-04:00,218.0,219.87460327148438,216.86000061035156,218.94000244140625,394194
2025-09-29 10:30:00-04:00,216.9250030517578,218.3699951171875,216.4499969482422,218.00999450683594,154234
2025-09-29 11:30:00-04:00,216.85499572753906,217.6199951171875,216.57000732421875,216.91000366210938,120662
2025-09-29 12:30:00-04:00,218.22000122070312,218.2480010986328,216.33999633789062,216.82000732421875,118829
2025-09-29 13:30:00-04:00,218.82000732421875,219.3300018310547,218.02000427246094,218.22999572753906,134145
2025-09-29 14:30:00-04:00,218.1199951171875,219.12179565429688,217.7899932861328,218.8800048828125,239329
2025-09-29 15:30:00-04:00,218.6199951171875,218.64999389648438,217.75999450683594,218.1300048828125,337639
2025-09-30 09:30:00-04:00,212.2550048828125,218.83999633789062,211.58999633789062,218.83999633789062,283211
2025-09-30 10:30:00-04:00,213.6300048828125,214.27000427246094,211.36000061035156,212.25999450683594,241152
2025-09-30 11:30:00-04:00,213.31500244140625,214.35000610351562,213.0,213.69000244140625,124670
2025-09-30 12:30:00-04:00,212.01499938964844,213.8300018310547,211.58999633789062,213.32000732421875,110281
2025-09-30 13:30:00-04:00,213.80999755859375,214.13999938964844,211.74000549316406,211.91000366210938,148912
2025-09-30 14:30:00-04:00,214.3574981689453,214.8000030517578,213.4199981689453,213.66000366210938,201999
2025-09-30 15:30:00-04:00,214.5,214.89999389648438,213.91000366210938,214.22000122070312,348019
2025-10-01 09:30:00-04:00,214.14999389648438,215.0655059814453,212.24000549316406,213.25,373303
2025-10-01 10:30:00-04:00,214.24000549316406,214.6699981689453,212.1699981689453,214.10000610351562,182517
2025-10-01 11:30:00-04:00,215.6549072265625,215.6549072265625,213.32000732421875,214.44500732421875,184650
2025-10-01 12:30:00-04:00,214.80499267578125,216.27000427246094,214.54010009765625,215.57000732421875,163402
2025-10-01 13:30:00-04:00,215.19749450683594,215.7899932861328,213.9241943359375,214.72000122070312,152046
2025-10-01 14:30:00-04:00,216.47500610351562,216.49099731445312,215.3800048828125,215.5500030517578,155782
2025-10-01 15:30:00-04:00,217.02000427246094,218.99000549316406,216.42999267578125,216.47500610351562,665912
2025-10-02 09:30:00-04:00,218.0399932861328,220.0,215.36619567871094,219.0500030517578,345092
2025-10-02 10:30:00-04:00,217.85499572753906,218.79989624023438,215.97999572753906,218.02499389648438,173858
2025-10-02 11:30:00-04:00,219.08999633789062,219.22999572753906,217.17999267578125,217.6300048828125,163642
2025-10-02 12:30:00-04:00,220.5800018310547,221.19000244140625,218.3699951171875,218.8800048828125,227873
2025-10-02 13:30:00-04:00,221.6999969482422,221.88499450683594,220.33999633789062,220.5500030517578,194777
2025-10-02 14:30:00-04:00,222.64999389648438,223.16000366210938,221.6999969482422,221.6999969482422,281881
2025-10-02 15:30:00-04:00,224.55999755859375,224.81500244140625,222.64999389648438,222.64999389648438,575357
2025-10-03 09:30:00-04:00,217.85000610351562,225.0,216.8000030517578,225.0,361727
2025-10-03 10:30:00-04:00,218.14999389648438,219.94000244140625,217.5,217.93820190429688,209808
2025-10-03 11:30:00-04:00,218.15499877929688,218.69000244140625,217.07000732421875,218.32000732421875,194911
2025-10-03 12:30:00-04:00,215.27000427246094,218.27999877929688,214.02999877929688,218.16000366210938,257621
2025-10-03 13:30:00-04:00,216.41000366210938,216.52999877929688,212.0,215.32000732421875,366778
2025-10-03 14:30:00-04:00,216.64999389648438,216.91990661621094,215.5,216.47500610351562,296810
2025-10-03 15:30:00-04:00,216.60000610351562,217.48500061035156,216.42999267578125,216.60000610351562,459454
2025-10-06 09:30:00-04:00,220.82000732421875,223.99989318847656,219.21499633789062,219.5,370932
2025-10-06 10:30:00-04:00,221.33999633789062,222.1634979248047,219.5,220.90750122070312,180959
2025-10-06 11:30:00-04:00,223.00509643554688,223.1300048828125,221.2899932861328,221.2899932861328,273249
2025-10-06 12:30:00-04:00,224.02999877929688,224.11500549316406,222.6300048828125,223.0500030517578,219035
2025-10-06 13:30:00-04:00,222.50999450683594,225.37100219726562,221.48500061035156,224.23989868164062,247005
2025-10-06 14:30:00-04:00,221.6999969482422,222.66000366210938,221.60000610351562,222.39500427246094,174977
2025-10-06 15:30:00-04:00,221.07000732421875,221.7050018310547,219.7899932861328,221.58999633789062,308833
2025-10-07 09:30:00-04:00,219.0399932861328,222.22000122070312,216.7100067138672,222.0,442558
2025-10-07 10:30:00-04:00,215.0800018310547,220.13999938964844,214.66000366210938,219.0399932861328,213423
2025-10-07 11:30:00-04:00,215.31500244140625,216.57000732421875,213.67999267578125,214.8070068359375,234670
2025-10-07 12:30:00-04:00,216.7696075439453,216.82000732421875,215.36000061035156,215.36000061035156,141064
2025-10-07 13:30:00-04:00,217.86000061035156,218.1199951171875,216.19119262695312,216.82000732421875,115832
2025-10-07 14:30:00-04:00,217.51499938964844,219.3000030517578,217.46499633789062,217.75,223127
2025-10-07 15:30:00-04:00,217.4199981689453,218.82989501953125,217.30999755859375,217.51499938964844,579254
2025-10-08 09:30:00-04:00,219.06500244140625,221.07000732421875,216.1999969482422,218.7100067138672,284518
2025-10-08 10:30:00-04:00,218.75999450683594,219.1999969482422,217.66000366210938,218.8699951171875,165346
2025-10-08 11:30:00-04:00,219.6475067138672,221.0,218.6699981689453,218.72999572753906,252554
2025-10-08 12:30:00-04:00,219.39999389648438,220.22500610351562,218.5800018310547,219.75999450683594,156921
2025-10-08 13:30:00-04:00,219.82000732421875,220.17990112304688,218.1199951171875,219.4199981689453,224541
2025-10-08 14:30:00-04:00,221.75,221.99000549316406,219.7301025390625,219.9718017578125,335622
2025-10-08 15:30:00-04:00,219.9600067138672,221.92160034179688,219.8000030517578,221.75,357817
2025-10-09 09:30:00-04:00,217.0780029296875,218.75999450683594,214.3000030517578,218.75999450683594,377482
2025-10-09 10:30:00-04:00,218.18499755859375,218.25,215.9635009765625,217.0500030517578,177003
2025-10-09 11:30:00-04:00,220.25,220.39999389648438,218.00999450683594,218.21499633789062,123146
2025-10-09 12:30:00-04:00,219.86000061035156,221.5220947265625,219.72000122070312,220.33999633789062,138234
2025-10-09 13:30:00-04:00,219.91000366210938,220.64999389648438,219.27000427246094,219.7100067138672,107151
2025-10-09 14:30:00-04:00,221.0500030517578,221.35000610351562,219.72000122070312,219.94000244140625,154703
2025-10-09 15:30:00-04:00,221.0,221.2100067138672,220.5,220.97999572753906,236728
2025-10-10 09:30:00-04:00,224.07000732421875,226.9499969482422,221.0,222.1199951171875,479865
2025-10-10 10:30:00-04:00,218.02999877929688,224.75999450683594,217.52000427246094,224.2333984375,229318
2025-10-10 11:30:00-04:00,219.4550018310547,221.2799072265625,215.9250030517578,218.0399932861328,218615
2025-10-10 12:30:00-04:00,218.38999938964844,219.99000549316406,215.66000366210938,219.60000610351562,154142
2025-10-10 13:30:00-04:00,216.0399932861328,219.25,216.0399932861328,218.13499450683594,191862
2025-10-10 14:30:00-04:00,215.1300048828125,216.98989868164062,214.72000122070312,216.25,214788
2025-10-10 15:30:00-04:00,213.66000366210938,215.36000061035156,213.14999389648438,215.11000061035156,307875
2025-10-13 09:30:00-04:00,220.89999389648438,223.6999969482422,215.85000610351562,217.25999450683594,370193
2025-10-13 10:30:00-04:00,220.60499572753906,221.86000061035156,219.0,220.72000122070312,156843
2025-10-13 11:30:00-04:00,221.18890380859375,221.7310028076172,220.22000122070312,220.73500061035156,110960
2025-10-13 12:30:00-04:00,221.5399932861328,221.9600067138672,220.72999572753906,221.30999755859375,92908
2025-10-13 13:30:00-04:00,222.49000549316406,222.60000610351562,221.57749938964844,221.8000030517578,132253
2025-10-13 14:30:00-04:00,222.2946014404297,223.32000732421875,221.7200927734375,222.57000732421875,199833
2025-10-13 15:30:00-04:00,222.61000061035156,223.10000610351562,221.875,222.66000366210938,286176
2025-10-14 09:30:00-04:00,216.0,217.3300018310547,210.3300018310547,217.3300018310547,530943
2025-10-14 10:30:00-04:00,215.67999267578125,217.77999877929688,215.0800018310547,216.00999450683594,151252
2025-10-14 11:30:00-04:00,217.0,217.86000061035156,214.51719665527344,215.67999267578125,217625
2025-10-14 12:30:00-04:00,216.52549743652344,217.47000122070312,215.38999938964844,216.99000549316406,140656
2025-10-14 13:30:00-04:00,215.24000549316406,216.52999877929688,213.82000732421875,216.52999877929688,119693
2025-10-14 14:30:00-04:00,216.6699981689453,217.07000732421875,215.15280151367188,215.1699981689453,128001
2025-10-14 15:30:00-04:00,217.60000610351562,217.9600067138672,214.9199981689453,216.78500366210938,508997
2025-10-15 09:30:00-04:00,222.4149932861328,223.01409912109375,217.25999450683594,220.99000549316406,519868
2025-10-15 10:30:00-04:00,225.0,225.00999450683594,222.4149932861328,222.4149932861328,387964
2025-10-15 11:30:00-04:00,223.4600067138672,225.0,221.61000061035156,225.0,241171
2025-10-15 12:30:00-04:00,220.11000061035156,224.0,218.70370483398438,223.61000061035156,147806
2025-10-15 13:30:00-04:00,219.5,222.0500030517578,219.2393035888672,220.32000732421875,123694
2025-10-15 14:30:00-04:00,219.8699951171875,221.2100067138672,219.38499450683594,219.5,131062
2025-10-15 15:30:00-04:00,217.44000244140625,219.9600067138672,217.42999267578125,219.8699951171875,293485
2025-10-16 09:30:00-04:00,217.52000427246094,221.4600067138672,217.00999450683594,218.77999877929688,292386
2025-10-16 10:30:00-04:00,213.47000122070312,217.75030517578125,213.2642059326172,217.6699981689453,197086
2025-10-16 11:30:00-04:00,211.3350067138672,214.11000061035156,211.0,213.26409912109375,276659
2025-10-16 12:30:00-04:00,212.2799072265625,212.2799072265625,209.13999938964844,211.3300018310547,436962
2025-10-16 13:30:00-04:00,211.9499969482422,212.7899932861328,211.06300354003906,212.27999877929688,247000
2025-10-16 14:30:00-04:00,210.91000366210938,212.95899963378906,210.5,212.0800018310547,274548
2025-10-16 15:30:00-04:00,211.41000366210938,212.25,210.32000732421875,211.05999755859375,578458
2025-10-17 09:30:00-04:00,207.30999755859375,209.47999572753906,206.3800048828125,208.22500610351562,747265
2025-10-17 10:30:00-04:00,205.4499969482422,207.4600067138672,204.44000244140625,207.35000610351562,361020
2025-10-17 11:30:00-04:00,207.26499938964844,207.4499969482422,203.50999450683594,204.8874053955078,437488
2025-10-17 12:30:00-04:00,206.4600067138672,207.42999267578125,205.77000427246094,207.24000549316406,162596
2025-10-17 13:30:00-04:00,207.0,207.5,206.19000244140625,206.19000244140625,205002
2025-10-17 14:30:00-04:00,207.125,207.67999267578125,206.52999877929688,207.0050048828125,293979
2025-10-17 15:30:00-04:00,209.94000244140625,210.0800018310547,206.5500030517578,207.05999755859375,412820
2025-10-20 09:30:00-04:00,210.99339294433594,212.72999572753906,208.8000030517578,212.41000366210938,287119
2025-10-20 10:30:00-04:00,211.25,211.9199981689453,210.47000122070312,210.9250030517578,120891
2025-10-20 11:30:00-04:00,211.00999450683594,211.92999267578125,210.79010009765625,211.25,112027
2025-10-20 12:30:00-04:00,211.66000366210938,212.25999450683594,210.14999389648438,210.95750427246094,112175
2025-10-20 13:30:00-04:00,212.531005859375,213.1699981689453,211.33999633789062,211.52000427246094,831904
2025-10-20 14:30:00-04:00,212.41000366210938,213.11500549316406,212.27499389648438,212.36000061035156,122818
2025-10-20 15:30:00-04:00,213.0399932861328,213.4499969482422,212.27000427246094,212.3800048828125,272558
2025-10-21 09:30:00-04:00,210.6074981689453,213.4600067138672,208.1699981689453,213.19500732421875,263621
2025-10-21 10:30:00-04:00,212.3699951171875,213.0,210.25,210.4425048828125,146007
2025-10-21 11:30:00-04:00,212.7949981689453,213.09500122070312,211.9499969482422,212.39999389648438,104054
2025-10-21 12:30:00-04:00,212.08999633789062,213.72999572753906,211.5,212.88999938964844,104909
2025-10-21 13:30:00-04:00,213.1199951171875,213.1199951171875,211.6300048828125,212.08999633789062,78165
2025-10-21 14:30:00-04:00,212.85000610351562,213.4739990234375,212.61000061035156,213.13999938964844,130041
2025-10-21 15:30:00-04:00,212.92999267578125,213.4199981689453,212.6999969482422,212.75999450683594,356824
2025-10-22 09:30:00-04:00,209.10000610351562,213.8300018310547,209.10000610351562,211.9199981689453,172898
2025-10-22 10:30:00-04:00,208.38999938964844,211.10499572753906,207.3699951171875,209.14830017089844,330110
2025-10-22 11:30:00-04:00,209.1999969482422,211.17999267578125,208.07000732421875,208.50999450683594,267580
2025-10-22 12:30:00-04:00,207.50999450683594,209.4600067138672,206.80999755859375,209.1999969482422,160796
2025-10-22 13:30:00-04:00,208.68499755859375,209.0,206.2899932861328,207.50999450683594,130921
2025-10-22 14:30:00-04:00,210.47000122070312,210.63999938964844,208.3800048828125,208.69500732421875,201523
2025-10-22 15:30:00-04:00,210.72999572753906,211.39999389648438,210.33999633789062,210.43499755859375,238685
2025-10-23 09:30:00-04:00,213.0800018310547,214.85000610351562,210.00999450683594,210.72999572753906,364727
2025-10-23 10:30:00-04:00,215.3249969482422,215.3800048828125,212.57000732421875,212.8800048828125,634512
2025-10-23 11:30:00-04:00,216.75,217.22999572753906,214.5399932861328,215.4600067138672,178847
2025-10-23 12:30:00-04:00,215.97000122070312,216.9268035888672,215.35000610351562,216.61000061035156,127370
2025-10-23 13:30:00-04:00,216.0500030517578,216.77389526367188,215.75,216.3177032470703,87449
2025-10-23 14:30:00-04:00,216.72000122070312,216.9199981689453,215.69000244140625,216.05999755859375,149224
2025-10-23 15:30:00-04:00,217.1199951171875,217.2899932861328,215.9199981689453,216.82000732421875,257700
2025-10-24 09:30:00-04:00,219.8800048828125,222.1300048828125,219.5800018310547,220.10000610351562,231865
2025-10-24 10:30:00-04:00,220.0850067138672,220.79420471191406,218.5800018310547,219.80999755859375,142546
2025-10-24 11:30:00-04:00,220.47000122070312,221.1300048828125,219.4542999267578,220.1750030517578,159562
2025-10-24 12:30:00-04:00,220.1699981689453,220.97999572753906,219.9600067138672,220.50999450683594,115808
2025-10-24 13:30:00-04:00,219.72000122070312,220.5760955810547,219.33999633789062,220.16000366210938,93607
2025-10-24 14:30:00-04:00,218.86500549316406,219.77999877929688,218.58999633789062,219.63999938964844,189798
2025-10-24 15:30:00-04:00,217.77000427246094,218.9149932861328,217.75999450683594,218.91000366210938,282301
2025-10-27 09:30:00-04:00,219.92300415039062,222.44000244140625,219.33900451660156,222.44000244140625,341137
2025-10-27 10:30:00-04:00,221.47000122070312,221.58999633789062,219.2899932861328,219.74000549316406,146821
2025-10-27 11:30:00-04:00,222.56939697265625,222.7198944091797,221.25,221.46499633789062,158945
2025-10-27 12:30:00-04:00,224.3300018310547,224.4199981689453,222.44000244140625,222.72999572753906,189817
2025-10-27 13:30:00-04:00,224.6199951171875,225.01499938964844,224.1750030517578,224.3699951171875,251451
2025-10-27 14:30:00-04:00,224.5,224.89999389648438,223.69000244140625,224.55999755859375,208189
2025-10-27 15:30:00-04:00,225.02000427246094,225.44000244140625,224.38999938964844,224.47000122070312,503393
2025-10-28 09:30:00-04:00,226.4600067138672,228.1999969482422,225.6300048828125,226.25,352710
2025-10-28 10:30:00-04:00,225.39999389648438,226.60000610351562,224.80999755859375,226.22999572753906,205069
2025-10-28 11:30:00-04:00,226.41009521484375,226.8800048828125,225.00999450683594,225.39999389648438,125060
2025-10-28 12:30:00-04:00,225.44000244140625,226.89999389648438,224.5,226.6999969482422,131282
2025-10-28 13:30:00-04:00,225.97000122070312,226.10000610351562,224.77999877929688,225.55999755859375,141473
2025-10-28 14:30:00-04:00,226.00999450683594,226.34109497070312,225.24000549316406,225.89999389648438,152601
2025-10-28 15:30:00-04:00,223.99000549316406,226.1199951171875,223.75,226.09500122070312,468499
2025-10-29 09:30:00-04:00,223.47500610351562,225.00999450683594,223.01010131835938,224.64999389648438,268143
2025-10-29 10:30:00-04:00,227.39999389648438,227.92999267578125,223.47500610351562,223.47500610351562,215866
2025-10-29 11:30:00-04:00,227.18499755859375,227.67999267578125,226.22999572753906,227.3800048828125,173978
2025-10-29 12:30:00-04:00,225.52000427246094,227.3699951171875,225.3300018310547,227.3699951171875,196825
2025-10-29 13:30:00-04:00,226.875,227.0,225.60499572753906,225.6699981689453,371348
2025-10-29 14:30:00-04:00,225.58999633789062,227.83999633789062,224.50999450683594,226.99000549316406,273578
2025-10-29 15:30:00-04:00,227.39999389648438,227.8350067138672,224.72549438476562,225.61500549316406,458101
2025-10-30 09:30:00-04:00,228.9499969482422,229.9600067138672,224.4600067138672,226.13999938964844,794165
2025-10-30 10:30:00-04:00,230.6320037841797,231.1300048828125,227.15499877929688,228.85000610351562,584363
2025-10-30 11:30:00-04:00,229.05499267578125,230.7100067138672,228.33999633789062,230.57000732421875,404320
2025-10-30 12:30:00-04:00,230.88999938964844,230.91650390625,228.22000122070312,229.05499267578125,493735
2025-10-30 13:30:00-04:00,228.64500427246094,230.7949981689453,228.05999755859375,230.7949981689453,638172
2025-10-30 14:30:00-04:00,225.01620483398438,228.9600067138672,224.89999389648438,228.75,568459
2025-10-30 15:30:00-04:00,222.36500549316406,225.69000244140625,222.3300018310547,225.16000366210938,994790
2025-10-31 09:30:00-04:00,244.08999633789062,250.0,234.0,236.5,3095184
2025-10-31 10:30:00-04:00,249.5500030517578,250.75999450683594,243.86000061035156,243.90109252929688,981221
2025-10-31 11:30:00-04:00,247.83999633789062,250.16000366210938,244.94000244140625,249.52349853515625,911844
2025-10-31 12:30:00-04:00,248.25,249.65989685058594,246.0500030517578,247.8000030517578,460520
2025-10-31 13:30:00-04:00,250.72500610351562,250.89999389648438,244.94000244140625,248.17999267578125,483221
2025-10-31 14:30:00-04:00,251.91000366210938,252.1999969482422,248.50489807128906,250.8300018310547,722476
2025-10-31 15:30:00-04:00,253.3800048828125,254.3000030517578,251.6199951171875,251.8300018310547,1299089
2025-11-03 09:30:00-05:00,250.1999969482422,260.0,250.1699981689453,254.91000366210938,1177100
2025-11-03 10:30:00-05:00,250.7899932861328,252.0,248.7899932861328,250.2899932861328,610000
2025-11-03 11:30:00-05:00,248.63499450683594,250.93499755859375,245.1199951171875,250.72999572753906,463531
2025-11-03 12:30:00-05:00,249.35000610351562,251.1199951171875,248.5,248.63999938964844,218242
2025-11-03 13:30:00-05:00,249.61000061035156,250.32000732421875,247.8800048828125,249.35499572753906,381724
2025-11-03 14:30:00-05:00,250.4499969482422,250.5,249.33999633789062,249.61000061035156,360018
2025-11-03 15:30:00-05:00,248.2899932861328,250.5800018310547,247.64999389648438,250.52999877929688,774962
2025-11-04 09:30:00-05:00,243.17999267578125,245.6300048828125,235.32000732421875,240.25,1071032
2025-11-04 10:30:00-05:00,238.31080627441406,243.61000061035156,237.5,243.3000030517578,375899
2025-11-04 11:30:00-05:00,237.14999389648438,238.5399932861328,235.5,238.10000610351562,307426
2025-11-04 12:30:00-05:00,235.16000366210938,237.55999755859375,235.11000061035156,237.05499267578125,394150
2025-11-04 13:30:00-05:00,234.81500244140625,235.60000610351562,233.3300018310547,235.27499389648438,329136
2025-11-04 14:30:00-05:00,234.2899932861328,234.89999389648438,231.77999877929688,234.81500244140625,294382
2025-11-04 15:30:00-05:00,232.91000366210938,234.61000061035156,232.5,234.2899932861328,458301
2025-11-05 09:30:00-05:00,231.89999389648438,233.61500549316406,228.52999877929688,232.92999267578125,547789
2025-11-05 10:30:00-05:00,230.86000061035156,232.44000244140625,229.8699951171875,231.60000610351562,209164
2025-11-05 11:30:00-05:00,229.61500549316406,230.91000366210938,229.27000427246094,230.55999755859375,193162
2025-11-05 12:30:00-05:00,230.75,231.7449951171875,229.41009521484375,229.77499389648438,190963
2025-11-05 13:30:00-05:00,230.5749969482422,231.67999267578125,229.79010009765625,230.83999633789062,226428
2025-11-05 14:30:00-05:00,228.8699951171875,231.58999633789062,228.61000061035156,230.69000244140625,297088
2025-11-05 15:30:00-05:00,228.47000122070312,230.0399932861328,228.22000122070312,228.76499938964844,511723
2025-11-06 09:30:00-05:00,226.6699981689453,230.89500427246094,224.86000061035156,229.875,491243
2025-11-06 10:30:00-05:00,223.4199981689453,226.68528747558594,222.38999938964844,226.65199279785156,298948
2025-11-06 11:30:00-05:00,223.1199951171875,223.59500122070312,221.2100067138672,223.22000122070312,315624
2025-11-06 12:30:00-05:00,224.47000122070312,225.2958984375,222.5364990234375,223.11000061035156,207002
2025-11-06 13:30:00-05:00,227.1999969482422,227.27999877929688,224.19500732421875,224.5500030517578,308352
2025-11-06 14:30:00-05:00,227.81500244140625,228.9600067138672,226.57000732421875,227.1999969482422,299335
2025-11-06 15:30:00-05:00,226.05499267578125,228.13999938964844,225.69000244140625,227.99000549316406,379535
2025-11-07 09:30:00-05:00,222.9499969482422,224.67999267578125,218.42999267578125,222.82000732421875,444328
2025-11-07 10:30:00-05:00,220.2449951171875,223.2476043701172,219.3699951171875,222.6300048828125,255467
2025-11-07 11:30:00-05:00,220.80999755859375,221.58999633789062,218.6999969482422,220.11000061035156,238822
2025-11-07 12:30:00-05:00,225.63499450683594,225.83990478515625,220.41000366210938,220.9600067138672,226753
2025-11-07 13:30:00-05:00,225.66000366210938,225.74000549316406,223.44000244140625,225.57000732421875,167691
2025-11-07 14:30:00-05:00,229.49000549316406,230.64999389648438,225.75,225.75,550562
2025-11-07 15:30:00-05:00,232.8699951171875,233.0800018310547,229.5850067138672,229.5850067138672,713506
2025-11-10 09:30:00-05:00,242.24000549316406,244.49989318847656,238.64999389648438,238.64999389648438,790336
2025-11-10 10:30:00-05:00,240.1999969482422,242.7100067138672,239.14529418945312,242.42999267578125,259783
2025-11-10 11:30:00-05:00,241.43930053710938,241.8000030517578,239.44000244140625,240.1999969482422,370025
2025-11-10 12:30:00-05:00,241.85000610351562,242.77000427246094,241.47500610351562,241.51980590820312,195040
2025-11-10 13:30:00-05:00,243.46499633789062,243.92999267578125,241.77499389648438,241.83999633789062,238663
2025-11-10 14:30:00-05:00,242.59500122070312,244.1300048828125,242.3300018310547,243.46499633789062,223231
2025-11-10 15:30:00-05:00,240.4600067138672,242.58999633789062,240.31500244140625,242.52999877929688,454774
2025-11-11 09:30:00-05:00,237.4949951171875,241.05810546875,237.11000061035156,238.5800018310547,417813
2025-11-11 10:30:00-05:00,237.5399932861328,239.52000427246094,236.5800018310547,237.6199951171875,201769
2025-11-11 11:30:00-05:00,237.92999267578125,239.25,237.35000610351562,237.58999633789062,196713
2025-11-11 12:30:00-05:00,237.07000732421875,238.64999389648438,236.2899932861328,238.02999877929688,222545
2025-11-11 13:30:00-05:00,237.10000610351562,238.02000427246094,236.1300048828125,237.24000549316406,134008
2025-11-11 14:30:00-05:00,236.25,237.60000610351562,236.05999755859375,237.23500061035156,207706
2025-11-11 15:30:00-05:00,234.88999938964844,236.25,234.72999572753906,236.25,365268
2025-11-12 09:30:00-05:00,232.75999450683594,236.25999450683594,230.69000244140625,234.1300048828125,540582
2025-11-12 10:30:00-05:00,226.7899932861328,232.80999755859375,225.88999938964844,232.75,399619
2025-11-12 11:30:00-05:00,225.61500549316406,227.3300018310547,224.8800048828125,226.94000244140625,206448
2025-11-12 12:30:00-05:00,225.45150756835938,227.08999633789062,224.24000549316406,225.61500549316406,338737
2025-11-12 13:30:00-05:00,224.17999267578125,225.8000030517578,223.8000030517578,225.38999938964844,188184
2025-11-12 14:30:00-05:00,225.55999755859375,225.63999938964844,224.16000366210938,224.38999938964844,303994
2025-11-12 15:30:00-05:00,225.8000030517578,226.3000030517578,224.77999877929688,225.51499938964844,604596
2025-11-13 09:30:00-05:00,221.61000061035156,224.44290161132812,219.13009643554688,223.7449951171875,343729
2025-11-13 10:30:00-05:00,219.4199981689453,221.49000549316406,217.63999938964844,221.42999267578125,265578
2025-11-13 11:30:00-05:00,217.66000366210938,219.88999938964844,217.2100067138672,219.3300018310547,205103
2025-11-13 12:30:00-05:00,214.13499450683594,217.97999572753906,213.9600067138672,217.72500610351562,409442
2025-11-13 13:30:00-05:00,214.78500366210938,215.07000732421875,213.25,214.1300048828125,289785
2025-11-13 14:30:00-05:00,213.98500061035156,215.1999969482422,213.61000061035156,214.77000427246094,278060
2025-11-13 15:30:00-05:00,213.38999938964844,215.0,213.22999572753906,214.0,559831
2025-11-14 09:30:00-05:00,209.61000061035156,210.5299072265625,204.18569946289062,209.9499969482422,1152344
2025-11-14 10:30:00-05:00,214.47000122070312,215.23500061035156,209.11099243164062,209.4949951171875,455088
2025-11-14 11:30:00-05:00,213.7899932861328,215.1999053955078,213.10000610351562,214.47500610351562,264735
2025-11-14 12:30:00-05:00,212.4040985107422,214.32000732421875,211.8000030517578,213.60000610351562,359190
2025-11-14 13:30:00-05:00,213.02999877929688,213.5998992919922,210.89500427246094,212.4199981689453,338570
2025-11-14 14:30:00-05:00,211.9499969482422,213.5,211.5800018310547,213.02999877929688,374469
2025-11-14 15:30:00-05:00,210.58999633789062,212.25,210.49000549316406,211.86000061035156,580480
2025-11-17 09:30:00-05:00,205.4846954345703,211.0,204.0,211.0,1022026
2025-11-17 10:30:00-05:00,207.8800048828125,209.05999755859375,204.0,205.76499938964844,403523
2025-11-17 11:30:00-05:00,206.47000122070312,207.8726043701172,205.85000610351562,207.8699951171875,244692
2025-11-17 12:30:00-05:00,204.47999572753906,206.47250366210938,204.0800018310547,206.47000122070312,223578
2025-11-17 13:30:00-05:00,202.6199951171875,205.5800018310547,201.71009826660156,204.5,586423
2025-11-17 14:30:00-05:00,202.77999877929688,203.27000427246094,201.38999938964844,202.6699981689453,352688
2025-11-17 15:30:00-05:00,202.25,203.07000732421875,201.61000061035156,202.77499389648438,890803
2025-11-18 09:30:00-05:00,195.26370239257812,200.5,187.47500610351562,187.47500610351562,4662352
2025-11-18 10:30:00-05:00,198.52000427246094,198.79750061035156,193.5301055908203,195.35000610351562,832269
2025-11-18 11:30:00-05:00,196.3000030517578,199.39999389648438,196.00999450683594,198.3800048828125,604108
2025-11-18 12:30:00-05:00,198.50250244140625,200.5399932861328,195.4600067138672,196.3000030517578,492242
2025-11-18 13:30:00-05:00,199.2899932861328,199.7899932861328,198.3249969482422,198.41000366210938,278905
2025-11-18 14:30:00-05:00,199.03500366210938,200.52999877929688,198.63999938964844,199.22689819335938,380004
2025-11-18 15:30:00-05:00,196.42999267578125,199.10000610351562,196.35000610351562,199.10000610351562,783189
2025-11-19 09:30:00-05:00,194.91000366210938,197.0,193.10000610351562,197.0,836305
2025-11-19 10:30:00-05:00,195.57000732421875,195.8699951171875,194.0,194.8800048828125,501330
2025-11-19 11:30:00-05:00,194.9250030517578,197.5124969482422,194.4199981689453,195.4600067138672,367391
2025-11-19 12:30:00-05:00,194.5800018310547,196.58999633789062,193.99000549316406,194.94000244140625,559494
2025-11-19 13:30:00-05:00,195.5800018310547,195.5800018310547,193.5800018310547,194.44000244140625,248864
2025-11-19 14:30:00-05:00,196.16000366210938,197.74000549316406,195.35000610351562,195.5399932861328,322340
2025-11-19 15:30:00-05:00,196.1999969482422,197.1699981689453,194.7550048828125,196.11000061035156,710736
2025-11-20 09:30:00-05:00,200.03500366210938,204.47000122070312,198.4149932861328,204.47000122070312,675628
2025-11-20 10:30:00-05:00,195.43479919433594,200.4199981689453,195.02999877929688,200.02999877929688,287676
2025-11-20 11:30:00-05:00,192.5399932861328,195.8300018310547,191.27000427246094,195.44000244140625,473503
2025-11-20 12:30:00-05:00,194.06500244140625,195.17999267578125,190.88999938964844,192.52999877929688,249647
2025-11-20 13:30:00-05:00,192.80999755859375,194.1999969482422,190.88009643554688,194.08999633789062,253423
2025-11-20 14:30:00-05:00,192.8249969482422,193.8300018310547,191.72000122070312,192.77999877929688,299709
2025-11-20 15:30:00-05:00,191.3800048828125,192.8699951171875,189.7899932861328,192.7100067138672,598324
2025-11-21 09:30:00-05:00,183.45750427246094,191.59500122070312,183.1699981689453,191.59500122070312,627196
2025-11-21 10:30:00-05:00,186.77999877929688,186.99000549316406,181.16009521484375,183.4149932861328,476354
2025-11-21 11:30:00-05:00,187.92999267578125,189.27639770507812,185.89010620117188,186.57000732421875,388662
2025-11-21 12:30:00-05:00,186.80999755859375,188.84300231933594,186.47999572753906,187.91000366210938,325094
2025-11-21 13:30:00-05:00,189.74000549316406,190.25999450683594,186.75,186.91000366210938,212777
2025-11-21 14:30:00-05:00,187.55999755859375,190.22000122070312,187.50999450683594,190.05999755859375,246793
2025-11-21 15:30:00-05:00,186.25999450683594,188.0449981689453,186.10000610351562,187.50999450683594,569958
2025-11-24 09:30:00-05:00,192.6300048828125,193.39999389648438,187.4600067138672,187.86500549316406,666625
2025-11-24 10:30:00-05:00,192.8350067138672,194.0500030517578,191.6300048828125,192.41000366210938,485975
2025-11-24 11:30:00-05:00,192.8699951171875,193.8498992919922,192.52000427246094,192.8350067138672,382239
2025-11-24 12:30:00-05:00,192.19000244140625,193.61000061035156,192.1300048828125,192.97000122070312,192376
2025-11-24 13:30:00-05:00,192.38999938964844,192.97999572753906,191.72000122070312,192.13999938964844,259323
2025-11-24 14:30:00-05:00,192.6199951171875,193.27999877929688,192.02000427246094,192.38999938964844,324117
2025-11-24 15:30:00-05:00,193.8300018310547,194.16000366210938,192.0399932861328,192.55999755859375,667689
2025-11-25 09:30:00-05:00,188.75,193.5,185.22999572753906,193.5,607901
2025-11-25 10:30:00-05:00,190.02999877929688,190.66000366210938,188.07000732421875,188.7550048828125,242416
2025-11-25 11:30:00-05:00,193.44000244140625,193.7100067138672,189.88999938964844,189.88999938964844,284661
2025-11-25 12:30:00-05:00,194.52499389648438,194.77499389648438,193.4499969482422,193.4600067138672,287005
2025-11-25 13:30:00-05:00,194.88499450683594,195.5500030517578,194.4199981689453,194.52499389648438,394891
2025-11-25 14:30:00-05:00,196.6699981689453,197.11000061035156,194.58999633789062,194.88499450683594,373738
2025-11-25 15:30:00-05:00,197.5,197.8000030517578,196.4600067138672,196.69500732421875,578029
2025-11-26 09:30:00-05:00,197.33999633789062,199.7899932861328,195.11000061035156,198.07000732421875,450980
2025-11-26 10:30:00-05:00,197.8699951171875,198.67999267578125,197.3000030517578,197.3699951171875,232025
2025-11-26 11:30:00-05:00,197.51499938964844,198.3531951904297,196.5800018310547,198.0050048828125,219620
2025-11-26 12:30:00-05:00,199.11000061035156,199.27000427246094,197.22999572753906,197.6699981689453,213392
2025-11-26 13:30:00-05:00,199.2899932861328,199.69000244140625,198.83999633789062,199.11000061035156,182107
2025-11-26 14:30:00-05:00,198.97999572753906,199.39999389648438,197.72999572753906,199.3249969482422,175220
2025-11-26 15:30:00-05:00,197.0,199.2100067138672,196.92999267578125,199.0449981689453,401220
2025-11-28 09:30:00-05:00,200.4600067138672,200.9199981689453,197.6199951171875,198.22000122070312,211986
2025-11-28 10:30:00-05:00,199.99000549316406,201.84750366210938,199.61000061035156,200.41000366210938,208769
2025-11-28 11:30:00-05:00,199.6199951171875,200.55999755859375,199.50999450683594,199.97500610351562,135358
2025-12-01 09:30:00-05:00,196.49000549316406,199.36000061035156,195.13999938964844,197.3300018310547,276060
2025-12-01 10:30:00-05:00,196.14999389648438,197.27000427246094,195.75,196.27000427246094,270156
2025-12-01 11:30:00-05:00,198.13999938964844,198.72000122070312,196.13999938964844,196.22999572753906,129035
2025-12-01 12:30:00-05:00,198.5800018310547,199.91000366210938,198.16000366210938,198.16000366210938,152990
2025-12-01 13:30:00-05:00,197.5749969482422,199.08999633789062,197.36000061035156,198.5800018310547,224466
2025-12-01 14:30:00-05:00,198.94000244140625,199.11000061035156,196.92999267578125,197.3800048828125,186805
2025-12-01 15:30:00-05:00,197.1999969482422,199.05999755859375,197.1699981689453,198.94000244140625,464609
2025-12-02 09:30:00-05:00,204.6699981689453,207.17999267578125,201.85000610351562,203.6199951171875,538875
2025-12-02 10:30:00-05:00,201.75,204.9600067138672,201.44580078125,204.6699981689453,337586
2025-12-02 11:30:00-05:00,204.44000244140625,204.47999572753906,200.8000030517578,201.75,161343
2025-12-02 12:30:00-05:00,202.4833984375,204.5399932861328,202.05999755859375,204.44000244140625,302321
2025-12-02 13:30:00-05:00,201.97999572753906,203.03500366210938,201.7899932861328,202.5399932861328,112883
2025-12-02 14:30:00-05:00,201.58999633789062,202.389892578125,201.17010498046875,202.13999938964844,157427
2025-12-02 15:30:00-05:00,201.30999755859375,202.0399932861328,201.11000061035156,201.5399932861328,242407
2025-12-03 09:30:00-05:00,199.91000366210938,201.27000427246094,198.0500030517578,199.6999969482422,269784
2025-12-03 10:30:00-05:00,202.3699951171875,202.60000610351562,199.77999877929688,199.97000122070312,141081
2025-12-03 11:30:00-05:00,203.27000427246094,203.60000610351562,201.5500030517578,202.52999877929688,113229
2025-12-03 12:30:00-05:00,202.47000122070312,203.31500244140625,201.83999633789062,203.17999267578125,106393
2025-12-03 13:30:00-05:00,203.10000610351562,203.25,202.22000122070312,202.39230346679688,103848
2025-12-03 14:30:00-05:00,203.7899932861328,204.02999877929688,202.77000427246094,203.14999389648438,129016
2025-12-03 15:30:00-05:00,204.36000061035156,204.80999755859375,203.60000610351562,203.6165008544922,308983
2025-12-04 09:30:00-05:00,204.30999755859375,204.35000610351562,200.6699981689453,203.80999755859375,307450
2025-12-04 10:30:00-05:00,203.43499755859375,204.60000610351562,202.77999877929688,204.10000610351562,190260
2025-12-04 11:30:00-05:00,203.66000366210938,204.36509704589844,202.8300018310547,203.3300018310547,107326
2025-12-04 12:30:00-05:00,204.66000366210938,204.97999572753906,203.55999755859375,203.76699829101562,75066
2025-12-04 13:30:00-05:00,204.05999755859375,204.57260131835938,203.30999755859375,204.55999755859375,87778
2025-12-04 14:30:00-05:00,204.52999877929688,205.5800018310547,203.97000122070312,204.00999450683594,184374
2025-12-04 15:30:00-05:00,203.97000122070312,204.7100067138672,203.58999633789062,204.50999450683594,154764
2025-12-05 09:30:00-05:00,204.39999389648438,204.8000030517578,201.57000732421875,203.7010040283203,319509
2025-12-05 10:30:00-05:00,201.6199951171875,205.30999755859375,201.33999633789062,204.27999877929688,150648
2025-12-05 11:30:00-05:00,199.78500366210938,201.64199829101562,199.6300048828125,201.50999450683594,301821
2025-12-05 12:30:00-05:00,200.63999938964844,200.8699951171875,199.52000427246094,199.8177947998047,164204
2025-12-05 13:30:00-05:00,200.25999450683594,200.86000061035156,200.01499938964844,200.61000061035156,144077
2025-12-05 14:30:00-05:00,200.02999877929688,200.6699981689453,199.93499755859375,200.22000122070312,140079
2025-12-05 15:30:00-05:00,200.92999267578125,200.92999267578125,199.57000732421875,200.11000061035156,333814
2025-12-08 09:30:00-05:00,204.72500610351562,207.1699981689453,201.7899932861328,202.88999938964844,332091
2025-12-08 10:30:00-05:00,205.418701171875,205.418701171875,202.85000610351562,204.55999755859375,119953
2025-12-08 11:30:00-05:00,206.00100708007812,206.1999969482422,204.86000061035156,205.44000244140625,141879
2025-12-08 12:30:00-05:00,205.39999389648438,207.10980224609375,205.32000732421875,206.10000610351562,123366
2025-12-08 13:30:00-05:00,205.08999633789062,205.64999389648438,204.4600067138672,205.33999633789062,73987
2025-12-08 14:30:00-05:00,205.90919494628906,206.27000427246094,205.05999755859375,205.1699981689453,115409
2025-12-08 15:30:00-05:00,205.83999633789062,206.30499267578125,205.63999938964844,205.85000610351562,237603
2025-12-09 09:30:00-05:00,206.02000427246094,206.5800018310547,204.16000366210938,205.0050048828125,217436
2025-12-09 10:30:00-05:00,207.3699951171875,208.8800048828125,205.43499755859375,205.99000549316406,215959
2025-12-09 11:30:00-05:00,207.34500122070312,207.6300048828125,207.0,207.4600067138672,152356
2025-12-09 12:30:00-05:00,208.13510131835938,208.17999267578125,206.74000549316406,207.47999572753906,133016
2025-12-09 13:30:00-05:00,208.3300018310547,208.72999572753906,207.44000244140625,208.18499755859375,126630
2025-12-09 14:30:00-05:00,208.8925018310547,209.3800048828125,208.13999938964844,208.27000427246094,248104
2025-12-09 15:30:00-05:00,209.02999877929688,210.25999450683594,208.74000549316406,208.82000732421875,492827
2025-12-10 09:30:00-05:00,206.91000366210938,209.25,204.94500732421875,208.74000549316406,269317
2025-12-10 10:30:00-05:00,209.42999267578125,210.08999633789062,205.78500366210938,206.83999633789062,234725
2025-12-10 11:30:00-05:00,209.52000427246094,210.05999755859375,208.3000030517578,209.41000366210938,245752
2025-12-10 12:30:00-05:00,210.53500366210938,211.2100067138672,209.42999267578125,209.52000427246094,181975
2025-12-10 13:30:00-05:00,212.47999572753906,213.8090057373047,210.25,210.4499969482422,315213
2025-12-10 14:30:00-05:00,214.47500610351562,215.3000030517578,212.02999877929688,212.64999389648438,422143
2025-12-10 15:30:00-05:00,213.47999572753906,214.64999389648438,212.5399932861328,214.47000122070312,658694
2025-12-11 09:30:00-05:00,207.94900512695312,211.6300048828125,203.25999450683594,211.02000427246094,468554
2025-12-11 10:30:00-05:00,204.5,208.0749969482422,204.39999389648438,207.8800048828125,227098
2025-12-11 11:30:00-05:00,206.08999633789062,207.07000732421875,204.2899932861328,204.69000244140625,224254
2025-12-11 12:30:00-05:00,205.75999450683594,206.88999938964844,205.33999633789062,206.125,210767
2025-12-11 13:30:00-05:00,207.41000366210938,207.83999633789062,205.39999389648438,205.76400756835938,271474
2025-12-11 14:30:00-05:00,207.27000427246094,208.41000366210938,207.0500030517578,207.5399932861328,217911
2025-12-11 15:30:00-05:00,207.88999938964844,208.3300018310547,206.75,207.24000549316406,363320
2025-12-12 09:30:00-05:00,202.72900390625,207.6999969482422,202.3800048828125,207.27999877929688,489379
2025-12-12 10:30:00-05:00,201.9600067138672,204.99000549316406,201.1699981689453,202.72000122070312,245166
2025-12-12 11:30:00-05:00,203.23500061035156,204.83999633789062,199.7100067138672,201.77000427246094,256814
2025-12-12 12:30:00-05:00,204.5500030517578,205.52999877929688,202.47999572753906,203.30499267578125,200772
2025-12-12 13:30:00-05:00,202.0500030517578,204.80499267578125,201.80499267578125,204.5500030517578,183020
2025-12-12 14:30:00-05:00,202.50999450683594,203.07000732421875,201.80999755859375,202.02499389648438,186248
2025-12-12 15:30:00-05:00,202.33799743652344,202.98500061035156,201.9199981689453,202.47000122070312,362164
2025-12-15 09:30:00-05:00,199.25999450683594,203.6199951171875,198.02999877929688,203.10000610351562,338764
2025-12-15 10:30:00-05:00,201.75999450683594,202.22999572753906,198.3249969482422,199.3300018310547,164608
2025-12-15 11:30:00-05:00,201.13999938964844,201.7100067138672,200.0800018310547,201.52999877929688,119494
2025-12-15 12:30:00-05:00,200.08999633789062,201.67999267578125,199.61099243164062,201.2949981689453,138298
2025-12-15 13:30:00-05:00,199.0500030517578,200.95750427246094,199.0500030517578,199.97000122070312,127283
2025-12-15 14:30:00-05:00,197.16000366210938,199.1199951171875,196.86500549316406,199.00100708007812,296881
2025-12-15 15:30:00-05:00,196.6999969482422,197.17999267578125,196.4499969482422,197.0800018310547,480877
2025-12-16 09:30:00-05:00,196.80999755859375,198.49000549316406,194.14999389648438,195.0500030517578,367590
2025-12-16 10:30:00-05:00,197.50999450683594,198.3300018310547,195.8699951171875,197.0,210740
2025-12-16 11:30:00-05:00,196.2100067138672,198.11749267578125,196.1699981689453,197.3800048828125,180775
2025-12-16 12:30:00-05:00,195.5050048828125,196.82000732421875,195.13999938964844,196.1999969482422,167281
2025-12-16 13:30:00-05:00,196.5500030517578,197.8542022705078,195.50999450683594,195.50999450683594,187360
2025-12-16 14:30:00-05:00,197.38999938964844,197.781005859375,196.41000366210938,196.60000610351562,194952
2025-12-16 15:30:00-05:00,197.44000244140625,198.39500427246094,197.30499267578125,197.36000061035156,462297
2025-12-17 09:30:00-05:00,197.5500030517578,198.8000030517578,195.8300018310547,198.8000030517578,303629
2025-12-17 10:30:00-05:00,195.02000427246094,197.58999633789062,193.99000549316406,197.30999755859375,243203
2025-12-17 11:30:00-05:00,195.3300018310547,195.60000610351562,193.9049072265625,194.94000244140625,129285
2025-12-17 12:30:00-05:00,193.83999633789062,195.82000732421875,193.83999633789062,195.4600067138672,130148
2025-12-17 13:30:00-05:00,192.6699981689453,193.94000244140625,192.1999969482422,193.94000244140625,201779
2025-12-17 14:30:00-05:00,191.95249938964844,193.53990173339844,191.83009338378906,192.64999389648438,306442
2025-12-17 15:30:00-05:00,191.39500427246094,192.2899932861328,191.0800018310547,191.9149932861328,447388
2025-12-18 09:30:00-05:00,195.8800048828125,196.35000610351562,193.8000030517578,194.75999450683594,324268
2025-12-18 10:30:00-05:00,195.36000061035156,196.27999877929688,195.19000244140625,195.89999389648438,180680
2025-12-18 11:30:00-05:00,194.45359802246094,196.0,193.83999633789062,195.5399932861328,144716
2025-12-18 12:30:00-05:00,195.30999755859375,195.63999938964844,194.6300048828125,194.6300048828125,100875
2025-12-18 13:30:00-05:00,194.5,195.3699951171875,193.97999572753906,195.35000610351562,114188
2025-12-18 14:30:00-05:00,193.88999938964844,194.6199951171875,193.19000244140625,194.5,171431
2025-12-18 15:30:00-05:00,193.8000030517578,193.97999572753906,193.2100067138672,193.9499969482422,361841
2025-12-19 09:30:00-05:00,194.89999389648438,195.75,193.30999755859375,194.5,443593
2025-12-19 10:30:00-05:00,196.02499389648438,196.17999267578125,194.16000366210938,194.8000030517578,286336
2025-12-19 11:30:00-05:00,196.34500122070312,196.90499877929688,195.82000732421875,196.0,377823
2025-12-19 12:30:00-05:00,197.28500366210938,197.50999450683594,195.60000610351562,196.27000427246094,351733
2025-12-19 13:30:00-05:00,196.72000122070312,197.3498992919922,196.4600067138672,197.3000030517578,210052
2025-12-19 14:30:00-05:00,196.5749969482422,196.96499633789062,195.74009704589844,196.75,252027
2025-12-19 15:30:00-05:00,195.6999969482422,196.7949981689453,195.3699951171875,196.68499755859375,600484
2025-12-22 09:30:00-05:00,202.25999450683594,203.6999969482422,197.5,198.60000610351562,595125
2025-12-22 10:30:00-05:00,203.2100067138672,203.49000549316406,201.41000366210938,202.5,329314
2025-12-22 11:30:00-05:00,201.94000244140625,203.11500549316406,201.39999389648438,203.07000732421875,218132
2025-12-22 12:30:00-05:00,201.51800537109375,201.9691925048828,200.1999969482422,201.9691925048828,218222
2025-12-22 13:30:00-05:00,201.39999389648438,201.55999755859375,200.52000427246094,201.55999755859375,110232
2025-12-22 14:30:00-05:00,202.22999572753906,202.3699951171875,201.22999572753906,201.33999633789062,184425
2025-12-22 15:30:00-05:00,202.1300048828125,202.3699951171875,201.0,202.35499572753906,364940
2025-12-23 09:30:00-05:00,199.17999267578125,202.0,197.0,200.9199981689453,230523
2025-12-23 10:30:00-05:00,199.63999938964844,200.39500427246094,199.16000366210938,199.30999755859375,117661
2025-12-23 11:30:00-05:00,200.77499389648438,201.4499969482422,199.5,199.6699981689453,134344
2025-12-23 12:30:00-05:00,200.80499267578125,201.3000030517578,200.52059936523438,200.91000366210938,127141
2025-12-23 13:30:00-05:00,201.69500732421875,202.2949981689453,200.83999633789062,200.94000244140625,188577
2025-12-23 14:30:00-05:00,202.5449981689453,202.69000244140625,201.6999969482422,201.74000549316406,143369
2025-12-23 15:30:00-05:00,201.9499969482422,203.14999389648438,201.92999267578125,202.49000549316406,296859
2025-12-24 09:30:00-05:00,200.86000061035156,202.0800018310547,198.7899932861328,200.60000610351562,151215
2025-12-24 10:30:00-05:00,202.69639587402344,202.92990112304688,201.07000732421875,201.0800018310547,207973
2025-12-24 11:30:00-05:00,202.4600067138672,203.25,202.0,202.72999572753906,140417
2025-12-26 09:30:00-05:00,202.80999755859375,203.3300018310547,200.30999755859375,202.1699981689453,181370
2025-12-26 10:30:00-05:00,202.82000732421875,203.39999389648438,201.97000122070312,202.42999267578125,119580
2025-12-26 11:30:00-05:00,202.86000061035156,203.2100067138672,202.49000549316406,202.86000061035156,106923
2025-12-26 12:30:00-05:00,202.64999389648438,203.11000061035156,202.0301055908203,202.97999572753906,46576
2025-12-26 13:30:00-05:00,202.7949981689453,202.92999267578125,202.30999755859375,202.55499267578125,57166
2025-12-26 14:30:00-05:00,202.5399932861328,202.9600067138672,202.42999267578125,202.7949981689453,132647
2025-12-26 15:30:00-05:00,202.2899932861328,202.69000244140625,201.89999389648438,202.5,278618
2025-12-29 09:30:00-05:00,200.6300048828125,202.76499938964844,199.0,199.97999572753906,233983
2025-12-29 10:30:00-05:00,201.27000427246094,201.4199981689453,200.41000366210938,200.5301055908203,247429
2025-12-29 11:30:00-05:00,200.60000610351562,201.52999877929688,200.2949981689453,201.3300018310547,130195
2025-12-29 12:30:00-05:00,200.65159606933594,201.16990661621094,200.47000122070312,200.72500610351562,63490
2025-12-29 13:30:00-05:00,200.38999938964844,201.1300048828125,199.94000244140625,200.7100067138672,77256
2025-12-29 14:30:00-05:00,201.02000427246094,201.14999389648438,200.25999450683594,200.35000610351562,159979
2025-12-29 15:30:00-05:00,200.63999938964844,201.25999450683594,200.4600067138672,200.97000122070312,182202
2025-12-30 09:30:00-05:00,199.8000030517578,200.9600067138672,199.0,199.17999267578125,132309
2025-12-30 10:30:00-05:00,201.28500366210938,201.3800048828125,199.5,199.76080322265625,81268
2025-12-30 11:30:00-05:00,200.0,201.24000549316406,199.75,201.1300048828125,52117
2025-12-30 12:30:00-05:00,200.30499267578125,200.38999938964844,199.9199981689453,200.0,73698
2025-12-30 13:30:00-05:00,200.82000732421875,200.94000244140625,199.80999755859375,200.38999938964844,63831
2025-12-30 14:30:00-05:00,200.32000732421875,201.20989990234375,200.1199951171875,200.77000427246094,68279
2025-12-30 15:30:00-05:00,199.5800018310547,200.5,199.5800018310547,200.32000732421875,134846
2025-12-31 09:30:00-05:00,200.69000244140625,201.1999969482422,198.75,200.25,144472
2025-12-31 10:30:00-05:00,199.5800018310547,200.91000366210938,198.80999755859375,200.66799926757812,98273
2025-12-31 11:30:00-05:00,199.80999755859375,199.92999267578125,199.16000366210938,199.42999267578125,63137
2025-12-31 12:30:00-05:00,199.16000366210938,200.14999389648438,199.0,199.77000427246094,142520
2025-12-31 13:30:00-05:00,198.6199951171875,199.30999755859375,198.5850067138672,199.17999267578125,77701
2025-12-31 14:30:00-05:00,197.75,199.2899932861328,197.60000610351562,198.61500549316406,152234
2025-12-31 15:30:00-05:00,197.10000610351562,198.0500030517578,196.93499755859375,197.6699981689453,267861
2026-01-02 09:30:00-05:00,194.99000549316406,200.3000030517578,194.3699951171875,198.89999389648438,268165
2026-01-02 10:30:00-05:00,195.72740173339844,196.50999450683594,193.13999938964844,194.98500061035156,256729
2026-01-02 11:30:00-05:00,194.67999267578125,195.72999572753906,193.80999755859375,195.36000061035156,124224
2026-01-02 12:30:00-05:00,194.0,195.13999938964844,193.86000061035156,194.69500732421875,160402
2026-01-02 13:30:00-05:00,196.47999572753906,196.49000549316406,193.77000427246094,194.0800018310547,170022
2026-01-02 14:30:00-05:00,196.64999389648438,196.99000549316406,195.80999755859375,196.47999572753906,165944
2026-01-02 15:30:00-05:00,196.0500030517578,196.77499389648438,195.63999938964844,196.5,316838
2026-01-05 09:30:00-05:00,203.00999450683594,203.85000610351562,194.94000244140625,195.63999938964844,424430
2026-01-05 10:30:00-05:00,202.47000122070312,205.1999969482422,202.42999267578125,202.99000549316406,331695
2026-01-05 11:30:00-05:00,200.7899932861328,202.66000366210938,200.57000732421875,202.46499633789062,216292
2026-01-05 12:30:00-05:00,199.41000366210938,200.97000122070312,198.8000946044922,200.60000610351562,167712
2026-01-05 13:30:00-05:00,198.89999389648438,199.7949981689453,198.77999877929688,199.4499969482422,159425
2026-01-05 14:30:00-05:00,198.5399932861328,199.30999755859375,198.22000122070312,198.89999389648438,194836
2026-01-05 15:30:00-05:00,197.75999450683594,199.27000427246094,197.67999267578125,198.4499969482422,423358
2026-01-06 09:30:00-05:00,193.35000610351562,198.82000732421875,191.77000427246094,198.82000732421875,361809
2026-01-06 10:30:00-05:00,192.9149932861328,194.02999877929688,192.3101043701172,193.25,258517
2026-01-06 11:30:00-05:00,192.32000732421875,193.5500030517578,191.6501007080078,192.3800048828125,216795
2026-01-06 12:30:00-05:00,195.2899932861328,195.5399932861328,191.84010314941406,191.99000549316406,217685
2026-01-06 13:30:00-05:00,196.0,196.2899932861328,194.9499969482422,195.30499267578125,345718
2026-01-06 14:30:00-05:00,197.32000732421875,197.63999938964844,195.92999267578125,196.00999450683594,242922
2026-01-06 15:30:00-05:00,197.9600067138672,198.0,196.69000244140625,197.2100067138672,265039
2026-01-07 09:30:00-05:00,198.9949951171875,201.7646026611328,197.77000427246094,199.9949951171875,301554
2026-01-07 10:30:00-05:00,200.1999969482422,200.77999877929688,199.0,199.0,339015
2026-01-07 11:30:00-05:00,203.75999450683594,204.0,200.1199951171875,200.22000122070312,216523
2026-01-07 12:30:00-05:00,204.14999389648438,204.61990356445312,203.4499969482422,203.875,141953
2026-01-07 13:30:00-05:00,202.68600463867188,204.60989379882812,202.50010681152344,204.22500610351562,141352
2026-01-07 14:30:00-05:00,203.10000610351562,203.85989379882812,202.52000427246094,202.8000030517578,325645
2026-01-07 15:30:00-05:00,202.8699951171875,203.3699951171875,202.5,203.05999755859375,350220
2026-01-08 09:30:00-05:00,190.7550048828125,201.89999389648438,189.74000549316406,201.7100067138672,674326
2026-01-08 10:30:00-05:00,189.0,191.83999633789062,188.89999389648438,190.6699981689453,428857
2026-01-08 11:30:00-05:00,187.02999877929688,189.19000244140625,185.80999755859375,188.8800048828125,712149
2026-01-08 12:30:00-05:00,188.03500366210938,188.83999633789062,186.9058074951172,187.02999877929688,401818
2026-01-08 13:30:00-05:00,188.01010131835938,189.0399932861328,187.39999389648438,188.17999267578125,344627
2026-01-08 14:30:00-05:00,188.42999267578125,188.7949981689453,186.58999633789062,188.1199951171875,354680
2026-01-08 15:30:00-05:00,186.94000244140625,189.86900329589844,186.8000030517578,188.60499572753906,660101
2026-01-09 09:30:00-05:00,186.46499633789062,188.2949981689453,183.6199951171875,186.00999450683594,409480
2026-01-09 10:30:00-05:00,184.375,186.66990661621094,184.0,186.44000244140625,277780
2026-01-09 11:30:00-05:00,184.02000427246094,185.41000366210938,183.75,184.375,200392
2026-01-09 12:30:00-05:00,183.82000732421875,184.3300018310547,183.14999389648438,184.1750030517578,207334
2026-01-09 13:30:00-05:00,184.53500366210938,184.60000610351562,183.5,183.8350067138672,246596
2026-01-09 14:30:00-05:00,183.6750030517578,184.5449981689453,183.39999389648438,184.53500366210938,296187
2026-01-09 15:30:00-05:00,182.72999572753906,184.0,182.42999267578125,183.60000610351562,662382
2026-01-12 09:30:00-05:00,183.52000427246094,184.50999450683594,180.2301025390625,181.0,489637
2026-01-12 10:30:00-05:00,184.02499389648438,185.0,182.75,183.3699951171875,260679
2026-01-12 11:30:00-05:00,183.97999572753906,184.52000427246094,183.55499267578125,184.17999267578125,160136
2026-01-12 12:30:00-05:00,185.38999938964844,185.63999938964844,183.8448486328125,183.8448486328125,129214
2026-01-12 13:30:00-05:00,185.97500610351562,186.1199951171875,184.91000366210938,185.33999633789062,145702
2026-01-12 14:30:00-05:00,186.5399932861328,187.5,185.89999389648438,185.9600067138672,320818
2026-01-12 15:30:00-05:00,186.5500030517578,187.55999755859375,185.89999389648438,186.44000244140625,573500
2026-01-13 09:30:00-05:00,186.3699951171875,189.73899841308594,185.64999389648438,187.17999267578125,425465
2026-01-13 10:30:00-05:00,185.8699951171875,187.22999572753906,185.35000610351562,186.39999389648438,286615
2026-01-13 11:30:00-05:00,186.89999389648438,187.91000366210938,185.875,186.1300048828125,207491
2026-01-13 12:30:00-05:00,187.35499572753906,187.64999389648438,186.10000610351562,186.97000122070312,130462
2026-01-13 13:30:00-05:00,187.89999389648438,188.0800018310547,186.6699981689453,187.13999938964844,211340
2026-01-13 14:30:00-05:00,188.802001953125,189.2100067138672,187.7949981689453,187.88999938964844,204984
2026-01-13 15:30:00-05:00,188.7100067138672,189.47000122070312,187.8800048828125,188.69000244140625,448951
2026-01-14 09:30:00-05:00,190.30499267578125,192.75999450683594,186.55999755859375,187.80999755859375,421769
2026-01-14 10:30:00-05:00,188.58999633789062,190.5,185.27999877929688,190.0050048828125,299734
2026-01-14 11:30:00-05:00,187.8000030517578,188.58999633789062,186.99000549316406,188.58999633789062,254506
2026-01-14 12:30:00-05:00,188.4600067138672,188.6199951171875,186.97500610351562,187.8000030517578,423869
2026-01-14 13:30:00-05:00,188.3800048828125,190.11000061035156,187.80999755859375,188.4600067138672,302949
2026-01-14 14:30:00-05:00,187.25,188.56500244140625,185.7899932861328,188.56500244140625,239512
2026-01-14 15:30:00-05:00,188.25999450683594,188.5399932861328,186.11000061035156,187.1699981689453,638459
2026-01-15 09:30:00-05:00,187.72000122070312,191.7899932861328,187.14999389648438,190.00999450683594,616500
2026-01-15 10:30:00-05:00,186.36000061035156,188.4947052001953,186.22000122070312,187.71499633789062,250641
2026-01-15 11:30:00-05:00,187.2100067138672,187.63999938964844,186.32009887695312,186.3300018310547,194976
2026-01-15 12:30:00-05:00,188.0399932861328,188.4600067138672,186.74000549316406,187.2100067138672,184372
2026-01-15 13:30:00-05:00,186.4600067138672,188.8000030517578,186.1199951171875,188.10000610351562,262442
2026-01-15 14:30:00-05:00,184.9600067138672,186.5,184.1750030517578,186.5,394577
2026-01-15 15:30:00-05:00,184.1999969482422,185.2899932861328,184.10000610351562,184.97999572753906,492712
2026-01-16 09:30:00-05:00,185.22500610351562,185.36099243164062,181.35000610351562,184.49000549316406,301626
2026-01-16 10:30:00-05:00,187.4600067138672,187.4600067138672,184.52499389648438,185.2104949951172,192075
2026-01-16 11:30:00-05:00,186.9250030517578,188.4600067138672,186.5399932861328,187.34500122070312,296015
2026-01-16 12:30:00-05:00,186.65499877929688,187.66799926757812,186.27999877929688,186.9250030517578,175974
2026-01-16 13:30:00-05:00,185.89500427246094,186.7624969482422,185.72500610351562,186.66000366210938,133660
2026-01-16 14:30:00-05:00,185.36500549316406,186.7100067138672,185.3000030517578,185.8800048828125,233296
2026-01-16 15:30:00-05:00,184.08999633789062,185.33999633789062,184.08999633789062,185.2899932861328,390386
2026-01-20 09:30:00-05:00,180.6999969482422,183.60000610351562,177.0,177.75,667939
2026-01-20 10:30:00-05:00,180.25999450683594,182.11500549316406,179.52000427246094,180.58999633789062,298066
2026-01-20 11:30:00-05:00,178.8000030517578,180.9199981689453,178.4499969482422,180.22000122070312,368990
2026-01-20 12:30:00-05:00,176.44000244140625,178.80999755859375,176.41000366210938,178.7899932861328,365114
2026-01-20 13:30:00-05:00,176.9600067138672,177.8125,176.25999450683594,176.51260375976562,430403
2026-01-20 14:30:00-05:00,176.7899932861328,177.139892578125,175.25,176.99000549316406,448041
2026-01-20 15:30:00-05:00,177.2899932861328,178.64999389648438,176.61000061035156,176.82000732421875,682382
2026-01-21 09:30:00-05:00,177.0,178.38999938964844,173.10000610351562,177.1699981689453,530922
2026-01-21 10:30:00-05:00,176.60000610351562,178.4499969482422,175.97000122070312,177.0,307269
2026-01-21 11:30:00-05:00,172.33999633789062,176.4600067138672,171.16000366210938,176.4600067138672,573681
2026-01-21 12:30:00-05:00,170.80499267578125,172.74000549316406,170.42999267578125,172.1699981689453,563960
2026-01-21 13:30:00-05:00,172.44000244140625,172.64999389648438,169.4499969482422,171.5399932861328,896112
2026-01-21 14:30:00-05:00,171.59500122070312,173.32000732421875,171.42999267578125,172.32000732421875,686136
2026-01-21 15:30:00-05:00,169.94000244140625,171.75,169.80999755859375,171.44000244140625,1035907
2026-01-22 09:30:00-05:00,169.55999755859375,175.55499267578125,168.94000244140625,173.36000061035156,678547
2026-01-22 10:30:00-05:00,170.28500366210938,170.69000244140625,169.14999389648438,169.64999389648438,388466
2026-01-22 11:30:00-05:00,170.66000366210938,171.1199951171875,169.60000610351562,170.3800048828125,351441
2026-01-22 12:30:00-05:00,171.36000061035156,172.1300048828125,170.0800018310547,170.66000366210938,643259
2026-01-22 13:30:00-05:00,172.4149932861328,172.86000061035156,171.36500549316406,171.36500549316406,302958
2026-01-22 14:30:00-05:00,172.60000610351562,173.8699951171875,172.36000061035156,172.5,547487
2026-01-22 15:30:00-05:00,173.1300048828125,173.6999969482422,172.39999389648438,172.60000610351562,839287
2026-01-23 09:30:00-05:00,177.25999450683594,178.11000061035156,172.32000732421875,174.9600067138672,1023852
2026-01-23 10:30:00-05:00,176.22500610351562,178.6699981689453,176.02999877929688,177.17999267578125,384059
2026-01-23 11:30:00-05:00,176.50999450683594,177.24000549316406,176.1199951171875,176.3300018310547,312327
2026-01-23 12:30:00-05:00,174.91000366210938,177.52000427246094,174.02999877929688,176.50999450683594,489993
2026-01-23 13:30:00-05:00,174.80999755859375,175.36000061035156,174.22999572753906,174.91000366210938,292014
2026-01-23 14:30:00-05:00,172.82000732421875,174.81500244140625,172.7100067138672,174.80999755859375,412353
2026-01-23 15:30:00-05:00,173.3800048828125,173.52000427246094,172.61000061035156,172.72000122070312,498489
2026-01-26 09:30:00-05:00,190.6909942626953,193.69000244140625,183.64999389648438,184.89500427246094,2645395
2026-01-26 10:30:00-05:00,190.22999572753906,191.3000030517578,188.02000427246094,190.47999572753906,674542
2026-01-26 11:30:00-05:00,192.0500030517578,192.4499969482422,190.02000427246094,190.27499389648438,754413
2026-01-26 12:30:00-05:00,192.16000366210938,193.14999389648438,191.09010314941406,192.05499267578125,427327
2026-01-26 13:30:00-05:00,191.85989379882812,192.63999938964844,191.3699951171875,192.17820739746094,535796
2026-01-26 14:30:00-05:00,193.30499267578125,194.88999938964844,191.71499633789062,191.76022338867188,1042201
2026-01-26 15:30:00-05:00,189.36000061035156,193.19000244140625,188.9199981689453,193.10000610351562,1259015
2026-01-27 09:30:00-05:00,216.3780975341797,218.22000122070312,210.02000427246094,212.02499389648438,5451910
2026-01-27 10:30:00-05:00,214.7100067138672,218.0,213.8000030517578,216.22999572753906,1378137
2026-01-27 11:30:00-05:00,211.19000244140625,217.0800018310547,210.58999633789062,214.74000549316406,1251638
2026-01-27 12:30:00-05:00,208.625,211.91000366210938,207.7899932861328,211.0,1119523
2026-01-27 13:30:00-05:00,210.97999572753906,211.8800048828125,208.0800018310547,208.5,595713
2026-01-27 14:30:00-05:00,209.91000366210938,211.33999633789062,209.83999633789062,210.97999572753906,599582
2026-01-27 15:30:00-05:00,206.11000061035156,209.83999633789062,205.1999969482422,209.83999633789062,1409638
2026-01-28 09:30:00-05:00,195.7050018310547,206.22500610351562,195.27000427246094,206.0,1786779
2026-01-28 10:30:00-05:00,193.14500427246094,196.4199981689453,192.6199951171875,195.7050018310547,1084969
2026-01-28 11:30:00-05:00,191.16000366210938,193.55999755859375,190.77499389648438,193.14500427246094,854511
2026-01-28 12:30:00-05:00,187.4875030517578,191.24000549316406,187.28500366210938,191.23500061035156,604361
2026-01-28 13:30:00-05:00,184.76499938964844,188.1999969482422,183.91009521484375,187.375,1586061
2026-01-28 14:30:00-05:00,185.91000366210938,187.49000549316406,184.0,184.60000610351562,1332783
2026-01-28 15:30:00-05:00,184.7899932861328,186.50999450683594,183.9149932861328,185.8000030517578,1253056
2026-01-29 09:30:00-05:00,175.3699951171875,187.0,175.07000732421875,186.27000427246094,1913184
2026-01-29 10:30:00-05:00,178.75999450683594,180.44000244140625,175.36000061035156,175.36000061035156,1192124
2026-01-29 11:30:00-05:00,180.69009399414062,182.0500030517578,178.0,178.8000030517578,653465
2026-01-29 12:30:00-05:00,180.77999877929688,181.00999450683594,178.5399932861328,180.7899932861328,358543
2026-01-29 13:30:00-05:00,179.1699981689453,180.77999877929688,178.5399932861328,180.6999969482422,400007
2026-01-29 14:30:00-05:00,179.35000610351562,180.3498992919922,178.0500946044922,179.1300048828125,441800
2026-01-29 15:30:00-05:00,180.33999633789062,180.97999572753906,178.52000427246094,179.45799255371094,760385
2026-01-30 09:30:00-05:00,178.25999450683594,181.24000549316406,178.00999450683594,179.58999633789062,671513
2026-02-02 13:30:00-05:00,182.58999633789062,184.44000244140625,182.58999633789062,184.10000610351562,1880056
2026-02-02 14:30:00-05:00,181.3300018310547,183.7899932861328,180.59500122070312,182.60000610351562,590402
2026-02-02 15:30:00-05:00,182.5399932861328,182.64999389648438,181.13999938964844,181.25999450683594,810486
2026-02-03 09:30:00-05:00,168.33999633789062,181.6649932861328,167.33999633789062,181.6649932861328,1730781
2026-02-03 10:30:00-05:00,166.58999633789062,170.42999267578125,166.47999572753906,168.55990600585938,1238877
2026-02-03 11:30:00-05:00,164.7100067138672,167.05999755859375,164.5399932861328,166.6750030517578,943405
2026-02-03 12:30:00-05:00,166.67999267578125,167.22000122070312,163.91000366210938,164.84500122070312,675232
2026-02-03 13:30:00-05:00,167.3300018310547,167.9199981689453,166.00999450683594,166.94000244140625,565321
2026-02-03 14:30:00-05:00,168.89999389648438,169.1300048828125,166.67999267578125,167.25,719465
2026-02-03 15:30:00-05:00,170.42999267578125,170.75,168.8300018310547,168.9600067138672,1396128
2026-02-04 09:30:00-05:00,172.07000732421875,174.86000061035156,167.5778045654297,172.61000061035156,1658563
2026-02-04 10:30:00-05:00,169.75999450683594,175.77999877929688,167.5800018310547,172.02000427246094,1016914
2026-02-04 11:30:00-05:00,164.55169677734375,169.97000122070312,164.39999389648438,169.8300018310547,687598
2026-02-04 12:30:00-05:00,164.77999877929688,164.8300018310547,162.22030639648438,164.4499969482422,948576
2026-02-04 13:30:00-05:00,164.97999572753906,165.39999389648438,162.8800048828125,164.67999267578125,657460
2026-02-04 14:30:00-05:00,165.74000549316406,168.11000061035156,164.75999450683594,165.04010009765625,893001
2026-02-04 15:30:00-05:00,166.75,167.22999572753906,165.32000732421875,165.61000061035156,1029345
2026-02-05 09:30:00-05:00,165.7050018310547,172.5800018310547,164.00999450683594,165.8249969482422,1181192
2026-02-05 10:30:00-05:00,165.88499450683594,167.5800018310547,163.375,165.7050018310547,1289786
2026-02-05 11:30:00-05:00,168.0175018310547,168.35000610351562,165.64999389648438,165.88499450683594,506810
2026-02-05 12:30:00-05:00,166.360107421875,169.32000732421875,165.02000427246094,167.9770050048828,582511
2026-02-05 13:30:00-05:00,164.86500549316406,166.77999877929688,164.4499969482422,166.36000061035156,607021
2026-02-05 14:30:00-05:00,162.5800018310547,164.7100067138672,162.5,164.7100067138672,474334
2026-02-05 15:30:00-05:00,162.89999389648438,163.24000549316406,162.00999450683594,162.60009765625,900256
2026-02-06 09:30:00-05:00,163.93499755859375,167.8000030517578,160.35000610351562,167.3175048828125,807665
2026-02-06 10:30:00-05:00,167.10000610351562,167.10000610351562,162.8699951171875,164.13999938964844,488100
2026-02-06 11:30:00-05:00,168.42999267578125,168.5399932861328,167.02999877929688,167.10000610351562,508460
2026-02-06 12:30:00-05:00,169.47000122070312,169.66000366210938,168.25999450683594,168.39500427246094,316258
2026-02-06 13:30:00-05:00,171.44000244140625,171.5,169.27999877929688,169.6699981689453,463544
2026-02-06 14:30:00-05:00,172.36000061035156,172.75,171.0601043701172,171.35000610351562,788477
2026-02-06 15:30:00-05:00,173.24000549316406,173.66000366210938,171.5800018310547,172.36000061035156,1227631
2026-02-09 09:30:00-05:00,173.10000610351562,175.75999450683594,169.02000427246094,173.17999267578125,810832
2026-02-09 10:30:00-05:00,174.30999755859375,175.42999267578125,172.25999450683594,173.05999755859375,701623
2026-02-09 11:30:00-05:00,172.625,174.44000244140625,172.25999450683594,174.3800048828125,438306
2026-02-09 12:30:00-05:00,171.9550018310547,174.6300048828125,171.4600067138672,172.625,544918
2026-02-09 13:30:00-05:00,173.8905029296875,173.97999572753906,171.66000366210938,172.11500549316406,450189
2026-02-09 14:30:00-05:00,172.9600067138672,174.50999450683594,172.69000244140625,174.0,419858
2026-02-09 15:30:00-05:00,173.8000030517578,174.35000610351562,173.125,173.1300048828125,754980
2026-02-10 09:30:00-05:00,179.8000030517578,182.0,174.88999938964844,179.1999969482422,2303775
2026-02-10 10:30:00-05:00,179.77000427246094,181.82000732421875,179.21499633789062,179.5800018310547,1226739
2026-02-10 11:30:00-05:00,181.68499755859375,181.9698944091797,178.60000610351562,179.77999877929688,584544
2026-02-10 12:30:00-05:00,180.8699951171875,182.8699951171875,180.75999450683594,181.72000122070312,737307
2026-02-10 13:30:00-05:00,182.13999938964844,182.30999755859375,180.72999572753906,180.8699951171875,613207
2026-02-10 14:30:00-05:00,181.61000061035156,184.10960388183594,181.20010375976562,182.14999389648438,1195710
2026-02-10 15:30:00-05:00,180.38999938964844,182.42999267578125,179.80999755859375,181.58999633789062,1745761
2026-02-11 09:30:00-05:00,196.97000122070312,203.6199951171875,193.35000610351562,203.0500030517578,6313001
2026-02-11 10:30:00-05:00,192.02000427246094,202.49000549316406,191.5399932861328,197.22999572753906,1907215
2026-02-11 11:30:00-05:00,187.35000610351562,192.07000732421875,185.72999572753906,192.0,1729463
2026-02-11 12:30:00-05:00,188.57000732421875,189.78990173339844,186.7899932861328,187.5800018310547,816291
2026-02-11 13:30:00-05:00,191.2899932861328,191.85000610351562,186.58999633789062,188.3350067138672,1114645
2026-02-11 14:30:00-05:00,188.77499389648438,191.60989379882812,188.14999389648438,191.2100067138672,1117152
2026-02-11 15:30:00-05:00,189.46499633789062,189.8699951171875,186.52000427246094,188.77499389648438,2006691
2026-02-12 09:30:00-05:00,190.05999755859375,200.5,188.64999389648438,191.0,2049980
2026-02-12 10:30:00-05:00,186.6649932861328,191.6999969482422,186.1999969482422,190.0749969482422,1322509
2026-02-12 11:30:00-05:00,183.9199981689453,187.6699981689453,183.0,186.6649932861328,1103421
2026-02-12 12:30:00-05:00,182.63999938964844,184.9698944091797,181.47000122070312,184.00999450683594,663101
2026-02-12 13:30:00-05:00,184.50999450683594,185.2664031982422,181.49000549316406,182.6750030517578,590718
2026-02-12 14:30:00-05:00,183.24000549316406,186.41990661621094,183.15499877929688,184.5,516947
2026-02-12 15:30:00-05:00,185.11000061035156,185.86000061035156,183.14010620117188,183.38499450683594,737801
2026-02-13 09:30:00-05:00,190.55499267578125,194.0500030517578,184.4499969482422,186.6199951171875,1053639
2026-02-13 10:30:00-05:00,189.52999877929688,191.47999572753906,186.00999450683594,190.57000732421875,664945
2026-02-13 11:30:00-05:00,191.64999389648438,192.32000732421875,189.38499450683594,189.86000061035156,446656
2026-02-13 12:30:00-05:00,194.02499389648438,196.17999267578125,191.5800018310547,191.74000549316406,706691
2026-02-13 13:30:00-05:00,197.5,198.375,193.89999389648438,194.02000427246094,1085521
2026-02-13 14:30:00-05:00,195.61000061035156,198.8699951171875,195.50999450683594,197.36500549316406,937562
2026-02-13 15:30:00-05:00,195.91000366210938,196.25999450683594,194.22999572753906,195.75,1014738
2026-02-17 09:30:00-05:00,190.97000122070312,201.6613006591797,190.30999755859375,195.0,2136364
2026-02-17 10:30:00-05:00,192.57000732421875,193.32000732421875,189.5,191.02999877929688,689784
2026-02-17 11:30:00-05:00,192.35499572753906,194.5500030517578,190.89999389648438,192.50999450683594,456349
2026-02-17 12:30:00-05:00,191.5,192.55999755859375,189.5399932861328,192.44000244140625,369198
2026-02-17 13:30:00-05:00,190.8300018310547,193.6300048828125,190.61000061035156,191.57000732421875,426693
2026-02-17 14:30:00-05:00,192.14999389648438,192.91000366210938,190.99000549316406,190.99000549316406,445129
2026-02-17 15:30:00-05:00,193.74000549316406,194.0399932861328,191.8800048828125,192.10000610351562,739762
2026-02-18 09:30:00-05:00,190.52999877929688,193.13999938964844,185.2100067138672,192.60000610351562,873756
2026-02-18 10:30:00-05:00,191.77679443359375,192.50999450683594,189.89999389648438,190.74000549316406,657203
2026-02-18 11:30:00-05:00,193.3699951171875,194.35000610351562,191.7100067138672,191.7100067138672,272697
2026-02-18 12:30:00-05:00,193.4199981689453,193.92999267578125,192.22999572753906,193.3699951171875,158454
2026-02-18 13:30:00-05:00,191.71499633789062,193.67999267578125,191.60000610351562,193.52999877929688,301932
2026-02-18 14:30:00-05:00,190.58999633789062,192.25999450683594,190.57589721679688,191.86000061035156,259441
2026-02-18 15:30:00-05:00,191.47000122070312,193.17999267578125,190.44000244140625,190.5800018310547,593993
2026-02-19 09:30:00-05:00,190.49000549316406,191.47999572753906,183.3300018310547,188.8300018310547,952726
2026-02-19 10:30:00-05:00,192.38999938964844,193.6699981689453,189.6699981689453,190.33999633789062,395596
2026-02-19 11:30:00-05:00,191.8800048828125,192.7050018310547,191.02000427246094,192.49000549316406,228380
2026-02-19 12:30:00-05:00,192.28500366210938,192.76499938964844,191.33999633789062,191.63999938964844,156219
2026-02-19 13:30:00-05:00,191.6750030517578,193.0,191.25999450683594,192.28500366210938,232493
2026-02-19 14:30:00-05:00,191.97999572753906,193.0,191.26499938964844,191.5399932861328,168964
2026-02-19 15:30:00-05:00,192.86000061035156,192.88999938964844,191.8800048828125,191.8800048828125,429625
2026-02-20 09:30:00-05:00,191.41000366210938,195.19000244140625,189.99000549316406,190.61000061035156,770247
2026-02-20 10:30:00-05:00,190.74000549316406,193.3007049560547,190.2200927734375,191.75,466918
2026-02-20 11:30:00-05:00,190.69000244140625,191.94000244140625,190.33999633789062,190.74000549316406,485972
2026-02-20 12:30:00-05:00,181.2449951171875,191.49000549316406,180.21299743652344,190.75,1144918
2026-02-20 13:30:00-05:00,180.61000061035156,186.3000030517578,180.3800048828125,181.2449951171875,1169999
2026-02-20 14:30:00-05:00,178.2949981689453,181.3498992919922,178.0399932861328,180.52999877929688,836340
2026-02-20 15:30:00-05:00,177.19000244140625,179.0800018310547,176.70919799804688,178.33999633789062,1058836
2026-02-23 09:30:00-05:00,169.63999938964844,176.73500061035156,169.4499969482422,174.83999633789062,2095117
2026-02-23 10:30:00-05:00,165.89500427246094,169.8000030517578,164.1199951171875,169.60499572753906,1398059
2026-02-23 11:30:00-05:00,162.44500732421875,166.0,161.24000549316406,165.5,953110
2026-02-23 12:30:00-05:00,161.4600067138672,162.4149932861328,160.9250030517578,162.3000030517578,691289
2026-02-23 13:30:00-05:00,159.89999389648438,161.6999969482422,159.15289306640625,161.36000061035156,815197
2026-02-23 14:30:00-05:00,159.88999938964844,161.9600067138672,159.25010681152344,159.86000061035156,712479
2026-02-23 15:30:00-05:00,160.16000366210938,160.61329650878906,158.8300018310547,159.8800048828125,1297897
2026-02-24 09:30:00-05:00,165.85499572753906,165.8699951171875,159.1300048828125,159.5,1253050
2026-02-24 10:30:00-05:00,164.375,167.05999755859375,163.1699981689453,165.85499572753906,627156
2026-02-24 11:30:00-05:00,166.0500030517578,167.24000549316406,163.57000732421875,164.375,478257
2026-02-24 12:30:00-05:00,164.22000122070312,166.6313018798828,163.82000732421875,166.23899841308594,351329
2026-02-24 13:30:00-05:00,164.3699951171875,165.52740478515625,164.14999389648438,164.22999572753906,313236
2026-02-24 14:30:00-05:00,163.78500366210938,165.031005859375,163.61000061035156,164.41000366210938,583743
2026-02-24 15:30:00-05:00,163.91000366210938,164.5399932861328,163.14500427246094,163.78500366210938,834507
2026-02-25 09:30:00-05:00,166.80999755859375,169.9698944091797,162.52999877929688,163.7899932861328,770705
2026-02-25 10:30:00-05:00,168.65499877929688,168.72000122070312,166.1999969482422,166.75,379611
2026-02-25 11:30:00-05:00,168.7449951171875,169.77999877929688,168.19000244140625,168.66000366210938,381350
2026-02-25 12:30:00-05:00,170.0500030517578,170.1999969482422,168.7550048828125,168.7550048828125,363508
2026-02-25 13:30:00-05:00,171.82000732421875,171.9499969482422,169.85000610351562,170.0449981689453,345687
2026-02-25 14:30:00-05:00,170.8350067138672,173.25999450683594,170.8350067138672,171.77999877929688,602016
2026-02-25 15:30:00-05:00,171.72000122070312,171.99000549316406,170.35000610351562,170.82000732421875,611104
2026-02-26 09:30:00-05:00,174.80499267578125,175.75,170.55999755859375,173.99000549316406,827745
2026-02-26 10:30:00-05:00,174.0050048828125,177.5,173.52000427246094,174.72999572753906,759312
2026-02-26 11:30:00-05:00,170.8000030517578,174.86000061035156,170.24000549316406,174.02999877929688,354863
2026-02-26 12:30:00-05:00,172.05499267578125,172.64999389648438,170.75999450683594,170.77000427246094,274159
2026-02-26 13:30:00-05:00,174.3000030517578,175.0800018310547,172.17999267578125,172.17999267578125,412052
2026-02-26 14:30:00-05:00,174.49000549316406,175.4499969482422,173.89999389648438,174.35000610351562,332697
2026-02-26 15:30:00-05:00,174.6199951171875,175.2100067138672,173.77999877929688,174.5,732642
2026-02-27 09:30:00-05:00,169.75999450683594,171.42999267578125,166.67999267578125,170.0,611585
2026-02-27 10:30:00-05:00,168.1300048828125,170.34080505371094,166.8300018310547,169.8350067138672,345869
2026-02-27 11:30:00-05:00,167.89500427246094,169.22279357910156,167.24000549316406,168.34500122070312,258648
2026-02-27 12:30:00-05:00,168.35000610351562,168.72999572753906,167.3699951171875,167.89500427246094,190939
2026-02-27 13:30:00-05:00,168.94000244140625,169.7899932861328,167.99000549316406,168.19000244140625,393186
2026-02-27 14:30:00-05:00,169.7100067138672,170.3699951171875,168.22999572753906,168.94000244140625,492555
2026-02-27 15:30:00-05:00,172.24000549316406,172.24000549316406,169.7100067138672,169.7100067138672,614716
2026-03-02 09:30:00-05:00,175.2899932861328,177.18499755859375,167.64999389648438,167.64999389648438,824569
2026-03-02 10:30:00-05:00,177.16000366210938,179.0,174.74000549316406,175.77000427246094,395083
2026-03-02 11:30:00-05:00,178.00999450683594,179.30999755859375,176.98260498046875,177.18499755859375,316889
2026-03-02 12:30:00-05:00,179.02999877929688,179.4199981689453,177.6999969482422,178.00999450683594,130715
2026-03-02 13:30:00-05:00,180.52499389648438,180.9499969482422,178.91000366210938,178.9550018310547,349968
2026-03-02 14:30:00-05:00,179.2899932861328,180.8000030517578,179.1300048828125,180.5,267927
2026-03-02 15:30:00-05:00,180.97999572753906,181.10000610351562,179.00999450683594,179.27999877929688,512420
2026-03-03 09:30:00-05:00,172.4499969482422,177.5500030517578,171.6199951171875,176.58999633789062,769646
2026-03-03 10:30:00-05:00,177.8800048828125,178.3000030517578,172.3607940673828,172.4550018310547,334921
2026-03-03 11:30:00-05:00,179.30999755859375,179.3699951171875,177.09500122070312,177.8300018310547,233455
2026-03-03 12:30:00-05:00,179.99000549316406,180.30499267578125,178.22000122070312,179.17999267578125,307265
2026-03-03 13:30:00-05:00,180.75999450683594,181.6999969482422,179.9600067138672,180.00999450683594,164137
2026-03-03 14:30:00-05:00,180.05499267578125,181.3699951171875,179.72000122070312,180.88999938964844,209199
2026-03-03 15:30:00-05:00,178.99000549316406,180.25,178.55999755859375,180.14999389648438,396911
2026-03-04 09:30:00-05:00,185.14500427246094,186.27999877929688,178.5500030517578,179.99000549316406,681898
2026-03-04 10:30:00-05:00,185.64500427246094,186.30999755859375,184.0800018310547,185.13999938964844,260245
2026-03-04 11:30:00-05:00,185.5749969482422,186.75,184.75,185.75,262221
2026-03-04 12:30:00-05:00,186.1699981689453,187.36500549316406,184.89999389648438,185.5749969482422,255557
2026-03-04 13:30:00-05:00,185.97000122070312,187.19000244140625,185.80130004882812,186.27999877929688,192178
2026-03-04 14:30:00-05:00,185.36500549316406,186.7100067138672,185.11000061035156,185.75999450683594,284806
2026-03-04 15:30:00-05:00,185.86000061035156,186.0800018310547,184.86000061035156,185.3699951171875,492045
2026-03-05 09:30:00-05:00,191.97000122070312,193.55999755859375,184.63999938964844,185.2949981689453,975636
2026-03-05 10:30:00-05:00,189.5,192.3800048828125,188.61000061035156,191.69500732421875,425204
2026-03-05 11:30:00-05:00,190.8074951171875,191.91000366210938,189.0800018310547,189.4149932861328,259332
2026-03-05 12:30:00-05:00,190.27999877929688,191.00999450683594,188.5,190.72999572753906,237563
2026-03-05 13:30:00-05:00,192.8300018310547,193.11000061035156,189.91000366210938,190.41000366210938,395716
2026-03-05 14:30:00-05:00,192.02000427246094,193.125,190.35000610351562,192.82000732421875,406669
2026-03-05 15:30:00-05:00,192.2449951171875,192.91000366210938,191.47999572753906,192.0,801413
2026-03-06 09:30:00-05:00,194.25250244140625,194.32000732421875,187.99929809570312,190.0,521212
2026-03-06 10:30:00-05:00,193.30999755859375,194.86000061035156,191.6300048828125,194.39999389648438,280805
2026-03-06 11:30:00-05:00,194.0749969482422,195.38999938964844,192.9199981689453,193.19000244140625,286929
2026-03-06 12:30:00-05:00,193.07000732421875,194.27999877929688,192.00999450683594,194.05999755859375,283138
2026-03-06 13:30:00-05:00,194.6750030517578,195.27000427246094,192.91000366210938,192.92999267578125,255414
2026-03-06 14:30:00-05:00,195.16000366210938,196.38999938964844,194.3699951171875,194.64549255371094,399465
2026-03-06 15:30:00-05:00,195.14999389648438,195.27000427246094,194.00999450683594,195.1300048828125,573264
2026-03-09 09:30:00-04:00,196.4149932861328,198.67999267578125,192.19000244140625,192.19000244140625,792038
2026-03-09 10:30:00-04:00,202.10000610351562,202.17999267578125,195.77000427246094,196.4149932861328,675184
2026-03-09 11:30:00-04:00,202.14999389648438,203.47999572753906,201.3300018310547,202.1699981689453,502116
2026-03-09 12:30:00-04:00,198.1300048828125,203.875,197.96009826660156,202.19500732421875,533604
2026-03-09 13:30:00-04:00,198.8249969482422,199.22000122070312,197.00999450683594,198.1300048828125,269631
2026-03-09 14:30:00-04:00,203.10499572753906,203.10499572753906,197.47000122070312,198.77999877929688,483110
2026-03-09 15:30:00-04:00,201.52000427246094,203.83999633789062,200.67999267578125,203.10499572753906,582978
2026-03-10 09:30:00-04:00,200.89999389648438,204.97000122070312,198.00999450683594,202.80999755859375,606091
2026-03-10 10:30:00-04:00,206.97500610351562,207.11000061035156,200.5500030517578,201.02490234375,517895
2026-03-10 11:30:00-04:00,209.22500610351562,209.5399932861328,205.9199981689453,206.97500610351562,534934
2026-03-10 12:30:00-04:00,209.47999572753906,209.91000366210938,207.5500030517578,209.22500610351562,494085
2026-03-10 13:30:00-04:00,208.67999267578125,209.55999755859375,207.110107421875,209.4499969482422,490654
2026-03-10 14:30:00-04:00,206.97000122070312,209.47000122070312,206.57000732421875,208.85000610351562,500215
2026-03-10 15:30:00-04:00,207.5500030517578,208.5800018310547,206.60000610351562,207.07000732421875,634125
2026-03-11 09:30:00-04:00,212.07000732421875,214.7913055419922,207.27999877929688,208.26499938964844,638787
2026-03-11 10:30:00-04:00,212.8699951171875,215.3800048828125,211.1199951171875,212.25,617676
2026-03-11 11:30:00-04:00,210.39999389648438,213.5,209.64999389648438,212.77999877929688,475221
2026-03-11 12:30:00-04:00,211.47000122070312,211.71499633789062,209.02000427246094,210.30999755859375,262374
2026-03-11 13:30:00-04:00,210.85000610351562,212.02000427246094,209.00999450683594,211.19009399414062,364089
2026-03-11 14:30:00-04:00,210.90499877929688,212.57000732421875,210.27999877929688,211.06500244140625,267805
2026-03-11 15:30:00-04:00,212.92999267578125,213.10000610351562,210.92999267578125,211.0,443264
2026-03-12 09:30:00-04:00,213.77999877929688,217.25999450683594,211.10000610351562,211.28970336914062,715349
2026-03-12 10:30:00-04:00,210.80999755859375,213.9499969482422,210.02499389648438,213.9499969482422,380402
2026-03-12 11:30:00-04:00,212.5449981689453,213.42999267578125,210.25999450683594,210.4499969482422,335275
2026-03-12 12:30:00-04:00,212.4799041748047,213.63999938964844,212.2449951171875,212.5800018310547,360347
2026-03-12 13:30:00-04:00,212.1425018310547,213.8000030517578,211.22999572753906,212.5449981689453,388247
2026-03-12 14:30:00-04:00,213.49000549316406,214.0,211.7100067138672,212.0,413359
2026-03-12 15:30:00-04:00,212.22000122070312,213.86000061035156,211.86000061035156,213.6199951171875,649138
2026-03-13 09:30:00-04:00,214.39500427246094,217.72999572753906,211.41000366210938,213.10000610351562,548411
2026-03-13 10:30:00-04:00,209.39999389648438,215.94000244140625,208.49000549316406,214.6999969482422,535106
2026-03-13 11:30:00-04:00,210.19000244140625,210.58999633789062,208.16000366210938,209.36000061035156,190873
2026-03-13 12:30:00-04:00,212.0500030517578,212.25,209.98500061035156,210.19500732421875,188980
2026-03-13 13:30:00-04:00,211.91000366210938,213.28500366210938,211.1199951171875,212.4499969482422,283528
2026-03-13 14:30:00-04:00,211.00999450683594,212.97000122070312,210.95750427246094,211.9199981689453,197716
2026-03-13 15:30:00-04:00,212.22999572753906,212.69000244140625,210.7899932861328,211.0,353295
2026-03-16 09:30:00-04:00,210.1199951171875,213.02999877929688,207.35000610351562,210.86500549316406,699792
2026-03-16 10:30:00-04:00,210.10499572753906,210.85000610351562,207.9499969482422,209.61000061035156,283099
2026-03-16 11:30:00-04:00,209.1999969482422,211.0,208.8000030517578,210.21499633789062,250223
2026-03-16 12:30:00-04:00,208.08999633789062,209.5800018310547,207.84500122070312,209.3000030517578,222830
2026-03-16 13:30:00-04:00,208.42999267578125,208.60000610351562,207.35000610351562,208.14999389648438,231125
2026-03-16 14:30:00-04:00,209.76499938964844,210.7100067138672,208.4499969482422,208.5500030517578,457268
2026-03-16 15:30:00-04:00,207.3300018310547,209.9499969482422,207.27999877929688,209.94000244140625,622834
2026-03-17 09:30:00-04:00,212.77000427246094,214.8000030517578,206.0,206.4199981689453,681825
2026-03-17 10:30:00-04:00,212.6699981689453,213.8000030517578,212.22000122070312,212.77499389648438,398062
2026-03-17 11:30:00-04:00,212.37010192871094,214.0,211.32000732421875,212.6750030517578,297235
2026-03-17 12:30:00-04:00,212.8000030517578,213.3699951171875,212.00999450683594,212.3699951171875,281572
2026-03-17 13:30:00-04:00,211.61000061035156,213.39990234375,211.47999572753906,212.89999389648438,199169
2026-03-17 14:30:00-04:00,212.5749969482422,213.07000732421875,211.02999877929688,211.5399932861328,211993
2026-03-17 15:30:00-04:00,211.6199951171875,213.3800048828125,211.47999572753906,212.5749969482422,460951
2026-03-18 09:30:00-04:00,212.58999633789062,216.16000366210938,210.25,211.11000061035156,768361
2026-03-18 10:30:00-04:00,213.9949951171875,216.25999450683594,211.6999969482422,212.5,511043
2026-03-18 11:30:00-04:00,218.1649932861328,218.5500030517578,214.1074981689453,214.125,419313
2026-03-18 12:30:00-04:00,224.6699981689453,224.83999633789062,217.66000366210938,218.16250610351562,930662
2026-03-18 13:30:00-04:00,228.21499633789062,228.85989379882812,224.0,224.67999267578125,1216007
2026-03-18 14:30:00-04:00,228.2100067138672,229.14999389648438,226.22000122070312,228.33999633789062,778642
2026-03-18 15:30:00-04:00,225.57000732421875,228.27000427246094,224.52000427246094,228.1199951171875,750229
2026-03-19 09:30:00-04:00,222.80999755859375,227.55999755859375,221.10000610351562,223.0,775665
2026-03-19 10:30:00-04:00,224.08999633789062,227.05999755859375,222.80999755859375,222.80999755859375,353851
2026-03-19 11:30:00-04:00,222.60000610351562,225.24989318847656,222.2899932861328,224.0200958251953,296216
2026-03-19 12:30:00-04:00,220.63499450683594,222.75,220.30999755859375,222.6649932861328,347059
2026-03-19 13:30:00-04:00,220.9499969482422,221.4600067138672,219.625,220.47999572753906,449163
2026-03-19 14:30:00-04:00,222.17999267578125,223.75999450683594,220.07000732421875,220.8800048828125,512248
2026-03-19 15:30:00-04:00,221.3300018310547,222.6699981689453,220.91000366210938,222.19000244140625,567136
2026-03-20 09:30:00-04:00,223.3000030517578,223.99000549316406,217.0,221.7100067138672,530352
2026-03-20 10:30:00-04:00,221.72999572753906,225.13999938964844,220.5,223.49000549316406,508017
2026-03-20 11:30:00-04:00,221.9149932861328,223.87939453125,221.3000030517578,221.8842010498047,248351
2026-03-20 12:30:00-04:00,219.3300018310547,222.1699981689453,219.32000732421875,222.1699981689453,133223
2026-03-20 13:30:00-04:00,218.27499389648438,220.25999450683594,217.6999969482422,219.52999877929688,223544
2026-03-20 14:30:00-04:00,215.6300048828125,218.39999389648438,215.6300048828125,218.25999450683594,384425
2026-03-20 15:30:00-04:00,215.3800048828125,216.3000030517578,214.63999938964844,215.77000427246094,750889
2026-03-23 09:30:00-04:00,224.0,225.97999572753906,214.0800018310547,216.4199981689453,761964
2026-03-23 10:30:00-04:00,223.14500427246094,225.10000610351562,222.5,223.98500061035156,501243
2026-03-23 11:30:00-04:00,221.0500030517578,223.42999267578125,219.38999938964844,223.15499877929688,462343
2026-03-23 12:30:00-04:00,221.5399932861328,223.5500030517578,220.81500244140625,221.0,343759
2026-03-23 13:30:00-04:00,223.05999755859375,224.0500030517578,221.6199951171875,221.6199951171875,386602
2026-03-23 14:30:00-04:00,222.4949951171875,224.85000610351562,222.30999755859375,223.06500244140625,558943
2026-03-23 15:30:00-04:00,220.64999389648438,222.8699951171875,220.1699981689453,222.4949951171875,600777
2026-03-24 09:30:00-04:00,218.60000610351562,220.65499877929688,214.62010192871094,220.1699981689453,605473
2026-03-24 10:30:00-04:00,219.49000549316406,221.48989868164062,217.9001007080078,218.25,496161
2026-03-24 11:30:00-04:00,218.86000061035156,220.0800018310547,217.97999572753906,219.5800018310547,214074
2026-03-24 12:30:00-04:00,216.3800048828125,218.90750122070312,216.22999572753906,218.86000061035156,296910
2026-03-24 13:30:00-04:00,215.4499969482422,217.1199951171875,215.0800018310547,216.5800018310547,210054
2026-03-24 14:30:00-04:00,215.2899932861328,216.9499969482422,214.82000732421875,215.50999450683594,405293
2026-03-24 15:30:00-04:00,213.24000549316406,215.6199951171875,212.94000244140625,215.28500366210938,656492
2026-03-25 09:30:00-04:00,224.27000427246094,225.97000122070312,217.75,218.0,927514
2026-03-25 10:30:00-04:00,218.57000732421875,224.9499969482422,216.22999572753906,224.08999633789062,487392
2026-03-25 11:30:00-04:00,216.75999450683594,219.27000427246094,214.81759643554688,218.57000732421875,320629
2026-03-25 12:30:00-04:00,216.4600067138672,218.5,216.1999969482422,216.77999877929688,256122
2026-03-25 13:30:00-04:00,217.41000366210938,218.52999877929688,216.239501953125,216.46499633789062,231038
2026-03-25 14:30:00-04:00,217.49000549316406,218.11000061035156,215.52000427246094,217.47999572753906,295158
2026-03-25 15:30:00-04:00,217.92999267578125,218.67999267578125,216.4550018310547,217.34500122070312,447949
2026-03-26 09:30:00-04:00,217.1300048828125,219.9799041748047,215.6199951171875,216.0,801028
2026-03-26 10:30:00-04:00,215.0,217.8000030517578,213.09010314941406,217.24989318847656,586433
2026-03-26 11:30:00-04:00,212.5601043701172,216.30999755859375,212.25,215.1199951171875,280139
2026-03-26 12:30:00-04:00,211.25,213.3800048828125,211.25,212.9600067138672,292934
2026-03-26 13:30:00-04:00,208.55499267578125,212.02000427246094,208.47999572753906,211.47999572753906,420449
2026-03-26 14:30:00-04:00,207.4149932861328,209.0,207.22999572753906,208.60000610351562,533603
2026-03-26 15:30:00-04:00,210.05499267578125,210.1199951171875,206.8000030517578,207.4199981689453,826674
2026-03-27 09:30:00-04:00,201.44000244140625,207.7899932861328,201.0,205.0,1125256
2026-03-27 10:30:00-04:00,202.22999572753906,204.18499755859375,200.0800018310547,201.67999267578125,527277
2026-03-27 11:30:00-04:00,201.6300048828125,203.8699951171875,201.07000732421875,202.1199951171875,587814
2026-03-27 12:30:00-04:00,201.3074951171875,202.74000549316406,200.6199951171875,201.77999877929688,188898
2026-03-27 13:30:00-04:00,200.9499969482422,201.6699981689453,200.02000427246094,201.27499389648438,176769
2026-03-27 14:30:00-04:00,202.5399932861328,202.85000610351562,201.0800018310547,201.36000061035156,203783
2026-03-27 15:30:00-04:00,203.07000732421875,203.91000366210938,201.8800048828125,202.5449981689453,535652
2026-03-30 09:30:00-04:00,201.64999389648438,209.50990295410156,201.64999389648438,204.5,551869
2026-03-30 10:30:00-04:00,200.55999755859375,203.4250030517578,197.6199951171875,201.64999389648438,587465
2026-03-30 11:30:00-04:00,200.2449951171875,202.9949951171875,199.99000549316406,200.50999450683594,340874
2026-03-30 12:30:00-04:00,196.11000061035156,200.77999877929688,195.7100067138672,200.2449951171875,338574
2026-03-30 13:30:00-04:00,193.22999572753906,196.92999267578125,192.86000061035156,196.00750732421875,595339
2026-03-30 14:30:00-04:00,192.0225067138672,194.0,191.2899932861328,193.22999572753906,446536
2026-03-30 15:30:00-04:00,194.63999938964844,195.49000549316406,191.86000061035156,192.00999450683594,696520
2026-03-31 09:30:00-04:00,199.60000610351562,201.4600067138672,194.66000366210938,197.0,608940
2026-03-31 10:30:00-04:00,198.7100067138672,199.99000549316406,196.0800018310547,199.5050048828125,512605
2026-03-31 11:30:00-04:00,200.25999450683594,200.49989318847656,197.6999969482422,198.58999633789062,362653
2026-03-31 12:30:00-04:00,203.77000427246094,204.75,199.8699951171875,200.25999450683594,660469
2026-03-31 13:30:00-04:00,205.38999938964844,205.66000366210938,203.61500549316406,203.61500549316406,357646
2026-03-31 14:30:00-04:00,204.39500427246094,205.56539916992188,203.7100067138672,205.0500030517578,405306
2026-03-31 15:30:00-04:00,206.3000030517578,206.77999877929688,204.38999938964844,204.39500427246094,709823
2026-04-01 09:30:00-04:00,208.1300048828125,210.86000061035156,203.24000549316406,210.6699981689453,589871
2026-04-01 10:30:00-04:00,207.14999389648438,208.80499267578125,206.1300048828125,207.97999572753906,219553
2026-04-01 11:30:00-04:00,208.4600067138672,209.60000610351562,206.7100067138672,206.89999389648438,209646
2026-04-01 12:30:00-04:00,208.72000122070312,209.6699981689453,208.1300048828125,208.1999969482422,289110
2026-04-01 13:30:00-04:00,207.36000061035156,208.85000610351562,206.72000122070312,208.63499450683594,129571
2026-04-01 14:30:00-04:00,206.61000061035156,207.4600067138672,205.75999450683594,207.14999389648438,171877
2026-04-01 15:30:00-04:00,205.51499938964844,206.5,205.3800048828125,206.5,305214
2026-04-02 09:30:00-04:00,206.3800048828125,208.86000061035156,200.10000610351562,201.5,527887
2026-04-02 10:30:00-04:00,210.30999755859375,212.16000366210938,206.44000244140625,206.57000732421875,263866
2026-04-02 11:30:00-04:00,208.46009826660156,211.07000732421875,208.4600067138672,210.0500030517578,153241
2026-04-02 12:30:00-04:00,209.92999267578125,210.3966064453125,208.38999938964844,208.66000366210938,146856
2026-04-02 13:30:00-04:00,210.0,210.61489868164062,208.88999938964844,209.97999572753906,149861
2026-04-02 14:30:00-04:00,210.16000366210938,210.9600067138672,209.8699951171875,210.10000610351562,176843
2026-04-02 15:30:00-04:00,211.6199951171875,211.77999877929688,209.9499969482422,210.2449951171875,426333
2026-04-06 09:30:00-04:00,209.42999267578125,214.94000244140625,208.01010131835938,210.25999450683594,446202
2026-04-06 10:30:00-04:00,208.39500427246094,210.5800018310547,207.4600067138672,209.42999267578125,265563
2026-04-06 11:30:00-04:00,209.22000122070312,210.32000732421875,208.08009338378906,208.44000244140625,228893
2026-04-06 12:30:00-04:00,209.8800048828125,210.19000244140625,208.25,209.3249969482422,141611
2026-04-06 13:30:00-04:00,210.64999389648438,210.8000030517578,209.4196014404297,209.72540283203125,195052
2026-04-06 14:30:00-04:00,211.02499389648438,211.3800048828125,210.32870483398438,210.75999450683594,158796
2026-04-06 15:30:00-04:00,211.77000427246094,211.8000030517578,209.89500427246094,211.02999877929688,301837
2026-04-07 09:30:00-04:00,212.5399932861328,213.9600067138672,209.83999633789062,211.0,529048
2026-04-07 10:30:00-04:00,210.8699951171875,212.87750244140625,208.1300048828125,212.8300018310547,531308
2026-04-07 11:30:00-04:00,214.3800048828125,214.3800048828125,210.0399932861328,210.7274932861328,437615
2026-04-07 12:30:00-04:00,212.92250061035156,214.80999755859375,212.09500122070312,214.30499267578125,411555
2026-04-07 13:30:00-04:00,210.58999633789062,213.63999938964844,210.4199981689453,212.94000244140625,371482
2026-04-07 14:30:00-04:00,214.13999938964844,215.8800048828125,210.3800048828125,210.5500030517578,557799
2026-04-07 15:30:00-04:00,216.33999633789062,216.33999633789062,212.6699981689453,214.0399932861328,563255
2026-04-08 09:30:00-04:00,215.2449951171875,225.1300048828125,211.110107421875,225.0,1068055
2026-04-08 10:30:00-04:00,210.50999450683594,216.58999633789062,209.1999969482422,215.43499755859375,605061
2026-04-08 11:30:00-04:00,214.25,214.69000244140625,210.3300018310547,210.65499877929688,385311
2026-04-08 12:30:00-04:00,214.3000030517578,218.75,213.99000549316406,214.27999877929688,443754
2026-04-08 13:30:00-04:00,212.90499877929688,214.6999969482422,212.50010681152344,214.3000030517578,431138
2026-04-08 14:30:00-04:00,211.0,213.27000427246094,210.35000610351562,212.90499877929688,293485
2026-04-08 15:30:00-04:00,211.25,211.63999938964844,210.22999572753906,211.09500122070312,488078
2026-04-09 09:30:00-04:00,196.8699951171875,211.48500061035156,196.4001007080078,211.0,1036173
2026-04-09 10:30:00-04:00,191.11000061035156,197.60000610351562,185.9600067138672,197.17999267578125,2137653
2026-04-09 11:30:00-04:00,185.77000427246094,192.6750030517578,185.47000122070312,191.0,1230973
2026-04-09 12:30:00-04:00,185.82000732421875,187.44000244140625,177.74000549316406,185.7100067138672,2434943
2026-04-09 13:30:00-04:00,187.4949951171875,189.16000366210938,185.58999633789062,185.88499450683594,1399378
2026-04-09 14:30:00-04:00,190.9949951171875,191.97999572753906,187.49000549316406,187.6999969482422,1148549
2026-04-09 15:30:00-04:00,193.14999389648438,193.44000244140625,190.10499572753906,190.9499969482422,1700865
2026-04-10 09:30:00-04:00,165.35000610351562,193.60000610351562,165.0800018310547,193.2100067138672,4178997
2026-04-10 10:30:00-04:00,168.07000732421875,170.6199951171875,164.0500030517578,165.2100067138672,2748492
2026-04-10 11:30:00-04:00,173.4600067138672,173.52000427246094,166.16000366210938,167.92999267578125,1885062
2026-04-10 12:30:00-04:00,169.67999267578125,173.4739990234375,167.44000244140625,173.4739990234375,1263781
2026-04-10 13:30:00-04:00,167.6300048828125,171.05999755859375,167.17999267578125,169.76010131835938,771063
2026-04-10 14:30:00-04:00,168.1999969482422,169.0800018310547,166.00999450683594,167.7100067138672,949361
2026-04-10 15:30:00-04:00,166.99000549316406,168.5399932861328,166.66009521484375,168.25,1324005
2026-04-13 09:30:00-04:00,179.8350067138672,180.60000610351562,168.00999450683594,170.0,2296576
2026-04-13 10:30:00-04:00,180.7100067138672,181.49000549316406,179.10000610351562,179.99000549316406,913287
2026-04-13 11:30:00-04:00,182.06500244140625,182.17999267578125,179.8300018310547,180.72000122070312,542981
2026-04-13 12:30:00-04:00,182.11000061035156,182.41000366210938,180.8000946044922,182.06500244140625,431014
2026-04-13 13:30:00-04:00,182.44500732421875,182.8000030517578,181.60000610351562,182.10000610351562,438559
2026-04-13 14:30:00-04:00,181.84500122070312,182.8800048828125,181.14500427246094,182.44500732421875,566089
2026-04-13 15:30:00-04:00,184.07000732421875,184.32000732421875,181.75999450683594,181.82000732421875,1007560
2026-04-14 09:30:00-04:00,185.22999572753906,188.72999572753906,180.49000549316406,184.8699951171875,1364831
2026-04-14 10:30:00-04:00,178.34500122070312,185.10000610351562,178.0,185.05499267578125,710980
2026-04-14 11:30:00-04:00,180.8800048828125,180.9499969482422,177.75,178.39500427246094,426431
2026-04-14 12:30:00-04:00,179.99000549316406,180.98500061035156,179.75750732421875,180.88499450683594,279434
2026-04-14 13:30:00-04:00,178.46499633789062,180.83999633789062,178.00999450683594,179.97000122070312,378022
2026-04-14 14:30:00-04:00,178.36000061035156,179.77999877929688,178.32000732421875,178.46499633789062,426794
2026-04-14 15:30:00-04:00,178.64999389648438,178.89999389648438,177.3300018310547,178.52499389648438,753909
2026-04-15 09:30:00-04:00,187.61000061035156,189.0,182.0,184.5,1744398
2026-04-15 10:30:00-04:00,190.47000122070312,190.8800048828125,187.0500030517578,187.77999877929688,847571
2026-04-15 11:30:00-04:00,188.39999389648438,190.57000732421875,188.05999755859375,190.38999938964844,377044
2026-04-15 12:30:00-04:00,187.91000366210938,188.63999938964844,187.13999938964844,188.39999389648438,335460
2026-04-15 13:30:00-04:00,189.49000549316406,189.81500244140625,187.0500030517578,187.91000366210938,321246
2026-04-15 14:30:00-04:00,188.73500061035156,190.44000244140625,188.6300048828125,189.49000549316406,383151
2026-04-15 15:30:00-04:00,190.19000244140625,190.1999969482422,188.24000549316406,188.73500061035156,720408
2026-04-16 09:30:00-04:00,192.5449981689453,197.02000427246094,191.50233459472656,194.33999633789062,958503
2026-04-16 10:30:00-04:00,200.80999755859375,201.83999633789062,192.69500732421875,192.72000122070312,1135298
2026-04-16 11:30:00-04:00,200.94000244140625,203.75999450683594,200.37010192871094,200.6199951171875,881835
2026-04-16 12:30:00-04:00,198.19000244140625,201.24000549316406,197.7801055908203,201.0500030517578,499946
2026-04-16 13:30:00-04:00,196.00999450683594,198.49000549316406,196.0,198.19000244140625,331816
2026-04-16 14:30:00-04:00,195.9199981689453,197.52999877929688,195.61000061035156,196.0800018310547,484869
2026-04-16 15:30:00-04:00,197.22000122070312,197.77999877929688,195.74000549316406,195.88999938964844,636378
2026-04-17 09:30:00-04:00,196.125,199.6300048828125,193.5,199.6300048828125,746043
2026-04-17 10:30:00-04:00,195.8719940185547,198.0,194.33999633789062,196.1300048828125,497764
2026-04-17 11:30:00-04:00,195.89999389648438,196.33999633789062,194.01010131835938,195.75999450683594,218797
2026-04-17 12:30:00-04:00,197.71499633789062,198.0,195.84010314941406,196.02999877929688,349619
2026-04-17 13:30:00-04:00,199.47500610351562,200.5500030517578,197.50999450683594,197.5800018310547,376943
2026-04-17 14:30:00-04:00,199.94500732421875,200.46499633789062,198.7899932861328,199.47000122070312,311100
2026-04-17 15:30:00-04:00,201.0500030517578,201.0500030517578,199.89999389648438,199.89999389648438,550174
2026-04-20 09:30:00-04:00,200.73500061035156,202.69000244140625,195.1999969482422,199.0,729476
2026-04-20 10:30:00-04:00,202.60000610351562,202.8300018310547,200.38999938964844,201.17999267578125,231211
2026-04-20 11:30:00-04:00,202.83999633789062,203.58999633789062,202.09010314941406,202.5850067138672,209705
2026-04-20 12:30:00-04:00,203.77999877929688,204.11000061035156,202.5,202.91000366210938,179793
2026-04-20 13:30:00-04:00,204.2050018310547,204.64990234375,203.52999877929688,203.8699951171875,162774
2026-04-20 14:30:00-04:00,204.14999389648438,204.72000122070312,203.63999938964844,204.20750427246094,186482
2026-04-20 15:30:00-04:00,204.77000427246094,205.2550048828125,203.8800048828125,204.14999389648438,406715
2026-04-21 09:30:00-04:00,208.7100067138672,211.38999938964844,204.82000732421875,206.3300018310547,550791
2026-04-21 10:30:00-04:00,208.35000610351562,209.9799041748047,207.2613067626953,208.7100067138672,529257
2026-04-21 11:30:00-04:00,209.57000732421875,210.17999267578125,208.0,208.39500427246094,185258
2026-04-21 12:30:00-04:00,206.57000732421875,210.2913055419922,206.32000732421875,209.6999969482422,178590
2026-04-21 13:30:00-04:00,207.69000244140625,208.7949981689453,206.5749969482422,206.5749969482422,172144
2026-04-21 14:30:00-04:00,208.8350067138672,209.0,207.19000244140625,207.73500061035156,163596
2026-04-21 15:30:00-04:00,207.64999389648438,208.99000549316406,206.10000610351562,208.8300018310547,491798
2026-04-22 09:30:00-04:00,208.172607421875,211.9499969482422,207.1300048828125,209.1300048828125,367596
2026-04-22 10:30:00-04:00,207.38999938964844,209.4499969482422,206.00999450683594,208.1999969482422,392381
2026-04-22 11:30:00-04:00,206.89999389648438,207.5,206.39500427246094,207.39500427246094,156075
2026-04-22 12:30:00-04:00,207.02000427246094,207.30999755859375,206.32000732421875,206.86000061035156,136051
2026-04-22 13:30:00-04:00,207.50999450683594,208.02999877929688,206.5,207.03500366210938,152355
2026-04-22 14:30:00-04:00,207.33999633789062,208.14999389648438,206.74000549316406,207.3800048828125,168662
2026-04-22 15:30:00-04:00,207.60000610351562,208.37989807128906,206.9949951171875,207.2899932861328,385351
2026-04-23 09:30:00-04:00,202.32000732421875,203.88999938964844,198.5,202.0749969482422,518403
2026-04-23 10:30:00-04:00,205.8699951171875,207.47999572753906,202.0500030517578,202.47000122070312,299381
2026-04-23 11:30:00-04:00,204.1649932861328,206.2949981689453,203.69000244140625,205.75,232189
2026-04-23 12:30:00-04:00,201.8000030517578,204.69000244140625,201.1999969482422,204.0399932861328,226408
2026-04-23 13:30:00-04:00,204.27000427246094,204.47000122070312,199.75,201.86500549316406,262822
2026-04-23 14:30:00-04:00,204.9600067138672,205.19000244140625,203.30999755859375,204.25999450683594,195073
2026-04-23 15:30:00-04:00,205.02000427246094,206.25999450683594,204.69000244140625,204.82000732421875,456356
2026-04-24 09:30:00-04:00,202.6300048828125,208.9550018310547,202.0,204.97000122070312,365453
2026-04-24 10:30:00-04:00,203.9499969482422,204.72999572753906,201.4499969482422,202.52000427246094,319907
2026-04-24 11:30:00-04:00,204.51499938964844,205.75,203.4600067138672,204.0449981689453,229668
2026-04-24 12:30:00-04:00,205.0500030517578,205.6199951171875,204.3800048828125,204.6699981689453,133454
2026-04-24 13:30:00-04:00,207.27000427246094,207.61000061035156,204.7100067138672,205.0399932861328,134849
2026-04-24 14:30:00-04:00,208.23500061035156,208.6999969482422,207.02000427246094,207.3249969482422,288570
2026-04-24 15:30:00-04:00,207.14999389648438,208.24000549316406,206.1699981689453,208.14999389648438,382249
2026-04-27 09:30:00-04:00,208.7050018310547,208.8800048828125,204.4199981689453,206.77999877929688,1010255
2026-04-27 10:30:00-04:00,208.4600067138672,210.50999450683594,206.39999389648438,208.6300048828125,470927
2026-04-27 11:30:00-04:00,210.89999389648438,211.86000061035156,206.9600067138672,208.57000732421875,280719
2026-04-27 12:30:00-04:00,211.9199981689453,212.66000366210938,210.6501007080078,211.0399932861328,278193
2026-04-27 13:30:00-04:00,214.3800048828125,214.9799041748047,212.01499938964844,212.01499938964844,395486
2026-04-27 14:30:00-04:00,211.88999938964844,214.4499969482422,211.6699981689453,214.3800048828125,366568
2026-04-27 15:30:00-04:00,212.42999267578125,213.3300018310547,211.6699981689453,212.0,498114
2026-04-28 09:30:00-04:00,212.24000549316406,216.5,210.36000061035156,211.7100067138672,620074
2026-04-28 10:30:00-04:00,208.60000610351562,212.73989868164062,208.3000030517578,212.16000366210938,559794
2026-04-28 11:30:00-04:00,209.44000244140625,209.875,208.0500030517578,208.49000549316406,326182
2026-04-28 12:30:00-04:00,210.1699981689453,210.3699951171875,209.00999450683594,209.3699951171875,369058
2026-04-28 13:30:00-04:00,210.0500030517578,210.7799072265625,209.17999267578125,210.2100067138672,265400
2026-04-28 14:30:00-04:00,208.8000030517578,210.3000030517578,208.74000549316406,210.13999938964844,342421
2026-04-28 15:30:00-04:00,208.55999755859375,208.99000549316406,207.92999267578125,208.7899932861328,534943
2026-04-29 09:30:00-04:00,208.86500549316406,209.86000061035156,204.0,207.19000244140625,337670
2026-04-29 10:30:00-04:00,208.1649932861328,209.89999389648438,207.52999877929688,208.52999877929688,246618
2026-04-29 11:30:00-04:00,206.71499633789062,208.42999267578125,206.3000030517578,208.1649932861328,302569
2026-04-29 12:30:00-04:00,206.8350067138672,207.5,206.22000122070312,206.60000610351562,173368
2026-04-29 13:30:00-04:00,212.2899932861328,212.2899932861328,206.69000244140625,206.83999633789062,349329
2026-04-29 14:30:00-04:00,213.3000030517578,214.82000732421875,212.2949981689453,212.35000610351562,307989
2026-04-29 15:30:00-04:00,211.94000244140625,213.5050048828125,211.27000427246094,213.32000732421875,385316
2026-04-30 09:30:00-04:00,201.2700958251953,211.3300018310547,199.6699981689453,211.3300018310547,761696
2026-04-30 10:30:00-04:00,205.64999389648438,206.0,200.77999877929688,201.28500366210938,421514
2026-04-30 11:30:00-04:00,206.46499633789062,207.69000244140625,204.4199981689453,205.49000549316406,271500
2026-04-30 12:30:00-04:00,205.72999572753906,206.9600067138672,204.8000030517578,206.46499633789062,219932
2026-04-30 13:30:00-04:00,205.0399932861328,206.09689331054688,204.1199951171875,205.82000732421875,172061
2026-04-30 14:30:00-04:00,204.39999389648438,205.4199981689453,202.47999572753906,205.0399932861328,369010
2026-04-30 15:30:00-04:00,204.9199981689453,205.9600067138672,204.1699981689453,204.41000366210938,409561
2026-05-01 09:30:00-04:00,213.69500732421875,216.0,209.0,211.86000061035156,648410
2026-05-01 10:30:00-04:00,214.625,214.9199981689453,211.0500030517578,213.375,292871
2026-05-01 11:30:00-04:00,215.42999267578125,217.5500030517578,214.63999938964844,214.63999938964844,456788
2026-05-01 12:30:00-04:00,217.42999267578125,218.10000610351562,214.4600067138672,215.39999389648438,296666
2026-05-01 13:30:00-04:00,217.63999938964844,218.27999877929688,217.07000732421875,217.5800018310547,231637
2026-05-01 14:30:00-04:00,216.86000061035156,218.19000244140625,216.59970092773438,217.61500549316406,259970
2026-05-01 15:30:00-04:00,217.50999450683594,217.9199981689453,215.6199951171875,216.9199981689453,548492
2026-05-04 09:30:00-04:00,222.02000427246094,222.77000427246094,217.47999572753906,219.5500030517578,607688
2026-05-04 10:30:00-04:00,221.72500610351562,224.14990234375,221.00999450683594,222.08999633789062,417378
2026-05-04 11:30:00-04:00,221.48500061035156,221.8699951171875,218.8800048828125,221.8000030517578,260094
2026-05-04 12:30:00-04:00,222.07000732421875,223.1199951171875,220.5157012939453,221.25,303484
2026-05-04 13:30:00-04:00,223.1300048828125,223.1300048828125,221.8000030517578,222.02999877929688,208177
2026-05-04 14:30:00-04:00,223.1699981689453,223.75,222.0399932861328,223.24000549316406,262518
2026-05-04 15:30:00-04:00,224.17999267578125,224.22999572753906,222.5800018310547,223.24000549316406,497415
2026-05-05 09:30:00-04:00,238.39500427246094,238.5800018310547,229.08999633789062,231.05999755859375,1516145
2026-05-05 10:30:00-04:00,241.24000549316406,243.57000732421875,234.35499572753906,238.49000549316406,1174237
2026-05-05 11:30:00-04:00,243.1649932861328,244.02999877929688,240.9199981689453,241.47999572753906,1099628
2026-05-05 12:30:00-04:00,243.58999633789062,244.00999450683594,240.8800048828125,243.1750030517578,595703
2026-05-05 13:30:00-04:00,245.42999267578125,246.1199951171875,243.0500030517578,243.5800018310547,494625
2026-05-05 14:30:00-04:00,248.5675048828125,248.8800048828125,245.00999450683594,245.4199981689453,780814
2026-05-05 15:30:00-04:00,244.4199981689453,248.9199981689453,243.55999755859375,248.80499267578125,1018852
2026-05-06 09:30:00-04:00,244.4600067138672,246.3300018310547,234.75999450683594,242.44000244140625,838227
2026-05-06 10:30:00-04:00,245.60000610351562,246.66000366210938,243.72999572753906,244.69000244140625,450815
2026-05-06 11:30:00-04:00,245.05999755859375,245.8300018310547,242.85000610351562,245.8300018310547,452661
2026-05-06 12:30:00-04:00,245.67999267578125,246.60000610351562,244.38999938964844,245.0399932861328,474342
2026-05-06 13:30:00-04:00,246.46499633789062,247.160400390625,245.16000366210938,245.67999267578125,344438
2026-05-06 14:30:00-04:00,250.49000549316406,250.61500549316406,246.42999267578125,246.46499633789062,859427
2026-05-06 15:30:00-04:00,248.7899932861328,250.97000122070312,248.3000030517578,250.02499389648438,746123
2026-05-07 09:30:00-04:00,256.05499267578125,256.7300109863281,248.6199951171875,251.9949951171875,1673070
2026-05-07 10:30:00-04:00,255.21499633789062,258.8800048828125,254.07000732421875,256.04998779296875,1003770
2026-05-07 11:30:00-04:00,254.16000366210938,255.66000366210938,251.8300018310547,255.21499633789062,893101
2026-05-07 12:30:00-04:00,252.63999938964844,254.85000610351562,251.3699951171875,254.05499267578125,543912
2026-05-07 13:30:00-04:00,253.90499877929688,255.39500427246094,252.46499633789062,252.77000427246094,634967
2026-05-07 14:30:00-04:00,254.0800018310547,255.1999969482422,253.0388946533203,253.90499877929688,739047
2026-05-07 15:30:00-04:00,257.04998779296875,258.1700134277344,253.9676055908203,254.0500030517578,1227582
2026-05-08 09:30:00-04:00,196.77000427246094,219.0,196.22999572753906,217.22000122070312,6903027
2026-05-08 10:30:00-04:00,193.97000122070312,197.88999938964844,192.27000427246094,196.77000427246094,3151655
2026-05-08 11:30:00-04:00,196.11000061035156,196.42999267578125,193.0800018310547,193.89500427246094,1772888
2026-05-08 12:30:00-04:00,198.25,198.7899932861328,194.0,196.10000610351562,1632150
2026-05-08 13:30:00-04:00,199.19000244140625,200.27000427246094,195.10369873046875,198.27000427246094,1653626
2026-05-08 14:30:00-04:00,196.3300018310547,200.08999633789062,196.30999755859375,199.02999877929688,1409579
2026-05-08 15:30:00-04:00,195.8070068359375,197.10000610351562,194.8300018310547,196.47999572753906,1694648
2026-05-11 09:30:00-04:00,197.235107421875,204.2698974609375,194.00999450683594,195.39500427246094,1858034
2026-05-11 10:30:00-04:00,197.18499755859375,199.0500030517578,195.4499969482422,197.1999969482422,784408
2026-05-11 11:30:00-04:00,196.92999267578125,198.91000366210938,196.0800018310547,197.07000732421875,549900
2026-05-11 12:30:00-04:00,193.80999755859375,197.19400024414062,192.50120544433594,196.86000061035156,733386
2026-05-11 13:30:00-04:00,194.7899932861328,196.4600067138672,193.74000549316406,193.8000030517578,540025
2026-05-11 14:30:00-04:00,194.3800048828125,194.94000244140625,193.2100067138672,194.7050018310547,691156
2026-05-11 15:30:00-04:00,193.4199981689453,194.6750030517578,193.0850067138672,194.32000732421875,975945
2026-05-12 09:30:00-04:00,190.92999267578125,194.38999938964844,189.01010131835938,193.75,1020144
2026-05-12 10:30:00-04:00,188.5800018310547,192.39999389648438,187.6999969482422,190.77999877929688,705511
2026-05-12 11:30:00-04:00,188.4199981689453,191.03500366210938,188.38999938964844,188.67999267578125,565604
2026-05-12 12:30:00-04:00,188.2899932861328,188.94619750976562,187.00999450683594,188.52999877929688,576653
2026-05-12 13:30:00-04:00,187.82000732421875,189.0800018310547,187.30999755859375,188.2899932861328,441728
2026-05-12 14:30:00-04:00,187.53500366210938,188.3300018310547,186.92999267578125,188.00999450683594,474922
2026-05-12 15:30:00-04:00,186.5800018310547,188.9290008544922,186.5800018310547,187.53500366210938,957335
2026-05-13 09:30:00-04:00,190.106201171875,191.86000061035156,185.75,185.75,979102
2026-05-13 10:30:00-04:00,189.36500549316406,190.63999938964844,188.19500732421875,190.3699951171875,423290
2026-05-13 11:30:00-04:00,190.23500061035156,192.63999938964844,188.52000427246094,189.36500549316406,555916
2026-05-13 12:30:00-04:00,191.14999389648438,192.24000549316406,189.77000427246094,190.22000122070312,379368
2026-05-13 13:30:00-04:00,192.78500366210938,192.99000549316406,190.77499389648438,191.10000610351562,404137
2026-05-13 14:30:00-04:00,193.72000122070312,194.33999633789062,191.77999877929688,192.78500366210938,423982
2026-05-13 15:30:00-04:00,192.69000244140625,194.66000366210938,192.5500030517578,193.82000732421875,683365
2026-05-14 09:30:00-04:00,195.49000549316406,196.24000549316406,190.5,193.33999633789062,630240
2026-05-14 10:30:00-04:00,200.3249969482422,201.49000549316406,195.25999450683594,195.66000366210938,701289
2026-05-14 11:30:00-04:00,198.77999877929688,200.8000030517578,198.39999389648438,200.16000366210938,362808
2026-05-14 12:30:00-04:00,198.02000427246094,199.5500030517578,197.5,198.8800048828125,286965
2026-05-14 13:30:00-04:00,199.3542938232422,199.5399932861328,196.77000427246094,197.89999389648438,237543
2026-05-14 14:30:00-04:00,200.6699981689453,201.99000549316406,199.41400146484375,199.4199981689453,545635
2026-05-14 15:30:00-04:00,199.75999450683594,201.57000732421875,198.91000366210938,200.67999267578125,697443
2026-05-15 09:30:00-04:00,198.5,200.0800018310547,194.0,197.75999450683594,754520
2026-05-15 10:30:00-04:00,197.67999267578125,199.4499969482422,197.42999267578125,198.75999450683594,298397
2026-05-15 11:30:00-04:00,199.07000732421875,199.25,197.0,197.60000610351562,224062
2026-05-15 12:30:00-04:00,199.94679260253906,200.47000122070312,198.36000061035156,199.2100067138672,318631
2026-05-15 13:30:00-04:00,199.66990661621094,201.1699981689453,199.16000366210938,199.7899932861328,289337
2026-05-15 14:30:00-04:00,197.64999389648438,201.0,197.5399932861328,199.1999969482422,296907
2026-05-15 15:30:00-04:00,197.4199981689453,198.03500366210938,196.25999450683594,197.65499877929688,555891
2026-05-18 09:30:00-04:00,201.1938018798828,203.5050048828125,192.8000030517578,193.98500061035156,1202584
2026-05-18 10:30:00-04:00,198.0222930908203,201.6199951171875,197.81500244140625,201.05799865722656,490889
2026-05-18 11:30:00-04:00,200.01010131835938,202.22999572753906,198.02999877929688,198.15499877929688,220471
2026-05-18 12:30:00-04:00,202.02000427246094,203.05999755859375,199.96229553222656,200.00999450683594,240914
2026-05-18 13:30:00-04:00,201.30499267578125,203.13999938964844,200.52000427246094,202.02000427246094,207842
2026-05-18 14:30:00-04:00,200.60000610351562,202.61000061035156,199.80999755859375,201.2100067138672,292041
2026-05-18 15:30:00-04:00,201.64999389648438,201.91000366210938,200.5500030517578,200.61000061035156,450650
2026-05-19 09:30:00-04:00,203.69000244140625,208.6699981689453,202.4600067138672,203.25,1098709
2026-05-19 10:30:00-04:00,203.03500366210938,205.41000366210938,201.50010681152344,204.02999877929688,506230
2026-05-19 11:30:00-04:00,201.78500366210938,204.5998992919922,200.4199981689453,203.04498291015625,244564
2026-05-19 12:30:00-04:00,202.93499755859375,203.27000427246094,200.52999877929688,201.7550048828125,175362
2026-05-19 13:30:00-04:00,202.35499572753906,203.69000244140625,201.85000610351562,202.97999572753906,168717
2026-05-19 14:30:00-04:00,205.59500122070312,205.89999389648438,202.19009399414062,202.19009399414062,326170
2026-05-19 15:30:00-04:00,206.63999938964844,208.125,205.72000122070312,205.72999572753906,568478
2026-05-20 09:30:00-04:00,208.77999877929688,209.6999969482422,202.4199981689453,204.22000122070312,732192
2026-05-20 10:30:00-04:00,208.97500610351562,210.97999572753906,207.3800048828125,208.9499969482422,384474
2026-05-20 11:30:00-04:00,206.74000549316406,210.27000427246094,206.44000244140625,209.32000732421875,314279
2026-05-20 12:30:00-04:00,206.75999450683594,207.99989318847656,205.88999938964844,207.14999389648438,224491
2026-05-20 13:30:00-04:00,208.0399932861328,208.87989807128906,206.72999572753906,206.75999450683594,213014
2026-05-20 14:30:00-04:00,208.02000427246094,208.72000122070312,206.80999755859375,208.0050048828125,188503
2026-05-20 15:30:00-04:00,210.0850067138672,210.5800018310547,207.99749755859375,208.0399932861328,480355
2026-05-21 09:30:00-04:00,210.8000030517578,212.1199951171875,206.60000610351562,210.49000549316406,607819
2026-05-21 10:30:00-04:00,211.25,212.74000549316406,209.00010681152344,210.6199951171875,333396
2026-05-21 11:30:00-04:00,210.94000244140625,212.5,209.52000427246094,211.3300018310547,350645
2026-05-21 12:30:00-04:00,211.1649932861328,211.77000427246094,209.4449005126953,210.91000366210938,363706
2026-05-21 13:30:00-04:00,211.7899932861328,213.7449951171875,211.15660095214844,211.4199981689453,211572
2026-05-21 14:30:00-04:00,210.9600067138672,212.25999450683594,209.57899475097656,211.83700561523438,204694
2026-05-21 15:30:00-04:00,212.64999389648438,212.6699981689453,210.7449951171875,210.7550048828125,331001
2026-05-22 09:30:00-04:00,212.54580688476562,216.16000366210938,211.07000732421875,214.60000610351562,385777
2026-05-22 10:30:00-04:00,215.02999877929688,215.67999267578125,211.55999755859375,212.51499938964844,253786
2026-05-22 11:30:00-04:00,215.17999267578125,215.97999572753906,214.47000122070312,214.94000244140625,242659
2026-05-22 12:30:00-04:00,215.74000549316406,216.35000610351562,215.02000427246094,215.19000244140625,177435
2026-05-22 13:30:00-04:00,215.66000366210938,216.7899932861328,214.4600067138672,215.85000610351562,282351
2026-05-22 14:30:00-04:00,214.74749755859375,216.16000366210938,214.5,215.66000366210938,168881
2026-05-22 15:30:00-04:00,216.32000732421875,216.60000610351562,214.58999633789062,214.67999267578125,325259
2026-05-26 09:30:00-04:00,217.99000549316406,219.0637969970703,208.24000549316406,216.25,911460
2026-05-26 10:30:00-04:00,218.6649932861328,219.3699951171875,217.61000061035156,217.77999877929688,346683
2026-05-26 11:30:00-04:00,220.80999755859375,220.91250610351562,217.97000122070312,218.66000366210938,350585
2026-05-26 12:30:00-04:00,220.49000549316406,221.11000061035156,219.97999572753906,220.83999633789062,240273
2026-05-26 13:30:00-04:00,219.2100067138672,221.0050048828125,219.10000610351562,220.47999572753906,193735
2026-05-26 14:30:00-04:00,218.75999450683594,219.77999877929688,218.27999877929688,219.21499633789062,355920
2026-05-26 15:30:00-04:00,217.5500030517578,218.9550018310547,217.17999267578125,218.9550018310547,568734
2026-05-27 09:30:00-04:00,213.25,214.77000427246094,208.0,212.22999572753906,791170
2026-05-27 10:30:00-04:00,211.7550048828125,215.35000610351562,210.77000427246094,213.19500732421875,398731
2026-05-27 11:30:00-04:00,211.61500549316406,212.55999755859375,210.2899932861328,212.0,339981
2026-05-27 12:30:00-04:00,210.64999389648438,211.8800048828125,209.50999450683594,211.85000610351562,283936
2026-05-27 13:30:00-04:00,211.5399932861328,211.6999053955078,209.89999389648438,210.55999755859375,134452
2026-05-27 14:30:00-04:00,211.47000122070312,212.9250030517578,210.99000549316406,211.5399932861328,187824
2026-05-27 15:30:00-04:00,209.22999572753906,211.86000061035156,209.11500549316406,211.39999389648438,403131
2026-05-28 09:30:00-04:00,223.91000366210938,224.0,213.3000030517578,214.5,1042464
2026-05-28 10:30:00-04:00,225.41000366210938,226.22999572753906,221.60000610351562,223.9539031982422,941466
2026-05-28 11:30:00-04:00,226.36000061035156,226.41990661621094,224.69000244140625,225.7949981689453,511238
2026-05-28 12:30:00-04:00,226.86000061035156,227.49989318847656,224.70010375976562,226.19000244140625,332671
2026-05-28 13:30:00-04:00,226.64500427246094,227.48989868164062,226.1999969482422,227.1699981689453,282410
2026-05-28 14:30:00-04:00,226.5500030517578,227.47000122070312,225.5800018310547,226.64999389648438,400755
2026-05-28 15:30:00-04:00,228.1999969482422,228.22000122070312,225.77000427246094,226.66000366210938,765617
2026-05-29 09:30:00-04:00,234.09500122070312,235.22000122070312,228.5399932861328,233.38999938964844,752232
2026-05-29 10:30:00-04:00,234.0,237.75999450683594,231.10000610351562,234.2100067138672,637497
2026-05-29 11:30:00-04:00,234.76499938964844,235.99000549316406,233.2772979736328,234.0,345628
2026-05-29 12:30:00-04:00,236.02999877929688,236.9199981689453,234.7100067138672,234.77000427246094,379729
2026-05-29 13:30:00-04:00,237.7799072265625,237.92990112304688,235.1300048828125,236.05999755859375,381655
2026-05-29 14:30:00-04:00,238.77999877929688,238.97000122070312,236.50999450683594,237.625,451166
2026-05-29 15:30:00-04:00,241.9199981689453,243.6699981689453,238.82000732421875,238.8800048828125,1062267
2026-06-01 09:30:00-04:00,255.69749450683594,257.6300048828125,242.3699951171875,244.0,1740359
2026-06-01 10:30:00-04:00,258.55999755859375,262.3094787597656,255.34500122070312,255.47999572753906,1449521
2026-06-01 11:30:00-04:00,262.67498779296875,263.2550048828125,258.9200134277344,258.9200134277344,815447
2026-06-01 12:30:00-04:00,262.5299987792969,263.29998779296875,261.3399963378906,262.7900085449219,540155
2026-06-01 13:30:00-04:00,265.2900085449219,265.70001220703125,262.3301086425781,262.45001220703125,643986
2026-06-01 14:30:00-04:00,270.55499267578125,270.75,262.5849914550781,265.1400146484375,1439792
2026-06-01 15:30:00-04:00,270.7749938964844,271.20001220703125,268.0,270.55499267578125,1217395
2026-06-02 09:30:00-04:00,269.4798889160156,273.627685546875,262.5331115722656,262.77398681640625,1183222
2026-06-02 10:30:00-04:00,271.747802734375,272.32989501953125,267.4599914550781,269.3918151855469,731319
2026-06-02 11:30:00-04:00,271.6549987792969,273.1474914550781,270.1600036621094,271.8299865722656,594280
2026-06-02 12:30:00-04:00,272.989990234375,272.989990234375,270.8900146484375,271.3800048828125,329491
2026-06-02 13:30:00-04:00,274.0400085449219,274.6299133300781,272.260009765625,273.0,567132
2026-06-02 14:30:00-04:00,273.6449890136719,274.04998779296875,272.3999938964844,273.989990234375,394234
2026-06-02 15:30:00-04:00,272.6400146484375,274.5299987792969,272.2699890136719,273.6499938964844,614674
2026-06-03 09:30:00-04:00,264.0249938964844,270.2300109863281,261.1400146484375,270.0,841281
2026-06-03 10:30:00-04:00,263.2898864746094,265.0,262.20001220703125,263.70001220703125,524645
2026-06-03 11:30:00-04:00,263.6099853515625,263.80999755859375,260.739990234375,263.0249938964844,367351
2026-06-03 12:30:00-04:00,263.760009765625,266.5,263.3800964355469,263.7049865722656,417307
2026-06-03 13:30:00-04:00,266.0400085449219,267.0299987792969,262.8399963378906,263.6700134277344,290913
2026-06-03 14:30:00-04:00,267.6199951171875,268.0,265.0199890136719,265.9949951171875,299017
2026-06-03 15:30:00-04:00,265.489990234375,267.760009765625,265.45001220703125,267.5,614211
2026-06-04 09:30:00-04:00,269.2300109863281,269.67999267578125,253.94000244140625,260.0,1006630
2026-06-04 10:30:00-04:00,274.2300109863281,276.81500244140625,268.55999755859375,269.04998779296875,889568
2026-06-04 11:30:00-04:00,273.6000061035156,276.0,272.6600036621094,274.260009765625,481148
2026-06-04 12:30:00-04:00,273.69000244140625,274.6549987792969,271.95001220703125,273.5199890136719,373419
2026-06-04 13:30:00-04:00,273.44000244140625,274.5799865722656,273.0400085449219,273.3900146484375,252886
2026-06-04 14:30:00-04:00,273.4100036621094,274.3800048828125,273.1300048828125,273.55499267578125,349788
2026-06-04 15:30:00-04:00,268.7300109863281,273.239990234375,268.5400085449219,273.239990234375,684090
2026-06-05 09:30:00-04:00,256.5799865722656,268.82000732421875,254.6800994873047,267.8699951171875,1075276
2026-06-05 10:30:00-04:00,253.77499389648438,259.2200012207031,253.47000122070312,256.9100036621094,605878
2026-06-05 11:30:00-04:00,251.4600067138672,254.47999572753906,251.4600067138672,253.77000427246094,552536
2026-06-05 12:30:00-04:00,251.80999755859375,252.8300018310547,249.5399932861328,251.47999572753906,559132
2026-06-05 13:30:00-04:00,248.74000549316406,253.3699951171875,248.50999450683594,251.81500244140625,455803
2026-06-05 14:30:00-04:00,249.6699981689453,250.63999938964844,246.94000244140625,248.52999877929688,458826
2026-06-05 15:30:00-04:00,250.22999572753906,252.0,249.27999877929688,249.72999572753906,742454
2026-06-08 09:30:00-04:00,252.1999969482422,254.6999969482422,246.0,253.16000366210938,703621
2026-06-08 10:30:00-04:00,251.05999755859375,253.38999938964844,250.27000427246094,252.1999969482422,377683
2026-06-08 11:30:00-04:00,249.85000610351562,251.75999450683594,249.47999572753906,251.00999450683594,248391
2026-06-08 12:30:00-04:00,248.47500610351562,250.3300018310547,247.9499969482422,249.8800048828125,177381
2026-06-08 13:30:00-04:00,248.08999633789062,248.9600067138672,247.77999877929688,248.65499877929688,275078
2026-06-08 14:30:00-04:00,246.6300048828125,249.75,246.10000610351562,248.08999633789062,570760
2026-06-08 15:30:00-04:00,247.77999877929688,248.61000061035156,246.30999755859375,246.6300048828125,446133
2026-06-09 09:30:00-04:00,241.94000244140625,249.2449951171875,237.9600067138672,245.89500427246094,617701
2026-06-09 10:30:00-04:00,235.08999633789062,242.2899932861328,234.9600067138672,241.47000122070312,628703
2026-06-09 11:30:00-04:00,231.7550048828125,236.86000061035156,230.27000427246094,235.3000030517578,585432
2026-06-09 12:30:00-04:00,235.5500030517578,236.2899932861328,229.47999572753906,231.52000427246094,448182
2026-06-09 13:30:00-04:00,238.85989379882812,239.1699981689453,234.8094940185547,235.6999053955078,338002
2026-06-09 14:30:00-04:00,236.00999450683594,239.44500732421875,228.02999877929688,238.42999267578125,1170087
2026-06-09 15:30:00-04:00,236.17999267578125,236.5399932861328,234.02000427246094,235.88999938964844,708968
2026-06-10 09:30:00-04:00,226.0,236.88999938964844,221.7100067138672,233.46499633789062,1616160
2026-06-10 10:30:00-04:00,223.72500610351562,228.0,221.3800048828125,225.9425048828125,877240
2026-06-10 11:30:00-04:00,223.77000427246094,224.57000732421875,221.47500610351562,223.74000549316406,497260
2026-06-10 12:30:00-04:00,223.72799682617188,225.57000732421875,222.60000610351562,223.63999938964844,291336
2026-06-10 13:30:00-04:00,223.08999633789062,225.27000427246094,222.17999267578125,223.60499572753906,344928
2026-06-10 14:30:00-04:00,219.77000427246094,223.32000732421875,219.25,222.97999572753906,468807
2026-06-10 15:30:00-04:00,219.5850067138672,221.4199981689453,219.0800018310547,219.72000122070312,996593
2026-06-11 09:30:00-04:00,225.0050048828125,227.3699951171875,216.5,218.3350067138672,488617
2026-06-11 10:30:00-04:00,222.8800048828125,225.27999877929688,220.5800018310547,224.94500732421875,331816
2026-06-11 11:30:00-04:00,224.08999633789062,225.08999633789062,222.25999450683594,222.8800048828125,267557
2026-06-11 12:30:00-04:00,226.6699981689453,226.6699981689453,222.9600067138672,223.77999877929688,358799
2026-06-11 13:30:00-04:00,227.2899932861328,228.08999633789062,224.90499877929688,228.0,389348
2026-06-11 14:30:00-04:00,227.72000122070312,228.1300048828125,226.33999633789062,227.2949981689453,351310
2026-06-11 15:30:00-04:00,227.55999755859375,228.82000732421875,226.82000732421875,227.80499267578125,612943
2026-06-12 09:30:00-04:00,225.61000061035156,231.89999389648438,222.02000427246094,229.9499969482422,337227
2026-06-12 10:30:00-04:00,228.5800018310547,228.85000610351562,224.27999877929688,225.61000061035156,282793
2026-06-12 11:30:00-04:00,227.13999938964844,228.38999938964844,224.61000061035156,228.35000610351562,244285
2026-06-12 12:30:00-04:00,228.125,228.49000549316406,226.6699981689453,227.0449981689453,223075
2026-06-12 13:30:00-04:00,228.40499877929688,229.43499755859375,227.59010314941406,227.86000061035156,263822
2026-06-12 14:30:00-04:00,227.56500244140625,228.52999877929688,226.84170532226562,228.18499755859375,219154
2026-06-12 15:30:00-04:00,228.5399932861328,228.5399932861328,226.3000030517578,227.44500732421875,392178
2026-06-15 09:30:00-04:00,236.77000427246094,237.0,227.0449981689453,229.34500122070312,641358
2026-06-15 10:30:00-04:00,238.22999572753906,238.97000122070312,236.22000122070312,236.77000427246094,401482
2026-06-15 11:30:00-04:00,238.0,239.0,237.65499877929688,238.3498992919922,372715
2026-06-15 12:30:00-04:00,235.97500610351562,238.13999938964844,235.07009887695312,237.96499633789062,240218
2026-06-15 13:30:00-04:00,236.27000427246094,237.3699951171875,235.86000061035156,236.0,199391
2026-06-15 14:30:00-04:00,235.5500030517578,236.27499389648438,234.360107421875,236.27000427246094,366026
2026-06-15 15:30:00-04:00,235.9199981689453,235.92999267578125,234.22999572753906,235.27999877929688,486586
2026-06-16 09:30:00-04:00,233.0800018310547,238.8300018310547,229.0,233.74000549316406,477008
2026-06-16 10:30:00-04:00,234.0998992919922,235.4499969482422,231.7899932861328,233.0800018310547,253653
2026-06-16 11:30:00-04:00,233.08999633789062,235.37989807128906,232.69000244140625,233.875,230863
2026-06-16 12:30:00-04:00,231.91000366210938,233.19000244140625,231.3000030517578,232.83999633789062,240034
2026-06-16 13:30:00-04:00,231.33999633789062,232.16000366210938,230.44009399414062,231.55999755859375,235060
2026-06-16 14:30:00-04:00,233.0,233.4499969482422,231.13999938964844,231.33999633789062,415320
2026-06-16 15:30:00-04:00,231.11000061035156,234.04989624023438,230.75,233.0399932861328,313474
2026-06-17 09:30:00-04:00,235.74229431152344,236.0699005126953,229.2899932861328,231.1300048828125,383005
2026-06-17 10:30:00-04:00,233.6024932861328,235.99989318847656,232.7100067138672,235.17999267578125,269206
2026-06-17 11:30:00-04:00,234.2899932861328,235.32000732421875,233.30999755859375,233.39999389648438,180242
2026-06-17 12:30:00-04:00,233.91000366210938,234.5399932861328,232.3300018310547,234.25999450683594,234403
2026-06-17 13:30:00-04:00,233.2899932861328,234.38999938964844,231.13999938964844,233.91000366210938,174388
2026-06-17 14:30:00-04:00,230.3800048828125,234.8699951171875,230.3800048828125,233.28500366210938,233334
2026-06-17 15:30:00-04:00,226.97500610351562,231.0800018310547,226.85000610351562,230.6649932861328,550117
2026-06-18 09:30:00-04:00,220.8800048828125,225.5399932861328,216.02999877929688,225.5399932861328,737802
2026-06-18 10:30:00-04:00,221.6750030517578,224.7100067138672,220.3000946044922,220.8800048828125,404701
2026-06-18 11:30:00-04:00,221.02000427246094,222.35000610351562,219.94000244140625,221.9600067138672,282204
2026-06-18 12:30:00-04:00,222.65499877929688,223.0,220.1300048828125,221.02000427246094,275248
2026-06-18 13:30:00-04:00,224.12899780273438,224.75999450683594,222.5500030517578,222.75,157840
2026-06-18 14:30:00-04:00,224.6300048828125,224.67999267578125,222.89999389648438,224.13999938964844,205174
2026-06-18 15:30:00-04:00,224.11000061035156,225.52999877929688,223.0050048828125,224.49000549316406,498638
2026-06-22 09:30:00-04:00,219.1999969482422,225.5800018310547,219.14999389648438,222.07000732421875,560730
2026-06-22 10:30:00-04:00,216.24000549316406,220.875,215.60000610351562,219.5,586012
2026-06-22 11:30:00-04:00,213.0050048828125,216.44000244140625,212.39669799804688,216.05499267578125,503789
2026-06-22 12:30:00-04:00,213.5399932861328,215.1999969482422,212.32000732421875,213.0050048828125,298113
2026-06-22 13:30:00-04:00,217.41000366210938,217.52000427246094,213.36500549316406,213.42999267578125,272905
2026-06-22 14:30:00-04:00,217.67999267578125,218.14999389648438,216.6300048828125,217.35000610351562,256522
2026-06-22 15:30:00-04:00,218.4199981689453,218.9149932861328,217.22999572753906,217.5500030517578,375638
2026-06-23 09:30:00-04:00,223.0,223.97999572753906,214.60009765625,215.16000366210938,427306
2026-06-23 10:30:00-04:00,226.4499969482422,227.59500122070312,222.72999572753906,223.00999450683594,361924
2026-06-23 11:30:00-04:00,229.27000427246094,229.60000610351562,226.47999572753906,226.47999572753906,421152
2026-06-23 12:30:00-04:00,229.80999755859375,229.9250030517578,228.5500030517578,229.2100067138672,255907
2026-06-23 13:30:00-04:00,227.05999755859375,230.11000061035156,227.05999755859375,229.85000610351562,194798
2026-06-23 14:30:00-04:00,225.14999389648438,227.22999572753906,224.9499969482422,227.03500366210938,368954
2026-06-23 15:30:00-04:00,224.92999267578125,225.66000366210938,224.33999633789062,225.25,413670
2026-06-24 09:30:00-04:00,224.7899932861328,226.26499938964844,222.10000610351562,223.08999633789062,336407
2026-06-24 10:30:00-04:00,226.2899932861328,228.35000610351562,224.7899932861328,224.89999389648438,265830
2026-06-24 11:30:00-04:00,225.8206024169922,226.94000244140625,224.91000366210938,226.2949981689453,228661
2026-06-24 12:30:00-04:00,223.35499572753906,226.13999938964844,223.27000427246094,226.07000732421875,173988
2026-06-24 13:30:00-04:00,225.13999938964844,225.72999572753906,222.92999267578125,223.36000061035156,169681
2026-06-24 14:30:00-04:00,222.7899932861328,225.36500549316406,220.91000366210938,225.19000244140625,409107
2026-06-24 15:30:00-04:00,223.41000366210938,223.5399932861328,222.0399932861328,222.7100067138672,355896
2026-06-25 09:30:00-04:00,227.01499938964844,227.52999877929688,216.0399932861328,221.38999938964844,519355
2026-06-25 10:30:00-04:00,225.07000732421875,227.57000732421875,222.64999389648438,227.02000427246094,334792
2026-06-25 11:30:00-04:00,224.27999877929688,226.22000122070312,223.02999877929688,225.1199951171875,199139
2026-06-25 12:30:00-04:00,222.75999450683594,224.27999877929688,222.41000366210938,224.27999877929688,206624
2026-06-25 13:30:00-04:00,226.7550048828125,226.88999938964844,222.39999389648438,222.82000732421875,214253
2026-06-25 14:30:00-04:00,225.58999633789062,226.75509643554688,224.22999572753906,226.75509643554688,227162
2026-06-25 15:30:00-04:00,226.75,227.25999450683594,225.38999938964844,225.58999633789062,859980
2026-06-26 09:30:00-04:00,223.77499389648438,228.89999389648438,220.9499969482422,225.8800048828125,431478
2026-06-26 10:30:00-04:00,226.4499969482422,226.5399932861328,221.70199584960938,223.68760681152344,328951
2026-06-26 11:30:00-04:00,228.1699981689453,229.42999267578125,226.5399932861328,226.5500030517578,262573
2026-06-26 12:30:00-04:00,227.1199951171875,228.97000122070312,227.0,228.3800048828125,190467
2026-06-26 13:30:00-04:00,227.2899932861328,227.94000244140625,226.9600067138672,227.2899932861328,182201
2026-06-26 14:30:00-04:00,230.02999877929688,230.33999633789062,226.9720001220703,227.2100067138672,425976
2026-06-26 15:30:00-04:00,236.86000061035156,237.33999633789062,229.89999389648438,229.89999389648438,1126744
2026-06-29 09:30:00-04:00,247.66000366210938,247.69000244140625,235.0,239.2899932861328,914886
2026-06-29 10:30:00-04:00,244.97999572753906,248.70989990234375,242.3300018310547,247.66000366210938,540570
2026-06-29 11:30:00-04:00,247.89500427246094,248.66000366210938,244.8300018310547,245.11000061035156,287188
2026-06-29 12:30:00-04:00,247.13999938964844,248.5,246.7899932861328,247.88999938964844,334165
2026-06-29 13:30:00-04:00,245.50999450683594,247.25999450683594,245.4499969482422,247.25999450683594,140138
2026-06-29 14:30:00-04:00,244.13499450683594,246.02999877929688,243.5749969482422,245.61000061035156,245594
2026-06-29 15:30:00-04:00,243.75999450683594,244.1999969482422,241.7100067138672,244.02999877929688,583756
2026-06-30 09:30:00-04:00,245.0800018310547,246.8498992919922,240.0,240.0,385033
2026-06-30 10:30:00-04:00,246.3000030517578,246.8000030517578,242.63999938964844,244.92999267578125,232298
2026-06-30 11:30:00-04:00,245.27999877929688,247.07000732421875,244.72000122070312,246.3000030517578,300553
2026-06-30 12:30:00-04:00,247.3300018310547,247.74000549316406,244.8000030517578,245.33999633789062,204780
2026-06-30 13:30:00-04:00,246.3699951171875,247.42999267578125,245.75999450683594,247.42999267578125,153677
2026-06-30 14:30:00-04:00,245.9499969482422,246.79989624023438,245.47000122070312,246.53500366210938,226916
2026-06-30 15:30:00-04:00,245.33999633789062,246.6750030517578,244.8000030517578,245.89999389648438,471400
2026-07-01 09:30:00-04:00,250.74000549316406,251.32000732421875,244.2100067138672,249.72000122070312,467105
2026-07-01 10:30:00-04:00,251.3800048828125,251.55999755859375,247.24000549316406,250.00010681152344,337482
2026-07-01 11:30:00-04:00,249.375,252.3489990234375,248.5800018310547,251.49000549316406,231772
2026-07-01 12:30:00-04:00,250.4600067138672,250.57000732421875,248.89999389648438,249.4199981689453,169787
2026-07-01 13:30:00-04:00,250.22000122070312,251.27999877929688,249.66000366210938,250.21499633789062,248742
2026-07-01 14:30:00-04:00,249.3350067138672,250.38499450683594,248.82000732421875,250.19000244140625,221604
2026-07-01 15:30:00-04:00,246.30999755859375,249.44000244140625,246.10000610351562,249.3350067138672,457468
2026-07-02 09:30:00-04:00,244.94000244140625,248.0399932861328,239.32000732421875,242.0,570817
2026-07-02 10:30:00-04:00,242.25,245.89999389648438,239.3800048828125,244.8699951171875,580192
2026-07-02 11:30:00-04:00,240.43499755859375,242.78990173339844,239.32000732421875,241.77499389648438,239449
2026-07-02 12:30:00-04:00,240.05999755859375,241.64999389648438,238.89999389648438,240.07000732421875,334895
2026-07-02 13:30:00-04:00,241.67999267578125,241.72999572753906,239.3000030517578,240.38499450683594,226770
2026-07-02 14:30:00-04:00,242.3800048828125,243.4499969482422,241.22999572753906,241.86000061035156,241737
2026-07-02 15:30:00-04:00,242.17999267578125,242.6199951171875,241.1999969482422,242.2899932861328,409934
2026-07-06 09:30:00-04:00,247.05999755859375,250.86000061035156,239.63999938964844,240.72999572753906,473456
2026-07-06 10:30:00-04:00,247.50999450683594,248.72000122070312,245.88499450683594,247.8000030517578,226334
2026-07-06 11:30:00-04:00,249.10000610351562,250.11000061035156,246.97999572753906,247.69000244140625,216365
2026-07-06 12:30:00-04:00,248.0749969482422,249.7100067138672,247.48500061035156,249.0449981689453,122201
2026-07-06 13:30:00-04:00,246.22000122070312,247.9550018310547,245.4499969482422,247.8800048828125,160346
2026-07-06 14:30:00-04:00,245.99000549316406,246.57000732421875,245.3800048828125,246.3800048828125,181522
2026-07-06 15:30:00-04:00,247.4499969482422,248.60000610351562,245.91000366210938,246.07000732421875,398115
2026-07-07 09:30:00-04:00,260.8399963378906,261.7699890136719,254.0,259.17498779296875,966460
2026-07-07 10:30:00-04:00,262.760009765625,263.6000061035156,257.81500244140625,261.04998779296875,809602
2026-07-07 11:30:00-04:00,267.7900085449219,268.45001220703125,260.860107421875,262.6050109863281,716431
2026-07-07 12:30:00-04:00,268.2699890136719,269.1131896972656,266.19500732421875,267.7900085449219,656871
2026-07-07 13:30:00-04:00,272.0400085449219,274.0,268.1300048828125,268.3500061035156,558460
2026-07-07 14:30:00-04:00,267.05999755859375,272.3900146484375,266.3800048828125,272.04998779296875,1052560
2026-07-07 15:30:00-04:00,268.7099914550781,269.92999267578125,266.760009765625,267.05999755859375,1002434
2026-07-08 09:30:00-04:00,264.2550048828125,268.6199951171875,257.6000061035156,267.8900146484375,1084445
2026-07-08 10:30:00-04:00,263.2099914550781,266.3999938964844,262.04998779296875,264.2550048828125,326213
2026-07-08 11:30:00-04:00,265.9700012207031,266.4599914550781,262.6400146484375,263.0400085449219,258077
2026-07-08 12:30:00-04:00,265.7049865722656,267.125,264.5,266.0299987792969,283532
2026-07-08 13:30:00-04:00,268.2699890136719,268.75,265.4599914550781,265.69000244140625,362895
2026-07-08 14:30:00-04:00,271.6199951171875,272.1995849609375,267.489990234375,268.2900085449219,447035
2026-07-08 15:30:00-04:00,273.4100036621094,274.45001220703125,271.1549987792969,271.7799987792969,602484
2026-07-09 09:30:00-04:00,274.614990234375,278.8800048828125,268.6001892089844,272.5400085449219,718542
2026-07-09 10:30:00-04:00,274.6000061035156,275.7900085449219,272.510009765625,274.614990234375,373837
2026-07-09 11:30:00-04:00,273.82000732421875,274.6700134277344,271.760009765625,274.6700134277344,209171
2026-07-09 12:30:00-04:00,273.0400085449219,274.5799865722656,271.62969970703125,273.7950134277344,287039
2026-07-09 13:30:00-04:00,274.4599914550781,275.04998779296875,272.4649963378906,272.94000244140625,177933
2026-07-09 14:30:00-04:00,273.760009765625,274.9800109863281,273.1000061035156,274.4599914550781,206286
2026-07-09 15:30:00-04:00,275.6099853515625,276.510009765625,273.3900146484375,273.7200012207031,522368
2026-07-10 09:30:00-04:00,270.4599914550781,280.1400146484375,268.6300048828125,279.739990234375,394461
2026-07-10 10:30:00-04:00,269.81500244140625,272.16949462890625,266.8399963378906,270.4800109863281,390150
2026-07-10 11:30:00-04:00,268.8800048828125,271.79998779296875,267.82000732421875,269.82000732421875,255111
2026-07-10 12:30:00-04:00,268.385009765625,270.3699951171875,268.2804870605469,268.8800048828125,219805
2026-07-10 13:30:00-04:00,269.0799865722656,270.4849853515625,268.07000732421875,268.45001220703125,232465
2026-07-10 14:30:00-04:00,268.7449951171875,269.260009765625,267.0201110839844,269.260009765625,180962
2026-07-10 15:30:00-04:00,268.45001220703125,268.94000244140625,266.8450012207031,268.7049865722656,350347
2026-07-13 09:30:00-04:00,274.9224853515625,275.6099853515625,263.3699951171875,266.7099914550781,589590
2026-07-13 10:30:00-04:00,274.5,276.3821105957031,273.3843078613281,274.92498779296875,263817
2026-07-13 11:30:00-04:00,271.6824951171875,274.625,271.510009765625,274.6000061035156,326542
2026-07-13 12:30:00-04:00,270.6600036621094,272.3699951171875,270.44000244140625,271.3700866699219,148921
2026-07-13 13:30:00-04:00,269.43499755859375,271.1199951171875,269.3200988769531,270.7049865722656,131291
2026-07-13 14:30:00-04:00,268.45001220703125,270.4849853515625,268.07000732421875,269.37249755859375,151266
2026-07-13 15:30:00-04:00,269.42999267578125,270.1000061035156,267.0429992675781,268.260009765625,302162
2026-07-14 09:30:00-04:00,280.1700134277344,282.489990234375,266.010009765625,268.0,708596
2026-07-14 10:30:00-04:00,280.5299987792969,282.989990234375,279.5,280.1700134277344,525757
2026-07-14 11:30:00-04:00,284.0799865722656,284.20001220703125,279.0299987792969,280.5950012207031,1005433
2026-07-14 12:30:00-04:00,281.239990234375,284.6300048828125,281.2049865722656,284.07501220703125,328997
2026-07-14 13:30:00-04:00,278.8999938964844,282.1000061035156,278.6499938964844,281.5450134277344,253881
2026-07-14 14:30:00-04:00,279.010009765625,279.6000061035156,277.0400085449219,278.8100891113281,298348
2026-07-14 15:30:00-04:00,281.739990234375,281.9700012207031,277.94000244140625,278.9800109863281,522497
2026-07-15 09:30:00-04:00,282.2659912109375,291.0,281.760009765625,288.8599853515625,622633
2026-07-15 10:30:00-04:00,274.17999267578125,282.2900085449219,273.6099853515625,282.0799865722656,459107
2026-07-15 11:30:00-04:00,272.95001220703125,276.5,272.05010986328125,274.0899963378906,355023
2026-07-15 12:30:00-04:00,272.4800109863281,273.6000061035156,271.1300048828125,272.7550048828125,297216
2026-07-15 13:30:00-04:00,274.3699951171875,275.4700012207031,271.6300048828125,272.3299865722656,170594
2026-07-15 14:30:00-04:00,273.3525085449219,275.05950927734375,272.489990234375,274.5050048828125,230598
2026-07-15 15:30:00-04:00,273.1400146484375,273.95001220703125,271.5,273.3999938964844,327197
2026-07-16 09:30:00-04:00,274.5050048828125,275.92999267578125,266.7200012207031,274.4599914550781,379856
2026-07-16 10:30:00-04:00,275.4198913574219,277.8399963378906,273.010009765625,274.5,206394
2026-07-16 11:30:00-04:00,274.6600036621094,276.1499938964844,272.1300964355469,274.70001220703125,272001
2026-07-16 12:30:00-04:00,274.44500732421875,275.79998779296875,272.1300048828125,274.6549987792969,433758
2026-07-16 13:30:00-04:00,274.2200012207031,274.7300109863281,273.0,274.3699951171875,206786
2026-07-16 14:30:00-04:00,271.2250061035156,274.70001220703125,270.7200012207031,274.2200012207031,246472
2026-07-16 15:30:00-04:00,272.510009765625,274.2900085449219,270.9949951171875,270.9949951171875,372184
2026-07-17 09:30:00-04:00,277.7250061035156,279.1000061035156,261.7250061035156,262.67999267578125,787972
2026-07-17 10:30:00-04:00,276.5299987792969,280.94000244140625,275.4599914550781,278.07000732421875,340587
2026-07-17 11:30:00-04:00,277.614990234375,278.7650146484375,274.5810852050781,276.1300048828125,207011
2026-07-17 12:30:00-04:00,281.1824951171875,281.4599914550781,276.92999267578125,277.6000061035156,313313
2026-07-17 13:30:00-04:00,278.54998779296875,281.989990234375,277.3800048828125,281.2799987792969,192142
2026-07-17 14:30:00-04:00,276.4024963378906,279.17999267578125,275.30999755859375,278.6199951171875,185832
2026-07-17 15:30:00-04:00,277.6300048828125,278.260009765625,275.66009521484375,276.3999938964844,501728
2026-07-20 09:30:00-04:00,277.4200134277344,280.57000732421875,275.0,278.8399963378906,1006452
2026-07-20 10:30:00-04:00,277.7699890136719,278.43499755859375,275.9150085449219,277.510009765625,237388
2026-07-20 11:30:00-04:00,277.9549865722656,278.9800109863281,276.9800109863281,277.80499267578125,207923
2026-07-20 12:30:00-04:00,278.0,278.2200012207031,276.32501220703125,277.9700012207031,327885
2026-07-20 13:30:00-04:00,276.6700134277344,278.1300048828125,275.54998779296875,278.0,274593
2026-07-20 14:30:00-04:00,275.42498779296875,276.8999938964844,273.3500061035156,276.6600036621094,437324
2026-07-20 15:30:00-04:00,272.375,276.56500244140625,272.1199951171875,275.6400146484375,386077
2026-07-21 09:30:00-04:00,274.79998779296875,277.25,268.976806640625,272.9700012207031,564902
2026-07-21 10:30:00-04:00,273.3304138183594,276.625,271.7099914550781,274.82000732421875,546038
2026-07-21 11:30:00-04:00,273.3399963378906,275.0,272.55999755859375,273.3999938964844,272980
2026-07-21 12:30:00-04:00,272.3900146484375,274.3999938964844,271.2900085449219,273.42999267578125,371518
2026-07-21 13:30:00-04:00,270.760009765625,272.3399963378906,270.150390625,272.1499938964844,355711
2026-07-21 14:30:00-04:00,271.75,272.739990234375,270.82000732421875,270.8299865722656,425489
2026-07-21 15:30:00-04:00,272.25,273.0,271.4800109863281,271.80999755859375,700948
2026-07-22 09:30:00-04:00,269.6000061035156,272.5,265.0700988769531,271.75,450776
2026-07-22 10:30:00-04:00,268.6499938964844,270.2900085449219,266.6300048828125,269.625,221556
2026-07-22 11:30:00-04:00,267.9599914550781,269.19000244140625,266.760009765625,268.6199951171875,176674
2026-07-22 12:30:00-04:00,270.5400085449219,271.5,267.7699890136719,267.989990234375,450699
2026-07-22 13:30:00-04:00,270.32000732421875,271.5,268.75,270.760009765625,231596
2026-07-22 14:30:00-04:00,269.45001220703125,270.95001220703125,268.260009765625,270.32000732421875,272988
2026-07-22 15:30:00-04:00,268.75,271.1549987792969,268.7149963378906,269.6000061035156,536432
2026-07-23 09:30:00-04:00,265.9700012207031,276.8937072753906,263.70001220703125,274.67999267578125,291826
2026-07-23 10:30:00-04:00,262.0799865722656,266.4700012207031,261.739990234375,266.05499267578125,280957
2026-07-23 11:30:00-04:00,264.3399963378906,264.6099853515625,260.57000732421875,261.739990234375,303482
2026-07-23 12:30:00-04:00,264.5199890136719,266.0,263.8599853515625,264.3299865722656,133257
2026-07-23 13:30:00-04:00,262.82000732421875,264.6050109863281,262.2049865722656,264.4800109863281,145440
2026-07-23 14:30:00-04:00,262.5799865722656,262.9999084472656,261.02899169921875,262.82000732421875,311365
2026-07-23 15:30:00-04:00,262.2699890136719,263.6000061035156,261.260009765625,262.5799865722656,507534
2026-07-24 09:30:00-04:00,262.8900146484375,266.79998779296875,261.5,265.9599914550781,311087
2026-07-24 10:30:00-04:00,264.9200134277344,265.3399963378906,261.5,262.9200134277344,241577
2026-07-24 11:30:00-04:00,265.82000732421875,266.58990478515625,263.5199890136719,264.9700012207031,134487
2026-07-24 12:30:00-04:00,264.9825134277344,265.92999267578125,263.1199951171875,265.7749938964844,175853
2026-07-24 13:30:00-04:00,263.5,265.20001220703125,263.07000732421875,264.67999267578125,147777
2026-07-24 14:30:00-04:00,262.3550109863281,263.55999755859375,261.93499755859375,263.4486083984375,203564
2026-07-24 15:30:00-04:00,262.32000732421875,263.5299987792969,262.05999755859375,262.3500061035156,413239
2026-07-27 09:30:00-04:00,262.9599914550781,272.447509765625,262.9599914550781,267.4800109863281,282617
2026-07-27 10:30:00-04:00,262.7749938964844,262.9992980957031,257.6000061035156,262.7099914550781,251842
2026-07-27 11:30:00-04:00,263.70001220703125,263.70001220703125,260.69000244140625,262.7300109863281,153651
2026-07-27 12:30:00-04:00,265.4100036621094,266.80999755859375,263.1549987792969,263.32000732421875,292617
2026-07-27 13:30:00-04:00,264.3299865722656,267.0400085449219,264.30999755859375,265.3800048828125,256011
2026-07-27 14:30:00-04:00,265.94000244140625,267.2749938964844,263.9150085449219,264.364990234375,278352
2026-07-27 15:30:00-04:00,265.6000061035156,266.56201171875,264.80999755859375,266.07000732421875,401580
2026-07-28 09:30:00-04:00,251.90499877929688,265.7300109863281,250.69000244140625,263.3599853515625,661496
2026-07-28 10:30:00-04:00,266.43499755859375,268.4549865722656,250.8699951171875,251.33999633789062,556821
2026-07-28 11:30:00-04:00,266.1600036621094,267.44000244140625,264.010009765625,266.3999938964844,268584
2026-07-28 12:30:00-04:00,265.0589904785156,267.4790954589844,264.32000732421875,266.03009033203125,117238
2026-07-28 13:30:00-04:00,264.989990234375,266.3183898925781,264.32000732421875,264.70001220703125,151771
2026-07-28 14:30:00-04:00,266.1099853515625,267.0050048828125,264.9100036621094,264.989990234375,171520
2026-07-28 15:30:00-04:00,264.1199951171875,266.4700012207031,264.1000061035156,266.1050109863281,335347
2026-07-29 09:30:00-04:00,264.6000061035156,273.5790100097656,263.2601013183594,264.55999755859375,495526
2026-07-29 10:30:00-04:00,264.4700012207031,266.5,263.6199951171875,264.6050109863281,297060
2026-07-29 11:30:00-04:00,266.7900085449219,266.8999938964844,262.95001220703125,264.3699951171875,250700
2026-07-29 12:30:00-04:00,267.57000732421875,268.94000244140625,264.6099853515625,266.79998779296875,188039
2026-07-29 13:30:00-04:00,274.30499267578125,274.6499938964844,267.05999755859375,267.5299987792969,514432
2026-07-29 14:30:00-04:00,275.1300048828125,279.9150085449219,273.94500732421875,274.6000061035156,489092
2026-07-29 15:30:00-04:00,270.55999755859375,275.489990234375,269.4200134277344,275.1700134277344,795512
2026-07-30 09:30:00-04:00,279.11419677734375,281.79998779296875,265.0,271.375,903566
2026-07-30 10:30:00-04:00,282.1099853515625,283.7250061035156,276.92999267578125,279.3349914550781,321431
2026-07-30 11:30:00-04:00,281.9800109863281,284.5,281.3301086425781,282.1199951171875,261378
2026-07-30 12:30:00-04:00,282.8800048828125,284.4100036621094,280.9649963378906,281.82501220703125,184941
2026-07-30 13:30:00-04:00,282.29998779296875,284.3699951171875,281.32470703125,283.0400085449219,178044
2026-07-30 14:30:00-04:00,284.7099914550781,285.0,282.20001220703125,282.5,330133
2026-07-30 15:30:00-04:00,283.3299865722656,284.9200134277344,282.3900146484375,284.5400085449219,570293
2026-07-31 09:30:00-04:00,277.760009765625,293.79998779296875,277.1600036621094,284.9200134277344,958291
2026-07-31 10:30:00-04:00,276.2099914550781,279.82000732421875,275.3299865722656,277.4100036621094,523928
2026-07-31 11:30:00-04:00,279.32000732421875,279.32000732421875,275.0400085449219,276.2200012207031,296703
2026-07-31 12:30:00-04:00,281.7799987792969,281.79998779296875,278.42999267578125,279.3800048828125,255977
2026-07-31 13:30:00-04:00,278.92999267578125,281.9200134277344,278.635009765625,281.8299865722656,194619
2026-07-31 14:30:00-04:00,280.70001220703125,282.30999755859375,278.67999267578125,278.94000244140625,413286
2026-07-31 15:30:00-04:00,278.75,280.5899963378906,278.75,280.5899963378906,476841
2026-08-03 09:30:00-04:00,282.0899963378906,288.69000244140625,276.07000732421875,278.8450012207031,803108
2026-08-03 10:30:00-04:00,284.3399963378906,285.1000061035156,281.1099853515625,281.3999938964844,380939
2026-08-03 11:30:00-04:00,285.92498779296875,286.5799865722656,283.5400085449219,284.3399963378906,391028
2026-08-03 12:30:00-04:00,283.9549865722656,286.0,283.6600036621094,285.92999267578125,196873
2026-08-03 13:30:00-04:00,284.7650146484375,285.30999755859375,283.6499938964844,283.95001220703125,254333
2026-08-03 14:30:00-04:00,284.0299987792969,285.25,282.69000244140625,284.7900085449219,308658
2026-08-03 15:30:00-04:00,282.7099914550781,284.7900085449219,281.44000244140625,284.0799865722656,428773
2026-08-04 09:30:00-04:00,297.4599914550781,297.5799865722656,278.510009765625,280.0,1278882
2026-08-04 10:30:00-04:00,297.7250061035156,299.7900085449219,295.1600036621094,297.55499267578125,809394
2026-08-04 11:30:00-04:00,297.6499938964844,298.0,296.4200134277344,297.7749938964844,327407
2026-08-04 12:30:00-04:00,300.2995910644531,300.3800048828125,296.989990234375,297.6499938964844,584425
2026-08-04 13:30:00-04:00,303.6700134277344,303.69000244140625,299.7300109863281,300.3699951171875,587245
2026-08-04 14:30:00-04:00,301.67999267578125,303.760009765625,301.17999267578125,303.6099853515625,553755
2026-08-04 15:30:00-04:00,301.2300109863281,303.69500732421875,301.1700134277344,301.67999267578125,631468
2026-08-05 09:30:00-04:00,297.8999938964844,305.0,295.8800048828125,300.0799865722656,776010
2026-08-05 10:30:00-04:00,296.6449890136719,298.2099914550781,294.9599914550781,297.67999267578125,420782
2026-08-05 11:30:00-04:00,295.70001220703125,297.4100036621094,294.489990234375,296.6499938964844,386132
2026-08-05 12:30:00-04:00,295.9700012207031,296.4599914550781,294.57000732421875,295.7049865722656,373783
2026-08-05 13:30:00-04:00,296.0350036621094,296.8599853515625,294.69000244140625,295.8800048828125,409559
2026-08-05 14:30:00-04:00,294.94000244140625,297.25408935546875,294.8399963378906,296.0350036621094,378372
2026-08-05 15:30:00-04:00,292.9599914550781,295.8450012207031,291.0,294.989990234375,837380
2026-08-06 09:30:00-04:00,290.0,291.5398864746094,280.1300048828125,283.17999267578125,1119949
2026-08-06 10:30:00-04:00,288.7699890136719,291.7550048828125,287.29998779296875,290.0400085449219,513245
2026-08-06 11:30:00-04:00,283.82000732421875,288.9306945800781,283.44000244140625,288.760009765625,362566
2026-08-06 12:30:00-04:00,285.2049865722656,285.6000061035156,282.6600036621094,283.7099914550781,355376
2026-08-06 13:30:00-04:00,283.7300109863281,285.3599853515625,283.3699951171875,285.1400146484375,447585
2026-08-06 14:30:00-04:00,283.9100036621094,284.95001220703125,282.04998779296875,283.8349914550781,587598
2026-08-06 15:30:00-04:00,284.42999267578125,285.1300048828125,282.1600036621094,283.7799987792969,912028
2026-08-07 09:30:00-04:00,312.9100036621094,324.7300109863281,311.0,318.0,3142019
2026-08-07 10:30:00-04:00,303.6050109863281,313.7550048828125,301.260009765625,312.80999755859375,1228129
2026-08-07 11:30:00-04:00,308.5350036621094,309.010009765625,303.4200134277344,303.56500244140625,875864
2026-08-07 12:30:00-04:00,306.0199890136719,308.8450012207031,305.0799865722656,308.5400085449219,665353
2026-08-07 13:30:00-04:00,297.7449951171875,306.0400085449219,297.2550048828125,305.67498779296875,719315
2026-08-07 14:30:00-04:00,297.75,299.4800109863281,295.8900146484375,297.80999755859375,596265
2026-08-07 15:30:00-04:00,300.2699890136719,302.239990234375,296.42999267578125,297.5400085449219,1147270
2026-08-10 09:30:00-04:00,302.5,304.1400146484375,290.489990234375,295.5,2015800
2026-08-10 10:30:00-04:00,304.9049987792969,306.8349914550781,300.4649963378906,302.5,1043911
2026-08-10 11:30:00-04:00,304.3450012207031,306.32989501953125,301.0400085449219,304.9750061035156,609194
2026-08-10 12:30:00-04:00,305.04998779296875,305.6199951171875,301.70001220703125,304.3450012207031,512803
2026-08-10 13:30:00-04:00,304.3999938964844,306.29998779296875,302.8599853515625,305.04998779296875,636751
2026-08-10 14:30:00-04:00,309.4599914550781,309.8299865722656,304.1600036621094,304.4049987792969,818087
2026-08-10 15:30:00-04:00,310.42999267578125,312.6600036621094,308.8999938964844,309.4599914550781,1211937
2026-08-11 09:30:00-04:00,308.6050109863281,310.135009765625,295.5,307.6000061035156,2052343
2026-08-11 10:30:00-04:00,310.0350036621094,313.3999938964844,308.260009765625,308.6099853515625,802557
2026-08-11 11:30:00-04:00,310.7099914550781,313.7699890136719,309.1499938964844,310.0350036621094,733414
2026-08-11 12:30:00-04:00,311.0,312.0849914550781,309.78009033203125,310.8699951171875,414144
2026-08-11 13:30:00-04:00,306.9100036621094,311.0199890136719,306.75,311.0,495615
2026-08-11 14:30:00-04:00,310.125,310.57501220703125,306.3500061035156,307.0299987792969,564621
2026-08-11 15:30:00-04:00,306.87750244140625,310.75,306.4700012207031,310.2799987792969,526545
