t,direccion,modelo,t_ny,hora_ny
2025-10-27 04:18:00+00:00,BUY,MEC-A,2025-10-27 00:18:00-04:00,0
2025-10-27 04:20:00+00:00,BUY,MEC-A,2025-10-27 00:20:00-04:00,0
2025-10-27 04:21:00+00:00,BUY,MEC-A,2025-10-27 00:21:00-04:00,0
2025-10-27 04:24:00+00:00,BUY,MEC-A,2025-10-27 00:24:00-04:00,0
2025-10-27 04:25:00+00:00,BUY,MEC-A,2025-10-27 00:25:00-04:00,0
2025-10-27 04:32:00+00:00,BUY,MEC-A,2025-10-27 00:32:00-04:00,0
2025-10-27 04:33:00+00:00,BUY,MEC-A,2025-10-27 00:33:00-04:00,0
2025-10-27 04:49:00+00:00,BUY,MEC-A,2025-10-27 00:49:00-04:00,0
2025-10-27 04:53:00+00:00,BUY,MEC-A,2025-10-27 00:53:00-04:00,0
2025-10-27 04:54:00+00:00,BUY,MEC-A,2025-10-27 00:54:00-04:00,0
2025-10-27 05:01:00+00:00,BUY,MEC-A,2025-10-27 01:01:00-04:00,1
2025-10-27 05:02:00+00:00,BUY,MEC-A,2025-10-27 01:02:00-04:00,1
2025-10-27 05:03:00+00:00,BUY,MEC-A,2025-10-27 01:03:00-04:00,1
2025-10-27 05:09:00+00:00,BUY,MEC-A,2025-10-27 01:09:00-04:00,1
2025-10-27 05:11:00+00:00,BUY,MEC-A,2025-10-27 01:11:00-04:00,1
2025-10-27 05:13:00+00:00,BUY,MEC-A,2025-10-27 01:13:00-04:00,1
2025-10-27 05:16:00+00:00,BUY,MEC-A,2025-10-27 01:16:00-04:00,1
2025-10-27 05:20:00+00:00,BUY,MEC-A,2025-10-27 01:20:00-04:00,1
2025-10-27 05:21:00+00:00,BUY,MEC-A,2025-10-27 01:21:00-04:00,1
2025-10-27 05:26:00+00:00,BUY,MEC-A,2025-10-27 01:26:00-04:00,1
2025-10-27 05:27:00+00:00,BUY,MEC-A,2025-10-27 01:27:00-04:00,1
2025-10-27 05:33:00+00:00,BUY,MEC-A,2025-10-27 01:33:00-04:00,1
2025-10-27 05:36:00+00:00,BUY,MEC-A,2025-10-27 01:36:00-04:00,1
2025-10-27 05:39:00+00:00,SELL,MEC-A,2025-10-27 01:39:00-04:00,1
2025-10-27 05:42:00+00:00,SELL,MEC-A,2025-10-27 01:42:00-04:00,1
2025-10-27 05:45:00+00:00,SELL,MEC-A,2025-10-27 01:45:00-04:00,1
2025-10-27 05:50:00+00:00,BUY,MEC-A,2025-10-27 01:50:00-04:00,1
2025-10-27 05:56:00+00:00,SELL,MEC-A,2025-10-27 01:56:00-04:00,1
2025-10-27 06:24:00+00:00,BUY,MEC-A,2025-10-27 02:24:00-04:00,2
2025-10-27 06:26:00+00:00,BUY,MEC-A,2025-10-27 02:26:00-04:00,2
2025-10-27 06:34:00+00:00,BUY,MEC-A,2025-10-27 02:34:00-04:00,2
2025-10-27 06:35:00+00:00,BUY,MEC-A,2025-10-27 02:35:00-04:00,2
2025-10-27 06:38:00+00:00,BUY,MEC-A,2025-10-27 02:38:00-04:00,2
2025-10-27 06:54:00+00:00,SELL,MEC-A,2025-10-27 02:54:00-04:00,2
2025-10-27 06:55:00+00:00,SELL,MEC-A,2025-10-27 02:55:00-04:00,2
2025-10-27 07:01:00+00:00,SELL,MEC-A,2025-10-27 03:01:00-04:00,3
2025-10-27 07:02:00+00:00,SELL,MEC-A,2025-10-27 03:02:00-04:00,3
2025-10-27 07:04:00+00:00,SELL,MEC-A,2025-10-27 03:04:00-04:00,3
2025-10-27 07:07:00+00:00,SELL,MEC-A,2025-10-27 03:07:00-04:00,3
2025-10-27 07:08:00+00:00,SELL,MEC-A,2025-10-27 03:08:00-04:00,3
2025-10-27 07:09:00+00:00,SELL,MEC-A,2025-10-27 03:09:00-04:00,3
2025-10-27 07:10:00+00:00,SELL,MEC-A,2025-10-27 03:10:00-04:00,3
2025-10-27 07:14:00+00:00,SELL,MEC-A,2025-10-27 03:14:00-04:00,3
2025-10-27 07:20:00+00:00,SELL,MEC-A,2025-10-27 03:20:00-04:00,3
2025-10-27 07:21:00+00:00,SELL,MEC-A,2025-10-27 03:21:00-04:00,3
2025-10-27 07:26:00+00:00,SELL,MEC-A,2025-10-27 03:26:00-04:00,3
2025-10-27 07:27:00+00:00,SELL,MEC-A,2025-10-27 03:27:00-04:00,3
2025-10-27 07:33:00+00:00,SELL,MEC-A,2025-10-27 03:33:00-04:00,3
2025-10-27 07:39:00+00:00,SELL,MEC-A,2025-10-27 03:39:00-04:00,3
2025-10-27 07:41:00+00:00,SELL,MEC-A,2025-10-27 03:41:00-04:00,3
2025-10-27 07:46:00+00:00,SELL,MEC-A,2025-10-27 03:46:00-04:00,3
2025-10-27 07:51:00+00:00,SELL,MEC-A,2025-10-27 03:51:00-04:00,3
2025-10-27 07:54:00+00:00,SELL,MEC-A,2025-10-27 03:54:00-04:00,3
2025-10-27 07:55:00+00:00,SELL,MEC-A,2025-10-27 03:55:00-04:00,3
2025-10-27 08:00:00+00:00,SELL,MEC-A,2025-10-27 04:00:00-04:00,4
2025-10-27 08:01:00+00:00,SELL,MEC-A,2025-10-27 04:01:00-04:00,4
2025-10-27 08:15:00+00:00,BUY,MEC-A,2025-10-27 04:15:00-04:00,4
2025-10-27 08:21:00+00:00,SELL,MEC-A,2025-10-27 04:21:00-04:00,4
2025-10-27 08:22:00+00:00,SELL,MEC-A,2025-10-27 04:22:00-04:00,4
2025-10-27 08:23:00+00:00,SELL,MEC-A,2025-10-27 04:23:00-04:00,4
2025-10-27 08:25:00+00:00,SELL,MEC-A,2025-10-27 04:25:00-04:00,4
2025-10-27 08:26:00+00:00,SELL,MEC-A,2025-10-27 04:26:00-04:00,4
2025-10-27 08:32:00+00:00,SELL,MEC-A,2025-10-27 04:32:00-04:00,4
2025-10-27 08:40:00+00:00,SELL,MEC-A,2025-10-27 04:40:00-04:00,4
2025-10-27 08:44:00+00:00,SELL,MEC-A,2025-10-27 04:44:00-04:00,4
2025-10-27 08:47:00+00:00,SELL,MEC-A,2025-10-27 04:47:00-04:00,4
2025-10-27 08:48:00+00:00,SELL,MEC-A,2025-10-27 04:48:00-04:00,4
2025-10-27 08:52:00+00:00,SELL,MEC-A,2025-10-27 04:52:00-04:00,4
2025-10-27 08:53:00+00:00,SELL,MEC-A,2025-10-27 04:53:00-04:00,4
2025-10-27 08:54:00+00:00,SELL,MEC-A,2025-10-27 04:54:00-04:00,4
2025-10-27 08:55:00+00:00,SELL,MEC-A,2025-10-27 04:55:00-04:00,4
2025-10-27 11:34:00+00:00,SELL,MEC-A,2025-10-27 07:34:00-04:00,7
2025-10-27 11:37:00+00:00,SELL,MEC-A,2025-10-27 07:37:00-04:00,7
2025-10-27 11:38:00+00:00,SELL,MEC-A,2025-10-27 07:38:00-04:00,7
2025-10-27 11:42:00+00:00,SELL,MEC-A,2025-10-27 07:42:00-04:00,7
2025-10-27 11:46:00+00:00,BUY,MEC-A,2025-10-27 07:46:00-04:00,7
2025-10-27 11:47:00+00:00,BUY,MEC-A,2025-10-27 07:47:00-04:00,7
2025-10-27 11:50:00+00:00,BUY,MEC-A,2025-10-27 07:50:00-04:00,7
2025-10-27 11:53:00+00:00,BUY,MEC-A,2025-10-27 07:53:00-04:00,7
2025-10-27 11:57:00+00:00,BUY,MEC-A,2025-10-27 07:57:00-04:00,7
2025-10-27 12:01:00+00:00,BUY,MEC-A,2025-10-27 08:01:00-04:00,8
2025-10-27 12:02:00+00:00,BUY,MEC-A,2025-10-27 08:02:00-04:00,8
2025-10-27 12:10:00+00:00,BUY,MEC-A,2025-10-27 08:10:00-04:00,8
2025-10-27 12:12:00+00:00,SELL,MEC-A,2025-10-27 08:12:00-04:00,8
2025-10-27 12:19:00+00:00,BUY,MEC-A,2025-10-27 08:19:00-04:00,8
2025-10-27 12:23:00+00:00,BUY,MEC-A,2025-10-27 08:23:00-04:00,8
2025-10-27 12:24:00+00:00,BUY,MEC-A,2025-10-27 08:24:00-04:00,8
2025-10-27 12:41:00+00:00,BUY,MEC-A,2025-10-27 08:41:00-04:00,8
2025-10-27 12:46:00+00:00,BUY,MEC-A,2025-10-27 08:46:00-04:00,8
2025-10-27 12:47:00+00:00,BUY,MEC-A,2025-10-27 08:47:00-04:00,8
2025-10-27 12:49:00+00:00,BUY,MEC-A,2025-10-27 08:49:00-04:00,8
2025-10-27 12:55:00+00:00,BUY,MEC-A,2025-10-27 08:55:00-04:00,8
2025-10-27 12:58:00+00:00,BUY,MEC-A,2025-10-27 08:58:00-04:00,8
2025-10-27 12:59:00+00:00,BUY,MEC-A,2025-10-27 08:59:00-04:00,8
2025-10-27 13:26:00+00:00,SELL,MEC-A,2025-10-27 09:26:00-04:00,9
2025-10-27 13:30:00+00:00,SELL,MEC-A,2025-10-27 09:30:00-04:00,9
2025-10-27 13:31:00+00:00,SELL,MEC-A,2025-10-27 09:31:00-04:00,9
2025-10-27 13:34:00+00:00,SELL,MEC-A,2025-10-27 09:34:00-04:00,9
2025-10-27 13:39:00+00:00,SELL,MEC-A,2025-10-27 09:39:00-04:00,9
2025-10-27 13:40:00+00:00,SELL,MEC-A,2025-10-27 09:40:00-04:00,9
2025-10-27 13:41:00+00:00,SELL,MEC-A,2025-10-27 09:41:00-04:00,9
2025-10-27 13:43:00+00:00,SELL,MEC-A,2025-10-27 09:43:00-04:00,9
2025-10-27 13:47:00+00:00,SELL,MEC-A,2025-10-27 09:47:00-04:00,9
2025-10-27 14:00:00+00:00,SELL,MEC-A,2025-10-27 10:00:00-04:00,10
2025-10-27 14:02:00+00:00,SELL,MEC-A,2025-10-27 10:02:00-04:00,10
2025-10-27 14:03:00+00:00,SELL,MEC-A,2025-10-27 10:03:00-04:00,10
2025-10-27 14:06:00+00:00,SELL,MEC-A,2025-10-27 10:06:00-04:00,10
2025-10-27 14:08:00+00:00,SELL,MEC-A,2025-10-27 10:08:00-04:00,10
2025-10-27 14:14:00+00:00,SELL,MEC-A,2025-10-27 10:14:00-04:00,10
2025-10-27 14:16:00+00:00,SELL,MEC-A,2025-10-27 10:16:00-04:00,10
2025-10-27 14:17:00+00:00,SELL,MEC-A,2025-10-27 10:17:00-04:00,10
2025-10-27 14:22:00+00:00,SELL,MEC-A,2025-10-27 10:22:00-04:00,10
2025-10-27 14:28:00+00:00,BUY,MEC-A,2025-10-27 10:28:00-04:00,10
2025-10-27 14:37:00+00:00,SELL,MEC-A,2025-10-27 10:37:00-04:00,10
2025-10-27 15:00:00+00:00,SELL,MEC-A,2025-10-27 11:00:00-04:00,11
2025-10-27 15:05:00+00:00,SELL,MEC-A,2025-10-27 11:05:00-04:00,11
2025-10-27 15:23:00+00:00,SELL,MEC-A,2025-10-27 11:23:00-04:00,11
2025-10-27 15:30:00+00:00,BUY,MEC-A,2025-10-27 11:30:00-04:00,11
2025-10-27 15:31:00+00:00,BUY,MEC-A,2025-10-27 11:31:00-04:00,11
2025-10-27 15:35:00+00:00,BUY,MEC-A,2025-10-27 11:35:00-04:00,11
2025-10-27 15:53:00+00:00,BUY,MEC-A,2025-10-27 11:53:00-04:00,11
2025-10-27 15:58:00+00:00,BUY,MEC-A,2025-10-27 11:58:00-04:00,11
2025-10-27 17:00:00+00:00,BUY,MEC-A,2025-10-27 13:00:00-04:00,13
2025-10-27 17:02:00+00:00,BUY,MEC-A,2025-10-27 13:02:00-04:00,13
2025-10-27 17:05:00+00:00,BUY,MEC-A,2025-10-27 13:05:00-04:00,13
2025-10-27 17:16:00+00:00,SELL,MEC-A,2025-10-27 13:16:00-04:00,13
2025-10-27 17:17:00+00:00,SELL,MEC-A,2025-10-27 13:17:00-04:00,13
2025-10-27 17:19:00+00:00,SELL,MEC-A,2025-10-27 13:19:00-04:00,13
2025-10-27 17:26:00+00:00,BUY,MEC-A,2025-10-27 13:26:00-04:00,13
2025-10-27 17:27:00+00:00,BUY,MEC-A,2025-10-27 13:27:00-04:00,13
2025-10-27 17:28:00+00:00,BUY,MEC-A,2025-10-27 13:28:00-04:00,13
2025-10-27 17:33:00+00:00,BUY,MEC-A,2025-10-27 13:33:00-04:00,13
2025-10-27 17:34:00+00:00,BUY,MEC-A,2025-10-27 13:34:00-04:00,13
2025-10-27 17:37:00+00:00,SELL,MEC-A,2025-10-27 13:37:00-04:00,13
2025-10-27 17:46:00+00:00,BUY,MEC-A,2025-10-27 13:46:00-04:00,13
2025-10-27 17:49:00+00:00,BUY,MEC-A,2025-10-27 13:49:00-04:00,13
2025-10-27 17:54:00+00:00,BUY,MEC-A,2025-10-27 13:54:00-04:00,13
2025-10-27 17:57:00+00:00,BUY,MEC-A,2025-10-27 13:57:00-04:00,13
2025-10-27 18:06:00+00:00,BUY,MEC-A,2025-10-27 14:06:00-04:00,14
2025-10-27 18:14:00+00:00,BUY,MEC-A,2025-10-27 14:14:00-04:00,14
2025-10-27 18:18:00+00:00,BUY,MEC-A,2025-10-27 14:18:00-04:00,14
2025-10-27 18:33:00+00:00,SELL,MEC-A,2025-10-27 14:33:00-04:00,14
2025-10-27 18:35:00+00:00,SELL,MEC-A,2025-10-27 14:35:00-04:00,14
2025-10-27 18:37:00+00:00,SELL,MEC-A,2025-10-27 14:37:00-04:00,14
2025-10-27 18:38:00+00:00,SELL,MEC-A,2025-10-27 14:38:00-04:00,14
2025-10-27 18:41:00+00:00,SELL,MEC-A,2025-10-27 14:41:00-04:00,14
2025-10-27 18:48:00+00:00,SELL,MEC-A,2025-10-27 14:48:00-04:00,14
2025-10-27 18:55:00+00:00,SELL,MEC-A,2025-10-27 14:55:00-04:00,14
2025-10-27 18:56:00+00:00,SELL,MEC-A,2025-10-27 14:56:00-04:00,14
2025-10-27 18:59:00+00:00,SELL,MEC-A,2025-10-27 14:59:00-04:00,14
2025-10-27 19:07:00+00:00,SELL,MEC-A,2025-10-27 15:07:00-04:00,15
2025-10-27 19:12:00+00:00,SELL,MEC-A,2025-10-27 15:12:00-04:00,15
2025-10-27 19:16:00+00:00,SELL,MEC-A,2025-10-27 15:16:00-04:00,15
2025-10-27 19:18:00+00:00,SELL,MEC-A,2025-10-27 15:18:00-04:00,15
2025-10-27 19:20:00+00:00,SELL,MEC-A,2025-10-27 15:20:00-04:00,15
2025-10-27 19:25:00+00:00,SELL,MEC-A,2025-10-27 15:25:00-04:00,15
2025-10-27 19:26:00+00:00,SELL,MEC-A,2025-10-27 15:26:00-04:00,15
2025-10-27 19:28:00+00:00,SELL,MEC-A,2025-10-27 15:28:00-04:00,15
2025-10-27 19:29:00+00:00,SELL,MEC-A,2025-10-27 15:29:00-04:00,15
2025-10-27 19:34:00+00:00,SELL,MEC-A,2025-10-27 15:34:00-04:00,15
2025-10-27 19:37:00+00:00,SELL,MEC-A,2025-10-27 15:37:00-04:00,15
2025-10-27 19:43:00+00:00,SELL,MEC-A,2025-10-27 15:43:00-04:00,15
2025-10-27 19:54:00+00:00,SELL,MEC-A,2025-10-27 15:54:00-04:00,15
2025-10-27 20:02:00+00:00,BUY,MEC-A,2025-10-27 16:02:00-04:00,16
2025-10-27 20:11:00+00:00,BUY,MEC-A,2025-10-27 16:11:00-04:00,16
2025-10-27 20:15:00+00:00,BUY,MEC-A,2025-10-27 16:15:00-04:00,16
2025-10-27 20:17:00+00:00,BUY,MEC-A,2025-10-27 16:17:00-04:00,16
2025-10-27 20:19:00+00:00,BUY,MEC-A,2025-10-27 16:19:00-04:00,16
2025-10-27 20:22:00+00:00,BUY,MEC-A,2025-10-27 16:22:00-04:00,16
2025-10-27 20:23:00+00:00,BUY,MEC-A,2025-10-27 16:23:00-04:00,16
2025-10-27 20:24:00+00:00,BUY,MEC-A,2025-10-27 16:24:00-04:00,16
2025-10-27 20:26:00+00:00,BUY,MEC-A,2025-10-27 16:26:00-04:00,16
2025-10-27 20:28:00+00:00,BUY,MEC-A,2025-10-27 16:28:00-04:00,16
2025-10-27 20:29:00+00:00,BUY,MEC-A,2025-10-27 16:29:00-04:00,16
2025-10-27 20:34:00+00:00,BUY,MEC-A,2025-10-27 16:34:00-04:00,16
2025-10-27 20:36:00+00:00,SELL,MEC-A,2025-10-27 16:36:00-04:00,16
2025-10-27 20:37:00+00:00,SELL,MEC-A,2025-10-27 16:37:00-04:00,16
2025-10-27 20:40:00+00:00,SELL,MEC-A,2025-10-27 16:40:00-04:00,16
2025-10-27 20:43:00+00:00,SELL,MEC-A,2025-10-27 16:43:00-04:00,16
2025-10-27 20:44:00+00:00,SELL,MEC-A,2025-10-27 16:44:00-04:00,16
2025-10-27 20:49:00+00:00,SELL,MEC-A,2025-10-27 16:49:00-04:00,16
2025-10-27 20:50:00+00:00,SELL,MEC-A,2025-10-27 16:50:00-04:00,16
2025-10-27 20:51:00+00:00,SELL,MEC-A,2025-10-27 16:51:00-04:00,16
2025-10-27 20:54:00+00:00,SELL,MEC-A,2025-10-27 16:54:00-04:00,16
2025-10-27 20:58:00+00:00,SELL,MEC-A,2025-10-27 16:58:00-04:00,16
2025-10-27 23:17:00+00:00,BUY,MEC-A,2025-10-27 19:17:00-04:00,19
2025-10-27 23:19:00+00:00,BUY,MEC-A,2025-10-27 19:19:00-04:00,19
2025-10-27 23:21:00+00:00,BUY,MEC-A,2025-10-27 19:21:00-04:00,19
2025-10-27 23:24:00+00:00,BUY,MEC-A,2025-10-27 19:24:00-04:00,19
2025-10-27 23:27:00+00:00,BUY,MEC-A,2025-10-27 19:27:00-04:00,19
2025-10-27 23:29:00+00:00,BUY,MEC-A,2025-10-27 19:29:00-04:00,19
2025-10-27 23:30:00+00:00,BUY,MEC-A,2025-10-27 19:30:00-04:00,19
2025-10-27 23:31:00+00:00,BUY,MEC-A,2025-10-27 19:31:00-04:00,19
2025-10-27 23:33:00+00:00,BUY,MEC-A,2025-10-27 19:33:00-04:00,19
2025-10-27 23:37:00+00:00,BUY,MEC-A,2025-10-27 19:37:00-04:00,19
2025-10-27 23:39:00+00:00,BUY,MEC-A,2025-10-27 19:39:00-04:00,19
2025-10-27 23:45:00+00:00,SELL,MEC-A,2025-10-27 19:45:00-04:00,19
2025-10-27 23:46:00+00:00,SELL,MEC-A,2025-10-27 19:46:00-04:00,19
2025-10-27 23:55:00+00:00,SELL,MEC-A,2025-10-27 19:55:00-04:00,19
2025-10-27 23:57:00+00:00,SELL,MEC-A,2025-10-27 19:57:00-04:00,19
2025-10-28 00:00:00+00:00,SELL,MEC-A,2025-10-27 20:00:00-04:00,20
2025-10-28 00:02:00+00:00,SELL,MEC-A,2025-10-27 20:02:00-04:00,20
2025-10-28 00:05:00+00:00,SELL,MEC-A,2025-10-27 20:05:00-04:00,20
2025-10-28 00:09:00+00:00,SELL,MEC-A,2025-10-27 20:09:00-04:00,20
2025-10-28 00:13:00+00:00,SELL,MEC-A,2025-10-27 20:13:00-04:00,20
2025-10-28 00:14:00+00:00,SELL,MEC-A,2025-10-27 20:14:00-04:00,20
2025-10-28 00:16:00+00:00,SELL,MEC-A,2025-10-27 20:16:00-04:00,20
2025-10-28 00:18:00+00:00,SELL,MEC-A,2025-10-27 20:18:00-04:00,20
2025-10-28 00:19:00+00:00,SELL,MEC-A,2025-10-27 20:19:00-04:00,20
2025-10-28 00:20:00+00:00,SELL,MEC-A,2025-10-27 20:20:00-04:00,20
2025-10-28 00:23:00+00:00,SELL,MEC-A,2025-10-27 20:23:00-04:00,20
2025-10-28 00:30:00+00:00,BUY,MEC-A,2025-10-27 20:30:00-04:00,20
2025-10-28 00:31:00+00:00,BUY,MEC-A,2025-10-27 20:31:00-04:00,20
2025-10-28 00:33:00+00:00,BUY,MEC-A,2025-10-27 20:33:00-04:00,20
2025-10-28 00:34:00+00:00,BUY,MEC-A,2025-10-27 20:34:00-04:00,20
2025-10-28 00:40:00+00:00,BUY,MEC-A,2025-10-27 20:40:00-04:00,20
2025-10-28 00:42:00+00:00,BUY,MEC-A,2025-10-27 20:42:00-04:00,20
2025-10-28 00:43:00+00:00,BUY,MEC-A,2025-10-27 20:43:00-04:00,20
2025-10-28 00:46:00+00:00,BUY,MEC-A,2025-10-27 20:46:00-04:00,20
2025-10-28 00:49:00+00:00,BUY,MEC-A,2025-10-27 20:49:00-04:00,20
2025-10-28 00:50:00+00:00,BUY,MEC-A,2025-10-27 20:50:00-04:00,20
2025-10-28 00:51:00+00:00,BUY,MEC-A,2025-10-27 20:51:00-04:00,20
2025-10-28 01:00:00+00:00,BUY,MEC-A,2025-10-27 21:00:00-04:00,21
2025-10-28 01:07:00+00:00,BUY,MEC-A,2025-10-27 21:07:00-04:00,21
2025-10-28 01:12:00+00:00,BUY,MEC-A,2025-10-27 21:12:00-04:00,21
2025-10-28 01:28:00+00:00,SELL,MEC-A,2025-10-27 21:28:00-04:00,21
2025-10-28 01:29:00+00:00,SELL,MEC-A,2025-10-27 21:29:00-04:00,21
2025-10-28 01:32:00+00:00,SELL,MEC-A,2025-10-27 21:32:00-04:00,21
2025-10-28 01:39:00+00:00,SELL,MEC-A,2025-10-27 21:39:00-04:00,21
2025-10-28 01:43:00+00:00,SELL,MEC-A,2025-10-27 21:43:00-04:00,21
2025-10-28 01:46:00+00:00,BUY,MEC-A,2025-10-27 21:46:00-04:00,21
2025-10-28 02:05:00+00:00,SELL,MEC-A,2025-10-27 22:05:00-04:00,22
2025-10-28 02:08:00+00:00,SELL,MEC-A,2025-10-27 22:08:00-04:00,22
2025-10-28 02:12:00+00:00,SELL,MEC-A,2025-10-27 22:12:00-04:00,22
2025-10-28 02:13:00+00:00,SELL,MEC-A,2025-10-27 22:13:00-04:00,22
2025-10-28 02:18:00+00:00,SELL,MEC-A,2025-10-27 22:18:00-04:00,22
2025-10-28 02:20:00+00:00,SELL,MEC-A,2025-10-27 22:20:00-04:00,22
2025-10-28 02:21:00+00:00,SELL,MEC-A,2025-10-27 22:21:00-04:00,22
2025-10-28 02:23:00+00:00,SELL,MEC-A,2025-10-27 22:23:00-04:00,22
2025-10-28 02:27:00+00:00,SELL,MEC-A,2025-10-27 22:27:00-04:00,22
2025-10-28 02:33:00+00:00,SELL,MEC-A,2025-10-27 22:33:00-04:00,22
2025-10-28 02:34:00+00:00,SELL,MEC-A,2025-10-27 22:34:00-04:00,22
2025-10-28 02:37:00+00:00,SELL,MEC-A,2025-10-27 22:37:00-04:00,22
2025-10-28 02:38:00+00:00,SELL,MEC-A,2025-10-27 22:38:00-04:00,22
2025-10-28 02:45:00+00:00,SELL,MEC-A,2025-10-27 22:45:00-04:00,22
2025-10-28 02:51:00+00:00,SELL,MEC-A,2025-10-27 22:51:00-04:00,22
2025-10-28 02:52:00+00:00,SELL,MEC-A,2025-10-27 22:52:00-04:00,22
2025-10-28 02:59:00+00:00,SELL,MEC-A,2025-10-27 22:59:00-04:00,22
2025-10-28 03:14:00+00:00,BUY,MEC-A,2025-10-27 23:14:00-04:00,23
2025-10-28 03:16:00+00:00,BUY,MEC-A,2025-10-27 23:16:00-04:00,23
2025-10-28 03:22:00+00:00,BUY,MEC-A,2025-10-27 23:22:00-04:00,23
2025-10-28 03:24:00+00:00,BUY,MEC-A,2025-10-27 23:24:00-04:00,23
2025-10-28 03:25:00+00:00,BUY,MEC-A,2025-10-27 23:25:00-04:00,23
2025-10-28 03:26:00+00:00,BUY,MEC-A,2025-10-27 23:26:00-04:00,23
2025-10-28 03:38:00+00:00,SELL,MEC-A,2025-10-27 23:38:00-04:00,23
2025-10-28 03:48:00+00:00,BUY,MEC-A,2025-10-27 23:48:00-04:00,23
2025-10-28 03:55:00+00:00,BUY,MEC-A,2025-10-27 23:55:00-04:00,23
2025-10-28 03:58:00+00:00,BUY,MEC-A,2025-10-27 23:58:00-04:00,23
2025-10-28 04:16:00+00:00,SELL,MEC-A,2025-10-28 00:16:00-04:00,0
2025-10-28 04:18:00+00:00,SELL,MEC-A,2025-10-28 00:18:00-04:00,0
2025-10-28 04:21:00+00:00,SELL,MEC-A,2025-10-28 00:21:00-04:00,0
2025-10-28 04:22:00+00:00,SELL,MEC-A,2025-10-28 00:22:00-04:00,0
2025-10-28 04:23:00+00:00,SELL,MEC-A,2025-10-28 00:23:00-04:00,0
2025-10-28 04:26:00+00:00,SELL,MEC-A,2025-10-28 00:26:00-04:00,0
2025-10-28 04:31:00+00:00,SELL,MEC-A,2025-10-28 00:31:00-04:00,0
2025-10-28 04:41:00+00:00,BUY,MEC-A,2025-10-28 00:41:00-04:00,0
2025-10-28 04:54:00+00:00,SELL,MEC-A,2025-10-28 00:54:00-04:00,0
2025-10-28 05:00:00+00:00,SELL,MEC-A,2025-10-28 01:00:00-04:00,1
2025-10-28 05:04:00+00:00,SELL,MEC-A,2025-10-28 01:04:00-04:00,1
2025-10-28 05:05:00+00:00,SELL,MEC-A,2025-10-28 01:05:00-04:00,1
2025-10-28 05:12:00+00:00,BUY,MEC-A,2025-10-28 01:12:00-04:00,1
2025-10-28 05:15:00+00:00,BUY,MEC-A,2025-10-28 01:15:00-04:00,1
2025-10-28 05:30:00+00:00,SELL,MEC-A,2025-10-28 01:30:00-04:00,1
2025-10-28 05:39:00+00:00,SELL,MEC-A,2025-10-28 01:39:00-04:00,1
2025-10-28 05:43:00+00:00,SELL,MEC-A,2025-10-28 01:43:00-04:00,1
2025-10-28 05:47:00+00:00,BUY,MEC-A,2025-10-28 01:47:00-04:00,1
2025-10-28 05:56:00+00:00,BUY,MEC-A,2025-10-28 01:56:00-04:00,1
2025-10-28 05:58:00+00:00,BUY,MEC-A,2025-10-28 01:58:00-04:00,1
2025-10-28 06:03:00+00:00,SELL,MEC-A,2025-10-28 02:03:00-04:00,2
2025-10-28 06:05:00+00:00,SELL,MEC-A,2025-10-28 02:05:00-04:00,2
2025-10-28 06:06:00+00:00,SELL,MEC-A,2025-10-28 02:06:00-04:00,2
2025-10-28 06:08:00+00:00,SELL,MEC-A,2025-10-28 02:08:00-04:00,2
2025-10-28 06:09:00+00:00,SELL,MEC-A,2025-10-28 02:09:00-04:00,2
2025-10-28 06:12:00+00:00,SELL,MEC-A,2025-10-28 02:12:00-04:00,2
2025-10-28 06:27:00+00:00,SELL,MEC-A,2025-10-28 02:27:00-04:00,2
2025-10-28 06:28:00+00:00,SELL,MEC-A,2025-10-28 02:28:00-04:00,2
2025-10-28 06:31:00+00:00,SELL,MEC-A,2025-10-28 02:31:00-04:00,2
2025-10-28 06:35:00+00:00,SELL,MEC-A,2025-10-28 02:35:00-04:00,2
2025-10-28 06:38:00+00:00,SELL,MEC-A,2025-10-28 02:38:00-04:00,2
2025-10-28 06:39:00+00:00,SELL,MEC-A,2025-10-28 02:39:00-04:00,2
2025-10-28 06:40:00+00:00,SELL,MEC-A,2025-10-28 02:40:00-04:00,2
2025-10-28 06:44:00+00:00,SELL,MEC-A,2025-10-28 02:44:00-04:00,2
2025-10-28 06:50:00+00:00,SELL,MEC-A,2025-10-28 02:50:00-04:00,2
2025-10-28 06:51:00+00:00,SELL,MEC-A,2025-10-28 02:51:00-04:00,2
2025-10-28 06:56:00+00:00,SELL,MEC-A,2025-10-28 02:56:00-04:00,2
2025-10-28 07:00:00+00:00,SELL,MEC-A,2025-10-28 03:00:00-04:00,3
2025-10-28 07:01:00+00:00,SELL,MEC-A,2025-10-28 03:01:00-04:00,3
2025-10-28 07:06:00+00:00,BUY,MEC-A,2025-10-28 03:06:00-04:00,3
2025-10-28 07:12:00+00:00,BUY,MEC-A,2025-10-28 03:12:00-04:00,3
2025-10-28 07:13:00+00:00,BUY,MEC-A,2025-10-28 03:13:00-04:00,3
2025-10-28 07:17:00+00:00,SELL,MEC-A,2025-10-28 03:17:00-04:00,3
2025-10-28 07:18:00+00:00,SELL,MEC-A,2025-10-28 03:18:00-04:00,3
2025-10-28 07:20:00+00:00,SELL,MEC-A,2025-10-28 03:20:00-04:00,3
2025-10-28 07:24:00+00:00,SELL,MEC-A,2025-10-28 03:24:00-04:00,3
2025-10-28 07:27:00+00:00,SELL,MEC-A,2025-10-28 03:27:00-04:00,3
2025-10-28 07:28:00+00:00,SELL,MEC-A,2025-10-28 03:28:00-04:00,3
2025-10-28 07:31:00+00:00,SELL,MEC-A,2025-10-28 03:31:00-04:00,3
2025-10-28 07:38:00+00:00,SELL,MEC-A,2025-10-28 03:38:00-04:00,3
2025-10-28 07:41:00+00:00,SELL,MEC-A,2025-10-28 03:41:00-04:00,3
2025-10-28 07:45:00+00:00,SELL,MEC-A,2025-10-28 03:45:00-04:00,3
2025-10-28 07:47:00+00:00,SELL,MEC-A,2025-10-28 03:47:00-04:00,3
2025-10-28 07:48:00+00:00,BUY,MEC-A,2025-10-28 03:48:00-04:00,3
2025-10-28 07:49:00+00:00,BUY,MEC-A,2025-10-28 03:49:00-04:00,3
2025-10-28 07:52:00+00:00,BUY,MEC-A,2025-10-28 03:52:00-04:00,3
2025-10-28 07:53:00+00:00,BUY,MEC-A,2025-10-28 03:53:00-04:00,3
2025-10-28 07:57:00+00:00,BUY,MEC-A,2025-10-28 03:57:00-04:00,3
2025-10-28 08:00:00+00:00,BUY,MEC-A,2025-10-28 04:00:00-04:00,4
2025-10-28 08:04:00+00:00,SELL,MEC-A,2025-10-28 04:04:00-04:00,4
2025-10-28 08:09:00+00:00,SELL,MEC-A,2025-10-28 04:09:00-04:00,4
2025-10-28 08:12:00+00:00,SELL,MEC-A,2025-10-28 04:12:00-04:00,4
2025-10-28 08:14:00+00:00,SELL,MEC-A,2025-10-28 04:14:00-04:00,4
2025-10-28 08:17:00+00:00,SELL,MEC-A,2025-10-28 04:17:00-04:00,4
2025-10-28 08:20:00+00:00,SELL,MEC-A,2025-10-28 04:20:00-04:00,4
2025-10-28 08:24:00+00:00,SELL,MEC-A,2025-10-28 04:24:00-04:00,4
2025-10-28 08:36:00+00:00,SELL,MEC-A,2025-10-28 04:36:00-04:00,4
2025-10-28 08:38:00+00:00,SELL,MEC-A,2025-10-28 04:38:00-04:00,4
2025-10-28 08:41:00+00:00,SELL,MEC-A,2025-10-28 04:41:00-04:00,4
2025-10-28 08:46:00+00:00,SELL,MEC-A,2025-10-28 04:46:00-04:00,4
2025-10-28 08:52:00+00:00,SELL,MEC-A,2025-10-28 04:52:00-04:00,4
2025-10-28 08:57:00+00:00,SELL,MEC-A,2025-10-28 04:57:00-04:00,4
2025-10-28 08:58:00+00:00,SELL,MEC-A,2025-10-28 04:58:00-04:00,4
2025-10-28 09:02:00+00:00,SELL,MEC-A,2025-10-28 05:02:00-04:00,5
2025-10-28 09:03:00+00:00,SELL,MEC-A,2025-10-28 05:03:00-04:00,5
2025-10-28 09:05:00+00:00,SELL,MEC-A,2025-10-28 05:05:00-04:00,5
2025-10-28 09:06:00+00:00,SELL,MEC-A,2025-10-28 05:06:00-04:00,5
2025-10-28 09:08:00+00:00,SELL,MEC-A,2025-10-28 05:08:00-04:00,5
2025-10-28 09:18:00+00:00,BUY,MEC-A,2025-10-28 05:18:00-04:00,5
2025-10-28 09:25:00+00:00,BUY,MEC-A,2025-10-28 05:25:00-04:00,5
2025-10-28 09:42:00+00:00,BUY,MEC-A,2025-10-28 05:42:00-04:00,5
2025-10-28 09:43:00+00:00,BUY,MEC-A,2025-10-28 05:43:00-04:00,5
2025-10-28 09:44:00+00:00,BUY,MEC-A,2025-10-28 05:44:00-04:00,5
2025-10-28 09:50:00+00:00,BUY,MEC-A,2025-10-28 05:50:00-04:00,5
2025-10-28 09:55:00+00:00,SELL,MEC-A,2025-10-28 05:55:00-04:00,5
2025-10-28 10:03:00+00:00,BUY,MEC-A,2025-10-28 06:03:00-04:00,6
2025-10-28 10:14:00+00:00,SELL,MEC-A,2025-10-28 06:14:00-04:00,6
2025-10-28 10:26:00+00:00,BUY,MEC-A,2025-10-28 06:26:00-04:00,6
2025-10-28 10:30:00+00:00,BUY,MEC-A,2025-10-28 06:30:00-04:00,6
2025-10-28 10:31:00+00:00,BUY,MEC-A,2025-10-28 06:31:00-04:00,6
2025-10-28 10:32:00+00:00,BUY,MEC-A,2025-10-28 06:32:00-04:00,6
2025-10-28 10:34:00+00:00,BUY,MEC-A,2025-10-28 06:34:00-04:00,6
2025-10-28 10:38:00+00:00,BUY,MEC-A,2025-10-28 06:38:00-04:00,6
2025-10-28 10:42:00+00:00,BUY,MEC-A,2025-10-28 06:42:00-04:00,6
2025-10-28 10:45:00+00:00,BUY,MEC-A,2025-10-28 06:45:00-04:00,6
2025-10-28 10:47:00+00:00,BUY,MEC-A,2025-10-28 06:47:00-04:00,6
2025-10-28 10:49:00+00:00,BUY,MEC-A,2025-10-28 06:49:00-04:00,6
2025-10-28 10:52:00+00:00,BUY,MEC-A,2025-10-28 06:52:00-04:00,6
2025-10-28 10:53:00+00:00,BUY,MEC-A,2025-10-28 06:53:00-04:00,6
2025-10-28 10:58:00+00:00,BUY,MEC-A,2025-10-28 06:58:00-04:00,6
2025-10-28 11:01:00+00:00,SELL,MEC-A,2025-10-28 07:01:00-04:00,7
2025-10-28 11:02:00+00:00,SELL,MEC-A,2025-10-28 07:02:00-04:00,7
2025-10-28 11:03:00+00:00,SELL,MEC-A,2025-10-28 07:03:00-04:00,7
2025-10-28 11:05:00+00:00,SELL,MEC-A,2025-10-28 07:05:00-04:00,7
2025-10-28 11:16:00+00:00,SELL,MEC-A,2025-10-28 07:16:00-04:00,7
2025-10-28 11:18:00+00:00,BUY,MEC-A,2025-10-28 07:18:00-04:00,7
2025-10-28 11:22:00+00:00,BUY,MEC-A,2025-10-28 07:22:00-04:00,7
2025-10-28 11:24:00+00:00,BUY,MEC-A,2025-10-28 07:24:00-04:00,7
2025-10-28 11:30:00+00:00,BUY,MEC-A,2025-10-28 07:30:00-04:00,7
2025-10-28 11:32:00+00:00,BUY,MEC-A,2025-10-28 07:32:00-04:00,7
2025-10-28 11:40:00+00:00,BUY,MEC-A,2025-10-28 07:40:00-04:00,7
2025-10-28 11:42:00+00:00,BUY,MEC-A,2025-10-28 07:42:00-04:00,7
2025-10-28 11:46:00+00:00,BUY,MEC-A,2025-10-28 07:46:00-04:00,7
2025-10-28 11:47:00+00:00,BUY,MEC-A,2025-10-28 07:47:00-04:00,7
2025-10-28 11:55:00+00:00,SELL,MEC-A,2025-10-28 07:55:00-04:00,7
2025-10-28 11:57:00+00:00,SELL,MEC-A,2025-10-28 07:57:00-04:00,7
2025-10-28 11:58:00+00:00,SELL,MEC-A,2025-10-28 07:58:00-04:00,7
2025-10-28 12:04:00+00:00,SELL,MEC-A,2025-10-28 08:04:00-04:00,8
2025-10-28 12:13:00+00:00,SELL,MEC-A,2025-10-28 08:13:00-04:00,8
2025-10-28 12:18:00+00:00,BUY,MEC-A,2025-10-28 08:18:00-04:00,8
2025-10-28 12:29:00+00:00,SELL,MEC-A,2025-10-28 08:29:00-04:00,8
2025-10-28 12:32:00+00:00,SELL,MEC-A,2025-10-28 08:32:00-04:00,8
2025-10-28 12:35:00+00:00,SELL,MEC-A,2025-10-28 08:35:00-04:00,8
2025-10-28 12:37:00+00:00,SELL,MEC-A,2025-10-28 08:37:00-04:00,8
2025-10-28 12:38:00+00:00,SELL,MEC-A,2025-10-28 08:38:00-04:00,8
2025-10-28 12:39:00+00:00,SELL,MEC-A,2025-10-28 08:39:00-04:00,8
2025-10-28 12:40:00+00:00,SELL,MEC-A,2025-10-28 08:40:00-04:00,8
2025-10-28 12:43:00+00:00,SELL,MEC-A,2025-10-28 08:43:00-04:00,8
2025-10-28 12:44:00+00:00,SELL,MEC-A,2025-10-28 08:44:00-04:00,8
2025-10-28 12:45:00+00:00,SELL,MEC-A,2025-10-28 08:45:00-04:00,8
2025-10-28 12:49:00+00:00,SELL,MEC-A,2025-10-28 08:49:00-04:00,8
2025-10-28 12:50:00+00:00,SELL,MEC-A,2025-10-28 08:50:00-04:00,8
2025-10-28 12:51:00+00:00,SELL,MEC-A,2025-10-28 08:51:00-04:00,8
2025-10-28 12:57:00+00:00,SELL,MEC-A,2025-10-28 08:57:00-04:00,8
2025-10-28 13:03:00+00:00,BUY,MEC-A,2025-10-28 09:03:00-04:00,9
2025-10-28 13:04:00+00:00,BUY,MEC-A,2025-10-28 09:04:00-04:00,9
2025-10-28 13:16:00+00:00,BUY,MEC-A,2025-10-28 09:16:00-04:00,9
2025-10-28 13:17:00+00:00,BUY,MEC-A,2025-10-28 09:17:00-04:00,9
2025-10-28 13:18:00+00:00,BUY,MEC-A,2025-10-28 09:18:00-04:00,9
2025-10-28 13:19:00+00:00,BUY,MEC-A,2025-10-28 09:19:00-04:00,9
2025-10-28 13:27:00+00:00,BUY,MEC-A,2025-10-28 09:27:00-04:00,9
2025-10-28 13:28:00+00:00,BUY,MEC-A,2025-10-28 09:28:00-04:00,9
2025-10-28 13:34:00+00:00,SELL,MEC-A,2025-10-28 09:34:00-04:00,9
2025-10-28 13:37:00+00:00,SELL,MEC-A,2025-10-28 09:37:00-04:00,9
2025-10-28 13:40:00+00:00,SELL,MEC-A,2025-10-28 09:40:00-04:00,9
2025-10-28 13:41:00+00:00,SELL,MEC-A,2025-10-28 09:41:00-04:00,9
2025-10-28 13:49:00+00:00,BUY,MEC-A,2025-10-28 09:49:00-04:00,9
2025-10-28 13:50:00+00:00,BUY,MEC-A,2025-10-28 09:50:00-04:00,9
2025-10-28 13:52:00+00:00,BUY,MEC-A,2025-10-28 09:52:00-04:00,9
2025-10-28 13:54:00+00:00,BUY,MEC-A,2025-10-28 09:54:00-04:00,9
2025-10-28 13:58:00+00:00,BUY,MEC-A,2025-10-28 09:58:00-04:00,9
2025-10-28 14:00:00+00:00,BUY,MEC-A,2025-10-28 10:00:00-04:00,10
2025-10-28 14:03:00+00:00,BUY,MEC-A,2025-10-28 10:03:00-04:00,10
2025-10-28 14:11:00+00:00,BUY,MEC-A,2025-10-28 10:11:00-04:00,10
2025-10-28 14:13:00+00:00,BUY,MEC-A,2025-10-28 10:13:00-04:00,10
2025-10-28 14:20:00+00:00,BUY,MEC-A,2025-10-28 10:20:00-04:00,10
2025-10-28 14:25:00+00:00,BUY,MEC-A,2025-10-28 10:25:00-04:00,10
2025-10-28 14:26:00+00:00,BUY,MEC-A,2025-10-28 10:26:00-04:00,10
2025-10-28 14:27:00+00:00,BUY,MEC-A,2025-10-28 10:27:00-04:00,10
2025-10-28 14:29:00+00:00,BUY,MEC-A,2025-10-28 10:29:00-04:00,10
2025-10-28 14:34:00+00:00,BUY,MEC-A,2025-10-28 10:34:00-04:00,10
2025-10-28 14:36:00+00:00,BUY,MEC-A,2025-10-28 10:36:00-04:00,10
2025-10-28 14:39:00+00:00,SELL,MEC-A,2025-10-28 10:39:00-04:00,10
2025-10-28 14:40:00+00:00,SELL,MEC-A,2025-10-28 10:40:00-04:00,10
2025-10-28 14:45:00+00:00,SELL,MEC-A,2025-10-28 10:45:00-04:00,10
2025-10-28 14:48:00+00:00,BUY,MEC-A,2025-10-28 10:48:00-04:00,10
2025-10-28 14:50:00+00:00,BUY,MEC-A,2025-10-28 10:50:00-04:00,10
2025-10-28 14:56:00+00:00,BUY,MEC-A,2025-10-28 10:56:00-04:00,10
2025-10-28 15:09:00+00:00,BUY,MEC-A,2025-10-28 11:09:00-04:00,11
2025-10-28 15:11:00+00:00,BUY,MEC-A,2025-10-28 11:11:00-04:00,11
2025-10-28 15:15:00+00:00,BUY,MEC-A,2025-10-28 11:15:00-04:00,11
2025-10-28 15:21:00+00:00,BUY,MEC-A,2025-10-28 11:21:00-04:00,11
2025-10-28 15:24:00+00:00,BUY,MEC-A,2025-10-28 11:24:00-04:00,11
2025-10-28 15:31:00+00:00,BUY,MEC-A,2025-10-28 11:31:00-04:00,11
2025-10-28 15:33:00+00:00,BUY,MEC-A,2025-10-28 11:33:00-04:00,11
2025-10-28 15:36:00+00:00,BUY,MEC-A,2025-10-28 11:36:00-04:00,11
2025-10-28 15:40:00+00:00,BUY,MEC-A,2025-10-28 11:40:00-04:00,11
2025-10-28 15:45:00+00:00,BUY,MEC-A,2025-10-28 11:45:00-04:00,11
2025-10-28 15:46:00+00:00,BUY,MEC-A,2025-10-28 11:46:00-04:00,11
2025-10-28 15:47:00+00:00,BUY,MEC-A,2025-10-28 11:47:00-04:00,11
2025-10-28 15:50:00+00:00,BUY,MEC-A,2025-10-28 11:50:00-04:00,11
2025-10-28 15:58:00+00:00,BUY,MEC-A,2025-10-28 11:58:00-04:00,11
2025-10-28 16:02:00+00:00,SELL,MEC-A,2025-10-28 12:02:00-04:00,12
2025-10-28 16:03:00+00:00,SELL,MEC-A,2025-10-28 12:03:00-04:00,12
2025-10-28 16:08:00+00:00,SELL,MEC-A,2025-10-28 12:08:00-04:00,12
2025-10-28 16:12:00+00:00,SELL,MEC-A,2025-10-28 12:12:00-04:00,12
2025-10-28 16:22:00+00:00,SELL,MEC-A,2025-10-28 12:22:00-04:00,12
2025-10-28 16:32:00+00:00,BUY,MEC-A,2025-10-28 12:32:00-04:00,12
2025-10-28 16:37:00+00:00,SELL,MEC-A,2025-10-28 12:37:00-04:00,12
2025-10-28 16:40:00+00:00,SELL,MEC-A,2025-10-28 12:40:00-04:00,12
2025-10-28 16:45:00+00:00,SELL,MEC-A,2025-10-28 12:45:00-04:00,12
2025-10-28 16:53:00+00:00,BUY,MEC-A,2025-10-28 12:53:00-04:00,12
2025-10-28 16:58:00+00:00,BUY,MEC-A,2025-10-28 12:58:00-04:00,12
2025-10-28 17:06:00+00:00,BUY,MEC-A,2025-10-28 13:06:00-04:00,13
2025-10-28 17:07:00+00:00,BUY,MEC-A,2025-10-28 13:07:00-04:00,13
2025-10-28 17:09:00+00:00,BUY,MEC-A,2025-10-28 13:09:00-04:00,13
2025-10-28 17:11:00+00:00,BUY,MEC-A,2025-10-28 13:11:00-04:00,13
2025-10-28 17:12:00+00:00,BUY,MEC-A,2025-10-28 13:12:00-04:00,13
2025-10-28 17:14:00+00:00,BUY,MEC-A,2025-10-28 13:14:00-04:00,13
2025-10-28 17:20:00+00:00,BUY,MEC-A,2025-10-28 13:20:00-04:00,13
2025-10-28 17:25:00+00:00,BUY,MEC-A,2025-10-28 13:25:00-04:00,13
2025-10-28 17:31:00+00:00,SELL,MEC-A,2025-10-28 13:31:00-04:00,13
2025-10-28 17:41:00+00:00,SELL,MEC-A,2025-10-28 13:41:00-04:00,13
2025-10-28 17:44:00+00:00,SELL,MEC-A,2025-10-28 13:44:00-04:00,13
2025-10-28 17:46:00+00:00,SELL,MEC-A,2025-10-28 13:46:00-04:00,13
2025-10-28 17:47:00+00:00,SELL,MEC-A,2025-10-28 13:47:00-04:00,13
2025-10-28 17:48:00+00:00,SELL,MEC-A,2025-10-28 13:48:00-04:00,13
2025-10-28 17:51:00+00:00,SELL,MEC-A,2025-10-28 13:51:00-04:00,13
2025-10-28 17:53:00+00:00,SELL,MEC-A,2025-10-28 13:53:00-04:00,13
2025-10-28 17:59:00+00:00,SELL,MEC-A,2025-10-28 13:59:00-04:00,13
2025-10-28 18:02:00+00:00,SELL,MEC-A,2025-10-28 14:02:00-04:00,14
2025-10-28 18:04:00+00:00,SELL,MEC-A,2025-10-28 14:04:00-04:00,14
2025-10-28 18:06:00+00:00,SELL,MEC-A,2025-10-28 14:06:00-04:00,14
2025-10-28 18:07:00+00:00,SELL,MEC-A,2025-10-28 14:07:00-04:00,14
2025-10-28 18:13:00+00:00,SELL,MEC-A,2025-10-28 14:13:00-04:00,14
2025-10-28 18:16:00+00:00,SELL,MEC-A,2025-10-28 14:16:00-04:00,14
2025-10-28 18:18:00+00:00,SELL,MEC-A,2025-10-28 14:18:00-04:00,14
2025-10-28 18:22:00+00:00,SELL,MEC-A,2025-10-28 14:22:00-04:00,14
2025-10-28 18:23:00+00:00,SELL,MEC-A,2025-10-28 14:23:00-04:00,14
2025-10-28 18:24:00+00:00,SELL,MEC-A,2025-10-28 14:24:00-04:00,14
2025-10-28 18:25:00+00:00,SELL,MEC-A,2025-10-28 14:25:00-04:00,14
2025-10-28 18:29:00+00:00,SELL,MEC-A,2025-10-28 14:29:00-04:00,14
2025-10-28 18:30:00+00:00,SELL,MEC-A,2025-10-28 14:30:00-04:00,14
2025-10-28 18:31:00+00:00,SELL,MEC-A,2025-10-28 14:31:00-04:00,14
2025-10-28 18:32:00+00:00,SELL,MEC-A,2025-10-28 14:32:00-04:00,14
2025-10-28 18:37:00+00:00,SELL,MEC-A,2025-10-28 14:37:00-04:00,14
2025-10-28 18:40:00+00:00,BUY,MEC-A,2025-10-28 14:40:00-04:00,14
2025-10-28 18:43:00+00:00,BUY,MEC-A,2025-10-28 14:43:00-04:00,14
2025-10-28 18:48:00+00:00,BUY,MEC-A,2025-10-28 14:48:00-04:00,14
2025-10-28 18:50:00+00:00,BUY,MEC-A,2025-10-28 14:50:00-04:00,14
2025-10-28 18:51:00+00:00,BUY,MEC-A,2025-10-28 14:51:00-04:00,14
2025-10-28 18:54:00+00:00,BUY,MEC-A,2025-10-28 14:54:00-04:00,14
2025-10-28 18:59:00+00:00,BUY,MEC-A,2025-10-28 14:59:00-04:00,14
2025-10-28 19:01:00+00:00,BUY,MEC-A,2025-10-28 15:01:00-04:00,15
2025-10-28 19:04:00+00:00,BUY,MEC-A,2025-10-28 15:04:00-04:00,15
2025-10-28 19:05:00+00:00,BUY,MEC-A,2025-10-28 15:05:00-04:00,15
2025-10-28 19:21:00+00:00,BUY,MEC-A,2025-10-28 15:21:00-04:00,15
2025-10-28 19:26:00+00:00,BUY,MEC-A,2025-10-28 15:26:00-04:00,15
2025-10-28 19:31:00+00:00,SELL,MEC-A,2025-10-28 15:31:00-04:00,15
2025-10-28 19:52:00+00:00,BUY,MEC-A,2025-10-28 15:52:00-04:00,15
2025-10-28 19:53:00+00:00,BUY,MEC-A,2025-10-28 15:53:00-04:00,15
2025-10-28 19:54:00+00:00,BUY,MEC-A,2025-10-28 15:54:00-04:00,15
2025-10-28 20:01:00+00:00,SELL,MEC-A,2025-10-28 16:01:00-04:00,16
2025-10-28 20:03:00+00:00,SELL,MEC-A,2025-10-28 16:03:00-04:00,16
2025-10-28 20:05:00+00:00,SELL,MEC-A,2025-10-28 16:05:00-04:00,16
2025-10-28 20:06:00+00:00,SELL,MEC-A,2025-10-28 16:06:00-04:00,16
2025-10-28 20:11:00+00:00,SELL,MEC-A,2025-10-28 16:11:00-04:00,16
2025-10-28 20:13:00+00:00,SELL,MEC-A,2025-10-28 16:13:00-04:00,16
2025-10-28 20:18:00+00:00,SELL,MEC-A,2025-10-28 16:18:00-04:00,16
2025-10-28 20:23:00+00:00,SELL,MEC-A,2025-10-28 16:23:00-04:00,16
2025-10-28 20:24:00+00:00,SELL,MEC-A,2025-10-28 16:24:00-04:00,16
2025-10-28 20:27:00+00:00,SELL,MEC-A,2025-10-28 16:27:00-04:00,16
2025-10-28 20:28:00+00:00,SELL,MEC-A,2025-10-28 16:28:00-04:00,16
2025-10-28 20:31:00+00:00,SELL,MEC-A,2025-10-28 16:31:00-04:00,16
2025-10-28 20:48:00+00:00,SELL,MEC-A,2025-10-28 16:48:00-04:00,16
2025-10-28 20:53:00+00:00,SELL,MEC-A,2025-10-28 16:53:00-04:00,16
2025-10-28 20:54:00+00:00,SELL,MEC-A,2025-10-28 16:54:00-04:00,16
2025-10-28 23:17:00+00:00,BUY,MEC-A,2025-10-28 19:17:00-04:00,19
2025-10-28 23:19:00+00:00,BUY,MEC-A,2025-10-28 19:19:00-04:00,19
2025-10-28 23:23:00+00:00,BUY,MEC-A,2025-10-28 19:23:00-04:00,19
2025-10-28 23:30:00+00:00,BUY,MEC-A,2025-10-28 19:30:00-04:00,19
2025-10-28 23:38:00+00:00,BUY,MEC-A,2025-10-28 19:38:00-04:00,19
2025-10-28 23:41:00+00:00,BUY,MEC-A,2025-10-28 19:41:00-04:00,19
2025-10-28 23:42:00+00:00,BUY,MEC-A,2025-10-28 19:42:00-04:00,19
2025-10-28 23:43:00+00:00,BUY,MEC-A,2025-10-28 19:43:00-04:00,19
2025-10-28 23:48:00+00:00,BUY,MEC-A,2025-10-28 19:48:00-04:00,19
2025-10-28 23:50:00+00:00,BUY,MEC-A,2025-10-28 19:50:00-04:00,19
2025-10-28 23:53:00+00:00,BUY,MEC-A,2025-10-28 19:53:00-04:00,19
2025-10-28 23:55:00+00:00,BUY,MEC-A,2025-10-28 19:55:00-04:00,19
2025-10-28 23:56:00+00:00,BUY,MEC-A,2025-10-28 19:56:00-04:00,19
2025-10-29 00:04:00+00:00,BUY,MEC-A,2025-10-28 20:04:00-04:00,20
2025-10-29 00:07:00+00:00,BUY,MEC-A,2025-10-28 20:07:00-04:00,20
2025-10-29 00:11:00+00:00,BUY,MEC-A,2025-10-28 20:11:00-04:00,20
2025-10-29 00:12:00+00:00,BUY,MEC-A,2025-10-28 20:12:00-04:00,20
2025-10-29 00:17:00+00:00,BUY,MEC-A,2025-10-28 20:17:00-04:00,20
2025-10-29 00:19:00+00:00,BUY,MEC-A,2025-10-28 20:19:00-04:00,20
2025-10-29 00:21:00+00:00,BUY,MEC-A,2025-10-28 20:21:00-04:00,20
2025-10-29 00:22:00+00:00,BUY,MEC-A,2025-10-28 20:22:00-04:00,20
2025-10-29 00:23:00+00:00,BUY,MEC-A,2025-10-28 20:23:00-04:00,20
2025-10-29 00:28:00+00:00,BUY,MEC-A,2025-10-28 20:28:00-04:00,20
2025-10-29 00:31:00+00:00,BUY,MEC-A,2025-10-28 20:31:00-04:00,20
2025-10-29 00:32:00+00:00,BUY,MEC-A,2025-10-28 20:32:00-04:00,20
2025-10-29 00:34:00+00:00,BUY,MEC-A,2025-10-28 20:34:00-04:00,20
2025-10-29 00:37:00+00:00,BUY,MEC-A,2025-10-28 20:37:00-04:00,20
2025-10-29 00:39:00+00:00,BUY,MEC-A,2025-10-28 20:39:00-04:00,20
2025-10-29 00:40:00+00:00,BUY,MEC-A,2025-10-28 20:40:00-04:00,20
2025-10-29 00:41:00+00:00,BUY,MEC-A,2025-10-28 20:41:00-04:00,20
2025-10-29 00:43:00+00:00,BUY,MEC-A,2025-10-28 20:43:00-04:00,20
2025-10-29 00:53:00+00:00,BUY,MEC-A,2025-10-28 20:53:00-04:00,20
2025-10-29 00:56:00+00:00,BUY,MEC-A,2025-10-28 20:56:00-04:00,20
2025-10-29 00:59:00+00:00,BUY,MEC-A,2025-10-28 20:59:00-04:00,20
2025-10-29 01:05:00+00:00,SELL,MEC-A,2025-10-28 21:05:00-04:00,21
2025-10-29 01:09:00+00:00,BUY,MEC-A,2025-10-28 21:09:00-04:00,21
2025-10-29 01:12:00+00:00,BUY,MEC-A,2025-10-28 21:12:00-04:00,21
2025-10-29 01:22:00+00:00,BUY,MEC-A,2025-10-28 21:22:00-04:00,21
2025-10-29 01:28:00+00:00,SELL,MEC-A,2025-10-28 21:28:00-04:00,21
2025-10-29 01:30:00+00:00,SELL,MEC-A,2025-10-28 21:30:00-04:00,21
2025-10-29 01:33:00+00:00,SELL,MEC-A,2025-10-28 21:33:00-04:00,21
2025-10-29 01:36:00+00:00,SELL,MEC-A,2025-10-28 21:36:00-04:00,21
2025-10-29 01:39:00+00:00,SELL,MEC-A,2025-10-28 21:39:00-04:00,21
2025-10-29 01:40:00+00:00,SELL,MEC-A,2025-10-28 21:40:00-04:00,21
2025-10-29 01:46:00+00:00,BUY,MEC-A,2025-10-28 21:46:00-04:00,21
2025-10-29 01:47:00+00:00,BUY,MEC-A,2025-10-28 21:47:00-04:00,21
2025-10-29 01:51:00+00:00,BUY,MEC-A,2025-10-28 21:51:00-04:00,21
2025-10-29 01:54:00+00:00,BUY,MEC-A,2025-10-28 21:54:00-04:00,21
2025-10-29 01:58:00+00:00,BUY,MEC-A,2025-10-28 21:58:00-04:00,21
2025-10-29 02:01:00+00:00,SELL,MEC-A,2025-10-28 22:01:00-04:00,22
2025-10-29 02:10:00+00:00,SELL,MEC-A,2025-10-28 22:10:00-04:00,22
2025-10-29 02:18:00+00:00,SELL,MEC-A,2025-10-28 22:18:00-04:00,22
2025-10-29 02:20:00+00:00,SELL,MEC-A,2025-10-28 22:20:00-04:00,22
2025-10-29 02:29:00+00:00,SELL,MEC-A,2025-10-28 22:29:00-04:00,22
2025-10-29 02:31:00+00:00,SELL,MEC-A,2025-10-28 22:31:00-04:00,22
2025-10-29 02:33:00+00:00,SELL,MEC-A,2025-10-28 22:33:00-04:00,22
2025-10-29 02:35:00+00:00,SELL,MEC-A,2025-10-28 22:35:00-04:00,22
2025-10-29 02:42:00+00:00,BUY,MEC-A,2025-10-28 22:42:00-04:00,22
2025-10-29 02:48:00+00:00,BUY,MEC-A,2025-10-28 22:48:00-04:00,22
2025-10-29 02:49:00+00:00,BUY,MEC-A,2025-10-28 22:49:00-04:00,22
2025-10-29 02:55:00+00:00,BUY,MEC-A,2025-10-28 22:55:00-04:00,22
2025-10-29 02:57:00+00:00,BUY,MEC-A,2025-10-28 22:57:00-04:00,22
2025-10-29 02:59:00+00:00,BUY,MEC-A,2025-10-28 22:59:00-04:00,22
2025-10-29 03:00:00+00:00,BUY,MEC-A,2025-10-28 23:00:00-04:00,23
2025-10-29 03:04:00+00:00,BUY,MEC-A,2025-10-28 23:04:00-04:00,23
2025-10-29 03:05:00+00:00,BUY,MEC-A,2025-10-28 23:05:00-04:00,23
2025-10-29 03:08:00+00:00,BUY,MEC-A,2025-10-28 23:08:00-04:00,23
2025-10-29 03:15:00+00:00,BUY,MEC-A,2025-10-28 23:15:00-04:00,23
2025-10-29 03:18:00+00:00,BUY,MEC-A,2025-10-28 23:18:00-04:00,23
2025-10-29 03:22:00+00:00,BUY,MEC-A,2025-10-28 23:22:00-04:00,23
2025-10-29 03:23:00+00:00,BUY,MEC-A,2025-10-28 23:23:00-04:00,23
2025-10-29 03:35:00+00:00,BUY,MEC-A,2025-10-28 23:35:00-04:00,23
2025-10-29 03:53:00+00:00,SELL,MEC-A,2025-10-28 23:53:00-04:00,23
2025-10-29 03:56:00+00:00,SELL,MEC-A,2025-10-28 23:56:00-04:00,23
2025-10-29 03:58:00+00:00,SELL,MEC-A,2025-10-28 23:58:00-04:00,23
2025-10-29 04:03:00+00:00,SELL,MEC-A,2025-10-29 00:03:00-04:00,0
2025-10-29 04:05:00+00:00,SELL,MEC-A,2025-10-29 00:05:00-04:00,0
2025-10-29 04:08:00+00:00,SELL,MEC-A,2025-10-29 00:08:00-04:00,0
2025-10-29 04:11:00+00:00,SELL,MEC-A,2025-10-29 00:11:00-04:00,0
2025-10-29 04:12:00+00:00,SELL,MEC-A,2025-10-29 00:12:00-04:00,0
2025-10-29 04:13:00+00:00,SELL,MEC-A,2025-10-29 00:13:00-04:00,0
2025-10-29 04:15:00+00:00,SELL,MEC-A,2025-10-29 00:15:00-04:00,0
2025-10-29 04:17:00+00:00,SELL,MEC-A,2025-10-29 00:17:00-04:00,0
2025-10-29 04:23:00+00:00,SELL,MEC-A,2025-10-29 00:23:00-04:00,0
2025-10-29 04:24:00+00:00,SELL,MEC-A,2025-10-29 00:24:00-04:00,0
2025-10-29 04:25:00+00:00,SELL,MEC-A,2025-10-29 00:25:00-04:00,0
2025-10-29 04:26:00+00:00,SELL,MEC-A,2025-10-29 00:26:00-04:00,0
2025-10-29 04:55:00+00:00,SELL,MEC-A,2025-10-29 00:55:00-04:00,0
2025-10-29 04:59:00+00:00,SELL,MEC-A,2025-10-29 00:59:00-04:00,0
2025-10-29 05:03:00+00:00,BUY,MEC-A,2025-10-29 01:03:00-04:00,1
2025-10-29 05:04:00+00:00,BUY,MEC-A,2025-10-29 01:04:00-04:00,1
2025-10-29 05:16:00+00:00,BUY,MEC-A,2025-10-29 01:16:00-04:00,1
2025-10-29 05:18:00+00:00,BUY,MEC-A,2025-10-29 01:18:00-04:00,1
2025-10-29 05:24:00+00:00,BUY,MEC-A,2025-10-29 01:24:00-04:00,1
2025-10-29 05:31:00+00:00,BUY,MEC-A,2025-10-29 01:31:00-04:00,1
2025-10-29 05:34:00+00:00,BUY,MEC-A,2025-10-29 01:34:00-04:00,1
2025-10-29 05:44:00+00:00,BUY,MEC-A,2025-10-29 01:44:00-04:00,1
2025-10-29 05:46:00+00:00,BUY,MEC-A,2025-10-29 01:46:00-04:00,1
2025-10-29 05:48:00+00:00,SELL,MEC-A,2025-10-29 01:48:00-04:00,1
2025-10-29 05:53:00+00:00,SELL,MEC-A,2025-10-29 01:53:00-04:00,1
2025-10-29 05:55:00+00:00,SELL,MEC-A,2025-10-29 01:55:00-04:00,1
2025-10-29 06:04:00+00:00,BUY,MEC-A,2025-10-29 02:04:00-04:00,2
2025-10-29 06:05:00+00:00,BUY,MEC-A,2025-10-29 02:05:00-04:00,2
2025-10-29 06:07:00+00:00,BUY,MEC-A,2025-10-29 02:07:00-04:00,2
2025-10-29 06:08:00+00:00,BUY,MEC-A,2025-10-29 02:08:00-04:00,2
2025-10-29 06:20:00+00:00,BUY,MEC-A,2025-10-29 02:20:00-04:00,2
2025-10-29 06:22:00+00:00,BUY,MEC-A,2025-10-29 02:22:00-04:00,2
2025-10-29 06:24:00+00:00,BUY,MEC-A,2025-10-29 02:24:00-04:00,2
2025-10-29 06:29:00+00:00,BUY,MEC-A,2025-10-29 02:29:00-04:00,2
2025-10-29 06:30:00+00:00,BUY,MEC-A,2025-10-29 02:30:00-04:00,2
2025-10-29 06:32:00+00:00,BUY,MEC-A,2025-10-29 02:32:00-04:00,2
2025-10-29 06:33:00+00:00,BUY,MEC-A,2025-10-29 02:33:00-04:00,2
2025-10-29 06:39:00+00:00,BUY,MEC-A,2025-10-29 02:39:00-04:00,2
2025-10-29 06:42:00+00:00,BUY,MEC-A,2025-10-29 02:42:00-04:00,2
2025-10-29 06:43:00+00:00,BUY,MEC-A,2025-10-29 02:43:00-04:00,2
2025-10-29 06:54:00+00:00,BUY,MEC-A,2025-10-29 02:54:00-04:00,2
2025-10-29 07:09:00+00:00,BUY,MEC-A,2025-10-29 03:09:00-04:00,3
2025-10-29 07:10:00+00:00,BUY,MEC-A,2025-10-29 03:10:00-04:00,3
2025-10-29 07:11:00+00:00,BUY,MEC-A,2025-10-29 03:11:00-04:00,3
2025-10-29 07:13:00+00:00,BUY,MEC-A,2025-10-29 03:13:00-04:00,3
2025-10-29 07:16:00+00:00,BUY,MEC-A,2025-10-29 03:16:00-04:00,3
2025-10-29 07:19:00+00:00,BUY,MEC-A,2025-10-29 03:19:00-04:00,3
2025-10-29 07:23:00+00:00,SELL,MEC-A,2025-10-29 03:23:00-04:00,3
2025-10-29 07:28:00+00:00,BUY,MEC-A,2025-10-29 03:28:00-04:00,3
2025-10-29 07:31:00+00:00,SELL,MEC-A,2025-10-29 03:31:00-04:00,3
2025-10-29 07:32:00+00:00,SELL,MEC-A,2025-10-29 03:32:00-04:00,3
2025-10-29 07:35:00+00:00,SELL,MEC-A,2025-10-29 03:35:00-04:00,3
2025-10-29 07:37:00+00:00,SELL,MEC-A,2025-10-29 03:37:00-04:00,3
2025-10-29 07:46:00+00:00,SELL,MEC-A,2025-10-29 03:46:00-04:00,3
2025-10-29 07:54:00+00:00,BUY,MEC-A,2025-10-29 03:54:00-04:00,3
2025-10-29 07:58:00+00:00,BUY,MEC-A,2025-10-29 03:58:00-04:00,3
2025-10-29 07:59:00+00:00,BUY,MEC-A,2025-10-29 03:59:00-04:00,3
2025-10-29 08:01:00+00:00,BUY,MEC-A,2025-10-29 04:01:00-04:00,4
2025-10-29 08:02:00+00:00,BUY,MEC-A,2025-10-29 04:02:00-04:00,4
2025-10-29 08:05:00+00:00,BUY,MEC-A,2025-10-29 04:05:00-04:00,4
2025-10-29 08:09:00+00:00,BUY,MEC-A,2025-10-29 04:09:00-04:00,4
2025-10-29 08:30:00+00:00,BUY,MEC-A,2025-10-29 04:30:00-04:00,4
2025-10-29 08:32:00+00:00,BUY,MEC-A,2025-10-29 04:32:00-04:00,4
2025-10-29 08:37:00+00:00,SELL,MEC-A,2025-10-29 04:37:00-04:00,4
2025-10-29 08:46:00+00:00,BUY,MEC-A,2025-10-29 04:46:00-04:00,4
2025-10-29 08:54:00+00:00,BUY,MEC-A,2025-10-29 04:54:00-04:00,4
2025-10-29 08:56:00+00:00,BUY,MEC-A,2025-10-29 04:56:00-04:00,4
2025-10-29 08:57:00+00:00,BUY,MEC-A,2025-10-29 04:57:00-04:00,4
2025-10-29 08:59:00+00:00,BUY,MEC-A,2025-10-29 04:59:00-04:00,4
2025-10-29 09:01:00+00:00,BUY,MEC-A,2025-10-29 05:01:00-04:00,5
2025-10-29 09:02:00+00:00,BUY,MEC-A,2025-10-29 05:02:00-04:00,5
2025-10-29 09:15:00+00:00,SELL,MEC-A,2025-10-29 05:15:00-04:00,5
2025-10-29 09:34:00+00:00,BUY,MEC-A,2025-10-29 05:34:00-04:00,5
2025-10-29 09:45:00+00:00,BUY,MEC-A,2025-10-29 05:45:00-04:00,5
2025-10-29 09:47:00+00:00,BUY,MEC-A,2025-10-29 05:47:00-04:00,5
2025-10-29 09:49:00+00:00,BUY,MEC-A,2025-10-29 05:49:00-04:00,5
2025-10-29 09:51:00+00:00,BUY,MEC-A,2025-10-29 05:51:00-04:00,5
2025-10-29 10:00:00+00:00,BUY,MEC-A,2025-10-29 06:00:00-04:00,6
2025-10-29 10:07:00+00:00,BUY,MEC-A,2025-10-29 06:07:00-04:00,6
2025-10-29 10:13:00+00:00,BUY,MEC-A,2025-10-29 06:13:00-04:00,6
2025-10-29 10:17:00+00:00,BUY,MEC-A,2025-10-29 06:17:00-04:00,6
2025-10-29 10:23:00+00:00,BUY,MEC-A,2025-10-29 06:23:00-04:00,6
2025-10-29 10:34:00+00:00,BUY,MEC-A,2025-10-29 06:34:00-04:00,6
2025-10-29 10:57:00+00:00,SELL,MEC-A,2025-10-29 06:57:00-04:00,6
2025-10-29 10:58:00+00:00,SELL,MEC-A,2025-10-29 06:58:00-04:00,6
2025-10-29 11:14:00+00:00,SELL,MEC-A,2025-10-29 07:14:00-04:00,7
2025-10-29 11:24:00+00:00,SELL,MEC-A,2025-10-29 07:24:00-04:00,7
2025-10-29 11:25:00+00:00,SELL,MEC-A,2025-10-29 07:25:00-04:00,7
2025-10-29 11:26:00+00:00,SELL,MEC-A,2025-10-29 07:26:00-04:00,7
2025-10-29 11:28:00+00:00,SELL,MEC-A,2025-10-29 07:28:00-04:00,7
2025-10-29 11:29:00+00:00,SELL,MEC-A,2025-10-29 07:29:00-04:00,7
2025-10-29 11:33:00+00:00,SELL,MEC-A,2025-10-29 07:33:00-04:00,7
2025-10-29 11:36:00+00:00,SELL,MEC-A,2025-10-29 07:36:00-04:00,7
2025-10-29 11:45:00+00:00,SELL,MEC-A,2025-10-29 07:45:00-04:00,7
2025-10-29 11:46:00+00:00,SELL,MEC-A,2025-10-29 07:46:00-04:00,7
2025-10-29 12:10:00+00:00,BUY,MEC-A,2025-10-29 08:10:00-04:00,8
2025-10-29 12:12:00+00:00,BUY,MEC-A,2025-10-29 08:12:00-04:00,8
2025-10-29 12:14:00+00:00,BUY,MEC-A,2025-10-29 08:14:00-04:00,8
2025-10-29 12:21:00+00:00,BUY,MEC-A,2025-10-29 08:21:00-04:00,8
2025-10-29 12:22:00+00:00,BUY,MEC-A,2025-10-29 08:22:00-04:00,8
2025-10-29 12:24:00+00:00,BUY,MEC-A,2025-10-29 08:24:00-04:00,8
2025-10-29 12:25:00+00:00,BUY,MEC-A,2025-10-29 08:25:00-04:00,8
2025-10-29 12:30:00+00:00,BUY,MEC-A,2025-10-29 08:30:00-04:00,8
2025-10-29 12:35:00+00:00,SELL,MEC-A,2025-10-29 08:35:00-04:00,8
2025-10-29 12:37:00+00:00,SELL,MEC-A,2025-10-29 08:37:00-04:00,8
2025-10-29 12:39:00+00:00,SELL,MEC-A,2025-10-29 08:39:00-04:00,8
2025-10-29 12:44:00+00:00,BUY,MEC-A,2025-10-29 08:44:00-04:00,8
2025-10-29 12:50:00+00:00,BUY,MEC-A,2025-10-29 08:50:00-04:00,8
2025-10-29 13:00:00+00:00,SELL,MEC-A,2025-10-29 09:00:00-04:00,9
2025-10-29 13:04:00+00:00,SELL,MEC-A,2025-10-29 09:04:00-04:00,9
2025-10-29 13:07:00+00:00,SELL,MEC-A,2025-10-29 09:07:00-04:00,9
2025-10-29 13:12:00+00:00,SELL,MEC-A,2025-10-29 09:12:00-04:00,9
2025-10-29 13:32:00+00:00,SELL,MEC-A,2025-10-29 09:32:00-04:00,9
2025-10-29 13:33:00+00:00,SELL,MEC-A,2025-10-29 09:33:00-04:00,9
2025-10-29 13:38:00+00:00,SELL,MEC-A,2025-10-29 09:38:00-04:00,9
2025-10-29 13:40:00+00:00,SELL,MEC-A,2025-10-29 09:40:00-04:00,9
2025-10-29 13:45:00+00:00,SELL,MEC-A,2025-10-29 09:45:00-04:00,9
2025-10-29 13:47:00+00:00,SELL,MEC-A,2025-10-29 09:47:00-04:00,9
2025-10-29 13:50:00+00:00,BUY,MEC-A,2025-10-29 09:50:00-04:00,9
2025-10-29 13:54:00+00:00,BUY,MEC-A,2025-10-29 09:54:00-04:00,9
2025-10-29 13:56:00+00:00,BUY,MEC-A,2025-10-29 09:56:00-04:00,9
2025-10-29 13:59:00+00:00,BUY,MEC-A,2025-10-29 09:59:00-04:00,9
2025-10-29 15:42:00+00:00,SELL,MEC-A,2025-10-29 11:42:00-04:00,11
2025-10-29 15:43:00+00:00,SELL,MEC-A,2025-10-29 11:43:00-04:00,11
2025-10-29 15:45:00+00:00,SELL,MEC-A,2025-10-29 11:45:00-04:00,11
2025-10-29 15:46:00+00:00,SELL,MEC-A,2025-10-29 11:46:00-04:00,11
2025-10-29 15:48:00+00:00,SELL,MEC-A,2025-10-29 11:48:00-04:00,11
2025-10-29 15:50:00+00:00,SELL,MEC-A,2025-10-29 11:50:00-04:00,11
2025-10-29 15:51:00+00:00,SELL,MEC-A,2025-10-29 11:51:00-04:00,11
2025-10-29 15:53:00+00:00,SELL,MEC-A,2025-10-29 11:53:00-04:00,11
2025-10-29 15:59:00+00:00,SELL,MEC-A,2025-10-29 11:59:00-04:00,11
2025-10-29 16:05:00+00:00,SELL,MEC-A,2025-10-29 12:05:00-04:00,12
2025-10-29 16:08:00+00:00,BUY,MEC-A,2025-10-29 12:08:00-04:00,12
2025-10-29 16:09:00+00:00,BUY,MEC-A,2025-10-29 12:09:00-04:00,12
2025-10-29 16:10:00+00:00,BUY,MEC-A,2025-10-29 12:10:00-04:00,12
2025-10-29 16:17:00+00:00,BUY,MEC-A,2025-10-29 12:17:00-04:00,12
2025-10-29 16:19:00+00:00,BUY,MEC-A,2025-10-29 12:19:00-04:00,12
2025-10-29 16:28:00+00:00,SELL,MEC-A,2025-10-29 12:28:00-04:00,12
2025-10-29 16:30:00+00:00,SELL,MEC-A,2025-10-29 12:30:00-04:00,12
2025-10-29 16:33:00+00:00,SELL,MEC-A,2025-10-29 12:33:00-04:00,12
2025-10-29 16:36:00+00:00,SELL,MEC-A,2025-10-29 12:36:00-04:00,12
2025-10-29 16:38:00+00:00,SELL,MEC-A,2025-10-29 12:38:00-04:00,12
2025-10-29 16:43:00+00:00,SELL,MEC-A,2025-10-29 12:43:00-04:00,12
2025-10-29 16:45:00+00:00,BUY,MEC-A,2025-10-29 12:45:00-04:00,12
2025-10-29 16:46:00+00:00,BUY,MEC-A,2025-10-29 12:46:00-04:00,12
2025-10-29 16:49:00+00:00,BUY,MEC-A,2025-10-29 12:49:00-04:00,12
2025-10-29 16:55:00+00:00,SELL,MEC-A,2025-10-29 12:55:00-04:00,12
2025-10-29 16:59:00+00:00,SELL,MEC-A,2025-10-29 12:59:00-04:00,12
2025-10-29 17:01:00+00:00,SELL,MEC-A,2025-10-29 13:01:00-04:00,13
2025-10-29 17:05:00+00:00,SELL,MEC-A,2025-10-29 13:05:00-04:00,13
2025-10-29 17:19:00+00:00,SELL,MEC-A,2025-10-29 13:19:00-04:00,13
2025-10-29 17:20:00+00:00,SELL,MEC-A,2025-10-29 13:20:00-04:00,13
2025-10-29 17:24:00+00:00,SELL,MEC-A,2025-10-29 13:24:00-04:00,13
2025-10-29 17:25:00+00:00,SELL,MEC-A,2025-10-29 13:25:00-04:00,13
2025-10-29 17:26:00+00:00,SELL,MEC-A,2025-10-29 13:26:00-04:00,13
2025-10-29 17:29:00+00:00,SELL,MEC-A,2025-10-29 13:29:00-04:00,13
2025-10-29 18:00:00+00:00,SELL,MEC-A,2025-10-29 14:00:00-04:00,14
2025-10-29 18:02:00+00:00,BUY,MER,2025-10-29 14:02:00-04:00,14
2025-10-29 18:04:00+00:00,SELL,MEC-A,2025-10-29 14:04:00-04:00,14
2025-10-29 18:10:00+00:00,SELL,MEC-A,2025-10-29 14:10:00-04:00,14
2025-10-29 18:12:00+00:00,SELL,MEC-A,2025-10-29 14:12:00-04:00,14
2025-10-29 18:14:00+00:00,SELL,MEC-A,2025-10-29 14:14:00-04:00,14
2025-10-29 18:16:00+00:00,SELL,MEC-A,2025-10-29 14:16:00-04:00,14
2025-10-29 18:23:00+00:00,SELL,MEC-A,2025-10-29 14:23:00-04:00,14
2025-10-29 18:24:00+00:00,SELL,MEC-A,2025-10-29 14:24:00-04:00,14
2025-10-29 18:28:00+00:00,SELL,MEC-A,2025-10-29 14:28:00-04:00,14
2025-10-29 18:35:00+00:00,SELL,MEC-A,2025-10-29 14:35:00-04:00,14
2025-10-29 18:36:00+00:00,SELL,MEC-A,2025-10-29 14:36:00-04:00,14
2025-10-29 18:39:00+00:00,SELL,MEC-A,2025-10-29 14:39:00-04:00,14
2025-10-29 18:41:00+00:00,SELL,MEC-A,2025-10-29 14:41:00-04:00,14
2025-10-29 18:49:00+00:00,SELL,MEC-A,2025-10-29 14:49:00-04:00,14
2025-10-29 18:52:00+00:00,SELL,MEC-A,2025-10-29 14:52:00-04:00,14
2025-10-29 18:55:00+00:00,BUY,MEC-A,2025-10-29 14:55:00-04:00,14
2025-10-29 18:56:00+00:00,BUY,MEC-A,2025-10-29 14:56:00-04:00,14
2025-10-29 18:57:00+00:00,BUY,MEC-A,2025-10-29 14:57:00-04:00,14
2025-10-29 19:00:00+00:00,BUY,MEC-A,2025-10-29 15:00:00-04:00,15
2025-10-29 19:05:00+00:00,BUY,MEC-A,2025-10-29 15:05:00-04:00,15
2025-10-29 19:07:00+00:00,BUY,MEC-A,2025-10-29 15:07:00-04:00,15
2025-10-29 19:11:00+00:00,BUY,MEC-A,2025-10-29 15:11:00-04:00,15
2025-10-29 19:13:00+00:00,BUY,MEC-A,2025-10-29 15:13:00-04:00,15
2025-10-29 19:17:00+00:00,BUY,MEC-A,2025-10-29 15:17:00-04:00,15
2025-10-29 19:21:00+00:00,BUY,MEC-A,2025-10-29 15:21:00-04:00,15
2025-10-29 19:28:00+00:00,SELL,MEC-A,2025-10-29 15:28:00-04:00,15
2025-10-29 19:31:00+00:00,SELL,MEC-A,2025-10-29 15:31:00-04:00,15
2025-10-29 19:32:00+00:00,SELL,MEC-A,2025-10-29 15:32:00-04:00,15
2025-10-29 19:36:00+00:00,SELL,MEC-A,2025-10-29 15:36:00-04:00,15
2025-10-29 19:39:00+00:00,SELL,MEC-A,2025-10-29 15:39:00-04:00,15
2025-10-29 19:40:00+00:00,SELL,MEC-A,2025-10-29 15:40:00-04:00,15
2025-10-29 19:43:00+00:00,SELL,MEC-A,2025-10-29 15:43:00-04:00,15
2025-10-29 19:44:00+00:00,SELL,MEC-A,2025-10-29 15:44:00-04:00,15
2025-10-29 19:46:00+00:00,SELL,MEC-A,2025-10-29 15:46:00-04:00,15
2025-10-29 19:50:00+00:00,BUY,MEC-A,2025-10-29 15:50:00-04:00,15
2025-10-29 20:01:00+00:00,SELL,MEC-A,2025-10-29 16:01:00-04:00,16
2025-10-29 20:05:00+00:00,SELL,MEC-A,2025-10-29 16:05:00-04:00,16
2025-10-29 20:06:00+00:00,SELL,MEC-A,2025-10-29 16:06:00-04:00,16
2025-10-29 20:24:00+00:00,BUY,MEC-A,2025-10-29 16:24:00-04:00,16
2025-10-29 20:27:00+00:00,BUY,MEC-A,2025-10-29 16:27:00-04:00,16
2025-10-29 20:33:00+00:00,BUY,MEC-A,2025-10-29 16:33:00-04:00,16
2025-10-29 20:44:00+00:00,SELL,MEC-A,2025-10-29 16:44:00-04:00,16
2025-10-29 20:47:00+00:00,SELL,MEC-A,2025-10-29 16:47:00-04:00,16
2025-10-29 20:49:00+00:00,SELL,MEC-A,2025-10-29 16:49:00-04:00,16
2025-10-29 20:50:00+00:00,SELL,MEC-A,2025-10-29 16:50:00-04:00,16
2025-10-29 20:51:00+00:00,SELL,MEC-A,2025-10-29 16:51:00-04:00,16
2025-10-29 22:02:00+00:00,SELL,MEC-A,2025-10-29 18:02:00-04:00,18
2025-10-29 22:04:00+00:00,SELL,MEC-A,2025-10-29 18:04:00-04:00,18
2025-10-29 22:10:00+00:00,BUY,MEC-A,2025-10-29 18:10:00-04:00,18
2025-10-29 22:11:00+00:00,BUY,MEC-A,2025-10-29 18:11:00-04:00,18
2025-10-29 22:13:00+00:00,BUY,MEC-A,2025-10-29 18:13:00-04:00,18
2025-10-29 22:16:00+00:00,BUY,MEC-A,2025-10-29 18:16:00-04:00,18
2025-10-29 22:24:00+00:00,BUY,MEC-A,2025-10-29 18:24:00-04:00,18
2025-10-29 22:25:00+00:00,BUY,MEC-A,2025-10-29 18:25:00-04:00,18
2025-10-29 22:28:00+00:00,BUY,MEC-A,2025-10-29 18:28:00-04:00,18
2025-10-29 22:32:00+00:00,BUY,MEC-A,2025-10-29 18:32:00-04:00,18
2025-10-29 22:36:00+00:00,BUY,MEC-A,2025-10-29 18:36:00-04:00,18
2025-10-29 22:38:00+00:00,BUY,MEC-A,2025-10-29 18:38:00-04:00,18
2025-10-29 22:39:00+00:00,BUY,MEC-A,2025-10-29 18:39:00-04:00,18
2025-10-29 22:45:00+00:00,BUY,MEC-A,2025-10-29 18:45:00-04:00,18
2025-10-29 22:48:00+00:00,BUY,MEC-A,2025-10-29 18:48:00-04:00,18
2025-10-29 22:58:00+00:00,SELL,MEC-A,2025-10-29 18:58:00-04:00,18
2025-10-29 23:06:00+00:00,BUY,MEC-A,2025-10-29 19:06:00-04:00,19
2025-10-29 23:20:00+00:00,BUY,MEC-A,2025-10-29 19:20:00-04:00,19
2025-10-29 23:22:00+00:00,BUY,MEC-A,2025-10-29 19:22:00-04:00,19
2025-10-29 23:24:00+00:00,BUY,MEC-A,2025-10-29 19:24:00-04:00,19
2025-10-29 23:27:00+00:00,BUY,MEC-A,2025-10-29 19:27:00-04:00,19
2025-10-29 23:33:00+00:00,BUY,MEC-A,2025-10-29 19:33:00-04:00,19
2025-10-29 23:37:00+00:00,BUY,MEC-A,2025-10-29 19:37:00-04:00,19
2025-10-29 23:42:00+00:00,SELL,MEC-A,2025-10-29 19:42:00-04:00,19
2025-10-29 23:43:00+00:00,SELL,MEC-A,2025-10-29 19:43:00-04:00,19
2025-10-29 23:45:00+00:00,SELL,MEC-A,2025-10-29 19:45:00-04:00,19
2025-10-29 23:49:00+00:00,BUY,MEC-A,2025-10-29 19:49:00-04:00,19
2025-10-29 23:58:00+00:00,BUY,MEC-A,2025-10-29 19:58:00-04:00,19
2025-10-30 00:00:00+00:00,BUY,MEC-A,2025-10-29 20:00:00-04:00,20
2025-10-30 00:01:00+00:00,BUY,MEC-A,2025-10-29 20:01:00-04:00,20
2025-10-30 00:03:00+00:00,BUY,MEC-A,2025-10-29 20:03:00-04:00,20
2025-10-30 00:08:00+00:00,BUY,MEC-A,2025-10-29 20:08:00-04:00,20
2025-10-30 00:09:00+00:00,BUY,MEC-A,2025-10-29 20:09:00-04:00,20
2025-10-30 00:12:00+00:00,BUY,MEC-A,2025-10-29 20:12:00-04:00,20
2025-10-30 00:16:00+00:00,BUY,MEC-A,2025-10-29 20:16:00-04:00,20
2025-10-30 00:17:00+00:00,BUY,MEC-A,2025-10-29 20:17:00-04:00,20
2025-10-30 00:18:00+00:00,BUY,MEC-A,2025-10-29 20:18:00-04:00,20
2025-10-30 00:20:00+00:00,BUY,MEC-A,2025-10-29 20:20:00-04:00,20
2025-10-30 00:36:00+00:00,SELL,MEC-A,2025-10-29 20:36:00-04:00,20
2025-10-30 00:42:00+00:00,SELL,MEC-A,2025-10-29 20:42:00-04:00,20
2025-10-30 00:43:00+00:00,SELL,MEC-A,2025-10-29 20:43:00-04:00,20
2025-10-30 00:44:00+00:00,SELL,MEC-A,2025-10-29 20:44:00-04:00,20
2025-10-30 00:49:00+00:00,SELL,MEC-A,2025-10-29 20:49:00-04:00,20
2025-10-30 00:50:00+00:00,SELL,MEC-A,2025-10-29 20:50:00-04:00,20
2025-10-30 00:55:00+00:00,BUY,MEC-A,2025-10-29 20:55:00-04:00,20
2025-10-30 00:57:00+00:00,BUY,MEC-A,2025-10-29 20:57:00-04:00,20
2025-10-30 02:03:00+00:00,SELL,MEC-A,2025-10-29 22:03:00-04:00,22
2025-10-30 02:04:00+00:00,SELL,MEC-A,2025-10-29 22:04:00-04:00,22
2025-10-30 02:07:00+00:00,SELL,MEC-A,2025-10-29 22:07:00-04:00,22
2025-10-30 02:09:00+00:00,SELL,MEC-A,2025-10-29 22:09:00-04:00,22
2025-10-30 02:10:00+00:00,SELL,MEC-A,2025-10-29 22:10:00-04:00,22
2025-10-30 02:14:00+00:00,SELL,MEC-A,2025-10-29 22:14:00-04:00,22
2025-10-30 02:24:00+00:00,SELL,MEC-A,2025-10-29 22:24:00-04:00,22
2025-10-30 02:27:00+00:00,SELL,MEC-A,2025-10-29 22:27:00-04:00,22
2025-10-30 02:30:00+00:00,SELL,MEC-A,2025-10-29 22:30:00-04:00,22
2025-10-30 02:37:00+00:00,BUY,MEC-A,2025-10-29 22:37:00-04:00,22
2025-10-30 02:40:00+00:00,BUY,MEC-A,2025-10-29 22:40:00-04:00,22
2025-10-30 02:49:00+00:00,SELL,MEC-A,2025-10-29 22:49:00-04:00,22
2025-10-30 02:51:00+00:00,SELL,MEC-A,2025-10-29 22:51:00-04:00,22
2025-10-30 02:55:00+00:00,SELL,MEC-A,2025-10-29 22:55:00-04:00,22
2025-10-30 02:58:00+00:00,SELL,MEC-A,2025-10-29 22:58:00-04:00,22
2025-10-30 02:59:00+00:00,SELL,MEC-A,2025-10-29 22:59:00-04:00,22
2025-10-30 03:00:00+00:00,SELL,MEC-A,2025-10-29 23:00:00-04:00,23
2025-10-30 03:01:00+00:00,SELL,MEC-A,2025-10-29 23:01:00-04:00,23
2025-10-30 03:08:00+00:00,SELL,MEC-A,2025-10-29 23:08:00-04:00,23
2025-10-30 03:16:00+00:00,SELL,MEC-A,2025-10-29 23:16:00-04:00,23
2025-10-30 03:19:00+00:00,BUY,MEC-A,2025-10-29 23:19:00-04:00,23
2025-10-30 03:26:00+00:00,BUY,MEC-A,2025-10-29 23:26:00-04:00,23
2025-10-30 03:27:00+00:00,BUY,MEC-A,2025-10-29 23:27:00-04:00,23
2025-10-30 03:30:00+00:00,BUY,MEC-A,2025-10-29 23:30:00-04:00,23
2025-10-30 03:31:00+00:00,BUY,MEC-A,2025-10-29 23:31:00-04:00,23
2025-10-30 03:35:00+00:00,BUY,MEC-A,2025-10-29 23:35:00-04:00,23
2025-10-30 03:42:00+00:00,SELL,MEC-A,2025-10-29 23:42:00-04:00,23
2025-10-30 03:49:00+00:00,SELL,MEC-A,2025-10-29 23:49:00-04:00,23
2025-10-30 03:55:00+00:00,SELL,MEC-A,2025-10-29 23:55:00-04:00,23
2025-10-30 03:59:00+00:00,BUY,MEC-A,2025-10-29 23:59:00-04:00,23
2025-10-30 04:00:00+00:00,BUY,MEC-A,2025-10-30 00:00:00-04:00,0
2025-10-30 04:01:00+00:00,BUY,MEC-A,2025-10-30 00:01:00-04:00,0
2025-10-30 04:07:00+00:00,BUY,MEC-A,2025-10-30 00:07:00-04:00,0
2025-10-30 04:13:00+00:00,BUY,MEC-A,2025-10-30 00:13:00-04:00,0
2025-10-30 04:17:00+00:00,BUY,MEC-A,2025-10-30 00:17:00-04:00,0
2025-10-30 04:18:00+00:00,BUY,MEC-A,2025-10-30 00:18:00-04:00,0
2025-10-30 04:21:00+00:00,BUY,MEC-A,2025-10-30 00:21:00-04:00,0
2025-10-30 04:22:00+00:00,BUY,MEC-A,2025-10-30 00:22:00-04:00,0
2025-10-30 04:27:00+00:00,BUY,MEC-A,2025-10-30 00:27:00-04:00,0
2025-10-30 04:28:00+00:00,BUY,MEC-A,2025-10-30 00:28:00-04:00,0
2025-10-30 04:29:00+00:00,BUY,MEC-A,2025-10-30 00:29:00-04:00,0
2025-10-30 04:30:00+00:00,BUY,MEC-A,2025-10-30 00:30:00-04:00,0
2025-10-30 04:31:00+00:00,BUY,MEC-A,2025-10-30 00:31:00-04:00,0
2025-10-30 04:33:00+00:00,BUY,MEC-A,2025-10-30 00:33:00-04:00,0
2025-10-30 04:34:00+00:00,BUY,MEC-A,2025-10-30 00:34:00-04:00,0
2025-10-30 04:40:00+00:00,BUY,MEC-A,2025-10-30 00:40:00-04:00,0
2025-10-30 04:42:00+00:00,BUY,MEC-A,2025-10-30 00:42:00-04:00,0
2025-10-30 04:49:00+00:00,BUY,MEC-A,2025-10-30 00:49:00-04:00,0
2025-10-30 04:50:00+00:00,BUY,MEC-A,2025-10-30 00:50:00-04:00,0
2025-10-30 04:55:00+00:00,SELL,MEC-A,2025-10-30 00:55:00-04:00,0
2025-10-30 06:07:00+00:00,SELL,MEC-A,2025-10-30 02:07:00-04:00,2
2025-10-30 06:10:00+00:00,SELL,MEC-A,2025-10-30 02:10:00-04:00,2
2025-10-30 06:12:00+00:00,SELL,MEC-A,2025-10-30 02:12:00-04:00,2
2025-10-30 06:16:00+00:00,SELL,MEC-A,2025-10-30 02:16:00-04:00,2
2025-10-30 06:19:00+00:00,BUY,MEC-A,2025-10-30 02:19:00-04:00,2
2025-10-30 06:28:00+00:00,BUY,MEC-A,2025-10-30 02:28:00-04:00,2
2025-10-30 06:31:00+00:00,BUY,MEC-A,2025-10-30 02:31:00-04:00,2
2025-10-30 06:48:00+00:00,BUY,MEC-A,2025-10-30 02:48:00-04:00,2
2025-10-30 06:55:00+00:00,BUY,MEC-A,2025-10-30 02:55:00-04:00,2
2025-10-30 06:56:00+00:00,BUY,MEC-A,2025-10-30 02:56:00-04:00,2
2025-10-30 06:57:00+00:00,BUY,MEC-A,2025-10-30 02:57:00-04:00,2
2025-10-30 06:58:00+00:00,BUY,MEC-A,2025-10-30 02:58:00-04:00,2
2025-10-30 06:59:00+00:00,BUY,MEC-A,2025-10-30 02:59:00-04:00,2
2025-10-30 07:03:00+00:00,BUY,MEC-A,2025-10-30 03:03:00-04:00,3
2025-10-30 07:06:00+00:00,BUY,MEC-A,2025-10-30 03:06:00-04:00,3
2025-10-30 07:07:00+00:00,SELL,MEC-A,2025-10-30 03:07:00-04:00,3
2025-10-30 07:09:00+00:00,SELL,MEC-A,2025-10-30 03:09:00-04:00,3
2025-10-30 07:14:00+00:00,SELL,MEC-A,2025-10-30 03:14:00-04:00,3
2025-10-30 07:15:00+00:00,SELL,MEC-A,2025-10-30 03:15:00-04:00,3
2025-10-30 07:19:00+00:00,SELL,MEC-A,2025-10-30 03:19:00-04:00,3
2025-10-30 07:23:00+00:00,SELL,MEC-A,2025-10-30 03:23:00-04:00,3
2025-10-30 07:25:00+00:00,SELL,MEC-A,2025-10-30 03:25:00-04:00,3
2025-10-30 07:26:00+00:00,SELL,MEC-A,2025-10-30 03:26:00-04:00,3
2025-10-30 07:30:00+00:00,SELL,MEC-A,2025-10-30 03:30:00-04:00,3
2025-10-30 07:31:00+00:00,SELL,MEC-A,2025-10-30 03:31:00-04:00,3
2025-10-30 07:32:00+00:00,SELL,MEC-A,2025-10-30 03:32:00-04:00,3
2025-10-30 07:33:00+00:00,SELL,MEC-A,2025-10-30 03:33:00-04:00,3
2025-10-30 07:47:00+00:00,SELL,MEC-A,2025-10-30 03:47:00-04:00,3
2025-10-30 07:51:00+00:00,SELL,MEC-A,2025-10-30 03:51:00-04:00,3
2025-10-30 07:53:00+00:00,SELL,MEC-A,2025-10-30 03:53:00-04:00,3
2025-10-30 07:56:00+00:00,SELL,MEC-A,2025-10-30 03:56:00-04:00,3
2025-10-30 07:57:00+00:00,SELL,MEC-A,2025-10-30 03:57:00-04:00,3
2025-10-30 08:00:00+00:00,BUY,MEC-A,2025-10-30 04:00:00-04:00,4
2025-10-30 08:09:00+00:00,BUY,MEC-A,2025-10-30 04:09:00-04:00,4
2025-10-30 08:16:00+00:00,BUY,MEC-A,2025-10-30 04:16:00-04:00,4
2025-10-30 08:21:00+00:00,BUY,MEC-A,2025-10-30 04:21:00-04:00,4
2025-10-30 08:26:00+00:00,BUY,MEC-A,2025-10-30 04:26:00-04:00,4
2025-10-30 08:28:00+00:00,BUY,MEC-A,2025-10-30 04:28:00-04:00,4
2025-10-30 08:41:00+00:00,BUY,MEC-A,2025-10-30 04:41:00-04:00,4
2025-10-30 08:44:00+00:00,BUY,MEC-A,2025-10-30 04:44:00-04:00,4
2025-10-30 08:58:00+00:00,BUY,MEC-A,2025-10-30 04:58:00-04:00,4
2025-10-30 09:00:00+00:00,BUY,MEC-A,2025-10-30 05:00:00-04:00,5
2025-10-30 09:01:00+00:00,BUY,MEC-A,2025-10-30 05:01:00-04:00,5
2025-10-30 09:02:00+00:00,BUY,MEC-A,2025-10-30 05:02:00-04:00,5
2025-10-30 09:03:00+00:00,BUY,MEC-A,2025-10-30 05:03:00-04:00,5
2025-10-30 09:05:00+00:00,BUY,MEC-A,2025-10-30 05:05:00-04:00,5
2025-10-30 09:07:00+00:00,BUY,MEC-A,2025-10-30 05:07:00-04:00,5
2025-10-30 09:10:00+00:00,BUY,MEC-A,2025-10-30 05:10:00-04:00,5
2025-10-30 09:13:00+00:00,BUY,MEC-A,2025-10-30 05:13:00-04:00,5
2025-10-30 09:15:00+00:00,BUY,MEC-A,2025-10-30 05:15:00-04:00,5
2025-10-30 09:20:00+00:00,BUY,MEC-A,2025-10-30 05:20:00-04:00,5
2025-10-30 09:25:00+00:00,BUY,MEC-A,2025-10-30 05:25:00-04:00,5
2025-10-30 09:27:00+00:00,BUY,MEC-A,2025-10-30 05:27:00-04:00,5
2025-10-30 09:28:00+00:00,BUY,MEC-A,2025-10-30 05:28:00-04:00,5
2025-10-30 09:29:00+00:00,BUY,MEC-A,2025-10-30 05:29:00-04:00,5
2025-10-30 09:36:00+00:00,BUY,MEC-A,2025-10-30 05:36:00-04:00,5
2025-10-30 09:48:00+00:00,SELL,MEC-A,2025-10-30 05:48:00-04:00,5
2025-10-30 09:49:00+00:00,SELL,MEC-A,2025-10-30 05:49:00-04:00,5
2025-10-30 09:50:00+00:00,SELL,MEC-A,2025-10-30 05:50:00-04:00,5
2025-10-30 09:54:00+00:00,SELL,MEC-A,2025-10-30 05:54:00-04:00,5
2025-10-30 09:56:00+00:00,SELL,MEC-A,2025-10-30 05:56:00-04:00,5
2025-10-30 09:58:00+00:00,SELL,MEC-A,2025-10-30 05:58:00-04:00,5
2025-10-30 12:14:00+00:00,BUY,MEC-A,2025-10-30 08:14:00-04:00,8
2025-10-30 12:15:00+00:00,BUY,MEC-A,2025-10-30 08:15:00-04:00,8
2025-10-30 12:22:00+00:00,BUY,MEC-A,2025-10-30 08:22:00-04:00,8
2025-10-30 12:28:00+00:00,SELL,MEC-A,2025-10-30 08:28:00-04:00,8
2025-10-30 12:29:00+00:00,SELL,MEC-A,2025-10-30 08:29:00-04:00,8
2025-10-30 12:31:00+00:00,SELL,MEC-A,2025-10-30 08:31:00-04:00,8
2025-10-30 12:48:00+00:00,SELL,MEC-B,2025-10-30 08:48:00-04:00,8
2025-10-30 12:58:00+00:00,SELL,MEC-A,2025-10-30 08:58:00-04:00,8
2025-10-30 13:04:00+00:00,BUY,MEC-A,2025-10-30 09:04:00-04:00,9
2025-10-30 13:12:00+00:00,BUY,MEC-A,2025-10-30 09:12:00-04:00,9
2025-10-30 13:26:00+00:00,SELL,MEC-A,2025-10-30 09:26:00-04:00,9
2025-10-30 13:29:00+00:00,SELL,MEC-A,2025-10-30 09:29:00-04:00,9
2025-10-30 13:36:00+00:00,SELL,MEC-A,2025-10-30 09:36:00-04:00,9
2025-10-30 13:44:00+00:00,BUY,MEC-A,2025-10-30 09:44:00-04:00,9
2025-10-30 13:50:00+00:00,BUY,MEC-A,2025-10-30 09:50:00-04:00,9
2025-10-30 13:51:00+00:00,BUY,MEC-A,2025-10-30 09:51:00-04:00,9
2025-10-30 13:53:00+00:00,BUY,MEC-A,2025-10-30 09:53:00-04:00,9
2025-10-30 13:55:00+00:00,BUY,MEC-A,2025-10-30 09:55:00-04:00,9
2025-10-30 13:59:00+00:00,BUY,MEC-A,2025-10-30 09:59:00-04:00,9
2025-10-30 14:03:00+00:00,BUY,MEC-A,2025-10-30 10:03:00-04:00,10
2025-10-30 14:05:00+00:00,BUY,MEC-A,2025-10-30 10:05:00-04:00,10
2025-10-30 14:07:00+00:00,BUY,MEC-A,2025-10-30 10:07:00-04:00,10
2025-10-30 14:08:00+00:00,BUY,MEC-A,2025-10-30 10:08:00-04:00,10
2025-10-30 14:13:00+00:00,BUY,MEC-A,2025-10-30 10:13:00-04:00,10
2025-10-30 14:19:00+00:00,BUY,MEC-A,2025-10-30 10:19:00-04:00,10
2025-10-30 14:22:00+00:00,BUY,MEC-A,2025-10-30 10:22:00-04:00,10
2025-10-30 14:23:00+00:00,SELL,MEC-A,2025-10-30 10:23:00-04:00,10
2025-10-30 14:32:00+00:00,SELL,MEC-A,2025-10-30 10:32:00-04:00,10
2025-10-30 14:33:00+00:00,SELL,MEC-A,2025-10-30 10:33:00-04:00,10
2025-10-30 14:45:00+00:00,SELL,MEC-A,2025-10-30 10:45:00-04:00,10
2025-10-30 14:54:00+00:00,SELL,MEC-A,2025-10-30 10:54:00-04:00,10
2025-10-30 14:55:00+00:00,SELL,MEC-A,2025-10-30 10:55:00-04:00,10
2025-10-30 15:05:00+00:00,SELL,MEC-A,2025-10-30 11:05:00-04:00,11
2025-10-30 15:06:00+00:00,SELL,MEC-A,2025-10-30 11:06:00-04:00,11
2025-10-30 15:10:00+00:00,BUY,MEC-A,2025-10-30 11:10:00-04:00,11
2025-10-30 15:11:00+00:00,BUY,MEC-A,2025-10-30 11:11:00-04:00,11
2025-10-30 15:15:00+00:00,BUY,MEC-A,2025-10-30 11:15:00-04:00,11
2025-10-30 15:19:00+00:00,BUY,MEC-A,2025-10-30 11:19:00-04:00,11
2025-10-30 15:22:00+00:00,SELL,MEC-A,2025-10-30 11:22:00-04:00,11
2025-10-30 15:24:00+00:00,SELL,MEC-A,2025-10-30 11:24:00-04:00,11
2025-10-30 15:32:00+00:00,BUY,MEC-A,2025-10-30 11:32:00-04:00,11
2025-10-30 15:34:00+00:00,BUY,MEC-A,2025-10-30 11:34:00-04:00,11
2025-10-30 15:39:00+00:00,BUY,MEC-A,2025-10-30 11:39:00-04:00,11
2025-10-30 15:43:00+00:00,BUY,MEC-A,2025-10-30 11:43:00-04:00,11
2025-10-30 15:55:00+00:00,BUY,MEC-A,2025-10-30 11:55:00-04:00,11
2025-10-30 15:58:00+00:00,SELL,MEC-A,2025-10-30 11:58:00-04:00,11
2025-10-30 16:01:00+00:00,SELL,MEC-A,2025-10-30 12:01:00-04:00,12
2025-10-30 16:02:00+00:00,SELL,MEC-A,2025-10-30 12:02:00-04:00,12
2025-10-30 16:03:00+00:00,SELL,MEC-A,2025-10-30 12:03:00-04:00,12
2025-10-30 16:09:00+00:00,SELL,MEC-A,2025-10-30 12:09:00-04:00,12
2025-10-30 16:12:00+00:00,SELL,MEC-A,2025-10-30 12:12:00-04:00,12
2025-10-30 16:13:00+00:00,SELL,MEC-A,2025-10-30 12:13:00-04:00,12
2025-10-30 16:22:00+00:00,SELL,MEC-A,2025-10-30 12:22:00-04:00,12
2025-10-30 16:32:00+00:00,BUY,MEC-A,2025-10-30 12:32:00-04:00,12
2025-10-30 16:33:00+00:00,BUY,MEC-A,2025-10-30 12:33:00-04:00,12
2025-10-30 16:42:00+00:00,BUY,MEC-A,2025-10-30 12:42:00-04:00,12
2025-10-30 16:43:00+00:00,BUY,MEC-A,2025-10-30 12:43:00-04:00,12
2025-10-30 16:44:00+00:00,BUY,MEC-A,2025-10-30 12:44:00-04:00,12
2025-10-30 16:58:00+00:00,BUY,MEC-A,2025-10-30 12:58:00-04:00,12
2025-10-30 17:01:00+00:00,BUY,MEC-A,2025-10-30 13:01:00-04:00,13
2025-10-30 17:03:00+00:00,BUY,MEC-A,2025-10-30 13:03:00-04:00,13
2025-10-30 17:12:00+00:00,SELL,MEC-A,2025-10-30 13:12:00-04:00,13
2025-10-30 17:23:00+00:00,BUY,MEC-A,2025-10-30 13:23:00-04:00,13
2025-10-30 17:31:00+00:00,BUY,MEC-A,2025-10-30 13:31:00-04:00,13
2025-10-30 17:32:00+00:00,BUY,MEC-A,2025-10-30 13:32:00-04:00,13
2025-10-30 17:39:00+00:00,BUY,MEC-A,2025-10-30 13:39:00-04:00,13
2025-10-30 17:40:00+00:00,BUY,MEC-A,2025-10-30 13:40:00-04:00,13
2025-10-30 17:41:00+00:00,BUY,MEC-A,2025-10-30 13:41:00-04:00,13
2025-10-30 17:43:00+00:00,BUY,MEC-A,2025-10-30 13:43:00-04:00,13
2025-10-30 17:45:00+00:00,BUY,MEC-A,2025-10-30 13:45:00-04:00,13
2025-10-30 17:46:00+00:00,BUY,MEC-A,2025-10-30 13:46:00-04:00,13
2025-10-30 17:52:00+00:00,BUY,MEC-A,2025-10-30 13:52:00-04:00,13
2025-10-30 17:57:00+00:00,SELL,MEC-A,2025-10-30 13:57:00-04:00,13
2025-10-30 17:58:00+00:00,SELL,MEC-A,2025-10-30 13:58:00-04:00,13
2025-10-30 18:00:00+00:00,SELL,MEC-A,2025-10-30 14:00:00-04:00,14
2025-10-30 18:04:00+00:00,SELL,MEC-A,2025-10-30 14:04:00-04:00,14
2025-10-30 18:14:00+00:00,SELL,MEC-A,2025-10-30 14:14:00-04:00,14
2025-10-30 18:26:00+00:00,BUY,MEC-A,2025-10-30 14:26:00-04:00,14
2025-10-30 18:27:00+00:00,BUY,MEC-A,2025-10-30 14:27:00-04:00,14
2025-10-30 18:28:00+00:00,BUY,MEC-A,2025-10-30 14:28:00-04:00,14
2025-10-30 18:29:00+00:00,BUY,MEC-A,2025-10-30 14:29:00-04:00,14
2025-10-30 18:30:00+00:00,BUY,MEC-A,2025-10-30 14:30:00-04:00,14
2025-10-30 18:34:00+00:00,BUY,MEC-A,2025-10-30 14:34:00-04:00,14
2025-10-30 18:36:00+00:00,BUY,MEC-A,2025-10-30 14:36:00-04:00,14
2025-10-30 18:40:00+00:00,BUY,MEC-A,2025-10-30 14:40:00-04:00,14
2025-10-30 18:44:00+00:00,BUY,MEC-A,2025-10-30 14:44:00-04:00,14
2025-10-30 18:47:00+00:00,BUY,MEC-A,2025-10-30 14:47:00-04:00,14
2025-10-30 18:49:00+00:00,BUY,MEC-A,2025-10-30 14:49:00-04:00,14
2025-10-30 18:52:00+00:00,BUY,MEC-A,2025-10-30 14:52:00-04:00,14
2025-10-30 18:54:00+00:00,BUY,MEC-A,2025-10-30 14:54:00-04:00,14
2025-10-30 18:56:00+00:00,BUY,MEC-A,2025-10-30 14:56:00-04:00,14
2025-10-30 20:00:00+00:00,BUY,MEC-A,2025-10-30 16:00:00-04:00,16
2025-10-30 20:02:00+00:00,BUY,MEC-A,2025-10-30 16:02:00-04:00,16
2025-10-30 20:10:00+00:00,BUY,MEC-A,2025-10-30 16:10:00-04:00,16
2025-10-30 20:13:00+00:00,BUY,MEC-A,2025-10-30 16:13:00-04:00,16
2025-10-30 20:19:00+00:00,SELL,MEC-A,2025-10-30 16:19:00-04:00,16
2025-10-30 20:22:00+00:00,SELL,MEC-A,2025-10-30 16:22:00-04:00,16
2025-10-30 20:24:00+00:00,SELL,MEC-A,2025-10-30 16:24:00-04:00,16
2025-10-30 20:30:00+00:00,SELL,MEC-A,2025-10-30 16:30:00-04:00,16
2025-10-30 20:45:00+00:00,BUY,MEC-A,2025-10-30 16:45:00-04:00,16
2025-10-30 20:48:00+00:00,BUY,MEC-A,2025-10-30 16:48:00-04:00,16
2025-10-30 20:49:00+00:00,BUY,MEC-A,2025-10-30 16:49:00-04:00,16
2025-10-30 20:55:00+00:00,BUY,MEC-A,2025-10-30 16:55:00-04:00,16
2025-10-30 20:59:00+00:00,BUY,MEC-A,2025-10-30 16:59:00-04:00,16
2025-10-30 22:03:00+00:00,BUY,MEC-A,2025-10-30 18:03:00-04:00,18
2025-10-30 22:09:00+00:00,BUY,MEC-A,2025-10-30 18:09:00-04:00,18
2025-10-30 22:12:00+00:00,BUY,MEC-A,2025-10-30 18:12:00-04:00,18
2025-10-30 22:23:00+00:00,SELL,MEC-A,2025-10-30 18:23:00-04:00,18
2025-10-30 22:27:00+00:00,BUY,MEC-A,2025-10-30 18:27:00-04:00,18
2025-10-30 22:28:00+00:00,BUY,MEC-A,2025-10-30 18:28:00-04:00,18
2025-10-30 22:30:00+00:00,BUY,MEC-A,2025-10-30 18:30:00-04:00,18
2025-10-30 22:32:00+00:00,BUY,MEC-A,2025-10-30 18:32:00-04:00,18
2025-10-30 22:33:00+00:00,BUY,MEC-A,2025-10-30 18:33:00-04:00,18
2025-10-30 22:35:00+00:00,BUY,MEC-A,2025-10-30 18:35:00-04:00,18
2025-10-30 22:41:00+00:00,BUY,MEC-A,2025-10-30 18:41:00-04:00,18
2025-10-30 22:44:00+00:00,BUY,MEC-A,2025-10-30 18:44:00-04:00,18
2025-10-30 22:46:00+00:00,BUY,MEC-A,2025-10-30 18:46:00-04:00,18
2025-10-30 22:49:00+00:00,BUY,MEC-A,2025-10-30 18:49:00-04:00,18
2025-10-30 22:50:00+00:00,BUY,MEC-A,2025-10-30 18:50:00-04:00,18
2025-10-30 22:51:00+00:00,BUY,MEC-A,2025-10-30 18:51:00-04:00,18
2025-10-30 22:55:00+00:00,BUY,MEC-A,2025-10-30 18:55:00-04:00,18
2025-10-30 23:03:00+00:00,BUY,MEC-A,2025-10-30 19:03:00-04:00,19
2025-10-30 23:11:00+00:00,SELL,MEC-A,2025-10-30 19:11:00-04:00,19
2025-10-30 23:12:00+00:00,SELL,MEC-A,2025-10-30 19:12:00-04:00,19
2025-10-30 23:15:00+00:00,SELL,MEC-A,2025-10-30 19:15:00-04:00,19
2025-10-30 23:24:00+00:00,BUY,MEC-A,2025-10-30 19:24:00-04:00,19
2025-10-30 23:31:00+00:00,BUY,MEC-A,2025-10-30 19:31:00-04:00,19
2025-10-30 23:32:00+00:00,BUY,MEC-A,2025-10-30 19:32:00-04:00,19
2025-10-30 23:33:00+00:00,BUY,MEC-A,2025-10-30 19:33:00-04:00,19
2025-10-30 23:37:00+00:00,BUY,MEC-A,2025-10-30 19:37:00-04:00,19
2025-10-30 23:41:00+00:00,BUY,MEC-A,2025-10-30 19:41:00-04:00,19
2025-10-30 23:45:00+00:00,BUY,MEC-A,2025-10-30 19:45:00-04:00,19
2025-10-30 23:49:00+00:00,BUY,MEC-A,2025-10-30 19:49:00-04:00,19
2025-10-30 23:52:00+00:00,BUY,MEC-A,2025-10-30 19:52:00-04:00,19
2025-10-30 23:53:00+00:00,BUY,MEC-A,2025-10-30 19:53:00-04:00,19
2025-10-30 23:55:00+00:00,BUY,MEC-A,2025-10-30 19:55:00-04:00,19
2025-10-30 23:59:00+00:00,SELL,MEC-A,2025-10-30 19:59:00-04:00,19
2025-10-31 00:03:00+00:00,SELL,MEC-A,2025-10-30 20:03:00-04:00,20
2025-10-31 00:05:00+00:00,SELL,MEC-A,2025-10-30 20:05:00-04:00,20
2025-10-31 00:11:00+00:00,SELL,MEC-A,2025-10-30 20:11:00-04:00,20
2025-10-31 00:12:00+00:00,SELL,MEC-A,2025-10-30 20:12:00-04:00,20
2025-10-31 00:16:00+00:00,SELL,MEC-A,2025-10-30 20:16:00-04:00,20
2025-10-31 00:26:00+00:00,SELL,MEC-A,2025-10-30 20:26:00-04:00,20
2025-10-31 00:27:00+00:00,SELL,MEC-A,2025-10-30 20:27:00-04:00,20
2025-10-31 00:28:00+00:00,SELL,MEC-A,2025-10-30 20:28:00-04:00,20
2025-10-31 00:35:00+00:00,SELL,MEC-A,2025-10-30 20:35:00-04:00,20
2025-10-31 00:38:00+00:00,SELL,MEC-A,2025-10-30 20:38:00-04:00,20
2025-10-31 00:46:00+00:00,SELL,MEC-A,2025-10-30 20:46:00-04:00,20
2025-10-31 01:00:00+00:00,SELL,MEC-A,2025-10-30 21:00:00-04:00,21
2025-10-31 01:08:00+00:00,BUY,MEC-A,2025-10-30 21:08:00-04:00,21
2025-10-31 01:10:00+00:00,BUY,MEC-A,2025-10-30 21:10:00-04:00,21
2025-10-31 01:19:00+00:00,BUY,MEC-A,2025-10-30 21:19:00-04:00,21
2025-10-31 01:20:00+00:00,BUY,MEC-A,2025-10-30 21:20:00-04:00,21
2025-10-31 01:25:00+00:00,BUY,MEC-A,2025-10-30 21:25:00-04:00,21
2025-10-31 01:27:00+00:00,SELL,MEC-A,2025-10-30 21:27:00-04:00,21
2025-10-31 01:36:00+00:00,SELL,MEC-A,2025-10-30 21:36:00-04:00,21
2025-10-31 01:38:00+00:00,SELL,MEC-A,2025-10-30 21:38:00-04:00,21
2025-10-31 01:42:00+00:00,SELL,MEC-A,2025-10-30 21:42:00-04:00,21
2025-10-31 01:43:00+00:00,SELL,MEC-A,2025-10-30 21:43:00-04:00,21
2025-10-31 01:44:00+00:00,SELL,MEC-A,2025-10-30 21:44:00-04:00,21
2025-10-31 01:46:00+00:00,SELL,MEC-A,2025-10-30 21:46:00-04:00,21
2025-10-31 01:52:00+00:00,SELL,MEC-A,2025-10-30 21:52:00-04:00,21
2025-10-31 01:53:00+00:00,SELL,MEC-A,2025-10-30 21:53:00-04:00,21
2025-10-31 02:01:00+00:00,SELL,MEC-A,2025-10-30 22:01:00-04:00,22
2025-10-31 02:04:00+00:00,SELL,MEC-A,2025-10-30 22:04:00-04:00,22
2025-10-31 02:07:00+00:00,SELL,MEC-A,2025-10-30 22:07:00-04:00,22
2025-10-31 02:14:00+00:00,SELL,MEC-A,2025-10-30 22:14:00-04:00,22
2025-10-31 02:30:00+00:00,SELL,MEC-A,2025-10-30 22:30:00-04:00,22
2025-10-31 02:35:00+00:00,SELL,MEC-A,2025-10-30 22:35:00-04:00,22
2025-10-31 02:37:00+00:00,SELL,MEC-A,2025-10-30 22:37:00-04:00,22
2025-10-31 02:40:00+00:00,SELL,MEC-A,2025-10-30 22:40:00-04:00,22
2025-10-31 02:44:00+00:00,SELL,MEC-A,2025-10-30 22:44:00-04:00,22
2025-10-31 02:47:00+00:00,SELL,MEC-A,2025-10-30 22:47:00-04:00,22
2025-10-31 02:51:00+00:00,BUY,MEC-A,2025-10-30 22:51:00-04:00,22
2025-10-31 02:52:00+00:00,BUY,MEC-A,2025-10-30 22:52:00-04:00,22
2025-10-31 03:12:00+00:00,SELL,MEC-A,2025-10-30 23:12:00-04:00,23
2025-10-31 03:13:00+00:00,SELL,MEC-A,2025-10-30 23:13:00-04:00,23
2025-10-31 03:24:00+00:00,SELL,MEC-A,2025-10-30 23:24:00-04:00,23
2025-10-31 03:26:00+00:00,SELL,MEC-A,2025-10-30 23:26:00-04:00,23
2025-10-31 03:27:00+00:00,SELL,MEC-A,2025-10-30 23:27:00-04:00,23
2025-10-31 03:31:00+00:00,SELL,MEC-A,2025-10-30 23:31:00-04:00,23
2025-10-31 03:35:00+00:00,BUY,MEC-A,2025-10-30 23:35:00-04:00,23
2025-10-31 03:38:00+00:00,BUY,MEC-A,2025-10-30 23:38:00-04:00,23
2025-10-31 03:45:00+00:00,SELL,MEC-A,2025-10-30 23:45:00-04:00,23
2025-10-31 03:54:00+00:00,SELL,MEC-A,2025-10-30 23:54:00-04:00,23
2025-10-31 03:55:00+00:00,SELL,MEC-A,2025-10-30 23:55:00-04:00,23
2025-10-31 03:57:00+00:00,SELL,MEC-A,2025-10-30 23:57:00-04:00,23
2025-10-31 04:02:00+00:00,SELL,MEC-A,2025-10-31 00:02:00-04:00,0
2025-10-31 04:06:00+00:00,SELL,MEC-A,2025-10-31 00:06:00-04:00,0
2025-10-31 04:24:00+00:00,BUY,MEC-A,2025-10-31 00:24:00-04:00,0
2025-10-31 04:27:00+00:00,BUY,MEC-A,2025-10-31 00:27:00-04:00,0
2025-10-31 04:28:00+00:00,BUY,MEC-A,2025-10-31 00:28:00-04:00,0
2025-10-31 04:29:00+00:00,BUY,MEC-A,2025-10-31 00:29:00-04:00,0
2025-10-31 04:30:00+00:00,BUY,MEC-A,2025-10-31 00:30:00-04:00,0
2025-10-31 04:31:00+00:00,BUY,MEC-A,2025-10-31 00:31:00-04:00,0
2025-10-31 04:38:00+00:00,BUY,MEC-A,2025-10-31 00:38:00-04:00,0
2025-10-31 04:43:00+00:00,BUY,MEC-A,2025-10-31 00:43:00-04:00,0
2025-10-31 04:45:00+00:00,BUY,MEC-A,2025-10-31 00:45:00-04:00,0
2025-10-31 04:48:00+00:00,BUY,MEC-A,2025-10-31 00:48:00-04:00,0
2025-10-31 04:51:00+00:00,BUY,MEC-A,2025-10-31 00:51:00-04:00,0
2025-10-31 05:09:00+00:00,SELL,MEC-A,2025-10-31 01:09:00-04:00,1
2025-10-31 05:12:00+00:00,SELL,MEC-A,2025-10-31 01:12:00-04:00,1
2025-10-31 05:16:00+00:00,SELL,MEC-A,2025-10-31 01:16:00-04:00,1
2025-10-31 05:18:00+00:00,SELL,MEC-A,2025-10-31 01:18:00-04:00,1
2025-10-31 05:20:00+00:00,SELL,MEC-A,2025-10-31 01:20:00-04:00,1
2025-10-31 05:28:00+00:00,BUY,MEC-A,2025-10-31 01:28:00-04:00,1
2025-10-31 05:29:00+00:00,BUY,MEC-A,2025-10-31 01:29:00-04:00,1
2025-10-31 05:30:00+00:00,BUY,MEC-A,2025-10-31 01:30:00-04:00,1
2025-10-31 05:32:00+00:00,BUY,MEC-A,2025-10-31 01:32:00-04:00,1
2025-10-31 05:43:00+00:00,BUY,MEC-A,2025-10-31 01:43:00-04:00,1
2025-10-31 05:44:00+00:00,BUY,MEC-A,2025-10-31 01:44:00-04:00,1
2025-10-31 05:46:00+00:00,BUY,MEC-A,2025-10-31 01:46:00-04:00,1
2025-10-31 05:51:00+00:00,BUY,MEC-A,2025-10-31 01:51:00-04:00,1
2025-10-31 05:57:00+00:00,SELL,MEC-A,2025-10-31 01:57:00-04:00,1
2025-10-31 06:00:00+00:00,SELL,MEC-A,2025-10-31 02:00:00-04:00,2
2025-10-31 06:05:00+00:00,BUY,MEC-A,2025-10-31 02:05:00-04:00,2
2025-10-31 06:06:00+00:00,BUY,MEC-A,2025-10-31 02:06:00-04:00,2
2025-10-31 06:16:00+00:00,BUY,MEC-A,2025-10-31 02:16:00-04:00,2
2025-10-31 06:17:00+00:00,BUY,MEC-A,2025-10-31 02:17:00-04:00,2
2025-10-31 06:37:00+00:00,SELL,MEC-A,2025-10-31 02:37:00-04:00,2
2025-10-31 06:43:00+00:00,SELL,MEC-A,2025-10-31 02:43:00-04:00,2
2025-10-31 06:49:00+00:00,SELL,MEC-A,2025-10-31 02:49:00-04:00,2
2025-10-31 06:57:00+00:00,BUY,MEC-A,2025-10-31 02:57:00-04:00,2
2025-10-31 07:04:00+00:00,BUY,MEC-A,2025-10-31 03:04:00-04:00,3
2025-10-31 07:14:00+00:00,BUY,MEC-A,2025-10-31 03:14:00-04:00,3
2025-10-31 07:17:00+00:00,BUY,MEC-A,2025-10-31 03:17:00-04:00,3
2025-10-31 07:20:00+00:00,BUY,MEC-A,2025-10-31 03:20:00-04:00,3
2025-10-31 07:28:00+00:00,BUY,MEC-A,2025-10-31 03:28:00-04:00,3
2025-10-31 07:29:00+00:00,BUY,MEC-A,2025-10-31 03:29:00-04:00,3
2025-10-31 07:35:00+00:00,SELL,MEC-A,2025-10-31 03:35:00-04:00,3
2025-10-31 07:42:00+00:00,SELL,MEC-A,2025-10-31 03:42:00-04:00,3
2025-10-31 07:43:00+00:00,SELL,MEC-A,2025-10-31 03:43:00-04:00,3
2025-10-31 07:44:00+00:00,SELL,MEC-A,2025-10-31 03:44:00-04:00,3
2025-10-31 07:47:00+00:00,SELL,MEC-A,2025-10-31 03:47:00-04:00,3
2025-10-31 07:50:00+00:00,SELL,MEC-A,2025-10-31 03:50:00-04:00,3
2025-10-31 07:55:00+00:00,BUY,MEC-A,2025-10-31 03:55:00-04:00,3
2025-10-31 08:01:00+00:00,BUY,MEC-A,2025-10-31 04:01:00-04:00,4
2025-10-31 08:03:00+00:00,BUY,MEC-A,2025-10-31 04:03:00-04:00,4
2025-10-31 08:05:00+00:00,BUY,MEC-A,2025-10-31 04:05:00-04:00,4
2025-10-31 08:33:00+00:00,SELL,MEC-A,2025-10-31 04:33:00-04:00,4
2025-10-31 08:40:00+00:00,BUY,MEC-A,2025-10-31 04:40:00-04:00,4
2025-10-31 08:51:00+00:00,SELL,MEC-A,2025-10-31 04:51:00-04:00,4
2025-10-31 08:52:00+00:00,SELL,MEC-A,2025-10-31 04:52:00-04:00,4
2025-10-31 08:53:00+00:00,SELL,MEC-A,2025-10-31 04:53:00-04:00,4
2025-10-31 08:54:00+00:00,SELL,MEC-A,2025-10-31 04:54:00-04:00,4
2025-10-31 09:07:00+00:00,SELL,MEC-A,2025-10-31 05:07:00-04:00,5
2025-10-31 09:12:00+00:00,SELL,MEC-A,2025-10-31 05:12:00-04:00,5
2025-10-31 09:14:00+00:00,SELL,MEC-A,2025-10-31 05:14:00-04:00,5
2025-10-31 09:19:00+00:00,SELL,MEC-A,2025-10-31 05:19:00-04:00,5
2025-10-31 09:20:00+00:00,SELL,MEC-A,2025-10-31 05:20:00-04:00,5
2025-10-31 09:21:00+00:00,SELL,MEC-A,2025-10-31 05:21:00-04:00,5
2025-10-31 09:24:00+00:00,SELL,MEC-A,2025-10-31 05:24:00-04:00,5
2025-10-31 09:28:00+00:00,SELL,MEC-A,2025-10-31 05:28:00-04:00,5
2025-10-31 09:34:00+00:00,BUY,MEC-A,2025-10-31 05:34:00-04:00,5
2025-10-31 09:37:00+00:00,BUY,MEC-A,2025-10-31 05:37:00-04:00,5
2025-10-31 09:47:00+00:00,SELL,MEC-A,2025-10-31 05:47:00-04:00,5
2025-10-31 09:51:00+00:00,SELL,MEC-A,2025-10-31 05:51:00-04:00,5
2025-10-31 09:56:00+00:00,BUY,MEC-A,2025-10-31 05:56:00-04:00,5
2025-10-31 09:57:00+00:00,BUY,MEC-A,2025-10-31 05:57:00-04:00,5
2025-10-31 10:00:00+00:00,BUY,MEC-A,2025-10-31 06:00:00-04:00,6
2025-10-31 10:03:00+00:00,BUY,MEC-A,2025-10-31 06:03:00-04:00,6
2025-10-31 10:06:00+00:00,BUY,MEC-A,2025-10-31 06:06:00-04:00,6
2025-10-31 10:09:00+00:00,BUY,MEC-A,2025-10-31 06:09:00-04:00,6
2025-10-31 10:18:00+00:00,BUY,MEC-A,2025-10-31 06:18:00-04:00,6
2025-10-31 10:25:00+00:00,SELL,MEC-A,2025-10-31 06:25:00-04:00,6
2025-10-31 10:33:00+00:00,SELL,MEC-A,2025-10-31 06:33:00-04:00,6
2025-10-31 10:34:00+00:00,SELL,MEC-A,2025-10-31 06:34:00-04:00,6
2025-10-31 10:35:00+00:00,SELL,MEC-A,2025-10-31 06:35:00-04:00,6
2025-10-31 10:36:00+00:00,SELL,MEC-A,2025-10-31 06:36:00-04:00,6
2025-10-31 10:45:00+00:00,SELL,MEC-A,2025-10-31 06:45:00-04:00,6
2025-10-31 10:46:00+00:00,SELL,MEC-A,2025-10-31 06:46:00-04:00,6
2025-10-31 10:47:00+00:00,SELL,MEC-A,2025-10-31 06:47:00-04:00,6
2025-10-31 10:54:00+00:00,SELL,MEC-A,2025-10-31 06:54:00-04:00,6
2025-10-31 10:56:00+00:00,SELL,MEC-A,2025-10-31 06:56:00-04:00,6
2025-10-31 10:58:00+00:00,BUY,MEC-A,2025-10-31 06:58:00-04:00,6
2025-10-31 11:01:00+00:00,BUY,MEC-A,2025-10-31 07:01:00-04:00,7
2025-10-31 11:21:00+00:00,SELL,MEC-A,2025-10-31 07:21:00-04:00,7
2025-10-31 11:32:00+00:00,SELL,MEC-A,2025-10-31 07:32:00-04:00,7
2025-10-31 11:34:00+00:00,SELL,MEC-A,2025-10-31 07:34:00-04:00,7
2025-10-31 11:35:00+00:00,SELL,MEC-A,2025-10-31 07:35:00-04:00,7
2025-10-31 11:44:00+00:00,BUY,MEC-A,2025-10-31 07:44:00-04:00,7
2025-10-31 11:45:00+00:00,BUY,MEC-A,2025-10-31 07:45:00-04:00,7
2025-10-31 11:50:00+00:00,BUY,MEC-A,2025-10-31 07:50:00-04:00,7
2025-10-31 11:51:00+00:00,BUY,MEC-A,2025-10-31 07:51:00-04:00,7
2025-10-31 12:04:00+00:00,BUY,MEC-A,2025-10-31 08:04:00-04:00,8
2025-10-31 12:10:00+00:00,BUY,MEC-A,2025-10-31 08:10:00-04:00,8
2025-10-31 12:11:00+00:00,BUY,MEC-A,2025-10-31 08:11:00-04:00,8
2025-10-31 12:15:00+00:00,BUY,MEC-A,2025-10-31 08:15:00-04:00,8
2025-10-31 12:18:00+00:00,BUY,MEC-A,2025-10-31 08:18:00-04:00,8
2025-10-31 12:20:00+00:00,BUY,MEC-A,2025-10-31 08:20:00-04:00,8
2025-10-31 12:21:00+00:00,BUY,MEC-A,2025-10-31 08:21:00-04:00,8
2025-10-31 12:22:00+00:00,BUY,MEC-A,2025-10-31 08:22:00-04:00,8
2025-10-31 12:23:00+00:00,BUY,MEC-A,2025-10-31 08:23:00-04:00,8
2025-10-31 12:24:00+00:00,BUY,MEC-A,2025-10-31 08:24:00-04:00,8
2025-10-31 12:36:00+00:00,BUY,MEC-A,2025-10-31 08:36:00-04:00,8
2025-10-31 12:39:00+00:00,BUY,MEC-A,2025-10-31 08:39:00-04:00,8
2025-10-31 12:41:00+00:00,BUY,MEC-A,2025-10-31 08:41:00-04:00,8
2025-10-31 12:46:00+00:00,BUY,MEC-A,2025-10-31 08:46:00-04:00,8
2025-10-31 12:47:00+00:00,BUY,MEC-A,2025-10-31 08:47:00-04:00,8
2025-10-31 12:51:00+00:00,SELL,MEC-A,2025-10-31 08:51:00-04:00,8
2025-10-31 12:52:00+00:00,SELL,MEC-A,2025-10-31 08:52:00-04:00,8
2025-10-31 12:54:00+00:00,SELL,MEC-A,2025-10-31 08:54:00-04:00,8
2025-10-31 12:56:00+00:00,SELL,MEC-A,2025-10-31 08:56:00-04:00,8
2025-10-31 12:57:00+00:00,SELL,MEC-A,2025-10-31 08:57:00-04:00,8
2025-10-31 13:01:00+00:00,SELL,MEC-A,2025-10-31 09:01:00-04:00,9
2025-10-31 13:05:00+00:00,SELL,MEC-A,2025-10-31 09:05:00-04:00,9
2025-10-31 13:08:00+00:00,BUY,MEC-A,2025-10-31 09:08:00-04:00,9
2025-10-31 13:11:00+00:00,BUY,MEC-A,2025-10-31 09:11:00-04:00,9
2025-10-31 13:12:00+00:00,BUY,MEC-A,2025-10-31 09:12:00-04:00,9
2025-10-31 13:22:00+00:00,BUY,MEC-A,2025-10-31 09:22:00-04:00,9
2025-10-31 13:24:00+00:00,BUY,MEC-A,2025-10-31 09:24:00-04:00,9
2025-10-31 13:29:00+00:00,SELL,MEC-A,2025-10-31 09:29:00-04:00,9
2025-10-31 13:31:00+00:00,SELL,MEC-A,2025-10-31 09:31:00-04:00,9
2025-10-31 13:32:00+00:00,SELL,MEC-A,2025-10-31 09:32:00-04:00,9
2025-10-31 13:34:00+00:00,SELL,MEC-A,2025-10-31 09:34:00-04:00,9
2025-10-31 13:37:00+00:00,SELL,MEC-A,2025-10-31 09:37:00-04:00,9
2025-10-31 13:40:00+00:00,SELL,MEC-A,2025-10-31 09:40:00-04:00,9
2025-10-31 13:43:00+00:00,SELL,MEC-A,2025-10-31 09:43:00-04:00,9
2025-10-31 13:47:00+00:00,BUY,MEC-A,2025-10-31 09:47:00-04:00,9
2025-10-31 13:52:00+00:00,SELL,MEC-A,2025-10-31 09:52:00-04:00,9
2025-10-31 14:02:00+00:00,BUY,MEC-A,2025-10-31 10:02:00-04:00,10
2025-10-31 14:03:00+00:00,BUY,MEC-A,2025-10-31 10:03:00-04:00,10
2025-10-31 14:16:00+00:00,BUY,MEC-A,2025-10-31 10:16:00-04:00,10
2025-10-31 14:23:00+00:00,BUY,MEC-A,2025-10-31 10:23:00-04:00,10
2025-10-31 14:29:00+00:00,SELL,MEC-A,2025-10-31 10:29:00-04:00,10
2025-10-31 14:30:00+00:00,SELL,MEC-A,2025-10-31 10:30:00-04:00,10
2025-10-31 14:38:00+00:00,SELL,MEC-A,2025-10-31 10:38:00-04:00,10
2025-10-31 14:45:00+00:00,SELL,MEC-A,2025-10-31 10:45:00-04:00,10
2025-10-31 14:48:00+00:00,SELL,MEC-A,2025-10-31 10:48:00-04:00,10
2025-10-31 14:51:00+00:00,SELL,MEC-A,2025-10-31 10:51:00-04:00,10
2025-10-31 14:54:00+00:00,BUY,MEC-A,2025-10-31 10:54:00-04:00,10
2025-10-31 14:56:00+00:00,BUY,MEC-A,2025-10-31 10:56:00-04:00,10
2025-10-31 14:57:00+00:00,BUY,MEC-A,2025-10-31 10:57:00-04:00,10
2025-10-31 15:33:00+00:00,BUY,MEC-A,2025-10-31 11:33:00-04:00,11
2025-10-31 15:34:00+00:00,BUY,MEC-A,2025-10-31 11:34:00-04:00,11
2025-10-31 15:40:00+00:00,BUY,MEC-A,2025-10-31 11:40:00-04:00,11
2025-10-31 15:41:00+00:00,BUY,MEC-A,2025-10-31 11:41:00-04:00,11
2025-10-31 15:45:00+00:00,SELL,MEC-A,2025-10-31 11:45:00-04:00,11
2025-10-31 15:49:00+00:00,SELL,MEC-A,2025-10-31 11:49:00-04:00,11
2025-10-31 15:56:00+00:00,SELL,MEC-A,2025-10-31 11:56:00-04:00,11
2025-10-31 15:57:00+00:00,SELL,MEC-A,2025-10-31 11:57:00-04:00,11
2025-10-31 16:03:00+00:00,SELL,MEC-A,2025-10-31 12:03:00-04:00,12
2025-10-31 16:04:00+00:00,SELL,MEC-A,2025-10-31 12:04:00-04:00,12
2025-10-31 16:06:00+00:00,SELL,MEC-A,2025-10-31 12:06:00-04:00,12
2025-10-31 16:08:00+00:00,SELL,MEC-A,2025-10-31 12:08:00-04:00,12
2025-10-31 16:09:00+00:00,SELL,MEC-A,2025-10-31 12:09:00-04:00,12
2025-10-31 16:10:00+00:00,SELL,MEC-A,2025-10-31 12:10:00-04:00,12
2025-10-31 16:14:00+00:00,SELL,MEC-A,2025-10-31 12:14:00-04:00,12
2025-10-31 16:31:00+00:00,SELL,MEC-A,2025-10-31 12:31:00-04:00,12
2025-10-31 16:34:00+00:00,SELL,MEC-A,2025-10-31 12:34:00-04:00,12
2025-10-31 16:37:00+00:00,SELL,MEC-A,2025-10-31 12:37:00-04:00,12
2025-10-31 16:39:00+00:00,SELL,MEC-A,2025-10-31 12:39:00-04:00,12
2025-10-31 16:40:00+00:00,SELL,MEC-A,2025-10-31 12:40:00-04:00,12
2025-10-31 16:41:00+00:00,SELL,MEC-A,2025-10-31 12:41:00-04:00,12
2025-10-31 16:43:00+00:00,SELL,MEC-A,2025-10-31 12:43:00-04:00,12
2025-10-31 16:47:00+00:00,SELL,MEC-A,2025-10-31 12:47:00-04:00,12
2025-10-31 16:51:00+00:00,SELL,MEC-A,2025-10-31 12:51:00-04:00,12
2025-10-31 16:52:00+00:00,BUY,MER,2025-10-31 12:52:00-04:00,12
2025-10-31 16:54:00+00:00,SELL,MEC-A,2025-10-31 12:54:00-04:00,12
2025-10-31 16:56:00+00:00,SELL,MEC-A,2025-10-31 12:56:00-04:00,12
2025-10-31 16:58:00+00:00,SELL,MEC-A,2025-10-31 12:58:00-04:00,12
2025-10-31 17:07:00+00:00,BUY,MEC-A,2025-10-31 13:07:00-04:00,13
2025-10-31 17:38:00+00:00,BUY,MEC-A,2025-10-31 13:38:00-04:00,13
2025-10-31 17:39:00+00:00,BUY,MEC-A,2025-10-31 13:39:00-04:00,13
2025-10-31 17:41:00+00:00,BUY,MEC-A,2025-10-31 13:41:00-04:00,13
2025-10-31 17:42:00+00:00,BUY,MEC-A,2025-10-31 13:42:00-04:00,13
2025-10-31 17:46:00+00:00,BUY,MEC-A,2025-10-31 13:46:00-04:00,13
2025-10-31 17:58:00+00:00,SELL,MEC-A,2025-10-31 13:58:00-04:00,13
2025-10-31 18:01:00+00:00,SELL,MEC-A,2025-10-31 14:01:00-04:00,14
2025-10-31 18:07:00+00:00,BUY,MEC-A,2025-10-31 14:07:00-04:00,14
2025-10-31 18:10:00+00:00,BUY,MEC-A,2025-10-31 14:10:00-04:00,14
2025-10-31 18:11:00+00:00,BUY,MEC-A,2025-10-31 14:11:00-04:00,14
2025-10-31 18:12:00+00:00,BUY,MEC-A,2025-10-31 14:12:00-04:00,14
2025-10-31 18:13:00+00:00,BUY,MEC-A,2025-10-31 14:13:00-04:00,14
2025-10-31 18:17:00+00:00,BUY,MEC-A,2025-10-31 14:17:00-04:00,14
2025-10-31 18:19:00+00:00,BUY,MEC-A,2025-10-31 14:19:00-04:00,14
2025-10-31 18:22:00+00:00,BUY,MEC-A,2025-10-31 14:22:00-04:00,14
2025-10-31 18:23:00+00:00,BUY,MEC-A,2025-10-31 14:23:00-04:00,14
2025-10-31 18:25:00+00:00,BUY,MEC-A,2025-10-31 14:25:00-04:00,14
2025-10-31 18:41:00+00:00,SELL,MEC-A,2025-10-31 14:41:00-04:00,14
2025-10-31 18:49:00+00:00,SELL,MEC-A,2025-10-31 14:49:00-04:00,14
2025-10-31 18:50:00+00:00,SELL,MEC-A,2025-10-31 14:50:00-04:00,14
2025-10-31 18:51:00+00:00,SELL,MEC-A,2025-10-31 14:51:00-04:00,14
2025-10-31 18:53:00+00:00,SELL,MEC-A,2025-10-31 14:53:00-04:00,14
2025-10-31 18:59:00+00:00,SELL,MEC-A,2025-10-31 14:59:00-04:00,14
2025-10-31 19:03:00+00:00,SELL,MEC-A,2025-10-31 15:03:00-04:00,15
2025-10-31 19:06:00+00:00,BUY,MEC-A,2025-10-31 15:06:00-04:00,15
2025-10-31 19:14:00+00:00,SELL,MEC-A,2025-10-31 15:14:00-04:00,15
2025-10-31 19:16:00+00:00,SELL,MEC-A,2025-10-31 15:16:00-04:00,15
2025-10-31 19:18:00+00:00,SELL,MEC-A,2025-10-31 15:18:00-04:00,15
2025-10-31 19:19:00+00:00,SELL,MEC-A,2025-10-31 15:19:00-04:00,15
2025-10-31 19:30:00+00:00,SELL,MEC-A,2025-10-31 15:30:00-04:00,15
2025-10-31 19:32:00+00:00,SELL,MEC-A,2025-10-31 15:32:00-04:00,15
2025-10-31 19:33:00+00:00,SELL,MEC-A,2025-10-31 15:33:00-04:00,15
2025-10-31 19:35:00+00:00,SELL,MEC-A,2025-10-31 15:35:00-04:00,15
2025-10-31 19:38:00+00:00,SELL,MEC-A,2025-10-31 15:38:00-04:00,15
2025-10-31 19:47:00+00:00,SELL,MEC-A,2025-10-31 15:47:00-04:00,15
2025-10-31 19:48:00+00:00,SELL,MEC-A,2025-10-31 15:48:00-04:00,15
2025-10-31 19:54:00+00:00,SELL,MEC-A,2025-10-31 15:54:00-04:00,15
2025-10-31 19:58:00+00:00,BUY,MEC-A,2025-10-31 15:58:00-04:00,15
2025-10-31 20:13:00+00:00,SELL,MEC-A,2025-10-31 16:13:00-04:00,16
2025-10-31 20:27:00+00:00,BUY,MEC-A,2025-10-31 16:27:00-04:00,16
2025-10-31 20:30:00+00:00,BUY,MEC-A,2025-10-31 16:30:00-04:00,16
2025-10-31 20:32:00+00:00,BUY,MEC-A,2025-10-31 16:32:00-04:00,16
2025-10-31 20:35:00+00:00,BUY,MEC-A,2025-10-31 16:35:00-04:00,16
2025-10-31 20:37:00+00:00,BUY,MEC-A,2025-10-31 16:37:00-04:00,16
2025-10-31 20:39:00+00:00,BUY,MEC-A,2025-10-31 16:39:00-04:00,16
2025-10-31 20:57:00+00:00,SELL,MEC-A,2025-10-31 16:57:00-04:00,16
2025-11-03 07:36:00+00:00,BUY,MEC-A,2025-11-03 02:36:00-05:00,2
2025-11-03 07:39:00+00:00,BUY,MEC-A,2025-11-03 02:39:00-05:00,2
2025-11-03 07:40:00+00:00,BUY,MEC-A,2025-11-03 02:40:00-05:00,2
2025-11-03 07:48:00+00:00,BUY,MEC-A,2025-11-03 02:48:00-05:00,2
2025-11-03 07:50:00+00:00,BUY,MEC-A,2025-11-03 02:50:00-05:00,2
2025-11-03 07:57:00+00:00,BUY,MEC-A,2025-11-03 02:57:00-05:00,2
2025-11-03 08:04:00+00:00,BUY,MEC-A,2025-11-03 03:04:00-05:00,3
2025-11-03 08:05:00+00:00,BUY,MEC-A,2025-11-03 03:05:00-05:00,3
2025-11-03 08:11:00+00:00,BUY,MEC-A,2025-11-03 03:11:00-05:00,3
2025-11-03 08:13:00+00:00,SELL,MEC-A,2025-11-03 03:13:00-05:00,3
2025-11-03 08:14:00+00:00,SELL,MEC-A,2025-11-03 03:14:00-05:00,3
2025-11-03 08:15:00+00:00,SELL,MEC-A,2025-11-03 03:15:00-05:00,3
2025-11-03 08:18:00+00:00,SELL,MEC-A,2025-11-03 03:18:00-05:00,3
2025-11-03 08:21:00+00:00,SELL,MEC-A,2025-11-03 03:21:00-05:00,3
2025-11-03 08:23:00+00:00,SELL,MEC-A,2025-11-03 03:23:00-05:00,3
2025-11-03 08:25:00+00:00,SELL,MEC-A,2025-11-03 03:25:00-05:00,3
2025-11-03 08:26:00+00:00,SELL,MEC-A,2025-11-03 03:26:00-05:00,3
2025-11-03 08:29:00+00:00,SELL,MEC-A,2025-11-03 03:29:00-05:00,3
2025-11-03 08:31:00+00:00,SELL,MEC-A,2025-11-03 03:31:00-05:00,3
2025-11-03 08:32:00+00:00,SELL,MEC-A,2025-11-03 03:32:00-05:00,3
2025-11-03 08:39:00+00:00,SELL,MEC-A,2025-11-03 03:39:00-05:00,3
2025-11-03 08:41:00+00:00,SELL,MEC-A,2025-11-03 03:41:00-05:00,3
2025-11-03 08:43:00+00:00,BUY,MEC-A,2025-11-03 03:43:00-05:00,3
2025-11-03 08:49:00+00:00,BUY,MEC-A,2025-11-03 03:49:00-05:00,3
2025-11-03 08:59:00+00:00,BUY,MEC-A,2025-11-03 03:59:00-05:00,3
2025-11-03 09:04:00+00:00,BUY,MEC-A,2025-11-03 04:04:00-05:00,4
2025-11-03 09:05:00+00:00,BUY,MEC-A,2025-11-03 04:05:00-05:00,4
2025-11-03 09:08:00+00:00,BUY,MEC-A,2025-11-03 04:08:00-05:00,4
2025-11-03 09:09:00+00:00,BUY,MEC-A,2025-11-03 04:09:00-05:00,4
2025-11-03 09:23:00+00:00,SELL,MEC-A,2025-11-03 04:23:00-05:00,4
2025-11-03 09:24:00+00:00,SELL,MEC-A,2025-11-03 04:24:00-05:00,4
2025-11-03 09:25:00+00:00,SELL,MEC-A,2025-11-03 04:25:00-05:00,4
2025-11-03 09:26:00+00:00,SELL,MEC-A,2025-11-03 04:26:00-05:00,4
2025-11-03 09:30:00+00:00,SELL,MEC-A,2025-11-03 04:30:00-05:00,4
2025-11-03 09:32:00+00:00,SELL,MEC-A,2025-11-03 04:32:00-05:00,4
2025-11-03 09:36:00+00:00,SELL,MEC-A,2025-11-03 04:36:00-05:00,4
2025-11-03 09:39:00+00:00,SELL,MEC-A,2025-11-03 04:39:00-05:00,4
2025-11-03 09:40:00+00:00,SELL,MEC-A,2025-11-03 04:40:00-05:00,4
2025-11-03 09:43:00+00:00,SELL,MEC-A,2025-11-03 04:43:00-05:00,4
2025-11-03 09:45:00+00:00,SELL,MEC-A,2025-11-03 04:45:00-05:00,4
2025-11-03 09:59:00+00:00,SELL,MEC-A,2025-11-03 04:59:00-05:00,4
2025-11-03 11:01:00+00:00,SELL,MEC-A,2025-11-03 06:01:00-05:00,6
2025-11-03 11:03:00+00:00,SELL,MEC-A,2025-11-03 06:03:00-05:00,6
2025-11-03 11:06:00+00:00,SELL,MEC-A,2025-11-03 06:06:00-05:00,6
2025-11-03 11:11:00+00:00,BUY,MEC-A,2025-11-03 06:11:00-05:00,6
2025-11-03 11:12:00+00:00,BUY,MEC-A,2025-11-03 06:12:00-05:00,6
2025-11-03 11:17:00+00:00,BUY,MEC-A,2025-11-03 06:17:00-05:00,6
2025-11-03 11:18:00+00:00,BUY,MEC-A,2025-11-03 06:18:00-05:00,6
2025-11-03 11:23:00+00:00,BUY,MEC-A,2025-11-03 06:23:00-05:00,6
2025-11-03 11:24:00+00:00,BUY,MEC-A,2025-11-03 06:24:00-05:00,6
2025-11-03 11:27:00+00:00,BUY,MEC-A,2025-11-03 06:27:00-05:00,6
2025-11-03 11:38:00+00:00,BUY,MEC-A,2025-11-03 06:38:00-05:00,6
2025-11-03 11:44:00+00:00,BUY,MEC-A,2025-11-03 06:44:00-05:00,6
2025-11-03 11:47:00+00:00,BUY,MEC-A,2025-11-03 06:47:00-05:00,6
2025-11-03 11:52:00+00:00,BUY,MEC-A,2025-11-03 06:52:00-05:00,6
2025-11-03 11:58:00+00:00,BUY,MEC-A,2025-11-03 06:58:00-05:00,6
2025-11-03 12:02:00+00:00,SELL,MEC-A,2025-11-03 07:02:00-05:00,7
2025-11-03 12:21:00+00:00,SELL,MEC-A,2025-11-03 07:21:00-05:00,7
2025-11-03 12:33:00+00:00,BUY,MEC-A,2025-11-03 07:33:00-05:00,7
2025-11-03 12:36:00+00:00,BUY,MEC-A,2025-11-03 07:36:00-05:00,7
2025-11-03 12:41:00+00:00,BUY,MEC-A,2025-11-03 07:41:00-05:00,7
2025-11-03 12:46:00+00:00,BUY,MEC-A,2025-11-03 07:46:00-05:00,7
2025-11-03 12:47:00+00:00,BUY,MEC-A,2025-11-03 07:47:00-05:00,7
2025-11-03 12:54:00+00:00,BUY,MEC-A,2025-11-03 07:54:00-05:00,7
2025-11-03 12:55:00+00:00,BUY,MEC-A,2025-11-03 07:55:00-05:00,7
2025-11-03 12:59:00+00:00,BUY,MEC-A,2025-11-03 07:59:00-05:00,7
2025-11-03 13:01:00+00:00,BUY,MEC-A,2025-11-03 08:01:00-05:00,8
2025-11-03 13:02:00+00:00,BUY,MEC-A,2025-11-03 08:02:00-05:00,8
2025-11-03 13:08:00+00:00,BUY,MEC-A,2025-11-03 08:08:00-05:00,8
2025-11-03 13:11:00+00:00,BUY,MEC-A,2025-11-03 08:11:00-05:00,8
2025-11-03 13:27:00+00:00,SELL,MEC-A,2025-11-03 08:27:00-05:00,8
2025-11-03 13:30:00+00:00,SELL,MEC-A,2025-11-03 08:30:00-05:00,8
2025-11-03 13:36:00+00:00,BUY,MEC-A,2025-11-03 08:36:00-05:00,8
2025-11-03 14:09:00+00:00,SELL,MEC-A,2025-11-03 09:09:00-05:00,9
2025-11-03 14:21:00+00:00,BUY,MEC-A,2025-11-03 09:21:00-05:00,9
2025-11-03 14:27:00+00:00,SELL,MEC-A,2025-11-03 09:27:00-05:00,9
2025-11-03 14:28:00+00:00,SELL,MEC-A,2025-11-03 09:28:00-05:00,9
2025-11-03 14:31:00+00:00,SELL,MEC-A,2025-11-03 09:31:00-05:00,9
2025-11-03 14:41:00+00:00,SELL,MEC-A,2025-11-03 09:41:00-05:00,9
2025-11-03 14:45:00+00:00,BUY,MEC-A,2025-11-03 09:45:00-05:00,9
2025-11-03 14:47:00+00:00,BUY,MEC-A,2025-11-03 09:47:00-05:00,9
2025-11-03 14:48:00+00:00,BUY,MEC-A,2025-11-03 09:48:00-05:00,9
2025-11-03 14:51:00+00:00,BUY,MEC-A,2025-11-03 09:51:00-05:00,9
2025-11-03 14:53:00+00:00,BUY,MEC-A,2025-11-03 09:53:00-05:00,9
2025-11-03 15:03:00+00:00,BUY,MEC-A,2025-11-03 10:03:00-05:00,10
2025-11-03 15:23:00+00:00,SELL,MEC-A,2025-11-03 10:23:00-05:00,10
2025-11-03 15:24:00+00:00,SELL,MEC-A,2025-11-03 10:24:00-05:00,10
2025-11-03 15:27:00+00:00,SELL,MEC-A,2025-11-03 10:27:00-05:00,10
2025-11-03 15:35:00+00:00,SELL,MEC-A,2025-11-03 10:35:00-05:00,10
2025-11-03 15:38:00+00:00,BUY,MEC-A,2025-11-03 10:38:00-05:00,10
2025-11-03 15:42:00+00:00,BUY,MEC-A,2025-11-03 10:42:00-05:00,10
2025-11-03 15:43:00+00:00,BUY,MEC-A,2025-11-03 10:43:00-05:00,10
2025-11-03 15:46:00+00:00,BUY,MEC-A,2025-11-03 10:46:00-05:00,10
2025-11-03 15:49:00+00:00,BUY,MEC-A,2025-11-03 10:49:00-05:00,10
2025-11-03 16:10:00+00:00,SELL,MEC-A,2025-11-03 11:10:00-05:00,11
2025-11-03 16:12:00+00:00,SELL,MEC-A,2025-11-03 11:12:00-05:00,11
2025-11-03 16:16:00+00:00,SELL,MEC-A,2025-11-03 11:16:00-05:00,11
2025-11-03 16:18:00+00:00,SELL,MEC-A,2025-11-03 11:18:00-05:00,11
2025-11-03 16:23:00+00:00,SELL,MEC-A,2025-11-03 11:23:00-05:00,11
2025-11-03 16:24:00+00:00,SELL,MEC-A,2025-11-03 11:24:00-05:00,11
2025-11-03 16:27:00+00:00,SELL,MEC-A,2025-11-03 11:27:00-05:00,11
2025-11-03 16:33:00+00:00,SELL,MEC-A,2025-11-03 11:33:00-05:00,11
2025-11-03 16:34:00+00:00,SELL,MEC-A,2025-11-03 11:34:00-05:00,11
2025-11-03 16:37:00+00:00,SELL,MEC-A,2025-11-03 11:37:00-05:00,11
2025-11-03 16:47:00+00:00,BUY,MEC-A,2025-11-03 11:47:00-05:00,11
2025-11-03 16:49:00+00:00,BUY,MEC-A,2025-11-03 11:49:00-05:00,11
2025-11-03 16:51:00+00:00,BUY,MEC-A,2025-11-03 11:51:00-05:00,11
2025-11-03 16:58:00+00:00,BUY,MEC-A,2025-11-03 11:58:00-05:00,11
2025-11-03 17:05:00+00:00,BUY,MEC-A,2025-11-03 12:05:00-05:00,12
2025-11-03 17:08:00+00:00,SELL,MEC-A,2025-11-03 12:08:00-05:00,12
2025-11-03 17:20:00+00:00,BUY,MEC-A,2025-11-03 12:20:00-05:00,12
2025-11-03 17:30:00+00:00,SELL,MEC-A,2025-11-03 12:30:00-05:00,12
2025-11-03 17:37:00+00:00,SELL,MEC-A,2025-11-03 12:37:00-05:00,12
2025-11-03 17:39:00+00:00,SELL,MEC-A,2025-11-03 12:39:00-05:00,12
2025-11-03 21:08:00+00:00,SELL,MEC-A,2025-11-03 16:08:00-05:00,16
2025-11-03 21:10:00+00:00,SELL,MEC-A,2025-11-03 16:10:00-05:00,16
2025-11-03 21:14:00+00:00,SELL,MEC-B,2025-11-03 16:14:00-05:00,16
2025-11-03 21:15:00+00:00,SELL,MEC-A,2025-11-03 16:15:00-05:00,16
2025-11-03 21:19:00+00:00,SELL,MEC-A,2025-11-03 16:19:00-05:00,16
2025-11-03 21:20:00+00:00,SELL,MEC-A,2025-11-03 16:20:00-05:00,16
2025-11-03 21:21:00+00:00,SELL,MEC-A,2025-11-03 16:21:00-05:00,16
2025-11-03 21:25:00+00:00,SELL,MEC-A,2025-11-03 16:25:00-05:00,16
2025-11-03 21:26:00+00:00,SELL,MEC-A,2025-11-03 16:26:00-05:00,16
2025-11-03 21:27:00+00:00,SELL,MEC-A,2025-11-03 16:27:00-05:00,16
2025-11-03 21:31:00+00:00,SELL,MEC-A,2025-11-03 16:31:00-05:00,16
2025-11-03 21:39:00+00:00,BUY,MEC-A,2025-11-03 16:39:00-05:00,16
2025-11-03 21:56:00+00:00,SELL,MEC-A,2025-11-03 16:56:00-05:00,16
2025-11-03 23:01:00+00:00,BUY,MEC-A,2025-11-03 18:01:00-05:00,18
2025-11-03 23:03:00+00:00,BUY,MEC-A,2025-11-03 18:03:00-05:00,18
2025-11-03 23:06:00+00:00,SELL,MEC-A,2025-11-03 18:06:00-05:00,18
2025-11-03 23:07:00+00:00,SELL,MEC-A,2025-11-03 18:07:00-05:00,18
2025-11-03 23:10:00+00:00,SELL,MEC-A,2025-11-03 18:10:00-05:00,18
2025-11-03 23:12:00+00:00,SELL,MEC-A,2025-11-03 18:12:00-05:00,18
2025-11-03 23:16:00+00:00,SELL,MEC-A,2025-11-03 18:16:00-05:00,18
2025-11-03 23:22:00+00:00,SELL,MEC-A,2025-11-03 18:22:00-05:00,18
2025-11-03 23:23:00+00:00,SELL,MEC-A,2025-11-03 18:23:00-05:00,18
2025-11-03 23:24:00+00:00,BUY,MEC-A,2025-11-03 18:24:00-05:00,18
2025-11-03 23:26:00+00:00,BUY,MEC-A,2025-11-03 18:26:00-05:00,18
2025-11-03 23:29:00+00:00,BUY,MEC-A,2025-11-03 18:29:00-05:00,18
2025-11-03 23:31:00+00:00,BUY,MEC-A,2025-11-03 18:31:00-05:00,18
2025-11-03 23:44:00+00:00,BUY,MEC-A,2025-11-03 18:44:00-05:00,18
2025-11-03 23:45:00+00:00,BUY,MEC-A,2025-11-03 18:45:00-05:00,18
2025-11-03 23:47:00+00:00,BUY,MEC-A,2025-11-03 18:47:00-05:00,18
2025-11-04 00:02:00+00:00,SELL,MEC-A,2025-11-03 19:02:00-05:00,19
2025-11-04 00:04:00+00:00,SELL,MEC-A,2025-11-03 19:04:00-05:00,19
2025-11-04 00:17:00+00:00,BUY,MEC-A,2025-11-03 19:17:00-05:00,19
2025-11-04 00:26:00+00:00,SELL,MEC-A,2025-11-03 19:26:00-05:00,19
2025-11-04 00:28:00+00:00,SELL,MEC-A,2025-11-03 19:28:00-05:00,19
2025-11-04 00:32:00+00:00,SELL,MEC-A,2025-11-03 19:32:00-05:00,19
2025-11-04 00:34:00+00:00,SELL,MEC-A,2025-11-03 19:34:00-05:00,19
2025-11-04 00:35:00+00:00,SELL,MEC-A,2025-11-03 19:35:00-05:00,19
2025-11-04 00:37:00+00:00,SELL,MEC-A,2025-11-03 19:37:00-05:00,19
2025-11-04 00:40:00+00:00,SELL,MEC-A,2025-11-03 19:40:00-05:00,19
2025-11-04 00:42:00+00:00,SELL,MEC-A,2025-11-03 19:42:00-05:00,19
2025-11-04 00:50:00+00:00,SELL,MEC-A,2025-11-03 19:50:00-05:00,19
2025-11-04 00:54:00+00:00,SELL,MEC-A,2025-11-03 19:54:00-05:00,19
2025-11-04 00:57:00+00:00,SELL,MEC-A,2025-11-03 19:57:00-05:00,19
2025-11-04 00:58:00+00:00,SELL,MEC-A,2025-11-03 19:58:00-05:00,19
2025-11-04 01:01:00+00:00,BUY,MEC-A,2025-11-03 20:01:00-05:00,20
2025-11-04 01:15:00+00:00,BUY,MEC-A,2025-11-03 20:15:00-05:00,20
2025-11-04 01:17:00+00:00,BUY,MEC-A,2025-11-03 20:17:00-05:00,20
2025-11-04 01:21:00+00:00,SELL,MEC-A,2025-11-03 20:21:00-05:00,20
2025-11-04 01:25:00+00:00,SELL,MEC-A,2025-11-03 20:25:00-05:00,20
2025-11-04 01:26:00+00:00,SELL,MEC-A,2025-11-03 20:26:00-05:00,20
2025-11-04 01:30:00+00:00,SELL,MEC-A,2025-11-03 20:30:00-05:00,20
2025-11-04 01:32:00+00:00,SELL,MEC-A,2025-11-03 20:32:00-05:00,20
2025-11-04 01:39:00+00:00,BUY,MEC-A,2025-11-03 20:39:00-05:00,20
2025-11-04 01:40:00+00:00,BUY,MEC-A,2025-11-03 20:40:00-05:00,20
2025-11-04 01:43:00+00:00,BUY,MEC-A,2025-11-03 20:43:00-05:00,20
2025-11-04 01:47:00+00:00,BUY,MEC-A,2025-11-03 20:47:00-05:00,20
2025-11-04 01:51:00+00:00,BUY,MEC-A,2025-11-03 20:51:00-05:00,20
2025-11-04 01:52:00+00:00,BUY,MEC-A,2025-11-03 20:52:00-05:00,20
2025-11-04 01:58:00+00:00,BUY,MEC-A,2025-11-03 20:58:00-05:00,20
2025-11-04 02:00:00+00:00,SELL,MEC-A,2025-11-03 21:00:00-05:00,21
2025-11-04 02:01:00+00:00,SELL,MEC-A,2025-11-03 21:01:00-05:00,21
2025-11-04 02:02:00+00:00,SELL,MEC-A,2025-11-03 21:02:00-05:00,21
2025-11-04 02:06:00+00:00,SELL,MEC-A,2025-11-03 21:06:00-05:00,21
2025-11-04 02:09:00+00:00,SELL,MEC-A,2025-11-03 21:09:00-05:00,21
2025-11-04 02:19:00+00:00,SELL,MEC-A,2025-11-03 21:19:00-05:00,21
2025-11-04 02:28:00+00:00,BUY,MEC-A,2025-11-03 21:28:00-05:00,21
2025-11-04 02:29:00+00:00,BUY,MEC-A,2025-11-03 21:29:00-05:00,21
2025-11-04 02:30:00+00:00,BUY,MEC-A,2025-11-03 21:30:00-05:00,21
2025-11-04 02:35:00+00:00,BUY,MEC-A,2025-11-03 21:35:00-05:00,21
2025-11-04 02:39:00+00:00,BUY,MEC-A,2025-11-03 21:39:00-05:00,21
2025-11-04 02:42:00+00:00,BUY,MEC-A,2025-11-03 21:42:00-05:00,21
2025-11-04 02:49:00+00:00,SELL,MEC-A,2025-11-03 21:49:00-05:00,21
2025-11-04 02:59:00+00:00,BUY,MEC-A,2025-11-03 21:59:00-05:00,21
2025-11-04 03:08:00+00:00,BUY,MEC-A,2025-11-03 22:08:00-05:00,22
2025-11-04 03:09:00+00:00,BUY,MEC-A,2025-11-03 22:09:00-05:00,22
2025-11-04 03:10:00+00:00,BUY,MEC-A,2025-11-03 22:10:00-05:00,22
2025-11-04 03:11:00+00:00,BUY,MEC-A,2025-11-03 22:11:00-05:00,22
2025-11-04 03:21:00+00:00,BUY,MEC-A,2025-11-03 22:21:00-05:00,22
2025-11-04 03:24:00+00:00,BUY,MEC-A,2025-11-03 22:24:00-05:00,22
2025-11-04 03:28:00+00:00,BUY,MEC-A,2025-11-03 22:28:00-05:00,22
2025-11-04 03:30:00+00:00,BUY,MEC-A,2025-11-03 22:30:00-05:00,22
2025-11-04 03:35:00+00:00,BUY,MEC-A,2025-11-03 22:35:00-05:00,22
2025-11-04 03:36:00+00:00,BUY,MEC-A,2025-11-03 22:36:00-05:00,22
2025-11-04 03:38:00+00:00,BUY,MEC-A,2025-11-03 22:38:00-05:00,22
2025-11-04 03:42:00+00:00,SELL,MEC-A,2025-11-03 22:42:00-05:00,22
2025-11-04 03:43:00+00:00,SELL,MEC-A,2025-11-03 22:43:00-05:00,22
2025-11-04 03:46:00+00:00,SELL,MEC-A,2025-11-03 22:46:00-05:00,22
2025-11-04 03:48:00+00:00,SELL,MEC-A,2025-11-03 22:48:00-05:00,22
2025-11-04 03:49:00+00:00,SELL,MEC-A,2025-11-03 22:49:00-05:00,22
2025-11-04 03:53:00+00:00,SELL,MEC-A,2025-11-03 22:53:00-05:00,22
2025-11-04 04:04:00+00:00,SELL,MEC-A,2025-11-03 23:04:00-05:00,23
2025-11-04 04:08:00+00:00,SELL,MEC-A,2025-11-03 23:08:00-05:00,23
2025-11-04 04:09:00+00:00,SELL,MEC-A,2025-11-03 23:09:00-05:00,23
2025-11-04 04:10:00+00:00,SELL,MEC-A,2025-11-03 23:10:00-05:00,23
2025-11-04 04:11:00+00:00,SELL,MEC-A,2025-11-03 23:11:00-05:00,23
2025-11-04 04:13:00+00:00,SELL,MEC-A,2025-11-03 23:13:00-05:00,23
2025-11-04 04:16:00+00:00,SELL,MEC-A,2025-11-03 23:16:00-05:00,23
2025-11-04 04:21:00+00:00,SELL,MEC-A,2025-11-03 23:21:00-05:00,23
2025-11-04 04:27:00+00:00,BUY,MEC-A,2025-11-03 23:27:00-05:00,23
2025-11-04 04:30:00+00:00,BUY,MEC-A,2025-11-03 23:30:00-05:00,23
2025-11-04 04:32:00+00:00,BUY,MEC-A,2025-11-03 23:32:00-05:00,23
2025-11-04 04:43:00+00:00,SELL,MEC-A,2025-11-03 23:43:00-05:00,23
2025-11-04 04:45:00+00:00,SELL,MEC-A,2025-11-03 23:45:00-05:00,23
2025-11-04 04:47:00+00:00,SELL,MEC-A,2025-11-03 23:47:00-05:00,23
2025-11-04 04:52:00+00:00,SELL,MEC-A,2025-11-03 23:52:00-05:00,23
2025-11-04 04:57:00+00:00,SELL,MEC-A,2025-11-03 23:57:00-05:00,23
2025-11-04 04:58:00+00:00,SELL,MEC-A,2025-11-03 23:58:00-05:00,23
2025-11-04 05:01:00+00:00,SELL,MEC-A,2025-11-04 00:01:00-05:00,0
2025-11-04 05:05:00+00:00,SELL,MEC-A,2025-11-04 00:05:00-05:00,0
2025-11-04 05:22:00+00:00,SELL,MEC-A,2025-11-04 00:22:00-05:00,0
2025-11-04 05:26:00+00:00,BUY,MEC-A,2025-11-04 00:26:00-05:00,0
2025-11-04 05:29:00+00:00,SELL,MEC-A,2025-11-04 00:29:00-05:00,0
2025-11-04 05:31:00+00:00,SELL,MEC-A,2025-11-04 00:31:00-05:00,0
2025-11-04 05:32:00+00:00,SELL,MEC-A,2025-11-04 00:32:00-05:00,0
2025-11-04 05:34:00+00:00,SELL,MEC-A,2025-11-04 00:34:00-05:00,0
2025-11-04 05:40:00+00:00,SELL,MEC-A,2025-11-04 00:40:00-05:00,0
2025-11-04 05:42:00+00:00,SELL,MEC-A,2025-11-04 00:42:00-05:00,0
2025-11-04 05:44:00+00:00,SELL,MEC-A,2025-11-04 00:44:00-05:00,0
2025-11-04 05:51:00+00:00,SELL,MEC-A,2025-11-04 00:51:00-05:00,0
2025-11-04 05:56:00+00:00,SELL,MEC-A,2025-11-04 00:56:00-05:00,0
2025-11-04 05:58:00+00:00,SELL,MEC-A,2025-11-04 00:58:00-05:00,0
2025-11-04 05:59:00+00:00,SELL,MEC-A,2025-11-04 00:59:00-05:00,0
2025-11-04 06:03:00+00:00,SELL,MEC-A,2025-11-04 01:03:00-05:00,1
2025-11-04 06:06:00+00:00,SELL,MEC-A,2025-11-04 01:06:00-05:00,1
2025-11-04 06:12:00+00:00,SELL,MEC-A,2025-11-04 01:12:00-05:00,1
2025-11-04 06:16:00+00:00,BUY,MEC-A,2025-11-04 01:16:00-05:00,1
2025-11-04 06:24:00+00:00,SELL,MEC-A,2025-11-04 01:24:00-05:00,1
2025-11-04 06:31:00+00:00,BUY,MEC-A,2025-11-04 01:31:00-05:00,1
2025-11-04 06:32:00+00:00,BUY,MEC-A,2025-11-04 01:32:00-05:00,1
2025-11-04 06:39:00+00:00,BUY,MEC-A,2025-11-04 01:39:00-05:00,1
2025-11-04 06:41:00+00:00,BUY,MEC-A,2025-11-04 01:41:00-05:00,1
2025-11-04 06:44:00+00:00,BUY,MEC-A,2025-11-04 01:44:00-05:00,1
2025-11-04 06:46:00+00:00,BUY,MEC-A,2025-11-04 01:46:00-05:00,1
2025-11-04 06:53:00+00:00,BUY,MEC-A,2025-11-04 01:53:00-05:00,1
2025-11-04 06:55:00+00:00,BUY,MEC-A,2025-11-04 01:55:00-05:00,1
2025-11-04 07:10:00+00:00,BUY,MEC-A,2025-11-04 02:10:00-05:00,2
2025-11-04 07:16:00+00:00,BUY,MEC-A,2025-11-04 02:16:00-05:00,2
2025-11-04 07:18:00+00:00,BUY,MEC-A,2025-11-04 02:18:00-05:00,2
2025-11-04 07:20:00+00:00,BUY,MEC-A,2025-11-04 02:20:00-05:00,2
2025-11-04 07:25:00+00:00,BUY,MEC-A,2025-11-04 02:25:00-05:00,2
2025-11-04 07:27:00+00:00,BUY,MEC-A,2025-11-04 02:27:00-05:00,2
2025-11-04 07:33:00+00:00,BUY,MEC-A,2025-11-04 02:33:00-05:00,2
2025-11-04 07:48:00+00:00,BUY,MEC-A,2025-11-04 02:48:00-05:00,2
2025-11-04 07:49:00+00:00,BUY,MEC-A,2025-11-04 02:49:00-05:00,2
2025-11-04 08:04:00+00:00,BUY,MEC-A,2025-11-04 03:04:00-05:00,3
2025-11-04 08:07:00+00:00,BUY,MEC-A,2025-11-04 03:07:00-05:00,3
2025-11-04 08:08:00+00:00,BUY,MEC-A,2025-11-04 03:08:00-05:00,3
2025-11-04 08:13:00+00:00,SELL,MEC-A,2025-11-04 03:13:00-05:00,3
2025-11-04 08:14:00+00:00,SELL,MEC-A,2025-11-04 03:14:00-05:00,3
2025-11-04 08:22:00+00:00,BUY,MEC-A,2025-11-04 03:22:00-05:00,3
2025-11-04 08:25:00+00:00,BUY,MEC-A,2025-11-04 03:25:00-05:00,3
2025-11-04 08:26:00+00:00,BUY,MEC-A,2025-11-04 03:26:00-05:00,3
2025-11-04 08:27:00+00:00,BUY,MEC-A,2025-11-04 03:27:00-05:00,3
2025-11-04 08:34:00+00:00,BUY,MEC-A,2025-11-04 03:34:00-05:00,3
2025-11-04 08:40:00+00:00,BUY,MEC-A,2025-11-04 03:40:00-05:00,3
2025-11-04 08:42:00+00:00,BUY,MEC-A,2025-11-04 03:42:00-05:00,3
2025-11-04 08:44:00+00:00,BUY,MEC-A,2025-11-04 03:44:00-05:00,3
2025-11-04 08:52:00+00:00,SELL,MEC-A,2025-11-04 03:52:00-05:00,3
2025-11-04 08:59:00+00:00,SELL,MEC-A,2025-11-04 03:59:00-05:00,3
2025-11-04 09:03:00+00:00,SELL,MEC-A,2025-11-04 04:03:00-05:00,4
2025-11-04 09:08:00+00:00,SELL,MEC-A,2025-11-04 04:08:00-05:00,4
2025-11-04 09:14:00+00:00,SELL,MEC-A,2025-11-04 04:14:00-05:00,4
2025-11-04 09:17:00+00:00,SELL,MEC-A,2025-11-04 04:17:00-05:00,4
2025-11-04 09:21:00+00:00,SELL,MEC-A,2025-11-04 04:21:00-05:00,4
2025-11-04 09:24:00+00:00,SELL,MEC-A,2025-11-04 04:24:00-05:00,4
2025-11-04 09:33:00+00:00,BUY,MEC-A,2025-11-04 04:33:00-05:00,4
2025-11-04 09:34:00+00:00,BUY,MEC-A,2025-11-04 04:34:00-05:00,4
2025-11-04 09:36:00+00:00,BUY,MEC-A,2025-11-04 04:36:00-05:00,4
2025-11-04 09:46:00+00:00,SELL,MEC-A,2025-11-04 04:46:00-05:00,4
2025-11-04 09:51:00+00:00,SELL,MEC-A,2025-11-04 04:51:00-05:00,4
2025-11-04 09:54:00+00:00,SELL,MEC-A,2025-11-04 04:54:00-05:00,4
2025-11-04 09:55:00+00:00,SELL,MEC-A,2025-11-04 04:55:00-05:00,4
2025-11-04 09:56:00+00:00,SELL,MEC-A,2025-11-04 04:56:00-05:00,4
2025-11-04 09:59:00+00:00,SELL,MEC-A,2025-11-04 04:59:00-05:00,4
2025-11-04 10:00:00+00:00,SELL,MEC-A,2025-11-04 05:00:00-05:00,5
2025-11-04 10:06:00+00:00,SELL,MEC-A,2025-11-04 05:06:00-05:00,5
2025-11-04 10:08:00+00:00,SELL,MEC-A,2025-11-04 05:08:00-05:00,5
2025-11-04 10:15:00+00:00,BUY,MEC-A,2025-11-04 05:15:00-05:00,5
2025-11-04 10:38:00+00:00,BUY,MEC-A,2025-11-04 05:38:00-05:00,5
2025-11-04 10:40:00+00:00,BUY,MEC-A,2025-11-04 05:40:00-05:00,5
2025-11-04 10:41:00+00:00,BUY,MEC-A,2025-11-04 05:41:00-05:00,5
2025-11-04 11:43:00+00:00,SELL,MEC-A,2025-11-04 06:43:00-05:00,6
2025-11-04 11:44:00+00:00,SELL,MEC-A,2025-11-04 06:44:00-05:00,6
2025-11-04 11:48:00+00:00,BUY,MEC-A,2025-11-04 06:48:00-05:00,6
2025-11-04 11:50:00+00:00,BUY,MEC-A,2025-11-04 06:50:00-05:00,6
2025-11-04 11:58:00+00:00,BUY,MEC-A,2025-11-04 06:58:00-05:00,6
2025-11-04 12:02:00+00:00,BUY,MEC-A,2025-11-04 07:02:00-05:00,7
2025-11-04 12:07:00+00:00,BUY,MEC-A,2025-11-04 07:07:00-05:00,7
2025-11-04 12:10:00+00:00,SELL,MEC-A,2025-11-04 07:10:00-05:00,7
2025-11-04 12:18:00+00:00,BUY,MEC-A,2025-11-04 07:18:00-05:00,7
2025-11-04 12:21:00+00:00,SELL,MEC-A,2025-11-04 07:21:00-05:00,7
2025-11-04 12:22:00+00:00,SELL,MEC-A,2025-11-04 07:22:00-05:00,7
2025-11-04 12:24:00+00:00,SELL,MEC-A,2025-11-04 07:24:00-05:00,7
2025-11-04 12:26:00+00:00,SELL,MEC-A,2025-11-04 07:26:00-05:00,7
2025-11-04 12:29:00+00:00,SELL,MEC-A,2025-11-04 07:29:00-05:00,7
2025-11-04 12:30:00+00:00,SELL,MEC-A,2025-11-04 07:30:00-05:00,7
2025-11-04 12:31:00+00:00,SELL,MEC-A,2025-11-04 07:31:00-05:00,7
2025-11-04 12:32:00+00:00,SELL,MEC-A,2025-11-04 07:32:00-05:00,7
2025-11-04 12:34:00+00:00,SELL,MEC-A,2025-11-04 07:34:00-05:00,7
2025-11-04 12:42:00+00:00,BUY,MEC-A,2025-11-04 07:42:00-05:00,7
2025-11-04 12:43:00+00:00,BUY,MEC-A,2025-11-04 07:43:00-05:00,7
2025-11-04 12:45:00+00:00,BUY,MEC-A,2025-11-04 07:45:00-05:00,7
2025-11-04 12:54:00+00:00,SELL,MEC-A,2025-11-04 07:54:00-05:00,7
2025-11-04 12:59:00+00:00,SELL,MEC-A,2025-11-04 07:59:00-05:00,7
2025-11-04 13:11:00+00:00,BUY,MEC-A,2025-11-04 08:11:00-05:00,8
2025-11-04 13:16:00+00:00,BUY,MEC-A,2025-11-04 08:16:00-05:00,8
2025-11-04 13:17:00+00:00,BUY,MEC-A,2025-11-04 08:17:00-05:00,8
2025-11-04 13:20:00+00:00,SELL,MEC-A,2025-11-04 08:20:00-05:00,8
2025-11-04 13:21:00+00:00,SELL,MEC-A,2025-11-04 08:21:00-05:00,8
2025-11-04 13:25:00+00:00,SELL,MEC-A,2025-11-04 08:25:00-05:00,8
2025-11-04 13:26:00+00:00,SELL,MEC-A,2025-11-04 08:26:00-05:00,8
2025-11-04 13:27:00+00:00,SELL,MEC-A,2025-11-04 08:27:00-05:00,8
2025-11-04 13:33:00+00:00,SELL,MEC-A,2025-11-04 08:33:00-05:00,8
2025-11-04 13:34:00+00:00,SELL,MEC-A,2025-11-04 08:34:00-05:00,8
2025-11-04 13:37:00+00:00,SELL,MEC-A,2025-11-04 08:37:00-05:00,8
2025-11-04 13:38:00+00:00,SELL,MEC-A,2025-11-04 08:38:00-05:00,8
2025-11-04 13:42:00+00:00,SELL,MEC-A,2025-11-04 08:42:00-05:00,8
2025-11-04 13:47:00+00:00,SELL,MEC-A,2025-11-04 08:47:00-05:00,8
2025-11-04 13:48:00+00:00,SELL,MEC-A,2025-11-04 08:48:00-05:00,8
2025-11-04 13:50:00+00:00,SELL,MEC-A,2025-11-04 08:50:00-05:00,8
2025-11-04 13:51:00+00:00,SELL,MEC-A,2025-11-04 08:51:00-05:00,8
2025-11-04 14:00:00+00:00,SELL,MEC-A,2025-11-04 09:00:00-05:00,9
2025-11-04 14:01:00+00:00,SELL,MEC-A,2025-11-04 09:01:00-05:00,9
2025-11-04 14:08:00+00:00,SELL,MEC-A,2025-11-04 09:08:00-05:00,9
2025-11-04 14:21:00+00:00,SELL,MEC-A,2025-11-04 09:21:00-05:00,9
2025-11-04 14:22:00+00:00,SELL,MEC-A,2025-11-04 09:22:00-05:00,9
2025-11-04 14:26:00+00:00,SELL,MEC-A,2025-11-04 09:26:00-05:00,9
2025-11-04 14:27:00+00:00,SELL,MEC-A,2025-11-04 09:27:00-05:00,9
2025-11-04 14:29:00+00:00,SELL,MEC-A,2025-11-04 09:29:00-05:00,9
2025-11-04 14:32:00+00:00,SELL,MEC-A,2025-11-04 09:32:00-05:00,9
2025-11-04 14:33:00+00:00,SELL,MEC-A,2025-11-04 09:33:00-05:00,9
2025-11-04 14:38:00+00:00,SELL,MEC-A,2025-11-04 09:38:00-05:00,9
2025-11-04 14:43:00+00:00,SELL,MEC-A,2025-11-04 09:43:00-05:00,9
2025-11-04 14:44:00+00:00,SELL,MEC-A,2025-11-04 09:44:00-05:00,9
2025-11-04 14:47:00+00:00,SELL,MEC-A,2025-11-04 09:47:00-05:00,9
2025-11-04 17:21:00+00:00,SELL,MEC-A,2025-11-04 12:21:00-05:00,12
2025-11-04 17:27:00+00:00,SELL,MEC-A,2025-11-04 12:27:00-05:00,12
2025-11-04 17:28:00+00:00,SELL,MEC-A,2025-11-04 12:28:00-05:00,12
2025-11-04 17:34:00+00:00,BUY,MEC-A,2025-11-04 12:34:00-05:00,12
2025-11-04 17:51:00+00:00,SELL,MEC-A,2025-11-04 12:51:00-05:00,12
2025-11-04 17:52:00+00:00,SELL,MEC-A,2025-11-04 12:52:00-05:00,12
2025-11-04 17:55:00+00:00,SELL,MEC-A,2025-11-04 12:55:00-05:00,12
2025-11-04 17:57:00+00:00,SELL,MEC-A,2025-11-04 12:57:00-05:00,12
2025-11-04 18:05:00+00:00,SELL,MEC-A,2025-11-04 13:05:00-05:00,13
2025-11-04 18:06:00+00:00,SELL,MEC-A,2025-11-04 13:06:00-05:00,13
2025-11-04 18:08:00+00:00,SELL,MEC-A,2025-11-04 13:08:00-05:00,13
2025-11-04 18:09:00+00:00,SELL,MEC-A,2025-11-04 13:09:00-05:00,13
2025-11-04 18:13:00+00:00,SELL,MEC-A,2025-11-04 13:13:00-05:00,13
2025-11-04 18:18:00+00:00,SELL,MEC-A,2025-11-04 13:18:00-05:00,13
2025-11-04 18:26:00+00:00,SELL,MEC-A,2025-11-04 13:26:00-05:00,13
2025-11-04 18:31:00+00:00,SELL,MEC-A,2025-11-04 13:31:00-05:00,13
2025-11-04 18:32:00+00:00,SELL,MEC-A,2025-11-04 13:32:00-05:00,13
2025-11-04 18:33:00+00:00,SELL,MEC-A,2025-11-04 13:33:00-05:00,13
2025-11-04 18:35:00+00:00,SELL,MEC-A,2025-11-04 13:35:00-05:00,13
2025-11-04 18:36:00+00:00,SELL,MEC-A,2025-11-04 13:36:00-05:00,13
2025-11-04 18:41:00+00:00,SELL,MEC-A,2025-11-04 13:41:00-05:00,13
2025-11-04 18:51:00+00:00,SELL,MEC-A,2025-11-04 13:51:00-05:00,13
2025-11-04 18:57:00+00:00,SELL,MEC-A,2025-11-04 13:57:00-05:00,13
2025-11-04 18:59:00+00:00,SELL,MEC-A,2025-11-04 13:59:00-05:00,13
2025-11-04 19:00:00+00:00,SELL,MEC-A,2025-11-04 14:00:00-05:00,14
2025-11-04 19:03:00+00:00,SELL,MEC-A,2025-11-04 14:03:00-05:00,14
2025-11-04 19:10:00+00:00,BUY,MEC-A,2025-11-04 14:10:00-05:00,14
2025-11-04 19:11:00+00:00,BUY,MEC-A,2025-11-04 14:11:00-05:00,14
2025-11-04 19:12:00+00:00,BUY,MEC-A,2025-11-04 14:12:00-05:00,14
2025-11-04 19:15:00+00:00,BUY,MEC-A,2025-11-04 14:15:00-05:00,14
2025-11-04 19:18:00+00:00,BUY,MEC-A,2025-11-04 14:18:00-05:00,14
2025-11-04 19:42:00+00:00,SELL,MEC-A,2025-11-04 14:42:00-05:00,14
2025-11-04 19:45:00+00:00,SELL,MEC-A,2025-11-04 14:45:00-05:00,14
2025-11-04 19:49:00+00:00,SELL,MEC-A,2025-11-04 14:49:00-05:00,14
2025-11-04 19:55:00+00:00,SELL,MEC-A,2025-11-04 14:55:00-05:00,14
2025-11-04 19:58:00+00:00,SELL,MEC-A,2025-11-04 14:58:00-05:00,14
2025-11-04 19:59:00+00:00,SELL,MEC-A,2025-11-04 14:59:00-05:00,14
2025-11-04 20:02:00+00:00,SELL,MEC-A,2025-11-04 15:02:00-05:00,15
2025-11-04 20:03:00+00:00,SELL,MEC-A,2025-11-04 15:03:00-05:00,15
2025-11-04 20:04:00+00:00,SELL,MEC-A,2025-11-04 15:04:00-05:00,15
2025-11-04 20:27:00+00:00,BUY,MEC-A,2025-11-04 15:27:00-05:00,15
2025-11-04 20:29:00+00:00,BUY,MEC-A,2025-11-04 15:29:00-05:00,15
2025-11-04 20:32:00+00:00,BUY,MEC-A,2025-11-04 15:32:00-05:00,15
2025-11-04 20:36:00+00:00,BUY,MEC-A,2025-11-04 15:36:00-05:00,15
2025-11-04 20:41:00+00:00,BUY,MEC-A,2025-11-04 15:41:00-05:00,15
2025-11-04 20:57:00+00:00,BUY,MEC-A,2025-11-04 15:57:00-05:00,15
2025-11-04 21:02:00+00:00,SELL,MEC-A,2025-11-04 16:02:00-05:00,16
2025-11-04 21:12:00+00:00,SELL,MEC-A,2025-11-04 16:12:00-05:00,16
2025-11-04 21:13:00+00:00,SELL,MEC-A,2025-11-04 16:13:00-05:00,16
2025-11-04 21:14:00+00:00,SELL,MEC-A,2025-11-04 16:14:00-05:00,16
2025-11-04 21:16:00+00:00,SELL,MEC-A,2025-11-04 16:16:00-05:00,16
2025-11-04 21:20:00+00:00,SELL,MEC-A,2025-11-04 16:20:00-05:00,16
2025-11-04 21:25:00+00:00,SELL,MEC-A,2025-11-04 16:25:00-05:00,16
2025-11-04 21:26:00+00:00,SELL,MEC-A,2025-11-04 16:26:00-05:00,16
2025-11-04 21:34:00+00:00,SELL,MEC-A,2025-11-04 16:34:00-05:00,16
2025-11-04 21:35:00+00:00,SELL,MEC-A,2025-11-04 16:35:00-05:00,16
2025-11-04 21:38:00+00:00,SELL,MEC-A,2025-11-04 16:38:00-05:00,16
2025-11-04 21:49:00+00:00,BUY,MEC-A,2025-11-04 16:49:00-05:00,16
2025-11-04 21:50:00+00:00,BUY,MEC-A,2025-11-04 16:50:00-05:00,16
2025-11-04 21:53:00+00:00,BUY,MEC-A,2025-11-04 16:53:00-05:00,16
2025-11-04 21:59:00+00:00,BUY,MEC-A,2025-11-04 16:59:00-05:00,16
2025-11-04 23:03:00+00:00,BUY,MEC-A,2025-11-04 18:03:00-05:00,18
2025-11-04 23:04:00+00:00,BUY,MEC-A,2025-11-04 18:04:00-05:00,18
2025-11-04 23:05:00+00:00,BUY,MEC-A,2025-11-04 18:05:00-05:00,18
2025-11-04 23:08:00+00:00,BUY,MEC-A,2025-11-04 18:08:00-05:00,18
2025-11-04 23:10:00+00:00,BUY,MEC-A,2025-11-04 18:10:00-05:00,18
2025-11-04 23:15:00+00:00,BUY,MEC-A,2025-11-04 18:15:00-05:00,18
2025-11-04 23:18:00+00:00,BUY,MEC-A,2025-11-04 18:18:00-05:00,18
2025-11-04 23:21:00+00:00,BUY,MEC-A,2025-11-04 18:21:00-05:00,18
2025-11-04 23:29:00+00:00,BUY,MEC-A,2025-11-04 18:29:00-05:00,18
2025-11-04 23:31:00+00:00,SELL,MEC-A,2025-11-04 18:31:00-05:00,18
2025-11-04 23:38:00+00:00,SELL,MEC-A,2025-11-04 18:38:00-05:00,18
2025-11-04 23:47:00+00:00,SELL,MEC-A,2025-11-04 18:47:00-05:00,18
2025-11-04 23:49:00+00:00,SELL,MEC-A,2025-11-04 18:49:00-05:00,18
2025-11-05 00:02:00+00:00,BUY,MEC-A,2025-11-04 19:02:00-05:00,19
2025-11-05 00:03:00+00:00,BUY,MEC-A,2025-11-04 19:03:00-05:00,19
2025-11-05 00:04:00+00:00,BUY,MEC-A,2025-11-04 19:04:00-05:00,19
2025-11-05 00:07:00+00:00,BUY,MEC-A,2025-11-04 19:07:00-05:00,19
2025-11-05 00:13:00+00:00,BUY,MEC-A,2025-11-04 19:13:00-05:00,19
2025-11-05 00:14:00+00:00,BUY,MEC-A,2025-11-04 19:14:00-05:00,19
2025-11-05 00:15:00+00:00,BUY,MEC-A,2025-11-04 19:15:00-05:00,19
2025-11-05 00:22:00+00:00,BUY,MEC-A,2025-11-04 19:22:00-05:00,19
2025-11-05 00:37:00+00:00,SELL,MEC-A,2025-11-04 19:37:00-05:00,19
2025-11-05 00:39:00+00:00,SELL,MEC-A,2025-11-04 19:39:00-05:00,19
2025-11-05 00:40:00+00:00,SELL,MEC-A,2025-11-04 19:40:00-05:00,19
2025-11-05 00:42:00+00:00,SELL,MEC-A,2025-11-04 19:42:00-05:00,19
2025-11-05 00:44:00+00:00,SELL,MEC-A,2025-11-04 19:44:00-05:00,19
2025-11-05 00:51:00+00:00,SELL,MEC-A,2025-11-04 19:51:00-05:00,19
2025-11-05 00:55:00+00:00,SELL,MEC-A,2025-11-04 19:55:00-05:00,19
2025-11-05 00:59:00+00:00,BUY,MEC-A,2025-11-04 19:59:00-05:00,19
2025-11-05 01:00:00+00:00,BUY,MEC-A,2025-11-04 20:00:00-05:00,20
2025-11-05 01:02:00+00:00,BUY,MEC-A,2025-11-04 20:02:00-05:00,20
2025-11-05 01:03:00+00:00,BUY,MEC-A,2025-11-04 20:03:00-05:00,20
2025-11-05 01:04:00+00:00,BUY,MEC-A,2025-11-04 20:04:00-05:00,20
2025-11-05 01:07:00+00:00,BUY,MEC-A,2025-11-04 20:07:00-05:00,20
2025-11-05 01:08:00+00:00,BUY,MEC-A,2025-11-04 20:08:00-05:00,20
2025-11-05 01:12:00+00:00,BUY,MEC-A,2025-11-04 20:12:00-05:00,20
2025-11-05 01:16:00+00:00,SELL,MEC-A,2025-11-04 20:16:00-05:00,20
2025-11-05 01:19:00+00:00,SELL,MEC-A,2025-11-04 20:19:00-05:00,20
2025-11-05 01:25:00+00:00,BUY,MEC-A,2025-11-04 20:25:00-05:00,20
2025-11-05 01:30:00+00:00,BUY,MEC-A,2025-11-04 20:30:00-05:00,20
2025-11-05 01:34:00+00:00,SELL,MEC-A,2025-11-04 20:34:00-05:00,20
2025-11-05 01:44:00+00:00,SELL,MEC-A,2025-11-04 20:44:00-05:00,20
2025-11-05 01:45:00+00:00,SELL,MEC-A,2025-11-04 20:45:00-05:00,20
2025-11-05 01:46:00+00:00,SELL,MEC-A,2025-11-04 20:46:00-05:00,20
2025-11-05 01:50:00+00:00,SELL,MEC-A,2025-11-04 20:50:00-05:00,20
2025-11-05 01:53:00+00:00,SELL,MEC-A,2025-11-04 20:53:00-05:00,20
2025-11-05 01:58:00+00:00,SELL,MEC-A,2025-11-04 20:58:00-05:00,20
2025-11-05 02:02:00+00:00,SELL,MEC-A,2025-11-04 21:02:00-05:00,21
2025-11-05 02:03:00+00:00,SELL,MEC-A,2025-11-04 21:03:00-05:00,21
2025-11-05 02:07:00+00:00,BUY,MEC-A,2025-11-04 21:07:00-05:00,21
2025-11-05 02:13:00+00:00,BUY,MEC-A,2025-11-04 21:13:00-05:00,21
2025-11-05 02:22:00+00:00,SELL,MEC-A,2025-11-04 21:22:00-05:00,21
2025-11-05 02:25:00+00:00,SELL,MEC-B,2025-11-04 21:25:00-05:00,21
2025-11-05 02:26:00+00:00,SELL,MEC-A,2025-11-04 21:26:00-05:00,21
2025-11-05 02:31:00+00:00,BUY,MEC-A,2025-11-04 21:31:00-05:00,21
2025-11-05 02:32:00+00:00,BUY,MEC-A,2025-11-04 21:32:00-05:00,21
2025-11-05 02:36:00+00:00,BUY,MEC-A,2025-11-04 21:36:00-05:00,21
2025-11-05 02:37:00+00:00,BUY,MEC-A,2025-11-04 21:37:00-05:00,21
2025-11-05 02:41:00+00:00,BUY,MEC-A,2025-11-04 21:41:00-05:00,21
2025-11-05 02:45:00+00:00,BUY,MEC-A,2025-11-04 21:45:00-05:00,21
2025-11-05 02:48:00+00:00,BUY,MEC-A,2025-11-04 21:48:00-05:00,21
2025-11-05 02:55:00+00:00,BUY,MEC-A,2025-11-04 21:55:00-05:00,21
2025-11-05 02:58:00+00:00,BUY,MEC-A,2025-11-04 21:58:00-05:00,21
2025-11-05 03:02:00+00:00,BUY,MEC-A,2025-11-04 22:02:00-05:00,22
2025-11-05 03:03:00+00:00,BUY,MEC-A,2025-11-04 22:03:00-05:00,22
2025-11-05 03:05:00+00:00,BUY,MEC-A,2025-11-04 22:05:00-05:00,22
2025-11-05 03:06:00+00:00,BUY,MEC-A,2025-11-04 22:06:00-05:00,22
2025-11-05 03:10:00+00:00,BUY,MEC-A,2025-11-04 22:10:00-05:00,22
2025-11-05 03:19:00+00:00,BUY,MEC-A,2025-11-04 22:19:00-05:00,22
2025-11-05 03:28:00+00:00,SELL,MEC-A,2025-11-04 22:28:00-05:00,22
2025-11-05 03:34:00+00:00,BUY,MEC-A,2025-11-04 22:34:00-05:00,22
2025-11-05 03:36:00+00:00,BUY,MEC-A,2025-11-04 22:36:00-05:00,22
2025-11-05 03:37:00+00:00,BUY,MEC-A,2025-11-04 22:37:00-05:00,22
2025-11-05 03:40:00+00:00,BUY,MEC-A,2025-11-04 22:40:00-05:00,22
2025-11-05 03:43:00+00:00,BUY,MEC-A,2025-11-04 22:43:00-05:00,22
2025-11-05 03:44:00+00:00,BUY,MEC-A,2025-11-04 22:44:00-05:00,22
2025-11-05 03:45:00+00:00,BUY,MEC-A,2025-11-04 22:45:00-05:00,22
2025-11-05 03:47:00+00:00,BUY,MEC-A,2025-11-04 22:47:00-05:00,22
2025-11-05 03:48:00+00:00,BUY,MEC-A,2025-11-04 22:48:00-05:00,22
2025-11-05 03:49:00+00:00,BUY,MEC-A,2025-11-04 22:49:00-05:00,22
2025-11-05 03:55:00+00:00,BUY,MEC-A,2025-11-04 22:55:00-05:00,22
2025-11-05 04:04:00+00:00,SELL,MEC-A,2025-11-04 23:04:00-05:00,23
2025-11-05 04:07:00+00:00,BUY,MEC-A,2025-11-04 23:07:00-05:00,23
2025-11-05 04:09:00+00:00,BUY,MEC-A,2025-11-04 23:09:00-05:00,23
2025-11-05 04:10:00+00:00,BUY,MEC-A,2025-11-04 23:10:00-05:00,23
2025-11-05 04:11:00+00:00,BUY,MEC-A,2025-11-04 23:11:00-05:00,23
2025-11-05 04:20:00+00:00,BUY,MEC-A,2025-11-04 23:20:00-05:00,23
2025-11-05 04:22:00+00:00,BUY,MEC-A,2025-11-04 23:22:00-05:00,23
2025-11-05 04:29:00+00:00,BUY,MEC-A,2025-11-04 23:29:00-05:00,23
2025-11-05 04:30:00+00:00,BUY,MEC-A,2025-11-04 23:30:00-05:00,23
2025-11-05 04:31:00+00:00,BUY,MEC-A,2025-11-04 23:31:00-05:00,23
2025-11-05 04:32:00+00:00,BUY,MEC-A,2025-11-04 23:32:00-05:00,23
2025-11-05 04:35:00+00:00,BUY,MEC-A,2025-11-04 23:35:00-05:00,23
2025-11-05 04:38:00+00:00,BUY,MEC-A,2025-11-04 23:38:00-05:00,23
2025-11-05 04:42:00+00:00,BUY,MEC-A,2025-11-04 23:42:00-05:00,23
2025-11-05 04:45:00+00:00,BUY,MEC-A,2025-11-04 23:45:00-05:00,23
2025-11-05 04:51:00+00:00,BUY,MEC-A,2025-11-04 23:51:00-05:00,23
2025-11-05 04:56:00+00:00,SELL,MEC-A,2025-11-04 23:56:00-05:00,23
2025-11-05 07:34:00+00:00,BUY,MEC-A,2025-11-05 02:34:00-05:00,2
2025-11-05 07:35:00+00:00,BUY,MEC-A,2025-11-05 02:35:00-05:00,2
2025-11-05 07:39:00+00:00,BUY,MEC-A,2025-11-05 02:39:00-05:00,2
2025-11-05 07:56:00+00:00,BUY,MEC-A,2025-11-05 02:56:00-05:00,2
2025-11-05 07:57:00+00:00,BUY,MEC-A,2025-11-05 02:57:00-05:00,2
2025-11-05 08:00:00+00:00,BUY,MEC-A,2025-11-05 03:00:00-05:00,3
2025-11-05 08:04:00+00:00,BUY,MEC-A,2025-11-05 03:04:00-05:00,3
2025-11-05 08:05:00+00:00,BUY,MEC-A,2025-11-05 03:05:00-05:00,3
2025-11-05 08:06:00+00:00,BUY,MEC-A,2025-11-05 03:06:00-05:00,3
2025-11-05 08:12:00+00:00,BUY,MEC-A,2025-11-05 03:12:00-05:00,3
2025-11-05 08:15:00+00:00,BUY,MEC-A,2025-11-05 03:15:00-05:00,3
2025-11-05 08:18:00+00:00,BUY,MEC-A,2025-11-05 03:18:00-05:00,3
2025-11-05 08:27:00+00:00,SELL,MEC-A,2025-11-05 03:27:00-05:00,3
2025-11-05 08:36:00+00:00,BUY,MEC-A,2025-11-05 03:36:00-05:00,3
2025-11-05 08:38:00+00:00,BUY,MEC-A,2025-11-05 03:38:00-05:00,3
2025-11-05 08:41:00+00:00,BUY,MEC-A,2025-11-05 03:41:00-05:00,3
2025-11-05 08:47:00+00:00,SELL,MEC-A,2025-11-05 03:47:00-05:00,3
2025-11-05 08:49:00+00:00,SELL,MEC-A,2025-11-05 03:49:00-05:00,3
2025-11-05 08:59:00+00:00,SELL,MEC-A,2025-11-05 03:59:00-05:00,3
2025-11-05 09:00:00+00:00,SELL,MEC-A,2025-11-05 04:00:00-05:00,4
2025-11-05 09:03:00+00:00,SELL,MEC-A,2025-11-05 04:03:00-05:00,4
2025-11-05 09:08:00+00:00,SELL,MEC-A,2025-11-05 04:08:00-05:00,4
2025-11-05 09:09:00+00:00,SELL,MEC-A,2025-11-05 04:09:00-05:00,4
2025-11-05 09:13:00+00:00,SELL,MEC-A,2025-11-05 04:13:00-05:00,4
2025-11-05 09:15:00+00:00,SELL,MEC-A,2025-11-05 04:15:00-05:00,4
2025-11-05 09:16:00+00:00,SELL,MEC-A,2025-11-05 04:16:00-05:00,4
2025-11-05 09:19:00+00:00,SELL,MEC-A,2025-11-05 04:19:00-05:00,4
2025-11-05 09:23:00+00:00,SELL,MEC-A,2025-11-05 04:23:00-05:00,4
2025-11-05 09:24:00+00:00,SELL,MEC-A,2025-11-05 04:24:00-05:00,4
2025-11-05 09:26:00+00:00,SELL,MEC-A,2025-11-05 04:26:00-05:00,4
2025-11-05 09:28:00+00:00,SELL,MEC-A,2025-11-05 04:28:00-05:00,4
2025-11-05 09:33:00+00:00,SELL,MEC-A,2025-11-05 04:33:00-05:00,4
2025-11-05 09:39:00+00:00,BUY,MEC-A,2025-11-05 04:39:00-05:00,4
2025-11-05 09:40:00+00:00,BUY,MEC-A,2025-11-05 04:40:00-05:00,4
2025-11-05 09:47:00+00:00,BUY,MEC-A,2025-11-05 04:47:00-05:00,4
2025-11-05 09:54:00+00:00,BUY,MEC-A,2025-11-05 04:54:00-05:00,4
2025-11-05 10:01:00+00:00,SELL,MEC-A,2025-11-05 05:01:00-05:00,5
2025-11-05 10:02:00+00:00,SELL,MEC-A,2025-11-05 05:02:00-05:00,5
2025-11-05 10:04:00+00:00,SELL,MEC-A,2025-11-05 05:04:00-05:00,5
2025-11-05 10:12:00+00:00,SELL,MEC-A,2025-11-05 05:12:00-05:00,5
2025-11-05 10:14:00+00:00,SELL,MEC-A,2025-11-05 05:14:00-05:00,5
2025-11-05 10:15:00+00:00,SELL,MEC-A,2025-11-05 05:15:00-05:00,5
2025-11-05 10:20:00+00:00,BUY,MEC-A,2025-11-05 05:20:00-05:00,5
2025-11-05 10:37:00+00:00,BUY,MEC-A,2025-11-05 05:37:00-05:00,5
2025-11-05 10:47:00+00:00,BUY,MEC-A,2025-11-05 05:47:00-05:00,5
2025-11-05 10:54:00+00:00,SELL,MEC-A,2025-11-05 05:54:00-05:00,5
2025-11-05 11:09:00+00:00,SELL,MEC-A,2025-11-05 06:09:00-05:00,6
2025-11-05 11:12:00+00:00,SELL,MEC-A,2025-11-05 06:12:00-05:00,6
2025-11-05 11:19:00+00:00,SELL,MEC-A,2025-11-05 06:19:00-05:00,6
2025-11-05 11:20:00+00:00,SELL,MEC-A,2025-11-05 06:20:00-05:00,6
2025-11-05 11:21:00+00:00,SELL,MEC-A,2025-11-05 06:21:00-05:00,6
2025-11-05 11:23:00+00:00,SELL,MEC-A,2025-11-05 06:23:00-05:00,6
2025-11-05 11:28:00+00:00,SELL,MEC-A,2025-11-05 06:28:00-05:00,6
2025-11-05 11:33:00+00:00,SELL,MEC-A,2025-11-05 06:33:00-05:00,6
2025-11-05 11:35:00+00:00,SELL,MEC-A,2025-11-05 06:35:00-05:00,6
2025-11-05 11:38:00+00:00,BUY,MEC-A,2025-11-05 06:38:00-05:00,6
2025-11-05 11:40:00+00:00,BUY,MEC-A,2025-11-05 06:40:00-05:00,6
2025-11-05 11:43:00+00:00,BUY,MEC-A,2025-11-05 06:43:00-05:00,6
2025-11-05 11:46:00+00:00,BUY,MEC-A,2025-11-05 06:46:00-05:00,6
2025-11-05 11:49:00+00:00,BUY,MEC-A,2025-11-05 06:49:00-05:00,6
2025-11-05 11:50:00+00:00,BUY,MEC-A,2025-11-05 06:50:00-05:00,6
2025-11-05 11:54:00+00:00,BUY,MEC-A,2025-11-05 06:54:00-05:00,6
2025-11-05 11:55:00+00:00,BUY,MEC-A,2025-11-05 06:55:00-05:00,6
2025-11-05 11:57:00+00:00,BUY,MEC-A,2025-11-05 06:57:00-05:00,6
2025-11-05 12:02:00+00:00,SELL,MEC-A,2025-11-05 07:02:00-05:00,7
2025-11-05 12:03:00+00:00,SELL,MEC-A,2025-11-05 07:03:00-05:00,7
2025-11-05 12:11:00+00:00,SELL,MEC-A,2025-11-05 07:11:00-05:00,7
2025-11-05 12:16:00+00:00,BUY,MEC-A,2025-11-05 07:16:00-05:00,7
2025-11-05 12:17:00+00:00,BUY,MEC-A,2025-11-05 07:17:00-05:00,7
2025-11-05 12:18:00+00:00,BUY,MEC-A,2025-11-05 07:18:00-05:00,7
2025-11-05 12:21:00+00:00,BUY,MEC-A,2025-11-05 07:21:00-05:00,7
2025-11-05 12:27:00+00:00,BUY,MEC-A,2025-11-05 07:27:00-05:00,7
2025-11-05 12:28:00+00:00,BUY,MEC-A,2025-11-05 07:28:00-05:00,7
2025-11-05 12:32:00+00:00,BUY,MEC-A,2025-11-05 07:32:00-05:00,7
2025-11-05 12:36:00+00:00,SELL,MEC-A,2025-11-05 07:36:00-05:00,7
2025-11-05 12:39:00+00:00,SELL,MEC-A,2025-11-05 07:39:00-05:00,7
2025-11-05 12:47:00+00:00,SELL,MEC-A,2025-11-05 07:47:00-05:00,7
2025-11-05 12:48:00+00:00,SELL,MEC-A,2025-11-05 07:48:00-05:00,7
2025-11-05 12:55:00+00:00,BUY,MEC-A,2025-11-05 07:55:00-05:00,7
2025-11-05 12:58:00+00:00,BUY,MEC-A,2025-11-05 07:58:00-05:00,7
2025-11-05 12:59:00+00:00,BUY,MEC-A,2025-11-05 07:59:00-05:00,7
2025-11-05 13:06:00+00:00,BUY,MEC-A,2025-11-05 08:06:00-05:00,8
2025-11-05 13:07:00+00:00,BUY,MEC-A,2025-11-05 08:07:00-05:00,8
2025-11-05 13:08:00+00:00,BUY,MEC-A,2025-11-05 08:08:00-05:00,8
2025-11-05 13:09:00+00:00,BUY,MEC-A,2025-11-05 08:09:00-05:00,8
2025-11-05 13:13:00+00:00,BUY,MEC-A,2025-11-05 08:13:00-05:00,8
2025-11-05 13:16:00+00:00,SELL,MEC-A,2025-11-05 08:16:00-05:00,8
2025-11-05 13:23:00+00:00,BUY,MEC-A,2025-11-05 08:23:00-05:00,8
2025-11-05 13:31:00+00:00,BUY,MEC-A,2025-11-05 08:31:00-05:00,8
2025-11-05 13:42:00+00:00,BUY,MEC-A,2025-11-05 08:42:00-05:00,8
2025-11-05 13:51:00+00:00,BUY,MEC-A,2025-11-05 08:51:00-05:00,8
2025-11-05 13:53:00+00:00,BUY,MEC-A,2025-11-05 08:53:00-05:00,8
2025-11-05 13:54:00+00:00,BUY,MEC-A,2025-11-05 08:54:00-05:00,8
2025-11-05 14:04:00+00:00,BUY,MEC-A,2025-11-05 09:04:00-05:00,9
2025-11-05 14:10:00+00:00,BUY,MEC-A,2025-11-05 09:10:00-05:00,9
2025-11-05 14:11:00+00:00,BUY,MEC-A,2025-11-05 09:11:00-05:00,9
2025-11-05 14:17:00+00:00,BUY,MEC-A,2025-11-05 09:17:00-05:00,9
2025-11-05 14:21:00+00:00,BUY,MEC-A,2025-11-05 09:21:00-05:00,9
2025-11-05 14:22:00+00:00,BUY,MEC-A,2025-11-05 09:22:00-05:00,9
2025-11-05 14:24:00+00:00,BUY,MEC-A,2025-11-05 09:24:00-05:00,9
2025-11-05 14:25:00+00:00,BUY,MEC-A,2025-11-05 09:25:00-05:00,9
2025-11-05 14:27:00+00:00,BUY,MEC-A,2025-11-05 09:27:00-05:00,9
2025-11-05 14:37:00+00:00,BUY,MEC-A,2025-11-05 09:37:00-05:00,9
2025-11-05 14:41:00+00:00,SELL,MEC-A,2025-11-05 09:41:00-05:00,9
2025-11-05 14:43:00+00:00,SELL,MEC-A,2025-11-05 09:43:00-05:00,9
2025-11-05 14:47:00+00:00,SELL,MEC-A,2025-11-05 09:47:00-05:00,9
2025-11-05 14:57:00+00:00,SELL,MEC-A,2025-11-05 09:57:00-05:00,9
2025-11-05 14:58:00+00:00,SELL,MEC-A,2025-11-05 09:58:00-05:00,9
2025-11-05 15:00:00+00:00,SELL,MEC-A,2025-11-05 10:00:00-05:00,10
2025-11-05 15:03:00+00:00,SELL,MEC-A,2025-11-05 10:03:00-05:00,10
2025-11-05 15:21:00+00:00,SELL,MEC-A,2025-11-05 10:21:00-05:00,10
2025-11-05 15:25:00+00:00,BUY,MEC-A,2025-11-05 10:25:00-05:00,10
2025-11-05 15:29:00+00:00,BUY,MEC-A,2025-11-05 10:29:00-05:00,10
2025-11-05 15:30:00+00:00,BUY,MEC-A,2025-11-05 10:30:00-05:00,10
2025-11-05 15:40:00+00:00,BUY,MEC-A,2025-11-05 10:40:00-05:00,10
2025-11-05 15:44:00+00:00,BUY,MEC-A,2025-11-05 10:44:00-05:00,10
2025-11-05 15:47:00+00:00,BUY,MEC-A,2025-11-05 10:47:00-05:00,10
2025-11-05 15:56:00+00:00,SELL,MEC-A,2025-11-05 10:56:00-05:00,10
2025-11-05 15:58:00+00:00,SELL,MEC-A,2025-11-05 10:58:00-05:00,10
2025-11-05 16:05:00+00:00,SELL,MEC-A,2025-11-05 11:05:00-05:00,11
2025-11-05 16:09:00+00:00,BUY,MEC-A,2025-11-05 11:09:00-05:00,11
2025-11-05 16:14:00+00:00,SELL,MEC-A,2025-11-05 11:14:00-05:00,11
2025-11-05 16:29:00+00:00,BUY,MEC-A,2025-11-05 11:29:00-05:00,11
2025-11-05 16:30:00+00:00,BUY,MEC-A,2025-11-05 11:30:00-05:00,11
2025-11-05 16:33:00+00:00,BUY,MEC-A,2025-11-05 11:33:00-05:00,11
2025-11-05 16:45:00+00:00,BUY,MEC-A,2025-11-05 11:45:00-05:00,11
2025-11-05 16:46:00+00:00,BUY,MEC-A,2025-11-05 11:46:00-05:00,11
2025-11-05 16:47:00+00:00,BUY,MEC-A,2025-11-05 11:47:00-05:00,11
2025-11-05 16:50:00+00:00,BUY,MEC-A,2025-11-05 11:50:00-05:00,11
2025-11-05 17:06:00+00:00,SELL,MEC-A,2025-11-05 12:06:00-05:00,12
2025-11-05 17:07:00+00:00,SELL,MEC-A,2025-11-05 12:07:00-05:00,12
2025-11-05 17:08:00+00:00,SELL,MEC-A,2025-11-05 12:08:00-05:00,12
2025-11-05 17:11:00+00:00,SELL,MEC-A,2025-11-05 12:11:00-05:00,12
2025-11-05 17:12:00+00:00,SELL,MEC-A,2025-11-05 12:12:00-05:00,12
2025-11-05 17:16:00+00:00,SELL,MEC-A,2025-11-05 12:16:00-05:00,12
2025-11-05 17:19:00+00:00,SELL,MEC-A,2025-11-05 12:19:00-05:00,12
2025-11-05 17:21:00+00:00,SELL,MEC-A,2025-11-05 12:21:00-05:00,12
2025-11-05 17:23:00+00:00,SELL,MEC-A,2025-11-05 12:23:00-05:00,12
2025-11-05 17:30:00+00:00,SELL,MEC-A,2025-11-05 12:30:00-05:00,12
2025-11-05 17:37:00+00:00,SELL,MEC-A,2025-11-05 12:37:00-05:00,12
2025-11-05 17:43:00+00:00,BUY,MEC-A,2025-11-05 12:43:00-05:00,12
2025-11-05 17:55:00+00:00,SELL,MEC-A,2025-11-05 12:55:00-05:00,12
2025-11-05 18:00:00+00:00,SELL,MEC-A,2025-11-05 13:00:00-05:00,13
2025-11-05 18:03:00+00:00,SELL,MEC-A,2025-11-05 13:03:00-05:00,13
2025-11-05 18:11:00+00:00,BUY,MEC-A,2025-11-05 13:11:00-05:00,13
2025-11-05 18:14:00+00:00,BUY,MEC-A,2025-11-05 13:14:00-05:00,13
2025-11-05 18:16:00+00:00,BUY,MEC-A,2025-11-05 13:16:00-05:00,13
2025-11-05 18:20:00+00:00,BUY,MEC-A,2025-11-05 13:20:00-05:00,13
2025-11-05 18:22:00+00:00,BUY,MEC-A,2025-11-05 13:22:00-05:00,13
2025-11-05 18:29:00+00:00,BUY,MEC-A,2025-11-05 13:29:00-05:00,13
2025-11-05 18:32:00+00:00,BUY,MEC-A,2025-11-05 13:32:00-05:00,13
2025-11-05 18:42:00+00:00,SELL,MEC-A,2025-11-05 13:42:00-05:00,13
2025-11-05 19:39:00+00:00,BUY,MEC-A,2025-11-05 14:39:00-05:00,14
2025-11-05 19:41:00+00:00,BUY,MEC-A,2025-11-05 14:41:00-05:00,14
2025-11-05 19:42:00+00:00,BUY,MEC-A,2025-11-05 14:42:00-05:00,14
2025-11-05 19:47:00+00:00,BUY,MEC-A,2025-11-05 14:47:00-05:00,14
2025-11-05 19:56:00+00:00,BUY,MEC-A,2025-11-05 14:56:00-05:00,14
2025-11-05 20:06:00+00:00,BUY,MEC-A,2025-11-05 15:06:00-05:00,15
2025-11-05 20:09:00+00:00,BUY,MEC-A,2025-11-05 15:09:00-05:00,15
2025-11-05 20:29:00+00:00,SELL,MEC-A,2025-11-05 15:29:00-05:00,15
2025-11-05 20:44:00+00:00,SELL,MEC-A,2025-11-05 15:44:00-05:00,15
2025-11-05 20:46:00+00:00,SELL,MEC-A,2025-11-05 15:46:00-05:00,15
2025-11-05 20:47:00+00:00,SELL,MEC-A,2025-11-05 15:47:00-05:00,15
2025-11-05 20:54:00+00:00,SELL,MEC-A,2025-11-05 15:54:00-05:00,15
2025-11-05 20:56:00+00:00,SELL,MEC-A,2025-11-05 15:56:00-05:00,15
2025-11-05 20:57:00+00:00,BUY,MEC-A,2025-11-05 15:57:00-05:00,15
2025-11-05 20:59:00+00:00,BUY,MEC-A,2025-11-05 15:59:00-05:00,15
2025-11-05 23:25:00+00:00,SELL,MEC-A,2025-11-05 18:25:00-05:00,18
2025-11-05 23:30:00+00:00,BUY,MEC-A,2025-11-05 18:30:00-05:00,18
2025-11-05 23:33:00+00:00,BUY,MEC-A,2025-11-05 18:33:00-05:00,18
2025-11-05 23:34:00+00:00,BUY,MEC-A,2025-11-05 18:34:00-05:00,18
2025-11-05 23:38:00+00:00,BUY,MEC-A,2025-11-05 18:38:00-05:00,18
2025-11-05 23:39:00+00:00,BUY,MEC-A,2025-11-05 18:39:00-05:00,18
2025-11-05 23:46:00+00:00,BUY,MEC-A,2025-11-05 18:46:00-05:00,18
2025-11-05 23:49:00+00:00,BUY,MEC-A,2025-11-05 18:49:00-05:00,18
2025-11-05 23:50:00+00:00,BUY,MEC-A,2025-11-05 18:50:00-05:00,18
2025-11-06 00:00:00+00:00,SELL,MEC-A,2025-11-05 19:00:00-05:00,19
2025-11-06 00:21:00+00:00,SELL,MEC-A,2025-11-05 19:21:00-05:00,19
2025-11-06 00:34:00+00:00,SELL,MEC-A,2025-11-05 19:34:00-05:00,19
2025-11-06 00:40:00+00:00,SELL,MEC-A,2025-11-05 19:40:00-05:00,19
2025-11-06 00:55:00+00:00,BUY,MEC-A,2025-11-05 19:55:00-05:00,19
2025-11-06 00:59:00+00:00,BUY,MEC-A,2025-11-05 19:59:00-05:00,19
2025-11-06 01:06:00+00:00,SELL,MEC-A,2025-11-05 20:06:00-05:00,20
2025-11-06 01:07:00+00:00,SELL,MEC-A,2025-11-05 20:07:00-05:00,20
2025-11-06 01:13:00+00:00,SELL,MEC-A,2025-11-05 20:13:00-05:00,20
2025-11-06 01:20:00+00:00,BUY,MEC-A,2025-11-05 20:20:00-05:00,20
2025-11-06 01:21:00+00:00,BUY,MEC-A,2025-11-05 20:21:00-05:00,20
2025-11-06 01:23:00+00:00,BUY,MEC-A,2025-11-05 20:23:00-05:00,20
2025-11-06 01:25:00+00:00,BUY,MEC-A,2025-11-05 20:25:00-05:00,20
2025-11-06 01:26:00+00:00,BUY,MEC-A,2025-11-05 20:26:00-05:00,20
2025-11-06 01:50:00+00:00,BUY,MEC-A,2025-11-05 20:50:00-05:00,20
2025-11-06 01:53:00+00:00,BUY,MEC-A,2025-11-05 20:53:00-05:00,20
2025-11-06 02:02:00+00:00,BUY,MEC-A,2025-11-05 21:02:00-05:00,21
2025-11-06 02:08:00+00:00,BUY,MEC-A,2025-11-05 21:08:00-05:00,21
2025-11-06 02:15:00+00:00,BUY,MEC-A,2025-11-05 21:15:00-05:00,21
2025-11-06 02:17:00+00:00,BUY,MEC-A,2025-11-05 21:17:00-05:00,21
2025-11-06 02:22:00+00:00,BUY,MEC-A,2025-11-05 21:22:00-05:00,21
2025-11-06 02:26:00+00:00,SELL,MEC-A,2025-11-05 21:26:00-05:00,21
2025-11-06 02:30:00+00:00,BUY,MEC-A,2025-11-05 21:30:00-05:00,21
2025-11-06 02:32:00+00:00,BUY,MEC-A,2025-11-05 21:32:00-05:00,21
2025-11-06 02:33:00+00:00,BUY,MEC-A,2025-11-05 21:33:00-05:00,21
2025-11-06 02:37:00+00:00,BUY,MEC-A,2025-11-05 21:37:00-05:00,21
2025-11-06 02:41:00+00:00,BUY,MEC-A,2025-11-05 21:41:00-05:00,21
2025-11-06 02:52:00+00:00,BUY,MEC-A,2025-11-05 21:52:00-05:00,21
2025-11-06 02:56:00+00:00,BUY,MEC-A,2025-11-05 21:56:00-05:00,21
2025-11-06 02:59:00+00:00,BUY,MEC-A,2025-11-05 21:59:00-05:00,21
2025-11-06 03:02:00+00:00,BUY,MEC-A,2025-11-05 22:02:00-05:00,22
2025-11-06 03:05:00+00:00,BUY,MEC-A,2025-11-05 22:05:00-05:00,22
2025-11-06 03:09:00+00:00,BUY,MEC-A,2025-11-05 22:09:00-05:00,22
2025-11-06 03:10:00+00:00,BUY,MEC-A,2025-11-05 22:10:00-05:00,22
2025-11-06 03:11:00+00:00,BUY,MEC-A,2025-11-05 22:11:00-05:00,22
2025-11-06 03:12:00+00:00,BUY,MEC-A,2025-11-05 22:12:00-05:00,22
2025-11-06 03:23:00+00:00,BUY,MEC-A,2025-11-05 22:23:00-05:00,22
2025-11-06 03:24:00+00:00,BUY,MEC-A,2025-11-05 22:24:00-05:00,22
2025-11-06 03:28:00+00:00,BUY,MEC-A,2025-11-05 22:28:00-05:00,22
2025-11-06 03:30:00+00:00,BUY,MEC-A,2025-11-05 22:30:00-05:00,22
2025-11-06 03:34:00+00:00,BUY,MEC-A,2025-11-05 22:34:00-05:00,22
2025-11-06 03:36:00+00:00,BUY,MEC-A,2025-11-05 22:36:00-05:00,22
2025-11-06 03:37:00+00:00,BUY,MEC-A,2025-11-05 22:37:00-05:00,22
2025-11-06 03:38:00+00:00,BUY,MEC-A,2025-11-05 22:38:00-05:00,22
2025-11-06 03:55:00+00:00,BUY,MEC-A,2025-11-05 22:55:00-05:00,22
2025-11-06 03:59:00+00:00,BUY,MEC-A,2025-11-05 22:59:00-05:00,22
2025-11-06 04:11:00+00:00,SELL,MEC-A,2025-11-05 23:11:00-05:00,23
2025-11-06 04:38:00+00:00,BUY,MEC-A,2025-11-05 23:38:00-05:00,23
2025-11-06 04:40:00+00:00,BUY,MEC-A,2025-11-05 23:40:00-05:00,23
2025-11-06 04:46:00+00:00,SELL,MEC-A,2025-11-05 23:46:00-05:00,23
2025-11-06 04:57:00+00:00,BUY,MEC-A,2025-11-05 23:57:00-05:00,23
2025-11-06 04:59:00+00:00,BUY,MEC-A,2025-11-05 23:59:00-05:00,23
2025-11-06 05:04:00+00:00,BUY,MEC-A,2025-11-06 00:04:00-05:00,0
2025-11-06 05:07:00+00:00,SELL,MEC-A,2025-11-06 00:07:00-05:00,0
2025-11-06 05:08:00+00:00,SELL,MEC-A,2025-11-06 00:08:00-05:00,0
2025-11-06 05:22:00+00:00,BUY,MEC-A,2025-11-06 00:22:00-05:00,0
2025-11-06 05:23:00+00:00,BUY,MEC-A,2025-11-06 00:23:00-05:00,0
2025-11-06 05:28:00+00:00,BUY,MEC-A,2025-11-06 00:28:00-05:00,0
2025-11-06 05:30:00+00:00,SELL,MEC-A,2025-11-06 00:30:00-05:00,0
2025-11-06 05:32:00+00:00,SELL,MEC-A,2025-11-06 00:32:00-05:00,0
2025-11-06 05:36:00+00:00,SELL,MEC-A,2025-11-06 00:36:00-05:00,0
2025-11-06 05:37:00+00:00,SELL,MEC-A,2025-11-06 00:37:00-05:00,0
2025-11-06 05:41:00+00:00,SELL,MEC-A,2025-11-06 00:41:00-05:00,0
2025-11-06 06:00:00+00:00,SELL,MEC-A,2025-11-06 01:00:00-05:00,1
2025-11-06 06:07:00+00:00,SELL,MEC-A,2025-11-06 01:07:00-05:00,1
2025-11-06 06:12:00+00:00,BUY,MEC-A,2025-11-06 01:12:00-05:00,1
2025-11-06 06:25:00+00:00,BUY,MEC-A,2025-11-06 01:25:00-05:00,1
2025-11-06 06:44:00+00:00,SELL,MEC-A,2025-11-06 01:44:00-05:00,1
2025-11-06 06:46:00+00:00,SELL,MEC-A,2025-11-06 01:46:00-05:00,1
2025-11-06 06:51:00+00:00,BUY,MEC-A,2025-11-06 01:51:00-05:00,1
2025-11-06 06:55:00+00:00,BUY,MEC-A,2025-11-06 01:55:00-05:00,1
2025-11-06 06:59:00+00:00,BUY,MEC-A,2025-11-06 01:59:00-05:00,1
2025-11-06 07:00:00+00:00,BUY,MEC-A,2025-11-06 02:00:00-05:00,2
2025-11-06 07:03:00+00:00,BUY,MEC-A,2025-11-06 02:03:00-05:00,2
2025-11-06 07:14:00+00:00,BUY,MEC-A,2025-11-06 02:14:00-05:00,2
2025-11-06 07:16:00+00:00,BUY,MEC-A,2025-11-06 02:16:00-05:00,2
2025-11-06 07:19:00+00:00,BUY,MEC-A,2025-11-06 02:19:00-05:00,2
2025-11-06 07:20:00+00:00,BUY,MEC-A,2025-11-06 02:20:00-05:00,2
2025-11-06 07:28:00+00:00,SELL,MEC-A,2025-11-06 02:28:00-05:00,2
2025-11-06 07:29:00+00:00,SELL,MEC-A,2025-11-06 02:29:00-05:00,2
2025-11-06 07:32:00+00:00,SELL,MEC-A,2025-11-06 02:32:00-05:00,2
2025-11-06 07:38:00+00:00,BUY,MEC-A,2025-11-06 02:38:00-05:00,2
2025-11-06 07:47:00+00:00,BUY,MEC-A,2025-11-06 02:47:00-05:00,2
2025-11-06 08:05:00+00:00,BUY,MEC-A,2025-11-06 03:05:00-05:00,3
2025-11-06 08:13:00+00:00,BUY,MEC-A,2025-11-06 03:13:00-05:00,3
2025-11-06 08:17:00+00:00,BUY,MEC-A,2025-11-06 03:17:00-05:00,3
2025-11-06 08:22:00+00:00,BUY,MEC-A,2025-11-06 03:22:00-05:00,3
2025-11-06 08:24:00+00:00,BUY,MEC-A,2025-11-06 03:24:00-05:00,3
2025-11-06 08:27:00+00:00,BUY,MEC-A,2025-11-06 03:27:00-05:00,3
2025-11-06 08:28:00+00:00,BUY,MEC-A,2025-11-06 03:28:00-05:00,3
2025-11-06 08:36:00+00:00,BUY,MEC-A,2025-11-06 03:36:00-05:00,3
2025-11-06 08:53:00+00:00,BUY,MEC-A,2025-11-06 03:53:00-05:00,3
2025-11-06 08:56:00+00:00,BUY,MEC-A,2025-11-06 03:56:00-05:00,3
2025-11-06 08:57:00+00:00,BUY,MEC-A,2025-11-06 03:57:00-05:00,3
2025-11-06 09:18:00+00:00,SELL,MEC-A,2025-11-06 04:18:00-05:00,4
2025-11-06 09:48:00+00:00,SELL,MEC-A,2025-11-06 04:48:00-05:00,4
2025-11-06 09:50:00+00:00,SELL,MEC-A,2025-11-06 04:50:00-05:00,4
2025-11-06 09:53:00+00:00,SELL,MEC-A,2025-11-06 04:53:00-05:00,4
2025-11-06 10:03:00+00:00,SELL,MEC-A,2025-11-06 05:03:00-05:00,5
2025-11-06 10:07:00+00:00,SELL,MEC-A,2025-11-06 05:07:00-05:00,5
2025-11-06 10:09:00+00:00,SELL,MEC-A,2025-11-06 05:09:00-05:00,5
2025-11-06 10:16:00+00:00,SELL,MEC-A,2025-11-06 05:16:00-05:00,5
2025-11-06 10:18:00+00:00,SELL,MEC-A,2025-11-06 05:18:00-05:00,5
2025-11-06 10:19:00+00:00,SELL,MEC-A,2025-11-06 05:19:00-05:00,5
2025-11-06 10:20:00+00:00,SELL,MEC-A,2025-11-06 05:20:00-05:00,5
2025-11-06 10:21:00+00:00,SELL,MEC-A,2025-11-06 05:21:00-05:00,5
2025-11-06 10:23:00+00:00,SELL,MEC-A,2025-11-06 05:23:00-05:00,5
2025-11-06 10:30:00+00:00,SELL,MEC-A,2025-11-06 05:30:00-05:00,5
2025-11-06 10:38:00+00:00,SELL,MEC-A,2025-11-06 05:38:00-05:00,5
2025-11-06 10:42:00+00:00,BUY,MEC-A,2025-11-06 05:42:00-05:00,5
2025-11-06 10:53:00+00:00,BUY,MEC-A,2025-11-06 05:53:00-05:00,5
2025-11-06 10:54:00+00:00,BUY,MEC-A,2025-11-06 05:54:00-05:00,5
2025-11-06 10:55:00+00:00,BUY,MEC-A,2025-11-06 05:55:00-05:00,5
2025-11-06 11:02:00+00:00,BUY,MEC-A,2025-11-06 06:02:00-05:00,6
2025-11-06 11:30:00+00:00,BUY,MEC-A,2025-11-06 06:30:00-05:00,6
2025-11-06 11:31:00+00:00,BUY,MEC-A,2025-11-06 06:31:00-05:00,6
2025-11-06 11:35:00+00:00,BUY,MEC-A,2025-11-06 06:35:00-05:00,6
2025-11-06 11:37:00+00:00,BUY,MEC-A,2025-11-06 06:37:00-05:00,6
2025-11-06 11:42:00+00:00,BUY,MEC-A,2025-11-06 06:42:00-05:00,6
2025-11-06 11:50:00+00:00,BUY,MEC-A,2025-11-06 06:50:00-05:00,6
2025-11-06 11:51:00+00:00,BUY,MEC-A,2025-11-06 06:51:00-05:00,6
2025-11-06 11:55:00+00:00,BUY,MEC-A,2025-11-06 06:55:00-05:00,6
2025-11-06 11:58:00+00:00,BUY,MEC-A,2025-11-06 06:58:00-05:00,6
2025-11-06 12:00:00+00:00,BUY,MEC-A,2025-11-06 07:00:00-05:00,7
2025-11-06 12:09:00+00:00,SELL,MEC-A,2025-11-06 07:09:00-05:00,7
2025-11-06 12:11:00+00:00,SELL,MEC-A,2025-11-06 07:11:00-05:00,7
2025-11-06 12:14:00+00:00,SELL,MEC-A,2025-11-06 07:14:00-05:00,7
2025-11-06 12:20:00+00:00,SELL,MEC-A,2025-11-06 07:20:00-05:00,7
2025-11-06 12:21:00+00:00,SELL,MEC-A,2025-11-06 07:21:00-05:00,7
2025-11-06 12:22:00+00:00,SELL,MEC-A,2025-11-06 07:22:00-05:00,7
2025-11-06 12:27:00+00:00,SELL,MEC-A,2025-11-06 07:27:00-05:00,7
2025-11-06 12:29:00+00:00,SELL,MEC-A,2025-11-06 07:29:00-05:00,7
2025-11-06 12:31:00+00:00,SELL,MEC-A,2025-11-06 07:31:00-05:00,7
2025-11-06 12:33:00+00:00,SELL,MEC-A,2025-11-06 07:33:00-05:00,7
2025-11-06 12:36:00+00:00,SELL,MEC-A,2025-11-06 07:36:00-05:00,7
2025-11-06 12:37:00+00:00,SELL,MEC-A,2025-11-06 07:37:00-05:00,7
2025-11-06 12:38:00+00:00,SELL,MEC-A,2025-11-06 07:38:00-05:00,7
2025-11-06 12:41:00+00:00,SELL,MEC-A,2025-11-06 07:41:00-05:00,7
2025-11-06 12:47:00+00:00,SELL,MEC-A,2025-11-06 07:47:00-05:00,7
2025-11-06 12:48:00+00:00,SELL,MEC-A,2025-11-06 07:48:00-05:00,7
2025-11-06 12:52:00+00:00,SELL,MEC-A,2025-11-06 07:52:00-05:00,7
2025-11-06 12:56:00+00:00,SELL,MEC-A,2025-11-06 07:56:00-05:00,7
2025-11-06 12:58:00+00:00,SELL,MEC-A,2025-11-06 07:58:00-05:00,7
2025-11-06 12:59:00+00:00,SELL,MEC-A,2025-11-06 07:59:00-05:00,7
2025-11-06 14:10:00+00:00,SELL,MEC-A,2025-11-06 09:10:00-05:00,9
2025-11-06 14:11:00+00:00,SELL,MEC-A,2025-11-06 09:11:00-05:00,9
2025-11-06 14:16:00+00:00,SELL,MEC-A,2025-11-06 09:16:00-05:00,9
2025-11-06 14:18:00+00:00,SELL,MEC-A,2025-11-06 09:18:00-05:00,9
2025-11-06 14:20:00+00:00,SELL,MEC-A,2025-11-06 09:20:00-05:00,9
2025-11-06 14:24:00+00:00,SELL,MEC-A,2025-11-06 09:24:00-05:00,9
2025-11-06 14:28:00+00:00,SELL,MEC-A,2025-11-06 09:28:00-05:00,9
2025-11-06 14:34:00+00:00,BUY,MEC-A,2025-11-06 09:34:00-05:00,9
2025-11-06 14:35:00+00:00,BUY,MEC-A,2025-11-06 09:35:00-05:00,9
2025-11-06 14:38:00+00:00,BUY,MEC-A,2025-11-06 09:38:00-05:00,9
2025-11-06 14:56:00+00:00,SELL,MEC-A,2025-11-06 09:56:00-05:00,9
2025-11-06 15:00:00+00:00,SELL,MEC-A,2025-11-06 10:00:00-05:00,10
2025-11-06 15:02:00+00:00,SELL,MEC-A,2025-11-06 10:02:00-05:00,10
2025-11-06 15:04:00+00:00,SELL,MEC-A,2025-11-06 10:04:00-05:00,10
2025-11-06 15:07:00+00:00,SELL,MEC-A,2025-11-06 10:07:00-05:00,10
2025-11-06 15:09:00+00:00,SELL,MEC-A,2025-11-06 10:09:00-05:00,10
2025-11-06 15:12:00+00:00,SELL,MEC-A,2025-11-06 10:12:00-05:00,10
2025-11-06 15:14:00+00:00,SELL,MEC-A,2025-11-06 10:14:00-05:00,10
2025-11-06 15:18:00+00:00,BUY,MEC-A,2025-11-06 10:18:00-05:00,10
2025-11-06 15:20:00+00:00,BUY,MEC-A,2025-11-06 10:20:00-05:00,10
2025-11-06 15:23:00+00:00,BUY,MEC-A,2025-11-06 10:23:00-05:00,10
2025-11-06 15:37:00+00:00,SELL,MEC-A,2025-11-06 10:37:00-05:00,10
2025-11-06 15:44:00+00:00,SELL,MEC-A,2025-11-06 10:44:00-05:00,10
2025-11-06 15:47:00+00:00,SELL,MEC-A,2025-11-06 10:47:00-05:00,10
2025-11-06 16:01:00+00:00,BUY,MEC-A,2025-11-06 11:01:00-05:00,11
2025-11-06 16:04:00+00:00,BUY,MEC-A,2025-11-06 11:04:00-05:00,11
2025-11-06 16:08:00+00:00,BUY,MEC-A,2025-11-06 11:08:00-05:00,11
2025-11-06 16:17:00+00:00,SELL,MEC-A,2025-11-06 11:17:00-05:00,11
2025-11-06 16:22:00+00:00,SELL,MEC-A,2025-11-06 11:22:00-05:00,11
2025-11-06 16:34:00+00:00,SELL,MEC-A,2025-11-06 11:34:00-05:00,11
2025-11-06 16:41:00+00:00,SELL,MEC-A,2025-11-06 11:41:00-05:00,11
2025-11-06 16:43:00+00:00,SELL,MEC-A,2025-11-06 11:43:00-05:00,11
2025-11-06 17:02:00+00:00,BUY,MEC-A,2025-11-06 12:02:00-05:00,12
2025-11-06 17:05:00+00:00,BUY,MEC-A,2025-11-06 12:05:00-05:00,12
2025-11-06 17:14:00+00:00,SELL,MEC-A,2025-11-06 12:14:00-05:00,12
2025-11-06 17:15:00+00:00,SELL,MEC-A,2025-11-06 12:15:00-05:00,12
2025-11-06 17:16:00+00:00,SELL,MEC-A,2025-11-06 12:16:00-05:00,12
2025-11-06 17:20:00+00:00,SELL,MEC-A,2025-11-06 12:20:00-05:00,12
2025-11-06 17:21:00+00:00,SELL,MEC-A,2025-11-06 12:21:00-05:00,12
2025-11-06 17:23:00+00:00,SELL,MEC-A,2025-11-06 12:23:00-05:00,12
2025-11-06 17:37:00+00:00,SELL,MEC-A,2025-11-06 12:37:00-05:00,12
2025-11-06 17:52:00+00:00,BUY,MEC-A,2025-11-06 12:52:00-05:00,12
2025-11-06 17:55:00+00:00,BUY,MEC-A,2025-11-06 12:55:00-05:00,12
2025-11-06 17:58:00+00:00,BUY,MEC-A,2025-11-06 12:58:00-05:00,12
2025-11-06 18:02:00+00:00,BUY,MEC-A,2025-11-06 13:02:00-05:00,13
2025-11-06 18:20:00+00:00,BUY,MEC-A,2025-11-06 13:20:00-05:00,13
2025-11-06 18:23:00+00:00,BUY,MEC-A,2025-11-06 13:23:00-05:00,13
2025-11-06 18:39:00+00:00,BUY,MEC-A,2025-11-06 13:39:00-05:00,13
2025-11-06 18:42:00+00:00,BUY,MEC-A,2025-11-06 13:42:00-05:00,13
2025-11-06 19:10:00+00:00,BUY,MEC-A,2025-11-06 14:10:00-05:00,14
2025-11-06 19:11:00+00:00,BUY,MEC-A,2025-11-06 14:11:00-05:00,14
2025-11-06 19:12:00+00:00,BUY,MEC-A,2025-11-06 14:12:00-05:00,14
2025-11-06 19:16:00+00:00,BUY,MEC-A,2025-11-06 14:16:00-05:00,14
2025-11-06 19:19:00+00:00,BUY,MEC-A,2025-11-06 14:19:00-05:00,14
2025-11-06 19:22:00+00:00,BUY,MEC-A,2025-11-06 14:22:00-05:00,14
2025-11-06 19:27:00+00:00,SELL,MEC-A,2025-11-06 14:27:00-05:00,14
2025-11-06 19:30:00+00:00,SELL,MEC-A,2025-11-06 14:30:00-05:00,14
2025-11-06 19:34:00+00:00,SELL,MEC-A,2025-11-06 14:34:00-05:00,14
2025-11-06 19:35:00+00:00,SELL,MEC-A,2025-11-06 14:35:00-05:00,14
2025-11-06 19:41:00+00:00,SELL,MEC-A,2025-11-06 14:41:00-05:00,14
2025-11-06 19:42:00+00:00,SELL,MEC-A,2025-11-06 14:42:00-05:00,14
2025-11-06 19:44:00+00:00,SELL,MEC-A,2025-11-06 14:44:00-05:00,14
2025-11-06 19:46:00+00:00,SELL,MEC-A,2025-11-06 14:46:00-05:00,14
2025-11-06 19:47:00+00:00,SELL,MEC-A,2025-11-06 14:47:00-05:00,14
2025-11-06 19:49:00+00:00,SELL,MEC-A,2025-11-06 14:49:00-05:00,14
2025-11-06 19:52:00+00:00,SELL,MEC-A,2025-11-06 14:52:00-05:00,14
2025-11-06 19:54:00+00:00,SELL,MEC-A,2025-11-06 14:54:00-05:00,14
2025-11-06 19:59:00+00:00,SELL,MEC-A,2025-11-06 14:59:00-05:00,14
2025-11-06 20:02:00+00:00,SELL,MEC-A,2025-11-06 15:02:00-05:00,15
2025-11-06 20:04:00+00:00,SELL,MEC-A,2025-11-06 15:04:00-05:00,15
2025-11-06 20:07:00+00:00,SELL,MEC-A,2025-11-06 15:07:00-05:00,15
2025-11-06 20:09:00+00:00,BUY,MEC-A,2025-11-06 15:09:00-05:00,15
2025-11-06 20:12:00+00:00,SELL,MEC-A,2025-11-06 15:12:00-05:00,15
2025-11-06 20:15:00+00:00,SELL,MEC-A,2025-11-06 15:15:00-05:00,15
2025-11-06 20:16:00+00:00,SELL,MEC-A,2025-11-06 15:16:00-05:00,15
2025-11-06 20:20:00+00:00,SELL,MEC-A,2025-11-06 15:20:00-05:00,15
2025-11-06 20:23:00+00:00,SELL,MEC-A,2025-11-06 15:23:00-05:00,15
2025-11-06 20:27:00+00:00,SELL,MEC-A,2025-11-06 15:27:00-05:00,15
2025-11-06 20:29:00+00:00,SELL,MEC-A,2025-11-06 15:29:00-05:00,15
2025-11-06 20:33:00+00:00,BUY,MEC-A,2025-11-06 15:33:00-05:00,15
2025-11-06 20:34:00+00:00,BUY,MEC-A,2025-11-06 15:34:00-05:00,15
2025-11-06 20:40:00+00:00,BUY,MEC-A,2025-11-06 15:40:00-05:00,15
2025-11-06 20:43:00+00:00,SELL,MEC-A,2025-11-06 15:43:00-05:00,15
2025-11-06 20:45:00+00:00,SELL,MEC-A,2025-11-06 15:45:00-05:00,15
2025-11-06 20:49:00+00:00,SELL,MEC-A,2025-11-06 15:49:00-05:00,15
2025-11-06 20:56:00+00:00,SELL,MEC-A,2025-11-06 15:56:00-05:00,15
2025-11-06 20:58:00+00:00,SELL,MEC-A,2025-11-06 15:58:00-05:00,15
2025-11-06 21:02:00+00:00,SELL,MEC-A,2025-11-06 16:02:00-05:00,16
2025-11-06 21:05:00+00:00,SELL,MEC-A,2025-11-06 16:05:00-05:00,16
2025-11-06 21:11:00+00:00,SELL,MEC-A,2025-11-06 16:11:00-05:00,16
2025-11-06 21:14:00+00:00,BUY,MEC-A,2025-11-06 16:14:00-05:00,16
2025-11-06 21:20:00+00:00,SELL,MEC-A,2025-11-06 16:20:00-05:00,16
2025-11-06 21:22:00+00:00,SELL,MEC-A,2025-11-06 16:22:00-05:00,16
2025-11-06 21:48:00+00:00,SELL,MEC-A,2025-11-06 16:48:00-05:00,16
2025-11-06 21:54:00+00:00,SELL,MEC-A,2025-11-06 16:54:00-05:00,16
2025-11-07 02:14:00+00:00,SELL,MEC-A,2025-11-06 21:14:00-05:00,21
2025-11-07 02:16:00+00:00,SELL,MEC-A,2025-11-06 21:16:00-05:00,21
2025-11-07 02:20:00+00:00,SELL,MEC-A,2025-11-06 21:20:00-05:00,21
2025-11-07 02:28:00+00:00,SELL,MEC-A,2025-11-06 21:28:00-05:00,21
2025-11-07 02:29:00+00:00,SELL,MEC-A,2025-11-06 21:29:00-05:00,21
2025-11-07 02:30:00+00:00,SELL,MEC-A,2025-11-06 21:30:00-05:00,21
2025-11-07 02:31:00+00:00,SELL,MEC-A,2025-11-06 21:31:00-05:00,21
2025-11-07 02:34:00+00:00,SELL,MEC-A,2025-11-06 21:34:00-05:00,21
2025-11-07 02:38:00+00:00,BUY,MEC-A,2025-11-06 21:38:00-05:00,21
2025-11-07 03:04:00+00:00,SELL,MEC-A,2025-11-06 22:04:00-05:00,22
2025-11-07 03:06:00+00:00,SELL,MEC-A,2025-11-06 22:06:00-05:00,22
2025-11-07 03:08:00+00:00,SELL,MEC-A,2025-11-06 22:08:00-05:00,22
2025-11-07 03:09:00+00:00,SELL,MEC-A,2025-11-06 22:09:00-05:00,22
2025-11-07 03:10:00+00:00,SELL,MEC-A,2025-11-06 22:10:00-05:00,22
2025-11-07 03:12:00+00:00,SELL,MEC-A,2025-11-06 22:12:00-05:00,22
2025-11-07 03:17:00+00:00,SELL,MEC-A,2025-11-06 22:17:00-05:00,22
2025-11-07 03:18:00+00:00,SELL,MEC-A,2025-11-06 22:18:00-05:00,22
2025-11-07 03:19:00+00:00,SELL,MEC-A,2025-11-06 22:19:00-05:00,22
2025-11-07 03:20:00+00:00,SELL,MEC-A,2025-11-06 22:20:00-05:00,22
2025-11-07 03:27:00+00:00,BUY,MEC-A,2025-11-06 22:27:00-05:00,22
2025-11-07 03:37:00+00:00,BUY,MEC-A,2025-11-06 22:37:00-05:00,22
2025-11-07 03:41:00+00:00,BUY,MEC-A,2025-11-06 22:41:00-05:00,22
2025-11-07 03:42:00+00:00,BUY,MEC-A,2025-11-06 22:42:00-05:00,22
2025-11-07 03:49:00+00:00,BUY,MEC-A,2025-11-06 22:49:00-05:00,22
2025-11-07 03:54:00+00:00,SELL,MEC-A,2025-11-06 22:54:00-05:00,22
2025-11-07 03:56:00+00:00,SELL,MEC-A,2025-11-06 22:56:00-05:00,22
2025-11-07 04:01:00+00:00,SELL,MEC-A,2025-11-06 23:01:00-05:00,23
2025-11-07 04:02:00+00:00,SELL,MEC-A,2025-11-06 23:02:00-05:00,23
2025-11-07 04:03:00+00:00,SELL,MEC-A,2025-11-06 23:03:00-05:00,23
2025-11-07 04:05:00+00:00,BUY,MEC-A,2025-11-06 23:05:00-05:00,23
2025-11-07 04:12:00+00:00,BUY,MEC-A,2025-11-06 23:12:00-05:00,23
2025-11-07 04:18:00+00:00,BUY,MEC-A,2025-11-06 23:18:00-05:00,23
2025-11-07 04:19:00+00:00,BUY,MEC-A,2025-11-06 23:19:00-05:00,23
2025-11-07 04:20:00+00:00,BUY,MEC-A,2025-11-06 23:20:00-05:00,23
2025-11-07 04:21:00+00:00,BUY,MEC-A,2025-11-06 23:21:00-05:00,23
2025-11-07 04:28:00+00:00,BUY,MEC-A,2025-11-06 23:28:00-05:00,23
2025-11-07 04:29:00+00:00,BUY,MEC-A,2025-11-06 23:29:00-05:00,23
2025-11-07 04:36:00+00:00,SELL,MEC-A,2025-11-06 23:36:00-05:00,23
2025-11-07 04:50:00+00:00,BUY,MEC-A,2025-11-06 23:50:00-05:00,23
2025-11-07 04:51:00+00:00,BUY,MEC-A,2025-11-06 23:51:00-05:00,23
2025-11-07 04:53:00+00:00,BUY,MEC-A,2025-11-06 23:53:00-05:00,23
2025-11-07 04:57:00+00:00,BUY,MEC-A,2025-11-06 23:57:00-05:00,23
2025-11-07 04:58:00+00:00,BUY,MEC-A,2025-11-06 23:58:00-05:00,23
2025-11-07 05:01:00+00:00,BUY,MEC-A,2025-11-07 00:01:00-05:00,0
2025-11-07 05:04:00+00:00,BUY,MEC-A,2025-11-07 00:04:00-05:00,0
2025-11-07 05:15:00+00:00,SELL,MEC-A,2025-11-07 00:15:00-05:00,0
2025-11-07 05:16:00+00:00,SELL,MEC-A,2025-11-07 00:16:00-05:00,0
2025-11-07 05:21:00+00:00,SELL,MEC-A,2025-11-07 00:21:00-05:00,0
2025-11-07 05:22:00+00:00,SELL,MEC-A,2025-11-07 00:22:00-05:00,0
2025-11-07 05:23:00+00:00,SELL,MEC-A,2025-11-07 00:23:00-05:00,0
2025-11-07 05:24:00+00:00,SELL,MEC-A,2025-11-07 00:24:00-05:00,0
2025-11-07 05:38:00+00:00,BUY,MEC-A,2025-11-07 00:38:00-05:00,0
2025-11-07 05:47:00+00:00,BUY,MEC-A,2025-11-07 00:47:00-05:00,0
2025-11-07 05:50:00+00:00,BUY,MEC-A,2025-11-07 00:50:00-05:00,0
2025-11-07 05:54:00+00:00,SELL,MEC-A,2025-11-07 00:54:00-05:00,0
2025-11-07 06:00:00+00:00,SELL,MEC-A,2025-11-07 01:00:00-05:00,1
2025-11-07 06:04:00+00:00,SELL,MEC-A,2025-11-07 01:04:00-05:00,1
2025-11-07 06:17:00+00:00,BUY,MEC-A,2025-11-07 01:17:00-05:00,1
2025-11-07 06:22:00+00:00,BUY,MEC-A,2025-11-07 01:22:00-05:00,1
2025-11-07 06:23:00+00:00,BUY,MEC-A,2025-11-07 01:23:00-05:00,1
2025-11-07 06:27:00+00:00,BUY,MEC-A,2025-11-07 01:27:00-05:00,1
2025-11-07 06:29:00+00:00,BUY,MEC-A,2025-11-07 01:29:00-05:00,1
2025-11-07 06:31:00+00:00,BUY,MEC-A,2025-11-07 01:31:00-05:00,1
2025-11-07 06:32:00+00:00,BUY,MEC-A,2025-11-07 01:32:00-05:00,1
2025-11-07 06:33:00+00:00,BUY,MEC-A,2025-11-07 01:33:00-05:00,1
2025-11-07 06:38:00+00:00,BUY,MEC-A,2025-11-07 01:38:00-05:00,1
2025-11-07 06:40:00+00:00,BUY,MEC-A,2025-11-07 01:40:00-05:00,1
2025-11-07 06:41:00+00:00,BUY,MEC-A,2025-11-07 01:41:00-05:00,1
2025-11-07 06:46:00+00:00,BUY,MEC-A,2025-11-07 01:46:00-05:00,1
2025-11-07 06:48:00+00:00,BUY,MEC-A,2025-11-07 01:48:00-05:00,1
2025-11-07 06:50:00+00:00,BUY,MEC-A,2025-11-07 01:50:00-05:00,1
2025-11-07 06:53:00+00:00,BUY,MEC-A,2025-11-07 01:53:00-05:00,1
2025-11-07 07:00:00+00:00,BUY,MEC-A,2025-11-07 02:00:00-05:00,2
2025-11-07 07:13:00+00:00,BUY,MEC-A,2025-11-07 02:13:00-05:00,2
2025-11-07 07:15:00+00:00,BUY,MEC-A,2025-11-07 02:15:00-05:00,2
2025-11-07 07:17:00+00:00,BUY,MEC-A,2025-11-07 02:17:00-05:00,2
2025-11-07 07:19:00+00:00,BUY,MEC-A,2025-11-07 02:19:00-05:00,2
2025-11-07 07:25:00+00:00,SELL,MEC-A,2025-11-07 02:25:00-05:00,2
2025-11-07 07:26:00+00:00,SELL,MEC-A,2025-11-07 02:26:00-05:00,2
2025-11-07 07:29:00+00:00,SELL,MEC-A,2025-11-07 02:29:00-05:00,2
2025-11-07 07:33:00+00:00,SELL,MEC-A,2025-11-07 02:33:00-05:00,2
2025-11-07 07:38:00+00:00,SELL,MEC-A,2025-11-07 02:38:00-05:00,2
2025-11-07 07:40:00+00:00,SELL,MEC-A,2025-11-07 02:40:00-05:00,2
2025-11-07 07:42:00+00:00,SELL,MEC-A,2025-11-07 02:42:00-05:00,2
2025-11-07 07:46:00+00:00,SELL,MEC-A,2025-11-07 02:46:00-05:00,2
2025-11-07 07:49:00+00:00,SELL,MEC-A,2025-11-07 02:49:00-05:00,2
2025-11-07 07:55:00+00:00,BUY,MEC-A,2025-11-07 02:55:00-05:00,2
2025-11-07 07:57:00+00:00,BUY,MEC-A,2025-11-07 02:57:00-05:00,2
2025-11-07 07:59:00+00:00,BUY,MEC-A,2025-11-07 02:59:00-05:00,2
2025-11-07 08:01:00+00:00,BUY,MEC-A,2025-11-07 03:01:00-05:00,3
2025-11-07 08:05:00+00:00,BUY,MEC-A,2025-11-07 03:05:00-05:00,3
2025-11-07 08:07:00+00:00,BUY,MEC-A,2025-11-07 03:07:00-05:00,3
2025-11-07 08:10:00+00:00,BUY,MEC-A,2025-11-07 03:10:00-05:00,3
2025-11-07 08:31:00+00:00,SELL,MEC-A,2025-11-07 03:31:00-05:00,3
2025-11-07 08:33:00+00:00,BUY,MEC-A,2025-11-07 03:33:00-05:00,3
2025-11-07 08:38:00+00:00,BUY,MEC-A,2025-11-07 03:38:00-05:00,3
2025-11-07 08:40:00+00:00,BUY,MEC-A,2025-11-07 03:40:00-05:00,3
2025-11-07 08:44:00+00:00,SELL,MEC-A,2025-11-07 03:44:00-05:00,3
2025-11-07 08:59:00+00:00,BUY,MEC-A,2025-11-07 03:59:00-05:00,3
2025-11-07 09:00:00+00:00,BUY,MEC-A,2025-11-07 04:00:00-05:00,4
2025-11-07 09:07:00+00:00,BUY,MEC-A,2025-11-07 04:07:00-05:00,4
2025-11-07 09:13:00+00:00,BUY,MEC-A,2025-11-07 04:13:00-05:00,4
2025-11-07 09:14:00+00:00,BUY,MEC-A,2025-11-07 04:14:00-05:00,4
2025-11-07 09:15:00+00:00,BUY,MEC-A,2025-11-07 04:15:00-05:00,4
2025-11-07 09:30:00+00:00,BUY,MEC-A,2025-11-07 04:30:00-05:00,4
2025-11-07 09:33:00+00:00,SELL,MEC-A,2025-11-07 04:33:00-05:00,4
2025-11-07 09:39:00+00:00,SELL,MEC-A,2025-11-07 04:39:00-05:00,4
2025-11-07 09:40:00+00:00,SELL,MEC-A,2025-11-07 04:40:00-05:00,4
2025-11-07 09:45:00+00:00,SELL,MEC-A,2025-11-07 04:45:00-05:00,4
2025-11-07 09:47:00+00:00,BUY,MEC-A,2025-11-07 04:47:00-05:00,4
2025-11-07 09:48:00+00:00,BUY,MEC-A,2025-11-07 04:48:00-05:00,4
2025-11-07 09:51:00+00:00,BUY,MEC-A,2025-11-07 04:51:00-05:00,4
2025-11-07 10:02:00+00:00,BUY,MEC-A,2025-11-07 05:02:00-05:00,5
2025-11-07 10:10:00+00:00,BUY,MEC-A,2025-11-07 05:10:00-05:00,5
2025-11-07 10:12:00+00:00,BUY,MEC-A,2025-11-07 05:12:00-05:00,5
2025-11-07 10:14:00+00:00,SELL,MEC-A,2025-11-07 05:14:00-05:00,5
2025-11-07 10:15:00+00:00,SELL,MEC-A,2025-11-07 05:15:00-05:00,5
2025-11-07 10:16:00+00:00,SELL,MEC-A,2025-11-07 05:16:00-05:00,5
2025-11-07 10:24:00+00:00,BUY,MEC-A,2025-11-07 05:24:00-05:00,5
2025-11-07 10:50:00+00:00,BUY,MEC-A,2025-11-07 05:50:00-05:00,5
2025-11-07 10:51:00+00:00,BUY,MEC-A,2025-11-07 05:51:00-05:00,5
2025-11-07 10:53:00+00:00,BUY,MEC-A,2025-11-07 05:53:00-05:00,5
2025-11-07 10:54:00+00:00,BUY,MEC-A,2025-11-07 05:54:00-05:00,5
2025-11-07 10:55:00+00:00,BUY,MEC-A,2025-11-07 05:55:00-05:00,5
2025-11-07 11:00:00+00:00,BUY,MEC-A,2025-11-07 06:00:00-05:00,6
2025-11-07 11:03:00+00:00,BUY,MEC-A,2025-11-07 06:03:00-05:00,6
2025-11-07 11:12:00+00:00,SELL,MEC-A,2025-11-07 06:12:00-05:00,6
2025-11-07 11:13:00+00:00,SELL,MEC-A,2025-11-07 06:13:00-05:00,6
2025-11-07 11:22:00+00:00,SELL,MEC-A,2025-11-07 06:22:00-05:00,6
2025-11-07 11:23:00+00:00,SELL,MEC-A,2025-11-07 06:23:00-05:00,6
2025-11-07 11:27:00+00:00,SELL,MEC-A,2025-11-07 06:27:00-05:00,6
2025-11-07 11:29:00+00:00,SELL,MEC-A,2025-11-07 06:29:00-05:00,6
2025-11-07 11:30:00+00:00,SELL,MEC-A,2025-11-07 06:30:00-05:00,6
2025-11-07 11:37:00+00:00,SELL,MEC-A,2025-11-07 06:37:00-05:00,6
2025-11-07 11:39:00+00:00,SELL,MEC-A,2025-11-07 06:39:00-05:00,6
2025-11-07 11:43:00+00:00,BUY,MEC-A,2025-11-07 06:43:00-05:00,6
2025-11-07 11:45:00+00:00,BUY,MEC-A,2025-11-07 06:45:00-05:00,6
2025-11-07 11:46:00+00:00,BUY,MEC-A,2025-11-07 06:46:00-05:00,6
2025-11-07 11:49:00+00:00,BUY,MEC-A,2025-11-07 06:49:00-05:00,6
2025-11-07 11:51:00+00:00,BUY,MEC-A,2025-11-07 06:51:00-05:00,6
2025-11-07 11:54:00+00:00,BUY,MEC-A,2025-11-07 06:54:00-05:00,6
2025-11-07 11:56:00+00:00,BUY,MEC-A,2025-11-07 06:56:00-05:00,6
2025-11-07 11:57:00+00:00,BUY,MEC-A,2025-11-07 06:57:00-05:00,6
2025-11-07 12:01:00+00:00,BUY,MEC-A,2025-11-07 07:01:00-05:00,7
2025-11-07 12:03:00+00:00,BUY,MEC-A,2025-11-07 07:03:00-05:00,7
2025-11-07 12:05:00+00:00,BUY,MEC-A,2025-11-07 07:05:00-05:00,7
2025-11-07 12:18:00+00:00,BUY,MEC-A,2025-11-07 07:18:00-05:00,7
2025-11-07 12:24:00+00:00,SELL,MEC-A,2025-11-07 07:24:00-05:00,7
2025-11-07 12:28:00+00:00,SELL,MEC-A,2025-11-07 07:28:00-05:00,7
2025-11-07 12:29:00+00:00,SELL,MEC-A,2025-11-07 07:29:00-05:00,7
2025-11-07 12:32:00+00:00,SELL,MEC-A,2025-11-07 07:32:00-05:00,7
2025-11-07 12:35:00+00:00,SELL,MEC-A,2025-11-07 07:35:00-05:00,7
2025-11-07 12:36:00+00:00,SELL,MEC-A,2025-11-07 07:36:00-05:00,7
2025-11-07 12:49:00+00:00,SELL,MEC-A,2025-11-07 07:49:00-05:00,7
2025-11-07 12:53:00+00:00,SELL,MEC-A,2025-11-07 07:53:00-05:00,7
2025-11-07 13:04:00+00:00,BUY,MEC-A,2025-11-07 08:04:00-05:00,8
2025-11-07 13:06:00+00:00,BUY,MEC-A,2025-11-07 08:06:00-05:00,8
2025-11-07 13:07:00+00:00,BUY,MEC-A,2025-11-07 08:07:00-05:00,8
2025-11-07 13:15:00+00:00,BUY,MEC-A,2025-11-07 08:15:00-05:00,8
2025-11-07 13:16:00+00:00,BUY,MEC-A,2025-11-07 08:16:00-05:00,8
2025-11-07 13:20:00+00:00,BUY,MEC-A,2025-11-07 08:20:00-05:00,8
2025-11-07 13:21:00+00:00,BUY,MEC-A,2025-11-07 08:21:00-05:00,8
2025-11-07 13:30:00+00:00,SELL,MEC-A,2025-11-07 08:30:00-05:00,8
2025-11-07 13:32:00+00:00,SELL,MEC-A,2025-11-07 08:32:00-05:00,8
2025-11-07 13:38:00+00:00,SELL,MEC-A,2025-11-07 08:38:00-05:00,8
2025-11-07 13:43:00+00:00,SELL,MEC-A,2025-11-07 08:43:00-05:00,8
2025-11-07 13:50:00+00:00,BUY,MEC-A,2025-11-07 08:50:00-05:00,8
2025-11-07 13:53:00+00:00,BUY,MEC-A,2025-11-07 08:53:00-05:00,8
2025-11-07 13:59:00+00:00,BUY,MEC-A,2025-11-07 08:59:00-05:00,8
2025-11-07 14:00:00+00:00,BUY,MEC-A,2025-11-07 09:00:00-05:00,9
2025-11-07 14:10:00+00:00,BUY,MEC-A,2025-11-07 09:10:00-05:00,9
2025-11-07 14:11:00+00:00,BUY,MEC-A,2025-11-07 09:11:00-05:00,9
2025-11-07 14:13:00+00:00,BUY,MEC-A,2025-11-07 09:13:00-05:00,9
2025-11-07 14:16:00+00:00,BUY,MEC-A,2025-11-07 09:16:00-05:00,9
2025-11-07 14:17:00+00:00,BUY,MEC-A,2025-11-07 09:17:00-05:00,9
2025-11-07 14:19:00+00:00,BUY,MEC-A,2025-11-07 09:19:00-05:00,9
2025-11-07 14:22:00+00:00,BUY,MEC-A,2025-11-07 09:22:00-05:00,9
2025-11-07 14:31:00+00:00,SELL,MEC-A,2025-11-07 09:31:00-05:00,9
2025-11-07 14:34:00+00:00,SELL,MEC-A,2025-11-07 09:34:00-05:00,9
2025-11-07 14:35:00+00:00,SELL,MEC-A,2025-11-07 09:35:00-05:00,9
2025-11-07 14:51:00+00:00,SELL,MEC-A,2025-11-07 09:51:00-05:00,9
2025-11-07 14:56:00+00:00,BUY,MEC-A,2025-11-07 09:56:00-05:00,9
2025-11-07 14:58:00+00:00,BUY,MEC-A,2025-11-07 09:58:00-05:00,9
2025-11-07 15:00:00+00:00,BUY,MEC-A,2025-11-07 10:00:00-05:00,10
2025-11-07 15:01:00+00:00,BUY,MEC-A,2025-11-07 10:01:00-05:00,10
2025-11-07 15:12:00+00:00,SELL,MEC-A,2025-11-07 10:12:00-05:00,10
2025-11-07 15:18:00+00:00,SELL,MEC-A,2025-11-07 10:18:00-05:00,10
2025-11-07 15:21:00+00:00,SELL,MEC-A,2025-11-07 10:21:00-05:00,10
2025-11-07 15:23:00+00:00,SELL,MEC-A,2025-11-07 10:23:00-05:00,10
2025-11-07 15:36:00+00:00,BUY,MEC-A,2025-11-07 10:36:00-05:00,10
2025-11-07 15:38:00+00:00,SELL,MEC-A,2025-11-07 10:38:00-05:00,10
2025-11-07 15:41:00+00:00,SELL,MEC-A,2025-11-07 10:41:00-05:00,10
2025-11-07 15:44:00+00:00,SELL,MEC-A,2025-11-07 10:44:00-05:00,10
2025-11-07 16:03:00+00:00,BUY,MEC-A,2025-11-07 11:03:00-05:00,11
2025-11-07 16:04:00+00:00,BUY,MEC-A,2025-11-07 11:04:00-05:00,11
2025-11-07 16:07:00+00:00,BUY,MEC-A,2025-11-07 11:07:00-05:00,11
2025-11-07 16:09:00+00:00,BUY,MEC-A,2025-11-07 11:09:00-05:00,11
2025-11-07 16:18:00+00:00,BUY,MEC-A,2025-11-07 11:18:00-05:00,11
2025-11-07 16:21:00+00:00,BUY,MEC-A,2025-11-07 11:21:00-05:00,11
2025-11-07 16:22:00+00:00,BUY,MEC-A,2025-11-07 11:22:00-05:00,11
2025-11-07 16:23:00+00:00,BUY,MEC-A,2025-11-07 11:23:00-05:00,11
2025-11-07 16:24:00+00:00,BUY,MEC-A,2025-11-07 11:24:00-05:00,11
2025-11-07 16:25:00+00:00,BUY,MEC-A,2025-11-07 11:25:00-05:00,11
2025-11-07 16:29:00+00:00,BUY,MEC-A,2025-11-07 11:29:00-05:00,11
2025-11-07 16:30:00+00:00,BUY,MEC-A,2025-11-07 11:30:00-05:00,11
2025-11-07 16:31:00+00:00,BUY,MEC-A,2025-11-07 11:31:00-05:00,11
2025-11-07 16:33:00+00:00,BUY,MEC-A,2025-11-07 11:33:00-05:00,11
2025-11-07 16:34:00+00:00,BUY,MEC-A,2025-11-07 11:34:00-05:00,11
2025-11-07 16:36:00+00:00,BUY,MEC-A,2025-11-07 11:36:00-05:00,11
2025-11-07 16:37:00+00:00,BUY,MEC-A,2025-11-07 11:37:00-05:00,11
2025-11-07 16:38:00+00:00,BUY,MEC-A,2025-11-07 11:38:00-05:00,11
2025-11-07 16:47:00+00:00,BUY,MEC-A,2025-11-07 11:47:00-05:00,11
2025-11-07 16:48:00+00:00,BUY,MEC-A,2025-11-07 11:48:00-05:00,11
2025-11-07 17:02:00+00:00,BUY,MEC-A,2025-11-07 12:02:00-05:00,12
2025-11-07 17:06:00+00:00,SELL,MEC-A,2025-11-07 12:06:00-05:00,12
2025-11-07 17:15:00+00:00,SELL,MEC-A,2025-11-07 12:15:00-05:00,12
2025-11-07 17:17:00+00:00,SELL,MEC-A,2025-11-07 12:17:00-05:00,12
2025-11-07 17:24:00+00:00,SELL,MEC-A,2025-11-07 12:24:00-05:00,12
2025-11-07 17:34:00+00:00,SELL,MEC-A,2025-11-07 12:34:00-05:00,12
2025-11-07 17:47:00+00:00,BUY,MEC-A,2025-11-07 12:47:00-05:00,12
2025-11-07 17:51:00+00:00,BUY,MEC-A,2025-11-07 12:51:00-05:00,12
2025-11-07 17:53:00+00:00,BUY,MEC-A,2025-11-07 12:53:00-05:00,12
2025-11-07 17:54:00+00:00,BUY,MEC-A,2025-11-07 12:54:00-05:00,12
2025-11-07 17:55:00+00:00,BUY,MEC-A,2025-11-07 12:55:00-05:00,12
2025-11-07 17:57:00+00:00,BUY,MEC-A,2025-11-07 12:57:00-05:00,12
2025-11-07 18:00:00+00:00,BUY,MEC-A,2025-11-07 13:00:00-05:00,13
2025-11-07 18:08:00+00:00,BUY,MEC-A,2025-11-07 13:08:00-05:00,13
2025-11-07 18:16:00+00:00,BUY,MEC-A,2025-11-07 13:16:00-05:00,13
2025-11-07 18:18:00+00:00,BUY,MEC-A,2025-11-07 13:18:00-05:00,13
2025-11-07 18:20:00+00:00,SELL,MEC-A,2025-11-07 13:20:00-05:00,13
2025-11-07 18:28:00+00:00,SELL,MEC-A,2025-11-07 13:28:00-05:00,13
2025-11-07 18:31:00+00:00,BUY,MEC-A,2025-11-07 13:31:00-05:00,13
2025-11-07 18:40:00+00:00,BUY,MEC-A,2025-11-07 13:40:00-05:00,13
2025-11-07 18:41:00+00:00,BUY,MEC-A,2025-11-07 13:41:00-05:00,13
2025-11-07 18:43:00+00:00,BUY,MEC-A,2025-11-07 13:43:00-05:00,13
2025-11-07 18:46:00+00:00,BUY,MEC-A,2025-11-07 13:46:00-05:00,13
2025-11-07 18:53:00+00:00,BUY,MEC-A,2025-11-07 13:53:00-05:00,13
2025-11-07 18:55:00+00:00,BUY,MEC-A,2025-11-07 13:55:00-05:00,13
2025-11-07 18:58:00+00:00,BUY,MEC-A,2025-11-07 13:58:00-05:00,13
2025-11-07 19:03:00+00:00,BUY,MEC-A,2025-11-07 14:03:00-05:00,14
2025-11-07 19:08:00+00:00,BUY,MEC-A,2025-11-07 14:08:00-05:00,14
2025-11-07 19:14:00+00:00,BUY,MEC-A,2025-11-07 14:14:00-05:00,14
2025-11-07 19:20:00+00:00,BUY,MEC-A,2025-11-07 14:20:00-05:00,14
2025-11-07 19:31:00+00:00,BUY,MEC-A,2025-11-07 14:31:00-05:00,14
2025-11-07 19:35:00+00:00,SELL,MEC-A,2025-11-07 14:35:00-05:00,14
2025-11-07 19:37:00+00:00,SELL,MEC-A,2025-11-07 14:37:00-05:00,14
2025-11-07 19:41:00+00:00,SELL,MEC-A,2025-11-07 14:41:00-05:00,14
2025-11-07 19:42:00+00:00,SELL,MEC-A,2025-11-07 14:42:00-05:00,14
2025-11-07 19:44:00+00:00,SELL,MEC-A,2025-11-07 14:44:00-05:00,14
2025-11-07 19:49:00+00:00,SELL,MEC-A,2025-11-07 14:49:00-05:00,14
2025-11-07 20:00:00+00:00,SELL,MEC-A,2025-11-07 15:00:00-05:00,15
2025-11-07 20:01:00+00:00,SELL,MEC-A,2025-11-07 15:01:00-05:00,15
2025-11-07 20:03:00+00:00,SELL,MEC-A,2025-11-07 15:03:00-05:00,15
2025-11-07 20:06:00+00:00,SELL,MEC-A,2025-11-07 15:06:00-05:00,15
2025-11-07 20:09:00+00:00,SELL,MEC-A,2025-11-07 15:09:00-05:00,15
2025-11-07 20:10:00+00:00,SELL,MEC-A,2025-11-07 15:10:00-05:00,15
2025-11-07 20:13:00+00:00,SELL,MEC-A,2025-11-07 15:13:00-05:00,15
2025-11-07 20:16:00+00:00,SELL,MEC-A,2025-11-07 15:16:00-05:00,15
2025-11-07 20:17:00+00:00,SELL,MEC-A,2025-11-07 15:17:00-05:00,15
2025-11-07 20:18:00+00:00,SELL,MEC-A,2025-11-07 15:18:00-05:00,15
2025-11-07 20:20:00+00:00,SELL,MEC-A,2025-11-07 15:20:00-05:00,15
2025-11-07 20:25:00+00:00,SELL,MEC-A,2025-11-07 15:25:00-05:00,15
2025-11-07 20:27:00+00:00,BUY,MEC-A,2025-11-07 15:27:00-05:00,15
2025-11-07 20:28:00+00:00,BUY,MEC-A,2025-11-07 15:28:00-05:00,15
2025-11-07 20:35:00+00:00,BUY,MEC-A,2025-11-07 15:35:00-05:00,15
2025-11-07 20:36:00+00:00,BUY,MEC-A,2025-11-07 15:36:00-05:00,15
2025-11-07 20:39:00+00:00,BUY,MEC-A,2025-11-07 15:39:00-05:00,15
2025-11-07 20:43:00+00:00,BUY,MEC-A,2025-11-07 15:43:00-05:00,15
2025-11-07 20:50:00+00:00,BUY,MEC-A,2025-11-07 15:50:00-05:00,15
2025-11-07 20:54:00+00:00,BUY,MEC-A,2025-11-07 15:54:00-05:00,15
2025-11-07 20:55:00+00:00,BUY,MEC-A,2025-11-07 15:55:00-05:00,15
2025-11-07 20:56:00+00:00,BUY,MEC-A,2025-11-07 15:56:00-05:00,15
2025-11-07 20:57:00+00:00,BUY,MEC-A,2025-11-07 15:57:00-05:00,15
2025-11-07 21:00:00+00:00,BUY,MEC-A,2025-11-07 16:00:00-05:00,16
2025-11-07 21:16:00+00:00,SELL,MEC-A,2025-11-07 16:16:00-05:00,16
2025-11-07 21:19:00+00:00,SELL,MEC-A,2025-11-07 16:19:00-05:00,16
2025-11-07 21:20:00+00:00,SELL,MEC-A,2025-11-07 16:20:00-05:00,16
2025-11-07 21:23:00+00:00,SELL,MEC-A,2025-11-07 16:23:00-05:00,16
2025-11-07 21:27:00+00:00,SELL,MEC-A,2025-11-07 16:27:00-05:00,16
2025-11-07 21:28:00+00:00,SELL,MEC-A,2025-11-07 16:28:00-05:00,16
2025-11-07 21:32:00+00:00,SELL,MEC-A,2025-11-07 16:32:00-05:00,16
2025-11-07 21:33:00+00:00,SELL,MEC-A,2025-11-07 16:33:00-05:00,16
2025-11-07 21:35:00+00:00,SELL,MEC-A,2025-11-07 16:35:00-05:00,16
2025-11-07 21:37:00+00:00,SELL,MEC-A,2025-11-07 16:37:00-05:00,16
2025-11-07 21:38:00+00:00,SELL,MEC-A,2025-11-07 16:38:00-05:00,16
2025-11-07 21:45:00+00:00,SELL,MEC-A,2025-11-07 16:45:00-05:00,16
2025-11-07 21:50:00+00:00,BUY,MEC-A,2025-11-07 16:50:00-05:00,16
2025-11-07 21:52:00+00:00,BUY,MEC-A,2025-11-07 16:52:00-05:00,16
2025-11-07 21:55:00+00:00,BUY,MEC-A,2025-11-07 16:55:00-05:00,16
2025-11-07 21:57:00+00:00,BUY,MEC-A,2025-11-07 16:57:00-05:00,16
2025-11-10 05:13:00+00:00,SELL,MEC-A,2025-11-10 00:13:00-05:00,0
2025-11-10 05:22:00+00:00,BUY,MEC-A,2025-11-10 00:22:00-05:00,0
2025-11-10 05:24:00+00:00,BUY,MEC-A,2025-11-10 00:24:00-05:00,0
2025-11-10 05:27:00+00:00,BUY,MEC-A,2025-11-10 00:27:00-05:00,0
2025-11-10 05:30:00+00:00,BUY,MEC-A,2025-11-10 00:30:00-05:00,0
2025-11-10 05:36:00+00:00,BUY,MEC-A,2025-11-10 00:36:00-05:00,0
2025-11-10 05:38:00+00:00,BUY,MEC-A,2025-11-10 00:38:00-05:00,0
2025-11-10 05:40:00+00:00,BUY,MEC-A,2025-11-10 00:40:00-05:00,0
2025-11-10 05:41:00+00:00,BUY,MEC-A,2025-11-10 00:41:00-05:00,0
2025-11-10 05:43:00+00:00,BUY,MEC-A,2025-11-10 00:43:00-05:00,0
2025-11-10 05:50:00+00:00,BUY,MEC-A,2025-11-10 00:50:00-05:00,0
2025-11-10 05:54:00+00:00,BUY,MEC-A,2025-11-10 00:54:00-05:00,0
2025-11-10 05:55:00+00:00,BUY,MEC-A,2025-11-10 00:55:00-05:00,0
2025-11-10 05:58:00+00:00,BUY,MEC-A,2025-11-10 00:58:00-05:00,0
2025-11-10 05:59:00+00:00,BUY,MEC-A,2025-11-10 00:59:00-05:00,0
2025-11-10 06:00:00+00:00,BUY,MEC-A,2025-11-10 01:00:00-05:00,1
2025-11-10 06:02:00+00:00,BUY,MEC-A,2025-11-10 01:02:00-05:00,1
2025-11-10 06:07:00+00:00,BUY,MEC-A,2025-11-10 01:07:00-05:00,1
2025-11-10 06:08:00+00:00,BUY,MEC-A,2025-11-10 01:08:00-05:00,1
2025-11-10 06:14:00+00:00,BUY,MEC-A,2025-11-10 01:14:00-05:00,1
2025-11-10 06:15:00+00:00,BUY,MEC-A,2025-11-10 01:15:00-05:00,1
2025-11-10 06:17:00+00:00,BUY,MEC-A,2025-11-10 01:17:00-05:00,1
2025-11-10 06:20:00+00:00,BUY,MEC-A,2025-11-10 01:20:00-05:00,1
2025-11-10 06:23:00+00:00,BUY,MEC-A,2025-11-10 01:23:00-05:00,1
2025-11-10 06:27:00+00:00,BUY,MEC-A,2025-11-10 01:27:00-05:00,1
2025-11-10 06:31:00+00:00,BUY,MEC-A,2025-11-10 01:31:00-05:00,1
2025-11-10 06:34:00+00:00,BUY,MEC-A,2025-11-10 01:34:00-05:00,1
2025-11-10 06:35:00+00:00,BUY,MEC-A,2025-11-10 01:35:00-05:00,1
2025-11-10 06:40:00+00:00,BUY,MEC-A,2025-11-10 01:40:00-05:00,1
2025-11-10 06:44:00+00:00,BUY,MEC-A,2025-11-10 01:44:00-05:00,1
2025-11-10 06:49:00+00:00,BUY,MEC-A,2025-11-10 01:49:00-05:00,1
2025-11-10 06:51:00+00:00,BUY,MEC-A,2025-11-10 01:51:00-05:00,1
2025-11-10 06:56:00+00:00,BUY,MEC-A,2025-11-10 01:56:00-05:00,1
2025-11-10 06:57:00+00:00,BUY,MEC-A,2025-11-10 01:57:00-05:00,1
2025-11-10 07:08:00+00:00,BUY,MEC-A,2025-11-10 02:08:00-05:00,2
2025-11-10 07:10:00+00:00,BUY,MEC-A,2025-11-10 02:10:00-05:00,2
2025-11-10 07:11:00+00:00,BUY,MEC-A,2025-11-10 02:11:00-05:00,2
2025-11-10 07:13:00+00:00,BUY,MEC-A,2025-11-10 02:13:00-05:00,2
2025-11-10 07:21:00+00:00,SELL,MEC-A,2025-11-10 02:21:00-05:00,2
2025-11-10 08:06:00+00:00,BUY,MEC-A,2025-11-10 03:06:00-05:00,3
2025-11-10 08:07:00+00:00,BUY,MEC-A,2025-11-10 03:07:00-05:00,3
2025-11-10 08:21:00+00:00,BUY,MEC-A,2025-11-10 03:21:00-05:00,3
2025-11-10 08:27:00+00:00,BUY,MEC-A,2025-11-10 03:27:00-05:00,3
2025-11-10 08:33:00+00:00,BUY,MEC-A,2025-11-10 03:33:00-05:00,3
2025-11-10 08:34:00+00:00,BUY,MEC-A,2025-11-10 03:34:00-05:00,3
2025-11-10 08:35:00+00:00,BUY,MEC-A,2025-11-10 03:35:00-05:00,3
2025-11-10 08:44:00+00:00,SELL,MEC-A,2025-11-10 03:44:00-05:00,3
2025-11-10 09:02:00+00:00,SELL,MEC-A,2025-11-10 04:02:00-05:00,4
2025-11-10 09:03:00+00:00,SELL,MEC-A,2025-11-10 04:03:00-05:00,4
2025-11-10 09:04:00+00:00,SELL,MEC-A,2025-11-10 04:04:00-05:00,4
2025-11-10 09:10:00+00:00,SELL,MEC-A,2025-11-10 04:10:00-05:00,4
2025-11-10 09:11:00+00:00,SELL,MEC-A,2025-11-10 04:11:00-05:00,4
2025-11-10 09:13:00+00:00,SELL,MEC-A,2025-11-10 04:13:00-05:00,4
2025-11-10 09:34:00+00:00,BUY,MEC-A,2025-11-10 04:34:00-05:00,4
2025-11-10 09:35:00+00:00,BUY,MEC-A,2025-11-10 04:35:00-05:00,4
2025-11-10 09:39:00+00:00,BUY,MEC-A,2025-11-10 04:39:00-05:00,4
2025-11-10 09:46:00+00:00,BUY,MEC-A,2025-11-10 04:46:00-05:00,4
2025-11-10 09:56:00+00:00,SELL,MEC-A,2025-11-10 04:56:00-05:00,4
2025-11-10 09:58:00+00:00,SELL,MEC-A,2025-11-10 04:58:00-05:00,4
2025-11-10 09:59:00+00:00,SELL,MEC-A,2025-11-10 04:59:00-05:00,4
2025-11-10 10:02:00+00:00,SELL,MEC-A,2025-11-10 05:02:00-05:00,5
2025-11-10 10:18:00+00:00,BUY,MEC-A,2025-11-10 05:18:00-05:00,5
2025-11-10 10:21:00+00:00,BUY,MEC-A,2025-11-10 05:21:00-05:00,5
2025-11-10 10:22:00+00:00,BUY,MEC-A,2025-11-10 05:22:00-05:00,5
2025-11-10 10:28:00+00:00,SELL,MEC-A,2025-11-10 05:28:00-05:00,5
2025-11-10 10:29:00+00:00,SELL,MEC-A,2025-11-10 05:29:00-05:00,5
2025-11-10 10:33:00+00:00,SELL,MEC-A,2025-11-10 05:33:00-05:00,5
2025-11-10 10:36:00+00:00,BUY,MEC-A,2025-11-10 05:36:00-05:00,5
2025-11-10 10:38:00+00:00,BUY,MEC-A,2025-11-10 05:38:00-05:00,5
2025-11-10 10:39:00+00:00,BUY,MEC-A,2025-11-10 05:39:00-05:00,5
2025-11-10 10:40:00+00:00,BUY,MEC-A,2025-11-10 05:40:00-05:00,5
2025-11-10 10:46:00+00:00,SELL,MEC-A,2025-11-10 05:46:00-05:00,5
2025-11-10 10:48:00+00:00,SELL,MEC-A,2025-11-10 05:48:00-05:00,5
2025-11-10 10:49:00+00:00,SELL,MEC-A,2025-11-10 05:49:00-05:00,5
2025-11-10 10:50:00+00:00,SELL,MEC-A,2025-11-10 05:50:00-05:00,5
2025-11-10 10:57:00+00:00,BUY,MEC-A,2025-11-10 05:57:00-05:00,5
2025-11-10 10:59:00+00:00,BUY,MEC-A,2025-11-10 05:59:00-05:00,5
2025-11-10 11:00:00+00:00,BUY,MEC-A,2025-11-10 06:00:00-05:00,6
2025-11-10 11:02:00+00:00,BUY,MEC-A,2025-11-10 06:02:00-05:00,6
2025-11-10 11:22:00+00:00,BUY,MEC-A,2025-11-10 06:22:00-05:00,6
2025-11-10 11:26:00+00:00,BUY,MEC-A,2025-11-10 06:26:00-05:00,6
2025-11-10 11:28:00+00:00,BUY,MEC-A,2025-11-10 06:28:00-05:00,6
2025-11-10 11:32:00+00:00,BUY,MEC-A,2025-11-10 06:32:00-05:00,6
2025-11-10 11:33:00+00:00,BUY,MEC-A,2025-11-10 06:33:00-05:00,6
2025-11-10 11:36:00+00:00,BUY,MEC-A,2025-11-10 06:36:00-05:00,6
2025-11-10 11:37:00+00:00,BUY,MEC-A,2025-11-10 06:37:00-05:00,6
2025-11-10 11:39:00+00:00,BUY,MEC-A,2025-11-10 06:39:00-05:00,6
2025-11-10 11:42:00+00:00,BUY,MEC-A,2025-11-10 06:42:00-05:00,6
2025-11-10 11:43:00+00:00,BUY,MEC-A,2025-11-10 06:43:00-05:00,6
2025-11-10 11:58:00+00:00,BUY,MEC-A,2025-11-10 06:58:00-05:00,6
2025-11-10 11:59:00+00:00,BUY,MEC-A,2025-11-10 06:59:00-05:00,6
2025-11-10 12:01:00+00:00,BUY,MEC-A,2025-11-10 07:01:00-05:00,7
2025-11-10 12:06:00+00:00,BUY,MEC-A,2025-11-10 07:06:00-05:00,7
2025-11-10 12:07:00+00:00,BUY,MEC-A,2025-11-10 07:07:00-05:00,7
2025-11-10 12:08:00+00:00,BUY,MEC-A,2025-11-10 07:08:00-05:00,7
2025-11-10 12:10:00+00:00,BUY,MEC-A,2025-11-10 07:10:00-05:00,7
2025-11-10 12:13:00+00:00,BUY,MEC-A,2025-11-10 07:13:00-05:00,7
2025-11-10 12:16:00+00:00,BUY,MEC-A,2025-11-10 07:16:00-05:00,7
2025-11-10 12:21:00+00:00,BUY,MEC-A,2025-11-10 07:21:00-05:00,7
2025-11-10 12:26:00+00:00,BUY,MEC-A,2025-11-10 07:26:00-05:00,7
2025-11-10 12:28:00+00:00,BUY,MEC-A,2025-11-10 07:28:00-05:00,7
2025-11-10 12:35:00+00:00,BUY,MEC-A,2025-11-10 07:35:00-05:00,7
2025-11-10 12:37:00+00:00,BUY,MEC-A,2025-11-10 07:37:00-05:00,7
2025-11-10 12:51:00+00:00,BUY,MEC-A,2025-11-10 07:51:00-05:00,7
2025-11-10 12:53:00+00:00,BUY,MEC-A,2025-11-10 07:53:00-05:00,7
2025-11-10 12:54:00+00:00,BUY,MEC-A,2025-11-10 07:54:00-05:00,7
2025-11-10 12:57:00+00:00,BUY,MEC-A,2025-11-10 07:57:00-05:00,7
2025-11-10 13:00:00+00:00,BUY,MEC-A,2025-11-10 08:00:00-05:00,8
2025-11-10 13:02:00+00:00,BUY,MEC-A,2025-11-10 08:02:00-05:00,8
2025-11-10 13:03:00+00:00,BUY,MEC-A,2025-11-10 08:03:00-05:00,8
2025-11-10 13:09:00+00:00,BUY,MEC-A,2025-11-10 08:09:00-05:00,8
2025-11-10 13:15:00+00:00,SELL,MEC-A,2025-11-10 08:15:00-05:00,8
2025-11-10 13:16:00+00:00,SELL,MEC-A,2025-11-10 08:16:00-05:00,8
2025-11-10 13:27:00+00:00,SELL,MEC-A,2025-11-10 08:27:00-05:00,8
2025-11-10 13:31:00+00:00,SELL,MEC-A,2025-11-10 08:31:00-05:00,8
2025-11-10 13:33:00+00:00,SELL,MEC-A,2025-11-10 08:33:00-05:00,8
2025-11-10 13:38:00+00:00,SELL,MEC-A,2025-11-10 08:38:00-05:00,8
2025-11-10 13:45:00+00:00,SELL,MEC-A,2025-11-10 08:45:00-05:00,8
2025-11-10 13:47:00+00:00,SELL,MEC-A,2025-11-10 08:47:00-05:00,8
2025-11-10 13:51:00+00:00,SELL,MEC-A,2025-11-10 08:51:00-05:00,8
2025-11-10 13:52:00+00:00,SELL,MEC-A,2025-11-10 08:52:00-05:00,8
2025-11-10 13:57:00+00:00,SELL,MEC-A,2025-11-10 08:57:00-05:00,8
2025-11-10 13:59:00+00:00,SELL,MEC-A,2025-11-10 08:59:00-05:00,8
2025-11-10 14:01:00+00:00,SELL,MEC-A,2025-11-10 09:01:00-05:00,9
2025-11-10 14:05:00+00:00,SELL,MEC-A,2025-11-10 09:05:00-05:00,9
2025-11-10 14:07:00+00:00,SELL,MEC-A,2025-11-10 09:07:00-05:00,9
2025-11-10 14:12:00+00:00,SELL,MEC-A,2025-11-10 09:12:00-05:00,9
2025-11-10 14:16:00+00:00,SELL,MEC-A,2025-11-10 09:16:00-05:00,9
2025-11-10 14:19:00+00:00,SELL,MEC-A,2025-11-10 09:19:00-05:00,9
2025-11-10 14:30:00+00:00,SELL,MEC-A,2025-11-10 09:30:00-05:00,9
2025-11-10 14:33:00+00:00,SELL,MEC-A,2025-11-10 09:33:00-05:00,9
2025-11-10 14:43:00+00:00,SELL,MEC-A,2025-11-10 09:43:00-05:00,9
2025-11-10 14:45:00+00:00,BUY,MEC-A,2025-11-10 09:45:00-05:00,9
2025-11-10 14:46:00+00:00,BUY,MEC-A,2025-11-10 09:46:00-05:00,9
2025-11-10 14:54:00+00:00,BUY,MEC-A,2025-11-10 09:54:00-05:00,9
2025-11-10 14:55:00+00:00,BUY,MEC-A,2025-11-10 09:55:00-05:00,9
2025-11-10 15:00:00+00:00,BUY,MEC-A,2025-11-10 10:00:00-05:00,10
2025-11-10 15:02:00+00:00,BUY,MEC-A,2025-11-10 10:02:00-05:00,10
2025-11-10 15:04:00+00:00,BUY,MEC-A,2025-11-10 10:04:00-05:00,10
2025-11-10 15:07:00+00:00,BUY,MEC-A,2025-11-10 10:07:00-05:00,10
2025-11-10 15:14:00+00:00,SELL,MEC-A,2025-11-10 10:14:00-05:00,10
2025-11-10 15:21:00+00:00,BUY,MEC-A,2025-11-10 10:21:00-05:00,10
2025-11-10 15:32:00+00:00,SELL,MEC-A,2025-11-10 10:32:00-05:00,10
2025-11-10 15:35:00+00:00,SELL,MEC-A,2025-11-10 10:35:00-05:00,10
2025-11-10 15:43:00+00:00,SELL,MEC-A,2025-11-10 10:43:00-05:00,10
2025-11-10 15:45:00+00:00,SELL,MEC-A,2025-11-10 10:45:00-05:00,10
2025-11-10 15:46:00+00:00,SELL,MEC-A,2025-11-10 10:46:00-05:00,10
2025-11-10 15:47:00+00:00,SELL,MEC-A,2025-11-10 10:47:00-05:00,10
2025-11-10 15:48:00+00:00,SELL,MEC-A,2025-11-10 10:48:00-05:00,10
2025-11-10 16:03:00+00:00,BUY,MEC-A,2025-11-10 11:03:00-05:00,11
2025-11-10 16:07:00+00:00,BUY,MEC-A,2025-11-10 11:07:00-05:00,11
2025-11-10 16:08:00+00:00,BUY,MEC-A,2025-11-10 11:08:00-05:00,11
2025-11-10 16:10:00+00:00,BUY,MEC-A,2025-11-10 11:10:00-05:00,11
2025-11-10 16:12:00+00:00,BUY,MEC-A,2025-11-10 11:12:00-05:00,11
2025-11-10 16:20:00+00:00,BUY,MEC-A,2025-11-10 11:20:00-05:00,11
2025-11-10 16:23:00+00:00,BUY,MEC-A,2025-11-10 11:23:00-05:00,11
2025-11-10 16:29:00+00:00,BUY,MEC-A,2025-11-10 11:29:00-05:00,11
2025-11-10 16:32:00+00:00,BUY,MEC-A,2025-11-10 11:32:00-05:00,11
2025-11-10 16:36:00+00:00,BUY,MEC-A,2025-11-10 11:36:00-05:00,11
2025-11-10 16:40:00+00:00,SELL,MEC-A,2025-11-10 11:40:00-05:00,11
2025-11-10 16:42:00+00:00,SELL,MEC-A,2025-11-10 11:42:00-05:00,11
2025-11-10 17:00:00+00:00,BUY,MEC-A,2025-11-10 12:00:00-05:00,12
2025-11-10 17:04:00+00:00,BUY,MEC-A,2025-11-10 12:04:00-05:00,12
2025-11-10 17:07:00+00:00,BUY,MEC-A,2025-11-10 12:07:00-05:00,12
2025-11-10 17:11:00+00:00,BUY,MEC-A,2025-11-10 12:11:00-05:00,12
2025-11-10 17:17:00+00:00,SELL,MEC-A,2025-11-10 12:17:00-05:00,12
2025-11-10 17:49:00+00:00,BUY,MEC-A,2025-11-10 12:49:00-05:00,12
2025-11-10 17:52:00+00:00,BUY,MEC-A,2025-11-10 12:52:00-05:00,12
2025-11-10 17:54:00+00:00,BUY,MEC-A,2025-11-10 12:54:00-05:00,12
2025-11-10 17:55:00+00:00,BUY,MEC-A,2025-11-10 12:55:00-05:00,12
2025-11-10 17:56:00+00:00,BUY,MEC-A,2025-11-10 12:56:00-05:00,12
2025-11-10 17:59:00+00:00,BUY,MEC-A,2025-11-10 12:59:00-05:00,12
2025-11-10 18:06:00+00:00,BUY,MEC-A,2025-11-10 13:06:00-05:00,13
2025-11-10 18:13:00+00:00,BUY,MEC-A,2025-11-10 13:13:00-05:00,13
2025-11-10 18:15:00+00:00,BUY,MEC-A,2025-11-10 13:15:00-05:00,13
2025-11-10 18:16:00+00:00,BUY,MEC-A,2025-11-10 13:16:00-05:00,13
2025-11-10 18:17:00+00:00,BUY,MEC-A,2025-11-10 13:17:00-05:00,13
2025-11-10 18:18:00+00:00,BUY,MEC-A,2025-11-10 13:18:00-05:00,13
2025-11-10 18:21:00+00:00,BUY,MEC-A,2025-11-10 13:21:00-05:00,13
2025-11-10 18:26:00+00:00,BUY,MEC-A,2025-11-10 13:26:00-05:00,13
2025-11-10 18:27:00+00:00,BUY,MEC-A,2025-11-10 13:27:00-05:00,13
2025-11-10 18:29:00+00:00,BUY,MEC-A,2025-11-10 13:29:00-05:00,13
2025-11-10 18:38:00+00:00,BUY,MEC-A,2025-11-10 13:38:00-05:00,13
2025-11-10 18:42:00+00:00,BUY,MEC-A,2025-11-10 13:42:00-05:00,13
2025-11-10 18:49:00+00:00,SELL,MEC-A,2025-11-10 13:49:00-05:00,13
2025-11-10 19:11:00+00:00,BUY,MEC-A,2025-11-10 14:11:00-05:00,14
2025-11-10 19:12:00+00:00,BUY,MEC-A,2025-11-10 14:12:00-05:00,14
2025-11-10 19:13:00+00:00,BUY,MEC-A,2025-11-10 14:13:00-05:00,14
2025-11-10 19:20:00+00:00,BUY,MEC-A,2025-11-10 14:20:00-05:00,14
2025-11-10 19:23:00+00:00,BUY,MEC-A,2025-11-10 14:23:00-05:00,14
2025-11-10 19:25:00+00:00,BUY,MEC-A,2025-11-10 14:25:00-05:00,14
2025-11-10 19:27:00+00:00,BUY,MEC-A,2025-11-10 14:27:00-05:00,14
2025-11-10 19:44:00+00:00,SELL,MEC-A,2025-11-10 14:44:00-05:00,14
2025-11-10 19:45:00+00:00,SELL,MEC-A,2025-11-10 14:45:00-05:00,14
2025-11-10 19:56:00+00:00,BUY,MEC-A,2025-11-10 14:56:00-05:00,14
2025-11-10 19:57:00+00:00,BUY,MEC-A,2025-11-10 14:57:00-05:00,14
2025-11-10 20:00:00+00:00,BUY,MEC-A,2025-11-10 15:00:00-05:00,15
2025-11-10 20:11:00+00:00,SELL,MEC-A,2025-11-10 15:11:00-05:00,15
2025-11-10 20:15:00+00:00,SELL,MEC-A,2025-11-10 15:15:00-05:00,15
2025-11-10 20:16:00+00:00,SELL,MEC-A,2025-11-10 15:16:00-05:00,15
2025-11-10 20:19:00+00:00,SELL,MEC-A,2025-11-10 15:19:00-05:00,15
2025-11-10 20:29:00+00:00,SELL,MEC-A,2025-11-10 15:29:00-05:00,15
2025-11-10 20:30:00+00:00,SELL,MEC-A,2025-11-10 15:30:00-05:00,15
2025-11-10 20:39:00+00:00,SELL,MEC-A,2025-11-10 15:39:00-05:00,15
2025-11-10 20:41:00+00:00,SELL,MEC-A,2025-11-10 15:41:00-05:00,15
2025-11-10 20:44:00+00:00,BUY,MEC-A,2025-11-10 15:44:00-05:00,15
2025-11-10 20:46:00+00:00,BUY,MEC-A,2025-11-10 15:46:00-05:00,15
2025-11-10 20:53:00+00:00,SELL,MEC-A,2025-11-10 15:53:00-05:00,15
2025-11-10 20:54:00+00:00,SELL,MEC-A,2025-11-10 15:54:00-05:00,15
2025-11-10 23:06:00+00:00,BUY,MEC-A,2025-11-10 18:06:00-05:00,18
2025-11-10 23:08:00+00:00,BUY,MEC-A,2025-11-10 18:08:00-05:00,18
2025-11-10 23:09:00+00:00,BUY,MEC-A,2025-11-10 18:09:00-05:00,18
2025-11-10 23:18:00+00:00,SELL,MEC-A,2025-11-10 18:18:00-05:00,18
2025-11-10 23:19:00+00:00,SELL,MEC-A,2025-11-10 18:19:00-05:00,18
2025-11-10 23:31:00+00:00,SELL,MEC-A,2025-11-10 18:31:00-05:00,18
2025-11-10 23:46:00+00:00,BUY,MEC-A,2025-11-10 18:46:00-05:00,18
2025-11-10 23:49:00+00:00,BUY,MEC-A,2025-11-10 18:49:00-05:00,18
2025-11-10 23:56:00+00:00,SELL,MEC-A,2025-11-10 18:56:00-05:00,18
2025-11-11 00:00:00+00:00,SELL,MEC-A,2025-11-10 19:00:00-05:00,19
2025-11-11 00:02:00+00:00,SELL,MEC-A,2025-11-10 19:02:00-05:00,19
2025-11-11 00:15:00+00:00,BUY,MEC-A,2025-11-10 19:15:00-05:00,19
2025-11-11 00:23:00+00:00,BUY,MEC-A,2025-11-10 19:23:00-05:00,19
2025-11-11 00:26:00+00:00,BUY,MEC-A,2025-11-10 19:26:00-05:00,19
2025-11-11 00:27:00+00:00,BUY,MEC-A,2025-11-10 19:27:00-05:00,19
2025-11-11 00:30:00+00:00,BUY,MEC-A,2025-11-10 19:30:00-05:00,19
2025-11-11 00:32:00+00:00,BUY,MEC-A,2025-11-10 19:32:00-05:00,19
2025-11-11 00:37:00+00:00,BUY,MEC-A,2025-11-10 19:37:00-05:00,19
2025-11-11 00:42:00+00:00,BUY,MEC-A,2025-11-10 19:42:00-05:00,19
2025-11-11 00:43:00+00:00,BUY,MEC-A,2025-11-10 19:43:00-05:00,19
2025-11-11 00:44:00+00:00,BUY,MEC-A,2025-11-10 19:44:00-05:00,19
2025-11-11 00:47:00+00:00,BUY,MEC-A,2025-11-10 19:47:00-05:00,19
2025-11-11 00:48:00+00:00,BUY,MEC-A,2025-11-10 19:48:00-05:00,19
2025-11-11 00:50:00+00:00,BUY,MEC-A,2025-11-10 19:50:00-05:00,19
2025-11-11 00:51:00+00:00,BUY,MEC-A,2025-11-10 19:51:00-05:00,19
2025-11-11 00:53:00+00:00,BUY,MEC-A,2025-11-10 19:53:00-05:00,19
2025-11-11 00:55:00+00:00,BUY,MEC-A,2025-11-10 19:55:00-05:00,19
2025-11-11 01:07:00+00:00,SELL,MEC-A,2025-11-10 20:07:00-05:00,20
2025-11-11 01:15:00+00:00,BUY,MEC-A,2025-11-10 20:15:00-05:00,20
2025-11-11 01:27:00+00:00,BUY,MEC-A,2025-11-10 20:27:00-05:00,20
2025-11-11 01:30:00+00:00,BUY,MEC-A,2025-11-10 20:30:00-05:00,20
2025-11-11 01:31:00+00:00,BUY,MEC-A,2025-11-10 20:31:00-05:00,20
2025-11-11 01:34:00+00:00,BUY,MEC-A,2025-11-10 20:34:00-05:00,20
2025-11-11 01:37:00+00:00,BUY,MEC-A,2025-11-10 20:37:00-05:00,20
2025-11-11 01:39:00+00:00,BUY,MEC-A,2025-11-10 20:39:00-05:00,20
2025-11-11 01:40:00+00:00,BUY,MEC-A,2025-11-10 20:40:00-05:00,20
2025-11-11 01:44:00+00:00,SELL,MEC-A,2025-11-10 20:44:00-05:00,20
2025-11-11 01:52:00+00:00,SELL,MEC-A,2025-11-10 20:52:00-05:00,20
2025-11-11 01:54:00+00:00,SELL,MEC-A,2025-11-10 20:54:00-05:00,20
2025-11-11 02:15:00+00:00,SELL,MEC-A,2025-11-10 21:15:00-05:00,21
2025-11-11 02:17:00+00:00,SELL,MEC-A,2025-11-10 21:17:00-05:00,21
2025-11-11 02:21:00+00:00,BUY,MEC-A,2025-11-10 21:21:00-05:00,21
2025-11-11 02:22:00+00:00,BUY,MEC-A,2025-11-10 21:22:00-05:00,21
2025-11-11 02:30:00+00:00,SELL,MEC-A,2025-11-10 21:30:00-05:00,21
2025-11-11 02:34:00+00:00,SELL,MEC-A,2025-11-10 21:34:00-05:00,21
2025-11-11 02:38:00+00:00,SELL,MEC-A,2025-11-10 21:38:00-05:00,21
2025-11-11 02:40:00+00:00,BUY,MEC-A,2025-11-10 21:40:00-05:00,21
2025-11-11 02:41:00+00:00,BUY,MEC-A,2025-11-10 21:41:00-05:00,21
2025-11-11 02:42:00+00:00,BUY,MEC-A,2025-11-10 21:42:00-05:00,21
2025-11-11 02:44:00+00:00,BUY,MEC-A,2025-11-10 21:44:00-05:00,21
2025-11-11 02:51:00+00:00,BUY,MEC-A,2025-11-10 21:51:00-05:00,21
2025-11-11 03:09:00+00:00,BUY,MEC-A,2025-11-10 22:09:00-05:00,22
2025-11-11 03:10:00+00:00,BUY,MEC-A,2025-11-10 22:10:00-05:00,22
2025-11-11 03:11:00+00:00,BUY,MEC-A,2025-11-10 22:11:00-05:00,22
2025-11-11 03:14:00+00:00,BUY,MEC-A,2025-11-10 22:14:00-05:00,22
2025-11-11 03:16:00+00:00,BUY,MEC-A,2025-11-10 22:16:00-05:00,22
2025-11-11 03:19:00+00:00,BUY,MEC-A,2025-11-10 22:19:00-05:00,22
2025-11-11 03:27:00+00:00,BUY,MEC-A,2025-11-10 22:27:00-05:00,22
2025-11-11 03:31:00+00:00,BUY,MEC-A,2025-11-10 22:31:00-05:00,22
2025-11-11 03:34:00+00:00,BUY,MEC-A,2025-11-10 22:34:00-05:00,22
2025-11-11 03:37:00+00:00,BUY,MEC-A,2025-11-10 22:37:00-05:00,22
2025-11-11 03:45:00+00:00,BUY,MEC-A,2025-11-10 22:45:00-05:00,22
2025-11-11 03:46:00+00:00,BUY,MEC-A,2025-11-10 22:46:00-05:00,22
2025-11-11 03:57:00+00:00,BUY,MEC-A,2025-11-10 22:57:00-05:00,22
2025-11-11 03:58:00+00:00,BUY,MEC-A,2025-11-10 22:58:00-05:00,22
2025-11-11 04:00:00+00:00,BUY,MEC-A,2025-11-10 23:00:00-05:00,23
2025-11-11 04:02:00+00:00,BUY,MEC-A,2025-11-10 23:02:00-05:00,23
2025-11-11 04:12:00+00:00,SELL,MEC-A,2025-11-10 23:12:00-05:00,23
2025-11-11 04:16:00+00:00,SELL,MEC-A,2025-11-10 23:16:00-05:00,23
2025-11-11 04:21:00+00:00,SELL,MEC-A,2025-11-10 23:21:00-05:00,23
2025-11-11 04:24:00+00:00,SELL,MEC-A,2025-11-10 23:24:00-05:00,23
2025-11-11 04:25:00+00:00,SELL,MEC-A,2025-11-10 23:25:00-05:00,23
2025-11-11 04:30:00+00:00,BUY,MEC-A,2025-11-10 23:30:00-05:00,23
2025-11-11 04:41:00+00:00,SELL,MEC-A,2025-11-10 23:41:00-05:00,23
2025-11-11 04:43:00+00:00,SELL,MEC-A,2025-11-10 23:43:00-05:00,23
2025-11-11 04:46:00+00:00,SELL,MEC-A,2025-11-10 23:46:00-05:00,23
2025-11-11 04:55:00+00:00,SELL,MEC-A,2025-11-10 23:55:00-05:00,23
2025-11-11 04:56:00+00:00,SELL,MEC-A,2025-11-10 23:56:00-05:00,23
2025-11-11 04:58:00+00:00,SELL,MEC-A,2025-11-10 23:58:00-05:00,23
2025-11-11 05:00:00+00:00,SELL,MEC-A,2025-11-11 00:00:00-05:00,0
2025-11-11 05:02:00+00:00,SELL,MEC-A,2025-11-11 00:02:00-05:00,0
2025-11-11 05:03:00+00:00,BUY,MER,2025-11-11 00:03:00-05:00,0
2025-11-11 05:04:00+00:00,SELL,MEC-A,2025-11-11 00:04:00-05:00,0
2025-11-11 05:06:00+00:00,SELL,MEC-A,2025-11-11 00:06:00-05:00,0
2025-11-11 05:07:00+00:00,SELL,MEC-A,2025-11-11 00:07:00-05:00,0
2025-11-11 05:12:00+00:00,SELL,MEC-A,2025-11-11 00:12:00-05:00,0
2025-11-11 05:16:00+00:00,SELL,MEC-A,2025-11-11 00:16:00-05:00,0
2025-11-11 05:18:00+00:00,SELL,MEC-A,2025-11-11 00:18:00-05:00,0
2025-11-11 05:21:00+00:00,SELL,MEC-A,2025-11-11 00:21:00-05:00,0
2025-11-11 05:23:00+00:00,SELL,MEC-A,2025-11-11 00:23:00-05:00,0
2025-11-11 05:30:00+00:00,SELL,MEC-A,2025-11-11 00:30:00-05:00,0
2025-11-11 05:33:00+00:00,SELL,MEC-A,2025-11-11 00:33:00-05:00,0
2025-11-11 05:34:00+00:00,SELL,MEC-A,2025-11-11 00:34:00-05:00,0
2025-11-11 05:35:00+00:00,SELL,MEC-A,2025-11-11 00:35:00-05:00,0
2025-11-11 05:36:00+00:00,SELL,MEC-A,2025-11-11 00:36:00-05:00,0
2025-11-11 05:41:00+00:00,SELL,MEC-A,2025-11-11 00:41:00-05:00,0
2025-11-11 05:51:00+00:00,SELL,MEC-A,2025-11-11 00:51:00-05:00,0
2025-11-11 05:57:00+00:00,SELL,MEC-A,2025-11-11 00:57:00-05:00,0
2025-11-11 05:58:00+00:00,SELL,MEC-A,2025-11-11 00:58:00-05:00,0
2025-11-11 06:01:00+00:00,SELL,MEC-A,2025-11-11 01:01:00-05:00,1
2025-11-11 06:03:00+00:00,SELL,MEC-A,2025-11-11 01:03:00-05:00,1
2025-11-11 06:10:00+00:00,SELL,MEC-A,2025-11-11 01:10:00-05:00,1
2025-11-11 06:20:00+00:00,BUY,MEC-A,2025-11-11 01:20:00-05:00,1
2025-11-11 06:27:00+00:00,BUY,MEC-A,2025-11-11 01:27:00-05:00,1
2025-11-11 06:28:00+00:00,BUY,MEC-A,2025-11-11 01:28:00-05:00,1
2025-11-11 06:31:00+00:00,SELL,MEC-A,2025-11-11 01:31:00-05:00,1
2025-11-11 06:33:00+00:00,SELL,MEC-A,2025-11-11 01:33:00-05:00,1
2025-11-11 06:34:00+00:00,SELL,MEC-A,2025-11-11 01:34:00-05:00,1
2025-11-11 06:41:00+00:00,SELL,MEC-A,2025-11-11 01:41:00-05:00,1
2025-11-11 06:42:00+00:00,SELL,MEC-A,2025-11-11 01:42:00-05:00,1
2025-11-11 06:45:00+00:00,SELL,MEC-A,2025-11-11 01:45:00-05:00,1
2025-11-11 06:48:00+00:00,SELL,MEC-A,2025-11-11 01:48:00-05:00,1
2025-11-11 06:49:00+00:00,SELL,MEC-A,2025-11-11 01:49:00-05:00,1
2025-11-11 07:04:00+00:00,SELL,MEC-A,2025-11-11 02:04:00-05:00,2
2025-11-11 07:37:00+00:00,SELL,MEC-A,2025-11-11 02:37:00-05:00,2
2025-11-11 07:51:00+00:00,SELL,MEC-A,2025-11-11 02:51:00-05:00,2
2025-11-11 08:02:00+00:00,BUY,MEC-A,2025-11-11 03:02:00-05:00,3
2025-11-11 08:04:00+00:00,BUY,MEC-A,2025-11-11 03:04:00-05:00,3
2025-11-11 08:08:00+00:00,BUY,MEC-A,2025-11-11 03:08:00-05:00,3
2025-11-11 08:10:00+00:00,BUY,MEC-A,2025-11-11 03:10:00-05:00,3
2025-11-11 08:11:00+00:00,BUY,MEC-A,2025-11-11 03:11:00-05:00,3
2025-11-11 08:13:00+00:00,BUY,MEC-A,2025-11-11 03:13:00-05:00,3
2025-11-11 08:15:00+00:00,BUY,MEC-A,2025-11-11 03:15:00-05:00,3
2025-11-11 08:32:00+00:00,SELL,MEC-A,2025-11-11 03:32:00-05:00,3
2025-11-11 08:35:00+00:00,SELL,MEC-A,2025-11-11 03:35:00-05:00,3
2025-11-11 08:37:00+00:00,SELL,MEC-A,2025-11-11 03:37:00-05:00,3
2025-11-11 08:42:00+00:00,SELL,MEC-A,2025-11-11 03:42:00-05:00,3
2025-11-11 08:49:00+00:00,BUY,MEC-A,2025-11-11 03:49:00-05:00,3
2025-11-11 08:50:00+00:00,BUY,MEC-A,2025-11-11 03:50:00-05:00,3
2025-11-11 08:53:00+00:00,BUY,MEC-A,2025-11-11 03:53:00-05:00,3
2025-11-11 08:54:00+00:00,BUY,MEC-A,2025-11-11 03:54:00-05:00,3
2025-11-11 09:02:00+00:00,BUY,MEC-A,2025-11-11 04:02:00-05:00,4
2025-11-11 09:04:00+00:00,BUY,MEC-A,2025-11-11 04:04:00-05:00,4
2025-11-11 09:08:00+00:00,BUY,MEC-A,2025-11-11 04:08:00-05:00,4
2025-11-11 09:09:00+00:00,BUY,MEC-A,2025-11-11 04:09:00-05:00,4
2025-11-11 09:10:00+00:00,BUY,MEC-A,2025-11-11 04:10:00-05:00,4
2025-11-11 09:14:00+00:00,BUY,MEC-A,2025-11-11 04:14:00-05:00,4
2025-11-11 09:17:00+00:00,BUY,MEC-A,2025-11-11 04:17:00-05:00,4
2025-11-11 09:28:00+00:00,BUY,MEC-A,2025-11-11 04:28:00-05:00,4
2025-11-11 09:33:00+00:00,BUY,MEC-A,2025-11-11 04:33:00-05:00,4
2025-11-11 09:48:00+00:00,BUY,MEC-A,2025-11-11 04:48:00-05:00,4
2025-11-11 09:59:00+00:00,SELL,MEC-A,2025-11-11 04:59:00-05:00,4
2025-11-11 10:01:00+00:00,SELL,MEC-A,2025-11-11 05:01:00-05:00,5
2025-11-11 10:02:00+00:00,SELL,MEC-A,2025-11-11 05:02:00-05:00,5
2025-11-11 10:03:00+00:00,SELL,MEC-A,2025-11-11 05:03:00-05:00,5
2025-11-11 10:08:00+00:00,SELL,MEC-A,2025-11-11 05:08:00-05:00,5
2025-11-11 10:20:00+00:00,SELL,MEC-A,2025-11-11 05:20:00-05:00,5
2025-11-11 10:28:00+00:00,SELL,MEC-A,2025-11-11 05:28:00-05:00,5
2025-11-11 10:29:00+00:00,SELL,MEC-A,2025-11-11 05:29:00-05:00,5
2025-11-11 10:30:00+00:00,SELL,MEC-A,2025-11-11 05:30:00-05:00,5
2025-11-11 10:31:00+00:00,SELL,MEC-A,2025-11-11 05:31:00-05:00,5
2025-11-11 10:50:00+00:00,BUY,MEC-A,2025-11-11 05:50:00-05:00,5
2025-11-11 10:56:00+00:00,BUY,MEC-A,2025-11-11 05:56:00-05:00,5
2025-11-11 11:00:00+00:00,BUY,MEC-A,2025-11-11 06:00:00-05:00,6
2025-11-11 11:03:00+00:00,BUY,MEC-A,2025-11-11 06:03:00-05:00,6
2025-11-11 11:04:00+00:00,BUY,MEC-A,2025-11-11 06:04:00-05:00,6
2025-11-11 11:05:00+00:00,BUY,MEC-A,2025-11-11 06:05:00-05:00,6
2025-11-11 11:10:00+00:00,BUY,MEC-A,2025-11-11 06:10:00-05:00,6
2025-11-11 11:20:00+00:00,SELL,MEC-A,2025-11-11 06:20:00-05:00,6
2025-11-11 11:25:00+00:00,BUY,MEC-A,2025-11-11 06:25:00-05:00,6
2025-11-11 11:26:00+00:00,BUY,MEC-A,2025-11-11 06:26:00-05:00,6
2025-11-11 11:31:00+00:00,BUY,MEC-A,2025-11-11 06:31:00-05:00,6
2025-11-11 11:33:00+00:00,SELL,MEC-A,2025-11-11 06:33:00-05:00,6
2025-11-11 11:36:00+00:00,SELL,MEC-A,2025-11-11 06:36:00-05:00,6
2025-11-11 11:46:00+00:00,BUY,MEC-A,2025-11-11 06:46:00-05:00,6
2025-11-11 11:53:00+00:00,BUY,MEC-A,2025-11-11 06:53:00-05:00,6
2025-11-11 15:06:00+00:00,SELL,MEC-A,2025-11-11 10:06:00-05:00,10
2025-11-11 15:11:00+00:00,SELL,MEC-A,2025-11-11 10:11:00-05:00,10
2025-11-11 15:13:00+00:00,SELL,MEC-A,2025-11-11 10:13:00-05:00,10
2025-11-11 15:15:00+00:00,SELL,MEC-A,2025-11-11 10:15:00-05:00,10
2025-11-11 15:16:00+00:00,SELL,MEC-A,2025-11-11 10:16:00-05:00,10
2025-11-11 15:18:00+00:00,SELL,MEC-A,2025-11-11 10:18:00-05:00,10
2025-11-11 15:19:00+00:00,SELL,MEC-A,2025-11-11 10:19:00-05:00,10
2025-11-11 15:20:00+00:00,SELL,MEC-A,2025-11-11 10:20:00-05:00,10
2025-11-11 15:21:00+00:00,SELL,MEC-A,2025-11-11 10:21:00-05:00,10
2025-11-11 15:22:00+00:00,SELL,MEC-A,2025-11-11 10:22:00-05:00,10
2025-11-11 15:27:00+00:00,SELL,MEC-A,2025-11-11 10:27:00-05:00,10
2025-11-11 15:28:00+00:00,SELL,MEC-A,2025-11-11 10:28:00-05:00,10
2025-11-11 15:32:00+00:00,SELL,MEC-A,2025-11-11 10:32:00-05:00,10
2025-11-11 15:40:00+00:00,SELL,MEC-A,2025-11-11 10:40:00-05:00,10
2025-11-11 15:45:00+00:00,BUY,MEC-A,2025-11-11 10:45:00-05:00,10
2025-11-11 15:47:00+00:00,BUY,MEC-A,2025-11-11 10:47:00-05:00,10
2025-11-11 15:48:00+00:00,BUY,MEC-A,2025-11-11 10:48:00-05:00,10
2025-11-11 15:51:00+00:00,BUY,MEC-A,2025-11-11 10:51:00-05:00,10
2025-11-11 15:57:00+00:00,BUY,MEC-A,2025-11-11 10:57:00-05:00,10
2025-11-11 16:02:00+00:00,BUY,MEC-A,2025-11-11 11:02:00-05:00,11
2025-11-11 16:04:00+00:00,BUY,MEC-A,2025-11-11 11:04:00-05:00,11
2025-11-11 16:07:00+00:00,BUY,MEC-A,2025-11-11 11:07:00-05:00,11
2025-11-11 16:10:00+00:00,BUY,MEC-A,2025-11-11 11:10:00-05:00,11
2025-11-11 16:12:00+00:00,BUY,MEC-A,2025-11-11 11:12:00-05:00,11
2025-11-11 16:14:00+00:00,BUY,MEC-A,2025-11-11 11:14:00-05:00,11
2025-11-11 16:15:00+00:00,BUY,MEC-A,2025-11-11 11:15:00-05:00,11
2025-11-11 16:21:00+00:00,BUY,MEC-A,2025-11-11 11:21:00-05:00,11
2025-11-11 16:30:00+00:00,SELL,MEC-A,2025-11-11 11:30:00-05:00,11
2025-11-11 17:06:00+00:00,BUY,MEC-A,2025-11-11 12:06:00-05:00,12
2025-11-11 17:12:00+00:00,BUY,MEC-A,2025-11-11 12:12:00-05:00,12
2025-11-11 17:32:00+00:00,SELL,MEC-A,2025-11-11 12:32:00-05:00,12
2025-11-11 17:34:00+00:00,SELL,MEC-A,2025-11-11 12:34:00-05:00,12
2025-11-11 17:52:00+00:00,BUY,MEC-A,2025-11-11 12:52:00-05:00,12
2025-11-11 18:01:00+00:00,BUY,MEC-A,2025-11-11 13:01:00-05:00,13
2025-11-11 18:11:00+00:00,SELL,MEC-A,2025-11-11 13:11:00-05:00,13
2025-11-11 18:14:00+00:00,SELL,MEC-A,2025-11-11 13:14:00-05:00,13
2025-11-11 18:22:00+00:00,SELL,MEC-A,2025-11-11 13:22:00-05:00,13
2025-11-11 18:25:00+00:00,SELL,MEC-A,2025-11-11 13:25:00-05:00,13
2025-11-11 18:27:00+00:00,SELL,MEC-A,2025-11-11 13:27:00-05:00,13
2025-11-11 18:29:00+00:00,SELL,MEC-A,2025-11-11 13:29:00-05:00,13
2025-11-11 18:32:00+00:00,SELL,MEC-A,2025-11-11 13:32:00-05:00,13
2025-11-11 18:35:00+00:00,SELL,MEC-A,2025-11-11 13:35:00-05:00,13
2025-11-11 18:42:00+00:00,SELL,MEC-A,2025-11-11 13:42:00-05:00,13
2025-11-11 18:46:00+00:00,BUY,MEC-A,2025-11-11 13:46:00-05:00,13
2025-11-11 18:49:00+00:00,BUY,MEC-A,2025-11-11 13:49:00-05:00,13
2025-11-11 18:51:00+00:00,BUY,MEC-A,2025-11-11 13:51:00-05:00,13
2025-11-11 18:53:00+00:00,BUY,MEC-A,2025-11-11 13:53:00-05:00,13
2025-11-11 18:57:00+00:00,BUY,MEC-A,2025-11-11 13:57:00-05:00,13
2025-11-11 19:02:00+00:00,BUY,MEC-A,2025-11-11 14:02:00-05:00,14
2025-11-11 19:04:00+00:00,BUY,MEC-A,2025-11-11 14:04:00-05:00,14
2025-11-11 19:13:00+00:00,BUY,MEC-A,2025-11-11 14:13:00-05:00,14
2025-11-11 19:14:00+00:00,BUY,MEC-A,2025-11-11 14:14:00-05:00,14
2025-11-11 19:16:00+00:00,BUY,MEC-A,2025-11-11 14:16:00-05:00,14
2025-11-11 19:17:00+00:00,BUY,MEC-A,2025-11-11 14:17:00-05:00,14
2025-11-11 19:22:00+00:00,BUY,MEC-A,2025-11-11 14:22:00-05:00,14
2025-11-11 19:24:00+00:00,BUY,MEC-A,2025-11-11 14:24:00-05:00,14
2025-11-11 19:29:00+00:00,BUY,MEC-A,2025-11-11 14:29:00-05:00,14
2025-11-11 19:30:00+00:00,BUY,MEC-A,2025-11-11 14:30:00-05:00,14
2025-11-11 19:31:00+00:00,BUY,MEC-A,2025-11-11 14:31:00-05:00,14
2025-11-11 19:40:00+00:00,BUY,MEC-A,2025-11-11 14:40:00-05:00,14
2025-11-11 19:43:00+00:00,BUY,MEC-A,2025-11-11 14:43:00-05:00,14
2025-11-11 19:44:00+00:00,BUY,MEC-A,2025-11-11 14:44:00-05:00,14
2025-11-11 19:46:00+00:00,BUY,MEC-A,2025-11-11 14:46:00-05:00,14
2025-11-11 19:47:00+00:00,BUY,MEC-A,2025-11-11 14:47:00-05:00,14
2025-11-11 19:53:00+00:00,BUY,MEC-A,2025-11-11 14:53:00-05:00,14
2025-11-11 19:59:00+00:00,BUY,MEC-A,2025-11-11 14:59:00-05:00,14
2025-11-11 20:01:00+00:00,BUY,MEC-A,2025-11-11 15:01:00-05:00,15
2025-11-11 20:04:00+00:00,BUY,MEC-A,2025-11-11 15:04:00-05:00,15
2025-11-11 20:05:00+00:00,BUY,MEC-A,2025-11-11 15:05:00-05:00,15
2025-11-11 20:06:00+00:00,BUY,MEC-A,2025-11-11 15:06:00-05:00,15
2025-11-11 20:07:00+00:00,BUY,MEC-A,2025-11-11 15:07:00-05:00,15
2025-11-11 20:08:00+00:00,BUY,MEC-A,2025-11-11 15:08:00-05:00,15
2025-11-11 20:10:00+00:00,BUY,MEC-A,2025-11-11 15:10:00-05:00,15
2025-11-11 20:11:00+00:00,BUY,MEC-A,2025-11-11 15:11:00-05:00,15
2025-11-11 20:12:00+00:00,BUY,MEC-A,2025-11-11 15:12:00-05:00,15
2025-11-11 20:14:00+00:00,BUY,MEC-A,2025-11-11 15:14:00-05:00,15
2025-11-11 20:17:00+00:00,BUY,MEC-A,2025-11-11 15:17:00-05:00,15
2025-11-11 20:23:00+00:00,BUY,MEC-A,2025-11-11 15:23:00-05:00,15
2025-11-11 20:25:00+00:00,BUY,MEC-A,2025-11-11 15:25:00-05:00,15
2025-11-11 20:28:00+00:00,SELL,MEC-A,2025-11-11 15:28:00-05:00,15
2025-11-11 20:32:00+00:00,SELL,MEC-A,2025-11-11 15:32:00-05:00,15
2025-11-11 20:36:00+00:00,BUY,MEC-A,2025-11-11 15:36:00-05:00,15
2025-11-11 20:37:00+00:00,BUY,MEC-A,2025-11-11 15:37:00-05:00,15
2025-11-11 20:48:00+00:00,BUY,MEC-A,2025-11-11 15:48:00-05:00,15
2025-11-11 20:51:00+00:00,BUY,MEC-A,2025-11-11 15:51:00-05:00,15
2025-11-11 20:52:00+00:00,BUY,MEC-A,2025-11-11 15:52:00-05:00,15
2025-11-11 20:54:00+00:00,BUY,MEC-A,2025-11-11 15:54:00-05:00,15
2025-11-11 20:56:00+00:00,BUY,MEC-A,2025-11-11 15:56:00-05:00,15
2025-11-11 21:15:00+00:00,BUY,MEC-A,2025-11-11 16:15:00-05:00,16
2025-11-11 21:18:00+00:00,BUY,MEC-A,2025-11-11 16:18:00-05:00,16
2025-11-11 21:24:00+00:00,SELL,MEC-A,2025-11-11 16:24:00-05:00,16
2025-11-11 21:25:00+00:00,SELL,MEC-A,2025-11-11 16:25:00-05:00,16
2025-11-11 21:29:00+00:00,SELL,MEC-A,2025-11-11 16:29:00-05:00,16
2025-11-11 21:31:00+00:00,SELL,MEC-A,2025-11-11 16:31:00-05:00,16
2025-11-11 21:32:00+00:00,SELL,MEC-A,2025-11-11 16:32:00-05:00,16
2025-11-11 21:36:00+00:00,SELL,MEC-A,2025-11-11 16:36:00-05:00,16
2025-11-11 21:37:00+00:00,SELL,MEC-A,2025-11-11 16:37:00-05:00,16
2025-11-11 21:38:00+00:00,SELL,MEC-A,2025-11-11 16:38:00-05:00,16
2025-11-11 21:40:00+00:00,SELL,MEC-A,2025-11-11 16:40:00-05:00,16
2025-11-11 21:45:00+00:00,SELL,MEC-A,2025-11-11 16:45:00-05:00,16
2025-11-11 21:46:00+00:00,SELL,MEC-A,2025-11-11 16:46:00-05:00,16
2025-11-11 23:00:00+00:00,BUY,MEC-A,2025-11-11 18:00:00-05:00,18
2025-11-11 23:01:00+00:00,BUY,MEC-A,2025-11-11 18:01:00-05:00,18
2025-11-11 23:10:00+00:00,BUY,MEC-A,2025-11-11 18:10:00-05:00,18
2025-11-11 23:11:00+00:00,BUY,MEC-A,2025-11-11 18:11:00-05:00,18
2025-11-11 23:12:00+00:00,BUY,MEC-A,2025-11-11 18:12:00-05:00,18
2025-11-11 23:14:00+00:00,BUY,MEC-A,2025-11-11 18:14:00-05:00,18
2025-11-11 23:15:00+00:00,BUY,MEC-A,2025-11-11 18:15:00-05:00,18
2025-11-11 23:16:00+00:00,BUY,MEC-A,2025-11-11 18:16:00-05:00,18
2025-11-11 23:18:00+00:00,BUY,MEC-A,2025-11-11 18:18:00-05:00,18
2025-11-11 23:20:00+00:00,BUY,MEC-A,2025-11-11 18:20:00-05:00,18
2025-11-11 23:24:00+00:00,BUY,MEC-A,2025-11-11 18:24:00-05:00,18
2025-11-11 23:25:00+00:00,BUY,MEC-A,2025-11-11 18:25:00-05:00,18
2025-11-11 23:32:00+00:00,BUY,MEC-A,2025-11-11 18:32:00-05:00,18
2025-11-11 23:35:00+00:00,BUY,MEC-A,2025-11-11 18:35:00-05:00,18
2025-11-11 23:39:00+00:00,BUY,MEC-A,2025-11-11 18:39:00-05:00,18
2025-11-11 23:40:00+00:00,BUY,MEC-A,2025-11-11 18:40:00-05:00,18
2025-11-11 23:42:00+00:00,BUY,MEC-A,2025-11-11 18:42:00-05:00,18
2025-11-11 23:46:00+00:00,BUY,MEC-A,2025-11-11 18:46:00-05:00,18
2025-11-11 23:49:00+00:00,BUY,MEC-A,2025-11-11 18:49:00-05:00,18
2025-11-11 23:50:00+00:00,BUY,MEC-A,2025-11-11 18:50:00-05:00,18
2025-11-12 00:00:00+00:00,SELL,MEC-A,2025-11-11 19:00:00-05:00,19
2025-11-12 00:05:00+00:00,BUY,MEC-A,2025-11-11 19:05:00-05:00,19
2025-11-12 00:17:00+00:00,SELL,MEC-A,2025-11-11 19:17:00-05:00,19
2025-11-12 00:22:00+00:00,SELL,MEC-A,2025-11-11 19:22:00-05:00,19
2025-11-12 00:25:00+00:00,SELL,MEC-A,2025-11-11 19:25:00-05:00,19
2025-11-12 00:35:00+00:00,BUY,MEC-A,2025-11-11 19:35:00-05:00,19
2025-11-12 00:46:00+00:00,SELL,MEC-A,2025-11-11 19:46:00-05:00,19
2025-11-12 00:47:00+00:00,SELL,MEC-A,2025-11-11 19:47:00-05:00,19
2025-11-12 00:49:00+00:00,SELL,MEC-A,2025-11-11 19:49:00-05:00,19
2025-11-12 00:50:00+00:00,SELL,MEC-A,2025-11-11 19:50:00-05:00,19
2025-11-12 00:51:00+00:00,SELL,MEC-A,2025-11-11 19:51:00-05:00,19
2025-11-12 00:57:00+00:00,SELL,MEC-A,2025-11-11 19:57:00-05:00,19
2025-11-12 00:58:00+00:00,SELL,MEC-A,2025-11-11 19:58:00-05:00,19
2025-11-12 01:08:00+00:00,SELL,MEC-A,2025-11-11 20:08:00-05:00,20
2025-11-12 01:10:00+00:00,SELL,MEC-A,2025-11-11 20:10:00-05:00,20
2025-11-12 01:15:00+00:00,SELL,MEC-A,2025-11-11 20:15:00-05:00,20
2025-11-12 01:17:00+00:00,SELL,MEC-A,2025-11-11 20:17:00-05:00,20
2025-11-12 01:25:00+00:00,SELL,MEC-A,2025-11-11 20:25:00-05:00,20
2025-11-12 01:31:00+00:00,SELL,MEC-A,2025-11-11 20:31:00-05:00,20
2025-11-12 01:34:00+00:00,SELL,MEC-A,2025-11-11 20:34:00-05:00,20
2025-11-12 01:37:00+00:00,SELL,MEC-A,2025-11-11 20:37:00-05:00,20
2025-11-12 01:38:00+00:00,SELL,MEC-A,2025-11-11 20:38:00-05:00,20
2025-11-12 01:44:00+00:00,BUY,MEC-A,2025-11-11 20:44:00-05:00,20
2025-11-12 01:48:00+00:00,BUY,MEC-A,2025-11-11 20:48:00-05:00,20
2025-11-12 01:52:00+00:00,BUY,MEC-A,2025-11-11 20:52:00-05:00,20
2025-11-12 01:57:00+00:00,SELL,MEC-A,2025-11-11 20:57:00-05:00,20
2025-11-12 01:58:00+00:00,SELL,MEC-A,2025-11-11 20:58:00-05:00,20
2025-11-12 02:28:00+00:00,SELL,MEC-A,2025-11-11 21:28:00-05:00,21
2025-11-12 02:30:00+00:00,SELL,MEC-A,2025-11-11 21:30:00-05:00,21
2025-11-12 02:33:00+00:00,SELL,MEC-A,2025-11-11 21:33:00-05:00,21
2025-11-12 02:35:00+00:00,SELL,MEC-A,2025-11-11 21:35:00-05:00,21
2025-11-12 02:40:00+00:00,SELL,MEC-A,2025-11-11 21:40:00-05:00,21
2025-11-12 02:41:00+00:00,SELL,MEC-A,2025-11-11 21:41:00-05:00,21
2025-11-12 02:46:00+00:00,SELL,MEC-A,2025-11-11 21:46:00-05:00,21
2025-11-12 02:50:00+00:00,SELL,MEC-A,2025-11-11 21:50:00-05:00,21
2025-11-12 02:51:00+00:00,SELL,MEC-A,2025-11-11 21:51:00-05:00,21
2025-11-12 02:54:00+00:00,SELL,MEC-A,2025-11-11 21:54:00-05:00,21
2025-11-12 03:04:00+00:00,SELL,MEC-A,2025-11-11 22:04:00-05:00,22
2025-11-12 03:05:00+00:00,SELL,MEC-A,2025-11-11 22:05:00-05:00,22
2025-11-12 03:28:00+00:00,SELL,MEC-A,2025-11-11 22:28:00-05:00,22
2025-11-12 03:29:00+00:00,SELL,MEC-A,2025-11-11 22:29:00-05:00,22
2025-11-12 03:30:00+00:00,SELL,MEC-A,2025-11-11 22:30:00-05:00,22
2025-11-12 03:38:00+00:00,SELL,MEC-A,2025-11-11 22:38:00-05:00,22
2025-11-12 03:39:00+00:00,SELL,MEC-A,2025-11-11 22:39:00-05:00,22
2025-11-12 03:46:00+00:00,SELL,MEC-A,2025-11-11 22:46:00-05:00,22
2025-11-12 03:48:00+00:00,SELL,MEC-A,2025-11-11 22:48:00-05:00,22
2025-11-12 03:50:00+00:00,SELL,MEC-A,2025-11-11 22:50:00-05:00,22
2025-11-12 03:52:00+00:00,SELL,MEC-A,2025-11-11 22:52:00-05:00,22
2025-11-12 03:54:00+00:00,SELL,MEC-A,2025-11-11 22:54:00-05:00,22
2025-11-12 03:59:00+00:00,SELL,MEC-A,2025-11-11 22:59:00-05:00,22
2025-11-12 04:02:00+00:00,SELL,MEC-A,2025-11-11 23:02:00-05:00,23
2025-11-12 04:03:00+00:00,SELL,MEC-A,2025-11-11 23:03:00-05:00,23
2025-11-12 04:05:00+00:00,SELL,MEC-A,2025-11-11 23:05:00-05:00,23
2025-11-12 04:13:00+00:00,BUY,MEC-A,2025-11-11 23:13:00-05:00,23
2025-11-12 04:14:00+00:00,BUY,MEC-A,2025-11-11 23:14:00-05:00,23
2025-11-12 04:19:00+00:00,BUY,MEC-A,2025-11-11 23:19:00-05:00,23
2025-11-12 04:22:00+00:00,BUY,MEC-A,2025-11-11 23:22:00-05:00,23
2025-11-12 04:24:00+00:00,BUY,MEC-A,2025-11-11 23:24:00-05:00,23
2025-11-12 04:28:00+00:00,BUY,MEC-A,2025-11-11 23:28:00-05:00,23
2025-11-12 04:29:00+00:00,BUY,MEC-A,2025-11-11 23:29:00-05:00,23
2025-11-12 04:32:00+00:00,BUY,MEC-A,2025-11-11 23:32:00-05:00,23
2025-11-12 04:36:00+00:00,SELL,MEC-A,2025-11-11 23:36:00-05:00,23
2025-11-12 04:39:00+00:00,SELL,MEC-A,2025-11-11 23:39:00-05:00,23
2025-11-12 04:47:00+00:00,BUY,MEC-A,2025-11-11 23:47:00-05:00,23
2025-11-12 04:48:00+00:00,BUY,MEC-A,2025-11-11 23:48:00-05:00,23
2025-11-12 04:49:00+00:00,BUY,MEC-A,2025-11-11 23:49:00-05:00,23
2025-11-12 04:52:00+00:00,BUY,MEC-A,2025-11-11 23:52:00-05:00,23
2025-11-12 04:56:00+00:00,BUY,MEC-A,2025-11-11 23:56:00-05:00,23
2025-11-12 04:57:00+00:00,BUY,MEC-A,2025-11-11 23:57:00-05:00,23
2025-11-12 05:02:00+00:00,SELL,MEC-A,2025-11-12 00:02:00-05:00,0
2025-11-12 05:17:00+00:00,SELL,MEC-A,2025-11-12 00:17:00-05:00,0
2025-11-12 05:18:00+00:00,SELL,MEC-A,2025-11-12 00:18:00-05:00,0
2025-11-12 05:20:00+00:00,SELL,MEC-A,2025-11-12 00:20:00-05:00,0
2025-11-12 05:29:00+00:00,SELL,MEC-A,2025-11-12 00:29:00-05:00,0
2025-11-12 05:30:00+00:00,SELL,MEC-A,2025-11-12 00:30:00-05:00,0
2025-11-12 05:32:00+00:00,SELL,MEC-A,2025-11-12 00:32:00-05:00,0
2025-11-12 05:42:00+00:00,SELL,MEC-A,2025-11-12 00:42:00-05:00,0
2025-11-12 05:47:00+00:00,SELL,MEC-A,2025-11-12 00:47:00-05:00,0
2025-11-12 05:49:00+00:00,SELL,MEC-A,2025-11-12 00:49:00-05:00,0
2025-11-12 05:56:00+00:00,SELL,MEC-A,2025-11-12 00:56:00-05:00,0
2025-11-12 06:01:00+00:00,SELL,MEC-A,2025-11-12 01:01:00-05:00,1
2025-11-12 06:05:00+00:00,BUY,MEC-A,2025-11-12 01:05:00-05:00,1
2025-11-12 06:06:00+00:00,BUY,MEC-A,2025-11-12 01:06:00-05:00,1
2025-11-12 06:17:00+00:00,BUY,MEC-A,2025-11-12 01:17:00-05:00,1
2025-11-12 06:20:00+00:00,BUY,MEC-A,2025-11-12 01:20:00-05:00,1
2025-11-12 06:22:00+00:00,BUY,MEC-A,2025-11-12 01:22:00-05:00,1
2025-11-12 06:23:00+00:00,BUY,MEC-A,2025-11-12 01:23:00-05:00,1
2025-11-12 06:25:00+00:00,BUY,MEC-A,2025-11-12 01:25:00-05:00,1
2025-11-12 06:27:00+00:00,BUY,MEC-A,2025-11-12 01:27:00-05:00,1
2025-11-12 06:30:00+00:00,BUY,MEC-A,2025-11-12 01:30:00-05:00,1
2025-11-12 06:34:00+00:00,BUY,MEC-A,2025-11-12 01:34:00-05:00,1
2025-11-12 06:38:00+00:00,BUY,MEC-A,2025-11-12 01:38:00-05:00,1
2025-11-12 06:42:00+00:00,BUY,MEC-A,2025-11-12 01:42:00-05:00,1
2025-11-12 06:46:00+00:00,SELL,MEC-A,2025-11-12 01:46:00-05:00,1
2025-11-12 06:47:00+00:00,SELL,MEC-A,2025-11-12 01:47:00-05:00,1
2025-11-12 06:50:00+00:00,SELL,MEC-A,2025-11-12 01:50:00-05:00,1
2025-11-12 06:58:00+00:00,BUY,MEC-A,2025-11-12 01:58:00-05:00,1
2025-11-12 07:05:00+00:00,BUY,MEC-A,2025-11-12 02:05:00-05:00,2
2025-11-12 07:08:00+00:00,BUY,MEC-A,2025-11-12 02:08:00-05:00,2
2025-11-12 07:09:00+00:00,BUY,MEC-A,2025-11-12 02:09:00-05:00,2
2025-11-12 07:10:00+00:00,BUY,MEC-A,2025-11-12 02:10:00-05:00,2
2025-11-12 07:12:00+00:00,BUY,MEC-A,2025-11-12 02:12:00-05:00,2
2025-11-12 07:14:00+00:00,BUY,MEC-A,2025-11-12 02:14:00-05:00,2
2025-11-12 07:23:00+00:00,BUY,MEC-A,2025-11-12 02:23:00-05:00,2
2025-11-12 07:27:00+00:00,BUY,MEC-A,2025-11-12 02:27:00-05:00,2
2025-11-12 07:29:00+00:00,BUY,MEC-A,2025-11-12 02:29:00-05:00,2
2025-11-12 07:32:00+00:00,SELL,MEC-A,2025-11-12 02:32:00-05:00,2
2025-11-12 07:34:00+00:00,SELL,MEC-A,2025-11-12 02:34:00-05:00,2
2025-11-12 07:35:00+00:00,SELL,MEC-A,2025-11-12 02:35:00-05:00,2
2025-11-12 07:41:00+00:00,SELL,MEC-A,2025-11-12 02:41:00-05:00,2
2025-11-12 07:42:00+00:00,SELL,MEC-A,2025-11-12 02:42:00-05:00,2
2025-11-12 07:43:00+00:00,SELL,MEC-A,2025-11-12 02:43:00-05:00,2
2025-11-12 07:53:00+00:00,SELL,MEC-A,2025-11-12 02:53:00-05:00,2
2025-11-12 07:56:00+00:00,SELL,MEC-A,2025-11-12 02:56:00-05:00,2
2025-11-12 08:05:00+00:00,SELL,MEC-A,2025-11-12 03:05:00-05:00,3
2025-11-12 08:09:00+00:00,SELL,MEC-A,2025-11-12 03:09:00-05:00,3
2025-11-12 08:10:00+00:00,SELL,MEC-A,2025-11-12 03:10:00-05:00,3
2025-11-12 08:17:00+00:00,BUY,MEC-A,2025-11-12 03:17:00-05:00,3
2025-11-12 08:19:00+00:00,BUY,MEC-A,2025-11-12 03:19:00-05:00,3
2025-11-12 08:20:00+00:00,BUY,MEC-A,2025-11-12 03:20:00-05:00,3
2025-11-12 08:22:00+00:00,BUY,MEC-A,2025-11-12 03:22:00-05:00,3
2025-11-12 08:24:00+00:00,BUY,MEC-A,2025-11-12 03:24:00-05:00,3
2025-11-12 08:25:00+00:00,BUY,MEC-A,2025-11-12 03:25:00-05:00,3
2025-11-12 08:28:00+00:00,BUY,MEC-A,2025-11-12 03:28:00-05:00,3
2025-11-12 08:31:00+00:00,BUY,MEC-A,2025-11-12 03:31:00-05:00,3
2025-11-12 08:36:00+00:00,BUY,MEC-A,2025-11-12 03:36:00-05:00,3
2025-11-12 08:49:00+00:00,BUY,MEC-A,2025-11-12 03:49:00-05:00,3
2025-11-12 08:50:00+00:00,BUY,MEC-A,2025-11-12 03:50:00-05:00,3
2025-11-12 08:58:00+00:00,BUY,MEC-A,2025-11-12 03:58:00-05:00,3
2025-11-12 08:59:00+00:00,BUY,MEC-A,2025-11-12 03:59:00-05:00,3
2025-11-12 10:00:00+00:00,SELL,MEC-A,2025-11-12 05:00:00-05:00,5
2025-11-12 10:07:00+00:00,SELL,MEC-A,2025-11-12 05:07:00-05:00,5
2025-11-12 10:08:00+00:00,SELL,MEC-A,2025-11-12 05:08:00-05:00,5
2025-11-12 10:10:00+00:00,SELL,MEC-A,2025-11-12 05:10:00-05:00,5
2025-11-12 10:11:00+00:00,SELL,MEC-A,2025-11-12 05:11:00-05:00,5
2025-11-12 10:16:00+00:00,BUY,MEC-A,2025-11-12 05:16:00-05:00,5
2025-11-12 10:25:00+00:00,SELL,MEC-A,2025-11-12 05:25:00-05:00,5
2025-11-12 10:28:00+00:00,SELL,MEC-A,2025-11-12 05:28:00-05:00,5
2025-11-12 10:57:00+00:00,BUY,MEC-A,2025-11-12 05:57:00-05:00,5
2025-11-12 11:00:00+00:00,BUY,MEC-A,2025-11-12 06:00:00-05:00,6
2025-11-12 11:07:00+00:00,BUY,MEC-A,2025-11-12 06:07:00-05:00,6
2025-11-12 11:09:00+00:00,BUY,MEC-A,2025-11-12 06:09:00-05:00,6
2025-11-12 11:10:00+00:00,BUY,MEC-A,2025-11-12 06:10:00-05:00,6
2025-11-12 11:12:00+00:00,BUY,MEC-A,2025-11-12 06:12:00-05:00,6
2025-11-12 11:14:00+00:00,BUY,MEC-A,2025-11-12 06:14:00-05:00,6
2025-11-12 11:20:00+00:00,SELL,MEC-A,2025-11-12 06:20:00-05:00,6
2025-11-12 11:21:00+00:00,SELL,MEC-A,2025-11-12 06:21:00-05:00,6
2025-11-12 11:22:00+00:00,SELL,MEC-A,2025-11-12 06:22:00-05:00,6
2025-11-12 11:27:00+00:00,SELL,MEC-A,2025-11-12 06:27:00-05:00,6
2025-11-12 11:29:00+00:00,SELL,MEC-A,2025-11-12 06:29:00-05:00,6
2025-11-12 11:35:00+00:00,BUY,MEC-A,2025-11-12 06:35:00-05:00,6
2025-11-12 11:38:00+00:00,BUY,MEC-A,2025-11-12 06:38:00-05:00,6
2025-11-12 11:44:00+00:00,BUY,MEC-A,2025-11-12 06:44:00-05:00,6
2025-11-12 11:56:00+00:00,SELL,MEC-A,2025-11-12 06:56:00-05:00,6
2025-11-12 12:01:00+00:00,SELL,MEC-A,2025-11-12 07:01:00-05:00,7
2025-11-12 12:05:00+00:00,BUY,MEC-A,2025-11-12 07:05:00-05:00,7
2025-11-12 12:14:00+00:00,BUY,MEC-A,2025-11-12 07:14:00-05:00,7
2025-11-12 12:15:00+00:00,BUY,MEC-A,2025-11-12 07:15:00-05:00,7
2025-11-12 12:16:00+00:00,BUY,MEC-A,2025-11-12 07:16:00-05:00,7
2025-11-12 12:21:00+00:00,BUY,MEC-A,2025-11-12 07:21:00-05:00,7
2025-11-12 12:24:00+00:00,BUY,MEC-A,2025-11-12 07:24:00-05:00,7
2025-11-12 12:25:00+00:00,BUY,MEC-A,2025-11-12 07:25:00-05:00,7
2025-11-12 12:26:00+00:00,BUY,MEC-A,2025-11-12 07:26:00-05:00,7
2025-11-12 12:30:00+00:00,BUY,MEC-A,2025-11-12 07:30:00-05:00,7
2025-11-12 12:40:00+00:00,SELL,MEC-A,2025-11-12 07:40:00-05:00,7
2025-11-12 12:41:00+00:00,SELL,MEC-A,2025-11-12 07:41:00-05:00,7
2025-11-12 12:48:00+00:00,SELL,MEC-A,2025-11-12 07:48:00-05:00,7
2025-11-12 12:49:00+00:00,SELL,MEC-A,2025-11-12 07:49:00-05:00,7
2025-11-12 12:50:00+00:00,SELL,MEC-A,2025-11-12 07:50:00-05:00,7
2025-11-12 12:53:00+00:00,SELL,MEC-A,2025-11-12 07:53:00-05:00,7
2025-11-12 12:54:00+00:00,SELL,MEC-A,2025-11-12 07:54:00-05:00,7
2025-11-12 12:56:00+00:00,SELL,MEC-A,2025-11-12 07:56:00-05:00,7
2025-11-12 12:57:00+00:00,SELL,MEC-A,2025-11-12 07:57:00-05:00,7
2025-11-12 12:59:00+00:00,SELL,MEC-A,2025-11-12 07:59:00-05:00,7
2025-11-12 13:00:00+00:00,SELL,MEC-A,2025-11-12 08:00:00-05:00,8
2025-11-12 13:05:00+00:00,SELL,MEC-A,2025-11-12 08:05:00-05:00,8
2025-11-12 13:07:00+00:00,SELL,MEC-A,2025-11-12 08:07:00-05:00,8
2025-11-12 13:09:00+00:00,SELL,MEC-A,2025-11-12 08:09:00-05:00,8
2025-11-12 13:16:00+00:00,SELL,MEC-A,2025-11-12 08:16:00-05:00,8
2025-11-12 13:18:00+00:00,SELL,MEC-A,2025-11-12 08:18:00-05:00,8
2025-11-12 13:19:00+00:00,SELL,MEC-A,2025-11-12 08:19:00-05:00,8
2025-11-12 13:26:00+00:00,SELL,MEC-A,2025-11-12 08:26:00-05:00,8
2025-11-12 13:34:00+00:00,BUY,MEC-A,2025-11-12 08:34:00-05:00,8
2025-11-12 13:51:00+00:00,SELL,MEC-A,2025-11-12 08:51:00-05:00,8
2025-11-12 13:52:00+00:00,SELL,MEC-A,2025-11-12 08:52:00-05:00,8
2025-11-12 13:57:00+00:00,SELL,MEC-A,2025-11-12 08:57:00-05:00,8
2025-11-12 14:01:00+00:00,BUY,MEC-A,2025-11-12 09:01:00-05:00,9
2025-11-12 14:03:00+00:00,BUY,MEC-A,2025-11-12 09:03:00-05:00,9
2025-11-12 14:04:00+00:00,BUY,MEC-A,2025-11-12 09:04:00-05:00,9
2025-11-12 14:06:00+00:00,BUY,MEC-A,2025-11-12 09:06:00-05:00,9
2025-11-12 14:09:00+00:00,BUY,MEC-A,2025-11-12 09:09:00-05:00,9
2025-11-12 14:10:00+00:00,BUY,MEC-A,2025-11-12 09:10:00-05:00,9
2025-11-12 14:11:00+00:00,BUY,MEC-A,2025-11-12 09:11:00-05:00,9
2025-11-12 14:18:00+00:00,SELL,MEC-A,2025-11-12 09:18:00-05:00,9
2025-11-12 14:21:00+00:00,SELL,MEC-A,2025-11-12 09:21:00-05:00,9
2025-11-12 14:29:00+00:00,SELL,MEC-A,2025-11-12 09:29:00-05:00,9
2025-11-12 14:31:00+00:00,SELL,MEC-A,2025-11-12 09:31:00-05:00,9
2025-11-12 14:32:00+00:00,SELL,MEC-A,2025-11-12 09:32:00-05:00,9
2025-11-12 14:33:00+00:00,SELL,MEC-A,2025-11-12 09:33:00-05:00,9
2025-11-12 14:40:00+00:00,BUY,MEC-A,2025-11-12 09:40:00-05:00,9
2025-11-12 14:50:00+00:00,BUY,MEC-A,2025-11-12 09:50:00-05:00,9
2025-11-12 14:52:00+00:00,BUY,MEC-B,2025-11-12 09:52:00-05:00,9
2025-11-12 14:56:00+00:00,BUY,MEC-A,2025-11-12 09:56:00-05:00,9
2025-11-12 15:03:00+00:00,BUY,MEC-A,2025-11-12 10:03:00-05:00,10
2025-11-12 15:04:00+00:00,BUY,MEC-A,2025-11-12 10:04:00-05:00,10
2025-11-12 15:06:00+00:00,BUY,MEC-A,2025-11-12 10:06:00-05:00,10
2025-11-12 15:09:00+00:00,BUY,MEC-A,2025-11-12 10:09:00-05:00,10
2025-11-12 15:10:00+00:00,BUY,MEC-A,2025-11-12 10:10:00-05:00,10
2025-11-12 15:11:00+00:00,BUY,MEC-A,2025-11-12 10:11:00-05:00,10
2025-11-12 15:13:00+00:00,BUY,MEC-A,2025-11-12 10:13:00-05:00,10
2025-11-12 15:16:00+00:00,BUY,MEC-A,2025-11-12 10:16:00-05:00,10
2025-11-12 15:22:00+00:00,BUY,MEC-A,2025-11-12 10:22:00-05:00,10
2025-11-12 15:26:00+00:00,BUY,MEC-A,2025-11-12 10:26:00-05:00,10
2025-11-12 15:27:00+00:00,BUY,MEC-A,2025-11-12 10:27:00-05:00,10
2025-11-12 15:30:00+00:00,BUY,MEC-A,2025-11-12 10:30:00-05:00,10
2025-11-12 15:32:00+00:00,BUY,MEC-A,2025-11-12 10:32:00-05:00,10
2025-11-12 15:33:00+00:00,BUY,MEC-A,2025-11-12 10:33:00-05:00,10
2025-11-12 15:34:00+00:00,BUY,MEC-A,2025-11-12 10:34:00-05:00,10
2025-11-12 15:35:00+00:00,BUY,MEC-A,2025-11-12 10:35:00-05:00,10
2025-11-12 15:41:00+00:00,BUY,MEC-A,2025-11-12 10:41:00-05:00,10
2025-11-12 15:48:00+00:00,BUY,MEC-A,2025-11-12 10:48:00-05:00,10
2025-11-12 15:49:00+00:00,BUY,MEC-A,2025-11-12 10:49:00-05:00,10
2025-11-12 16:01:00+00:00,BUY,MEC-A,2025-11-12 11:01:00-05:00,11
2025-11-12 16:02:00+00:00,BUY,MEC-A,2025-11-12 11:02:00-05:00,11
2025-11-12 16:03:00+00:00,BUY,MEC-A,2025-11-12 11:03:00-05:00,11
2025-11-12 16:04:00+00:00,BUY,MEC-A,2025-11-12 11:04:00-05:00,11
2025-11-12 16:07:00+00:00,BUY,MEC-A,2025-11-12 11:07:00-05:00,11
2025-11-12 16:12:00+00:00,BUY,MEC-A,2025-11-12 11:12:00-05:00,11
2025-11-12 16:15:00+00:00,BUY,MEC-A,2025-11-12 11:15:00-05:00,11
2025-11-12 16:18:00+00:00,BUY,MEC-A,2025-11-12 11:18:00-05:00,11
2025-11-12 16:21:00+00:00,SELL,MEC-A,2025-11-12 11:21:00-05:00,11
2025-11-12 16:29:00+00:00,BUY,MEC-A,2025-11-12 11:29:00-05:00,11
2025-11-12 16:30:00+00:00,BUY,MEC-A,2025-11-12 11:30:00-05:00,11
2025-11-12 16:32:00+00:00,BUY,MEC-A,2025-11-12 11:32:00-05:00,11
2025-11-12 16:40:00+00:00,BUY,MEC-A,2025-11-12 11:40:00-05:00,11
2025-11-12 16:41:00+00:00,BUY,MEC-A,2025-11-12 11:41:00-05:00,11
2025-11-12 16:42:00+00:00,BUY,MEC-A,2025-11-12 11:42:00-05:00,11
2025-11-12 16:49:00+00:00,BUY,MEC-A,2025-11-12 11:49:00-05:00,11
2025-11-12 16:52:00+00:00,BUY,MEC-A,2025-11-12 11:52:00-05:00,11
2025-11-12 16:58:00+00:00,BUY,MEC-A,2025-11-12 11:58:00-05:00,11
2025-11-12 17:00:00+00:00,BUY,MEC-A,2025-11-12 12:00:00-05:00,12
2025-11-12 17:03:00+00:00,BUY,MEC-A,2025-11-12 12:03:00-05:00,12
2025-11-12 17:04:00+00:00,BUY,MEC-A,2025-11-12 12:04:00-05:00,12
2025-11-12 17:09:00+00:00,BUY,MEC-A,2025-11-12 12:09:00-05:00,12
2025-11-12 17:13:00+00:00,BUY,MEC-A,2025-11-12 12:13:00-05:00,12
2025-11-12 17:18:00+00:00,SELL,MEC-A,2025-11-12 12:18:00-05:00,12
2025-11-12 17:21:00+00:00,SELL,MEC-A,2025-11-12 12:21:00-05:00,12
2025-11-12 17:28:00+00:00,SELL,MEC-A,2025-11-12 12:28:00-05:00,12
2025-11-12 17:32:00+00:00,BUY,MEC-A,2025-11-12 12:32:00-05:00,12
2025-11-12 17:33:00+00:00,BUY,MEC-A,2025-11-12 12:33:00-05:00,12
2025-11-12 17:37:00+00:00,BUY,MEC-A,2025-11-12 12:37:00-05:00,12
2025-11-12 17:38:00+00:00,BUY,MEC-A,2025-11-12 12:38:00-05:00,12
2025-11-12 17:40:00+00:00,BUY,MEC-A,2025-11-12 12:40:00-05:00,12
2025-11-12 17:47:00+00:00,BUY,MEC-A,2025-11-12 12:47:00-05:00,12
2025-11-12 17:51:00+00:00,SELL,MEC-A,2025-11-12 12:51:00-05:00,12
2025-11-12 17:58:00+00:00,SELL,MEC-A,2025-11-12 12:58:00-05:00,12
2025-11-12 17:59:00+00:00,SELL,MEC-A,2025-11-12 12:59:00-05:00,12
2025-11-12 18:01:00+00:00,SELL,MEC-A,2025-11-12 13:01:00-05:00,13
2025-11-12 18:03:00+00:00,SELL,MEC-A,2025-11-12 13:03:00-05:00,13
2025-11-12 18:06:00+00:00,SELL,MEC-A,2025-11-12 13:06:00-05:00,13
2025-11-12 18:08:00+00:00,SELL,MEC-A,2025-11-12 13:08:00-05:00,13
2025-11-12 18:20:00+00:00,BUY,MEC-A,2025-11-12 13:20:00-05:00,13
2025-11-12 18:23:00+00:00,BUY,MEC-A,2025-11-12 13:23:00-05:00,13
2025-11-12 18:24:00+00:00,BUY,MEC-A,2025-11-12 13:24:00-05:00,13
2025-11-12 18:25:00+00:00,BUY,MEC-A,2025-11-12 13:25:00-05:00,13
2025-11-12 18:26:00+00:00,BUY,MEC-A,2025-11-12 13:26:00-05:00,13
2025-11-12 18:27:00+00:00,BUY,MEC-A,2025-11-12 13:27:00-05:00,13
2025-11-12 18:30:00+00:00,BUY,MEC-A,2025-11-12 13:30:00-05:00,13
2025-11-12 18:34:00+00:00,SELL,MEC-A,2025-11-12 13:34:00-05:00,13
2025-11-12 18:39:00+00:00,BUY,MEC-A,2025-11-12 13:39:00-05:00,13
2025-11-12 19:08:00+00:00,SELL,MEC-A,2025-11-12 14:08:00-05:00,14
2025-11-12 19:10:00+00:00,SELL,MEC-A,2025-11-12 14:10:00-05:00,14
2025-11-12 19:11:00+00:00,SELL,MEC-A,2025-11-12 14:11:00-05:00,14
2025-11-12 19:14:00+00:00,SELL,MEC-A,2025-11-12 14:14:00-05:00,14
2025-11-12 19:17:00+00:00,SELL,MEC-A,2025-11-12 14:17:00-05:00,14
2025-11-12 19:18:00+00:00,SELL,MEC-A,2025-11-12 14:18:00-05:00,14
2025-11-12 19:19:00+00:00,SELL,MEC-A,2025-11-12 14:19:00-05:00,14
2025-11-12 19:22:00+00:00,SELL,MEC-A,2025-11-12 14:22:00-05:00,14
2025-11-12 19:28:00+00:00,SELL,MEC-A,2025-11-12 14:28:00-05:00,14
2025-11-12 19:30:00+00:00,BUY,MEC-A,2025-11-12 14:30:00-05:00,14
2025-11-12 19:31:00+00:00,BUY,MEC-A,2025-11-12 14:31:00-05:00,14
2025-11-12 19:33:00+00:00,BUY,MEC-A,2025-11-12 14:33:00-05:00,14
2025-11-12 19:43:00+00:00,BUY,MEC-A,2025-11-12 14:43:00-05:00,14
2025-11-12 19:45:00+00:00,BUY,MEC-A,2025-11-12 14:45:00-05:00,14
2025-11-12 19:47:00+00:00,BUY,MEC-A,2025-11-12 14:47:00-05:00,14
2025-11-12 19:51:00+00:00,BUY,MEC-A,2025-11-12 14:51:00-05:00,14
2025-11-12 19:52:00+00:00,BUY,MEC-A,2025-11-12 14:52:00-05:00,14
2025-11-12 19:53:00+00:00,BUY,MEC-A,2025-11-12 14:53:00-05:00,14
2025-11-12 20:06:00+00:00,SELL,MEC-A,2025-11-12 15:06:00-05:00,15
2025-11-12 20:28:00+00:00,SELL,MEC-A,2025-11-12 15:28:00-05:00,15
2025-11-12 20:30:00+00:00,SELL,MEC-A,2025-11-12 15:30:00-05:00,15
2025-11-12 20:36:00+00:00,SELL,MEC-A,2025-11-12 15:36:00-05:00,15
2025-11-12 20:51:00+00:00,BUY,MEC-A,2025-11-12 15:51:00-05:00,15
2025-11-12 21:04:00+00:00,SELL,MEC-A,2025-11-12 16:04:00-05:00,16
2025-11-12 21:11:00+00:00,SELL,MEC-A,2025-11-12 16:11:00-05:00,16
2025-11-12 21:14:00+00:00,SELL,MEC-A,2025-11-12 16:14:00-05:00,16
2025-11-12 21:15:00+00:00,SELL,MEC-A,2025-11-12 16:15:00-05:00,16
2025-11-12 21:19:00+00:00,SELL,MEC-A,2025-11-12 16:19:00-05:00,16
2025-11-12 21:20:00+00:00,SELL,MEC-A,2025-11-12 16:20:00-05:00,16
2025-11-12 21:24:00+00:00,BUY,MEC-A,2025-11-12 16:24:00-05:00,16
2025-11-12 21:25:00+00:00,BUY,MEC-A,2025-11-12 16:25:00-05:00,16
2025-11-12 21:27:00+00:00,BUY,MEC-A,2025-11-12 16:27:00-05:00,16
2025-11-12 21:28:00+00:00,BUY,MEC-A,2025-11-12 16:28:00-05:00,16
2025-11-12 21:30:00+00:00,BUY,MEC-A,2025-11-12 16:30:00-05:00,16
2025-11-12 21:31:00+00:00,BUY,MEC-A,2025-11-12 16:31:00-05:00,16
2025-11-12 21:32:00+00:00,BUY,MEC-A,2025-11-12 16:32:00-05:00,16
2025-11-12 21:36:00+00:00,BUY,MEC-A,2025-11-12 16:36:00-05:00,16
2025-11-12 21:45:00+00:00,SELL,MEC-A,2025-11-12 16:45:00-05:00,16
2025-11-12 21:50:00+00:00,SELL,MEC-A,2025-11-12 16:50:00-05:00,16
2025-11-12 21:54:00+00:00,SELL,MEC-A,2025-11-12 16:54:00-05:00,16
2025-11-12 21:55:00+00:00,SELL,MEC-A,2025-11-12 16:55:00-05:00,16
2025-11-12 21:56:00+00:00,SELL,MEC-A,2025-11-12 16:56:00-05:00,16
2025-11-12 23:00:00+00:00,BUY,MEC-A,2025-11-12 18:00:00-05:00,18
2025-11-12 23:02:00+00:00,BUY,MEC-A,2025-11-12 18:02:00-05:00,18
2025-11-12 23:05:00+00:00,BUY,MEC-A,2025-11-12 18:05:00-05:00,18
2025-11-12 23:08:00+00:00,BUY,MEC-A,2025-11-12 18:08:00-05:00,18
2025-11-12 23:15:00+00:00,BUY,MEC-A,2025-11-12 18:15:00-05:00,18
2025-11-12 23:31:00+00:00,SELL,MEC-A,2025-11-12 18:31:00-05:00,18
2025-11-12 23:38:00+00:00,SELL,MEC-A,2025-11-12 18:38:00-05:00,18
2025-11-12 23:40:00+00:00,SELL,MEC-A,2025-11-12 18:40:00-05:00,18
2025-11-12 23:49:00+00:00,SELL,MEC-A,2025-11-12 18:49:00-05:00,18
2025-11-12 23:50:00+00:00,SELL,MEC-A,2025-11-12 18:50:00-05:00,18
2025-11-13 01:09:00+00:00,BUY,MEC-A,2025-11-12 20:09:00-05:00,20
2025-11-13 01:12:00+00:00,SELL,MEC-A,2025-11-12 20:12:00-05:00,20
2025-11-13 01:15:00+00:00,SELL,MEC-A,2025-11-12 20:15:00-05:00,20
2025-11-13 01:17:00+00:00,SELL,MEC-A,2025-11-12 20:17:00-05:00,20
2025-11-13 01:18:00+00:00,SELL,MEC-A,2025-11-12 20:18:00-05:00,20
2025-11-13 01:25:00+00:00,SELL,MEC-A,2025-11-12 20:25:00-05:00,20
2025-11-13 01:26:00+00:00,SELL,MEC-A,2025-11-12 20:26:00-05:00,20
2025-11-13 01:30:00+00:00,SELL,MEC-A,2025-11-12 20:30:00-05:00,20
2025-11-13 01:31:00+00:00,SELL,MEC-A,2025-11-12 20:31:00-05:00,20
2025-11-13 01:32:00+00:00,SELL,MEC-A,2025-11-12 20:32:00-05:00,20
2025-11-13 01:37:00+00:00,BUY,MEC-A,2025-11-12 20:37:00-05:00,20
2025-11-13 01:40:00+00:00,BUY,MEC-A,2025-11-12 20:40:00-05:00,20
2025-11-13 01:43:00+00:00,BUY,MEC-A,2025-11-12 20:43:00-05:00,20
2025-11-13 01:53:00+00:00,BUY,MEC-A,2025-11-12 20:53:00-05:00,20
2025-11-13 01:56:00+00:00,BUY,MEC-A,2025-11-12 20:56:00-05:00,20
2025-11-13 01:57:00+00:00,BUY,MEC-A,2025-11-12 20:57:00-05:00,20
2025-11-13 02:01:00+00:00,BUY,MEC-A,2025-11-12 21:01:00-05:00,21
2025-11-13 02:08:00+00:00,BUY,MEC-A,2025-11-12 21:08:00-05:00,21
2025-11-13 02:09:00+00:00,BUY,MEC-A,2025-11-12 21:09:00-05:00,21
2025-11-13 02:13:00+00:00,BUY,MEC-A,2025-11-12 21:13:00-05:00,21
2025-11-13 02:17:00+00:00,BUY,MEC-A,2025-11-12 21:17:00-05:00,21
2025-11-13 02:22:00+00:00,SELL,MEC-A,2025-11-12 21:22:00-05:00,21
2025-11-13 02:24:00+00:00,SELL,MEC-A,2025-11-12 21:24:00-05:00,21
2025-11-13 02:30:00+00:00,SELL,MEC-A,2025-11-12 21:30:00-05:00,21
2025-11-13 02:40:00+00:00,BUY,MEC-A,2025-11-12 21:40:00-05:00,21
2025-11-13 02:43:00+00:00,BUY,MEC-A,2025-11-12 21:43:00-05:00,21
2025-11-13 02:54:00+00:00,BUY,MEC-A,2025-11-12 21:54:00-05:00,21
2025-11-13 02:57:00+00:00,BUY,MEC-A,2025-11-12 21:57:00-05:00,21
2025-11-13 04:02:00+00:00,BUY,MEC-A,2025-11-12 23:02:00-05:00,23
2025-11-13 04:04:00+00:00,BUY,MEC-A,2025-11-12 23:04:00-05:00,23
2025-11-13 04:06:00+00:00,BUY,MEC-A,2025-11-12 23:06:00-05:00,23
2025-11-13 04:07:00+00:00,BUY,MEC-A,2025-11-12 23:07:00-05:00,23
2025-11-13 04:13:00+00:00,BUY,MEC-A,2025-11-12 23:13:00-05:00,23
2025-11-13 04:17:00+00:00,SELL,MEC-A,2025-11-12 23:17:00-05:00,23
2025-11-13 04:18:00+00:00,SELL,MEC-A,2025-11-12 23:18:00-05:00,23
2025-11-13 04:20:00+00:00,SELL,MEC-A,2025-11-12 23:20:00-05:00,23
2025-11-13 04:22:00+00:00,SELL,MEC-A,2025-11-12 23:22:00-05:00,23
2025-11-13 04:23:00+00:00,SELL,MEC-A,2025-11-12 23:23:00-05:00,23
2025-11-13 04:25:00+00:00,SELL,MEC-A,2025-11-12 23:25:00-05:00,23
2025-11-13 04:27:00+00:00,SELL,MEC-A,2025-11-12 23:27:00-05:00,23
2025-11-13 04:32:00+00:00,SELL,MEC-A,2025-11-12 23:32:00-05:00,23
2025-11-13 04:33:00+00:00,SELL,MEC-A,2025-11-12 23:33:00-05:00,23
2025-11-13 04:43:00+00:00,SELL,MEC-A,2025-11-12 23:43:00-05:00,23
2025-11-13 04:58:00+00:00,BUY,MEC-A,2025-11-12 23:58:00-05:00,23
2025-11-13 05:02:00+00:00,BUY,MEC-A,2025-11-13 00:02:00-05:00,0
2025-11-13 05:05:00+00:00,BUY,MEC-A,2025-11-13 00:05:00-05:00,0
2025-11-13 05:06:00+00:00,BUY,MEC-A,2025-11-13 00:06:00-05:00,0
2025-11-13 05:07:00+00:00,BUY,MEC-A,2025-11-13 00:07:00-05:00,0
2025-11-13 05:08:00+00:00,BUY,MEC-A,2025-11-13 00:08:00-05:00,0
2025-11-13 05:10:00+00:00,BUY,MEC-A,2025-11-13 00:10:00-05:00,0
2025-11-13 05:14:00+00:00,BUY,MEC-A,2025-11-13 00:14:00-05:00,0
2025-11-13 05:24:00+00:00,SELL,MEC-A,2025-11-13 00:24:00-05:00,0
2025-11-13 05:27:00+00:00,SELL,MEC-A,2025-11-13 00:27:00-05:00,0
2025-11-13 05:36:00+00:00,SELL,MEC-A,2025-11-13 00:36:00-05:00,0
2025-11-13 05:51:00+00:00,SELL,MEC-A,2025-11-13 00:51:00-05:00,0
2025-11-13 06:00:00+00:00,SELL,MEC-A,2025-11-13 01:00:00-05:00,1
2025-11-13 06:01:00+00:00,SELL,MEC-A,2025-11-13 01:01:00-05:00,1
2025-11-13 06:03:00+00:00,SELL,MEC-A,2025-11-13 01:03:00-05:00,1
2025-11-13 06:11:00+00:00,SELL,MEC-A,2025-11-13 01:11:00-05:00,1
2025-11-13 06:15:00+00:00,SELL,MEC-A,2025-11-13 01:15:00-05:00,1
2025-11-13 06:27:00+00:00,BUY,MEC-A,2025-11-13 01:27:00-05:00,1
2025-11-13 06:38:00+00:00,SELL,MEC-A,2025-11-13 01:38:00-05:00,1
2025-11-13 06:42:00+00:00,SELL,MEC-A,2025-11-13 01:42:00-05:00,1
2025-11-13 06:44:00+00:00,SELL,MEC-A,2025-11-13 01:44:00-05:00,1
2025-11-13 06:51:00+00:00,BUY,MEC-A,2025-11-13 01:51:00-05:00,1
2025-11-13 06:53:00+00:00,BUY,MEC-A,2025-11-13 01:53:00-05:00,1
2025-11-13 06:54:00+00:00,BUY,MEC-A,2025-11-13 01:54:00-05:00,1
2025-11-13 07:00:00+00:00,BUY,MEC-A,2025-11-13 02:00:00-05:00,2
2025-11-13 07:03:00+00:00,BUY,MEC-A,2025-11-13 02:03:00-05:00,2
2025-11-13 07:12:00+00:00,SELL,MEC-A,2025-11-13 02:12:00-05:00,2
2025-11-13 07:23:00+00:00,BUY,MEC-A,2025-11-13 02:23:00-05:00,2
2025-11-13 07:24:00+00:00,BUY,MEC-A,2025-11-13 02:24:00-05:00,2
2025-11-13 07:25:00+00:00,BUY,MEC-A,2025-11-13 02:25:00-05:00,2
2025-11-13 07:29:00+00:00,BUY,MEC-A,2025-11-13 02:29:00-05:00,2
2025-11-13 07:31:00+00:00,BUY,MEC-A,2025-11-13 02:31:00-05:00,2
2025-11-13 07:32:00+00:00,BUY,MEC-A,2025-11-13 02:32:00-05:00,2
2025-11-13 07:35:00+00:00,SELL,MEC-A,2025-11-13 02:35:00-05:00,2
2025-11-13 07:49:00+00:00,SELL,MEC-A,2025-11-13 02:49:00-05:00,2
2025-11-13 07:59:00+00:00,BUY,MEC-A,2025-11-13 02:59:00-05:00,2
2025-11-13 08:00:00+00:00,BUY,MEC-A,2025-11-13 03:00:00-05:00,3
2025-11-13 08:02:00+00:00,BUY,MEC-A,2025-11-13 03:02:00-05:00,3
2025-11-13 08:03:00+00:00,BUY,MEC-A,2025-11-13 03:03:00-05:00,3
2025-11-13 08:07:00+00:00,BUY,MEC-A,2025-11-13 03:07:00-05:00,3
2025-11-13 08:09:00+00:00,BUY,MEC-A,2025-11-13 03:09:00-05:00,3
2025-11-13 08:13:00+00:00,BUY,MEC-A,2025-11-13 03:13:00-05:00,3
2025-11-13 08:14:00+00:00,BUY,MEC-A,2025-11-13 03:14:00-05:00,3
2025-11-13 08:19:00+00:00,BUY,MEC-A,2025-11-13 03:19:00-05:00,3
2025-11-13 08:22:00+00:00,BUY,MEC-A,2025-11-13 03:22:00-05:00,3
2025-11-13 08:31:00+00:00,BUY,MEC-A,2025-11-13 03:31:00-05:00,3
2025-11-13 08:39:00+00:00,SELL,MEC-A,2025-11-13 03:39:00-05:00,3
2025-11-13 08:45:00+00:00,SELL,MEC-A,2025-11-13 03:45:00-05:00,3
2025-11-13 08:58:00+00:00,SELL,MEC-A,2025-11-13 03:58:00-05:00,3
2025-11-13 09:01:00+00:00,SELL,MEC-A,2025-11-13 04:01:00-05:00,4
2025-11-13 09:02:00+00:00,SELL,MEC-A,2025-11-13 04:02:00-05:00,4
2025-11-13 09:07:00+00:00,SELL,MEC-A,2025-11-13 04:07:00-05:00,4
2025-11-13 09:10:00+00:00,SELL,MEC-A,2025-11-13 04:10:00-05:00,4
2025-11-13 09:11:00+00:00,SELL,MEC-A,2025-11-13 04:11:00-05:00,4
2025-11-13 09:14:00+00:00,SELL,MEC-A,2025-11-13 04:14:00-05:00,4
2025-11-13 09:17:00+00:00,BUY,MEC-A,2025-11-13 04:17:00-05:00,4
2025-11-13 09:18:00+00:00,BUY,MEC-A,2025-11-13 04:18:00-05:00,4
2025-11-13 09:28:00+00:00,SELL,MEC-A,2025-11-13 04:28:00-05:00,4
2025-11-13 09:29:00+00:00,SELL,MEC-A,2025-11-13 04:29:00-05:00,4
2025-11-13 09:36:00+00:00,SELL,MEC-A,2025-11-13 04:36:00-05:00,4
2025-11-13 09:39:00+00:00,SELL,MEC-A,2025-11-13 04:39:00-05:00,4
2025-11-13 09:42:00+00:00,SELL,MEC-A,2025-11-13 04:42:00-05:00,4
2025-11-13 10:09:00+00:00,BUY,MEC-A,2025-11-13 05:09:00-05:00,5
2025-11-13 10:10:00+00:00,BUY,MEC-A,2025-11-13 05:10:00-05:00,5
2025-11-13 10:16:00+00:00,BUY,MEC-A,2025-11-13 05:16:00-05:00,5
2025-11-13 10:18:00+00:00,BUY,MEC-A,2025-11-13 05:18:00-05:00,5
2025-11-13 10:20:00+00:00,BUY,MEC-A,2025-11-13 05:20:00-05:00,5
2025-11-13 10:29:00+00:00,SELL,MEC-A,2025-11-13 05:29:00-05:00,5
2025-11-13 10:30:00+00:00,SELL,MEC-A,2025-11-13 05:30:00-05:00,5
2025-11-13 10:34:00+00:00,SELL,MEC-A,2025-11-13 05:34:00-05:00,5
2025-11-13 10:35:00+00:00,SELL,MEC-A,2025-11-13 05:35:00-05:00,5
2025-11-13 10:37:00+00:00,SELL,MEC-A,2025-11-13 05:37:00-05:00,5
2025-11-13 10:41:00+00:00,SELL,MEC-A,2025-11-13 05:41:00-05:00,5
2025-11-13 10:48:00+00:00,SELL,MEC-A,2025-11-13 05:48:00-05:00,5
2025-11-13 10:50:00+00:00,SELL,MEC-A,2025-11-13 05:50:00-05:00,5
2025-11-13 10:51:00+00:00,SELL,MEC-A,2025-11-13 05:51:00-05:00,5
2025-11-13 10:52:00+00:00,SELL,MEC-A,2025-11-13 05:52:00-05:00,5
2025-11-13 10:53:00+00:00,SELL,MEC-A,2025-11-13 05:53:00-05:00,5
2025-11-13 10:55:00+00:00,SELL,MEC-A,2025-11-13 05:55:00-05:00,5
2025-11-13 10:57:00+00:00,SELL,MEC-A,2025-11-13 05:57:00-05:00,5
2025-11-13 10:58:00+00:00,SELL,MEC-A,2025-11-13 05:58:00-05:00,5
2025-11-13 11:00:00+00:00,SELL,MEC-A,2025-11-13 06:00:00-05:00,6
2025-11-13 11:03:00+00:00,SELL,MEC-A,2025-11-13 06:03:00-05:00,6
2025-11-13 11:11:00+00:00,SELL,MEC-A,2025-11-13 06:11:00-05:00,6
2025-11-13 11:17:00+00:00,SELL,MEC-A,2025-11-13 06:17:00-05:00,6
2025-11-13 11:18:00+00:00,SELL,MEC-A,2025-11-13 06:18:00-05:00,6
2025-11-13 11:20:00+00:00,SELL,MEC-A,2025-11-13 06:20:00-05:00,6
2025-11-13 11:22:00+00:00,SELL,MEC-A,2025-11-13 06:22:00-05:00,6
2025-11-13 11:25:00+00:00,SELL,MEC-A,2025-11-13 06:25:00-05:00,6
2025-11-13 11:27:00+00:00,SELL,MEC-A,2025-11-13 06:27:00-05:00,6
2025-11-13 11:32:00+00:00,SELL,MEC-A,2025-11-13 06:32:00-05:00,6
2025-11-13 11:35:00+00:00,BUY,MEC-A,2025-11-13 06:35:00-05:00,6
2025-11-13 11:39:00+00:00,BUY,MEC-A,2025-11-13 06:39:00-05:00,6
2025-11-13 11:41:00+00:00,BUY,MEC-B,2025-11-13 06:41:00-05:00,6
2025-11-13 11:42:00+00:00,BUY,MEC-A,2025-11-13 06:42:00-05:00,6
2025-11-13 11:44:00+00:00,BUY,MEC-A,2025-11-13 06:44:00-05:00,6
2025-11-13 11:47:00+00:00,BUY,MEC-A,2025-11-13 06:47:00-05:00,6
2025-11-13 11:48:00+00:00,BUY,MEC-A,2025-11-13 06:48:00-05:00,6
2025-11-13 11:50:00+00:00,BUY,MEC-A,2025-11-13 06:50:00-05:00,6
2025-11-13 11:51:00+00:00,BUY,MEC-A,2025-11-13 06:51:00-05:00,6
2025-11-13 11:54:00+00:00,BUY,MEC-A,2025-11-13 06:54:00-05:00,6
2025-11-13 12:00:00+00:00,BUY,MEC-A,2025-11-13 07:00:00-05:00,7
2025-11-13 12:08:00+00:00,BUY,MEC-A,2025-11-13 07:08:00-05:00,7
2025-11-13 12:12:00+00:00,BUY,MEC-A,2025-11-13 07:12:00-05:00,7
2025-11-13 12:14:00+00:00,BUY,MEC-A,2025-11-13 07:14:00-05:00,7
2025-11-13 12:19:00+00:00,BUY,MEC-A,2025-11-13 07:19:00-05:00,7
2025-11-13 12:21:00+00:00,BUY,MEC-A,2025-11-13 07:21:00-05:00,7
2025-11-13 12:47:00+00:00,BUY,MEC-A,2025-11-13 07:47:00-05:00,7
2025-11-13 12:52:00+00:00,BUY,MEC-A,2025-11-13 07:52:00-05:00,7
2025-11-13 12:54:00+00:00,BUY,MEC-A,2025-11-13 07:54:00-05:00,7
2025-11-13 12:56:00+00:00,BUY,MEC-A,2025-11-13 07:56:00-05:00,7
2025-11-13 12:58:00+00:00,BUY,MEC-A,2025-11-13 07:58:00-05:00,7
2025-11-13 13:03:00+00:00,SELL,MEC-A,2025-11-13 08:03:00-05:00,8
2025-11-13 13:05:00+00:00,SELL,MEC-A,2025-11-13 08:05:00-05:00,8
2025-11-13 13:06:00+00:00,SELL,MEC-A,2025-11-13 08:06:00-05:00,8
2025-11-13 13:10:00+00:00,SELL,MEC-A,2025-11-13 08:10:00-05:00,8
2025-11-13 13:22:00+00:00,BUY,MEC-A,2025-11-13 08:22:00-05:00,8
2025-11-13 13:24:00+00:00,BUY,MEC-A,2025-11-13 08:24:00-05:00,8
2025-11-13 13:31:00+00:00,SELL,MEC-A,2025-11-13 08:31:00-05:00,8
2025-11-13 13:33:00+00:00,SELL,MEC-A,2025-11-13 08:33:00-05:00,8
2025-11-13 13:35:00+00:00,SELL,MEC-A,2025-11-13 08:35:00-05:00,8
2025-11-13 13:38:00+00:00,SELL,MEC-A,2025-11-13 08:38:00-05:00,8
2025-11-13 13:41:00+00:00,SELL,MEC-A,2025-11-13 08:41:00-05:00,8
2025-11-13 13:43:00+00:00,BUY,MEC-A,2025-11-13 08:43:00-05:00,8
2025-11-13 13:52:00+00:00,BUY,MEC-A,2025-11-13 08:52:00-05:00,8
2025-11-13 13:54:00+00:00,BUY,MEC-A,2025-11-13 08:54:00-05:00,8
2025-11-13 13:59:00+00:00,BUY,MEC-A,2025-11-13 08:59:00-05:00,8
2025-11-13 15:09:00+00:00,SELL,MEC-A,2025-11-13 10:09:00-05:00,10
2025-11-13 15:16:00+00:00,SELL,MEC-A,2025-11-13 10:16:00-05:00,10
2025-11-13 15:21:00+00:00,SELL,MEC-A,2025-11-13 10:21:00-05:00,10
2025-11-13 15:22:00+00:00,SELL,MEC-A,2025-11-13 10:22:00-05:00,10
2025-11-13 15:25:00+00:00,SELL,MEC-A,2025-11-13 10:25:00-05:00,10
2025-11-13 15:26:00+00:00,SELL,MEC-A,2025-11-13 10:26:00-05:00,10
2025-11-13 15:32:00+00:00,SELL,MEC-A,2025-11-13 10:32:00-05:00,10
2025-11-13 15:33:00+00:00,SELL,MEC-A,2025-11-13 10:33:00-05:00,10
2025-11-13 15:45:00+00:00,SELL,MEC-A,2025-11-13 10:45:00-05:00,10
2025-11-13 15:51:00+00:00,SELL,MEC-A,2025-11-13 10:51:00-05:00,10
2025-11-13 15:54:00+00:00,SELL,MEC-A,2025-11-13 10:54:00-05:00,10
2025-11-13 15:57:00+00:00,BUY,MEC-A,2025-11-13 10:57:00-05:00,10
2025-11-13 15:58:00+00:00,BUY,MEC-A,2025-11-13 10:58:00-05:00,10
2025-11-13 15:59:00+00:00,BUY,MEC-A,2025-11-13 10:59:00-05:00,10
2025-11-13 17:11:00+00:00,SELL,MEC-A,2025-11-13 12:11:00-05:00,12
2025-11-13 17:14:00+00:00,SELL,MEC-A,2025-11-13 12:14:00-05:00,12
2025-11-13 17:16:00+00:00,SELL,MEC-A,2025-11-13 12:16:00-05:00,12
2025-11-13 17:27:00+00:00,BUY,MEC-A,2025-11-13 12:27:00-05:00,12
2025-11-13 17:33:00+00:00,BUY,MEC-A,2025-11-13 12:33:00-05:00,12
2025-11-13 17:34:00+00:00,BUY,MEC-A,2025-11-13 12:34:00-05:00,12
2025-11-13 17:42:00+00:00,SELL,MEC-A,2025-11-13 12:42:00-05:00,12
2025-11-13 17:43:00+00:00,SELL,MEC-A,2025-11-13 12:43:00-05:00,12
2025-11-13 17:45:00+00:00,SELL,MEC-A,2025-11-13 12:45:00-05:00,12
2025-11-13 17:56:00+00:00,SELL,MEC-A,2025-11-13 12:56:00-05:00,12
2025-11-14 13:19:00+00:00,SELL,MEC-A,2025-11-14 08:19:00-05:00,8
2025-11-14 13:22:00+00:00,SELL,MEC-A,2025-11-14 08:22:00-05:00,8
2025-11-14 13:23:00+00:00,SELL,MEC-A,2025-11-14 08:23:00-05:00,8
2025-11-14 13:25:00+00:00,SELL,MEC-A,2025-11-14 08:25:00-05:00,8
2025-11-14 13:26:00+00:00,SELL,MEC-A,2025-11-14 08:26:00-05:00,8
2025-11-14 13:28:00+00:00,SELL,MEC-A,2025-11-14 08:28:00-05:00,8
2025-11-14 13:29:00+00:00,SELL,MEC-A,2025-11-14 08:29:00-05:00,8
2025-11-14 13:34:00+00:00,SELL,MEC-A,2025-11-14 08:34:00-05:00,8
2025-11-14 13:50:00+00:00,SELL,MEC-A,2025-11-14 08:50:00-05:00,8
2025-11-14 14:01:00+00:00,SELL,MEC-A,2025-11-14 09:01:00-05:00,9
2025-11-14 14:20:00+00:00,BUY,MEC-A,2025-11-14 09:20:00-05:00,9
2025-11-14 14:21:00+00:00,BUY,MEC-A,2025-11-14 09:21:00-05:00,9
2025-11-14 14:32:00+00:00,SELL,MEC-A,2025-11-14 09:32:00-05:00,9
2025-11-14 14:33:00+00:00,SELL,MEC-A,2025-11-14 09:33:00-05:00,9
2025-11-14 14:37:00+00:00,BUY,MEC-A,2025-11-14 09:37:00-05:00,9
2025-11-14 14:38:00+00:00,BUY,MEC-A,2025-11-14 09:38:00-05:00,9
2025-11-14 14:39:00+00:00,BUY,MEC-A,2025-11-14 09:39:00-05:00,9
2025-11-14 14:41:00+00:00,BUY,MEC-A,2025-11-14 09:41:00-05:00,9
2025-11-14 14:47:00+00:00,BUY,MEC-A,2025-11-14 09:47:00-05:00,9
2025-11-14 14:49:00+00:00,SELL,MEC-A,2025-11-14 09:49:00-05:00,9
2025-11-14 14:52:00+00:00,BUY,MEC-A,2025-11-14 09:52:00-05:00,9
2025-11-14 14:53:00+00:00,BUY,MEC-A,2025-11-14 09:53:00-05:00,9
2025-11-14 14:58:00+00:00,BUY,MEC-A,2025-11-14 09:58:00-05:00,9
2025-11-14 14:59:00+00:00,BUY,MEC-A,2025-11-14 09:59:00-05:00,9
2025-11-14 15:03:00+00:00,SELL,MEC-A,2025-11-14 10:03:00-05:00,10
2025-11-14 15:07:00+00:00,SELL,MEC-A,2025-11-14 10:07:00-05:00,10
2025-11-14 15:22:00+00:00,SELL,MEC-A,2025-11-14 10:22:00-05:00,10
2025-11-14 15:23:00+00:00,SELL,MEC-A,2025-11-14 10:23:00-05:00,10
2025-11-14 15:41:00+00:00,SELL,MEC-A,2025-11-14 10:41:00-05:00,10
2025-11-14 15:44:00+00:00,SELL,MEC-A,2025-11-14 10:44:00-05:00,10
2025-11-14 15:47:00+00:00,BUY,MEC-A,2025-11-14 10:47:00-05:00,10
2025-11-14 15:48:00+00:00,BUY,MEC-A,2025-11-14 10:48:00-05:00,10
2025-11-14 15:50:00+00:00,BUY,MEC-A,2025-11-14 10:50:00-05:00,10
2025-11-14 15:57:00+00:00,BUY,MEC-A,2025-11-14 10:57:00-05:00,10
2025-11-14 15:58:00+00:00,BUY,MEC-A,2025-11-14 10:58:00-05:00,10
2025-11-14 16:02:00+00:00,BUY,MEC-A,2025-11-14 11:02:00-05:00,11
2025-11-14 16:17:00+00:00,BUY,MEC-A,2025-11-14 11:17:00-05:00,11
2025-11-14 16:18:00+00:00,BUY,MEC-A,2025-11-14 11:18:00-05:00,11
2025-11-14 16:19:00+00:00,BUY,MEC-A,2025-11-14 11:19:00-05:00,11
2025-11-14 16:22:00+00:00,BUY,MEC-A,2025-11-14 11:22:00-05:00,11
2025-11-14 16:25:00+00:00,BUY,MEC-A,2025-11-14 11:25:00-05:00,11
2025-11-14 16:37:00+00:00,BUY,MEC-A,2025-11-14 11:37:00-05:00,11
2025-11-14 16:38:00+00:00,BUY,MEC-A,2025-11-14 11:38:00-05:00,11
2025-11-14 16:40:00+00:00,BUY,MEC-A,2025-11-14 11:40:00-05:00,11
2025-11-14 16:46:00+00:00,BUY,MEC-A,2025-11-14 11:46:00-05:00,11
2025-11-14 16:48:00+00:00,BUY,MEC-A,2025-11-14 11:48:00-05:00,11
2025-11-14 16:55:00+00:00,SELL,MEC-A,2025-11-14 11:55:00-05:00,11
2025-11-14 17:00:00+00:00,SELL,MEC-A,2025-11-14 12:00:00-05:00,12
2025-11-14 17:03:00+00:00,BUY,MEC-A,2025-11-14 12:03:00-05:00,12
2025-11-14 17:04:00+00:00,BUY,MEC-A,2025-11-14 12:04:00-05:00,12
2025-11-14 17:07:00+00:00,SELL,MEC-A,2025-11-14 12:07:00-05:00,12
2025-11-14 17:08:00+00:00,SELL,MEC-A,2025-11-14 12:08:00-05:00,12
2025-11-14 17:12:00+00:00,SELL,MEC-A,2025-11-14 12:12:00-05:00,12
2025-11-14 17:25:00+00:00,SELL,MEC-A,2025-11-14 12:25:00-05:00,12
2025-11-14 17:31:00+00:00,BUY,MEC-A,2025-11-14 12:31:00-05:00,12
2025-11-14 17:34:00+00:00,BUY,MEC-A,2025-11-14 12:34:00-05:00,12
2025-11-14 17:35:00+00:00,BUY,MEC-A,2025-11-14 12:35:00-05:00,12
2025-11-14 17:45:00+00:00,SELL,MEC-A,2025-11-14 12:45:00-05:00,12
2025-11-14 17:48:00+00:00,SELL,MEC-A,2025-11-14 12:48:00-05:00,12
2025-11-14 17:50:00+00:00,SELL,MEC-A,2025-11-14 12:50:00-05:00,12
2025-11-14 17:55:00+00:00,SELL,MEC-A,2025-11-14 12:55:00-05:00,12
2025-11-14 18:00:00+00:00,SELL,MEC-A,2025-11-14 13:00:00-05:00,13
2025-11-14 18:03:00+00:00,SELL,MEC-A,2025-11-14 13:03:00-05:00,13
2025-11-14 18:12:00+00:00,BUY,MEC-A,2025-11-14 13:12:00-05:00,13
2025-11-14 18:17:00+00:00,SELL,MEC-A,2025-11-14 13:17:00-05:00,13
2025-11-14 18:20:00+00:00,SELL,MEC-A,2025-11-14 13:20:00-05:00,13
2025-11-14 18:21:00+00:00,SELL,MEC-A,2025-11-14 13:21:00-05:00,13
2025-11-14 18:32:00+00:00,BUY,MEC-A,2025-11-14 13:32:00-05:00,13
2025-11-14 18:34:00+00:00,BUY,MEC-A,2025-11-14 13:34:00-05:00,13
2025-11-14 18:37:00+00:00,BUY,MEC-A,2025-11-14 13:37:00-05:00,13
2025-11-14 18:38:00+00:00,BUY,MEC-A,2025-11-14 13:38:00-05:00,13
2025-11-14 18:50:00+00:00,BUY,MEC-A,2025-11-14 13:50:00-05:00,13
2025-11-14 18:51:00+00:00,BUY,MEC-A,2025-11-14 13:51:00-05:00,13
2025-11-14 18:52:00+00:00,BUY,MEC-A,2025-11-14 13:52:00-05:00,13
2025-11-14 18:58:00+00:00,BUY,MEC-A,2025-11-14 13:58:00-05:00,13
2025-11-14 19:00:00+00:00,BUY,MEC-A,2025-11-14 14:00:00-05:00,14
2025-11-14 19:04:00+00:00,SELL,MEC-A,2025-11-14 14:04:00-05:00,14
2025-11-14 19:05:00+00:00,SELL,MEC-A,2025-11-14 14:05:00-05:00,14
2025-11-14 19:07:00+00:00,SELL,MEC-A,2025-11-14 14:07:00-05:00,14
2025-11-14 19:11:00+00:00,SELL,MEC-A,2025-11-14 14:11:00-05:00,14
2025-11-14 19:13:00+00:00,SELL,MEC-A,2025-11-14 14:13:00-05:00,14
2025-11-14 19:16:00+00:00,SELL,MEC-A,2025-11-14 14:16:00-05:00,14
2025-11-14 19:17:00+00:00,SELL,MEC-A,2025-11-14 14:17:00-05:00,14
2025-11-14 19:23:00+00:00,SELL,MEC-A,2025-11-14 14:23:00-05:00,14
2025-11-14 19:28:00+00:00,SELL,MEC-A,2025-11-14 14:28:00-05:00,14
2025-11-14 19:31:00+00:00,SELL,MEC-A,2025-11-14 14:31:00-05:00,14
2025-11-14 19:34:00+00:00,SELL,MEC-A,2025-11-14 14:34:00-05:00,14
2025-11-14 19:38:00+00:00,BUY,MEC-A,2025-11-14 14:38:00-05:00,14
2025-11-14 19:52:00+00:00,BUY,MEC-A,2025-11-14 14:52:00-05:00,14
2025-11-14 19:54:00+00:00,BUY,MEC-A,2025-11-14 14:54:00-05:00,14
2025-11-14 19:56:00+00:00,SELL,MEC-A,2025-11-14 14:56:00-05:00,14
2025-11-14 19:58:00+00:00,SELL,MEC-A,2025-11-14 14:58:00-05:00,14
2025-11-14 20:02:00+00:00,SELL,MEC-A,2025-11-14 15:02:00-05:00,15
2025-11-14 20:03:00+00:00,SELL,MEC-A,2025-11-14 15:03:00-05:00,15
2025-11-14 20:10:00+00:00,BUY,MEC-A,2025-11-14 15:10:00-05:00,15
2025-11-14 20:18:00+00:00,SELL,MEC-A,2025-11-14 15:18:00-05:00,15
2025-11-14 20:20:00+00:00,SELL,MEC-A,2025-11-14 15:20:00-05:00,15
2025-11-14 20:21:00+00:00,SELL,MEC-A,2025-11-14 15:21:00-05:00,15
2025-11-14 20:26:00+00:00,SELL,MEC-A,2025-11-14 15:26:00-05:00,15
2025-11-14 20:39:00+00:00,BUY,MEC-A,2025-11-14 15:39:00-05:00,15
2025-11-14 20:46:00+00:00,BUY,MEC-A,2025-11-14 15:46:00-05:00,15
2025-11-14 20:50:00+00:00,SELL,MEC-A,2025-11-14 15:50:00-05:00,15
2025-11-14 20:54:00+00:00,SELL,MEC-A,2025-11-14 15:54:00-05:00,15
2025-11-14 21:00:00+00:00,SELL,MEC-A,2025-11-14 16:00:00-05:00,16
2025-11-14 21:04:00+00:00,SELL,MEC-A,2025-11-14 16:04:00-05:00,16
2025-11-14 21:05:00+00:00,SELL,MEC-A,2025-11-14 16:05:00-05:00,16
2025-11-14 21:06:00+00:00,SELL,MEC-A,2025-11-14 16:06:00-05:00,16
2025-11-14 21:08:00+00:00,SELL,MEC-A,2025-11-14 16:08:00-05:00,16
2025-11-14 21:09:00+00:00,SELL,MEC-A,2025-11-14 16:09:00-05:00,16
2025-11-14 21:13:00+00:00,SELL,MEC-A,2025-11-14 16:13:00-05:00,16
2025-11-14 21:15:00+00:00,BUY,MEC-A,2025-11-14 16:15:00-05:00,16
2025-11-14 21:16:00+00:00,BUY,MEC-A,2025-11-14 16:16:00-05:00,16
2025-11-14 21:24:00+00:00,BUY,MEC-A,2025-11-14 16:24:00-05:00,16
2025-11-14 21:25:00+00:00,BUY,MEC-A,2025-11-14 16:25:00-05:00,16
2025-11-14 21:34:00+00:00,BUY,MEC-A,2025-11-14 16:34:00-05:00,16
2025-11-14 21:35:00+00:00,SELL,MEC-A,2025-11-14 16:35:00-05:00,16
2025-11-14 21:38:00+00:00,SELL,MEC-A,2025-11-14 16:38:00-05:00,16
2025-11-14 21:39:00+00:00,SELL,MEC-A,2025-11-14 16:39:00-05:00,16
2025-11-14 21:49:00+00:00,SELL,MEC-A,2025-11-14 16:49:00-05:00,16
2025-11-14 21:52:00+00:00,BUY,MEC-A,2025-11-14 16:52:00-05:00,16
2025-11-14 21:54:00+00:00,BUY,MEC-A,2025-11-14 16:54:00-05:00,16
2025-11-17 05:14:00+00:00,SELL,MEC-A,2025-11-17 00:14:00-05:00,0
2025-11-17 05:17:00+00:00,SELL,MEC-A,2025-11-17 00:17:00-05:00,0
2025-11-17 05:24:00+00:00,SELL,MEC-A,2025-11-17 00:24:00-05:00,0
2025-11-17 05:25:00+00:00,SELL,MEC-A,2025-11-17 00:25:00-05:00,0
2025-11-17 05:30:00+00:00,SELL,MEC-A,2025-11-17 00:30:00-05:00,0
2025-11-17 05:32:00+00:00,SELL,MEC-A,2025-11-17 00:32:00-05:00,0
2025-11-17 05:36:00+00:00,SELL,MEC-A,2025-11-17 00:36:00-05:00,0
2025-11-17 05:40:00+00:00,SELL,MEC-A,2025-11-17 00:40:00-05:00,0
2025-11-17 05:43:00+00:00,BUY,MEC-A,2025-11-17 00:43:00-05:00,0
2025-11-17 05:44:00+00:00,BUY,MEC-A,2025-11-17 00:44:00-05:00,0
2025-11-17 05:45:00+00:00,BUY,MEC-A,2025-11-17 00:45:00-05:00,0
2025-11-17 05:50:00+00:00,BUY,MEC-A,2025-11-17 00:50:00-05:00,0
2025-11-17 05:55:00+00:00,SELL,MEC-A,2025-11-17 00:55:00-05:00,0
2025-11-17 06:00:00+00:00,BUY,MEC-A,2025-11-17 01:00:00-05:00,1
2025-11-17 06:04:00+00:00,BUY,MEC-A,2025-11-17 01:04:00-05:00,1
2025-11-17 06:17:00+00:00,BUY,MEC-A,2025-11-17 01:17:00-05:00,1
2025-11-17 06:18:00+00:00,BUY,MEC-A,2025-11-17 01:18:00-05:00,1
2025-11-17 06:27:00+00:00,BUY,MEC-A,2025-11-17 01:27:00-05:00,1
2025-11-17 06:28:00+00:00,BUY,MEC-A,2025-11-17 01:28:00-05:00,1
2025-11-17 06:30:00+00:00,BUY,MEC-A,2025-11-17 01:30:00-05:00,1
2025-11-17 06:32:00+00:00,BUY,MEC-A,2025-11-17 01:32:00-05:00,1
2025-11-17 06:35:00+00:00,BUY,MEC-A,2025-11-17 01:35:00-05:00,1
2025-11-17 06:36:00+00:00,BUY,MEC-A,2025-11-17 01:36:00-05:00,1
2025-11-17 06:38:00+00:00,BUY,MEC-A,2025-11-17 01:38:00-05:00,1
2025-11-17 06:56:00+00:00,SELL,MEC-A,2025-11-17 01:56:00-05:00,1
2025-11-17 07:01:00+00:00,BUY,MEC-A,2025-11-17 02:01:00-05:00,2
2025-11-17 07:02:00+00:00,BUY,MEC-A,2025-11-17 02:02:00-05:00,2
2025-11-17 07:08:00+00:00,BUY,MEC-A,2025-11-17 02:08:00-05:00,2
2025-11-17 07:10:00+00:00,BUY,MEC-A,2025-11-17 02:10:00-05:00,2
2025-11-17 07:12:00+00:00,BUY,MEC-A,2025-11-17 02:12:00-05:00,2
2025-11-17 07:16:00+00:00,BUY,MEC-A,2025-11-17 02:16:00-05:00,2
2025-11-17 07:19:00+00:00,BUY,MEC-A,2025-11-17 02:19:00-05:00,2
2025-11-17 07:27:00+00:00,BUY,MEC-A,2025-11-17 02:27:00-05:00,2
2025-11-17 07:29:00+00:00,BUY,MEC-A,2025-11-17 02:29:00-05:00,2
2025-11-17 07:31:00+00:00,BUY,MEC-A,2025-11-17 02:31:00-05:00,2
2025-11-17 07:34:00+00:00,BUY,MEC-A,2025-11-17 02:34:00-05:00,2
2025-11-17 07:36:00+00:00,BUY,MEC-A,2025-11-17 02:36:00-05:00,2
2025-11-17 07:38:00+00:00,BUY,MEC-A,2025-11-17 02:38:00-05:00,2
2025-11-17 07:39:00+00:00,BUY,MEC-A,2025-11-17 02:39:00-05:00,2
2025-11-17 07:42:00+00:00,BUY,MEC-A,2025-11-17 02:42:00-05:00,2
2025-11-17 07:43:00+00:00,BUY,MEC-A,2025-11-17 02:43:00-05:00,2
2025-11-17 07:44:00+00:00,BUY,MEC-A,2025-11-17 02:44:00-05:00,2
2025-11-17 07:45:00+00:00,BUY,MEC-A,2025-11-17 02:45:00-05:00,2
2025-11-17 07:46:00+00:00,BUY,MEC-A,2025-11-17 02:46:00-05:00,2
2025-11-17 07:50:00+00:00,BUY,MEC-A,2025-11-17 02:50:00-05:00,2
2025-11-17 07:54:00+00:00,BUY,MEC-A,2025-11-17 02:54:00-05:00,2
2025-11-17 07:55:00+00:00,BUY,MEC-A,2025-11-17 02:55:00-05:00,2
2025-11-17 07:58:00+00:00,BUY,MEC-A,2025-11-17 02:58:00-05:00,2
2025-11-17 08:02:00+00:00,BUY,MEC-A,2025-11-17 03:02:00-05:00,3
2025-11-17 08:07:00+00:00,BUY,MEC-A,2025-11-17 03:07:00-05:00,3
2025-11-17 08:20:00+00:00,SELL,MEC-A,2025-11-17 03:20:00-05:00,3
2025-11-17 08:22:00+00:00,SELL,MEC-A,2025-11-17 03:22:00-05:00,3
2025-11-17 08:24:00+00:00,SELL,MEC-A,2025-11-17 03:24:00-05:00,3
2025-11-17 08:33:00+00:00,SELL,MEC-A,2025-11-17 03:33:00-05:00,3
2025-11-17 08:35:00+00:00,SELL,MEC-A,2025-11-17 03:35:00-05:00,3
2025-11-17 08:38:00+00:00,SELL,MEC-A,2025-11-17 03:38:00-05:00,3
2025-11-17 08:40:00+00:00,SELL,MEC-A,2025-11-17 03:40:00-05:00,3
2025-11-17 08:42:00+00:00,SELL,MEC-A,2025-11-17 03:42:00-05:00,3
2025-11-17 08:43:00+00:00,SELL,MEC-A,2025-11-17 03:43:00-05:00,3
2025-11-17 08:47:00+00:00,SELL,MEC-A,2025-11-17 03:47:00-05:00,3
2025-11-17 08:48:00+00:00,SELL,MEC-A,2025-11-17 03:48:00-05:00,3
2025-11-17 09:09:00+00:00,BUY,MEC-A,2025-11-17 04:09:00-05:00,4
2025-11-17 09:11:00+00:00,BUY,MEC-A,2025-11-17 04:11:00-05:00,4
2025-11-17 09:13:00+00:00,BUY,MEC-A,2025-11-17 04:13:00-05:00,4
2025-11-17 09:14:00+00:00,BUY,MEC-A,2025-11-17 04:14:00-05:00,4
2025-11-17 09:17:00+00:00,BUY,MEC-A,2025-11-17 04:17:00-05:00,4
2025-11-17 09:20:00+00:00,BUY,MEC-A,2025-11-17 04:20:00-05:00,4
2025-11-17 09:23:00+00:00,BUY,MEC-A,2025-11-17 04:23:00-05:00,4
2025-11-17 09:25:00+00:00,BUY,MEC-A,2025-11-17 04:25:00-05:00,4
2025-11-17 09:32:00+00:00,BUY,MEC-A,2025-11-17 04:32:00-05:00,4
2025-11-17 09:33:00+00:00,BUY,MEC-A,2025-11-17 04:33:00-05:00,4
2025-11-17 09:34:00+00:00,BUY,MEC-A,2025-11-17 04:34:00-05:00,4
2025-11-17 09:37:00+00:00,BUY,MEC-A,2025-11-17 04:37:00-05:00,4
2025-11-17 09:47:00+00:00,SELL,MEC-A,2025-11-17 04:47:00-05:00,4
2025-11-17 09:51:00+00:00,SELL,MEC-A,2025-11-17 04:51:00-05:00,4
2025-11-17 09:53:00+00:00,SELL,MEC-A,2025-11-17 04:53:00-05:00,4
2025-11-17 09:58:00+00:00,SELL,MEC-A,2025-11-17 04:58:00-05:00,4
2025-11-17 09:59:00+00:00,SELL,MEC-A,2025-11-17 04:59:00-05:00,4
2025-11-17 10:01:00+00:00,BUY,MEC-A,2025-11-17 05:01:00-05:00,5
2025-11-17 10:02:00+00:00,BUY,MEC-A,2025-11-17 05:02:00-05:00,5
2025-11-17 10:05:00+00:00,BUY,MEC-A,2025-11-17 05:05:00-05:00,5
2025-11-17 10:09:00+00:00,BUY,MEC-A,2025-11-17 05:09:00-05:00,5
2025-11-17 10:11:00+00:00,BUY,MEC-A,2025-11-17 05:11:00-05:00,5
2025-11-17 10:16:00+00:00,BUY,MEC-A,2025-11-17 05:16:00-05:00,5
2025-11-17 10:17:00+00:00,BUY,MEC-A,2025-11-17 05:17:00-05:00,5
2025-11-17 10:20:00+00:00,BUY,MEC-A,2025-11-17 05:20:00-05:00,5
2025-11-17 10:22:00+00:00,BUY,MEC-A,2025-11-17 05:22:00-05:00,5
2025-11-17 10:29:00+00:00,SELL,MEC-A,2025-11-17 05:29:00-05:00,5
2025-11-17 10:30:00+00:00,SELL,MEC-A,2025-11-17 05:30:00-05:00,5
2025-11-17 10:31:00+00:00,SELL,MEC-A,2025-11-17 05:31:00-05:00,5
2025-11-17 10:34:00+00:00,SELL,MEC-A,2025-11-17 05:34:00-05:00,5
2025-11-17 10:38:00+00:00,SELL,MEC-A,2025-11-17 05:38:00-05:00,5
2025-11-17 10:39:00+00:00,SELL,MEC-A,2025-11-17 05:39:00-05:00,5
2025-11-17 10:40:00+00:00,SELL,MEC-A,2025-11-17 05:40:00-05:00,5
2025-11-17 10:43:00+00:00,SELL,MEC-A,2025-11-17 05:43:00-05:00,5
2025-11-17 10:44:00+00:00,SELL,MEC-A,2025-11-17 05:44:00-05:00,5
2025-11-17 10:49:00+00:00,SELL,MEC-A,2025-11-17 05:49:00-05:00,5
2025-11-17 10:50:00+00:00,SELL,MEC-A,2025-11-17 05:50:00-05:00,5
2025-11-17 10:51:00+00:00,SELL,MEC-A,2025-11-17 05:51:00-05:00,5
2025-11-17 10:53:00+00:00,SELL,MEC-A,2025-11-17 05:53:00-05:00,5
2025-11-17 11:00:00+00:00,SELL,MEC-A,2025-11-17 06:00:00-05:00,6
2025-11-17 11:02:00+00:00,SELL,MEC-A,2025-11-17 06:02:00-05:00,6
2025-11-17 11:03:00+00:00,SELL,MEC-A,2025-11-17 06:03:00-05:00,6
2025-11-17 11:13:00+00:00,SELL,MEC-A,2025-11-17 06:13:00-05:00,6
2025-11-17 11:24:00+00:00,SELL,MEC-A,2025-11-17 06:24:00-05:00,6
2025-11-17 11:25:00+00:00,SELL,MEC-A,2025-11-17 06:25:00-05:00,6
2025-11-17 11:34:00+00:00,BUY,MEC-A,2025-11-17 06:34:00-05:00,6
2025-11-17 11:35:00+00:00,BUY,MEC-A,2025-11-17 06:35:00-05:00,6
2025-11-17 11:39:00+00:00,BUY,MEC-A,2025-11-17 06:39:00-05:00,6
2025-11-17 11:50:00+00:00,BUY,MEC-A,2025-11-17 06:50:00-05:00,6
2025-11-17 11:51:00+00:00,BUY,MEC-A,2025-11-17 06:51:00-05:00,6
2025-11-17 11:52:00+00:00,BUY,MEC-A,2025-11-17 06:52:00-05:00,6
2025-11-17 11:54:00+00:00,BUY,MEC-A,2025-11-17 06:54:00-05:00,6
2025-11-17 12:13:00+00:00,SELL,MEC-A,2025-11-17 07:13:00-05:00,7
2025-11-17 12:16:00+00:00,SELL,MEC-A,2025-11-17 07:16:00-05:00,7
2025-11-17 12:20:00+00:00,SELL,MEC-A,2025-11-17 07:20:00-05:00,7
2025-11-17 12:21:00+00:00,SELL,MEC-A,2025-11-17 07:21:00-05:00,7
2025-11-17 12:31:00+00:00,BUY,MEC-A,2025-11-17 07:31:00-05:00,7
2025-11-17 12:37:00+00:00,BUY,MEC-A,2025-11-17 07:37:00-05:00,7
2025-11-17 12:44:00+00:00,BUY,MEC-A,2025-11-17 07:44:00-05:00,7
2025-11-17 12:47:00+00:00,SELL,MEC-A,2025-11-17 07:47:00-05:00,7
2025-11-17 12:50:00+00:00,SELL,MEC-A,2025-11-17 07:50:00-05:00,7
2025-11-17 12:51:00+00:00,SELL,MEC-A,2025-11-17 07:51:00-05:00,7
2025-11-17 12:59:00+00:00,SELL,MEC-A,2025-11-17 07:59:00-05:00,7
2025-11-17 13:01:00+00:00,BUY,MEC-A,2025-11-17 08:01:00-05:00,8
2025-11-17 13:02:00+00:00,BUY,MEC-A,2025-11-17 08:02:00-05:00,8
2025-11-17 13:03:00+00:00,BUY,MEC-A,2025-11-17 08:03:00-05:00,8
2025-11-17 13:05:00+00:00,BUY,MEC-A,2025-11-17 08:05:00-05:00,8
2025-11-17 13:12:00+00:00,BUY,MEC-A,2025-11-17 08:12:00-05:00,8
2025-11-17 13:14:00+00:00,BUY,MEC-A,2025-11-17 08:14:00-05:00,8
2025-11-17 13:19:00+00:00,BUY,MEC-A,2025-11-17 08:19:00-05:00,8
2025-11-17 13:23:00+00:00,SELL,MEC-A,2025-11-17 08:23:00-05:00,8
2025-11-17 13:24:00+00:00,SELL,MEC-A,2025-11-17 08:24:00-05:00,8
2025-11-17 13:27:00+00:00,SELL,MEC-A,2025-11-17 08:27:00-05:00,8
2025-11-17 13:31:00+00:00,SELL,MEC-A,2025-11-17 08:31:00-05:00,8
2025-11-17 13:35:00+00:00,SELL,MEC-A,2025-11-17 08:35:00-05:00,8
2025-11-17 13:37:00+00:00,SELL,MEC-A,2025-11-17 08:37:00-05:00,8
2025-11-17 13:41:00+00:00,SELL,MEC-A,2025-11-17 08:41:00-05:00,8
2025-11-17 13:45:00+00:00,SELL,MEC-A,2025-11-17 08:45:00-05:00,8
2025-11-17 13:49:00+00:00,SELL,MEC-A,2025-11-17 08:49:00-05:00,8
2025-11-17 13:50:00+00:00,SELL,MEC-A,2025-11-17 08:50:00-05:00,8
2025-11-17 13:58:00+00:00,SELL,MEC-A,2025-11-17 08:58:00-05:00,8
2025-11-17 14:00:00+00:00,SELL,MEC-A,2025-11-17 09:00:00-05:00,9
2025-11-17 14:03:00+00:00,SELL,MEC-A,2025-11-17 09:03:00-05:00,9
2025-11-17 14:06:00+00:00,BUY,MEC-A,2025-11-17 09:06:00-05:00,9
2025-11-17 14:09:00+00:00,BUY,MEC-A,2025-11-17 09:09:00-05:00,9
2025-11-17 14:10:00+00:00,BUY,MEC-A,2025-11-17 09:10:00-05:00,9
2025-11-17 14:11:00+00:00,BUY,MEC-A,2025-11-17 09:11:00-05:00,9
2025-11-17 14:14:00+00:00,BUY,MEC-A,2025-11-17 09:14:00-05:00,9
2025-11-17 14:33:00+00:00,BUY,MEC-A,2025-11-17 09:33:00-05:00,9
2025-11-17 14:34:00+00:00,BUY,MEC-A,2025-11-17 09:34:00-05:00,9
2025-11-17 14:35:00+00:00,BUY,MEC-A,2025-11-17 09:35:00-05:00,9
2025-11-17 14:36:00+00:00,BUY,MEC-A,2025-11-17 09:36:00-05:00,9
2025-11-17 14:37:00+00:00,BUY,MEC-A,2025-11-17 09:37:00-05:00,9
2025-11-17 14:42:00+00:00,BUY,MEC-A,2025-11-17 09:42:00-05:00,9
2025-11-17 14:45:00+00:00,BUY,MEC-A,2025-11-17 09:45:00-05:00,9
2025-11-17 14:50:00+00:00,BUY,MEC-A,2025-11-17 09:50:00-05:00,9
2025-11-17 14:58:00+00:00,BUY,MEC-A,2025-11-17 09:58:00-05:00,9
2025-11-17 15:00:00+00:00,SELL,MEC-A,2025-11-17 10:00:00-05:00,10
2025-11-17 15:04:00+00:00,SELL,MEC-A,2025-11-17 10:04:00-05:00,10
2025-11-17 15:07:00+00:00,SELL,MEC-A,2025-11-17 10:07:00-05:00,10
2025-11-17 15:08:00+00:00,SELL,MEC-A,2025-11-17 10:08:00-05:00,10
2025-11-17 15:18:00+00:00,SELL,MEC-A,2025-11-17 10:18:00-05:00,10
2025-11-17 15:19:00+00:00,SELL,MEC-A,2025-11-17 10:19:00-05:00,10
2025-11-17 15:23:00+00:00,BUY,MEC-A,2025-11-17 10:23:00-05:00,10
2025-11-17 15:24:00+00:00,BUY,MEC-A,2025-11-17 10:24:00-05:00,10
2025-11-17 15:27:00+00:00,BUY,MEC-A,2025-11-17 10:27:00-05:00,10
2025-11-17 15:28:00+00:00,BUY,MEC-A,2025-11-17 10:28:00-05:00,10
2025-11-17 15:34:00+00:00,BUY,MEC-A,2025-11-17 10:34:00-05:00,10
2025-11-17 15:36:00+00:00,BUY,MEC-A,2025-11-17 10:36:00-05:00,10
2025-11-17 15:38:00+00:00,BUY,MEC-A,2025-11-17 10:38:00-05:00,10
2025-11-17 15:49:00+00:00,SELL,MEC-A,2025-11-17 10:49:00-05:00,10
2025-11-17 15:50:00+00:00,SELL,MEC-A,2025-11-17 10:50:00-05:00,10
2025-11-17 15:56:00+00:00,SELL,MEC-A,2025-11-17 10:56:00-05:00,10
2025-11-17 17:01:00+00:00,BUY,MEC-A,2025-11-17 12:01:00-05:00,12
2025-11-17 17:11:00+00:00,BUY,MEC-A,2025-11-17 12:11:00-05:00,12
2025-11-17 17:16:00+00:00,BUY,MEC-A,2025-11-17 12:16:00-05:00,12
2025-11-17 17:17:00+00:00,BUY,MEC-A,2025-11-17 12:17:00-05:00,12
2025-11-17 17:18:00+00:00,BUY,MEC-A,2025-11-17 12:18:00-05:00,12
2025-11-17 17:20:00+00:00,BUY,MEC-A,2025-11-17 12:20:00-05:00,12
2025-11-17 17:22:00+00:00,BUY,MEC-A,2025-11-17 12:22:00-05:00,12
2025-11-17 17:26:00+00:00,BUY,MEC-A,2025-11-17 12:26:00-05:00,12
2025-11-17 17:32:00+00:00,BUY,MEC-A,2025-11-17 12:32:00-05:00,12
2025-11-17 17:33:00+00:00,BUY,MEC-A,2025-11-17 12:33:00-05:00,12
2025-11-17 17:44:00+00:00,SELL,MEC-A,2025-11-17 12:44:00-05:00,12
2025-11-17 17:45:00+00:00,SELL,MEC-A,2025-11-17 12:45:00-05:00,12
2025-11-17 17:50:00+00:00,SELL,MEC-A,2025-11-17 12:50:00-05:00,12
2025-11-17 18:01:00+00:00,SELL,MEC-A,2025-11-17 13:01:00-05:00,13
2025-11-17 18:25:00+00:00,SELL,MEC-A,2025-11-17 13:25:00-05:00,13
2025-11-17 18:26:00+00:00,SELL,MEC-A,2025-11-17 13:26:00-05:00,13
2025-11-17 18:27:00+00:00,SELL,MEC-A,2025-11-17 13:27:00-05:00,13
2025-11-17 18:31:00+00:00,SELL,MEC-A,2025-11-17 13:31:00-05:00,13
2025-11-17 18:35:00+00:00,SELL,MEC-A,2025-11-17 13:35:00-05:00,13
2025-11-17 18:43:00+00:00,SELL,MEC-A,2025-11-17 13:43:00-05:00,13
2025-11-17 18:47:00+00:00,BUY,MEC-A,2025-11-17 13:47:00-05:00,13
2025-11-17 18:51:00+00:00,SELL,MEC-A,2025-11-17 13:51:00-05:00,13
2025-11-17 18:52:00+00:00,SELL,MEC-A,2025-11-17 13:52:00-05:00,13
2025-11-17 18:54:00+00:00,SELL,MEC-A,2025-11-17 13:54:00-05:00,13
2025-11-17 18:58:00+00:00,SELL,MEC-A,2025-11-17 13:58:00-05:00,13
2025-11-17 18:59:00+00:00,SELL,MEC-A,2025-11-17 13:59:00-05:00,13
2025-11-17 19:01:00+00:00,SELL,MEC-A,2025-11-17 14:01:00-05:00,14
2025-11-17 19:02:00+00:00,SELL,MEC-A,2025-11-17 14:02:00-05:00,14
2025-11-17 19:03:00+00:00,SELL,MEC-A,2025-11-17 14:03:00-05:00,14
2025-11-17 19:06:00+00:00,SELL,MEC-A,2025-11-17 14:06:00-05:00,14
2025-11-17 19:15:00+00:00,BUY,MEC-A,2025-11-17 14:15:00-05:00,14
2025-11-17 19:17:00+00:00,BUY,MEC-A,2025-11-17 14:17:00-05:00,14
2025-11-17 19:26:00+00:00,SELL,MEC-A,2025-11-17 14:26:00-05:00,14
2025-11-17 19:27:00+00:00,SELL,MEC-A,2025-11-17 14:27:00-05:00,14
2025-11-17 19:28:00+00:00,SELL,MEC-A,2025-11-17 14:28:00-05:00,14
2025-11-17 19:31:00+00:00,SELL,MEC-A,2025-11-17 14:31:00-05:00,14
2025-11-17 19:32:00+00:00,SELL,MEC-A,2025-11-17 14:32:00-05:00,14
2025-11-17 19:33:00+00:00,SELL,MEC-A,2025-11-17 14:33:00-05:00,14
2025-11-17 19:34:00+00:00,SELL,MEC-A,2025-11-17 14:34:00-05:00,14
2025-11-17 19:37:00+00:00,SELL,MEC-A,2025-11-17 14:37:00-05:00,14
2025-11-17 19:39:00+00:00,SELL,MEC-A,2025-11-17 14:39:00-05:00,14
2025-11-17 19:41:00+00:00,SELL,MEC-A,2025-11-17 14:41:00-05:00,14
2025-11-17 19:42:00+00:00,SELL,MEC-A,2025-11-17 14:42:00-05:00,14
2025-11-17 19:52:00+00:00,SELL,MEC-A,2025-11-17 14:52:00-05:00,14
2025-11-17 19:55:00+00:00,SELL,MEC-A,2025-11-17 14:55:00-05:00,14
2025-11-17 19:56:00+00:00,SELL,MEC-A,2025-11-17 14:56:00-05:00,14
2025-11-17 20:01:00+00:00,SELL,MEC-A,2025-11-17 15:01:00-05:00,15
2025-11-17 20:17:00+00:00,BUY,MEC-A,2025-11-17 15:17:00-05:00,15
2025-11-17 20:23:00+00:00,BUY,MEC-A,2025-11-17 15:23:00-05:00,15
2025-11-17 20:26:00+00:00,BUY,MEC-A,2025-11-17 15:26:00-05:00,15
2025-11-17 20:35:00+00:00,BUY,MEC-A,2025-11-17 15:35:00-05:00,15
2025-11-17 20:36:00+00:00,BUY,MEC-A,2025-11-17 15:36:00-05:00,15
2025-11-17 20:46:00+00:00,BUY,MEC-A,2025-11-17 15:46:00-05:00,15
2025-11-17 20:50:00+00:00,BUY,MEC-A,2025-11-17 15:50:00-05:00,15
2025-11-17 20:54:00+00:00,BUY,MEC-A,2025-11-17 15:54:00-05:00,15
2025-11-17 20:56:00+00:00,BUY,MEC-A,2025-11-17 15:56:00-05:00,15
2025-11-17 21:01:00+00:00,BUY,MEC-A,2025-11-17 16:01:00-05:00,16
2025-11-17 21:02:00+00:00,BUY,MEC-A,2025-11-17 16:02:00-05:00,16
2025-11-17 21:06:00+00:00,BUY,MEC-A,2025-11-17 16:06:00-05:00,16
2025-11-17 21:08:00+00:00,BUY,MEC-A,2025-11-17 16:08:00-05:00,16
2025-11-17 21:09:00+00:00,BUY,MEC-A,2025-11-17 16:09:00-05:00,16
2025-11-17 21:13:00+00:00,BUY,MEC-A,2025-11-17 16:13:00-05:00,16
2025-11-17 21:15:00+00:00,BUY,MEC-A,2025-11-17 16:15:00-05:00,16
2025-11-17 21:22:00+00:00,BUY,MEC-A,2025-11-17 16:22:00-05:00,16
2025-11-17 21:32:00+00:00,BUY,MEC-A,2025-11-17 16:32:00-05:00,16
2025-11-17 21:46:00+00:00,BUY,MEC-A,2025-11-17 16:46:00-05:00,16
2025-11-17 21:48:00+00:00,BUY,MEC-A,2025-11-17 16:48:00-05:00,16
2025-11-17 21:54:00+00:00,BUY,MEC-A,2025-11-17 16:54:00-05:00,16
2025-11-17 21:55:00+00:00,BUY,MEC-A,2025-11-17 16:55:00-05:00,16
2025-11-17 23:00:00+00:00,BUY,MEC-A,2025-11-17 18:00:00-05:00,18
2025-11-17 23:01:00+00:00,BUY,MEC-A,2025-11-17 18:01:00-05:00,18
2025-11-17 23:05:00+00:00,BUY,MEC-A,2025-11-17 18:05:00-05:00,18
2025-11-17 23:11:00+00:00,BUY,MEC-A,2025-11-17 18:11:00-05:00,18
2025-11-17 23:12:00+00:00,BUY,MEC-A,2025-11-17 18:12:00-05:00,18
2025-11-17 23:14:00+00:00,BUY,MEC-A,2025-11-17 18:14:00-05:00,18
2025-11-17 23:15:00+00:00,BUY,MEC-A,2025-11-17 18:15:00-05:00,18
2025-11-17 23:16:00+00:00,BUY,MEC-A,2025-11-17 18:16:00-05:00,18
2025-11-17 23:21:00+00:00,BUY,MEC-A,2025-11-17 18:21:00-05:00,18
2025-11-17 23:26:00+00:00,BUY,MEC-A,2025-11-17 18:26:00-05:00,18
2025-11-17 23:30:00+00:00,SELL,MEC-A,2025-11-17 18:30:00-05:00,18
2025-11-17 23:31:00+00:00,SELL,MEC-A,2025-11-17 18:31:00-05:00,18
2025-11-17 23:34:00+00:00,SELL,MEC-A,2025-11-17 18:34:00-05:00,18
2025-11-17 23:35:00+00:00,SELL,MEC-A,2025-11-17 18:35:00-05:00,18
2025-11-17 23:38:00+00:00,SELL,MEC-A,2025-11-17 18:38:00-05:00,18
2025-11-17 23:43:00+00:00,SELL,MEC-A,2025-11-17 18:43:00-05:00,18
2025-11-17 23:46:00+00:00,SELL,MEC-A,2025-11-17 18:46:00-05:00,18
2025-11-17 23:49:00+00:00,SELL,MEC-A,2025-11-17 18:49:00-05:00,18
2025-11-17 23:54:00+00:00,SELL,MEC-A,2025-11-17 18:54:00-05:00,18
2025-11-17 23:57:00+00:00,SELL,MEC-A,2025-11-17 18:57:00-05:00,18
2025-11-18 00:01:00+00:00,SELL,MEC-A,2025-11-17 19:01:00-05:00,19
2025-11-18 00:09:00+00:00,BUY,MER,2025-11-17 19:09:00-05:00,19
2025-11-18 00:12:00+00:00,BUY,MEC-A,2025-11-17 19:12:00-05:00,19
2025-11-18 00:27:00+00:00,SELL,MEC-A,2025-11-17 19:27:00-05:00,19
2025-11-18 00:29:00+00:00,SELL,MEC-A,2025-11-17 19:29:00-05:00,19
2025-11-18 00:32:00+00:00,SELL,MEC-A,2025-11-17 19:32:00-05:00,19
2025-11-18 00:37:00+00:00,BUY,MEC-A,2025-11-17 19:37:00-05:00,19
2025-11-18 00:39:00+00:00,BUY,MEC-A,2025-11-17 19:39:00-05:00,19
2025-11-18 00:43:00+00:00,BUY,MEC-A,2025-11-17 19:43:00-05:00,19
2025-11-18 00:46:00+00:00,BUY,MEC-A,2025-11-17 19:46:00-05:00,19
2025-11-18 00:54:00+00:00,SELL,MEC-A,2025-11-17 19:54:00-05:00,19
2025-11-18 00:59:00+00:00,BUY,MEC-A,2025-11-17 19:59:00-05:00,19
2025-11-18 01:04:00+00:00,BUY,MEC-A,2025-11-17 20:04:00-05:00,20
2025-11-18 01:08:00+00:00,SELL,MEC-A,2025-11-17 20:08:00-05:00,20
2025-11-18 01:34:00+00:00,SELL,MEC-A,2025-11-17 20:34:00-05:00,20
2025-11-18 01:37:00+00:00,SELL,MEC-A,2025-11-17 20:37:00-05:00,20
2025-11-18 01:41:00+00:00,SELL,MEC-A,2025-11-17 20:41:00-05:00,20
2025-11-18 01:42:00+00:00,SELL,MEC-A,2025-11-17 20:42:00-05:00,20
2025-11-18 01:47:00+00:00,SELL,MEC-A,2025-11-17 20:47:00-05:00,20
2025-11-18 01:50:00+00:00,SELL,MEC-A,2025-11-17 20:50:00-05:00,20
2025-11-18 01:51:00+00:00,SELL,MEC-A,2025-11-17 20:51:00-05:00,20
2025-11-18 01:55:00+00:00,SELL,MEC-A,2025-11-17 20:55:00-05:00,20
2025-11-18 02:00:00+00:00,SELL,MEC-A,2025-11-17 21:00:00-05:00,21
2025-11-18 02:06:00+00:00,BUY,MEC-A,2025-11-17 21:06:00-05:00,21
2025-11-18 02:07:00+00:00,BUY,MEC-A,2025-11-17 21:07:00-05:00,21
2025-11-18 02:08:00+00:00,BUY,MEC-A,2025-11-17 21:08:00-05:00,21
2025-11-18 02:13:00+00:00,BUY,MEC-A,2025-11-17 21:13:00-05:00,21
2025-11-18 02:22:00+00:00,SELL,MEC-A,2025-11-17 21:22:00-05:00,21
2025-11-18 02:25:00+00:00,SELL,MEC-A,2025-11-17 21:25:00-05:00,21
2025-11-18 02:28:00+00:00,SELL,MEC-A,2025-11-17 21:28:00-05:00,21
2025-11-18 02:34:00+00:00,BUY,MEC-A,2025-11-17 21:34:00-05:00,21
2025-11-18 02:39:00+00:00,BUY,MEC-A,2025-11-17 21:39:00-05:00,21
2025-11-18 02:40:00+00:00,BUY,MEC-A,2025-11-17 21:40:00-05:00,21
2025-11-18 02:42:00+00:00,SELL,MEC-A,2025-11-17 21:42:00-05:00,21
2025-11-18 02:43:00+00:00,SELL,MEC-A,2025-11-17 21:43:00-05:00,21
2025-11-18 02:45:00+00:00,SELL,MEC-A,2025-11-17 21:45:00-05:00,21
2025-11-18 02:48:00+00:00,SELL,MEC-A,2025-11-17 21:48:00-05:00,21
2025-11-18 02:50:00+00:00,SELL,MEC-A,2025-11-17 21:50:00-05:00,21
2025-11-18 02:52:00+00:00,SELL,MEC-A,2025-11-17 21:52:00-05:00,21
2025-11-18 02:53:00+00:00,SELL,MEC-A,2025-11-17 21:53:00-05:00,21
2025-11-18 02:56:00+00:00,SELL,MEC-A,2025-11-17 21:56:00-05:00,21
2025-11-18 02:57:00+00:00,SELL,MEC-A,2025-11-17 21:57:00-05:00,21
2025-11-18 03:00:00+00:00,SELL,MEC-A,2025-11-17 22:00:00-05:00,22
2025-11-18 03:06:00+00:00,SELL,MEC-A,2025-11-17 22:06:00-05:00,22
2025-11-18 03:09:00+00:00,SELL,MEC-A,2025-11-17 22:09:00-05:00,22
2025-11-18 03:10:00+00:00,SELL,MEC-A,2025-11-17 22:10:00-05:00,22
2025-11-18 03:12:00+00:00,SELL,MEC-A,2025-11-17 22:12:00-05:00,22
2025-11-18 03:17:00+00:00,SELL,MEC-A,2025-11-17 22:17:00-05:00,22
2025-11-18 03:19:00+00:00,SELL,MEC-A,2025-11-17 22:19:00-05:00,22
2025-11-18 03:27:00+00:00,BUY,MEC-A,2025-11-17 22:27:00-05:00,22
2025-11-18 03:30:00+00:00,BUY,MEC-A,2025-11-17 22:30:00-05:00,22
2025-11-18 03:33:00+00:00,BUY,MEC-A,2025-11-17 22:33:00-05:00,22
2025-11-18 03:34:00+00:00,BUY,MEC-A,2025-11-17 22:34:00-05:00,22
2025-11-18 03:36:00+00:00,BUY,MEC-A,2025-11-17 22:36:00-05:00,22
2025-11-18 03:38:00+00:00,BUY,MEC-A,2025-11-17 22:38:00-05:00,22
2025-11-18 03:39:00+00:00,BUY,MEC-A,2025-11-17 22:39:00-05:00,22
2025-11-18 03:40:00+00:00,BUY,MEC-A,2025-11-17 22:40:00-05:00,22
2025-11-18 03:43:00+00:00,BUY,MEC-A,2025-11-17 22:43:00-05:00,22
2025-11-18 03:46:00+00:00,SELL,MEC-A,2025-11-17 22:46:00-05:00,22
2025-11-18 03:48:00+00:00,SELL,MEC-A,2025-11-17 22:48:00-05:00,22
2025-11-18 03:52:00+00:00,SELL,MEC-A,2025-11-17 22:52:00-05:00,22
2025-11-18 03:54:00+00:00,SELL,MEC-A,2025-11-17 22:54:00-05:00,22
2025-11-18 03:57:00+00:00,SELL,MEC-A,2025-11-17 22:57:00-05:00,22
2025-11-18 03:58:00+00:00,SELL,MEC-A,2025-11-17 22:58:00-05:00,22
2025-11-18 06:14:00+00:00,SELL,MEC-A,2025-11-18 01:14:00-05:00,1
2025-11-18 06:18:00+00:00,SELL,MEC-A,2025-11-18 01:18:00-05:00,1
2025-11-18 06:20:00+00:00,SELL,MEC-A,2025-11-18 01:20:00-05:00,1
2025-11-18 06:26:00+00:00,SELL,MEC-A,2025-11-18 01:26:00-05:00,1
2025-11-18 06:36:00+00:00,SELL,MEC-A,2025-11-18 01:36:00-05:00,1
2025-11-18 06:37:00+00:00,SELL,MEC-A,2025-11-18 01:37:00-05:00,1
2025-11-18 06:44:00+00:00,SELL,MEC-A,2025-11-18 01:44:00-05:00,1
2025-11-18 06:47:00+00:00,BUY,MEC-A,2025-11-18 01:47:00-05:00,1
2025-11-18 06:59:00+00:00,SELL,MEC-A,2025-11-18 01:59:00-05:00,1
2025-11-18 08:01:00+00:00,BUY,MEC-A,2025-11-18 03:01:00-05:00,3
2025-11-18 08:03:00+00:00,BUY,MEC-A,2025-11-18 03:03:00-05:00,3
2025-11-18 08:04:00+00:00,BUY,MEC-A,2025-11-18 03:04:00-05:00,3
2025-11-18 08:05:00+00:00,BUY,MEC-A,2025-11-18 03:05:00-05:00,3
2025-11-18 08:06:00+00:00,BUY,MEC-A,2025-11-18 03:06:00-05:00,3
2025-11-18 08:09:00+00:00,BUY,MEC-A,2025-11-18 03:09:00-05:00,3
2025-11-18 08:12:00+00:00,BUY,MEC-A,2025-11-18 03:12:00-05:00,3
2025-11-18 08:13:00+00:00,BUY,MEC-A,2025-11-18 03:13:00-05:00,3
2025-11-18 08:17:00+00:00,BUY,MEC-A,2025-11-18 03:17:00-05:00,3
2025-11-18 08:31:00+00:00,BUY,MEC-A,2025-11-18 03:31:00-05:00,3
2025-11-18 08:32:00+00:00,BUY,MEC-A,2025-11-18 03:32:00-05:00,3
2025-11-18 08:33:00+00:00,BUY,MEC-A,2025-11-18 03:33:00-05:00,3
2025-11-18 08:34:00+00:00,BUY,MEC-A,2025-11-18 03:34:00-05:00,3
2025-11-18 08:36:00+00:00,BUY,MEC-A,2025-11-18 03:36:00-05:00,3
2025-11-18 08:38:00+00:00,BUY,MEC-A,2025-11-18 03:38:00-05:00,3
2025-11-18 08:42:00+00:00,BUY,MEC-A,2025-11-18 03:42:00-05:00,3
2025-11-18 08:49:00+00:00,BUY,MEC-A,2025-11-18 03:49:00-05:00,3
2025-11-18 08:53:00+00:00,BUY,MEC-A,2025-11-18 03:53:00-05:00,3
2025-11-18 08:54:00+00:00,BUY,MEC-A,2025-11-18 03:54:00-05:00,3
2025-11-18 09:04:00+00:00,SELL,MEC-A,2025-11-18 04:04:00-05:00,4
2025-11-18 09:08:00+00:00,SELL,MEC-A,2025-11-18 04:08:00-05:00,4
2025-11-18 09:12:00+00:00,SELL,MEC-A,2025-11-18 04:12:00-05:00,4
2025-11-18 09:15:00+00:00,BUY,MEC-A,2025-11-18 04:15:00-05:00,4
2025-11-18 09:16:00+00:00,BUY,MEC-A,2025-11-18 04:16:00-05:00,4
2025-11-18 09:17:00+00:00,BUY,MEC-A,2025-11-18 04:17:00-05:00,4
2025-11-18 09:19:00+00:00,BUY,MEC-A,2025-11-18 04:19:00-05:00,4
2025-11-18 09:24:00+00:00,BUY,MEC-A,2025-11-18 04:24:00-05:00,4
2025-11-18 09:29:00+00:00,SELL,MEC-A,2025-11-18 04:29:00-05:00,4
2025-11-18 09:30:00+00:00,SELL,MEC-A,2025-11-18 04:30:00-05:00,4
2025-11-18 09:34:00+00:00,SELL,MEC-A,2025-11-18 04:34:00-05:00,4
2025-11-18 09:36:00+00:00,SELL,MEC-A,2025-11-18 04:36:00-05:00,4
2025-11-18 09:37:00+00:00,SELL,MEC-A,2025-11-18 04:37:00-05:00,4
2025-11-18 09:44:00+00:00,BUY,MEC-A,2025-11-18 04:44:00-05:00,4
2025-11-18 09:50:00+00:00,BUY,MEC-A,2025-11-18 04:50:00-05:00,4
2025-11-18 09:51:00+00:00,BUY,MEC-A,2025-11-18 04:51:00-05:00,4
2025-11-18 09:54:00+00:00,BUY,MEC-A,2025-11-18 04:54:00-05:00,4
2025-11-18 09:55:00+00:00,BUY,MEC-A,2025-11-18 04:55:00-05:00,4
2025-11-18 09:59:00+00:00,BUY,MEC-A,2025-11-18 04:59:00-05:00,4
2025-11-18 10:00:00+00:00,BUY,MEC-A,2025-11-18 05:00:00-05:00,5
2025-11-18 10:03:00+00:00,BUY,MEC-A,2025-11-18 05:03:00-05:00,5
2025-11-18 10:06:00+00:00,SELL,MEC-A,2025-11-18 05:06:00-05:00,5
2025-11-18 10:29:00+00:00,SELL,MEC-A,2025-11-18 05:29:00-05:00,5
2025-11-18 10:42:00+00:00,BUY,MEC-A,2025-11-18 05:42:00-05:00,5
2025-11-18 10:44:00+00:00,BUY,MEC-A,2025-11-18 05:44:00-05:00,5
2025-11-18 10:45:00+00:00,BUY,MEC-A,2025-11-18 05:45:00-05:00,5
2025-11-18 10:46:00+00:00,BUY,MEC-A,2025-11-18 05:46:00-05:00,5
2025-11-18 10:49:00+00:00,BUY,MEC-A,2025-11-18 05:49:00-05:00,5
2025-11-18 10:52:00+00:00,BUY,MEC-A,2025-11-18 05:52:00-05:00,5
2025-11-18 10:59:00+00:00,BUY,MEC-A,2025-11-18 05:59:00-05:00,5
2025-11-18 11:00:00+00:00,BUY,MEC-A,2025-11-18 06:00:00-05:00,6
2025-11-18 11:01:00+00:00,BUY,MEC-A,2025-11-18 06:01:00-05:00,6
2025-11-18 11:08:00+00:00,BUY,MEC-A,2025-11-18 06:08:00-05:00,6
2025-11-18 11:11:00+00:00,BUY,MEC-A,2025-11-18 06:11:00-05:00,6
2025-11-18 11:16:00+00:00,BUY,MEC-A,2025-11-18 06:16:00-05:00,6
2025-11-18 11:20:00+00:00,BUY,MEC-A,2025-11-18 06:20:00-05:00,6
2025-11-18 11:24:00+00:00,BUY,MEC-A,2025-11-18 06:24:00-05:00,6
2025-11-18 11:27:00+00:00,SELL,MEC-A,2025-11-18 06:27:00-05:00,6
2025-11-18 11:42:00+00:00,SELL,MEC-A,2025-11-18 06:42:00-05:00,6
2025-11-18 11:43:00+00:00,SELL,MEC-A,2025-11-18 06:43:00-05:00,6
2025-11-18 11:45:00+00:00,SELL,MEC-A,2025-11-18 06:45:00-05:00,6
2025-11-18 11:46:00+00:00,SELL,MEC-A,2025-11-18 06:46:00-05:00,6
2025-11-18 11:55:00+00:00,SELL,MEC-A,2025-11-18 06:55:00-05:00,6
2025-11-18 11:57:00+00:00,SELL,MEC-A,2025-11-18 06:57:00-05:00,6
2025-11-18 11:58:00+00:00,SELL,MEC-A,2025-11-18 06:58:00-05:00,6
2025-11-18 12:01:00+00:00,SELL,MEC-A,2025-11-18 07:01:00-05:00,7
2025-11-18 12:03:00+00:00,BUY,MEC-A,2025-11-18 07:03:00-05:00,7
2025-11-18 12:04:00+00:00,BUY,MEC-A,2025-11-18 07:04:00-05:00,7
2025-11-18 12:09:00+00:00,BUY,MEC-A,2025-11-18 07:09:00-05:00,7
2025-11-18 12:24:00+00:00,SELL,MEC-A,2025-11-18 07:24:00-05:00,7
2025-11-18 12:25:00+00:00,SELL,MEC-A,2025-11-18 07:25:00-05:00,7
2025-11-18 12:29:00+00:00,SELL,MEC-A,2025-11-18 07:29:00-05:00,7
2025-11-18 12:31:00+00:00,SELL,MEC-A,2025-11-18 07:31:00-05:00,7
2025-11-18 12:35:00+00:00,SELL,MEC-A,2025-11-18 07:35:00-05:00,7
2025-11-18 12:42:00+00:00,SELL,MEC-A,2025-11-18 07:42:00-05:00,7
2025-11-18 12:44:00+00:00,SELL,MEC-A,2025-11-18 07:44:00-05:00,7
2025-11-18 12:46:00+00:00,SELL,MEC-A,2025-11-18 07:46:00-05:00,7
2025-11-18 12:48:00+00:00,SELL,MEC-A,2025-11-18 07:48:00-05:00,7
2025-11-18 12:53:00+00:00,SELL,MEC-A,2025-11-18 07:53:00-05:00,7
2025-11-18 12:55:00+00:00,SELL,MEC-A,2025-11-18 07:55:00-05:00,7
2025-11-18 12:56:00+00:00,SELL,MEC-A,2025-11-18 07:56:00-05:00,7
2025-11-18 13:00:00+00:00,BUY,MEC-A,2025-11-18 08:00:00-05:00,8
2025-11-18 13:01:00+00:00,BUY,MEC-A,2025-11-18 08:01:00-05:00,8
2025-11-18 13:03:00+00:00,BUY,MEC-A,2025-11-18 08:03:00-05:00,8
2025-11-18 13:08:00+00:00,BUY,MEC-A,2025-11-18 08:08:00-05:00,8
2025-11-18 13:11:00+00:00,BUY,MEC-A,2025-11-18 08:11:00-05:00,8
2025-11-18 13:12:00+00:00,BUY,MEC-A,2025-11-18 08:12:00-05:00,8
2025-11-18 13:14:00+00:00,BUY,MEC-A,2025-11-18 08:14:00-05:00,8
2025-11-18 13:15:00+00:00,BUY,MEC-A,2025-11-18 08:15:00-05:00,8
2025-11-18 13:18:00+00:00,BUY,MEC-A,2025-11-18 08:18:00-05:00,8
2025-11-18 13:20:00+00:00,BUY,MEC-A,2025-11-18 08:20:00-05:00,8
2025-11-18 13:21:00+00:00,BUY,MEC-A,2025-11-18 08:21:00-05:00,8
2025-11-18 13:30:00+00:00,BUY,MEC-A,2025-11-18 08:30:00-05:00,8
2025-11-18 13:32:00+00:00,BUY,MEC-A,2025-11-18 08:32:00-05:00,8
2025-11-18 13:34:00+00:00,BUY,MEC-A,2025-11-18 08:34:00-05:00,8
2025-11-18 13:35:00+00:00,BUY,MEC-A,2025-11-18 08:35:00-05:00,8
2025-11-18 13:36:00+00:00,BUY,MEC-A,2025-11-18 08:36:00-05:00,8
2025-11-18 13:39:00+00:00,BUY,MEC-A,2025-11-18 08:39:00-05:00,8
2025-11-18 13:48:00+00:00,BUY,MEC-A,2025-11-18 08:48:00-05:00,8
2025-11-18 13:49:00+00:00,BUY,MEC-A,2025-11-18 08:49:00-05:00,8
2025-11-18 13:57:00+00:00,BUY,MEC-A,2025-11-18 08:57:00-05:00,8
2025-11-18 15:02:00+00:00,SELL,MEC-A,2025-11-18 10:02:00-05:00,10
2025-11-18 15:09:00+00:00,SELL,MEC-A,2025-11-18 10:09:00-05:00,10
2025-11-18 15:27:00+00:00,BUY,MEC-A,2025-11-18 10:27:00-05:00,10
2025-11-18 15:30:00+00:00,BUY,MEC-A,2025-11-18 10:30:00-05:00,10
2025-11-18 15:40:00+00:00,SELL,MEC-A,2025-11-18 10:40:00-05:00,10
2025-11-18 15:42:00+00:00,SELL,MEC-A,2025-11-18 10:42:00-05:00,10
2025-11-18 15:47:00+00:00,SELL,MEC-A,2025-11-18 10:47:00-05:00,10
2025-11-18 15:50:00+00:00,SELL,MEC-A,2025-11-18 10:50:00-05:00,10
2025-11-18 15:53:00+00:00,SELL,MEC-A,2025-11-18 10:53:00-05:00,10
2025-11-18 15:58:00+00:00,SELL,MEC-A,2025-11-18 10:58:00-05:00,10
2025-11-18 17:04:00+00:00,BUY,MEC-A,2025-11-18 12:04:00-05:00,12
2025-11-18 17:07:00+00:00,BUY,MEC-A,2025-11-18 12:07:00-05:00,12
2025-11-18 17:13:00+00:00,BUY,MEC-A,2025-11-18 12:13:00-05:00,12
2025-11-18 17:17:00+00:00,SELL,MEC-A,2025-11-18 12:17:00-05:00,12
2025-11-18 17:22:00+00:00,SELL,MEC-A,2025-11-18 12:22:00-05:00,12
2025-11-18 17:25:00+00:00,BUY,MEC-A,2025-11-18 12:25:00-05:00,12
2025-11-18 17:26:00+00:00,BUY,MEC-A,2025-11-18 12:26:00-05:00,12
2025-11-18 17:28:00+00:00,SELL,MEC-A,2025-11-18 12:28:00-05:00,12
2025-11-18 17:34:00+00:00,BUY,MEC-A,2025-11-18 12:34:00-05:00,12
2025-11-18 17:36:00+00:00,BUY,MEC-A,2025-11-18 12:36:00-05:00,12
2025-11-18 17:37:00+00:00,BUY,MEC-A,2025-11-18 12:37:00-05:00,12
2025-11-18 17:40:00+00:00,BUY,MEC-A,2025-11-18 12:40:00-05:00,12
2025-11-18 17:42:00+00:00,BUY,MEC-A,2025-11-18 12:42:00-05:00,12
2025-11-18 17:47:00+00:00,BUY,MEC-A,2025-11-18 12:47:00-05:00,12
2025-11-18 17:49:00+00:00,BUY,MEC-A,2025-11-18 12:49:00-05:00,12
2025-11-18 17:53:00+00:00,BUY,MEC-A,2025-11-18 12:53:00-05:00,12
2025-11-18 17:56:00+00:00,BUY,MEC-A,2025-11-18 12:56:00-05:00,12
2025-11-18 17:58:00+00:00,BUY,MEC-A,2025-11-18 12:58:00-05:00,12
2025-11-18 18:00:00+00:00,BUY,MEC-A,2025-11-18 13:00:00-05:00,13
2025-11-18 18:01:00+00:00,BUY,MEC-A,2025-11-18 13:01:00-05:00,13
2025-11-18 18:04:00+00:00,SELL,MEC-A,2025-11-18 13:04:00-05:00,13
2025-11-18 18:08:00+00:00,SELL,MEC-A,2025-11-18 13:08:00-05:00,13
2025-11-18 18:12:00+00:00,SELL,MEC-A,2025-11-18 13:12:00-05:00,13
2025-11-18 18:13:00+00:00,SELL,MEC-A,2025-11-18 13:13:00-05:00,13
2025-11-18 18:24:00+00:00,SELL,MEC-A,2025-11-18 13:24:00-05:00,13
2025-11-18 18:25:00+00:00,SELL,MEC-A,2025-11-18 13:25:00-05:00,13
2025-11-18 18:28:00+00:00,SELL,MEC-A,2025-11-18 13:28:00-05:00,13
2025-11-18 18:30:00+00:00,SELL,MEC-A,2025-11-18 13:30:00-05:00,13
2025-11-18 18:32:00+00:00,SELL,MEC-A,2025-11-18 13:32:00-05:00,13
2025-11-18 18:35:00+00:00,BUY,MEC-A,2025-11-18 13:35:00-05:00,13
2025-11-18 18:38:00+00:00,BUY,MEC-A,2025-11-18 13:38:00-05:00,13
2025-11-18 18:39:00+00:00,BUY,MEC-A,2025-11-18 13:39:00-05:00,13
2025-11-18 18:41:00+00:00,BUY,MEC-A,2025-11-18 13:41:00-05:00,13
2025-11-18 18:45:00+00:00,BUY,MEC-A,2025-11-18 13:45:00-05:00,13
2025-11-18 18:46:00+00:00,BUY,MEC-A,2025-11-18 13:46:00-05:00,13
2025-11-18 18:50:00+00:00,SELL,MEC-A,2025-11-18 13:50:00-05:00,13
2025-11-18 18:57:00+00:00,BUY,MEC-A,2025-11-18 13:57:00-05:00,13
2025-11-18 19:08:00+00:00,BUY,MEC-A,2025-11-18 14:08:00-05:00,14
2025-11-18 19:10:00+00:00,BUY,MEC-A,2025-11-18 14:10:00-05:00,14
2025-11-18 19:12:00+00:00,BUY,MEC-A,2025-11-18 14:12:00-05:00,14
2025-11-18 19:13:00+00:00,BUY,MEC-A,2025-11-18 14:13:00-05:00,14
2025-11-18 19:14:00+00:00,BUY,MEC-A,2025-11-18 14:14:00-05:00,14
2025-11-18 19:16:00+00:00,BUY,MEC-A,2025-11-18 14:16:00-05:00,14
2025-11-18 19:18:00+00:00,BUY,MEC-A,2025-11-18 14:18:00-05:00,14
2025-11-18 19:27:00+00:00,SELL,MEC-A,2025-11-18 14:27:00-05:00,14
2025-11-18 19:28:00+00:00,SELL,MEC-A,2025-11-18 14:28:00-05:00,14
2025-11-18 19:30:00+00:00,BUY,MEC-A,2025-11-18 14:30:00-05:00,14
2025-11-18 19:32:00+00:00,SELL,MEC-A,2025-11-18 14:32:00-05:00,14
2025-11-18 19:37:00+00:00,BUY,MEC-A,2025-11-18 14:37:00-05:00,14
2025-11-18 19:47:00+00:00,BUY,MEC-A,2025-11-18 14:47:00-05:00,14
2025-11-18 19:49:00+00:00,BUY,MEC-A,2025-11-18 14:49:00-05:00,14
2025-11-18 19:56:00+00:00,BUY,MEC-A,2025-11-18 14:56:00-05:00,14
2025-11-18 19:58:00+00:00,BUY,MEC-A,2025-11-18 14:58:00-05:00,14
2025-11-18 20:06:00+00:00,SELL,MEC-A,2025-11-18 15:06:00-05:00,15
2025-11-18 20:13:00+00:00,SELL,MEC-A,2025-11-18 15:13:00-05:00,15
2025-11-18 20:14:00+00:00,SELL,MEC-A,2025-11-18 15:14:00-05:00,15
2025-11-18 20:19:00+00:00,SELL,MEC-A,2025-11-18 15:19:00-05:00,15
2025-11-18 20:23:00+00:00,SELL,MEC-A,2025-11-18 15:23:00-05:00,15
2025-11-18 20:24:00+00:00,SELL,MEC-A,2025-11-18 15:24:00-05:00,15
2025-11-18 20:25:00+00:00,SELL,MEC-A,2025-11-18 15:25:00-05:00,15
2025-11-18 20:33:00+00:00,SELL,MEC-A,2025-11-18 15:33:00-05:00,15
2025-11-18 20:36:00+00:00,SELL,MEC-A,2025-11-18 15:36:00-05:00,15
2025-11-18 20:40:00+00:00,SELL,MEC-A,2025-11-18 15:40:00-05:00,15
2025-11-18 20:41:00+00:00,SELL,MEC-A,2025-11-18 15:41:00-05:00,15
2025-11-18 20:42:00+00:00,SELL,MEC-A,2025-11-18 15:42:00-05:00,15
2025-11-18 20:44:00+00:00,SELL,MEC-A,2025-11-18 15:44:00-05:00,15
2025-11-18 20:46:00+00:00,SELL,MEC-A,2025-11-18 15:46:00-05:00,15
2025-11-18 20:57:00+00:00,SELL,MEC-A,2025-11-18 15:57:00-05:00,15
2025-11-18 21:15:00+00:00,SELL,MEC-A,2025-11-18 16:15:00-05:00,16
2025-11-18 21:16:00+00:00,SELL,MEC-A,2025-11-18 16:16:00-05:00,16
2025-11-18 21:19:00+00:00,SELL,MEC-A,2025-11-18 16:19:00-05:00,16
2025-11-18 21:20:00+00:00,SELL,MEC-A,2025-11-18 16:20:00-05:00,16
2025-11-18 21:26:00+00:00,SELL,MEC-A,2025-11-18 16:26:00-05:00,16
2025-11-18 21:31:00+00:00,BUY,MEC-A,2025-11-18 16:31:00-05:00,16
2025-11-18 21:35:00+00:00,BUY,MEC-A,2025-11-18 16:35:00-05:00,16
2025-11-18 21:47:00+00:00,BUY,MEC-A,2025-11-18 16:47:00-05:00,16
2025-11-18 21:57:00+00:00,BUY,MEC-A,2025-11-18 16:57:00-05:00,16
2025-11-18 23:08:00+00:00,BUY,MEC-A,2025-11-18 18:08:00-05:00,18
2025-11-18 23:09:00+00:00,BUY,MEC-A,2025-11-18 18:09:00-05:00,18
2025-11-18 23:15:00+00:00,BUY,MEC-A,2025-11-18 18:15:00-05:00,18
2025-11-18 23:16:00+00:00,BUY,MEC-A,2025-11-18 18:16:00-05:00,18
2025-11-18 23:31:00+00:00,SELL,MEC-A,2025-11-18 18:31:00-05:00,18
2025-11-18 23:38:00+00:00,SELL,MEC-A,2025-11-18 18:38:00-05:00,18
2025-11-18 23:41:00+00:00,SELL,MEC-A,2025-11-18 18:41:00-05:00,18
2025-11-18 23:42:00+00:00,BUY,MEC-A,2025-11-18 18:42:00-05:00,18
2025-11-18 23:43:00+00:00,BUY,MEC-A,2025-11-18 18:43:00-05:00,18
2025-11-18 23:44:00+00:00,BUY,MEC-A,2025-11-18 18:44:00-05:00,18
2025-11-18 23:45:00+00:00,BUY,MEC-A,2025-11-18 18:45:00-05:00,18
2025-11-18 23:51:00+00:00,BUY,MEC-A,2025-11-18 18:51:00-05:00,18
2025-11-18 23:54:00+00:00,BUY,MEC-A,2025-11-18 18:54:00-05:00,18
2025-11-18 23:57:00+00:00,BUY,MEC-A,2025-11-18 18:57:00-05:00,18
2025-11-19 00:22:00+00:00,BUY,MEC-A,2025-11-18 19:22:00-05:00,19
2025-11-19 00:23:00+00:00,BUY,MEC-A,2025-11-18 19:23:00-05:00,19
2025-11-19 00:30:00+00:00,BUY,MEC-A,2025-11-18 19:30:00-05:00,19
2025-11-19 00:33:00+00:00,BUY,MEC-A,2025-11-18 19:33:00-05:00,19
2025-11-19 00:36:00+00:00,BUY,MEC-A,2025-11-18 19:36:00-05:00,19
2025-11-19 00:38:00+00:00,BUY,MEC-A,2025-11-18 19:38:00-05:00,19
2025-11-19 00:40:00+00:00,SELL,MEC-A,2025-11-18 19:40:00-05:00,19
2025-11-19 00:43:00+00:00,SELL,MEC-A,2025-11-18 19:43:00-05:00,19
2025-11-19 00:46:00+00:00,SELL,MEC-A,2025-11-18 19:46:00-05:00,19
2025-11-19 00:48:00+00:00,SELL,MEC-A,2025-11-18 19:48:00-05:00,19
2025-11-19 00:50:00+00:00,SELL,MEC-A,2025-11-18 19:50:00-05:00,19
2025-11-19 00:52:00+00:00,SELL,MEC-A,2025-11-18 19:52:00-05:00,19
2025-11-19 00:55:00+00:00,SELL,MEC-A,2025-11-18 19:55:00-05:00,19
2025-11-19 01:03:00+00:00,SELL,MEC-A,2025-11-18 20:03:00-05:00,20
2025-11-19 01:05:00+00:00,SELL,MEC-A,2025-11-18 20:05:00-05:00,20
2025-11-19 01:06:00+00:00,SELL,MEC-A,2025-11-18 20:06:00-05:00,20
2025-11-19 01:08:00+00:00,SELL,MEC-A,2025-11-18 20:08:00-05:00,20
2025-11-19 01:16:00+00:00,SELL,MEC-A,2025-11-18 20:16:00-05:00,20
2025-11-19 01:19:00+00:00,BUY,MEC-A,2025-11-18 20:19:00-05:00,20
2025-11-19 01:20:00+00:00,BUY,MEC-A,2025-11-18 20:20:00-05:00,20
2025-11-19 01:25:00+00:00,BUY,MEC-A,2025-11-18 20:25:00-05:00,20
2025-11-19 01:26:00+00:00,BUY,MEC-A,2025-11-18 20:26:00-05:00,20
2025-11-19 01:27:00+00:00,BUY,MEC-A,2025-11-18 20:27:00-05:00,20
2025-11-19 01:31:00+00:00,BUY,MEC-A,2025-11-18 20:31:00-05:00,20
2025-11-19 01:33:00+00:00,SELL,MEC-A,2025-11-18 20:33:00-05:00,20
2025-11-19 01:38:00+00:00,SELL,MEC-A,2025-11-18 20:38:00-05:00,20
2025-11-19 01:39:00+00:00,SELL,MEC-A,2025-11-18 20:39:00-05:00,20
2025-11-19 01:45:00+00:00,SELL,MEC-A,2025-11-18 20:45:00-05:00,20
2025-11-19 01:49:00+00:00,SELL,MEC-A,2025-11-18 20:49:00-05:00,20
2025-11-19 01:50:00+00:00,SELL,MEC-A,2025-11-18 20:50:00-05:00,20
2025-11-19 01:52:00+00:00,SELL,MEC-A,2025-11-18 20:52:00-05:00,20
2025-11-19 01:56:00+00:00,SELL,MEC-A,2025-11-18 20:56:00-05:00,20
2025-11-19 02:02:00+00:00,SELL,MEC-A,2025-11-18 21:02:00-05:00,21
2025-11-19 02:03:00+00:00,SELL,MEC-A,2025-11-18 21:03:00-05:00,21
2025-11-19 02:05:00+00:00,BUY,MEC-A,2025-11-18 21:05:00-05:00,21
2025-11-19 02:07:00+00:00,BUY,MEC-A,2025-11-18 21:07:00-05:00,21
2025-11-19 02:18:00+00:00,BUY,MEC-A,2025-11-18 21:18:00-05:00,21
2025-11-19 02:28:00+00:00,BUY,MEC-A,2025-11-18 21:28:00-05:00,21
2025-11-19 02:31:00+00:00,BUY,MEC-A,2025-11-18 21:31:00-05:00,21
2025-11-19 02:32:00+00:00,BUY,MEC-A,2025-11-18 21:32:00-05:00,21
2025-11-19 02:33:00+00:00,BUY,MEC-A,2025-11-18 21:33:00-05:00,21
2025-11-19 02:36:00+00:00,BUY,MEC-A,2025-11-18 21:36:00-05:00,21
2025-11-19 02:40:00+00:00,BUY,MEC-A,2025-11-18 21:40:00-05:00,21
2025-11-19 02:41:00+00:00,BUY,MEC-A,2025-11-18 21:41:00-05:00,21
2025-11-19 02:43:00+00:00,BUY,MEC-A,2025-11-18 21:43:00-05:00,21
2025-11-19 02:44:00+00:00,BUY,MEC-A,2025-11-18 21:44:00-05:00,21
2025-11-19 02:46:00+00:00,BUY,MEC-A,2025-11-18 21:46:00-05:00,21
2025-11-19 02:51:00+00:00,BUY,MEC-A,2025-11-18 21:51:00-05:00,21
2025-11-19 02:52:00+00:00,BUY,MEC-A,2025-11-18 21:52:00-05:00,21
2025-11-19 02:54:00+00:00,BUY,MEC-A,2025-11-18 21:54:00-05:00,21
2025-11-19 02:58:00+00:00,BUY,MEC-A,2025-11-18 21:58:00-05:00,21
2025-11-19 05:32:00+00:00,BUY,MEC-A,2025-11-19 00:32:00-05:00,0
2025-11-19 05:33:00+00:00,BUY,MEC-A,2025-11-19 00:33:00-05:00,0
2025-11-19 05:41:00+00:00,BUY,MEC-A,2025-11-19 00:41:00-05:00,0
2025-11-19 05:48:00+00:00,BUY,MEC-A,2025-11-19 00:48:00-05:00,0
2025-11-19 05:59:00+00:00,BUY,MEC-A,2025-11-19 00:59:00-05:00,0
2025-11-19 06:00:00+00:00,BUY,MEC-A,2025-11-19 01:00:00-05:00,1
2025-11-19 06:05:00+00:00,BUY,MEC-A,2025-11-19 01:05:00-05:00,1
2025-11-19 06:08:00+00:00,BUY,MEC-A,2025-11-19 01:08:00-05:00,1
2025-11-19 06:12:00+00:00,BUY,MEC-A,2025-11-19 01:12:00-05:00,1
2025-11-19 06:19:00+00:00,SELL,MEC-A,2025-11-19 01:19:00-05:00,1
2025-11-19 06:20:00+00:00,SELL,MEC-A,2025-11-19 01:20:00-05:00,1
2025-11-19 06:23:00+00:00,SELL,MEC-A,2025-11-19 01:23:00-05:00,1
2025-11-19 06:28:00+00:00,SELL,MEC-A,2025-11-19 01:28:00-05:00,1
2025-11-19 06:32:00+00:00,SELL,MEC-A,2025-11-19 01:32:00-05:00,1
2025-11-19 06:36:00+00:00,SELL,MEC-A,2025-11-19 01:36:00-05:00,1
2025-11-19 06:55:00+00:00,SELL,MEC-A,2025-11-19 01:55:00-05:00,1
2025-11-19 06:57:00+00:00,SELL,MEC-A,2025-11-19 01:57:00-05:00,1
2025-11-19 06:58:00+00:00,SELL,MEC-A,2025-11-19 01:58:00-05:00,1
2025-11-19 07:05:00+00:00,SELL,MEC-A,2025-11-19 02:05:00-05:00,2
2025-11-19 07:06:00+00:00,SELL,MEC-A,2025-11-19 02:06:00-05:00,2
2025-11-19 07:07:00+00:00,SELL,MEC-A,2025-11-19 02:07:00-05:00,2
2025-11-19 07:10:00+00:00,SELL,MEC-A,2025-11-19 02:10:00-05:00,2
2025-11-19 07:12:00+00:00,SELL,MEC-A,2025-11-19 02:12:00-05:00,2
2025-11-19 07:17:00+00:00,SELL,MEC-A,2025-11-19 02:17:00-05:00,2
2025-11-19 07:19:00+00:00,BUY,MEC-A,2025-11-19 02:19:00-05:00,2
2025-11-19 07:21:00+00:00,BUY,MEC-A,2025-11-19 02:21:00-05:00,2
2025-11-19 07:24:00+00:00,BUY,MEC-A,2025-11-19 02:24:00-05:00,2
2025-11-19 07:32:00+00:00,BUY,MEC-A,2025-11-19 02:32:00-05:00,2
2025-11-19 07:34:00+00:00,BUY,MEC-A,2025-11-19 02:34:00-05:00,2
2025-11-19 07:36:00+00:00,BUY,MEC-A,2025-11-19 02:36:00-05:00,2
2025-11-19 07:37:00+00:00,BUY,MEC-A,2025-11-19 02:37:00-05:00,2
2025-11-19 07:39:00+00:00,BUY,MEC-A,2025-11-19 02:39:00-05:00,2
2025-11-19 07:40:00+00:00,BUY,MEC-A,2025-11-19 02:40:00-05:00,2
2025-11-19 07:58:00+00:00,SELL,MEC-A,2025-11-19 02:58:00-05:00,2
2025-11-19 08:00:00+00:00,SELL,MEC-A,2025-11-19 03:00:00-05:00,3
2025-11-19 08:08:00+00:00,SELL,MEC-A,2025-11-19 03:08:00-05:00,3
2025-11-19 08:11:00+00:00,SELL,MEC-A,2025-11-19 03:11:00-05:00,3
2025-11-19 08:16:00+00:00,SELL,MEC-A,2025-11-19 03:16:00-05:00,3
2025-11-19 08:19:00+00:00,BUY,MEC-A,2025-11-19 03:19:00-05:00,3
2025-11-19 08:24:00+00:00,BUY,MEC-A,2025-11-19 03:24:00-05:00,3
2025-11-19 08:26:00+00:00,BUY,MEC-A,2025-11-19 03:26:00-05:00,3
2025-11-19 08:27:00+00:00,BUY,MEC-A,2025-11-19 03:27:00-05:00,3
2025-11-19 08:28:00+00:00,BUY,MEC-A,2025-11-19 03:28:00-05:00,3
2025-11-19 08:41:00+00:00,SELL,MEC-A,2025-11-19 03:41:00-05:00,3
2025-11-19 08:46:00+00:00,SELL,MEC-A,2025-11-19 03:46:00-05:00,3
2025-11-19 08:49:00+00:00,SELL,MEC-A,2025-11-19 03:49:00-05:00,3
2025-11-19 08:54:00+00:00,BUY,MEC-A,2025-11-19 03:54:00-05:00,3
2025-11-19 09:00:00+00:00,BUY,MEC-A,2025-11-19 04:00:00-05:00,4
2025-11-19 09:05:00+00:00,BUY,MEC-A,2025-11-19 04:05:00-05:00,4
2025-11-19 09:08:00+00:00,BUY,MEC-A,2025-11-19 04:08:00-05:00,4
2025-11-19 09:11:00+00:00,BUY,MEC-A,2025-11-19 04:11:00-05:00,4
2025-11-19 09:14:00+00:00,BUY,MEC-A,2025-11-19 04:14:00-05:00,4
2025-11-19 09:17:00+00:00,BUY,MEC-A,2025-11-19 04:17:00-05:00,4
2025-11-19 09:18:00+00:00,BUY,MEC-A,2025-11-19 04:18:00-05:00,4
2025-11-19 09:21:00+00:00,BUY,MEC-A,2025-11-19 04:21:00-05:00,4
2025-11-19 09:29:00+00:00,BUY,MEC-A,2025-11-19 04:29:00-05:00,4
2025-11-19 09:40:00+00:00,BUY,MEC-A,2025-11-19 04:40:00-05:00,4
2025-11-19 09:41:00+00:00,BUY,MEC-A,2025-11-19 04:41:00-05:00,4
2025-11-19 09:43:00+00:00,BUY,MEC-A,2025-11-19 04:43:00-05:00,4
2025-11-19 09:44:00+00:00,BUY,MEC-A,2025-11-19 04:44:00-05:00,4
2025-11-19 09:46:00+00:00,BUY,MEC-A,2025-11-19 04:46:00-05:00,4
2025-11-19 09:47:00+00:00,BUY,MEC-A,2025-11-19 04:47:00-05:00,4
2025-11-19 09:52:00+00:00,BUY,MEC-A,2025-11-19 04:52:00-05:00,4
2025-11-19 09:55:00+00:00,BUY,MEC-A,2025-11-19 04:55:00-05:00,4
2025-11-19 09:57:00+00:00,BUY,MEC-A,2025-11-19 04:57:00-05:00,4
2025-11-19 10:05:00+00:00,BUY,MEC-A,2025-11-19 05:05:00-05:00,5
2025-11-19 10:12:00+00:00,BUY,MEC-A,2025-11-19 05:12:00-05:00,5
2025-11-19 10:15:00+00:00,BUY,MEC-A,2025-11-19 05:15:00-05:00,5
2025-11-19 10:16:00+00:00,BUY,MEC-A,2025-11-19 05:16:00-05:00,5
2025-11-19 10:24:00+00:00,BUY,MEC-A,2025-11-19 05:24:00-05:00,5
2025-11-19 10:28:00+00:00,BUY,MEC-A,2025-11-19 05:28:00-05:00,5
2025-11-19 10:55:00+00:00,SELL,MEC-A,2025-11-19 05:55:00-05:00,5
2025-11-19 10:57:00+00:00,SELL,MEC-A,2025-11-19 05:57:00-05:00,5
2025-11-19 10:58:00+00:00,SELL,MEC-A,2025-11-19 05:58:00-05:00,5
2025-11-19 11:01:00+00:00,SELL,MEC-A,2025-11-19 06:01:00-05:00,6
2025-11-19 11:02:00+00:00,SELL,MEC-A,2025-11-19 06:02:00-05:00,6
2025-11-19 11:05:00+00:00,SELL,MEC-A,2025-11-19 06:05:00-05:00,6
2025-11-19 11:08:00+00:00,SELL,MEC-A,2025-11-19 06:08:00-05:00,6
2025-11-19 11:10:00+00:00,SELL,MEC-A,2025-11-19 06:10:00-05:00,6
2025-11-19 11:13:00+00:00,SELL,MEC-A,2025-11-19 06:13:00-05:00,6
2025-11-19 11:17:00+00:00,BUY,MEC-A,2025-11-19 06:17:00-05:00,6
2025-11-19 11:19:00+00:00,BUY,MEC-A,2025-11-19 06:19:00-05:00,6
2025-11-19 11:33:00+00:00,BUY,MEC-A,2025-11-19 06:33:00-05:00,6
2025-11-19 11:43:00+00:00,SELL,MEC-A,2025-11-19 06:43:00-05:00,6
2025-11-19 11:50:00+00:00,BUY,MEC-A,2025-11-19 06:50:00-05:00,6
2025-11-19 12:08:00+00:00,BUY,MEC-A,2025-11-19 07:08:00-05:00,7
2025-11-19 12:10:00+00:00,BUY,MEC-A,2025-11-19 07:10:00-05:00,7
2025-11-19 12:18:00+00:00,SELL,MEC-A,2025-11-19 07:18:00-05:00,7
2025-11-19 12:19:00+00:00,SELL,MEC-A,2025-11-19 07:19:00-05:00,7
2025-11-19 12:38:00+00:00,BUY,MEC-A,2025-11-19 07:38:00-05:00,7
2025-11-19 12:48:00+00:00,BUY,MEC-A,2025-11-19 07:48:00-05:00,7
2025-11-19 12:50:00+00:00,BUY,MEC-A,2025-11-19 07:50:00-05:00,7
2025-11-19 12:53:00+00:00,SELL,MEC-A,2025-11-19 07:53:00-05:00,7
2025-11-19 12:56:00+00:00,SELL,MEC-A,2025-11-19 07:56:00-05:00,7
2025-11-19 12:58:00+00:00,SELL,MEC-A,2025-11-19 07:58:00-05:00,7
2025-11-19 13:00:00+00:00,SELL,MEC-A,2025-11-19 08:00:00-05:00,8
2025-11-19 13:04:00+00:00,SELL,MEC-A,2025-11-19 08:04:00-05:00,8
2025-11-19 13:06:00+00:00,SELL,MEC-A,2025-11-19 08:06:00-05:00,8
2025-11-19 13:10:00+00:00,SELL,MEC-A,2025-11-19 08:10:00-05:00,8
2025-11-19 13:23:00+00:00,SELL,MEC-A,2025-11-19 08:23:00-05:00,8
2025-11-19 13:28:00+00:00,BUY,MEC-A,2025-11-19 08:28:00-05:00,8
2025-11-19 13:30:00+00:00,BUY,MEC-A,2025-11-19 08:30:00-05:00,8
2025-11-19 13:31:00+00:00,BUY,MEC-A,2025-11-19 08:31:00-05:00,8
2025-11-19 13:36:00+00:00,BUY,MEC-A,2025-11-19 08:36:00-05:00,8
2025-11-19 13:40:00+00:00,BUY,MEC-A,2025-11-19 08:40:00-05:00,8
2025-11-19 13:43:00+00:00,BUY,MEC-A,2025-11-19 08:43:00-05:00,8
2025-11-19 13:45:00+00:00,BUY,MEC-A,2025-11-19 08:45:00-05:00,8
2025-11-19 13:50:00+00:00,SELL,MEC-A,2025-11-19 08:50:00-05:00,8
2025-11-19 13:51:00+00:00,SELL,MEC-A,2025-11-19 08:51:00-05:00,8
2025-11-19 13:54:00+00:00,SELL,MEC-A,2025-11-19 08:54:00-05:00,8
2025-11-19 14:12:00+00:00,BUY,MEC-A,2025-11-19 09:12:00-05:00,9
2025-11-19 14:13:00+00:00,BUY,MEC-A,2025-11-19 09:13:00-05:00,9
2025-11-19 14:17:00+00:00,BUY,MEC-A,2025-11-19 09:17:00-05:00,9
2025-11-19 14:22:00+00:00,SELL,MEC-A,2025-11-19 09:22:00-05:00,9
2025-11-19 14:25:00+00:00,SELL,MEC-A,2025-11-19 09:25:00-05:00,9
2025-11-19 14:28:00+00:00,SELL,MEC-A,2025-11-19 09:28:00-05:00,9
2025-11-19 14:30:00+00:00,SELL,MEC-A,2025-11-19 09:30:00-05:00,9
2025-11-19 14:53:00+00:00,BUY,MEC-A,2025-11-19 09:53:00-05:00,9
2025-11-19 14:54:00+00:00,BUY,MEC-A,2025-11-19 09:54:00-05:00,9
2025-11-19 14:55:00+00:00,BUY,MEC-A,2025-11-19 09:55:00-05:00,9
2025-11-19 14:56:00+00:00,BUY,MEC-A,2025-11-19 09:56:00-05:00,9
2025-11-19 14:59:00+00:00,BUY,MEC-A,2025-11-19 09:59:00-05:00,9
2025-11-19 15:03:00+00:00,BUY,MEC-A,2025-11-19 10:03:00-05:00,10
2025-11-19 15:09:00+00:00,BUY,MEC-A,2025-11-19 10:09:00-05:00,10
2025-11-19 15:14:00+00:00,BUY,MEC-A,2025-11-19 10:14:00-05:00,10
2025-11-19 15:15:00+00:00,BUY,MEC-A,2025-11-19 10:15:00-05:00,10
2025-11-19 15:26:00+00:00,SELL,MEC-A,2025-11-19 10:26:00-05:00,10
2025-11-19 15:28:00+00:00,SELL,MEC-A,2025-11-19 10:28:00-05:00,10
2025-11-19 15:29:00+00:00,SELL,MEC-A,2025-11-19 10:29:00-05:00,10
2025-11-19 15:31:00+00:00,SELL,MEC-A,2025-11-19 10:31:00-05:00,10
2025-11-19 15:36:00+00:00,SELL,MEC-A,2025-11-19 10:36:00-05:00,10
2025-11-19 15:38:00+00:00,SELL,MEC-A,2025-11-19 10:38:00-05:00,10
2025-11-19 15:39:00+00:00,SELL,MEC-A,2025-11-19 10:39:00-05:00,10
2025-11-19 15:43:00+00:00,SELL,MEC-A,2025-11-19 10:43:00-05:00,10
2025-11-19 15:45:00+00:00,SELL,MEC-A,2025-11-19 10:45:00-05:00,10
2025-11-19 15:49:00+00:00,SELL,MEC-A,2025-11-19 10:49:00-05:00,10
2025-11-19 15:52:00+00:00,SELL,MEC-A,2025-11-19 10:52:00-05:00,10
2025-11-19 15:53:00+00:00,SELL,MEC-A,2025-11-19 10:53:00-05:00,10
2025-11-19 16:01:00+00:00,SELL,MEC-A,2025-11-19 11:01:00-05:00,11
2025-11-19 16:08:00+00:00,SELL,MEC-A,2025-11-19 11:08:00-05:00,11
2025-11-19 16:14:00+00:00,BUY,MEC-A,2025-11-19 11:14:00-05:00,11
2025-11-19 16:17:00+00:00,SELL,MEC-A,2025-11-19 11:17:00-05:00,11
2025-11-19 16:18:00+00:00,SELL,MEC-A,2025-11-19 11:18:00-05:00,11
2025-11-19 16:25:00+00:00,SELL,MEC-A,2025-11-19 11:25:00-05:00,11
2025-11-19 16:26:00+00:00,SELL,MEC-A,2025-11-19 11:26:00-05:00,11
2025-11-19 16:28:00+00:00,SELL,MEC-A,2025-11-19 11:28:00-05:00,11
2025-11-19 16:31:00+00:00,SELL,MEC-A,2025-11-19 11:31:00-05:00,11
2025-11-19 16:36:00+00:00,SELL,MEC-A,2025-11-19 11:36:00-05:00,11
2025-11-19 16:40:00+00:00,SELL,MEC-A,2025-11-19 11:40:00-05:00,11
2025-11-19 16:43:00+00:00,SELL,MEC-A,2025-11-19 11:43:00-05:00,11
2025-11-19 16:48:00+00:00,SELL,MEC-A,2025-11-19 11:48:00-05:00,11
2025-11-19 17:03:00+00:00,SELL,MEC-A,2025-11-19 12:03:00-05:00,12
2025-11-19 17:14:00+00:00,SELL,MEC-A,2025-11-19 12:14:00-05:00,12
2025-11-19 17:28:00+00:00,BUY,MEC-A,2025-11-19 12:28:00-05:00,12
2025-11-19 17:35:00+00:00,SELL,MEC-A,2025-11-19 12:35:00-05:00,12
2025-11-19 17:41:00+00:00,BUY,MEC-A,2025-11-19 12:41:00-05:00,12
2025-11-19 17:44:00+00:00,BUY,MEC-A,2025-11-19 12:44:00-05:00,12
2025-11-19 17:49:00+00:00,BUY,MEC-A,2025-11-19 12:49:00-05:00,12
2025-11-19 17:50:00+00:00,BUY,MEC-A,2025-11-19 12:50:00-05:00,12
2025-11-19 18:04:00+00:00,BUY,MEC-A,2025-11-19 13:04:00-05:00,13
2025-11-19 18:09:00+00:00,BUY,MEC-A,2025-11-19 13:09:00-05:00,13
2025-11-19 18:12:00+00:00,BUY,MEC-A,2025-11-19 13:12:00-05:00,13
2025-11-19 18:16:00+00:00,BUY,MEC-A,2025-11-19 13:16:00-05:00,13
2025-11-19 18:22:00+00:00,BUY,MEC-A,2025-11-19 13:22:00-05:00,13
2025-11-19 18:27:00+00:00,SELL,MEC-A,2025-11-19 13:27:00-05:00,13
2025-11-19 18:30:00+00:00,SELL,MEC-A,2025-11-19 13:30:00-05:00,13
2025-11-19 18:32:00+00:00,SELL,MEC-A,2025-11-19 13:32:00-05:00,13
2025-11-19 18:40:00+00:00,SELL,MEC-A,2025-11-19 13:40:00-05:00,13
2025-11-19 18:50:00+00:00,BUY,MEC-A,2025-11-19 13:50:00-05:00,13
2025-11-19 18:52:00+00:00,BUY,MEC-A,2025-11-19 13:52:00-05:00,13
2025-11-19 18:56:00+00:00,BUY,MEC-A,2025-11-19 13:56:00-05:00,13
2025-11-19 19:01:00+00:00,BUY,MEC-A,2025-11-19 14:01:00-05:00,14
2025-11-19 19:09:00+00:00,BUY,MEC-A,2025-11-19 14:09:00-05:00,14
2025-11-19 19:15:00+00:00,SELL,MEC-A,2025-11-19 14:15:00-05:00,14
2025-11-19 19:20:00+00:00,SELL,MEC-A,2025-11-19 14:20:00-05:00,14
2025-11-19 19:26:00+00:00,SELL,MEC-A,2025-11-19 14:26:00-05:00,14
2025-11-19 19:27:00+00:00,SELL,MEC-A,2025-11-19 14:27:00-05:00,14
2025-11-19 19:39:00+00:00,SELL,MEC-A,2025-11-19 14:39:00-05:00,14
2025-11-19 19:41:00+00:00,SELL,MEC-A,2025-11-19 14:41:00-05:00,14
2025-11-19 19:46:00+00:00,SELL,MEC-A,2025-11-19 14:46:00-05:00,14
2025-11-19 19:51:00+00:00,BUY,MEC-A,2025-11-19 14:51:00-05:00,14
2025-11-19 19:52:00+00:00,BUY,MEC-A,2025-11-19 14:52:00-05:00,14
2025-11-19 19:53:00+00:00,BUY,MEC-A,2025-11-19 14:53:00-05:00,14
2025-11-19 20:06:00+00:00,BUY,MEC-A,2025-11-19 15:06:00-05:00,15
2025-11-19 20:08:00+00:00,BUY,MEC-A,2025-11-19 15:08:00-05:00,15
2025-11-19 20:14:00+00:00,BUY,MEC-A,2025-11-19 15:14:00-05:00,15
2025-11-19 20:15:00+00:00,BUY,MEC-A,2025-11-19 15:15:00-05:00,15
2025-11-19 20:18:00+00:00,BUY,MEC-A,2025-11-19 15:18:00-05:00,15
2025-11-19 20:19:00+00:00,BUY,MEC-A,2025-11-19 15:19:00-05:00,15
2025-11-19 20:27:00+00:00,BUY,MEC-A,2025-11-19 15:27:00-05:00,15
2025-11-19 20:32:00+00:00,SELL,MEC-A,2025-11-19 15:32:00-05:00,15
2025-11-19 20:41:00+00:00,SELL,MEC-A,2025-11-19 15:41:00-05:00,15
2025-11-19 20:45:00+00:00,SELL,MEC-A,2025-11-19 15:45:00-05:00,15
2025-11-19 20:46:00+00:00,SELL,MEC-A,2025-11-19 15:46:00-05:00,15
2025-11-19 20:47:00+00:00,SELL,MEC-A,2025-11-19 15:47:00-05:00,15
2025-11-19 20:48:00+00:00,SELL,MEC-A,2025-11-19 15:48:00-05:00,15
2025-11-19 21:00:00+00:00,SELL,MEC-A,2025-11-19 16:00:00-05:00,16
2025-11-19 21:01:00+00:00,SELL,MEC-A,2025-11-19 16:01:00-05:00,16
2025-11-19 21:05:00+00:00,SELL,MEC-A,2025-11-19 16:05:00-05:00,16
2025-11-19 21:07:00+00:00,SELL,MEC-A,2025-11-19 16:07:00-05:00,16
2025-11-19 21:09:00+00:00,SELL,MEC-A,2025-11-19 16:09:00-05:00,16
2025-11-19 21:10:00+00:00,SELL,MEC-A,2025-11-19 16:10:00-05:00,16
2025-11-19 21:13:00+00:00,BUY,MEC-A,2025-11-19 16:13:00-05:00,16
2025-11-19 21:15:00+00:00,SELL,MEC-A,2025-11-19 16:15:00-05:00,16
2025-11-19 21:17:00+00:00,SELL,MEC-A,2025-11-19 16:17:00-05:00,16
2025-11-19 21:23:00+00:00,BUY,MEC-A,2025-11-19 16:23:00-05:00,16
2025-11-19 21:24:00+00:00,BUY,MEC-A,2025-11-19 16:24:00-05:00,16
2025-11-19 21:28:00+00:00,BUY,MEC-A,2025-11-19 16:28:00-05:00,16
2025-11-19 21:29:00+00:00,BUY,MEC-A,2025-11-19 16:29:00-05:00,16
2025-11-19 21:30:00+00:00,BUY,MEC-A,2025-11-19 16:30:00-05:00,16
2025-11-19 21:31:00+00:00,BUY,MEC-A,2025-11-19 16:31:00-05:00,16
2025-11-19 21:32:00+00:00,BUY,MEC-A,2025-11-19 16:32:00-05:00,16
2025-11-19 21:33:00+00:00,BUY,MEC-A,2025-11-19 16:33:00-05:00,16
2025-11-19 21:34:00+00:00,BUY,MEC-A,2025-11-19 16:34:00-05:00,16
2025-11-19 21:38:00+00:00,BUY,MEC-A,2025-11-19 16:38:00-05:00,16
2025-11-19 21:43:00+00:00,BUY,MEC-A,2025-11-19 16:43:00-05:00,16
2025-11-19 21:45:00+00:00,BUY,MEC-A,2025-11-19 16:45:00-05:00,16
2025-11-19 21:46:00+00:00,BUY,MEC-A,2025-11-19 16:46:00-05:00,16
2025-11-19 21:48:00+00:00,BUY,MEC-A,2025-11-19 16:48:00-05:00,16
2025-11-19 21:49:00+00:00,BUY,MEC-A,2025-11-19 16:49:00-05:00,16
2025-11-19 21:50:00+00:00,SELL,MEC-A,2025-11-19 16:50:00-05:00,16
2025-11-19 21:54:00+00:00,SELL,MEC-A,2025-11-19 16:54:00-05:00,16
2025-11-19 21:59:00+00:00,SELL,MEC-A,2025-11-19 16:59:00-05:00,16
2025-11-20 00:36:00+00:00,SELL,MEC-A,2025-11-19 19:36:00-05:00,19
2025-11-20 00:49:00+00:00,SELL,MEC-A,2025-11-19 19:49:00-05:00,19
2025-11-20 00:50:00+00:00,SELL,MEC-A,2025-11-19 19:50:00-05:00,19
2025-11-20 00:55:00+00:00,SELL,MEC-B,2025-11-19 19:55:00-05:00,19
2025-11-20 00:58:00+00:00,SELL,MEC-A,2025-11-19 19:58:00-05:00,19
2025-11-20 01:05:00+00:00,BUY,MEC-A,2025-11-19 20:05:00-05:00,20
2025-11-20 01:12:00+00:00,SELL,MEC-A,2025-11-19 20:12:00-05:00,20
2025-11-20 01:17:00+00:00,SELL,MEC-A,2025-11-19 20:17:00-05:00,20
2025-11-20 01:20:00+00:00,SELL,MEC-A,2025-11-19 20:20:00-05:00,20
2025-11-20 01:29:00+00:00,SELL,MEC-A,2025-11-19 20:29:00-05:00,20
2025-11-20 01:30:00+00:00,SELL,MEC-A,2025-11-19 20:30:00-05:00,20
2025-11-20 01:31:00+00:00,SELL,MEC-A,2025-11-19 20:31:00-05:00,20
2025-11-20 01:36:00+00:00,SELL,MEC-A,2025-11-19 20:36:00-05:00,20
2025-11-20 01:38:00+00:00,SELL,MEC-A,2025-11-19 20:38:00-05:00,20
2025-11-20 01:42:00+00:00,SELL,MEC-A,2025-11-19 20:42:00-05:00,20
2025-11-20 01:45:00+00:00,BUY,MEC-A,2025-11-19 20:45:00-05:00,20
2025-11-20 01:46:00+00:00,BUY,MEC-A,2025-11-19 20:46:00-05:00,20
2025-11-20 01:51:00+00:00,BUY,MEC-A,2025-11-19 20:51:00-05:00,20
2025-11-20 01:55:00+00:00,SELL,MEC-A,2025-11-19 20:55:00-05:00,20
2025-11-20 01:59:00+00:00,SELL,MEC-A,2025-11-19 20:59:00-05:00,20
2025-11-20 02:00:00+00:00,SELL,MEC-A,2025-11-19 21:00:00-05:00,21
2025-11-20 02:01:00+00:00,SELL,MEC-A,2025-11-19 21:01:00-05:00,21
2025-11-20 02:04:00+00:00,SELL,MEC-A,2025-11-19 21:04:00-05:00,21
2025-11-20 02:05:00+00:00,SELL,MEC-A,2025-11-19 21:05:00-05:00,21
2025-11-20 02:06:00+00:00,SELL,MEC-A,2025-11-19 21:06:00-05:00,21
2025-11-20 02:16:00+00:00,SELL,MEC-A,2025-11-19 21:16:00-05:00,21
2025-11-20 02:17:00+00:00,SELL,MEC-A,2025-11-19 21:17:00-05:00,21
2025-11-20 02:32:00+00:00,SELL,MEC-A,2025-11-19 21:32:00-05:00,21
2025-11-20 02:33:00+00:00,SELL,MEC-A,2025-11-19 21:33:00-05:00,21
2025-11-20 02:34:00+00:00,SELL,MEC-A,2025-11-19 21:34:00-05:00,21
2025-11-20 02:39:00+00:00,SELL,MEC-A,2025-11-19 21:39:00-05:00,21
2025-11-20 02:41:00+00:00,SELL,MEC-A,2025-11-19 21:41:00-05:00,21
2025-11-20 02:44:00+00:00,BUY,MEC-A,2025-11-19 21:44:00-05:00,21
2025-11-20 02:48:00+00:00,BUY,MEC-A,2025-11-19 21:48:00-05:00,21
2025-11-20 02:49:00+00:00,BUY,MEC-A,2025-11-19 21:49:00-05:00,21
2025-11-20 02:50:00+00:00,BUY,MEC-A,2025-11-19 21:50:00-05:00,21
2025-11-20 02:55:00+00:00,BUY,MEC-A,2025-11-19 21:55:00-05:00,21
2025-11-20 02:57:00+00:00,BUY,MEC-A,2025-11-19 21:57:00-05:00,21
2025-11-20 03:00:00+00:00,BUY,MEC-A,2025-11-19 22:00:00-05:00,22
2025-11-20 03:03:00+00:00,BUY,MEC-A,2025-11-19 22:03:00-05:00,22
2025-11-20 03:05:00+00:00,BUY,MEC-A,2025-11-19 22:05:00-05:00,22
2025-11-20 03:06:00+00:00,BUY,MEC-A,2025-11-19 22:06:00-05:00,22
2025-11-20 03:07:00+00:00,BUY,MEC-A,2025-11-19 22:07:00-05:00,22
2025-11-20 03:09:00+00:00,BUY,MEC-A,2025-11-19 22:09:00-05:00,22
2025-11-20 03:16:00+00:00,BUY,MEC-A,2025-11-19 22:16:00-05:00,22
2025-11-20 03:22:00+00:00,BUY,MEC-A,2025-11-19 22:22:00-05:00,22
2025-11-20 03:27:00+00:00,BUY,MEC-A,2025-11-19 22:27:00-05:00,22
2025-11-20 03:34:00+00:00,SELL,MEC-A,2025-11-19 22:34:00-05:00,22
2025-11-20 03:37:00+00:00,SELL,MEC-A,2025-11-19 22:37:00-05:00,22
2025-11-20 03:41:00+00:00,SELL,MEC-A,2025-11-19 22:41:00-05:00,22
2025-11-20 03:43:00+00:00,SELL,MEC-A,2025-11-19 22:43:00-05:00,22
2025-11-20 03:44:00+00:00,SELL,MEC-A,2025-11-19 22:44:00-05:00,22
2025-11-20 03:50:00+00:00,SELL,MEC-A,2025-11-19 22:50:00-05:00,22
2025-11-20 03:58:00+00:00,BUY,MEC-A,2025-11-19 22:58:00-05:00,22
2025-11-20 04:01:00+00:00,BUY,MEC-A,2025-11-19 23:01:00-05:00,23
2025-11-20 04:04:00+00:00,BUY,MEC-A,2025-11-19 23:04:00-05:00,23
2025-11-20 04:06:00+00:00,BUY,MEC-A,2025-11-19 23:06:00-05:00,23
2025-11-20 04:08:00+00:00,BUY,MEC-A,2025-11-19 23:08:00-05:00,23
2025-11-20 04:09:00+00:00,BUY,MEC-A,2025-11-19 23:09:00-05:00,23
2025-11-20 04:10:00+00:00,BUY,MEC-A,2025-11-19 23:10:00-05:00,23
2025-11-20 04:14:00+00:00,BUY,MEC-A,2025-11-19 23:14:00-05:00,23
2025-11-20 04:19:00+00:00,BUY,MEC-A,2025-11-19 23:19:00-05:00,23
2025-11-20 04:25:00+00:00,BUY,MEC-A,2025-11-19 23:25:00-05:00,23
2025-11-20 04:26:00+00:00,BUY,MEC-A,2025-11-19 23:26:00-05:00,23
2025-11-20 04:32:00+00:00,BUY,MEC-A,2025-11-19 23:32:00-05:00,23
2025-11-20 04:34:00+00:00,SELL,MEC-A,2025-11-19 23:34:00-05:00,23
2025-11-20 04:38:00+00:00,SELL,MEC-A,2025-11-19 23:38:00-05:00,23
2025-11-20 04:41:00+00:00,SELL,MEC-A,2025-11-19 23:41:00-05:00,23
2025-11-20 04:42:00+00:00,SELL,MEC-A,2025-11-19 23:42:00-05:00,23
2025-11-20 04:49:00+00:00,BUY,MEC-A,2025-11-19 23:49:00-05:00,23
2025-11-20 04:51:00+00:00,BUY,MEC-A,2025-11-19 23:51:00-05:00,23
2025-11-20 04:54:00+00:00,BUY,MEC-A,2025-11-19 23:54:00-05:00,23
2025-11-20 04:55:00+00:00,BUY,MEC-A,2025-11-19 23:55:00-05:00,23
2025-11-20 05:00:00+00:00,SELL,MEC-A,2025-11-20 00:00:00-05:00,0
2025-11-20 05:02:00+00:00,SELL,MEC-A,2025-11-20 00:02:00-05:00,0
2025-11-20 05:07:00+00:00,SELL,MEC-A,2025-11-20 00:07:00-05:00,0
2025-11-20 05:09:00+00:00,SELL,MEC-A,2025-11-20 00:09:00-05:00,0
2025-11-20 05:27:00+00:00,SELL,MEC-A,2025-11-20 00:27:00-05:00,0
2025-11-20 05:29:00+00:00,SELL,MEC-A,2025-11-20 00:29:00-05:00,0
2025-11-20 05:36:00+00:00,SELL,MEC-A,2025-11-20 00:36:00-05:00,0
2025-11-20 05:59:00+00:00,SELL,MEC-A,2025-11-20 00:59:00-05:00,0
2025-11-20 06:08:00+00:00,BUY,MEC-A,2025-11-20 01:08:00-05:00,1
2025-11-20 06:15:00+00:00,BUY,MEC-A,2025-11-20 01:15:00-05:00,1
2025-11-20 06:25:00+00:00,SELL,MEC-A,2025-11-20 01:25:00-05:00,1
2025-11-20 06:26:00+00:00,SELL,MEC-A,2025-11-20 01:26:00-05:00,1
2025-11-20 06:32:00+00:00,SELL,MEC-A,2025-11-20 01:32:00-05:00,1
2025-11-20 06:50:00+00:00,SELL,MEC-A,2025-11-20 01:50:00-05:00,1
2025-11-20 07:01:00+00:00,SELL,MEC-A,2025-11-20 02:01:00-05:00,2
2025-11-20 07:06:00+00:00,BUY,MEC-A,2025-11-20 02:06:00-05:00,2
2025-11-20 07:09:00+00:00,BUY,MEC-A,2025-11-20 02:09:00-05:00,2
2025-11-20 07:11:00+00:00,BUY,MEC-A,2025-11-20 02:11:00-05:00,2
2025-11-20 07:20:00+00:00,SELL,MEC-A,2025-11-20 02:20:00-05:00,2
2025-11-20 07:22:00+00:00,SELL,MEC-A,2025-11-20 02:22:00-05:00,2
2025-11-20 07:37:00+00:00,SELL,MEC-A,2025-11-20 02:37:00-05:00,2
2025-11-20 07:42:00+00:00,SELL,MEC-A,2025-11-20 02:42:00-05:00,2
2025-11-20 07:43:00+00:00,SELL,MEC-A,2025-11-20 02:43:00-05:00,2
2025-11-20 07:44:00+00:00,SELL,MEC-A,2025-11-20 02:44:00-05:00,2
2025-11-20 07:45:00+00:00,SELL,MEC-A,2025-11-20 02:45:00-05:00,2
2025-11-20 07:51:00+00:00,SELL,MEC-A,2025-11-20 02:51:00-05:00,2
2025-11-20 07:52:00+00:00,SELL,MEC-A,2025-11-20 02:52:00-05:00,2
2025-11-20 07:55:00+00:00,SELL,MEC-A,2025-11-20 02:55:00-05:00,2
2025-11-20 08:00:00+00:00,BUY,MEC-A,2025-11-20 03:00:00-05:00,3
2025-11-20 08:03:00+00:00,SELL,MEC-A,2025-11-20 03:03:00-05:00,3
2025-11-20 08:04:00+00:00,SELL,MEC-A,2025-11-20 03:04:00-05:00,3
2025-11-20 08:06:00+00:00,SELL,MEC-A,2025-11-20 03:06:00-05:00,3
2025-11-20 08:08:00+00:00,SELL,MEC-A,2025-11-20 03:08:00-05:00,3
2025-11-20 08:12:00+00:00,SELL,MEC-A,2025-11-20 03:12:00-05:00,3
2025-11-20 08:14:00+00:00,SELL,MEC-A,2025-11-20 03:14:00-05:00,3
2025-11-20 08:17:00+00:00,SELL,MEC-A,2025-11-20 03:17:00-05:00,3
2025-11-20 08:19:00+00:00,SELL,MEC-A,2025-11-20 03:19:00-05:00,3
2025-11-20 08:21:00+00:00,SELL,MEC-A,2025-11-20 03:21:00-05:00,3
2025-11-20 08:22:00+00:00,SELL,MEC-A,2025-11-20 03:22:00-05:00,3
2025-11-20 08:32:00+00:00,BUY,MEC-A,2025-11-20 03:32:00-05:00,3
2025-11-20 08:34:00+00:00,BUY,MEC-A,2025-11-20 03:34:00-05:00,3
2025-11-20 08:35:00+00:00,BUY,MEC-A,2025-11-20 03:35:00-05:00,3
2025-11-20 08:44:00+00:00,BUY,MEC-A,2025-11-20 03:44:00-05:00,3
2025-11-20 08:46:00+00:00,BUY,MEC-A,2025-11-20 03:46:00-05:00,3
2025-11-20 08:56:00+00:00,BUY,MEC-A,2025-11-20 03:56:00-05:00,3
2025-11-20 08:57:00+00:00,BUY,MEC-A,2025-11-20 03:57:00-05:00,3
2025-11-20 08:58:00+00:00,BUY,MEC-A,2025-11-20 03:58:00-05:00,3
2025-11-20 09:00:00+00:00,BUY,MEC-A,2025-11-20 04:00:00-05:00,4
2025-11-20 09:01:00+00:00,BUY,MEC-A,2025-11-20 04:01:00-05:00,4
2025-11-20 09:02:00+00:00,BUY,MEC-A,2025-11-20 04:02:00-05:00,4
2025-11-20 09:04:00+00:00,BUY,MEC-A,2025-11-20 04:04:00-05:00,4
2025-11-20 09:11:00+00:00,BUY,MEC-A,2025-11-20 04:11:00-05:00,4
2025-11-20 09:19:00+00:00,SELL,MEC-A,2025-11-20 04:19:00-05:00,4
2025-11-20 09:24:00+00:00,SELL,MEC-A,2025-11-20 04:24:00-05:00,4
2025-11-20 09:27:00+00:00,SELL,MEC-A,2025-11-20 04:27:00-05:00,4
2025-11-20 09:29:00+00:00,SELL,MEC-A,2025-11-20 04:29:00-05:00,4
2025-11-20 09:31:00+00:00,SELL,MEC-A,2025-11-20 04:31:00-05:00,4
2025-11-20 09:47:00+00:00,SELL,MEC-A,2025-11-20 04:47:00-05:00,4
2025-11-20 09:48:00+00:00,SELL,MEC-A,2025-11-20 04:48:00-05:00,4
2025-11-20 09:52:00+00:00,BUY,MEC-A,2025-11-20 04:52:00-05:00,4
2025-11-20 10:09:00+00:00,BUY,MEC-A,2025-11-20 05:09:00-05:00,5
2025-11-20 10:13:00+00:00,SELL,MEC-A,2025-11-20 05:13:00-05:00,5
2025-11-20 10:19:00+00:00,SELL,MEC-A,2025-11-20 05:19:00-05:00,5
2025-11-20 10:21:00+00:00,SELL,MEC-A,2025-11-20 05:21:00-05:00,5
2025-11-20 10:22:00+00:00,SELL,MEC-A,2025-11-20 05:22:00-05:00,5
2025-11-20 10:32:00+00:00,BUY,MEC-A,2025-11-20 05:32:00-05:00,5
2025-11-20 10:33:00+00:00,BUY,MEC-A,2025-11-20 05:33:00-05:00,5
2025-11-20 10:41:00+00:00,BUY,MEC-A,2025-11-20 05:41:00-05:00,5
2025-11-20 10:42:00+00:00,BUY,MEC-A,2025-11-20 05:42:00-05:00,5
2025-11-20 10:54:00+00:00,SELL,MEC-A,2025-11-20 05:54:00-05:00,5
2025-11-20 10:59:00+00:00,SELL,MEC-A,2025-11-20 05:59:00-05:00,5
2025-11-20 11:03:00+00:00,SELL,MEC-A,2025-11-20 06:03:00-05:00,6
2025-11-20 11:04:00+00:00,SELL,MEC-A,2025-11-20 06:04:00-05:00,6
2025-11-20 11:08:00+00:00,SELL,MEC-A,2025-11-20 06:08:00-05:00,6
2025-11-20 11:09:00+00:00,SELL,MEC-A,2025-11-20 06:09:00-05:00,6
2025-11-20 11:15:00+00:00,SELL,MEC-A,2025-11-20 06:15:00-05:00,6
2025-11-20 11:17:00+00:00,SELL,MEC-A,2025-11-20 06:17:00-05:00,6
2025-11-20 11:21:00+00:00,SELL,MEC-A,2025-11-20 06:21:00-05:00,6
2025-11-20 11:28:00+00:00,BUY,MEC-A,2025-11-20 06:28:00-05:00,6
2025-11-20 11:29:00+00:00,BUY,MEC-A,2025-11-20 06:29:00-05:00,6
2025-11-20 11:31:00+00:00,BUY,MEC-A,2025-11-20 06:31:00-05:00,6
2025-11-20 11:36:00+00:00,BUY,MEC-A,2025-11-20 06:36:00-05:00,6
2025-11-20 11:38:00+00:00,BUY,MEC-A,2025-11-20 06:38:00-05:00,6
2025-11-20 11:40:00+00:00,BUY,MEC-A,2025-11-20 06:40:00-05:00,6
2025-11-20 11:41:00+00:00,BUY,MEC-A,2025-11-20 06:41:00-05:00,6
2025-11-20 11:42:00+00:00,BUY,MEC-A,2025-11-20 06:42:00-05:00,6
2025-11-20 11:43:00+00:00,BUY,MEC-A,2025-11-20 06:43:00-05:00,6
2025-11-20 11:52:00+00:00,BUY,MEC-A,2025-11-20 06:52:00-05:00,6
2025-11-20 11:54:00+00:00,BUY,MEC-A,2025-11-20 06:54:00-05:00,6
2025-11-20 11:56:00+00:00,BUY,MEC-A,2025-11-20 06:56:00-05:00,6
2025-11-20 11:58:00+00:00,BUY,MEC-A,2025-11-20 06:58:00-05:00,6
2025-11-20 11:59:00+00:00,BUY,MEC-A,2025-11-20 06:59:00-05:00,6
2025-11-20 12:01:00+00:00,BUY,MEC-A,2025-11-20 07:01:00-05:00,7
2025-11-20 12:02:00+00:00,BUY,MEC-A,2025-11-20 07:02:00-05:00,7
2025-11-20 12:03:00+00:00,BUY,MEC-A,2025-11-20 07:03:00-05:00,7
2025-11-20 12:06:00+00:00,BUY,MEC-A,2025-11-20 07:06:00-05:00,7
2025-11-20 12:07:00+00:00,BUY,MEC-A,2025-11-20 07:07:00-05:00,7
2025-11-20 12:08:00+00:00,BUY,MEC-A,2025-11-20 07:08:00-05:00,7
2025-11-20 12:11:00+00:00,BUY,MEC-A,2025-11-20 07:11:00-05:00,7
2025-11-20 12:14:00+00:00,BUY,MEC-A,2025-11-20 07:14:00-05:00,7
2025-11-20 12:18:00+00:00,BUY,MEC-A,2025-11-20 07:18:00-05:00,7
2025-11-20 12:19:00+00:00,BUY,MEC-A,2025-11-20 07:19:00-05:00,7
2025-11-20 12:20:00+00:00,BUY,MEC-A,2025-11-20 07:20:00-05:00,7
2025-11-20 12:30:00+00:00,BUY,MEC-A,2025-11-20 07:30:00-05:00,7
2025-11-20 12:32:00+00:00,BUY,MEC-A,2025-11-20 07:32:00-05:00,7
2025-11-20 12:38:00+00:00,BUY,MEC-A,2025-11-20 07:38:00-05:00,7
2025-11-20 12:39:00+00:00,SELL,MEC-A,2025-11-20 07:39:00-05:00,7
2025-11-20 12:42:00+00:00,BUY,MEC-A,2025-11-20 07:42:00-05:00,7
2025-11-20 12:46:00+00:00,BUY,MEC-A,2025-11-20 07:46:00-05:00,7
2025-11-20 12:49:00+00:00,BUY,MEC-A,2025-11-20 07:49:00-05:00,7
2025-11-20 12:50:00+00:00,BUY,MEC-A,2025-11-20 07:50:00-05:00,7
2025-11-20 12:56:00+00:00,BUY,MEC-A,2025-11-20 07:56:00-05:00,7
2025-11-20 12:59:00+00:00,BUY,MEC-A,2025-11-20 07:59:00-05:00,7
2025-11-20 13:00:00+00:00,BUY,MEC-A,2025-11-20 08:00:00-05:00,8
2025-11-20 13:01:00+00:00,BUY,MEC-A,2025-11-20 08:01:00-05:00,8
2025-11-20 13:04:00+00:00,BUY,MEC-A,2025-11-20 08:04:00-05:00,8
2025-11-20 13:06:00+00:00,BUY,MEC-A,2025-11-20 08:06:00-05:00,8
2025-11-20 13:09:00+00:00,BUY,MEC-A,2025-11-20 08:09:00-05:00,8
2025-11-20 13:12:00+00:00,BUY,MEC-A,2025-11-20 08:12:00-05:00,8
2025-11-20 13:13:00+00:00,BUY,MEC-A,2025-11-20 08:13:00-05:00,8
2025-11-20 13:33:00+00:00,SELL,MEC-A,2025-11-20 08:33:00-05:00,8
2025-11-20 13:34:00+00:00,SELL,MEC-A,2025-11-20 08:34:00-05:00,8
2025-11-20 13:55:00+00:00,SELL,MEC-A,2025-11-20 08:55:00-05:00,8
2025-11-20 14:15:00+00:00,BUY,MEC-A,2025-11-20 09:15:00-05:00,9
2025-11-20 14:16:00+00:00,BUY,MEC-A,2025-11-20 09:16:00-05:00,9
2025-11-20 14:17:00+00:00,BUY,MEC-A,2025-11-20 09:17:00-05:00,9
2025-11-20 14:19:00+00:00,BUY,MEC-A,2025-11-20 09:19:00-05:00,9
2025-11-20 14:24:00+00:00,BUY,MEC-A,2025-11-20 09:24:00-05:00,9
2025-11-20 14:29:00+00:00,SELL,MEC-A,2025-11-20 09:29:00-05:00,9
2025-11-20 14:31:00+00:00,SELL,MEC-A,2025-11-20 09:31:00-05:00,9
2025-11-20 14:34:00+00:00,SELL,MEC-A,2025-11-20 09:34:00-05:00,9
2025-11-20 14:42:00+00:00,BUY,MEC-A,2025-11-20 09:42:00-05:00,9
2025-11-20 14:48:00+00:00,BUY,MEC-A,2025-11-20 09:48:00-05:00,9
2025-11-20 14:49:00+00:00,BUY,MEC-A,2025-11-20 09:49:00-05:00,9
2025-11-20 14:50:00+00:00,BUY,MEC-A,2025-11-20 09:50:00-05:00,9
2025-11-20 14:56:00+00:00,BUY,MEC-A,2025-11-20 09:56:00-05:00,9
2025-11-20 15:01:00+00:00,BUY,MEC-A,2025-11-20 10:01:00-05:00,10
2025-11-20 15:06:00+00:00,SELL,MEC-A,2025-11-20 10:06:00-05:00,10
2025-11-20 15:26:00+00:00,BUY,MEC-A,2025-11-20 10:26:00-05:00,10
2025-11-20 15:33:00+00:00,SELL,MEC-A,2025-11-20 10:33:00-05:00,10
2025-11-20 15:34:00+00:00,SELL,MEC-A,2025-11-20 10:34:00-05:00,10
2025-11-20 15:41:00+00:00,SELL,MEC-A,2025-11-20 10:41:00-05:00,10
2025-11-20 15:42:00+00:00,SELL,MEC-A,2025-11-20 10:42:00-05:00,10
2025-11-20 15:45:00+00:00,SELL,MEC-A,2025-11-20 10:45:00-05:00,10
2025-11-20 15:46:00+00:00,SELL,MEC-A,2025-11-20 10:46:00-05:00,10
2025-11-20 15:51:00+00:00,SELL,MEC-A,2025-11-20 10:51:00-05:00,10
2025-11-20 15:54:00+00:00,SELL,MEC-A,2025-11-20 10:54:00-05:00,10
2025-11-20 15:55:00+00:00,SELL,MEC-A,2025-11-20 10:55:00-05:00,10
2025-11-20 15:56:00+00:00,SELL,MEC-A,2025-11-20 10:56:00-05:00,10
2025-11-20 15:57:00+00:00,SELL,MEC-A,2025-11-20 10:57:00-05:00,10
2025-11-20 15:59:00+00:00,SELL,MEC-A,2025-11-20 10:59:00-05:00,10
2025-11-20 16:07:00+00:00,SELL,MEC-A,2025-11-20 11:07:00-05:00,11
2025-11-20 16:12:00+00:00,SELL,MEC-A,2025-11-20 11:12:00-05:00,11
2025-11-20 16:14:00+00:00,SELL,MEC-A,2025-11-20 11:14:00-05:00,11
2025-11-20 16:18:00+00:00,SELL,MEC-A,2025-11-20 11:18:00-05:00,11
2025-11-20 16:19:00+00:00,SELL,MEC-A,2025-11-20 11:19:00-05:00,11
2025-11-20 16:26:00+00:00,SELL,MEC-A,2025-11-20 11:26:00-05:00,11
2025-11-20 16:29:00+00:00,SELL,MEC-A,2025-11-20 11:29:00-05:00,11
2025-11-20 16:31:00+00:00,SELL,MEC-A,2025-11-20 11:31:00-05:00,11
2025-11-20 16:36:00+00:00,SELL,MEC-A,2025-11-20 11:36:00-05:00,11
2025-11-20 16:42:00+00:00,SELL,MEC-A,2025-11-20 11:42:00-05:00,11
2025-11-20 16:44:00+00:00,SELL,MEC-A,2025-11-20 11:44:00-05:00,11
2025-11-20 16:54:00+00:00,SELL,MEC-A,2025-11-20 11:54:00-05:00,11
2025-11-20 16:55:00+00:00,SELL,MEC-A,2025-11-20 11:55:00-05:00,11
2025-11-20 16:57:00+00:00,SELL,MEC-A,2025-11-20 11:57:00-05:00,11
2025-11-20 16:58:00+00:00,SELL,MEC-A,2025-11-20 11:58:00-05:00,11
2025-11-20 19:09:00+00:00,BUY,MEC-A,2025-11-20 14:09:00-05:00,14
2025-11-20 19:10:00+00:00,BUY,MEC-A,2025-11-20 14:10:00-05:00,14
2025-11-20 19:14:00+00:00,BUY,MEC-A,2025-11-20 14:14:00-05:00,14
2025-11-20 19:16:00+00:00,BUY,MEC-A,2025-11-20 14:16:00-05:00,14
2025-11-20 19:17:00+00:00,BUY,MEC-A,2025-11-20 14:17:00-05:00,14
2025-11-20 19:20:00+00:00,BUY,MEC-A,2025-11-20 14:20:00-05:00,14
2025-11-20 19:21:00+00:00,BUY,MEC-A,2025-11-20 14:21:00-05:00,14
2025-11-20 19:22:00+00:00,BUY,MEC-A,2025-11-20 14:22:00-05:00,14
2025-11-20 19:23:00+00:00,BUY,MEC-A,2025-11-20 14:23:00-05:00,14
2025-11-20 19:25:00+00:00,BUY,MEC-A,2025-11-20 14:25:00-05:00,14
2025-11-20 19:27:00+00:00,BUY,MEC-A,2025-11-20 14:27:00-05:00,14
2025-11-20 19:45:00+00:00,SELL,MEC-A,2025-11-20 14:45:00-05:00,14
2025-11-20 19:58:00+00:00,BUY,MEC-A,2025-11-20 14:58:00-05:00,14
2025-11-20 20:07:00+00:00,SELL,MEC-A,2025-11-20 15:07:00-05:00,15
2025-11-20 20:08:00+00:00,SELL,MEC-A,2025-11-20 15:08:00-05:00,15
2025-11-20 20:09:00+00:00,SELL,MEC-A,2025-11-20 15:09:00-05:00,15
2025-11-20 20:11:00+00:00,SELL,MEC-A,2025-11-20 15:11:00-05:00,15
2025-11-20 20:12:00+00:00,SELL,MEC-A,2025-11-20 15:12:00-05:00,15
2025-11-20 20:17:00+00:00,SELL,MEC-A,2025-11-20 15:17:00-05:00,15
2025-11-20 20:22:00+00:00,SELL,MEC-A,2025-11-20 15:22:00-05:00,15
2025-11-20 20:23:00+00:00,SELL,MEC-A,2025-11-20 15:23:00-05:00,15
2025-11-20 20:24:00+00:00,SELL,MEC-A,2025-11-20 15:24:00-05:00,15
2025-11-20 20:26:00+00:00,SELL,MEC-A,2025-11-20 15:26:00-05:00,15
2025-11-20 20:33:00+00:00,SELL,MEC-A,2025-11-20 15:33:00-05:00,15
2025-11-20 20:41:00+00:00,SELL,MEC-A,2025-11-20 15:41:00-05:00,15
2025-11-20 20:44:00+00:00,BUY,MEC-A,2025-11-20 15:44:00-05:00,15
2025-11-20 20:45:00+00:00,BUY,MEC-A,2025-11-20 15:45:00-05:00,15
2025-11-20 20:50:00+00:00,BUY,MEC-A,2025-11-20 15:50:00-05:00,15
2025-11-20 20:57:00+00:00,SELL,MEC-A,2025-11-20 15:57:00-05:00,15
2025-11-20 23:25:00+00:00,SELL,MEC-A,2025-11-20 18:25:00-05:00,18
2025-11-20 23:32:00+00:00,SELL,MEC-A,2025-11-20 18:32:00-05:00,18
2025-11-20 23:40:00+00:00,BUY,MEC-A,2025-11-20 18:40:00-05:00,18
2025-11-20 23:44:00+00:00,BUY,MEC-A,2025-11-20 18:44:00-05:00,18
2025-11-20 23:47:00+00:00,BUY,MEC-A,2025-11-20 18:47:00-05:00,18
2025-11-20 23:50:00+00:00,SELL,MEC-A,2025-11-20 18:50:00-05:00,18
2025-11-20 23:52:00+00:00,SELL,MEC-A,2025-11-20 18:52:00-05:00,18
2025-11-20 23:53:00+00:00,SELL,MEC-A,2025-11-20 18:53:00-05:00,18
2025-11-20 23:56:00+00:00,SELL,MEC-A,2025-11-20 18:56:00-05:00,18
2025-11-21 00:00:00+00:00,SELL,MEC-A,2025-11-20 19:00:00-05:00,19
2025-11-21 00:03:00+00:00,SELL,MEC-A,2025-11-20 19:03:00-05:00,19
2025-11-21 00:11:00+00:00,BUY,MEC-A,2025-11-20 19:11:00-05:00,19
2025-11-21 00:17:00+00:00,BUY,MEC-A,2025-11-20 19:17:00-05:00,19
2025-11-21 00:18:00+00:00,SELL,MEC-A,2025-11-20 19:18:00-05:00,19
2025-11-21 00:20:00+00:00,SELL,MEC-A,2025-11-20 19:20:00-05:00,19
2025-11-21 00:22:00+00:00,SELL,MEC-A,2025-11-20 19:22:00-05:00,19
2025-11-21 00:25:00+00:00,SELL,MEC-A,2025-11-20 19:25:00-05:00,19
2025-11-21 00:30:00+00:00,SELL,MEC-A,2025-11-20 19:30:00-05:00,19
2025-11-21 00:34:00+00:00,SELL,MEC-A,2025-11-20 19:34:00-05:00,19
2025-11-21 00:40:00+00:00,BUY,MEC-A,2025-11-20 19:40:00-05:00,19
2025-11-21 00:43:00+00:00,BUY,MEC-A,2025-11-20 19:43:00-05:00,19
2025-11-21 01:00:00+00:00,SELL,MEC-A,2025-11-20 20:00:00-05:00,20
2025-11-21 01:02:00+00:00,SELL,MEC-A,2025-11-20 20:02:00-05:00,20
2025-11-21 01:03:00+00:00,SELL,MEC-A,2025-11-20 20:03:00-05:00,20
2025-11-21 01:08:00+00:00,SELL,MEC-A,2025-11-20 20:08:00-05:00,20
2025-11-21 01:09:00+00:00,SELL,MEC-A,2025-11-20 20:09:00-05:00,20
2025-11-21 01:11:00+00:00,SELL,MEC-A,2025-11-20 20:11:00-05:00,20
2025-11-21 01:13:00+00:00,SELL,MEC-A,2025-11-20 20:13:00-05:00,20
2025-11-21 01:23:00+00:00,SELL,MEC-A,2025-11-20 20:23:00-05:00,20
2025-11-21 01:25:00+00:00,SELL,MEC-A,2025-11-20 20:25:00-05:00,20
2025-11-21 01:28:00+00:00,SELL,MEC-A,2025-11-20 20:28:00-05:00,20
2025-11-21 01:31:00+00:00,SELL,MEC-A,2025-11-20 20:31:00-05:00,20
2025-11-21 01:37:00+00:00,SELL,MEC-A,2025-11-20 20:37:00-05:00,20
2025-11-21 01:42:00+00:00,SELL,MEC-A,2025-11-20 20:42:00-05:00,20
2025-11-21 01:45:00+00:00,BUY,MEC-A,2025-11-20 20:45:00-05:00,20
2025-11-21 01:52:00+00:00,BUY,MEC-A,2025-11-20 20:52:00-05:00,20
2025-11-21 01:53:00+00:00,BUY,MEC-A,2025-11-20 20:53:00-05:00,20
2025-11-21 01:54:00+00:00,BUY,MEC-A,2025-11-20 20:54:00-05:00,20
2025-11-21 01:58:00+00:00,BUY,MEC-A,2025-11-20 20:58:00-05:00,20
2025-11-21 02:00:00+00:00,BUY,MEC-A,2025-11-20 21:00:00-05:00,21
2025-11-21 02:02:00+00:00,BUY,MEC-A,2025-11-20 21:02:00-05:00,21
2025-11-21 02:06:00+00:00,BUY,MEC-A,2025-11-20 21:06:00-05:00,21
2025-11-21 02:07:00+00:00,BUY,MEC-A,2025-11-20 21:07:00-05:00,21
2025-11-21 02:11:00+00:00,BUY,MEC-A,2025-11-20 21:11:00-05:00,21
2025-11-21 02:15:00+00:00,BUY,MEC-A,2025-11-20 21:15:00-05:00,21
2025-11-21 02:18:00+00:00,SELL,MEC-A,2025-11-20 21:18:00-05:00,21
2025-11-21 02:19:00+00:00,SELL,MEC-A,2025-11-20 21:19:00-05:00,21
2025-11-21 02:32:00+00:00,BUY,MEC-A,2025-11-20 21:32:00-05:00,21
2025-11-21 02:35:00+00:00,BUY,MEC-A,2025-11-20 21:35:00-05:00,21
2025-11-21 02:52:00+00:00,SELL,MEC-A,2025-11-20 21:52:00-05:00,21
2025-11-21 02:53:00+00:00,SELL,MEC-A,2025-11-20 21:53:00-05:00,21
2025-11-21 02:55:00+00:00,SELL,MEC-A,2025-11-20 21:55:00-05:00,21
2025-11-21 02:57:00+00:00,SELL,MEC-A,2025-11-20 21:57:00-05:00,21
2025-11-21 03:00:00+00:00,SELL,MEC-A,2025-11-20 22:00:00-05:00,22
2025-11-21 03:03:00+00:00,SELL,MEC-A,2025-11-20 22:03:00-05:00,22
2025-11-21 03:04:00+00:00,SELL,MEC-A,2025-11-20 22:04:00-05:00,22
2025-11-21 03:09:00+00:00,SELL,MEC-A,2025-11-20 22:09:00-05:00,22
2025-11-21 03:19:00+00:00,SELL,MEC-A,2025-11-20 22:19:00-05:00,22
2025-11-21 03:21:00+00:00,SELL,MEC-A,2025-11-20 22:21:00-05:00,22
2025-11-21 03:22:00+00:00,SELL,MEC-A,2025-11-20 22:22:00-05:00,22
2025-11-21 03:40:00+00:00,BUY,MEC-A,2025-11-20 22:40:00-05:00,22
2025-11-21 03:47:00+00:00,BUY,MEC-A,2025-11-20 22:47:00-05:00,22
2025-11-21 04:06:00+00:00,BUY,MEC-A,2025-11-20 23:06:00-05:00,23
2025-11-21 04:08:00+00:00,BUY,MEC-A,2025-11-20 23:08:00-05:00,23
2025-11-21 04:10:00+00:00,BUY,MEC-A,2025-11-20 23:10:00-05:00,23
2025-11-21 04:25:00+00:00,BUY,MEC-A,2025-11-20 23:25:00-05:00,23
2025-11-21 04:27:00+00:00,BUY,MEC-A,2025-11-20 23:27:00-05:00,23
2025-11-21 04:32:00+00:00,SELL,MEC-A,2025-11-20 23:32:00-05:00,23
2025-11-21 04:33:00+00:00,SELL,MEC-A,2025-11-20 23:33:00-05:00,23
2025-11-21 04:37:00+00:00,SELL,MEC-A,2025-11-20 23:37:00-05:00,23
2025-11-21 04:41:00+00:00,SELL,MEC-A,2025-11-20 23:41:00-05:00,23
2025-11-21 04:46:00+00:00,SELL,MEC-A,2025-11-20 23:46:00-05:00,23
2025-11-21 04:59:00+00:00,BUY,MEC-A,2025-11-20 23:59:00-05:00,23
2025-11-21 07:30:00+00:00,BUY,MEC-A,2025-11-21 02:30:00-05:00,2
2025-11-21 07:35:00+00:00,BUY,MEC-A,2025-11-21 02:35:00-05:00,2
2025-11-21 07:51:00+00:00,SELL,MEC-A,2025-11-21 02:51:00-05:00,2
2025-11-21 07:56:00+00:00,SELL,MEC-A,2025-11-21 02:56:00-05:00,2
2025-11-21 08:00:00+00:00,SELL,MEC-A,2025-11-21 03:00:00-05:00,3
2025-11-21 08:03:00+00:00,SELL,MEC-A,2025-11-21 03:03:00-05:00,3
2025-11-21 08:04:00+00:00,BUY,MER,2025-11-21 03:04:00-05:00,3
2025-11-21 08:07:00+00:00,BUY,MEC-A,2025-11-21 03:07:00-05:00,3
2025-11-21 08:14:00+00:00,BUY,MEC-A,2025-11-21 03:14:00-05:00,3
2025-11-21 08:15:00+00:00,BUY,MEC-A,2025-11-21 03:15:00-05:00,3
2025-11-21 08:16:00+00:00,BUY,MEC-A,2025-11-21 03:16:00-05:00,3
2025-11-21 08:22:00+00:00,BUY,MEC-A,2025-11-21 03:22:00-05:00,3
2025-11-21 08:25:00+00:00,BUY,MEC-A,2025-11-21 03:25:00-05:00,3
2025-11-21 08:26:00+00:00,BUY,MEC-A,2025-11-21 03:26:00-05:00,3
2025-11-21 08:27:00+00:00,BUY,MEC-A,2025-11-21 03:27:00-05:00,3
2025-11-21 08:36:00+00:00,BUY,MEC-A,2025-11-21 03:36:00-05:00,3
2025-11-21 08:41:00+00:00,SELL,MEC-A,2025-11-21 03:41:00-05:00,3
2025-11-21 08:49:00+00:00,SELL,MEC-A,2025-11-21 03:49:00-05:00,3
2025-11-21 08:50:00+00:00,SELL,MEC-A,2025-11-21 03:50:00-05:00,3
2025-11-21 08:58:00+00:00,SELL,MEC-A,2025-11-21 03:58:00-05:00,3
2025-11-21 09:01:00+00:00,BUY,MEC-A,2025-11-21 04:01:00-05:00,4
2025-11-21 09:04:00+00:00,BUY,MEC-A,2025-11-21 04:04:00-05:00,4
2025-11-21 09:08:00+00:00,BUY,MEC-A,2025-11-21 04:08:00-05:00,4
2025-11-21 09:10:00+00:00,BUY,MEC-A,2025-11-21 04:10:00-05:00,4
2025-11-21 09:11:00+00:00,BUY,MEC-A,2025-11-21 04:11:00-05:00,4
2025-11-21 09:12:00+00:00,BUY,MEC-A,2025-11-21 04:12:00-05:00,4
2025-11-21 09:13:00+00:00,BUY,MEC-A,2025-11-21 04:13:00-05:00,4
2025-11-21 09:14:00+00:00,BUY,MEC-A,2025-11-21 04:14:00-05:00,4
2025-11-21 09:17:00+00:00,BUY,MEC-A,2025-11-21 04:17:00-05:00,4
2025-11-21 09:18:00+00:00,BUY,MEC-A,2025-11-21 04:18:00-05:00,4
2025-11-21 09:19:00+00:00,BUY,MEC-A,2025-11-21 04:19:00-05:00,4
2025-11-21 09:39:00+00:00,SELL,MEC-A,2025-11-21 04:39:00-05:00,4
2025-11-21 09:42:00+00:00,SELL,MEC-A,2025-11-21 04:42:00-05:00,4
2025-11-21 09:43:00+00:00,SELL,MEC-A,2025-11-21 04:43:00-05:00,4
2025-11-21 09:51:00+00:00,SELL,MEC-A,2025-11-21 04:51:00-05:00,4
2025-11-21 09:57:00+00:00,SELL,MEC-A,2025-11-21 04:57:00-05:00,4
2025-11-21 10:04:00+00:00,SELL,MEC-A,2025-11-21 05:04:00-05:00,5
2025-11-21 10:09:00+00:00,SELL,MEC-A,2025-11-21 05:09:00-05:00,5
2025-11-21 10:13:00+00:00,SELL,MEC-A,2025-11-21 05:13:00-05:00,5
2025-11-21 10:20:00+00:00,SELL,MEC-A,2025-11-21 05:20:00-05:00,5
2025-11-21 10:21:00+00:00,SELL,MEC-A,2025-11-21 05:21:00-05:00,5
2025-11-21 10:22:00+00:00,SELL,MEC-A,2025-11-21 05:22:00-05:00,5
2025-11-21 10:25:00+00:00,SELL,MEC-A,2025-11-21 05:25:00-05:00,5
2025-11-21 10:26:00+00:00,SELL,MEC-A,2025-11-21 05:26:00-05:00,5
2025-11-21 10:29:00+00:00,SELL,MEC-A,2025-11-21 05:29:00-05:00,5
2025-11-21 10:32:00+00:00,SELL,MEC-A,2025-11-21 05:32:00-05:00,5
2025-11-21 10:34:00+00:00,SELL,MEC-A,2025-11-21 05:34:00-05:00,5
2025-11-21 10:36:00+00:00,SELL,MEC-A,2025-11-21 05:36:00-05:00,5
2025-11-21 10:39:00+00:00,SELL,MEC-A,2025-11-21 05:39:00-05:00,5
2025-11-21 10:44:00+00:00,SELL,MEC-A,2025-11-21 05:44:00-05:00,5
2025-11-21 10:52:00+00:00,BUY,MEC-A,2025-11-21 05:52:00-05:00,5
2025-11-21 10:56:00+00:00,BUY,MEC-A,2025-11-21 05:56:00-05:00,5
2025-11-21 11:00:00+00:00,BUY,MEC-A,2025-11-21 06:00:00-05:00,6
2025-11-21 11:05:00+00:00,BUY,MEC-A,2025-11-21 06:05:00-05:00,6
2025-11-21 11:06:00+00:00,BUY,MEC-A,2025-11-21 06:06:00-05:00,6
2025-11-21 11:07:00+00:00,BUY,MEC-A,2025-11-21 06:07:00-05:00,6
2025-11-21 11:12:00+00:00,BUY,MEC-A,2025-11-21 06:12:00-05:00,6
2025-11-21 11:37:00+00:00,SELL,MEC-A,2025-11-21 06:37:00-05:00,6
2025-11-21 11:40:00+00:00,SELL,MEC-A,2025-11-21 06:40:00-05:00,6
2025-11-21 11:45:00+00:00,SELL,MEC-A,2025-11-21 06:45:00-05:00,6
2025-11-21 11:49:00+00:00,SELL,MEC-A,2025-11-21 06:49:00-05:00,6
2025-11-21 11:51:00+00:00,SELL,MEC-A,2025-11-21 06:51:00-05:00,6
2025-11-21 11:53:00+00:00,SELL,MEC-A,2025-11-21 06:53:00-05:00,6
2025-11-21 11:57:00+00:00,BUY,MEC-A,2025-11-21 06:57:00-05:00,6
2025-11-21 11:58:00+00:00,BUY,MEC-A,2025-11-21 06:58:00-05:00,6
2025-11-21 12:02:00+00:00,BUY,MEC-A,2025-11-21 07:02:00-05:00,7
2025-11-21 12:05:00+00:00,BUY,MEC-A,2025-11-21 07:05:00-05:00,7
2025-11-21 12:06:00+00:00,BUY,MEC-A,2025-11-21 07:06:00-05:00,7
2025-11-21 12:07:00+00:00,BUY,MEC-A,2025-11-21 07:07:00-05:00,7
2025-11-21 12:09:00+00:00,BUY,MEC-A,2025-11-21 07:09:00-05:00,7
2025-11-21 12:13:00+00:00,BUY,MEC-A,2025-11-21 07:13:00-05:00,7
2025-11-21 12:17:00+00:00,BUY,MEC-A,2025-11-21 07:17:00-05:00,7
2025-11-21 12:18:00+00:00,BUY,MEC-A,2025-11-21 07:18:00-05:00,7
2025-11-21 12:20:00+00:00,BUY,MEC-A,2025-11-21 07:20:00-05:00,7
2025-11-21 12:22:00+00:00,BUY,MEC-A,2025-11-21 07:22:00-05:00,7
2025-11-21 12:27:00+00:00,BUY,MEC-A,2025-11-21 07:27:00-05:00,7
2025-11-21 12:30:00+00:00,BUY,MEC-A,2025-11-21 07:30:00-05:00,7
2025-11-21 12:31:00+00:00,BUY,MEC-A,2025-11-21 07:31:00-05:00,7
2025-11-21 12:35:00+00:00,BUY,MEC-A,2025-11-21 07:35:00-05:00,7
2025-11-21 12:39:00+00:00,BUY,MEC-A,2025-11-21 07:39:00-05:00,7
2025-11-21 12:44:00+00:00,BUY,MEC-A,2025-11-21 07:44:00-05:00,7
2025-11-21 12:45:00+00:00,BUY,MEC-A,2025-11-21 07:45:00-05:00,7
2025-11-21 12:56:00+00:00,BUY,MEC-A,2025-11-21 07:56:00-05:00,7
2025-11-21 13:03:00+00:00,SELL,MEC-A,2025-11-21 08:03:00-05:00,8
2025-11-21 13:06:00+00:00,SELL,MEC-A,2025-11-21 08:06:00-05:00,8
2025-11-21 13:09:00+00:00,BUY,MEC-A,2025-11-21 08:09:00-05:00,8
2025-11-21 13:11:00+00:00,BUY,MEC-A,2025-11-21 08:11:00-05:00,8
2025-11-21 13:17:00+00:00,BUY,MEC-A,2025-11-21 08:17:00-05:00,8
2025-11-21 13:21:00+00:00,BUY,MEC-A,2025-11-21 08:21:00-05:00,8
2025-11-21 13:27:00+00:00,BUY,MEC-A,2025-11-21 08:27:00-05:00,8
2025-11-21 13:30:00+00:00,BUY,MEC-A,2025-11-21 08:30:00-05:00,8
2025-11-21 13:32:00+00:00,BUY,MEC-A,2025-11-21 08:32:00-05:00,8
2025-11-21 13:36:00+00:00,BUY,MEC-A,2025-11-21 08:36:00-05:00,8
2025-11-21 13:43:00+00:00,BUY,MEC-A,2025-11-21 08:43:00-05:00,8
2025-11-21 13:44:00+00:00,BUY,MEC-A,2025-11-21 08:44:00-05:00,8
2025-11-21 13:45:00+00:00,BUY,MEC-A,2025-11-21 08:45:00-05:00,8
2025-11-21 13:46:00+00:00,BUY,MEC-A,2025-11-21 08:46:00-05:00,8
2025-11-21 13:48:00+00:00,BUY,MEC-A,2025-11-21 08:48:00-05:00,8
2025-11-21 13:53:00+00:00,BUY,MEC-A,2025-11-21 08:53:00-05:00,8
2025-11-21 13:59:00+00:00,BUY,MEC-A,2025-11-21 08:59:00-05:00,8
2025-11-21 14:00:00+00:00,BUY,MEC-A,2025-11-21 09:00:00-05:00,9
2025-11-21 14:11:00+00:00,BUY,MEC-A,2025-11-21 09:11:00-05:00,9
2025-11-21 14:14:00+00:00,BUY,MEC-A,2025-11-21 09:14:00-05:00,9
2025-11-21 14:17:00+00:00,BUY,MEC-A,2025-11-21 09:17:00-05:00,9
2025-11-21 14:19:00+00:00,SELL,MEC-A,2025-11-21 09:19:00-05:00,9
2025-11-21 14:21:00+00:00,SELL,MEC-A,2025-11-21 09:21:00-05:00,9
2025-11-21 14:24:00+00:00,SELL,MEC-A,2025-11-21 09:24:00-05:00,9
2025-11-21 14:29:00+00:00,SELL,MEC-A,2025-11-21 09:29:00-05:00,9
2025-11-21 14:31:00+00:00,SELL,MEC-A,2025-11-21 09:31:00-05:00,9
2025-11-21 14:35:00+00:00,SELL,MEC-A,2025-11-21 09:35:00-05:00,9
2025-11-21 14:37:00+00:00,BUY,MEC-A,2025-11-21 09:37:00-05:00,9
2025-11-21 14:41:00+00:00,BUY,MEC-A,2025-11-21 09:41:00-05:00,9
2025-11-21 14:50:00+00:00,BUY,MEC-A,2025-11-21 09:50:00-05:00,9
2025-11-21 14:54:00+00:00,BUY,MEC-A,2025-11-21 09:54:00-05:00,9
2025-11-21 15:07:00+00:00,SELL,MEC-A,2025-11-21 10:07:00-05:00,10
2025-11-21 15:12:00+00:00,BUY,MEC-A,2025-11-21 10:12:00-05:00,10
2025-11-21 15:37:00+00:00,SELL,MEC-A,2025-11-21 10:37:00-05:00,10
2025-11-21 15:38:00+00:00,SELL,MEC-A,2025-11-21 10:38:00-05:00,10
2025-11-21 15:40:00+00:00,SELL,MEC-A,2025-11-21 10:40:00-05:00,10
2025-11-21 15:46:00+00:00,BUY,MEC-A,2025-11-21 10:46:00-05:00,10
2025-11-21 16:13:00+00:00,BUY,MEC-A,2025-11-21 11:13:00-05:00,11
2025-11-21 16:16:00+00:00,BUY,MEC-A,2025-11-21 11:16:00-05:00,11
2025-11-21 16:19:00+00:00,BUY,MEC-A,2025-11-21 11:19:00-05:00,11
2025-11-21 16:22:00+00:00,BUY,MEC-A,2025-11-21 11:22:00-05:00,11
2025-11-21 16:24:00+00:00,BUY,MEC-A,2025-11-21 11:24:00-05:00,11
2025-11-21 16:31:00+00:00,BUY,MEC-A,2025-11-21 11:31:00-05:00,11
2025-11-21 16:37:00+00:00,BUY,MEC-A,2025-11-21 11:37:00-05:00,11
2025-11-21 16:38:00+00:00,BUY,MEC-A,2025-11-21 11:38:00-05:00,11
2025-11-21 16:42:00+00:00,BUY,MEC-A,2025-11-21 11:42:00-05:00,11
2025-11-21 16:47:00+00:00,BUY,MEC-A,2025-11-21 11:47:00-05:00,11
2025-11-21 16:48:00+00:00,BUY,MEC-A,2025-11-21 11:48:00-05:00,11
2025-11-21 16:49:00+00:00,BUY,MEC-A,2025-11-21 11:49:00-05:00,11
2025-11-21 16:50:00+00:00,BUY,MEC-A,2025-11-21 11:50:00-05:00,11
2025-11-21 16:51:00+00:00,BUY,MEC-A,2025-11-21 11:51:00-05:00,11
2025-11-21 16:54:00+00:00,BUY,MEC-A,2025-11-21 11:54:00-05:00,11
2025-11-21 16:55:00+00:00,BUY,MEC-A,2025-11-21 11:55:00-05:00,11
2025-11-21 16:56:00+00:00,BUY,MEC-A,2025-11-21 11:56:00-05:00,11
2025-11-21 16:59:00+00:00,BUY,MEC-A,2025-11-21 11:59:00-05:00,11
2025-11-21 17:02:00+00:00,SELL,MEC-A,2025-11-21 12:02:00-05:00,12
2025-11-21 17:05:00+00:00,SELL,MEC-A,2025-11-21 12:05:00-05:00,12
2025-11-21 17:06:00+00:00,SELL,MEC-A,2025-11-21 12:06:00-05:00,12
2025-11-21 17:10:00+00:00,SELL,MEC-A,2025-11-21 12:10:00-05:00,12
2025-11-21 17:12:00+00:00,SELL,MEC-A,2025-11-21 12:12:00-05:00,12
2025-11-21 17:19:00+00:00,SELL,MEC-A,2025-11-21 12:19:00-05:00,12
2025-11-21 17:20:00+00:00,SELL,MEC-A,2025-11-21 12:20:00-05:00,12
2025-11-21 17:28:00+00:00,SELL,MEC-A,2025-11-21 12:28:00-05:00,12
2025-11-21 17:42:00+00:00,SELL,MEC-A,2025-11-21 12:42:00-05:00,12
2025-11-21 17:49:00+00:00,BUY,MEC-A,2025-11-21 12:49:00-05:00,12
2025-11-21 17:53:00+00:00,BUY,MEC-A,2025-11-21 12:53:00-05:00,12
2025-11-21 18:04:00+00:00,SELL,MEC-A,2025-11-21 13:04:00-05:00,13
2025-11-21 18:11:00+00:00,SELL,MEC-A,2025-11-21 13:11:00-05:00,13
2025-11-21 18:12:00+00:00,SELL,MEC-A,2025-11-21 13:12:00-05:00,13
2025-11-21 18:13:00+00:00,SELL,MEC-A,2025-11-21 13:13:00-05:00,13
2025-11-21 18:29:00+00:00,SELL,MEC-A,2025-11-21 13:29:00-05:00,13
2025-11-21 18:30:00+00:00,SELL,MEC-A,2025-11-21 13:30:00-05:00,13
2025-11-21 18:37:00+00:00,SELL,MEC-A,2025-11-21 13:37:00-05:00,13
2025-11-21 18:40:00+00:00,SELL,MEC-A,2025-11-21 13:40:00-05:00,13
2025-11-21 18:47:00+00:00,BUY,MEC-A,2025-11-21 13:47:00-05:00,13
2025-11-21 18:48:00+00:00,BUY,MEC-A,2025-11-21 13:48:00-05:00,13
2025-11-21 18:55:00+00:00,BUY,MEC-A,2025-11-21 13:55:00-05:00,13
2025-11-21 19:00:00+00:00,BUY,MEC-A,2025-11-21 14:00:00-05:00,14
2025-11-21 19:07:00+00:00,BUY,MEC-A,2025-11-21 14:07:00-05:00,14
2025-11-21 19:16:00+00:00,BUY,MEC-A,2025-11-21 14:16:00-05:00,14
2025-11-21 19:19:00+00:00,BUY,MEC-A,2025-11-21 14:19:00-05:00,14
2025-11-21 19:22:00+00:00,BUY,MEC-A,2025-11-21 14:22:00-05:00,14
2025-11-21 19:23:00+00:00,BUY,MEC-A,2025-11-21 14:23:00-05:00,14
2025-11-21 19:29:00+00:00,BUY,MEC-A,2025-11-21 14:29:00-05:00,14
2025-11-21 19:31:00+00:00,BUY,MEC-A,2025-11-21 14:31:00-05:00,14
2025-11-21 19:35:00+00:00,BUY,MEC-A,2025-11-21 14:35:00-05:00,14
2025-11-21 19:36:00+00:00,BUY,MEC-A,2025-11-21 14:36:00-05:00,14
2025-11-21 19:41:00+00:00,BUY,MEC-A,2025-11-21 14:41:00-05:00,14
2025-11-21 19:48:00+00:00,BUY,MEC-A,2025-11-21 14:48:00-05:00,14
2025-11-21 19:55:00+00:00,BUY,MEC-A,2025-11-21 14:55:00-05:00,14
2025-11-21 19:59:00+00:00,BUY,MEC-A,2025-11-21 14:59:00-05:00,14
2025-11-21 21:01:00+00:00,SELL,MEC-A,2025-11-21 16:01:00-05:00,16
2025-11-21 21:02:00+00:00,SELL,MEC-A,2025-11-21 16:02:00-05:00,16
2025-11-21 21:03:00+00:00,SELL,MEC-A,2025-11-21 16:03:00-05:00,16
2025-11-21 21:06:00+00:00,SELL,MEC-A,2025-11-21 16:06:00-05:00,16
2025-11-21 21:07:00+00:00,SELL,MEC-A,2025-11-21 16:07:00-05:00,16
2025-11-21 21:08:00+00:00,SELL,MEC-A,2025-11-21 16:08:00-05:00,16
2025-11-21 21:11:00+00:00,SELL,MEC-A,2025-11-21 16:11:00-05:00,16
2025-11-21 21:17:00+00:00,SELL,MEC-A,2025-11-21 16:17:00-05:00,16
2025-11-21 21:20:00+00:00,BUY,MEC-A,2025-11-21 16:20:00-05:00,16
2025-11-21 21:23:00+00:00,BUY,MEC-A,2025-11-21 16:23:00-05:00,16
2025-11-21 21:30:00+00:00,BUY,MEC-A,2025-11-21 16:30:00-05:00,16
2025-11-21 21:32:00+00:00,BUY,MEC-A,2025-11-21 16:32:00-05:00,16
2025-11-21 21:35:00+00:00,BUY,MEC-A,2025-11-21 16:35:00-05:00,16
2025-11-21 21:36:00+00:00,BUY,MEC-A,2025-11-21 16:36:00-05:00,16
2025-11-21 21:39:00+00:00,BUY,MEC-A,2025-11-21 16:39:00-05:00,16
2025-11-21 21:44:00+00:00,BUY,MEC-A,2025-11-21 16:44:00-05:00,16
2025-11-21 21:50:00+00:00,SELL,MEC-A,2025-11-21 16:50:00-05:00,16
2025-11-24 05:21:00+00:00,SELL,MEC-A,2025-11-24 00:21:00-05:00,0
2025-11-24 05:42:00+00:00,BUY,MEC-A,2025-11-24 00:42:00-05:00,0
2025-11-24 05:49:00+00:00,SELL,MEC-A,2025-11-24 00:49:00-05:00,0
2025-11-24 05:52:00+00:00,SELL,MEC-A,2025-11-24 00:52:00-05:00,0
2025-11-24 06:03:00+00:00,BUY,MEC-A,2025-11-24 01:03:00-05:00,1
2025-11-24 06:04:00+00:00,BUY,MEC-A,2025-11-24 01:04:00-05:00,1
2025-11-24 06:05:00+00:00,BUY,MEC-A,2025-11-24 01:05:00-05:00,1
2025-11-24 06:17:00+00:00,SELL,MEC-A,2025-11-24 01:17:00-05:00,1
2025-11-24 06:24:00+00:00,BUY,MEC-A,2025-11-24 01:24:00-05:00,1
2025-11-24 06:25:00+00:00,BUY,MEC-A,2025-11-24 01:25:00-05:00,1
2025-11-24 06:32:00+00:00,BUY,MEC-A,2025-11-24 01:32:00-05:00,1
2025-11-24 06:33:00+00:00,BUY,MEC-A,2025-11-24 01:33:00-05:00,1
2025-11-24 06:41:00+00:00,BUY,MEC-A,2025-11-24 01:41:00-05:00,1
2025-11-24 06:46:00+00:00,BUY,MEC-A,2025-11-24 01:46:00-05:00,1
2025-11-24 06:52:00+00:00,SELL,MEC-A,2025-11-24 01:52:00-05:00,1
2025-11-24 06:57:00+00:00,SELL,MEC-A,2025-11-24 01:57:00-05:00,1
2025-11-24 06:58:00+00:00,SELL,MEC-A,2025-11-24 01:58:00-05:00,1
2025-11-24 07:01:00+00:00,BUY,MEC-A,2025-11-24 02:01:00-05:00,2
2025-11-24 07:03:00+00:00,BUY,MEC-A,2025-11-24 02:03:00-05:00,2
2025-11-24 07:18:00+00:00,BUY,MEC-A,2025-11-24 02:18:00-05:00,2
2025-11-24 07:32:00+00:00,BUY,MEC-A,2025-11-24 02:32:00-05:00,2
2025-11-24 07:33:00+00:00,BUY,MEC-A,2025-11-24 02:33:00-05:00,2
2025-11-24 07:36:00+00:00,BUY,MEC-A,2025-11-24 02:36:00-05:00,2
2025-11-24 07:37:00+00:00,BUY,MEC-A,2025-11-24 02:37:00-05:00,2
2025-11-24 07:40:00+00:00,BUY,MEC-A,2025-11-24 02:40:00-05:00,2
2025-11-24 07:43:00+00:00,BUY,MEC-A,2025-11-24 02:43:00-05:00,2
2025-11-24 07:45:00+00:00,BUY,MEC-A,2025-11-24 02:45:00-05:00,2
2025-11-24 07:46:00+00:00,BUY,MEC-A,2025-11-24 02:46:00-05:00,2
2025-11-24 07:54:00+00:00,BUY,MEC-A,2025-11-24 02:54:00-05:00,2
2025-11-24 07:57:00+00:00,BUY,MEC-A,2025-11-24 02:57:00-05:00,2
2025-11-24 07:59:00+00:00,BUY,MEC-A,2025-11-24 02:59:00-05:00,2
2025-11-24 08:00:00+00:00,BUY,MEC-A,2025-11-24 03:00:00-05:00,3
2025-11-24 08:01:00+00:00,BUY,MEC-A,2025-11-24 03:01:00-05:00,3
2025-11-24 08:10:00+00:00,BUY,MEC-A,2025-11-24 03:10:00-05:00,3
2025-11-24 08:15:00+00:00,BUY,MEC-A,2025-11-24 03:15:00-05:00,3
2025-11-24 08:17:00+00:00,BUY,MEC-A,2025-11-24 03:17:00-05:00,3
2025-11-24 08:19:00+00:00,BUY,MEC-A,2025-11-24 03:19:00-05:00,3
2025-11-24 08:24:00+00:00,SELL,MEC-A,2025-11-24 03:24:00-05:00,3
2025-11-24 08:33:00+00:00,SELL,MEC-A,2025-11-24 03:33:00-05:00,3
2025-11-24 08:45:00+00:00,BUY,MEC-A,2025-11-24 03:45:00-05:00,3
2025-11-24 08:52:00+00:00,BUY,MEC-A,2025-11-24 03:52:00-05:00,3
2025-11-24 09:06:00+00:00,BUY,MEC-A,2025-11-24 04:06:00-05:00,4
2025-11-24 09:09:00+00:00,BUY,MEC-A,2025-11-24 04:09:00-05:00,4
2025-11-24 09:10:00+00:00,BUY,MEC-A,2025-11-24 04:10:00-05:00,4
2025-11-24 09:11:00+00:00,BUY,MEC-A,2025-11-24 04:11:00-05:00,4
2025-11-24 09:20:00+00:00,BUY,MEC-A,2025-11-24 04:20:00-05:00,4
2025-11-24 09:24:00+00:00,SELL,MEC-A,2025-11-24 04:24:00-05:00,4
2025-11-24 09:34:00+00:00,SELL,MEC-A,2025-11-24 04:34:00-05:00,4
2025-11-24 09:37:00+00:00,BUY,MEC-A,2025-11-24 04:37:00-05:00,4
2025-11-24 09:38:00+00:00,BUY,MEC-A,2025-11-24 04:38:00-05:00,4
2025-11-24 09:39:00+00:00,BUY,MEC-A,2025-11-24 04:39:00-05:00,4
2025-11-24 09:40:00+00:00,BUY,MEC-A,2025-11-24 04:40:00-05:00,4
2025-11-24 09:44:00+00:00,BUY,MEC-A,2025-11-24 04:44:00-05:00,4
2025-11-24 09:47:00+00:00,SELL,MEC-A,2025-11-24 04:47:00-05:00,4
2025-11-24 10:15:00+00:00,BUY,MEC-A,2025-11-24 05:15:00-05:00,5
2025-11-24 10:16:00+00:00,BUY,MEC-A,2025-11-24 05:16:00-05:00,5
2025-11-24 10:20:00+00:00,SELL,MEC-A,2025-11-24 05:20:00-05:00,5
2025-11-24 10:24:00+00:00,SELL,MEC-A,2025-11-24 05:24:00-05:00,5
2025-11-24 10:30:00+00:00,SELL,MEC-A,2025-11-24 05:30:00-05:00,5
2025-11-24 10:33:00+00:00,SELL,MEC-A,2025-11-24 05:33:00-05:00,5
2025-11-24 10:39:00+00:00,SELL,MEC-A,2025-11-24 05:39:00-05:00,5
2025-11-24 10:40:00+00:00,SELL,MEC-A,2025-11-24 05:40:00-05:00,5
2025-11-24 10:48:00+00:00,SELL,MEC-A,2025-11-24 05:48:00-05:00,5
2025-11-24 10:50:00+00:00,SELL,MEC-A,2025-11-24 05:50:00-05:00,5
2025-11-24 10:51:00+00:00,SELL,MEC-A,2025-11-24 05:51:00-05:00,5
2025-11-24 10:53:00+00:00,SELL,MEC-A,2025-11-24 05:53:00-05:00,5
2025-11-24 10:57:00+00:00,SELL,MEC-A,2025-11-24 05:57:00-05:00,5
2025-11-24 10:59:00+00:00,SELL,MEC-A,2025-11-24 05:59:00-05:00,5
2025-11-24 11:09:00+00:00,BUY,MEC-A,2025-11-24 06:09:00-05:00,6
2025-11-24 11:15:00+00:00,BUY,MEC-A,2025-11-24 06:15:00-05:00,6
2025-11-24 11:19:00+00:00,BUY,MEC-B,2025-11-24 06:19:00-05:00,6
2025-11-24 11:20:00+00:00,BUY,MEC-A,2025-11-24 06:20:00-05:00,6
2025-11-24 11:28:00+00:00,BUY,MEC-A,2025-11-24 06:28:00-05:00,6
2025-11-24 11:32:00+00:00,BUY,MEC-A,2025-11-24 06:32:00-05:00,6
2025-11-24 11:38:00+00:00,SELL,MEC-A,2025-11-24 06:38:00-05:00,6
2025-11-24 11:47:00+00:00,BUY,MEC-A,2025-11-24 06:47:00-05:00,6
2025-11-24 11:52:00+00:00,SELL,MEC-A,2025-11-24 06:52:00-05:00,6
2025-11-24 12:03:00+00:00,BUY,MEC-A,2025-11-24 07:03:00-05:00,7
2025-11-24 12:11:00+00:00,SELL,MEC-A,2025-11-24 07:11:00-05:00,7
2025-11-24 12:17:00+00:00,SELL,MEC-A,2025-11-24 07:17:00-05:00,7
2025-11-24 12:27:00+00:00,SELL,MEC-A,2025-11-24 07:27:00-05:00,7
2025-11-24 12:30:00+00:00,BUY,MEC-A,2025-11-24 07:30:00-05:00,7
2025-11-24 12:33:00+00:00,BUY,MEC-A,2025-11-24 07:33:00-05:00,7
2025-11-24 12:37:00+00:00,BUY,MEC-A,2025-11-24 07:37:00-05:00,7
2025-11-24 12:38:00+00:00,BUY,MEC-A,2025-11-24 07:38:00-05:00,7
2025-11-24 12:41:00+00:00,BUY,MEC-A,2025-11-24 07:41:00-05:00,7
2025-11-24 12:42:00+00:00,BUY,MEC-A,2025-11-24 07:42:00-05:00,7
2025-11-24 12:45:00+00:00,BUY,MEC-A,2025-11-24 07:45:00-05:00,7
2025-11-24 12:48:00+00:00,BUY,MEC-A,2025-11-24 07:48:00-05:00,7
2025-11-24 12:50:00+00:00,BUY,MEC-A,2025-11-24 07:50:00-05:00,7
2025-11-24 12:57:00+00:00,BUY,MEC-A,2025-11-24 07:57:00-05:00,7
2025-11-24 12:59:00+00:00,BUY,MEC-A,2025-11-24 07:59:00-05:00,7
2025-11-24 13:19:00+00:00,BUY,MEC-A,2025-11-24 08:19:00-05:00,8
2025-11-24 13:30:00+00:00,BUY,MEC-A,2025-11-24 08:30:00-05:00,8
2025-11-24 13:31:00+00:00,BUY,MEC-A,2025-11-24 08:31:00-05:00,8
2025-11-24 13:41:00+00:00,SELL,MEC-A,2025-11-24 08:41:00-05:00,8
2025-11-24 13:42:00+00:00,SELL,MEC-A,2025-11-24 08:42:00-05:00,8
2025-11-24 13:48:00+00:00,SELL,MEC-A,2025-11-24 08:48:00-05:00,8
2025-11-24 13:49:00+00:00,SELL,MEC-A,2025-11-24 08:49:00-05:00,8
2025-11-24 14:00:00+00:00,BUY,MEC-A,2025-11-24 09:00:00-05:00,9
2025-11-24 14:01:00+00:00,BUY,MEC-A,2025-11-24 09:01:00-05:00,9
2025-11-24 14:09:00+00:00,BUY,MEC-A,2025-11-24 09:09:00-05:00,9
2025-11-24 14:11:00+00:00,BUY,MEC-A,2025-11-24 09:11:00-05:00,9
2025-11-24 14:13:00+00:00,BUY,MEC-A,2025-11-24 09:13:00-05:00,9
2025-11-24 14:23:00+00:00,SELL,MEC-A,2025-11-24 09:23:00-05:00,9
2025-11-24 14:40:00+00:00,SELL,MEC-A,2025-11-24 09:40:00-05:00,9
2025-11-24 14:51:00+00:00,BUY,MEC-A,2025-11-24 09:51:00-05:00,9
2025-11-24 14:55:00+00:00,BUY,MEC-A,2025-11-24 09:55:00-05:00,9
2025-11-24 15:00:00+00:00,BUY,MEC-A,2025-11-24 10:00:00-05:00,10
2025-11-24 15:05:00+00:00,BUY,MEC-A,2025-11-24 10:05:00-05:00,10
2025-11-24 15:21:00+00:00,BUY,MEC-A,2025-11-24 10:21:00-05:00,10
2025-11-24 15:31:00+00:00,BUY,MEC-A,2025-11-24 10:31:00-05:00,10
2025-11-24 15:41:00+00:00,BUY,MEC-A,2025-11-24 10:41:00-05:00,10
2025-11-24 16:02:00+00:00,BUY,MEC-A,2025-11-24 11:02:00-05:00,11
2025-11-24 16:11:00+00:00,BUY,MEC-A,2025-11-24 11:11:00-05:00,11
2025-11-24 16:12:00+00:00,BUY,MEC-A,2025-11-24 11:12:00-05:00,11
2025-11-24 16:16:00+00:00,BUY,MEC-A,2025-11-24 11:16:00-05:00,11
2025-11-24 16:20:00+00:00,BUY,MEC-A,2025-11-24 11:20:00-05:00,11
2025-11-24 16:30:00+00:00,BUY,MEC-A,2025-11-24 11:30:00-05:00,11
2025-11-24 16:33:00+00:00,BUY,MEC-A,2025-11-24 11:33:00-05:00,11
2025-11-24 16:35:00+00:00,BUY,MEC-A,2025-11-24 11:35:00-05:00,11
2025-11-24 16:42:00+00:00,BUY,MEC-A,2025-11-24 11:42:00-05:00,11
2025-11-24 16:55:00+00:00,BUY,MEC-A,2025-11-24 11:55:00-05:00,11
2025-11-24 16:56:00+00:00,BUY,MEC-A,2025-11-24 11:56:00-05:00,11
2025-11-24 16:57:00+00:00,BUY,MEC-A,2025-11-24 11:57:00-05:00,11
2025-11-24 17:00:00+00:00,BUY,MEC-A,2025-11-24 12:00:00-05:00,12
2025-11-24 17:05:00+00:00,SELL,MEC-A,2025-11-24 12:05:00-05:00,12
2025-11-24 17:10:00+00:00,SELL,MEC-A,2025-11-24 12:10:00-05:00,12
2025-11-24 17:12:00+00:00,SELL,MEC-A,2025-11-24 12:12:00-05:00,12
2025-11-24 17:14:00+00:00,SELL,MEC-A,2025-11-24 12:14:00-05:00,12
2025-11-24 17:16:00+00:00,SELL,MEC-A,2025-11-24 12:16:00-05:00,12
2025-11-24 17:29:00+00:00,SELL,MEC-A,2025-11-24 12:29:00-05:00,12
2025-11-24 17:40:00+00:00,BUY,MEC-A,2025-11-24 12:40:00-05:00,12
2025-11-24 17:42:00+00:00,BUY,MEC-A,2025-11-24 12:42:00-05:00,12
2025-11-24 17:45:00+00:00,BUY,MEC-A,2025-11-24 12:45:00-05:00,12
2025-11-24 17:48:00+00:00,BUY,MEC-A,2025-11-24 12:48:00-05:00,12
2025-11-24 17:49:00+00:00,BUY,MEC-A,2025-11-24 12:49:00-05:00,12
2025-11-24 17:56:00+00:00,BUY,MEC-A,2025-11-24 12:56:00-05:00,12
2025-11-24 17:58:00+00:00,SELL,MEC-A,2025-11-24 12:58:00-05:00,12
2025-11-24 18:00:00+00:00,SELL,MEC-A,2025-11-24 13:00:00-05:00,13
2025-11-24 18:04:00+00:00,SELL,MEC-A,2025-11-24 13:04:00-05:00,13
2025-11-24 18:05:00+00:00,SELL,MEC-A,2025-11-24 13:05:00-05:00,13
2025-11-24 18:19:00+00:00,SELL,MEC-A,2025-11-24 13:19:00-05:00,13
2025-11-24 18:20:00+00:00,BUY,MEC-A,2025-11-24 13:20:00-05:00,13
2025-11-24 18:21:00+00:00,BUY,MEC-A,2025-11-24 13:21:00-05:00,13
2025-11-24 18:23:00+00:00,BUY,MEC-A,2025-11-24 13:23:00-05:00,13
2025-11-24 18:25:00+00:00,BUY,MEC-A,2025-11-24 13:25:00-05:00,13
2025-11-24 18:26:00+00:00,BUY,MEC-A,2025-11-24 13:26:00-05:00,13
2025-11-24 18:28:00+00:00,BUY,MEC-A,2025-11-24 13:28:00-05:00,13
2025-11-24 18:29:00+00:00,BUY,MEC-A,2025-11-24 13:29:00-05:00,13
2025-11-24 18:30:00+00:00,BUY,MEC-A,2025-11-24 13:30:00-05:00,13
2025-11-24 18:32:00+00:00,BUY,MEC-A,2025-11-24 13:32:00-05:00,13
2025-11-24 18:36:00+00:00,BUY,MEC-A,2025-11-24 13:36:00-05:00,13
2025-11-24 18:37:00+00:00,BUY,MEC-A,2025-11-24 13:37:00-05:00,13
2025-11-24 18:38:00+00:00,BUY,MEC-A,2025-11-24 13:38:00-05:00,13
2025-11-24 18:39:00+00:00,BUY,MEC-A,2025-11-24 13:39:00-05:00,13
2025-11-24 18:41:00+00:00,BUY,MEC-A,2025-11-24 13:41:00-05:00,13
2025-11-24 18:45:00+00:00,BUY,MEC-A,2025-11-24 13:45:00-05:00,13
2025-11-24 18:51:00+00:00,BUY,MEC-A,2025-11-24 13:51:00-05:00,13
2025-11-24 18:52:00+00:00,BUY,MEC-A,2025-11-24 13:52:00-05:00,13
2025-11-24 18:59:00+00:00,BUY,MEC-A,2025-11-24 13:59:00-05:00,13
2025-11-24 19:00:00+00:00,BUY,MEC-A,2025-11-24 14:00:00-05:00,14
2025-11-24 19:01:00+00:00,BUY,MEC-A,2025-11-24 14:01:00-05:00,14
2025-11-24 19:13:00+00:00,SELL,MEC-A,2025-11-24 14:13:00-05:00,14
2025-11-24 19:20:00+00:00,SELL,MEC-A,2025-11-24 14:20:00-05:00,14
2025-11-24 19:25:00+00:00,SELL,MEC-A,2025-11-24 14:25:00-05:00,14
2025-11-24 19:30:00+00:00,SELL,MEC-A,2025-11-24 14:30:00-05:00,14
2025-11-24 19:35:00+00:00,SELL,MEC-A,2025-11-24 14:35:00-05:00,14
2025-11-24 19:36:00+00:00,SELL,MEC-A,2025-11-24 14:36:00-05:00,14
2025-11-24 19:38:00+00:00,SELL,MEC-A,2025-11-24 14:38:00-05:00,14
2025-11-24 19:50:00+00:00,BUY,MEC-A,2025-11-24 14:50:00-05:00,14
2025-11-24 19:55:00+00:00,BUY,MEC-A,2025-11-24 14:55:00-05:00,14
2025-11-24 20:02:00+00:00,BUY,MEC-A,2025-11-24 15:02:00-05:00,15
2025-11-24 20:05:00+00:00,BUY,MEC-A,2025-11-24 15:05:00-05:00,15
2025-11-24 20:11:00+00:00,BUY,MEC-A,2025-11-24 15:11:00-05:00,15
2025-11-24 20:12:00+00:00,BUY,MEC-A,2025-11-24 15:12:00-05:00,15
2025-11-24 20:15:00+00:00,BUY,MEC-A,2025-11-24 15:15:00-05:00,15
2025-11-24 20:18:00+00:00,BUY,MEC-A,2025-11-24 15:18:00-05:00,15
2025-11-24 20:20:00+00:00,BUY,MEC-A,2025-11-24 15:20:00-05:00,15
2025-11-24 20:23:00+00:00,BUY,MEC-A,2025-11-24 15:23:00-05:00,15
2025-11-24 20:29:00+00:00,BUY,MEC-A,2025-11-24 15:29:00-05:00,15
2025-11-24 20:30:00+00:00,BUY,MEC-A,2025-11-24 15:30:00-05:00,15
2025-11-24 20:31:00+00:00,BUY,MEC-A,2025-11-24 15:31:00-05:00,15
2025-11-24 20:33:00+00:00,BUY,MEC-A,2025-11-24 15:33:00-05:00,15
2025-11-24 20:35:00+00:00,BUY,MEC-A,2025-11-24 15:35:00-05:00,15
2025-11-24 20:37:00+00:00,BUY,MEC-A,2025-11-24 15:37:00-05:00,15
2025-11-24 20:40:00+00:00,BUY,MEC-A,2025-11-24 15:40:00-05:00,15
2025-11-24 20:44:00+00:00,BUY,MEC-A,2025-11-24 15:44:00-05:00,15
2025-11-24 20:46:00+00:00,BUY,MEC-A,2025-11-24 15:46:00-05:00,15
2025-11-24 20:47:00+00:00,BUY,MEC-A,2025-11-24 15:47:00-05:00,15
2025-11-24 20:48:00+00:00,SELL,MEC-A,2025-11-24 15:48:00-05:00,15
2025-11-24 20:58:00+00:00,BUY,MEC-A,2025-11-24 15:58:00-05:00,15
2025-11-24 21:07:00+00:00,BUY,MEC-A,2025-11-24 16:07:00-05:00,16
2025-11-24 21:18:00+00:00,BUY,MEC-A,2025-11-24 16:18:00-05:00,16
2025-11-24 21:35:00+00:00,BUY,MEC-A,2025-11-24 16:35:00-05:00,16
2025-11-24 21:40:00+00:00,BUY,MEC-A,2025-11-24 16:40:00-05:00,16
2025-11-24 21:42:00+00:00,BUY,MEC-A,2025-11-24 16:42:00-05:00,16
2025-11-24 21:46:00+00:00,BUY,MEC-A,2025-11-24 16:46:00-05:00,16
2025-11-24 21:49:00+00:00,BUY,MEC-A,2025-11-24 16:49:00-05:00,16
2025-11-24 21:52:00+00:00,BUY,MEC-A,2025-11-24 16:52:00-05:00,16
2025-11-24 21:56:00+00:00,SELL,MEC-A,2025-11-24 16:56:00-05:00,16
2025-11-24 21:57:00+00:00,SELL,MEC-A,2025-11-24 16:57:00-05:00,16
2025-11-24 23:04:00+00:00,SELL,MEC-A,2025-11-24 18:04:00-05:00,18
2025-11-24 23:09:00+00:00,SELL,MEC-A,2025-11-24 18:09:00-05:00,18
2025-11-24 23:11:00+00:00,SELL,MEC-A,2025-11-24 18:11:00-05:00,18
2025-11-24 23:18:00+00:00,SELL,MEC-A,2025-11-24 18:18:00-05:00,18
2025-11-24 23:19:00+00:00,SELL,MEC-A,2025-11-24 18:19:00-05:00,18
2025-11-24 23:28:00+00:00,SELL,MEC-A,2025-11-24 18:28:00-05:00,18
2025-11-24 23:31:00+00:00,SELL,MEC-A,2025-11-24 18:31:00-05:00,18
2025-11-24 23:36:00+00:00,SELL,MEC-A,2025-11-24 18:36:00-05:00,18
2025-11-24 23:40:00+00:00,BUY,MEC-A,2025-11-24 18:40:00-05:00,18
2025-11-24 23:41:00+00:00,BUY,MEC-A,2025-11-24 18:41:00-05:00,18
2025-11-24 23:44:00+00:00,BUY,MEC-A,2025-11-24 18:44:00-05:00,18
2025-11-24 23:45:00+00:00,BUY,MEC-A,2025-11-24 18:45:00-05:00,18
2025-11-24 23:48:00+00:00,BUY,MEC-A,2025-11-24 18:48:00-05:00,18
2025-11-24 23:50:00+00:00,BUY,MEC-A,2025-11-24 18:50:00-05:00,18
2025-11-24 23:51:00+00:00,BUY,MEC-A,2025-11-24 18:51:00-05:00,18
2025-11-24 23:59:00+00:00,BUY,MEC-A,2025-11-24 18:59:00-05:00,18
2025-11-25 00:00:00+00:00,SELL,MEC-A,2025-11-24 19:00:00-05:00,19
2025-11-25 00:01:00+00:00,SELL,MEC-A,2025-11-24 19:01:00-05:00,19
2025-11-25 00:06:00+00:00,SELL,MEC-A,2025-11-24 19:06:00-05:00,19
2025-11-25 00:10:00+00:00,SELL,MEC-A,2025-11-24 19:10:00-05:00,19
2025-11-25 00:13:00+00:00,SELL,MEC-A,2025-11-24 19:13:00-05:00,19
2025-11-25 00:18:00+00:00,SELL,MEC-A,2025-11-24 19:18:00-05:00,19
2025-11-25 00:29:00+00:00,SELL,MEC-A,2025-11-24 19:29:00-05:00,19
2025-11-25 00:33:00+00:00,SELL,MEC-A,2025-11-24 19:33:00-05:00,19
2025-11-25 00:35:00+00:00,SELL,MEC-A,2025-11-24 19:35:00-05:00,19
2025-11-25 00:43:00+00:00,SELL,MEC-A,2025-11-24 19:43:00-05:00,19
2025-11-25 00:51:00+00:00,SELL,MEC-A,2025-11-24 19:51:00-05:00,19
2025-11-25 00:53:00+00:00,SELL,MEC-A,2025-11-24 19:53:00-05:00,19
2025-11-25 00:54:00+00:00,SELL,MEC-A,2025-11-24 19:54:00-05:00,19
2025-11-25 00:56:00+00:00,SELL,MEC-A,2025-11-24 19:56:00-05:00,19
2025-11-25 01:00:00+00:00,SELL,MEC-A,2025-11-24 20:00:00-05:00,20
2025-11-25 01:07:00+00:00,SELL,MEC-A,2025-11-24 20:07:00-05:00,20
2025-11-25 01:10:00+00:00,SELL,MEC-A,2025-11-24 20:10:00-05:00,20
2025-11-25 01:15:00+00:00,SELL,MEC-A,2025-11-24 20:15:00-05:00,20
2025-11-25 01:17:00+00:00,SELL,MEC-A,2025-11-24 20:17:00-05:00,20
2025-11-25 01:22:00+00:00,SELL,MEC-A,2025-11-24 20:22:00-05:00,20
2025-11-25 01:26:00+00:00,SELL,MEC-A,2025-11-24 20:26:00-05:00,20
2025-11-25 01:30:00+00:00,BUY,MEC-A,2025-11-24 20:30:00-05:00,20
2025-11-25 01:34:00+00:00,BUY,MEC-A,2025-11-24 20:34:00-05:00,20
2025-11-25 01:35:00+00:00,BUY,MEC-A,2025-11-24 20:35:00-05:00,20
2025-11-25 01:38:00+00:00,BUY,MEC-A,2025-11-24 20:38:00-05:00,20
2025-11-25 01:39:00+00:00,BUY,MEC-A,2025-11-24 20:39:00-05:00,20
2025-11-25 01:42:00+00:00,BUY,MEC-A,2025-11-24 20:42:00-05:00,20
2025-11-25 01:46:00+00:00,BUY,MEC-A,2025-11-24 20:46:00-05:00,20
2025-11-25 01:54:00+00:00,SELL,MEC-A,2025-11-24 20:54:00-05:00,20
2025-11-25 01:56:00+00:00,BUY,MEC-A,2025-11-24 20:56:00-05:00,20
2025-11-25 02:02:00+00:00,BUY,MEC-A,2025-11-24 21:02:00-05:00,21
2025-11-25 02:04:00+00:00,BUY,MEC-A,2025-11-24 21:04:00-05:00,21
2025-11-25 02:17:00+00:00,BUY,MEC-A,2025-11-24 21:17:00-05:00,21
2025-11-25 02:18:00+00:00,BUY,MEC-A,2025-11-24 21:18:00-05:00,21
2025-11-25 02:19:00+00:00,BUY,MEC-A,2025-11-24 21:19:00-05:00,21
2025-11-25 02:23:00+00:00,BUY,MEC-A,2025-11-24 21:23:00-05:00,21
2025-11-25 02:24:00+00:00,BUY,MEC-A,2025-11-24 21:24:00-05:00,21
2025-11-25 02:27:00+00:00,BUY,MEC-A,2025-11-24 21:27:00-05:00,21
2025-11-25 02:29:00+00:00,BUY,MEC-A,2025-11-24 21:29:00-05:00,21
2025-11-25 02:32:00+00:00,BUY,MEC-A,2025-11-24 21:32:00-05:00,21
2025-11-25 02:34:00+00:00,BUY,MEC-A,2025-11-24 21:34:00-05:00,21
2025-11-25 02:39:00+00:00,BUY,MEC-A,2025-11-24 21:39:00-05:00,21
2025-11-25 02:43:00+00:00,BUY,MEC-A,2025-11-24 21:43:00-05:00,21
2025-11-25 02:44:00+00:00,BUY,MEC-A,2025-11-24 21:44:00-05:00,21
2025-11-25 02:49:00+00:00,BUY,MEC-A,2025-11-24 21:49:00-05:00,21
2025-11-25 03:06:00+00:00,BUY,MEC-A,2025-11-24 22:06:00-05:00,22
2025-11-25 03:14:00+00:00,SELL,MEC-A,2025-11-24 22:14:00-05:00,22
2025-11-25 03:17:00+00:00,SELL,MEC-A,2025-11-24 22:17:00-05:00,22
2025-11-25 03:19:00+00:00,SELL,MEC-A,2025-11-24 22:19:00-05:00,22
2025-11-25 03:23:00+00:00,SELL,MEC-A,2025-11-24 22:23:00-05:00,22
2025-11-25 03:30:00+00:00,SELL,MEC-A,2025-11-24 22:30:00-05:00,22
2025-11-25 03:31:00+00:00,SELL,MEC-A,2025-11-24 22:31:00-05:00,22
2025-11-25 03:39:00+00:00,SELL,MEC-A,2025-11-24 22:39:00-05:00,22
2025-11-25 03:40:00+00:00,SELL,MEC-A,2025-11-24 22:40:00-05:00,22
2025-11-25 04:02:00+00:00,SELL,MEC-A,2025-11-24 23:02:00-05:00,23
2025-11-25 04:05:00+00:00,BUY,MER,2025-11-24 23:05:00-05:00,23
2025-11-25 04:06:00+00:00,BUY,MEC-A,2025-11-24 23:06:00-05:00,23
2025-11-25 04:13:00+00:00,BUY,MEC-A,2025-11-24 23:13:00-05:00,23
2025-11-25 04:14:00+00:00,BUY,MEC-A,2025-11-24 23:14:00-05:00,23
2025-11-25 04:15:00+00:00,BUY,MEC-A,2025-11-24 23:15:00-05:00,23
2025-11-25 04:21:00+00:00,BUY,MEC-A,2025-11-24 23:21:00-05:00,23
2025-11-25 04:39:00+00:00,BUY,MEC-A,2025-11-24 23:39:00-05:00,23
2025-11-25 04:41:00+00:00,SELL,MEC-A,2025-11-24 23:41:00-05:00,23
2025-11-25 04:48:00+00:00,SELL,MEC-A,2025-11-24 23:48:00-05:00,23
2025-11-25 04:49:00+00:00,SELL,MEC-A,2025-11-24 23:49:00-05:00,23
2025-11-25 04:51:00+00:00,SELL,MEC-A,2025-11-24 23:51:00-05:00,23
2025-11-25 04:52:00+00:00,SELL,MEC-A,2025-11-24 23:52:00-05:00,23
2025-11-25 04:53:00+00:00,SELL,MEC-A,2025-11-24 23:53:00-05:00,23
2025-11-25 04:57:00+00:00,SELL,MEC-A,2025-11-24 23:57:00-05:00,23
2025-11-25 05:05:00+00:00,BUY,MEC-A,2025-11-25 00:05:00-05:00,0
2025-11-25 05:07:00+00:00,BUY,MEC-A,2025-11-25 00:07:00-05:00,0
2025-11-25 05:09:00+00:00,BUY,MEC-A,2025-11-25 00:09:00-05:00,0
2025-11-25 05:10:00+00:00,BUY,MEC-A,2025-11-25 00:10:00-05:00,0
2025-11-25 05:13:00+00:00,BUY,MEC-A,2025-11-25 00:13:00-05:00,0
2025-11-25 05:20:00+00:00,BUY,MEC-A,2025-11-25 00:20:00-05:00,0
2025-11-25 05:30:00+00:00,SELL,MEC-A,2025-11-25 00:30:00-05:00,0
2025-11-25 05:41:00+00:00,BUY,MEC-A,2025-11-25 00:41:00-05:00,0
2025-11-25 05:50:00+00:00,BUY,MEC-A,2025-11-25 00:50:00-05:00,0
2025-11-25 05:51:00+00:00,BUY,MEC-A,2025-11-25 00:51:00-05:00,0
2025-11-25 05:56:00+00:00,BUY,MEC-A,2025-11-25 00:56:00-05:00,0
2025-11-25 05:57:00+00:00,BUY,MEC-A,2025-11-25 00:57:00-05:00,0
2025-11-25 06:03:00+00:00,BUY,MEC-A,2025-11-25 01:03:00-05:00,1
2025-11-25 06:05:00+00:00,BUY,MEC-A,2025-11-25 01:05:00-05:00,1
2025-11-25 06:06:00+00:00,BUY,MEC-A,2025-11-25 01:06:00-05:00,1
2025-11-25 06:08:00+00:00,BUY,MEC-A,2025-11-25 01:08:00-05:00,1
2025-11-25 06:12:00+00:00,BUY,MEC-A,2025-11-25 01:12:00-05:00,1
2025-11-25 06:15:00+00:00,BUY,MEC-A,2025-11-25 01:15:00-05:00,1
2025-11-25 06:22:00+00:00,SELL,MEC-A,2025-11-25 01:22:00-05:00,1
2025-11-25 06:23:00+00:00,SELL,MEC-A,2025-11-25 01:23:00-05:00,1
2025-11-25 06:25:00+00:00,SELL,MEC-A,2025-11-25 01:25:00-05:00,1
2025-11-25 06:29:00+00:00,SELL,MEC-A,2025-11-25 01:29:00-05:00,1
2025-11-25 06:34:00+00:00,SELL,MEC-A,2025-11-25 01:34:00-05:00,1
2025-11-25 06:49:00+00:00,SELL,MEC-A,2025-11-25 01:49:00-05:00,1
2025-11-25 06:53:00+00:00,BUY,MEC-A,2025-11-25 01:53:00-05:00,1
2025-11-25 07:00:00+00:00,BUY,MEC-A,2025-11-25 02:00:00-05:00,2
2025-11-25 07:01:00+00:00,BUY,MEC-A,2025-11-25 02:01:00-05:00,2
2025-11-25 07:05:00+00:00,BUY,MEC-A,2025-11-25 02:05:00-05:00,2
2025-11-25 07:09:00+00:00,BUY,MEC-A,2025-11-25 02:09:00-05:00,2
2025-11-25 07:14:00+00:00,SELL,MEC-A,2025-11-25 02:14:00-05:00,2
2025-11-25 07:15:00+00:00,SELL,MEC-A,2025-11-25 02:15:00-05:00,2
2025-11-25 07:26:00+00:00,SELL,MEC-A,2025-11-25 02:26:00-05:00,2
2025-11-25 07:28:00+00:00,SELL,MEC-A,2025-11-25 02:28:00-05:00,2
2025-11-25 07:29:00+00:00,SELL,MEC-A,2025-11-25 02:29:00-05:00,2
2025-11-25 07:35:00+00:00,SELL,MEC-A,2025-11-25 02:35:00-05:00,2
2025-11-25 07:58:00+00:00,SELL,MEC-A,2025-11-25 02:58:00-05:00,2
2025-11-25 08:02:00+00:00,SELL,MEC-A,2025-11-25 03:02:00-05:00,3
2025-11-25 08:15:00+00:00,BUY,MEC-A,2025-11-25 03:15:00-05:00,3
2025-11-25 08:17:00+00:00,BUY,MEC-A,2025-11-25 03:17:00-05:00,3
2025-11-25 08:24:00+00:00,BUY,MEC-A,2025-11-25 03:24:00-05:00,3
2025-11-25 08:27:00+00:00,BUY,MEC-A,2025-11-25 03:27:00-05:00,3
2025-11-25 08:32:00+00:00,SELL,MEC-A,2025-11-25 03:32:00-05:00,3
2025-11-25 08:34:00+00:00,SELL,MEC-A,2025-11-25 03:34:00-05:00,3
2025-11-25 08:35:00+00:00,SELL,MEC-A,2025-11-25 03:35:00-05:00,3
2025-11-25 08:37:00+00:00,SELL,MEC-A,2025-11-25 03:37:00-05:00,3
2025-11-25 08:45:00+00:00,SELL,MEC-A,2025-11-25 03:45:00-05:00,3
2025-11-25 08:46:00+00:00,SELL,MEC-A,2025-11-25 03:46:00-05:00,3
2025-11-25 08:48:00+00:00,SELL,MEC-A,2025-11-25 03:48:00-05:00,3
2025-11-25 08:50:00+00:00,SELL,MEC-A,2025-11-25 03:50:00-05:00,3
2025-11-25 08:52:00+00:00,SELL,MEC-A,2025-11-25 03:52:00-05:00,3
2025-11-25 08:54:00+00:00,SELL,MEC-A,2025-11-25 03:54:00-05:00,3
2025-11-25 08:59:00+00:00,SELL,MEC-A,2025-11-25 03:59:00-05:00,3
2025-11-25 09:02:00+00:00,BUY,MEC-A,2025-11-25 04:02:00-05:00,4
2025-11-25 09:03:00+00:00,BUY,MEC-A,2025-11-25 04:03:00-05:00,4
2025-11-25 09:04:00+00:00,BUY,MEC-A,2025-11-25 04:04:00-05:00,4
2025-11-25 09:05:00+00:00,BUY,MEC-A,2025-11-25 04:05:00-05:00,4
2025-11-25 09:08:00+00:00,BUY,MEC-A,2025-11-25 04:08:00-05:00,4
2025-11-25 09:11:00+00:00,BUY,MEC-A,2025-11-25 04:11:00-05:00,4
2025-11-25 09:13:00+00:00,BUY,MEC-A,2025-11-25 04:13:00-05:00,4
2025-11-25 09:15:00+00:00,BUY,MEC-A,2025-11-25 04:15:00-05:00,4
2025-11-25 09:17:00+00:00,BUY,MEC-A,2025-11-25 04:17:00-05:00,4
2025-11-25 09:29:00+00:00,BUY,MEC-A,2025-11-25 04:29:00-05:00,4
2025-11-25 09:30:00+00:00,BUY,MEC-A,2025-11-25 04:30:00-05:00,4
2025-11-25 09:32:00+00:00,BUY,MEC-A,2025-11-25 04:32:00-05:00,4
2025-11-25 09:35:00+00:00,BUY,MEC-A,2025-11-25 04:35:00-05:00,4
2025-11-25 09:36:00+00:00,BUY,MEC-A,2025-11-25 04:36:00-05:00,4
2025-11-25 09:40:00+00:00,BUY,MEC-A,2025-11-25 04:40:00-05:00,4
2025-11-25 10:03:00+00:00,BUY,MEC-A,2025-11-25 05:03:00-05:00,5
2025-11-25 10:04:00+00:00,BUY,MEC-A,2025-11-25 05:04:00-05:00,5
2025-11-25 10:09:00+00:00,BUY,MEC-A,2025-11-25 05:09:00-05:00,5
2025-11-25 10:10:00+00:00,BUY,MEC-A,2025-11-25 05:10:00-05:00,5
2025-11-25 10:15:00+00:00,BUY,MEC-A,2025-11-25 05:15:00-05:00,5
2025-11-25 10:19:00+00:00,BUY,MEC-A,2025-11-25 05:19:00-05:00,5
2025-11-25 10:24:00+00:00,SELL,MEC-A,2025-11-25 05:24:00-05:00,5
2025-11-25 10:25:00+00:00,SELL,MEC-A,2025-11-25 05:25:00-05:00,5
2025-11-25 10:28:00+00:00,SELL,MEC-A,2025-11-25 05:28:00-05:00,5
2025-11-25 10:31:00+00:00,SELL,MEC-A,2025-11-25 05:31:00-05:00,5
2025-11-25 10:41:00+00:00,BUY,MEC-A,2025-11-25 05:41:00-05:00,5
2025-11-25 10:47:00+00:00,BUY,MEC-A,2025-11-25 05:47:00-05:00,5
2025-11-25 10:55:00+00:00,SELL,MEC-A,2025-11-25 05:55:00-05:00,5
2025-11-25 10:56:00+00:00,SELL,MEC-A,2025-11-25 05:56:00-05:00,5
2025-11-25 11:01:00+00:00,SELL,MEC-A,2025-11-25 06:01:00-05:00,6
2025-11-25 11:02:00+00:00,SELL,MEC-A,2025-11-25 06:02:00-05:00,6
2025-11-25 11:04:00+00:00,SELL,MEC-A,2025-11-25 06:04:00-05:00,6
2025-11-25 11:14:00+00:00,BUY,MEC-A,2025-11-25 06:14:00-05:00,6
2025-11-25 11:16:00+00:00,BUY,MEC-A,2025-11-25 06:16:00-05:00,6
2025-11-25 12:03:00+00:00,BUY,MEC-A,2025-11-25 07:03:00-05:00,7
2025-11-25 12:06:00+00:00,BUY,MEC-A,2025-11-25 07:06:00-05:00,7
2025-11-25 12:10:00+00:00,BUY,MEC-A,2025-11-25 07:10:00-05:00,7
2025-11-25 12:15:00+00:00,BUY,MEC-A,2025-11-25 07:15:00-05:00,7
2025-11-25 12:16:00+00:00,BUY,MEC-A,2025-11-25 07:16:00-05:00,7
2025-11-25 12:25:00+00:00,SELL,MEC-A,2025-11-25 07:25:00-05:00,7
2025-11-25 12:28:00+00:00,SELL,MEC-A,2025-11-25 07:28:00-05:00,7
2025-11-25 12:34:00+00:00,SELL,MEC-A,2025-11-25 07:34:00-05:00,7
2025-11-25 12:42:00+00:00,SELL,MEC-A,2025-11-25 07:42:00-05:00,7
2025-11-25 12:44:00+00:00,SELL,MEC-A,2025-11-25 07:44:00-05:00,7
2025-11-25 12:55:00+00:00,BUY,MEC-A,2025-11-25 07:55:00-05:00,7
2025-11-25 12:59:00+00:00,BUY,MEC-A,2025-11-25 07:59:00-05:00,7
2025-11-25 13:02:00+00:00,BUY,MEC-A,2025-11-25 08:02:00-05:00,8
2025-11-25 13:03:00+00:00,BUY,MEC-A,2025-11-25 08:03:00-05:00,8
2025-11-25 13:05:00+00:00,BUY,MEC-A,2025-11-25 08:05:00-05:00,8
2025-11-25 13:06:00+00:00,BUY,MEC-A,2025-11-25 08:06:00-05:00,8
2025-11-25 13:09:00+00:00,BUY,MEC-A,2025-11-25 08:09:00-05:00,8
2025-11-25 13:13:00+00:00,BUY,MEC-A,2025-11-25 08:13:00-05:00,8
2025-11-25 13:15:00+00:00,BUY,MEC-A,2025-11-25 08:15:00-05:00,8
2025-11-25 13:19:00+00:00,BUY,MEC-A,2025-11-25 08:19:00-05:00,8
2025-11-25 13:27:00+00:00,BUY,MEC-A,2025-11-25 08:27:00-05:00,8
2025-11-25 13:30:00+00:00,BUY,MEC-A,2025-11-25 08:30:00-05:00,8
2025-11-25 13:35:00+00:00,BUY,MEC-A,2025-11-25 08:35:00-05:00,8
2025-11-25 13:37:00+00:00,BUY,MEC-A,2025-11-25 08:37:00-05:00,8
2025-11-25 13:38:00+00:00,BUY,MEC-A,2025-11-25 08:38:00-05:00,8
2025-11-25 13:40:00+00:00,BUY,MEC-A,2025-11-25 08:40:00-05:00,8
2025-11-25 13:48:00+00:00,BUY,MEC-A,2025-11-25 08:48:00-05:00,8
2025-11-25 13:58:00+00:00,BUY,MEC-A,2025-11-25 08:58:00-05:00,8
2025-11-25 14:01:00+00:00,BUY,MEC-A,2025-11-25 09:01:00-05:00,9
2025-11-25 14:05:00+00:00,SELL,MEC-A,2025-11-25 09:05:00-05:00,9
2025-11-25 14:06:00+00:00,SELL,MEC-A,2025-11-25 09:06:00-05:00,9
2025-11-25 14:18:00+00:00,SELL,MEC-A,2025-11-25 09:18:00-05:00,9
2025-11-25 14:27:00+00:00,SELL,MEC-A,2025-11-25 09:27:00-05:00,9
2025-11-25 14:31:00+00:00,SELL,MEC-A,2025-11-25 09:31:00-05:00,9
2025-11-25 14:33:00+00:00,SELL,MEC-A,2025-11-25 09:33:00-05:00,9
2025-11-25 14:37:00+00:00,SELL,MEC-A,2025-11-25 09:37:00-05:00,9
2025-11-25 14:38:00+00:00,SELL,MEC-A,2025-11-25 09:38:00-05:00,9
2025-11-25 14:42:00+00:00,SELL,MEC-A,2025-11-25 09:42:00-05:00,9
2025-11-25 14:44:00+00:00,SELL,MEC-A,2025-11-25 09:44:00-05:00,9
2025-11-25 14:46:00+00:00,SELL,MEC-A,2025-11-25 09:46:00-05:00,9
2025-11-25 15:08:00+00:00,BUY,MEC-A,2025-11-25 10:08:00-05:00,10
2025-11-25 15:09:00+00:00,BUY,MEC-A,2025-11-25 10:09:00-05:00,10
2025-11-25 15:16:00+00:00,BUY,MEC-A,2025-11-25 10:16:00-05:00,10
2025-11-25 15:51:00+00:00,SELL,MEC-A,2025-11-25 10:51:00-05:00,10
2025-11-25 15:55:00+00:00,SELL,MEC-A,2025-11-25 10:55:00-05:00,10
2025-11-25 16:09:00+00:00,SELL,MEC-A,2025-11-25 11:09:00-05:00,11
2025-11-25 16:14:00+00:00,BUY,MEC-A,2025-11-25 11:14:00-05:00,11
2025-11-25 16:16:00+00:00,BUY,MEC-A,2025-11-25 11:16:00-05:00,11
2025-11-25 16:19:00+00:00,BUY,MEC-A,2025-11-25 11:19:00-05:00,11
2025-11-25 16:23:00+00:00,BUY,MEC-A,2025-11-25 11:23:00-05:00,11
2025-11-25 16:27:00+00:00,BUY,MEC-A,2025-11-25 11:27:00-05:00,11
2025-11-25 16:29:00+00:00,BUY,MEC-A,2025-11-25 11:29:00-05:00,11
2025-11-25 16:49:00+00:00,SELL,MEC-A,2025-11-25 11:49:00-05:00,11
2025-11-25 17:00:00+00:00,BUY,MEC-A,2025-11-25 12:00:00-05:00,12
2025-11-25 17:09:00+00:00,BUY,MEC-A,2025-11-25 12:09:00-05:00,12
2025-11-25 17:22:00+00:00,BUY,MEC-A,2025-11-25 12:22:00-05:00,12
2025-11-25 17:25:00+00:00,BUY,MEC-A,2025-11-25 12:25:00-05:00,12
2025-11-25 17:27:00+00:00,BUY,MEC-A,2025-11-25 12:27:00-05:00,12
2025-11-25 17:33:00+00:00,BUY,MEC-A,2025-11-25 12:33:00-05:00,12
2025-11-25 17:37:00+00:00,BUY,MEC-A,2025-11-25 12:37:00-05:00,12
2025-11-25 17:51:00+00:00,SELL,MEC-A,2025-11-25 12:51:00-05:00,12
2025-11-25 17:53:00+00:00,SELL,MEC-A,2025-11-25 12:53:00-05:00,12
2025-11-25 18:00:00+00:00,BUY,MEC-A,2025-11-25 13:00:00-05:00,13
2025-11-25 18:05:00+00:00,BUY,MEC-A,2025-11-25 13:05:00-05:00,13
2025-11-25 18:08:00+00:00,BUY,MEC-A,2025-11-25 13:08:00-05:00,13
2025-11-25 18:09:00+00:00,BUY,MEC-A,2025-11-25 13:09:00-05:00,13
2025-11-25 18:10:00+00:00,SELL,MEC-A,2025-11-25 13:10:00-05:00,13
2025-11-25 18:16:00+00:00,SELL,MEC-A,2025-11-25 13:16:00-05:00,13
2025-11-25 18:17:00+00:00,SELL,MEC-A,2025-11-25 13:17:00-05:00,13
2025-11-25 18:18:00+00:00,SELL,MEC-A,2025-11-25 13:18:00-05:00,13
2025-11-25 18:21:00+00:00,SELL,MEC-A,2025-11-25 13:21:00-05:00,13
2025-11-25 18:37:00+00:00,SELL,MEC-A,2025-11-25 13:37:00-05:00,13
2025-11-25 18:38:00+00:00,SELL,MEC-A,2025-11-25 13:38:00-05:00,13
2025-11-25 18:47:00+00:00,SELL,MEC-A,2025-11-25 13:47:00-05:00,13
2025-11-25 18:55:00+00:00,SELL,MEC-A,2025-11-25 13:55:00-05:00,13
2025-11-25 18:59:00+00:00,SELL,MEC-A,2025-11-25 13:59:00-05:00,13
2025-11-25 19:02:00+00:00,SELL,MEC-A,2025-11-25 14:02:00-05:00,14
2025-11-25 19:03:00+00:00,SELL,MEC-A,2025-11-25 14:03:00-05:00,14
2025-11-25 19:15:00+00:00,SELL,MEC-A,2025-11-25 14:15:00-05:00,14
2025-11-25 19:18:00+00:00,SELL,MEC-A,2025-11-25 14:18:00-05:00,14
2025-11-25 19:22:00+00:00,SELL,MEC-A,2025-11-25 14:22:00-05:00,14
2025-11-25 19:24:00+00:00,SELL,MEC-A,2025-11-25 14:24:00-05:00,14
2025-11-25 19:26:00+00:00,SELL,MEC-A,2025-11-25 14:26:00-05:00,14
2025-11-25 19:27:00+00:00,SELL,MEC-A,2025-11-25 14:27:00-05:00,14
2025-11-25 19:34:00+00:00,SELL,MEC-A,2025-11-25 14:34:00-05:00,14
2025-11-25 19:36:00+00:00,SELL,MEC-A,2025-11-25 14:36:00-05:00,14
2025-11-25 19:37:00+00:00,SELL,MEC-A,2025-11-25 14:37:00-05:00,14
2025-11-25 19:38:00+00:00,SELL,MEC-A,2025-11-25 14:38:00-05:00,14
2025-11-25 19:46:00+00:00,SELL,MEC-A,2025-11-25 14:46:00-05:00,14
2025-11-25 19:52:00+00:00,SELL,MEC-A,2025-11-25 14:52:00-05:00,14
2025-11-25 19:58:00+00:00,BUY,MEC-A,2025-11-25 14:58:00-05:00,14
2025-11-25 20:03:00+00:00,BUY,MEC-A,2025-11-25 15:03:00-05:00,15
2025-11-25 20:07:00+00:00,BUY,MEC-A,2025-11-25 15:07:00-05:00,15
2025-11-25 20:24:00+00:00,SELL,MEC-A,2025-11-25 15:24:00-05:00,15
2025-11-25 20:29:00+00:00,SELL,MEC-A,2025-11-25 15:29:00-05:00,15
2025-11-25 20:35:00+00:00,SELL,MEC-A,2025-11-25 15:35:00-05:00,15
2025-11-25 20:48:00+00:00,SELL,MEC-A,2025-11-25 15:48:00-05:00,15
2025-11-25 20:54:00+00:00,SELL,MEC-A,2025-11-25 15:54:00-05:00,15
2025-11-25 21:02:00+00:00,SELL,MEC-A,2025-11-25 16:02:00-05:00,16
2025-11-25 21:03:00+00:00,SELL,MEC-A,2025-11-25 16:03:00-05:00,16
2025-11-25 21:09:00+00:00,SELL,MEC-A,2025-11-25 16:09:00-05:00,16
2025-11-25 21:30:00+00:00,SELL,MEC-A,2025-11-25 16:30:00-05:00,16
2025-11-25 21:36:00+00:00,SELL,MEC-A,2025-11-25 16:36:00-05:00,16
2025-11-25 21:41:00+00:00,BUY,MEC-A,2025-11-25 16:41:00-05:00,16
2025-11-25 21:50:00+00:00,SELL,MEC-A,2025-11-25 16:50:00-05:00,16
2025-11-25 21:55:00+00:00,SELL,MEC-A,2025-11-25 16:55:00-05:00,16
2025-11-25 23:01:00+00:00,BUY,MEC-A,2025-11-25 18:01:00-05:00,18
2025-11-25 23:02:00+00:00,BUY,MEC-A,2025-11-25 18:02:00-05:00,18
2025-11-25 23:05:00+00:00,BUY,MEC-A,2025-11-25 18:05:00-05:00,18
2025-11-25 23:10:00+00:00,BUY,MEC-A,2025-11-25 18:10:00-05:00,18
2025-11-25 23:14:00+00:00,BUY,MEC-A,2025-11-25 18:14:00-05:00,18
2025-11-25 23:15:00+00:00,BUY,MEC-A,2025-11-25 18:15:00-05:00,18
2025-11-25 23:16:00+00:00,BUY,MEC-A,2025-11-25 18:16:00-05:00,18
2025-11-25 23:30:00+00:00,SELL,MEC-A,2025-11-25 18:30:00-05:00,18
2025-11-25 23:31:00+00:00,SELL,MEC-A,2025-11-25 18:31:00-05:00,18
2025-11-26 00:01:00+00:00,BUY,MEC-A,2025-11-25 19:01:00-05:00,19
2025-11-26 00:08:00+00:00,BUY,MEC-A,2025-11-25 19:08:00-05:00,19
2025-11-26 00:09:00+00:00,BUY,MEC-A,2025-11-25 19:09:00-05:00,19
2025-11-26 00:22:00+00:00,SELL,MEC-A,2025-11-25 19:22:00-05:00,19
2025-11-26 00:24:00+00:00,BUY,MEC-A,2025-11-25 19:24:00-05:00,19
2025-11-26 00:40:00+00:00,BUY,MEC-A,2025-11-25 19:40:00-05:00,19
2025-11-26 00:47:00+00:00,SELL,MEC-A,2025-11-25 19:47:00-05:00,19
2025-11-26 00:50:00+00:00,SELL,MEC-A,2025-11-25 19:50:00-05:00,19
2025-11-26 00:57:00+00:00,BUY,MEC-A,2025-11-25 19:57:00-05:00,19
2025-11-26 00:58:00+00:00,BUY,MEC-A,2025-11-25 19:58:00-05:00,19
2025-11-26 01:03:00+00:00,BUY,MEC-A,2025-11-25 20:03:00-05:00,20
2025-11-26 01:08:00+00:00,BUY,MEC-A,2025-11-25 20:08:00-05:00,20
2025-11-26 01:22:00+00:00,BUY,MEC-A,2025-11-25 20:22:00-05:00,20
2025-11-26 01:33:00+00:00,BUY,MEC-A,2025-11-25 20:33:00-05:00,20
2025-11-26 01:35:00+00:00,BUY,MEC-A,2025-11-25 20:35:00-05:00,20
2025-11-26 01:39:00+00:00,BUY,MEC-A,2025-11-25 20:39:00-05:00,20
2025-11-26 01:40:00+00:00,BUY,MEC-A,2025-11-25 20:40:00-05:00,20
2025-11-26 01:45:00+00:00,BUY,MEC-A,2025-11-25 20:45:00-05:00,20
2025-11-26 01:47:00+00:00,BUY,MEC-A,2025-11-25 20:47:00-05:00,20
2025-11-26 01:49:00+00:00,BUY,MEC-A,2025-11-25 20:49:00-05:00,20
2025-11-26 01:53:00+00:00,BUY,MEC-A,2025-11-25 20:53:00-05:00,20
2025-11-26 01:56:00+00:00,SELL,MEC-A,2025-11-25 20:56:00-05:00,20
2025-11-26 01:59:00+00:00,SELL,MEC-A,2025-11-25 20:59:00-05:00,20
2025-11-26 02:02:00+00:00,SELL,MEC-A,2025-11-25 21:02:00-05:00,21
2025-11-26 02:06:00+00:00,BUY,MEC-A,2025-11-25 21:06:00-05:00,21
2025-11-26 02:17:00+00:00,BUY,MEC-A,2025-11-25 21:17:00-05:00,21
2025-11-26 02:18:00+00:00,BUY,MEC-A,2025-11-25 21:18:00-05:00,21
2025-11-26 02:25:00+00:00,BUY,MEC-A,2025-11-25 21:25:00-05:00,21
2025-11-26 02:26:00+00:00,BUY,MEC-A,2025-11-25 21:26:00-05:00,21
2025-11-26 02:35:00+00:00,BUY,MEC-A,2025-11-25 21:35:00-05:00,21
2025-11-26 02:39:00+00:00,SELL,MEC-A,2025-11-25 21:39:00-05:00,21
2025-11-26 02:49:00+00:00,BUY,MEC-A,2025-11-25 21:49:00-05:00,21
2025-11-26 02:53:00+00:00,BUY,MEC-A,2025-11-25 21:53:00-05:00,21
2025-11-26 03:25:00+00:00,SELL,MEC-A,2025-11-25 22:25:00-05:00,22
2025-11-26 03:33:00+00:00,SELL,MEC-A,2025-11-25 22:33:00-05:00,22
2025-11-26 03:37:00+00:00,BUY,MEC-A,2025-11-25 22:37:00-05:00,22
2025-11-26 03:41:00+00:00,BUY,MEC-A,2025-11-25 22:41:00-05:00,22
2025-11-26 03:44:00+00:00,BUY,MEC-A,2025-11-25 22:44:00-05:00,22
2025-11-26 03:45:00+00:00,BUY,MEC-A,2025-11-25 22:45:00-05:00,22
2025-11-26 03:46:00+00:00,BUY,MEC-A,2025-11-25 22:46:00-05:00,22
2025-11-26 04:01:00+00:00,SELL,MEC-A,2025-11-25 23:01:00-05:00,23
2025-11-26 04:02:00+00:00,SELL,MEC-A,2025-11-25 23:02:00-05:00,23
2025-11-26 04:22:00+00:00,SELL,MEC-A,2025-11-25 23:22:00-05:00,23
2025-11-26 04:23:00+00:00,SELL,MEC-A,2025-11-25 23:23:00-05:00,23
2025-11-26 04:28:00+00:00,SELL,MEC-A,2025-11-25 23:28:00-05:00,23
2025-11-26 04:32:00+00:00,SELL,MEC-A,2025-11-25 23:32:00-05:00,23
2025-11-26 04:46:00+00:00,SELL,MEC-A,2025-11-25 23:46:00-05:00,23
2025-11-26 04:57:00+00:00,BUY,MEC-A,2025-11-25 23:57:00-05:00,23
2025-11-26 05:02:00+00:00,BUY,MEC-A,2025-11-26 00:02:00-05:00,0
2025-11-26 05:04:00+00:00,BUY,MEC-A,2025-11-26 00:04:00-05:00,0
2025-11-26 05:05:00+00:00,BUY,MEC-A,2025-11-26 00:05:00-05:00,0
2025-11-26 05:08:00+00:00,BUY,MEC-A,2025-11-26 00:08:00-05:00,0
2025-11-26 05:11:00+00:00,BUY,MEC-A,2025-11-26 00:11:00-05:00,0
2025-11-26 05:13:00+00:00,BUY,MEC-A,2025-11-26 00:13:00-05:00,0
2025-11-26 05:14:00+00:00,BUY,MEC-A,2025-11-26 00:14:00-05:00,0
2025-11-26 05:16:00+00:00,BUY,MEC-A,2025-11-26 00:16:00-05:00,0
2025-11-26 05:20:00+00:00,BUY,MEC-A,2025-11-26 00:20:00-05:00,0
2025-11-26 05:21:00+00:00,BUY,MEC-A,2025-11-26 00:21:00-05:00,0
2025-11-26 05:32:00+00:00,SELL,MEC-A,2025-11-26 00:32:00-05:00,0
2025-11-26 05:35:00+00:00,SELL,MEC-A,2025-11-26 00:35:00-05:00,0
2025-11-26 05:38:00+00:00,SELL,MEC-A,2025-11-26 00:38:00-05:00,0
2025-11-26 05:46:00+00:00,BUY,MER,2025-11-26 00:46:00-05:00,0
2025-11-26 05:50:00+00:00,BUY,MEC-A,2025-11-26 00:50:00-05:00,0
2025-11-26 06:07:00+00:00,SELL,MEC-A,2025-11-26 01:07:00-05:00,1
2025-11-26 06:08:00+00:00,SELL,MEC-A,2025-11-26 01:08:00-05:00,1
2025-11-26 06:13:00+00:00,SELL,MEC-A,2025-11-26 01:13:00-05:00,1
2025-11-26 06:14:00+00:00,SELL,MEC-A,2025-11-26 01:14:00-05:00,1
2025-11-26 06:16:00+00:00,SELL,MEC-A,2025-11-26 01:16:00-05:00,1
2025-11-26 06:17:00+00:00,SELL,MEC-A,2025-11-26 01:17:00-05:00,1
2025-11-26 06:30:00+00:00,SELL,MEC-A,2025-11-26 01:30:00-05:00,1
2025-11-26 06:31:00+00:00,SELL,MEC-A,2025-11-26 01:31:00-05:00,1
2025-11-26 06:34:00+00:00,SELL,MEC-A,2025-11-26 01:34:00-05:00,1
2025-11-26 06:36:00+00:00,SELL,MEC-A,2025-11-26 01:36:00-05:00,1
2025-11-26 06:38:00+00:00,SELL,MEC-A,2025-11-26 01:38:00-05:00,1
2025-11-26 06:51:00+00:00,BUY,MEC-A,2025-11-26 01:51:00-05:00,1
2025-11-26 06:56:00+00:00,SELL,MEC-A,2025-11-26 01:56:00-05:00,1
2025-11-26 07:05:00+00:00,BUY,MEC-A,2025-11-26 02:05:00-05:00,2
2025-11-26 07:32:00+00:00,BUY,MEC-A,2025-11-26 02:32:00-05:00,2
2025-11-26 07:37:00+00:00,BUY,MEC-A,2025-11-26 02:37:00-05:00,2
2025-11-26 07:47:00+00:00,BUY,MEC-A,2025-11-26 02:47:00-05:00,2
2025-11-26 07:55:00+00:00,BUY,MEC-A,2025-11-26 02:55:00-05:00,2
2025-11-26 07:58:00+00:00,BUY,MEC-A,2025-11-26 02:58:00-05:00,2
2025-11-26 08:00:00+00:00,BUY,MEC-A,2025-11-26 03:00:00-05:00,3
2025-11-26 08:05:00+00:00,BUY,MEC-A,2025-11-26 03:05:00-05:00,3
2025-11-26 08:06:00+00:00,BUY,MEC-A,2025-11-26 03:06:00-05:00,3
2025-11-26 08:10:00+00:00,BUY,MEC-A,2025-11-26 03:10:00-05:00,3
2025-11-26 08:17:00+00:00,BUY,MEC-A,2025-11-26 03:17:00-05:00,3
2025-11-26 08:19:00+00:00,BUY,MEC-A,2025-11-26 03:19:00-05:00,3
2025-11-26 08:25:00+00:00,SELL,MEC-A,2025-11-26 03:25:00-05:00,3
2025-11-26 08:28:00+00:00,BUY,MEC-A,2025-11-26 03:28:00-05:00,3
2025-11-26 08:32:00+00:00,SELL,MEC-A,2025-11-26 03:32:00-05:00,3
2025-11-26 08:33:00+00:00,SELL,MEC-A,2025-11-26 03:33:00-05:00,3
2025-11-26 08:34:00+00:00,SELL,MEC-A,2025-11-26 03:34:00-05:00,3
2025-11-26 08:39:00+00:00,SELL,MEC-A,2025-11-26 03:39:00-05:00,3
2025-11-26 08:40:00+00:00,SELL,MEC-A,2025-11-26 03:40:00-05:00,3
2025-11-26 08:41:00+00:00,SELL,MEC-A,2025-11-26 03:41:00-05:00,3
2025-11-26 08:43:00+00:00,SELL,MEC-A,2025-11-26 03:43:00-05:00,3
2025-11-26 08:49:00+00:00,SELL,MEC-A,2025-11-26 03:49:00-05:00,3
2025-11-26 08:55:00+00:00,SELL,MEC-A,2025-11-26 03:55:00-05:00,3
2025-11-26 08:58:00+00:00,BUY,MEC-A,2025-11-26 03:58:00-05:00,3
2025-11-26 09:02:00+00:00,BUY,MEC-A,2025-11-26 04:02:00-05:00,4
2025-11-26 09:04:00+00:00,BUY,MEC-A,2025-11-26 04:04:00-05:00,4
2025-11-26 09:29:00+00:00,BUY,MEC-A,2025-11-26 04:29:00-05:00,4
2025-11-26 09:31:00+00:00,BUY,MEC-A,2025-11-26 04:31:00-05:00,4
2025-11-26 09:37:00+00:00,BUY,MEC-A,2025-11-26 04:37:00-05:00,4
2025-11-26 09:39:00+00:00,BUY,MEC-A,2025-11-26 04:39:00-05:00,4
2025-11-26 09:47:00+00:00,SELL,MEC-A,2025-11-26 04:47:00-05:00,4
2025-11-26 09:49:00+00:00,SELL,MEC-A,2025-11-26 04:49:00-05:00,4
2025-11-26 10:00:00+00:00,BUY,MEC-A,2025-11-26 05:00:00-05:00,5
2025-11-26 10:02:00+00:00,BUY,MEC-A,2025-11-26 05:02:00-05:00,5
2025-11-26 10:05:00+00:00,BUY,MEC-A,2025-11-26 05:05:00-05:00,5
2025-11-26 10:17:00+00:00,SELL,MEC-A,2025-11-26 05:17:00-05:00,5
2025-11-26 10:19:00+00:00,SELL,MEC-A,2025-11-26 05:19:00-05:00,5
2025-11-26 10:26:00+00:00,BUY,MEC-A,2025-11-26 05:26:00-05:00,5
2025-11-26 10:30:00+00:00,SELL,MEC-A,2025-11-26 05:30:00-05:00,5
2025-11-26 10:31:00+00:00,SELL,MEC-A,2025-11-26 05:31:00-05:00,5
2025-11-26 10:43:00+00:00,SELL,MEC-A,2025-11-26 05:43:00-05:00,5
2025-11-26 10:46:00+00:00,SELL,MEC-A,2025-11-26 05:46:00-05:00,5
2025-11-26 10:47:00+00:00,SELL,MEC-A,2025-11-26 05:47:00-05:00,5
2025-11-26 11:08:00+00:00,SELL,MEC-A,2025-11-26 06:08:00-05:00,6
2025-11-26 11:15:00+00:00,BUY,MEC-A,2025-11-26 06:15:00-05:00,6
2025-11-26 11:17:00+00:00,BUY,MEC-A,2025-11-26 06:17:00-05:00,6
2025-11-26 11:20:00+00:00,BUY,MEC-A,2025-11-26 06:20:00-05:00,6
2025-11-26 11:27:00+00:00,BUY,MEC-A,2025-11-26 06:27:00-05:00,6
2025-11-26 11:28:00+00:00,BUY,MEC-A,2025-11-26 06:28:00-05:00,6
2025-11-26 11:29:00+00:00,BUY,MEC-A,2025-11-26 06:29:00-05:00,6
2025-11-26 11:30:00+00:00,BUY,MEC-A,2025-11-26 06:30:00-05:00,6
2025-11-26 11:31:00+00:00,BUY,MEC-A,2025-11-26 06:31:00-05:00,6
2025-11-26 11:33:00+00:00,BUY,MEC-A,2025-11-26 06:33:00-05:00,6
2025-11-26 11:39:00+00:00,BUY,MEC-A,2025-11-26 06:39:00-05:00,6
2025-11-26 11:43:00+00:00,BUY,MEC-A,2025-11-26 06:43:00-05:00,6
2025-11-26 11:47:00+00:00,SELL,MEC-A,2025-11-26 06:47:00-05:00,6
2025-11-26 11:49:00+00:00,SELL,MEC-A,2025-11-26 06:49:00-05:00,6
2025-11-26 11:53:00+00:00,SELL,MEC-A,2025-11-26 06:53:00-05:00,6
2025-11-26 11:54:00+00:00,SELL,MEC-A,2025-11-26 06:54:00-05:00,6
2025-11-26 12:03:00+00:00,BUY,MEC-A,2025-11-26 07:03:00-05:00,7
2025-11-26 12:09:00+00:00,SELL,MEC-A,2025-11-26 07:09:00-05:00,7
2025-11-26 12:23:00+00:00,SELL,MEC-A,2025-11-26 07:23:00-05:00,7
2025-11-26 12:25:00+00:00,SELL,MEC-A,2025-11-26 07:25:00-05:00,7
2025-11-26 12:26:00+00:00,SELL,MEC-A,2025-11-26 07:26:00-05:00,7
2025-11-26 12:27:00+00:00,SELL,MEC-A,2025-11-26 07:27:00-05:00,7
2025-11-26 12:28:00+00:00,SELL,MEC-A,2025-11-26 07:28:00-05:00,7
2025-11-26 12:32:00+00:00,SELL,MEC-A,2025-11-26 07:32:00-05:00,7
2025-11-26 12:36:00+00:00,SELL,MEC-A,2025-11-26 07:36:00-05:00,7
2025-11-26 12:40:00+00:00,SELL,MEC-A,2025-11-26 07:40:00-05:00,7
2025-11-26 12:41:00+00:00,SELL,MEC-A,2025-11-26 07:41:00-05:00,7
2025-11-26 12:45:00+00:00,SELL,MEC-A,2025-11-26 07:45:00-05:00,7
2025-11-26 12:50:00+00:00,SELL,MEC-A,2025-11-26 07:50:00-05:00,7
2025-11-26 12:54:00+00:00,SELL,MEC-A,2025-11-26 07:54:00-05:00,7
2025-11-26 12:57:00+00:00,SELL,MEC-A,2025-11-26 07:57:00-05:00,7
2025-11-26 13:03:00+00:00,BUY,MEC-A,2025-11-26 08:03:00-05:00,8
2025-11-26 13:06:00+00:00,BUY,MEC-A,2025-11-26 08:06:00-05:00,8
2025-11-26 13:09:00+00:00,BUY,MEC-A,2025-11-26 08:09:00-05:00,8
2025-11-26 13:10:00+00:00,BUY,MEC-A,2025-11-26 08:10:00-05:00,8
2025-11-26 13:11:00+00:00,BUY,MEC-A,2025-11-26 08:11:00-05:00,8
2025-11-26 13:19:00+00:00,BUY,MEC-A,2025-11-26 08:19:00-05:00,8
2025-11-26 13:27:00+00:00,BUY,MEC-A,2025-11-26 08:27:00-05:00,8
2025-11-26 13:28:00+00:00,BUY,MEC-A,2025-11-26 08:28:00-05:00,8
2025-11-26 13:30:00+00:00,SELL,MEC-A,2025-11-26 08:30:00-05:00,8
2025-11-26 13:35:00+00:00,SELL,MEC-A,2025-11-26 08:35:00-05:00,8
2025-11-26 13:36:00+00:00,SELL,MEC-A,2025-11-26 08:36:00-05:00,8
2025-11-26 13:40:00+00:00,SELL,MEC-A,2025-11-26 08:40:00-05:00,8
2025-11-26 13:41:00+00:00,SELL,MEC-A,2025-11-26 08:41:00-05:00,8
2025-11-26 13:44:00+00:00,SELL,MEC-A,2025-11-26 08:44:00-05:00,8
2025-11-26 13:47:00+00:00,SELL,MEC-A,2025-11-26 08:47:00-05:00,8
2025-11-26 13:49:00+00:00,SELL,MEC-A,2025-11-26 08:49:00-05:00,8
2025-11-26 13:55:00+00:00,SELL,MEC-A,2025-11-26 08:55:00-05:00,8
2025-11-26 13:59:00+00:00,BUY,MEC-A,2025-11-26 08:59:00-05:00,8
2025-11-26 14:03:00+00:00,BUY,MEC-A,2025-11-26 09:03:00-05:00,9
2025-11-26 14:07:00+00:00,SELL,MEC-A,2025-11-26 09:07:00-05:00,9
2025-11-26 14:10:00+00:00,SELL,MEC-A,2025-11-26 09:10:00-05:00,9
2025-11-26 14:18:00+00:00,SELL,MEC-A,2025-11-26 09:18:00-05:00,9
2025-11-26 14:23:00+00:00,SELL,MEC-A,2025-11-26 09:23:00-05:00,9
2025-11-26 14:26:00+00:00,SELL,MEC-A,2025-11-26 09:26:00-05:00,9
2025-11-26 14:28:00+00:00,SELL,MEC-A,2025-11-26 09:28:00-05:00,9
2025-11-26 14:29:00+00:00,SELL,MEC-A,2025-11-26 09:29:00-05:00,9
2025-11-26 14:32:00+00:00,BUY,MEC-A,2025-11-26 09:32:00-05:00,9
2025-11-26 14:34:00+00:00,BUY,MEC-A,2025-11-26 09:34:00-05:00,9
2025-11-26 14:40:00+00:00,BUY,MEC-A,2025-11-26 09:40:00-05:00,9
2025-11-26 14:47:00+00:00,BUY,MEC-A,2025-11-26 09:47:00-05:00,9
2025-11-26 14:49:00+00:00,BUY,MEC-A,2025-11-26 09:49:00-05:00,9
2025-11-26 14:57:00+00:00,SELL,MEC-A,2025-11-26 09:57:00-05:00,9
2025-11-26 14:59:00+00:00,SELL,MEC-A,2025-11-26 09:59:00-05:00,9
2025-11-26 15:00:00+00:00,SELL,MEC-A,2025-11-26 10:00:00-05:00,10
2025-11-26 15:16:00+00:00,BUY,MEC-A,2025-11-26 10:16:00-05:00,10
2025-11-26 15:21:00+00:00,BUY,MEC-A,2025-11-26 10:21:00-05:00,10
2025-11-26 15:26:00+00:00,BUY,MEC-A,2025-11-26 10:26:00-05:00,10
2025-11-26 15:30:00+00:00,BUY,MEC-A,2025-11-26 10:30:00-05:00,10
2025-11-26 15:34:00+00:00,BUY,MEC-A,2025-11-26 10:34:00-05:00,10
2025-11-26 15:35:00+00:00,BUY,MEC-A,2025-11-26 10:35:00-05:00,10
2025-11-26 15:40:00+00:00,BUY,MEC-A,2025-11-26 10:40:00-05:00,10
2025-11-26 15:43:00+00:00,BUY,MEC-A,2025-11-26 10:43:00-05:00,10
2025-11-26 15:46:00+00:00,BUY,MEC-A,2025-11-26 10:46:00-05:00,10
2025-11-26 15:47:00+00:00,BUY,MEC-A,2025-11-26 10:47:00-05:00,10
2025-11-26 15:58:00+00:00,BUY,MEC-A,2025-11-26 10:58:00-05:00,10
2025-11-26 18:13:00+00:00,BUY,MEC-A,2025-11-26 13:13:00-05:00,13
2025-11-26 18:17:00+00:00,BUY,MEC-A,2025-11-26 13:17:00-05:00,13
2025-11-26 18:30:00+00:00,SELL,MEC-A,2025-11-26 13:30:00-05:00,13
2025-11-26 18:32:00+00:00,SELL,MEC-A,2025-11-26 13:32:00-05:00,13
2025-11-26 18:34:00+00:00,SELL,MEC-A,2025-11-26 13:34:00-05:00,13
2025-11-26 18:43:00+00:00,SELL,MEC-A,2025-11-26 13:43:00-05:00,13
2025-11-26 18:44:00+00:00,SELL,MEC-A,2025-11-26 13:44:00-05:00,13
2025-11-26 18:52:00+00:00,SELL,MEC-A,2025-11-26 13:52:00-05:00,13
2025-11-26 18:55:00+00:00,BUY,MEC-A,2025-11-26 13:55:00-05:00,13
2025-11-26 18:57:00+00:00,BUY,MEC-A,2025-11-26 13:57:00-05:00,13
2025-11-26 19:00:00+00:00,BUY,MEC-A,2025-11-26 14:00:00-05:00,14
2025-11-26 19:01:00+00:00,BUY,MEC-A,2025-11-26 14:01:00-05:00,14
2025-11-26 19:03:00+00:00,BUY,MEC-A,2025-11-26 14:03:00-05:00,14
2025-11-26 19:07:00+00:00,BUY,MEC-A,2025-11-26 14:07:00-05:00,14
2025-11-26 19:12:00+00:00,BUY,MEC-A,2025-11-26 14:12:00-05:00,14
2025-11-26 19:14:00+00:00,BUY,MEC-A,2025-11-26 14:14:00-05:00,14
2025-11-26 19:15:00+00:00,BUY,MEC-A,2025-11-26 14:15:00-05:00,14
2025-11-26 19:19:00+00:00,BUY,MEC-A,2025-11-26 14:19:00-05:00,14
2025-11-26 19:20:00+00:00,BUY,MEC-A,2025-11-26 14:20:00-05:00,14
2025-11-26 19:21:00+00:00,BUY,MEC-A,2025-11-26 14:21:00-05:00,14
2025-11-26 19:25:00+00:00,BUY,MEC-A,2025-11-26 14:25:00-05:00,14
2025-11-26 19:28:00+00:00,SELL,MEC-A,2025-11-26 14:28:00-05:00,14
2025-11-26 19:40:00+00:00,SELL,MEC-A,2025-11-26 14:40:00-05:00,14
2025-11-26 19:43:00+00:00,SELL,MEC-A,2025-11-26 14:43:00-05:00,14
2025-11-26 19:48:00+00:00,SELL,MEC-A,2025-11-26 14:48:00-05:00,14
2025-11-26 19:53:00+00:00,SELL,MEC-A,2025-11-26 14:53:00-05:00,14
2025-11-26 19:54:00+00:00,SELL,MEC-A,2025-11-26 14:54:00-05:00,14
2025-11-26 19:56:00+00:00,SELL,MEC-A,2025-11-26 14:56:00-05:00,14
2025-11-26 20:00:00+00:00,SELL,MEC-A,2025-11-26 15:00:00-05:00,15
2025-11-26 20:08:00+00:00,BUY,MEC-A,2025-11-26 15:08:00-05:00,15
2025-11-26 20:13:00+00:00,BUY,MEC-A,2025-11-26 15:13:00-05:00,15
2025-11-26 20:15:00+00:00,BUY,MEC-A,2025-11-26 15:15:00-05:00,15
2025-11-26 20:17:00+00:00,BUY,MEC-A,2025-11-26 15:17:00-05:00,15
2025-11-26 20:20:00+00:00,BUY,MEC-A,2025-11-26 15:20:00-05:00,15
2025-11-26 20:22:00+00:00,BUY,MEC-A,2025-11-26 15:22:00-05:00,15
2025-11-26 20:24:00+00:00,BUY,MEC-A,2025-11-26 15:24:00-05:00,15
2025-11-26 20:40:00+00:00,BUY,MEC-A,2025-11-26 15:40:00-05:00,15
2025-11-26 20:42:00+00:00,BUY,MEC-A,2025-11-26 15:42:00-05:00,15
2025-11-26 20:43:00+00:00,BUY,MEC-A,2025-11-26 15:43:00-05:00,15
2025-11-26 20:46:00+00:00,BUY,MEC-A,2025-11-26 15:46:00-05:00,15
2025-11-26 20:47:00+00:00,SELL,MEC-A,2025-11-26 15:47:00-05:00,15
2025-11-26 20:48:00+00:00,SELL,MEC-A,2025-11-26 15:48:00-05:00,15
2025-11-26 20:51:00+00:00,SELL,MEC-A,2025-11-26 15:51:00-05:00,15
2025-11-26 20:54:00+00:00,SELL,MEC-A,2025-11-26 15:54:00-05:00,15
2025-11-26 20:57:00+00:00,SELL,MEC-A,2025-11-26 15:57:00-05:00,15
2025-11-26 21:00:00+00:00,SELL,MEC-A,2025-11-26 16:00:00-05:00,16
2025-11-26 21:05:00+00:00,SELL,MEC-A,2025-11-26 16:05:00-05:00,16
2025-11-26 21:16:00+00:00,SELL,MEC-A,2025-11-26 16:16:00-05:00,16
2025-11-26 21:22:00+00:00,SELL,MEC-A,2025-11-26 16:22:00-05:00,16
2025-11-26 21:27:00+00:00,BUY,MEC-A,2025-11-26 16:27:00-05:00,16
2025-11-26 21:29:00+00:00,BUY,MEC-A,2025-11-26 16:29:00-05:00,16
2025-11-26 21:31:00+00:00,BUY,MEC-A,2025-11-26 16:31:00-05:00,16
2025-11-26 21:34:00+00:00,BUY,MEC-A,2025-11-26 16:34:00-05:00,16
2025-11-26 21:35:00+00:00,BUY,MEC-A,2025-11-26 16:35:00-05:00,16
2025-11-26 21:36:00+00:00,BUY,MEC-A,2025-11-26 16:36:00-05:00,16
2025-11-26 21:39:00+00:00,BUY,MEC-A,2025-11-26 16:39:00-05:00,16
2025-11-26 21:44:00+00:00,BUY,MEC-A,2025-11-26 16:44:00-05:00,16
2025-11-26 21:46:00+00:00,BUY,MEC-A,2025-11-26 16:46:00-05:00,16
2025-11-26 21:53:00+00:00,BUY,MEC-A,2025-11-26 16:53:00-05:00,16
2025-11-26 23:05:00+00:00,BUY,MEC-A,2025-11-26 18:05:00-05:00,18
2025-11-26 23:06:00+00:00,BUY,MEC-A,2025-11-26 18:06:00-05:00,18
2025-11-26 23:07:00+00:00,BUY,MEC-A,2025-11-26 18:07:00-05:00,18
2025-11-26 23:09:00+00:00,BUY,MEC-A,2025-11-26 18:09:00-05:00,18
2025-11-26 23:12:00+00:00,BUY,MEC-A,2025-11-26 18:12:00-05:00,18
2025-11-26 23:15:00+00:00,BUY,MEC-A,2025-11-26 18:15:00-05:00,18
2025-11-26 23:17:00+00:00,BUY,MEC-A,2025-11-26 18:17:00-05:00,18
2025-11-26 23:20:00+00:00,BUY,MEC-A,2025-11-26 18:20:00-05:00,18
2025-11-26 23:25:00+00:00,SELL,MEC-A,2025-11-26 18:25:00-05:00,18
2025-11-26 23:27:00+00:00,SELL,MEC-A,2025-11-26 18:27:00-05:00,18
2025-11-26 23:30:00+00:00,SELL,MEC-A,2025-11-26 18:30:00-05:00,18
2025-11-26 23:32:00+00:00,SELL,MEC-A,2025-11-26 18:32:00-05:00,18
2025-11-26 23:35:00+00:00,SELL,MEC-A,2025-11-26 18:35:00-05:00,18
2025-11-26 23:37:00+00:00,SELL,MEC-A,2025-11-26 18:37:00-05:00,18
2025-11-26 23:39:00+00:00,SELL,MEC-A,2025-11-26 18:39:00-05:00,18
2025-11-26 23:46:00+00:00,SELL,MEC-A,2025-11-26 18:46:00-05:00,18
2025-11-26 23:50:00+00:00,SELL,MEC-A,2025-11-26 18:50:00-05:00,18
2025-11-26 23:57:00+00:00,SELL,MEC-A,2025-11-26 18:57:00-05:00,18
2025-11-26 23:59:00+00:00,SELL,MEC-A,2025-11-26 18:59:00-05:00,18
2025-11-27 00:02:00+00:00,SELL,MEC-A,2025-11-26 19:02:00-05:00,19
2025-11-27 00:05:00+00:00,SELL,MEC-A,2025-11-26 19:05:00-05:00,19
2025-11-27 00:11:00+00:00,SELL,MEC-A,2025-11-26 19:11:00-05:00,19
2025-11-27 00:13:00+00:00,SELL,MEC-A,2025-11-26 19:13:00-05:00,19
2025-11-27 00:18:00+00:00,SELL,MEC-A,2025-11-26 19:18:00-05:00,19
2025-11-27 00:32:00+00:00,SELL,MEC-A,2025-11-26 19:32:00-05:00,19
2025-11-27 00:33:00+00:00,SELL,MEC-A,2025-11-26 19:33:00-05:00,19
2025-11-27 00:36:00+00:00,SELL,MEC-A,2025-11-26 19:36:00-05:00,19
2025-11-27 00:41:00+00:00,SELL,MEC-A,2025-11-26 19:41:00-05:00,19
2025-11-27 00:45:00+00:00,SELL,MEC-A,2025-11-26 19:45:00-05:00,19
2025-11-27 00:46:00+00:00,SELL,MEC-A,2025-11-26 19:46:00-05:00,19
2025-11-27 00:48:00+00:00,SELL,MEC-A,2025-11-26 19:48:00-05:00,19
2025-11-27 00:52:00+00:00,SELL,MEC-A,2025-11-26 19:52:00-05:00,19
2025-11-27 00:56:00+00:00,SELL,MEC-A,2025-11-26 19:56:00-05:00,19
2025-11-27 00:57:00+00:00,BUY,MEC-A,2025-11-26 19:57:00-05:00,19
2025-11-27 01:04:00+00:00,SELL,MEC-A,2025-11-26 20:04:00-05:00,20
2025-11-27 01:05:00+00:00,SELL,MEC-A,2025-11-26 20:05:00-05:00,20
2025-11-27 01:08:00+00:00,SELL,MEC-A,2025-11-26 20:08:00-05:00,20
2025-11-27 01:09:00+00:00,SELL,MEC-A,2025-11-26 20:09:00-05:00,20
2025-11-27 01:12:00+00:00,SELL,MEC-A,2025-11-26 20:12:00-05:00,20
2025-11-27 01:13:00+00:00,SELL,MEC-A,2025-11-26 20:13:00-05:00,20
2025-11-27 01:16:00+00:00,SELL,MEC-A,2025-11-26 20:16:00-05:00,20
2025-11-27 01:17:00+00:00,SELL,MEC-A,2025-11-26 20:17:00-05:00,20
2025-11-27 01:19:00+00:00,SELL,MEC-A,2025-11-26 20:19:00-05:00,20
2025-11-27 01:24:00+00:00,SELL,MEC-A,2025-11-26 20:24:00-05:00,20
2025-11-27 01:25:00+00:00,SELL,MEC-A,2025-11-26 20:25:00-05:00,20
2025-11-27 01:33:00+00:00,SELL,MEC-A,2025-11-26 20:33:00-05:00,20
2025-11-27 01:38:00+00:00,SELL,MEC-A,2025-11-26 20:38:00-05:00,20
2025-11-27 01:41:00+00:00,SELL,MEC-A,2025-11-26 20:41:00-05:00,20
2025-11-27 01:44:00+00:00,SELL,MEC-A,2025-11-26 20:44:00-05:00,20
2025-11-27 01:49:00+00:00,SELL,MEC-A,2025-11-26 20:49:00-05:00,20
2025-11-27 01:51:00+00:00,SELL,MEC-A,2025-11-26 20:51:00-05:00,20
2025-11-27 01:53:00+00:00,SELL,MEC-A,2025-11-26 20:53:00-05:00,20
2025-11-27 01:59:00+00:00,BUY,MEC-A,2025-11-26 20:59:00-05:00,20
2025-11-27 02:03:00+00:00,BUY,MEC-A,2025-11-26 21:03:00-05:00,21
2025-11-27 02:05:00+00:00,BUY,MEC-A,2025-11-26 21:05:00-05:00,21
2025-11-27 02:08:00+00:00,BUY,MEC-A,2025-11-26 21:08:00-05:00,21
2025-11-27 02:26:00+00:00,SELL,MEC-A,2025-11-26 21:26:00-05:00,21
2025-11-27 02:30:00+00:00,SELL,MEC-A,2025-11-26 21:30:00-05:00,21
2025-11-27 02:31:00+00:00,SELL,MEC-A,2025-11-26 21:31:00-05:00,21
2025-11-27 02:37:00+00:00,BUY,MEC-A,2025-11-26 21:37:00-05:00,21
2025-11-27 02:49:00+00:00,SELL,MEC-A,2025-11-26 21:49:00-05:00,21
2025-11-27 02:53:00+00:00,SELL,MEC-A,2025-11-26 21:53:00-05:00,21
2025-11-27 02:54:00+00:00,SELL,MEC-A,2025-11-26 21:54:00-05:00,21
2025-11-27 02:55:00+00:00,SELL,MEC-A,2025-11-26 21:55:00-05:00,21
2025-11-27 03:02:00+00:00,SELL,MEC-A,2025-11-26 22:02:00-05:00,22
2025-11-27 03:08:00+00:00,SELL,MEC-A,2025-11-26 22:08:00-05:00,22
2025-11-27 03:14:00+00:00,SELL,MEC-A,2025-11-26 22:14:00-05:00,22
2025-11-27 03:19:00+00:00,BUY,MEC-A,2025-11-26 22:19:00-05:00,22
2025-11-27 03:21:00+00:00,BUY,MEC-A,2025-11-26 22:21:00-05:00,22
2025-11-27 03:30:00+00:00,SELL,MEC-A,2025-11-26 22:30:00-05:00,22
2025-11-27 03:39:00+00:00,SELL,MEC-A,2025-11-26 22:39:00-05:00,22
2025-11-27 03:45:00+00:00,SELL,MEC-A,2025-11-26 22:45:00-05:00,22
2025-11-27 04:01:00+00:00,SELL,MEC-A,2025-11-26 23:01:00-05:00,23
2025-11-27 04:03:00+00:00,SELL,MEC-A,2025-11-26 23:03:00-05:00,23
2025-11-27 04:07:00+00:00,SELL,MEC-A,2025-11-26 23:07:00-05:00,23
2025-11-27 04:27:00+00:00,BUY,MEC-A,2025-11-26 23:27:00-05:00,23
2025-11-27 04:29:00+00:00,BUY,MEC-A,2025-11-26 23:29:00-05:00,23
2025-11-27 04:30:00+00:00,BUY,MEC-A,2025-11-26 23:30:00-05:00,23
2025-11-27 04:31:00+00:00,BUY,MEC-A,2025-11-26 23:31:00-05:00,23
2025-11-27 04:32:00+00:00,BUY,MEC-A,2025-11-26 23:32:00-05:00,23
2025-11-27 04:35:00+00:00,BUY,MEC-A,2025-11-26 23:35:00-05:00,23
2025-11-27 04:38:00+00:00,BUY,MEC-A,2025-11-26 23:38:00-05:00,23
2025-11-27 04:39:00+00:00,BUY,MEC-A,2025-11-26 23:39:00-05:00,23
2025-11-27 04:46:00+00:00,BUY,MEC-A,2025-11-26 23:46:00-05:00,23
2025-11-27 04:47:00+00:00,BUY,MEC-A,2025-11-26 23:47:00-05:00,23
2025-11-27 04:52:00+00:00,SELL,MEC-A,2025-11-26 23:52:00-05:00,23
2025-11-27 04:54:00+00:00,SELL,MEC-A,2025-11-26 23:54:00-05:00,23
2025-11-27 04:57:00+00:00,SELL,MEC-A,2025-11-26 23:57:00-05:00,23
2025-11-27 05:10:00+00:00,BUY,MEC-A,2025-11-27 00:10:00-05:00,0
2025-11-27 05:12:00+00:00,BUY,MEC-A,2025-11-27 00:12:00-05:00,0
2025-11-27 05:20:00+00:00,SELL,MEC-A,2025-11-27 00:20:00-05:00,0
2025-11-27 05:33:00+00:00,SELL,MEC-A,2025-11-27 00:33:00-05:00,0
2025-11-27 05:36:00+00:00,SELL,MEC-A,2025-11-27 00:36:00-05:00,0
2025-11-27 05:40:00+00:00,SELL,MEC-A,2025-11-27 00:40:00-05:00,0
2025-11-27 05:43:00+00:00,SELL,MEC-A,2025-11-27 00:43:00-05:00,0
2025-11-27 05:44:00+00:00,SELL,MEC-A,2025-11-27 00:44:00-05:00,0
2025-11-27 05:47:00+00:00,SELL,MEC-A,2025-11-27 00:47:00-05:00,0
2025-11-27 05:49:00+00:00,SELL,MEC-A,2025-11-27 00:49:00-05:00,0
2025-11-27 05:55:00+00:00,SELL,MEC-A,2025-11-27 00:55:00-05:00,0
2025-11-27 05:56:00+00:00,SELL,MEC-A,2025-11-27 00:56:00-05:00,0
2025-11-27 08:19:00+00:00,BUY,MEC-A,2025-11-27 03:19:00-05:00,3
2025-11-27 08:27:00+00:00,BUY,MEC-A,2025-11-27 03:27:00-05:00,3
2025-11-27 08:35:00+00:00,BUY,MEC-A,2025-11-27 03:35:00-05:00,3
2025-11-27 09:01:00+00:00,SELL,MEC-A,2025-11-27 04:01:00-05:00,4
2025-11-27 09:02:00+00:00,SELL,MEC-A,2025-11-27 04:02:00-05:00,4
2025-11-27 09:05:00+00:00,SELL,MEC-A,2025-11-27 04:05:00-05:00,4
2025-11-27 09:12:00+00:00,SELL,MEC-A,2025-11-27 04:12:00-05:00,4
2025-11-27 09:16:00+00:00,SELL,MEC-A,2025-11-27 04:16:00-05:00,4
2025-11-27 09:17:00+00:00,SELL,MEC-A,2025-11-27 04:17:00-05:00,4
2025-11-27 09:18:00+00:00,SELL,MEC-A,2025-11-27 04:18:00-05:00,4
2025-11-27 09:22:00+00:00,SELL,MEC-A,2025-11-27 04:22:00-05:00,4
2025-11-27 09:23:00+00:00,SELL,MEC-A,2025-11-27 04:23:00-05:00,4
2025-11-27 09:29:00+00:00,SELL,MEC-A,2025-11-27 04:29:00-05:00,4
2025-11-27 09:30:00+00:00,SELL,MEC-A,2025-11-27 04:30:00-05:00,4
2025-11-27 09:33:00+00:00,SELL,MEC-A,2025-11-27 04:33:00-05:00,4
2025-11-27 09:37:00+00:00,SELL,MEC-A,2025-11-27 04:37:00-05:00,4
2025-11-27 09:42:00+00:00,BUY,MEC-A,2025-11-27 04:42:00-05:00,4
2025-11-27 09:47:00+00:00,BUY,MEC-A,2025-11-27 04:47:00-05:00,4
2025-11-27 09:51:00+00:00,BUY,MEC-A,2025-11-27 04:51:00-05:00,4
2025-11-27 09:52:00+00:00,BUY,MEC-A,2025-11-27 04:52:00-05:00,4
2025-11-27 09:54:00+00:00,BUY,MEC-A,2025-11-27 04:54:00-05:00,4
2025-11-27 09:56:00+00:00,BUY,MEC-A,2025-11-27 04:56:00-05:00,4
2025-11-27 09:57:00+00:00,BUY,MEC-A,2025-11-27 04:57:00-05:00,4
2025-11-27 10:04:00+00:00,BUY,MEC-A,2025-11-27 05:04:00-05:00,5
2025-11-27 10:05:00+00:00,BUY,MEC-A,2025-11-27 05:05:00-05:00,5
2025-11-27 10:29:00+00:00,SELL,MEC-A,2025-11-27 05:29:00-05:00,5
2025-11-27 10:48:00+00:00,SELL,MEC-A,2025-11-27 05:48:00-05:00,5
2025-11-27 10:49:00+00:00,SELL,MEC-A,2025-11-27 05:49:00-05:00,5
2025-11-27 10:56:00+00:00,BUY,MEC-A,2025-11-27 05:56:00-05:00,5
2025-11-27 10:58:00+00:00,BUY,MEC-A,2025-11-27 05:58:00-05:00,5
2025-11-27 12:01:00+00:00,BUY,MEC-A,2025-11-27 07:01:00-05:00,7
2025-11-27 12:04:00+00:00,BUY,MEC-A,2025-11-27 07:04:00-05:00,7
2025-11-27 12:22:00+00:00,BUY,MEC-A,2025-11-27 07:22:00-05:00,7
2025-11-27 12:41:00+00:00,SELL,MEC-A,2025-11-27 07:41:00-05:00,7
2025-11-27 12:42:00+00:00,SELL,MEC-A,2025-11-27 07:42:00-05:00,7
2025-11-27 12:59:00+00:00,SELL,MEC-A,2025-11-27 07:59:00-05:00,7
2025-11-27 13:01:00+00:00,SELL,MEC-A,2025-11-27 08:01:00-05:00,8
2025-11-27 13:04:00+00:00,SELL,MEC-A,2025-11-27 08:04:00-05:00,8
2025-11-27 13:06:00+00:00,SELL,MEC-A,2025-11-27 08:06:00-05:00,8
2025-11-27 13:07:00+00:00,SELL,MEC-A,2025-11-27 08:07:00-05:00,8
2025-11-27 13:08:00+00:00,SELL,MEC-A,2025-11-27 08:08:00-05:00,8
2025-11-27 13:13:00+00:00,SELL,MEC-A,2025-11-27 08:13:00-05:00,8
2025-11-27 13:22:00+00:00,SELL,MEC-A,2025-11-27 08:22:00-05:00,8
2025-11-27 13:25:00+00:00,SELL,MEC-A,2025-11-27 08:25:00-05:00,8
2025-11-27 13:27:00+00:00,SELL,MEC-A,2025-11-27 08:27:00-05:00,8
2025-11-27 13:28:00+00:00,SELL,MEC-A,2025-11-27 08:28:00-05:00,8
2025-11-27 13:31:00+00:00,BUY,MEC-A,2025-11-27 08:31:00-05:00,8
2025-11-27 13:34:00+00:00,BUY,MEC-A,2025-11-27 08:34:00-05:00,8
2025-11-27 13:45:00+00:00,SELL,MEC-A,2025-11-27 08:45:00-05:00,8
2025-11-27 13:51:00+00:00,SELL,MEC-A,2025-11-27 08:51:00-05:00,8
2025-11-27 13:55:00+00:00,SELL,MEC-A,2025-11-27 08:55:00-05:00,8
2025-11-27 13:56:00+00:00,SELL,MEC-A,2025-11-27 08:56:00-05:00,8
2025-11-27 14:00:00+00:00,SELL,MEC-A,2025-11-27 09:00:00-05:00,9
2025-11-27 14:08:00+00:00,BUY,MEC-A,2025-11-27 09:08:00-05:00,9
2025-11-27 14:10:00+00:00,BUY,MEC-A,2025-11-27 09:10:00-05:00,9
2025-11-27 14:14:00+00:00,BUY,MEC-A,2025-11-27 09:14:00-05:00,9
2025-11-27 14:23:00+00:00,BUY,MEC-A,2025-11-27 09:23:00-05:00,9
2025-11-27 14:26:00+00:00,BUY,MEC-A,2025-11-27 09:26:00-05:00,9
2025-11-27 14:42:00+00:00,SELL,MEC-A,2025-11-27 09:42:00-05:00,9
2025-11-27 14:46:00+00:00,SELL,MEC-A,2025-11-27 09:46:00-05:00,9
2025-11-27 14:50:00+00:00,SELL,MEC-A,2025-11-27 09:50:00-05:00,9
2025-11-27 14:54:00+00:00,SELL,MEC-A,2025-11-27 09:54:00-05:00,9
2025-11-27 14:59:00+00:00,SELL,MEC-A,2025-11-27 09:59:00-05:00,9
2025-11-27 15:08:00+00:00,BUY,MEC-A,2025-11-27 10:08:00-05:00,10
2025-11-27 15:13:00+00:00,BUY,MEC-A,2025-11-27 10:13:00-05:00,10
2025-11-27 15:17:00+00:00,BUY,MEC-A,2025-11-27 10:17:00-05:00,10
2025-11-27 15:21:00+00:00,BUY,MEC-A,2025-11-27 10:21:00-05:00,10
2025-11-27 15:25:00+00:00,BUY,MEC-A,2025-11-27 10:25:00-05:00,10
2025-11-27 15:26:00+00:00,BUY,MEC-A,2025-11-27 10:26:00-05:00,10
2025-11-27 15:41:00+00:00,BUY,MEC-A,2025-11-27 10:41:00-05:00,10
2025-11-27 15:43:00+00:00,BUY,MEC-A,2025-11-27 10:43:00-05:00,10
2025-11-27 15:45:00+00:00,BUY,MEC-A,2025-11-27 10:45:00-05:00,10
2025-11-27 16:01:00+00:00,SELL,MEC-A,2025-11-27 11:01:00-05:00,11
2025-11-27 16:02:00+00:00,SELL,MEC-A,2025-11-27 11:02:00-05:00,11
2025-11-27 16:03:00+00:00,SELL,MEC-A,2025-11-27 11:03:00-05:00,11
2025-11-27 16:05:00+00:00,SELL,MEC-A,2025-11-27 11:05:00-05:00,11
2025-11-27 16:06:00+00:00,SELL,MEC-A,2025-11-27 11:06:00-05:00,11
2025-11-27 16:11:00+00:00,SELL,MEC-A,2025-11-27 11:11:00-05:00,11
2025-11-27 16:12:00+00:00,SELL,MEC-A,2025-11-27 11:12:00-05:00,11
2025-11-27 16:23:00+00:00,SELL,MEC-A,2025-11-27 11:23:00-05:00,11
2025-11-27 16:26:00+00:00,SELL,MEC-A,2025-11-27 11:26:00-05:00,11
2025-11-27 16:28:00+00:00,SELL,MEC-A,2025-11-27 11:28:00-05:00,11
2025-11-27 16:48:00+00:00,BUY,MEC-A,2025-11-27 11:48:00-05:00,11
2025-11-27 16:50:00+00:00,BUY,MEC-A,2025-11-27 11:50:00-05:00,11
2025-11-27 16:56:00+00:00,BUY,MEC-A,2025-11-27 11:56:00-05:00,11
2025-11-27 16:58:00+00:00,BUY,MEC-A,2025-11-27 11:58:00-05:00,11
2025-11-27 17:03:00+00:00,BUY,MEC-A,2025-11-27 12:03:00-05:00,12
2025-11-27 17:12:00+00:00,SELL,MEC-A,2025-11-27 12:12:00-05:00,12
2025-11-27 17:16:00+00:00,SELL,MEC-A,2025-11-27 12:16:00-05:00,12
2025-11-27 17:19:00+00:00,SELL,MEC-A,2025-11-27 12:19:00-05:00,12
2025-11-27 17:23:00+00:00,SELL,MEC-A,2025-11-27 12:23:00-05:00,12
2025-11-27 17:29:00+00:00,BUY,MEC-A,2025-11-27 12:29:00-05:00,12
2025-11-27 17:31:00+00:00,BUY,MEC-A,2025-11-27 12:31:00-05:00,12
2025-11-27 17:34:00+00:00,BUY,MEC-A,2025-11-27 12:34:00-05:00,12
2025-11-27 17:35:00+00:00,BUY,MEC-A,2025-11-27 12:35:00-05:00,12
2025-11-27 17:47:00+00:00,BUY,MEC-A,2025-11-27 12:47:00-05:00,12
2025-11-27 17:49:00+00:00,BUY,MEC-A,2025-11-27 12:49:00-05:00,12
2025-11-27 17:50:00+00:00,BUY,MEC-A,2025-11-27 12:50:00-05:00,12
2025-11-27 17:53:00+00:00,BUY,MEC-A,2025-11-27 12:53:00-05:00,12
2025-11-27 18:05:00+00:00,BUY,MEC-A,2025-11-27 13:05:00-05:00,13
2025-11-27 18:11:00+00:00,SELL,MEC-A,2025-11-27 13:11:00-05:00,13
2025-11-27 18:17:00+00:00,SELL,MEC-A,2025-11-27 13:17:00-05:00,13
2025-11-27 18:24:00+00:00,SELL,MEC-A,2025-11-27 13:24:00-05:00,13
2025-11-27 18:28:00+00:00,SELL,MEC-A,2025-11-27 13:28:00-05:00,13
2025-11-27 18:50:00+00:00,BUY,MEC-A,2025-11-27 13:50:00-05:00,13
2025-11-27 18:52:00+00:00,BUY,MEC-A,2025-11-27 13:52:00-05:00,13
2025-11-27 18:53:00+00:00,BUY,MEC-A,2025-11-27 13:53:00-05:00,13
2025-11-27 18:54:00+00:00,BUY,MEC-A,2025-11-27 13:54:00-05:00,13
2025-11-27 19:00:00+00:00,BUY,MEC-A,2025-11-27 14:00:00-05:00,14
2025-11-27 19:04:00+00:00,BUY,MEC-A,2025-11-27 14:04:00-05:00,14
2025-11-27 19:06:00+00:00,BUY,MEC-A,2025-11-27 14:06:00-05:00,14
2025-11-27 19:08:00+00:00,BUY,MEC-A,2025-11-27 14:08:00-05:00,14
2025-11-27 19:24:00+00:00,SELL,MEC-A,2025-11-27 14:24:00-05:00,14
2025-11-27 19:27:00+00:00,SELL,MEC-A,2025-11-27 14:27:00-05:00,14
2025-11-27 19:28:00+00:00,SELL,MEC-A,2025-11-27 14:28:00-05:00,14
2025-11-28 00:01:00+00:00,BUY,MEC-A,2025-11-27 19:01:00-05:00,19
2025-11-28 00:03:00+00:00,BUY,MEC-A,2025-11-27 19:03:00-05:00,19
2025-11-28 00:04:00+00:00,BUY,MEC-A,2025-11-27 19:04:00-05:00,19
2025-11-28 00:06:00+00:00,BUY,MEC-A,2025-11-27 19:06:00-05:00,19
2025-11-28 00:07:00+00:00,BUY,MEC-A,2025-11-27 19:07:00-05:00,19
2025-11-28 00:16:00+00:00,BUY,MEC-A,2025-11-27 19:16:00-05:00,19
2025-11-28 00:17:00+00:00,BUY,MEC-A,2025-11-27 19:17:00-05:00,19
2025-11-28 00:23:00+00:00,BUY,MEC-A,2025-11-27 19:23:00-05:00,19
2025-11-28 00:28:00+00:00,BUY,MEC-A,2025-11-27 19:28:00-05:00,19
2025-11-28 00:30:00+00:00,BUY,MEC-A,2025-11-27 19:30:00-05:00,19
2025-11-28 00:33:00+00:00,BUY,MEC-A,2025-11-27 19:33:00-05:00,19
2025-11-28 00:34:00+00:00,BUY,MEC-A,2025-11-27 19:34:00-05:00,19
2025-11-28 00:37:00+00:00,BUY,MEC-A,2025-11-27 19:37:00-05:00,19
2025-11-28 00:38:00+00:00,BUY,MEC-A,2025-11-27 19:38:00-05:00,19
2025-11-28 00:41:00+00:00,BUY,MEC-A,2025-11-27 19:41:00-05:00,19
2025-11-28 00:45:00+00:00,BUY,MEC-A,2025-11-27 19:45:00-05:00,19
2025-11-28 00:47:00+00:00,BUY,MEC-A,2025-11-27 19:47:00-05:00,19
2025-11-28 00:49:00+00:00,BUY,MEC-A,2025-11-27 19:49:00-05:00,19
2025-11-28 00:52:00+00:00,BUY,MEC-A,2025-11-27 19:52:00-05:00,19
2025-11-28 00:54:00+00:00,BUY,MEC-A,2025-11-27 19:54:00-05:00,19
2025-11-28 00:57:00+00:00,BUY,MEC-A,2025-11-27 19:57:00-05:00,19
2025-11-28 01:00:00+00:00,BUY,MEC-A,2025-11-27 20:00:00-05:00,20
2025-11-28 01:02:00+00:00,BUY,MEC-A,2025-11-27 20:02:00-05:00,20
2025-11-28 01:04:00+00:00,BUY,MEC-A,2025-11-27 20:04:00-05:00,20
2025-11-28 01:08:00+00:00,BUY,MEC-A,2025-11-27 20:08:00-05:00,20
2025-11-28 01:12:00+00:00,BUY,MEC-A,2025-11-27 20:12:00-05:00,20
2025-11-28 01:25:00+00:00,BUY,MEC-A,2025-11-27 20:25:00-05:00,20
2025-11-28 01:38:00+00:00,BUY,MEC-A,2025-11-27 20:38:00-05:00,20
2025-11-28 01:39:00+00:00,BUY,MEC-A,2025-11-27 20:39:00-05:00,20
2025-11-28 01:40:00+00:00,BUY,MEC-A,2025-11-27 20:40:00-05:00,20
2025-11-28 01:42:00+00:00,BUY,MEC-A,2025-11-27 20:42:00-05:00,20
2025-11-28 01:44:00+00:00,BUY,MEC-A,2025-11-27 20:44:00-05:00,20
2025-11-28 01:49:00+00:00,BUY,MEC-A,2025-11-27 20:49:00-05:00,20
2025-11-28 01:57:00+00:00,SELL,MEC-A,2025-11-27 20:57:00-05:00,20
2025-11-28 02:00:00+00:00,SELL,MEC-A,2025-11-27 21:00:00-05:00,21
2025-11-28 02:07:00+00:00,SELL,MEC-A,2025-11-27 21:07:00-05:00,21
2025-11-28 02:09:00+00:00,SELL,MEC-A,2025-11-27 21:09:00-05:00,21
2025-11-28 02:10:00+00:00,SELL,MEC-A,2025-11-27 21:10:00-05:00,21
2025-11-28 02:12:00+00:00,SELL,MEC-A,2025-11-27 21:12:00-05:00,21
2025-11-28 02:15:00+00:00,SELL,MEC-A,2025-11-27 21:15:00-05:00,21
2025-11-28 02:25:00+00:00,BUY,MEC-A,2025-11-27 21:25:00-05:00,21
2025-11-28 02:36:00+00:00,SELL,MEC-A,2025-11-27 21:36:00-05:00,21
2025-11-28 03:00:00+00:00,BUY,MEC-A,2025-11-27 22:00:00-05:00,22
2025-11-28 03:03:00+00:00,BUY,MEC-A,2025-11-27 22:03:00-05:00,22
2025-11-28 03:11:00+00:00,SELL,MEC-A,2025-11-27 22:11:00-05:00,22
2025-11-28 03:16:00+00:00,SELL,MEC-A,2025-11-27 22:16:00-05:00,22
2025-11-28 03:31:00+00:00,BUY,MEC-A,2025-11-27 22:31:00-05:00,22
2025-11-28 03:33:00+00:00,BUY,MEC-A,2025-11-27 22:33:00-05:00,22
2025-11-28 03:40:00+00:00,SELL,MEC-A,2025-11-27 22:40:00-05:00,22
2025-11-28 03:41:00+00:00,SELL,MEC-A,2025-11-27 22:41:00-05:00,22
2025-11-28 03:42:00+00:00,SELL,MEC-A,2025-11-27 22:42:00-05:00,22
2025-11-28 03:53:00+00:00,BUY,MEC-A,2025-11-27 22:53:00-05:00,22
2025-11-28 04:04:00+00:00,BUY,MEC-A,2025-11-27 23:04:00-05:00,23
2025-11-28 04:08:00+00:00,BUY,MEC-A,2025-11-27 23:08:00-05:00,23
2025-11-28 04:47:00+00:00,BUY,MEC-A,2025-11-27 23:47:00-05:00,23
2025-11-28 04:49:00+00:00,BUY,MEC-A,2025-11-27 23:49:00-05:00,23
2025-11-28 04:50:00+00:00,BUY,MEC-A,2025-11-27 23:50:00-05:00,23
2025-11-28 05:00:00+00:00,BUY,MEC-A,2025-11-28 00:00:00-05:00,0
2025-11-28 05:03:00+00:00,SELL,MEC-A,2025-11-28 00:03:00-05:00,0
2025-11-28 05:05:00+00:00,SELL,MEC-A,2025-11-28 00:05:00-05:00,0
2025-11-28 05:22:00+00:00,SELL,MEC-A,2025-11-28 00:22:00-05:00,0
2025-11-28 05:23:00+00:00,SELL,MEC-A,2025-11-28 00:23:00-05:00,0
2025-11-28 05:27:00+00:00,SELL,MEC-A,2025-11-28 00:27:00-05:00,0
2025-11-28 05:30:00+00:00,SELL,MEC-A,2025-11-28 00:30:00-05:00,0
2025-11-28 05:51:00+00:00,SELL,MEC-A,2025-11-28 00:51:00-05:00,0
2025-11-28 05:52:00+00:00,SELL,MEC-A,2025-11-28 00:52:00-05:00,0
2025-11-28 05:57:00+00:00,SELL,MEC-A,2025-11-28 00:57:00-05:00,0
2025-11-28 05:59:00+00:00,SELL,MEC-A,2025-11-28 00:59:00-05:00,0
2025-11-28 06:02:00+00:00,SELL,MEC-A,2025-11-28 01:02:00-05:00,1
2025-11-28 06:07:00+00:00,SELL,MEC-A,2025-11-28 01:07:00-05:00,1
2025-11-28 06:21:00+00:00,BUY,MEC-A,2025-11-28 01:21:00-05:00,1
2025-11-28 06:30:00+00:00,BUY,MEC-A,2025-11-28 01:30:00-05:00,1
2025-11-28 06:42:00+00:00,BUY,MEC-A,2025-11-28 01:42:00-05:00,1
2025-11-28 06:43:00+00:00,BUY,MEC-A,2025-11-28 01:43:00-05:00,1
2025-11-28 06:54:00+00:00,SELL,MEC-A,2025-11-28 01:54:00-05:00,1
2025-11-28 07:06:00+00:00,SELL,MEC-A,2025-11-28 02:06:00-05:00,2
2025-11-28 07:07:00+00:00,SELL,MEC-A,2025-11-28 02:07:00-05:00,2
2025-11-28 07:14:00+00:00,SELL,MEC-A,2025-11-28 02:14:00-05:00,2
2025-11-28 07:21:00+00:00,SELL,MEC-A,2025-11-28 02:21:00-05:00,2
2025-11-28 07:22:00+00:00,SELL,MEC-A,2025-11-28 02:22:00-05:00,2
2025-11-28 07:24:00+00:00,SELL,MEC-A,2025-11-28 02:24:00-05:00,2
2025-11-28 07:25:00+00:00,SELL,MEC-A,2025-11-28 02:25:00-05:00,2
2025-11-28 07:27:00+00:00,SELL,MEC-A,2025-11-28 02:27:00-05:00,2
2025-11-28 07:28:00+00:00,SELL,MEC-A,2025-11-28 02:28:00-05:00,2
2025-11-28 07:30:00+00:00,SELL,MEC-A,2025-11-28 02:30:00-05:00,2
2025-11-28 07:34:00+00:00,SELL,MEC-A,2025-11-28 02:34:00-05:00,2
2025-11-28 07:35:00+00:00,SELL,MEC-A,2025-11-28 02:35:00-05:00,2
2025-11-28 07:37:00+00:00,SELL,MEC-A,2025-11-28 02:37:00-05:00,2
2025-11-28 07:39:00+00:00,SELL,MEC-A,2025-11-28 02:39:00-05:00,2
2025-11-28 07:42:00+00:00,SELL,MEC-A,2025-11-28 02:42:00-05:00,2
2025-11-28 07:43:00+00:00,SELL,MEC-A,2025-11-28 02:43:00-05:00,2
2025-11-28 07:46:00+00:00,SELL,MEC-A,2025-11-28 02:46:00-05:00,2
2025-11-28 07:47:00+00:00,SELL,MEC-A,2025-11-28 02:47:00-05:00,2
2025-11-28 07:51:00+00:00,SELL,MEC-A,2025-11-28 02:51:00-05:00,2
2025-11-28 07:52:00+00:00,SELL,MEC-A,2025-11-28 02:52:00-05:00,2
2025-11-28 07:54:00+00:00,SELL,MEC-A,2025-11-28 02:54:00-05:00,2
2025-11-28 07:55:00+00:00,SELL,MEC-A,2025-11-28 02:55:00-05:00,2
2025-11-28 07:56:00+00:00,SELL,MEC-A,2025-11-28 02:56:00-05:00,2
2025-11-28 08:03:00+00:00,SELL,MEC-A,2025-11-28 03:03:00-05:00,3
2025-11-28 08:24:00+00:00,SELL,MEC-A,2025-11-28 03:24:00-05:00,3
2025-11-28 08:26:00+00:00,SELL,MEC-A,2025-11-28 03:26:00-05:00,3
2025-11-28 08:57:00+00:00,BUY,MEC-A,2025-11-28 03:57:00-05:00,3
2025-11-28 09:05:00+00:00,SELL,MEC-A,2025-11-28 04:05:00-05:00,4
2025-11-28 09:12:00+00:00,SELL,MEC-A,2025-11-28 04:12:00-05:00,4
2025-11-28 09:15:00+00:00,SELL,MEC-A,2025-11-28 04:15:00-05:00,4
2025-11-28 09:18:00+00:00,SELL,MEC-A,2025-11-28 04:18:00-05:00,4
2025-11-28 10:01:00+00:00,BUY,MEC-A,2025-11-28 05:01:00-05:00,5
2025-11-28 10:07:00+00:00,BUY,MEC-A,2025-11-28 05:07:00-05:00,5
2025-11-28 10:09:00+00:00,BUY,MEC-A,2025-11-28 05:09:00-05:00,5
2025-11-28 10:10:00+00:00,BUY,MEC-A,2025-11-28 05:10:00-05:00,5
2025-11-28 10:11:00+00:00,BUY,MEC-A,2025-11-28 05:11:00-05:00,5
2025-11-28 10:12:00+00:00,BUY,MEC-A,2025-11-28 05:12:00-05:00,5
2025-11-28 10:15:00+00:00,BUY,MEC-A,2025-11-28 05:15:00-05:00,5
2025-11-28 10:16:00+00:00,BUY,MEC-A,2025-11-28 05:16:00-05:00,5
2025-11-28 10:33:00+00:00,SELL,MEC-A,2025-11-28 05:33:00-05:00,5
2025-11-28 10:51:00+00:00,BUY,MEC-A,2025-11-28 05:51:00-05:00,5
2025-11-28 10:53:00+00:00,SELL,MEC-A,2025-11-28 05:53:00-05:00,5
2025-11-28 10:55:00+00:00,SELL,MEC-A,2025-11-28 05:55:00-05:00,5
2025-11-28 11:00:00+00:00,SELL,MEC-A,2025-11-28 06:00:00-05:00,6
2025-11-28 11:06:00+00:00,BUY,MEC-A,2025-11-28 06:06:00-05:00,6
2025-11-28 11:07:00+00:00,BUY,MEC-A,2025-11-28 06:07:00-05:00,6
2025-11-28 11:11:00+00:00,BUY,MEC-A,2025-11-28 06:11:00-05:00,6
2025-11-28 11:17:00+00:00,BUY,MEC-A,2025-11-28 06:17:00-05:00,6
2025-11-28 11:20:00+00:00,BUY,MEC-A,2025-11-28 06:20:00-05:00,6
2025-11-28 11:23:00+00:00,BUY,MEC-A,2025-11-28 06:23:00-05:00,6
2025-11-28 11:24:00+00:00,BUY,MEC-A,2025-11-28 06:24:00-05:00,6
2025-11-28 11:25:00+00:00,BUY,MEC-A,2025-11-28 06:25:00-05:00,6
2025-11-28 11:49:00+00:00,SELL,MEC-A,2025-11-28 06:49:00-05:00,6
2025-11-28 11:59:00+00:00,SELL,MEC-A,2025-11-28 06:59:00-05:00,6
2025-11-28 12:00:00+00:00,SELL,MEC-A,2025-11-28 07:00:00-05:00,7
2025-11-28 12:04:00+00:00,SELL,MEC-A,2025-11-28 07:04:00-05:00,7
2025-11-28 12:09:00+00:00,SELL,MEC-A,2025-11-28 07:09:00-05:00,7
2025-11-28 12:12:00+00:00,BUY,MEC-A,2025-11-28 07:12:00-05:00,7
2025-11-28 12:16:00+00:00,BUY,MEC-A,2025-11-28 07:16:00-05:00,7
2025-11-28 12:20:00+00:00,BUY,MEC-A,2025-11-28 07:20:00-05:00,7
2025-11-28 12:22:00+00:00,BUY,MEC-A,2025-11-28 07:22:00-05:00,7
2025-11-28 12:24:00+00:00,BUY,MEC-A,2025-11-28 07:24:00-05:00,7
2025-11-28 12:26:00+00:00,BUY,MEC-A,2025-11-28 07:26:00-05:00,7
2025-11-28 12:27:00+00:00,BUY,MEC-A,2025-11-28 07:27:00-05:00,7
2025-11-28 12:36:00+00:00,BUY,MEC-A,2025-11-28 07:36:00-05:00,7
2025-11-28 12:41:00+00:00,BUY,MEC-A,2025-11-28 07:41:00-05:00,7
2025-11-28 12:46:00+00:00,BUY,MEC-A,2025-11-28 07:46:00-05:00,7
2025-11-28 12:54:00+00:00,BUY,MEC-A,2025-11-28 07:54:00-05:00,7
2025-11-28 13:01:00+00:00,BUY,MEC-A,2025-11-28 08:01:00-05:00,8
2025-11-28 13:02:00+00:00,BUY,MEC-A,2025-11-28 08:02:00-05:00,8
2025-11-28 13:11:00+00:00,SELL,MEC-A,2025-11-28 08:11:00-05:00,8
2025-11-28 13:12:00+00:00,SELL,MEC-A,2025-11-28 08:12:00-05:00,8
2025-11-28 13:17:00+00:00,SELL,MEC-A,2025-11-28 08:17:00-05:00,8
2025-11-28 13:22:00+00:00,SELL,MEC-A,2025-11-28 08:22:00-05:00,8
2025-11-28 13:24:00+00:00,SELL,MEC-A,2025-11-28 08:24:00-05:00,8
2025-11-28 13:27:00+00:00,SELL,MEC-A,2025-11-28 08:27:00-05:00,8
2025-11-28 13:33:00+00:00,BUY,MEC-A,2025-11-28 08:33:00-05:00,8
2025-11-28 13:37:00+00:00,BUY,MEC-A,2025-11-28 08:37:00-05:00,8
2025-11-28 13:47:00+00:00,BUY,MEC-A,2025-11-28 08:47:00-05:00,8
2025-11-28 13:56:00+00:00,BUY,MEC-A,2025-11-28 08:56:00-05:00,8
2025-11-28 13:57:00+00:00,BUY,MEC-A,2025-11-28 08:57:00-05:00,8
2025-11-28 14:00:00+00:00,BUY,MEC-A,2025-11-28 09:00:00-05:00,9
2025-11-28 14:02:00+00:00,BUY,MEC-A,2025-11-28 09:02:00-05:00,9
2025-11-28 14:04:00+00:00,BUY,MEC-A,2025-11-28 09:04:00-05:00,9
2025-11-28 14:06:00+00:00,BUY,MEC-A,2025-11-28 09:06:00-05:00,9
2025-11-28 14:07:00+00:00,BUY,MEC-A,2025-11-28 09:07:00-05:00,9
2025-11-28 14:10:00+00:00,BUY,MEC-A,2025-11-28 09:10:00-05:00,9
2025-11-28 14:11:00+00:00,BUY,MEC-A,2025-11-28 09:11:00-05:00,9
2025-11-28 14:17:00+00:00,BUY,MEC-A,2025-11-28 09:17:00-05:00,9
2025-11-28 14:18:00+00:00,BUY,MEC-A,2025-11-28 09:18:00-05:00,9
2025-11-28 14:21:00+00:00,BUY,MEC-A,2025-11-28 09:21:00-05:00,9
2025-11-28 14:22:00+00:00,BUY,MEC-A,2025-11-28 09:22:00-05:00,9
2025-11-28 14:28:00+00:00,BUY,MEC-A,2025-11-28 09:28:00-05:00,9
2025-11-28 14:31:00+00:00,BUY,MEC-A,2025-11-28 09:31:00-05:00,9
2025-11-28 14:32:00+00:00,BUY,MEC-A,2025-11-28 09:32:00-05:00,9
2025-11-28 14:37:00+00:00,BUY,MEC-A,2025-11-28 09:37:00-05:00,9
2025-11-28 14:39:00+00:00,BUY,MEC-A,2025-11-28 09:39:00-05:00,9
2025-11-28 14:40:00+00:00,BUY,MEC-A,2025-11-28 09:40:00-05:00,9
2025-11-28 15:00:00+00:00,SELL,MEC-A,2025-11-28 10:00:00-05:00,10
2025-11-28 15:01:00+00:00,SELL,MEC-A,2025-11-28 10:01:00-05:00,10
2025-11-28 15:08:00+00:00,SELL,MEC-A,2025-11-28 10:08:00-05:00,10
2025-11-28 15:10:00+00:00,SELL,MEC-A,2025-11-28 10:10:00-05:00,10
2025-11-28 15:15:00+00:00,SELL,MEC-A,2025-11-28 10:15:00-05:00,10
2025-11-28 15:16:00+00:00,SELL,MEC-A,2025-11-28 10:16:00-05:00,10
2025-11-28 15:18:00+00:00,SELL,MEC-A,2025-11-28 10:18:00-05:00,10
2025-11-28 15:21:00+00:00,SELL,MEC-A,2025-11-28 10:21:00-05:00,10
2025-11-28 15:29:00+00:00,BUY,MEC-A,2025-11-28 10:29:00-05:00,10
2025-11-28 15:30:00+00:00,BUY,MEC-A,2025-11-28 10:30:00-05:00,10
2025-11-28 15:40:00+00:00,BUY,MEC-A,2025-11-28 10:40:00-05:00,10
2025-11-28 15:46:00+00:00,BUY,MEC-A,2025-11-28 10:46:00-05:00,10
2025-11-28 15:50:00+00:00,BUY,MEC-A,2025-11-28 10:50:00-05:00,10
2025-11-28 15:57:00+00:00,BUY,MEC-A,2025-11-28 10:57:00-05:00,10
2025-11-28 16:03:00+00:00,BUY,MEC-A,2025-11-28 11:03:00-05:00,11
2025-11-28 16:06:00+00:00,SELL,MEC-A,2025-11-28 11:06:00-05:00,11
2025-11-28 16:11:00+00:00,SELL,MEC-A,2025-11-28 11:11:00-05:00,11
2025-11-28 16:14:00+00:00,SELL,MEC-A,2025-11-28 11:14:00-05:00,11
2025-11-28 16:19:00+00:00,BUY,MEC-A,2025-11-28 11:19:00-05:00,11
2025-11-28 16:21:00+00:00,BUY,MEC-A,2025-11-28 11:21:00-05:00,11
2025-11-28 16:26:00+00:00,BUY,MEC-A,2025-11-28 11:26:00-05:00,11
2025-11-28 16:31:00+00:00,BUY,MEC-A,2025-11-28 11:31:00-05:00,11
2025-11-28 16:43:00+00:00,BUY,MEC-A,2025-11-28 11:43:00-05:00,11
2025-11-28 16:46:00+00:00,BUY,MEC-A,2025-11-28 11:46:00-05:00,11
2025-11-28 16:48:00+00:00,BUY,MEC-A,2025-11-28 11:48:00-05:00,11
2025-11-28 16:50:00+00:00,BUY,MEC-A,2025-11-28 11:50:00-05:00,11
2025-11-28 16:53:00+00:00,BUY,MEC-A,2025-11-28 11:53:00-05:00,11
2025-11-28 16:57:00+00:00,BUY,MEC-A,2025-11-28 11:57:00-05:00,11
2025-11-28 17:02:00+00:00,BUY,MEC-A,2025-11-28 12:02:00-05:00,12
2025-11-28 17:07:00+00:00,BUY,MEC-A,2025-11-28 12:07:00-05:00,12
2025-11-28 17:32:00+00:00,BUY,MEC-A,2025-11-28 12:32:00-05:00,12
2025-11-28 17:35:00+00:00,BUY,MEC-A,2025-11-28 12:35:00-05:00,12
2025-11-28 17:43:00+00:00,BUY,MEC-A,2025-11-28 12:43:00-05:00,12
2025-11-28 17:44:00+00:00,BUY,MEC-A,2025-11-28 12:44:00-05:00,12
2025-11-28 17:47:00+00:00,BUY,MEC-A,2025-11-28 12:47:00-05:00,12
2025-11-28 17:48:00+00:00,BUY,MEC-A,2025-11-28 12:48:00-05:00,12
2025-11-28 17:50:00+00:00,BUY,MEC-A,2025-11-28 12:50:00-05:00,12
2025-11-28 17:57:00+00:00,BUY,MEC-A,2025-11-28 12:57:00-05:00,12
2025-11-28 17:59:00+00:00,BUY,MEC-A,2025-11-28 12:59:00-05:00,12
2025-11-28 19:02:00+00:00,BUY,MEC-A,2025-11-28 14:02:00-05:00,14
2025-11-28 19:04:00+00:00,BUY,MEC-A,2025-11-28 14:04:00-05:00,14
2025-11-28 19:05:00+00:00,BUY,MEC-A,2025-11-28 14:05:00-05:00,14
2025-11-28 19:09:00+00:00,BUY,MEC-A,2025-11-28 14:09:00-05:00,14
2025-11-28 19:14:00+00:00,BUY,MEC-A,2025-11-28 14:14:00-05:00,14
2025-11-28 19:21:00+00:00,BUY,MEC-A,2025-11-28 14:21:00-05:00,14
2025-11-28 19:29:00+00:00,BUY,MEC-A,2025-11-28 14:29:00-05:00,14
2025-11-28 19:36:00+00:00,BUY,MEC-A,2025-11-28 14:36:00-05:00,14
2025-11-28 19:39:00+00:00,BUY,MEC-A,2025-11-28 14:39:00-05:00,14
2025-11-28 19:40:00+00:00,BUY,MEC-A,2025-11-28 14:40:00-05:00,14
2025-12-01 05:11:00+00:00,SELL,MEC-A,2025-12-01 00:11:00-05:00,0
2025-12-01 05:15:00+00:00,SELL,MEC-A,2025-12-01 00:15:00-05:00,0
2025-12-01 05:21:00+00:00,SELL,MEC-A,2025-12-01 00:21:00-05:00,0
2025-12-01 05:26:00+00:00,SELL,MEC-A,2025-12-01 00:26:00-05:00,0
2025-12-01 05:33:00+00:00,SELL,MEC-A,2025-12-01 00:33:00-05:00,0
2025-12-01 05:35:00+00:00,SELL,MEC-A,2025-12-01 00:35:00-05:00,0
2025-12-01 05:40:00+00:00,SELL,MEC-A,2025-12-01 00:40:00-05:00,0
2025-12-01 05:44:00+00:00,SELL,MEC-A,2025-12-01 00:44:00-05:00,0
2025-12-01 05:53:00+00:00,BUY,MEC-A,2025-12-01 00:53:00-05:00,0
2025-12-01 05:59:00+00:00,BUY,MEC-A,2025-12-01 00:59:00-05:00,0
2025-12-01 06:00:00+00:00,BUY,MEC-A,2025-12-01 01:00:00-05:00,1
2025-12-01 06:02:00+00:00,BUY,MEC-A,2025-12-01 01:02:00-05:00,1
2025-12-01 06:10:00+00:00,BUY,MEC-A,2025-12-01 01:10:00-05:00,1
2025-12-01 06:13:00+00:00,BUY,MEC-A,2025-12-01 01:13:00-05:00,1
2025-12-01 06:23:00+00:00,SELL,MEC-A,2025-12-01 01:23:00-05:00,1
2025-12-01 06:41:00+00:00,BUY,MEC-A,2025-12-01 01:41:00-05:00,1
2025-12-01 06:43:00+00:00,BUY,MEC-A,2025-12-01 01:43:00-05:00,1
2025-12-01 06:44:00+00:00,BUY,MEC-A,2025-12-01 01:44:00-05:00,1
2025-12-01 06:45:00+00:00,BUY,MEC-A,2025-12-01 01:45:00-05:00,1
2025-12-01 06:46:00+00:00,BUY,MEC-A,2025-12-01 01:46:00-05:00,1
2025-12-01 06:47:00+00:00,BUY,MEC-A,2025-12-01 01:47:00-05:00,1
2025-12-01 06:50:00+00:00,BUY,MEC-A,2025-12-01 01:50:00-05:00,1
2025-12-01 07:07:00+00:00,BUY,MEC-A,2025-12-01 02:07:00-05:00,2
2025-12-01 07:14:00+00:00,BUY,MEC-A,2025-12-01 02:14:00-05:00,2
2025-12-01 07:17:00+00:00,BUY,MEC-A,2025-12-01 02:17:00-05:00,2
2025-12-01 07:20:00+00:00,SELL,MEC-A,2025-12-01 02:20:00-05:00,2
2025-12-01 07:25:00+00:00,BUY,MEC-A,2025-12-01 02:25:00-05:00,2
2025-12-01 07:26:00+00:00,BUY,MEC-A,2025-12-01 02:26:00-05:00,2
2025-12-01 07:28:00+00:00,BUY,MEC-A,2025-12-01 02:28:00-05:00,2
2025-12-01 07:30:00+00:00,BUY,MEC-A,2025-12-01 02:30:00-05:00,2
2025-12-01 07:44:00+00:00,SELL,MEC-A,2025-12-01 02:44:00-05:00,2
2025-12-01 07:57:00+00:00,BUY,MEC-A,2025-12-01 02:57:00-05:00,2
2025-12-01 08:00:00+00:00,BUY,MEC-A,2025-12-01 03:00:00-05:00,3
2025-12-01 08:01:00+00:00,BUY,MEC-A,2025-12-01 03:01:00-05:00,3
2025-12-01 08:03:00+00:00,BUY,MEC-A,2025-12-01 03:03:00-05:00,3
2025-12-01 08:08:00+00:00,BUY,MEC-A,2025-12-01 03:08:00-05:00,3
2025-12-01 08:09:00+00:00,BUY,MEC-A,2025-12-01 03:09:00-05:00,3
2025-12-01 08:10:00+00:00,BUY,MEC-A,2025-12-01 03:10:00-05:00,3
2025-12-01 08:12:00+00:00,BUY,MEC-A,2025-12-01 03:12:00-05:00,3
2025-12-01 08:16:00+00:00,BUY,MEC-A,2025-12-01 03:16:00-05:00,3
2025-12-01 08:19:00+00:00,BUY,MEC-A,2025-12-01 03:19:00-05:00,3
2025-12-01 08:31:00+00:00,SELL,MEC-A,2025-12-01 03:31:00-05:00,3
2025-12-01 08:32:00+00:00,SELL,MEC-A,2025-12-01 03:32:00-05:00,3
2025-12-01 08:34:00+00:00,SELL,MEC-A,2025-12-01 03:34:00-05:00,3
2025-12-01 08:41:00+00:00,SELL,MEC-A,2025-12-01 03:41:00-05:00,3
2025-12-01 08:42:00+00:00,SELL,MEC-A,2025-12-01 03:42:00-05:00,3
2025-12-01 08:46:00+00:00,SELL,MEC-A,2025-12-01 03:46:00-05:00,3
2025-12-01 08:47:00+00:00,SELL,MEC-A,2025-12-01 03:47:00-05:00,3
2025-12-01 08:53:00+00:00,SELL,MEC-A,2025-12-01 03:53:00-05:00,3
2025-12-01 09:11:00+00:00,SELL,MEC-A,2025-12-01 04:11:00-05:00,4
2025-12-01 09:16:00+00:00,SELL,MEC-A,2025-12-01 04:16:00-05:00,4
2025-12-01 09:18:00+00:00,SELL,MEC-A,2025-12-01 04:18:00-05:00,4
2025-12-01 09:27:00+00:00,BUY,MEC-A,2025-12-01 04:27:00-05:00,4
2025-12-01 09:29:00+00:00,BUY,MEC-A,2025-12-01 04:29:00-05:00,4
2025-12-01 09:51:00+00:00,SELL,MEC-A,2025-12-01 04:51:00-05:00,4
2025-12-01 09:52:00+00:00,SELL,MEC-A,2025-12-01 04:52:00-05:00,4
2025-12-01 09:54:00+00:00,SELL,MEC-A,2025-12-01 04:54:00-05:00,4
2025-12-01 10:01:00+00:00,BUY,MEC-A,2025-12-01 05:01:00-05:00,5
2025-12-01 10:02:00+00:00,BUY,MEC-A,2025-12-01 05:02:00-05:00,5
2025-12-01 10:03:00+00:00,BUY,MEC-A,2025-12-01 05:03:00-05:00,5
2025-12-01 10:04:00+00:00,BUY,MEC-A,2025-12-01 05:04:00-05:00,5
2025-12-01 10:09:00+00:00,BUY,MEC-A,2025-12-01 05:09:00-05:00,5
2025-12-01 10:10:00+00:00,BUY,MEC-A,2025-12-01 05:10:00-05:00,5
2025-12-01 10:12:00+00:00,BUY,MEC-A,2025-12-01 05:12:00-05:00,5
2025-12-01 10:17:00+00:00,SELL,MEC-A,2025-12-01 05:17:00-05:00,5
2025-12-01 10:20:00+00:00,SELL,MEC-A,2025-12-01 05:20:00-05:00,5
2025-12-01 10:21:00+00:00,SELL,MEC-A,2025-12-01 05:21:00-05:00,5
2025-12-01 10:27:00+00:00,SELL,MEC-A,2025-12-01 05:27:00-05:00,5
2025-12-01 10:38:00+00:00,SELL,MEC-A,2025-12-01 05:38:00-05:00,5
2025-12-01 10:40:00+00:00,SELL,MEC-A,2025-12-01 05:40:00-05:00,5
2025-12-01 10:43:00+00:00,SELL,MEC-A,2025-12-01 05:43:00-05:00,5
2025-12-01 10:46:00+00:00,BUY,MEC-A,2025-12-01 05:46:00-05:00,5
2025-12-01 10:47:00+00:00,BUY,MEC-A,2025-12-01 05:47:00-05:00,5
2025-12-01 10:52:00+00:00,BUY,MEC-A,2025-12-01 05:52:00-05:00,5
2025-12-01 10:55:00+00:00,BUY,MEC-A,2025-12-01 05:55:00-05:00,5
2025-12-01 10:57:00+00:00,BUY,MEC-A,2025-12-01 05:57:00-05:00,5
2025-12-01 12:00:00+00:00,BUY,MEC-A,2025-12-01 07:00:00-05:00,7
2025-12-01 12:02:00+00:00,SELL,MEC-A,2025-12-01 07:02:00-05:00,7
2025-12-01 12:07:00+00:00,SELL,MEC-A,2025-12-01 07:07:00-05:00,7
2025-12-01 12:09:00+00:00,SELL,MEC-A,2025-12-01 07:09:00-05:00,7
2025-12-01 12:12:00+00:00,SELL,MEC-A,2025-12-01 07:12:00-05:00,7
2025-12-01 12:14:00+00:00,SELL,MEC-A,2025-12-01 07:14:00-05:00,7
2025-12-01 12:21:00+00:00,SELL,MEC-A,2025-12-01 07:21:00-05:00,7
2025-12-01 12:23:00+00:00,SELL,MEC-A,2025-12-01 07:23:00-05:00,7
2025-12-01 12:24:00+00:00,SELL,MEC-A,2025-12-01 07:24:00-05:00,7
2025-12-01 12:37:00+00:00,BUY,MEC-A,2025-12-01 07:37:00-05:00,7
2025-12-01 12:38:00+00:00,BUY,MEC-A,2025-12-01 07:38:00-05:00,7
2025-12-01 12:45:00+00:00,SELL,MEC-A,2025-12-01 07:45:00-05:00,7
2025-12-01 12:49:00+00:00,SELL,MEC-A,2025-12-01 07:49:00-05:00,7
2025-12-01 12:54:00+00:00,SELL,MEC-A,2025-12-01 07:54:00-05:00,7
2025-12-01 12:55:00+00:00,SELL,MEC-A,2025-12-01 07:55:00-05:00,7
2025-12-01 13:03:00+00:00,BUY,MEC-A,2025-12-01 08:03:00-05:00,8
2025-12-01 13:04:00+00:00,BUY,MEC-A,2025-12-01 08:04:00-05:00,8
2025-12-01 13:05:00+00:00,BUY,MEC-A,2025-12-01 08:05:00-05:00,8
2025-12-01 13:07:00+00:00,BUY,MEC-A,2025-12-01 08:07:00-05:00,8
2025-12-01 13:10:00+00:00,BUY,MEC-A,2025-12-01 08:10:00-05:00,8
2025-12-01 13:21:00+00:00,BUY,MEC-A,2025-12-01 08:21:00-05:00,8
2025-12-01 13:26:00+00:00,BUY,MEC-A,2025-12-01 08:26:00-05:00,8
2025-12-01 13:30:00+00:00,BUY,MEC-A,2025-12-01 08:30:00-05:00,8
2025-12-01 13:36:00+00:00,BUY,MEC-A,2025-12-01 08:36:00-05:00,8
2025-12-01 13:40:00+00:00,BUY,MEC-A,2025-12-01 08:40:00-05:00,8
2025-12-01 13:43:00+00:00,BUY,MEC-A,2025-12-01 08:43:00-05:00,8
2025-12-01 13:50:00+00:00,SELL,MEC-A,2025-12-01 08:50:00-05:00,8
2025-12-01 13:51:00+00:00,SELL,MEC-A,2025-12-01 08:51:00-05:00,8
2025-12-01 13:58:00+00:00,SELL,MEC-A,2025-12-01 08:58:00-05:00,8
2025-12-01 13:59:00+00:00,SELL,MEC-A,2025-12-01 08:59:00-05:00,8
2025-12-01 14:01:00+00:00,SELL,MEC-A,2025-12-01 09:01:00-05:00,9
2025-12-01 14:03:00+00:00,SELL,MEC-A,2025-12-01 09:03:00-05:00,9
2025-12-01 14:05:00+00:00,SELL,MEC-A,2025-12-01 09:05:00-05:00,9
2025-12-01 14:10:00+00:00,SELL,MEC-A,2025-12-01 09:10:00-05:00,9
2025-12-01 14:12:00+00:00,SELL,MEC-A,2025-12-01 09:12:00-05:00,9
2025-12-01 14:17:00+00:00,SELL,MEC-A,2025-12-01 09:17:00-05:00,9
2025-12-01 14:20:00+00:00,SELL,MEC-A,2025-12-01 09:20:00-05:00,9
2025-12-01 14:23:00+00:00,SELL,MEC-A,2025-12-01 09:23:00-05:00,9
2025-12-01 14:26:00+00:00,SELL,MEC-A,2025-12-01 09:26:00-05:00,9
2025-12-01 14:31:00+00:00,SELL,MEC-A,2025-12-01 09:31:00-05:00,9
2025-12-01 14:34:00+00:00,SELL,MEC-A,2025-12-01 09:34:00-05:00,9
2025-12-01 14:35:00+00:00,SELL,MEC-A,2025-12-01 09:35:00-05:00,9
2025-12-01 14:36:00+00:00,SELL,MEC-A,2025-12-01 09:36:00-05:00,9
2025-12-01 14:37:00+00:00,SELL,MEC-A,2025-12-01 09:37:00-05:00,9
2025-12-01 14:41:00+00:00,SELL,MEC-A,2025-12-01 09:41:00-05:00,9
2025-12-01 14:43:00+00:00,SELL,MEC-A,2025-12-01 09:43:00-05:00,9
2025-12-01 14:57:00+00:00,SELL,MEC-A,2025-12-01 09:57:00-05:00,9
2025-12-01 15:00:00+00:00,BUY,MEC-A,2025-12-01 10:00:00-05:00,10
2025-12-01 15:03:00+00:00,BUY,MEC-A,2025-12-01 10:03:00-05:00,10
2025-12-01 15:10:00+00:00,SELL,MEC-A,2025-12-01 10:10:00-05:00,10
2025-12-01 15:13:00+00:00,SELL,MEC-A,2025-12-01 10:13:00-05:00,10
2025-12-01 15:14:00+00:00,SELL,MEC-A,2025-12-01 10:14:00-05:00,10
2025-12-01 15:15:00+00:00,SELL,MEC-A,2025-12-01 10:15:00-05:00,10
2025-12-01 15:18:00+00:00,SELL,MEC-A,2025-12-01 10:18:00-05:00,10
2025-12-01 15:21:00+00:00,SELL,MEC-A,2025-12-01 10:21:00-05:00,10
2025-12-01 15:22:00+00:00,SELL,MEC-A,2025-12-01 10:22:00-05:00,10
2025-12-01 15:27:00+00:00,SELL,MEC-A,2025-12-01 10:27:00-05:00,10
2025-12-01 15:30:00+00:00,SELL,MEC-A,2025-12-01 10:30:00-05:00,10
2025-12-01 15:35:00+00:00,BUY,MEC-A,2025-12-01 10:35:00-05:00,10
2025-12-01 15:36:00+00:00,BUY,MEC-A,2025-12-01 10:36:00-05:00,10
2025-12-01 15:39:00+00:00,BUY,MEC-A,2025-12-01 10:39:00-05:00,10
2025-12-01 15:42:00+00:00,SELL,MEC-A,2025-12-01 10:42:00-05:00,10
2025-12-01 15:45:00+00:00,SELL,MEC-A,2025-12-01 10:45:00-05:00,10
2025-12-01 15:50:00+00:00,SELL,MEC-A,2025-12-01 10:50:00-05:00,10
2025-12-01 16:05:00+00:00,BUY,MEC-A,2025-12-01 11:05:00-05:00,11
2025-12-01 16:06:00+00:00,BUY,MEC-A,2025-12-01 11:06:00-05:00,11
2025-12-01 16:11:00+00:00,BUY,MEC-A,2025-12-01 11:11:00-05:00,11
2025-12-01 16:16:00+00:00,SELL,MEC-A,2025-12-01 11:16:00-05:00,11
2025-12-01 16:42:00+00:00,BUY,MEC-A,2025-12-01 11:42:00-05:00,11
2025-12-01 16:50:00+00:00,SELL,MEC-A,2025-12-01 11:50:00-05:00,11
2025-12-01 16:51:00+00:00,SELL,MEC-A,2025-12-01 11:51:00-05:00,11
2025-12-01 16:55:00+00:00,SELL,MEC-A,2025-12-01 11:55:00-05:00,11
2025-12-01 16:58:00+00:00,SELL,MEC-A,2025-12-01 11:58:00-05:00,11
2025-12-01 16:59:00+00:00,SELL,MEC-A,2025-12-01 11:59:00-05:00,11
2025-12-01 17:08:00+00:00,BUY,MEC-A,2025-12-01 12:08:00-05:00,12
2025-12-01 17:11:00+00:00,BUY,MEC-A,2025-12-01 12:11:00-05:00,12
2025-12-01 17:20:00+00:00,SELL,MEC-A,2025-12-01 12:20:00-05:00,12
2025-12-01 17:22:00+00:00,SELL,MEC-A,2025-12-01 12:22:00-05:00,12
2025-12-01 17:27:00+00:00,BUY,MEC-A,2025-12-01 12:27:00-05:00,12
2025-12-01 17:28:00+00:00,BUY,MEC-A,2025-12-01 12:28:00-05:00,12
2025-12-01 17:30:00+00:00,BUY,MEC-A,2025-12-01 12:30:00-05:00,12
2025-12-01 17:35:00+00:00,BUY,MEC-A,2025-12-01 12:35:00-05:00,12
2025-12-01 17:37:00+00:00,BUY,MEC-A,2025-12-01 12:37:00-05:00,12
2025-12-01 17:44:00+00:00,BUY,MEC-A,2025-12-01 12:44:00-05:00,12
2025-12-01 17:47:00+00:00,SELL,MEC-A,2025-12-01 12:47:00-05:00,12
2025-12-01 17:51:00+00:00,SELL,MEC-A,2025-12-01 12:51:00-05:00,12
2025-12-01 17:56:00+00:00,SELL,MEC-A,2025-12-01 12:56:00-05:00,12
2025-12-01 17:59:00+00:00,SELL,MEC-A,2025-12-01 12:59:00-05:00,12
2025-12-01 18:10:00+00:00,SELL,MEC-A,2025-12-01 13:10:00-05:00,13
2025-12-01 18:26:00+00:00,BUY,MEC-A,2025-12-01 13:26:00-05:00,13
2025-12-01 18:29:00+00:00,BUY,MEC-A,2025-12-01 13:29:00-05:00,13
2025-12-01 18:33:00+00:00,BUY,MEC-A,2025-12-01 13:33:00-05:00,13
2025-12-01 18:36:00+00:00,SELL,MEC-A,2025-12-01 13:36:00-05:00,13
2025-12-01 18:43:00+00:00,BUY,MEC-A,2025-12-01 13:43:00-05:00,13
2025-12-01 18:46:00+00:00,BUY,MEC-A,2025-12-01 13:46:00-05:00,13
2025-12-01 18:47:00+00:00,BUY,MEC-A,2025-12-01 13:47:00-05:00,13
2025-12-01 19:03:00+00:00,BUY,MEC-A,2025-12-01 14:03:00-05:00,14
2025-12-01 19:23:00+00:00,SELL,MEC-A,2025-12-01 14:23:00-05:00,14
2025-12-01 19:26:00+00:00,BUY,MEC-A,2025-12-01 14:26:00-05:00,14
2025-12-01 19:27:00+00:00,BUY,MEC-A,2025-12-01 14:27:00-05:00,14
2025-12-01 19:36:00+00:00,BUY,MEC-A,2025-12-01 14:36:00-05:00,14
2025-12-01 19:37:00+00:00,BUY,MEC-A,2025-12-01 14:37:00-05:00,14
2025-12-01 19:43:00+00:00,SELL,MEC-A,2025-12-01 14:43:00-05:00,14
2025-12-01 19:44:00+00:00,SELL,MEC-A,2025-12-01 14:44:00-05:00,14
2025-12-01 19:48:00+00:00,SELL,MEC-A,2025-12-01 14:48:00-05:00,14
2025-12-01 19:50:00+00:00,SELL,MEC-A,2025-12-01 14:50:00-05:00,14
2025-12-01 20:02:00+00:00,BUY,MEC-A,2025-12-01 15:02:00-05:00,15
2025-12-01 20:04:00+00:00,BUY,MEC-A,2025-12-01 15:04:00-05:00,15
2025-12-01 20:10:00+00:00,BUY,MEC-A,2025-12-01 15:10:00-05:00,15
2025-12-01 20:11:00+00:00,BUY,MEC-A,2025-12-01 15:11:00-05:00,15
2025-12-01 20:22:00+00:00,BUY,MEC-A,2025-12-01 15:22:00-05:00,15
2025-12-01 20:36:00+00:00,BUY,MEC-A,2025-12-01 15:36:00-05:00,15
2025-12-01 20:39:00+00:00,BUY,MEC-A,2025-12-01 15:39:00-05:00,15
2025-12-01 20:42:00+00:00,BUY,MEC-A,2025-12-01 15:42:00-05:00,15
2025-12-01 20:46:00+00:00,SELL,MEC-A,2025-12-01 15:46:00-05:00,15
2025-12-01 20:51:00+00:00,SELL,MEC-A,2025-12-01 15:51:00-05:00,15
2025-12-01 20:57:00+00:00,SELL,MEC-A,2025-12-01 15:57:00-05:00,15
2025-12-01 21:01:00+00:00,SELL,MEC-A,2025-12-01 16:01:00-05:00,16
2025-12-01 21:12:00+00:00,BUY,MEC-A,2025-12-01 16:12:00-05:00,16
2025-12-01 21:18:00+00:00,BUY,MEC-A,2025-12-01 16:18:00-05:00,16
2025-12-01 21:20:00+00:00,BUY,MEC-A,2025-12-01 16:20:00-05:00,16
2025-12-01 21:34:00+00:00,SELL,MEC-A,2025-12-01 16:34:00-05:00,16
2025-12-01 21:35:00+00:00,SELL,MEC-A,2025-12-01 16:35:00-05:00,16
2025-12-01 21:39:00+00:00,SELL,MEC-A,2025-12-01 16:39:00-05:00,16
2025-12-01 21:41:00+00:00,SELL,MEC-A,2025-12-01 16:41:00-05:00,16
2025-12-01 21:43:00+00:00,SELL,MEC-A,2025-12-01 16:43:00-05:00,16
2025-12-01 21:46:00+00:00,SELL,MEC-A,2025-12-01 16:46:00-05:00,16
2025-12-01 21:47:00+00:00,SELL,MEC-A,2025-12-01 16:47:00-05:00,16
2025-12-01 21:48:00+00:00,SELL,MEC-A,2025-12-01 16:48:00-05:00,16
2025-12-01 21:50:00+00:00,SELL,MEC-A,2025-12-01 16:50:00-05:00,16
2025-12-01 21:51:00+00:00,SELL,MEC-A,2025-12-01 16:51:00-05:00,16
2025-12-01 21:52:00+00:00,SELL,MEC-A,2025-12-01 16:52:00-05:00,16
2025-12-01 21:56:00+00:00,SELL,MEC-A,2025-12-01 16:56:00-05:00,16
2025-12-01 23:00:00+00:00,SELL,MEC-A,2025-12-01 18:00:00-05:00,18
2025-12-01 23:26:00+00:00,BUY,MEC-A,2025-12-01 18:26:00-05:00,18
2025-12-01 23:27:00+00:00,BUY,MEC-A,2025-12-01 18:27:00-05:00,18
2025-12-01 23:29:00+00:00,BUY,MEC-A,2025-12-01 18:29:00-05:00,18
2025-12-01 23:32:00+00:00,BUY,MEC-A,2025-12-01 18:32:00-05:00,18
2025-12-01 23:45:00+00:00,SELL,MEC-A,2025-12-01 18:45:00-05:00,18
2025-12-01 23:47:00+00:00,SELL,MEC-A,2025-12-01 18:47:00-05:00,18
2025-12-01 23:48:00+00:00,SELL,MEC-A,2025-12-01 18:48:00-05:00,18
2025-12-01 23:57:00+00:00,SELL,MEC-A,2025-12-01 18:57:00-05:00,18
2025-12-01 23:58:00+00:00,SELL,MEC-A,2025-12-01 18:58:00-05:00,18
2025-12-02 00:00:00+00:00,SELL,MEC-A,2025-12-01 19:00:00-05:00,19
2025-12-02 00:04:00+00:00,SELL,MEC-A,2025-12-01 19:04:00-05:00,19
2025-12-02 00:06:00+00:00,SELL,MEC-A,2025-12-01 19:06:00-05:00,19
2025-12-02 00:18:00+00:00,SELL,MEC-A,2025-12-01 19:18:00-05:00,19
2025-12-02 00:20:00+00:00,SELL,MEC-A,2025-12-01 19:20:00-05:00,19
2025-12-02 00:23:00+00:00,SELL,MEC-A,2025-12-01 19:23:00-05:00,19
2025-12-02 00:26:00+00:00,SELL,MEC-A,2025-12-01 19:26:00-05:00,19
2025-12-02 00:40:00+00:00,BUY,MEC-A,2025-12-01 19:40:00-05:00,19
2025-12-02 00:42:00+00:00,BUY,MEC-A,2025-12-01 19:42:00-05:00,19
2025-12-02 00:43:00+00:00,BUY,MEC-A,2025-12-01 19:43:00-05:00,19
2025-12-02 00:46:00+00:00,BUY,MEC-A,2025-12-01 19:46:00-05:00,19
2025-12-02 00:53:00+00:00,SELL,MEC-A,2025-12-01 19:53:00-05:00,19
2025-12-02 01:00:00+00:00,SELL,MEC-A,2025-12-01 20:00:00-05:00,20
2025-12-02 01:01:00+00:00,SELL,MEC-A,2025-12-01 20:01:00-05:00,20
2025-12-02 01:02:00+00:00,SELL,MEC-A,2025-12-01 20:02:00-05:00,20
2025-12-02 01:03:00+00:00,SELL,MEC-A,2025-12-01 20:03:00-05:00,20
2025-12-02 01:06:00+00:00,SELL,MEC-A,2025-12-01 20:06:00-05:00,20
2025-12-02 01:08:00+00:00,SELL,MEC-A,2025-12-01 20:08:00-05:00,20
2025-12-02 01:09:00+00:00,SELL,MEC-A,2025-12-01 20:09:00-05:00,20
2025-12-02 01:13:00+00:00,SELL,MEC-A,2025-12-01 20:13:00-05:00,20
2025-12-02 01:20:00+00:00,SELL,MEC-A,2025-12-01 20:20:00-05:00,20
2025-12-02 01:23:00+00:00,SELL,MEC-A,2025-12-01 20:23:00-05:00,20
2025-12-02 01:24:00+00:00,SELL,MEC-A,2025-12-01 20:24:00-05:00,20
2025-12-02 01:27:00+00:00,SELL,MEC-A,2025-12-01 20:27:00-05:00,20
2025-12-02 01:28:00+00:00,SELL,MEC-A,2025-12-01 20:28:00-05:00,20
2025-12-02 01:30:00+00:00,BUY,MEC-A,2025-12-01 20:30:00-05:00,20
2025-12-02 01:35:00+00:00,BUY,MEC-A,2025-12-01 20:35:00-05:00,20
2025-12-02 01:43:00+00:00,SELL,MEC-A,2025-12-01 20:43:00-05:00,20
2025-12-02 01:54:00+00:00,BUY,MEC-A,2025-12-01 20:54:00-05:00,20
2025-12-02 01:55:00+00:00,BUY,MEC-A,2025-12-01 20:55:00-05:00,20
2025-12-02 01:57:00+00:00,BUY,MEC-A,2025-12-01 20:57:00-05:00,20
2025-12-02 01:58:00+00:00,BUY,MEC-A,2025-12-01 20:58:00-05:00,20
2025-12-02 02:16:00+00:00,BUY,MEC-A,2025-12-01 21:16:00-05:00,21
2025-12-02 02:25:00+00:00,SELL,MEC-A,2025-12-01 21:25:00-05:00,21
2025-12-02 02:27:00+00:00,SELL,MEC-A,2025-12-01 21:27:00-05:00,21
2025-12-02 02:29:00+00:00,SELL,MEC-A,2025-12-01 21:29:00-05:00,21
2025-12-02 02:30:00+00:00,SELL,MEC-A,2025-12-01 21:30:00-05:00,21
2025-12-02 02:35:00+00:00,SELL,MEC-A,2025-12-01 21:35:00-05:00,21
2025-12-02 02:44:00+00:00,BUY,MEC-A,2025-12-01 21:44:00-05:00,21
2025-12-02 02:48:00+00:00,BUY,MEC-A,2025-12-01 21:48:00-05:00,21
2025-12-02 02:49:00+00:00,BUY,MEC-A,2025-12-01 21:49:00-05:00,21
2025-12-02 03:01:00+00:00,BUY,MEC-A,2025-12-01 22:01:00-05:00,22
2025-12-02 03:05:00+00:00,BUY,MEC-A,2025-12-01 22:05:00-05:00,22
2025-12-02 03:09:00+00:00,BUY,MEC-A,2025-12-01 22:09:00-05:00,22
2025-12-02 03:16:00+00:00,BUY,MEC-A,2025-12-01 22:16:00-05:00,22
2025-12-02 03:17:00+00:00,BUY,MEC-A,2025-12-01 22:17:00-05:00,22
2025-12-02 03:19:00+00:00,BUY,MEC-A,2025-12-01 22:19:00-05:00,22
2025-12-02 03:28:00+00:00,SELL,MEC-A,2025-12-01 22:28:00-05:00,22
2025-12-02 03:39:00+00:00,SELL,MEC-A,2025-12-01 22:39:00-05:00,22
2025-12-02 03:43:00+00:00,SELL,MEC-A,2025-12-01 22:43:00-05:00,22
2025-12-02 03:44:00+00:00,SELL,MEC-A,2025-12-01 22:44:00-05:00,22
2025-12-02 03:46:00+00:00,SELL,MEC-A,2025-12-01 22:46:00-05:00,22
2025-12-02 03:48:00+00:00,SELL,MEC-A,2025-12-01 22:48:00-05:00,22
2025-12-02 03:50:00+00:00,SELL,MEC-A,2025-12-01 22:50:00-05:00,22
2025-12-02 03:55:00+00:00,SELL,MEC-A,2025-12-01 22:55:00-05:00,22
2025-12-02 03:58:00+00:00,SELL,MEC-A,2025-12-01 22:58:00-05:00,22
2025-12-02 04:02:00+00:00,SELL,MEC-A,2025-12-01 23:02:00-05:00,23
2025-12-02 04:04:00+00:00,BUY,MEC-A,2025-12-01 23:04:00-05:00,23
2025-12-02 04:06:00+00:00,BUY,MEC-A,2025-12-01 23:06:00-05:00,23
2025-12-02 04:44:00+00:00,BUY,MEC-A,2025-12-01 23:44:00-05:00,23
2025-12-02 04:47:00+00:00,BUY,MEC-A,2025-12-01 23:47:00-05:00,23
2025-12-02 04:59:00+00:00,BUY,MEC-A,2025-12-01 23:59:00-05:00,23
2025-12-02 05:05:00+00:00,SELL,MEC-A,2025-12-02 00:05:00-05:00,0
2025-12-02 05:11:00+00:00,BUY,MEC-A,2025-12-02 00:11:00-05:00,0
2025-12-02 05:15:00+00:00,BUY,MEC-A,2025-12-02 00:15:00-05:00,0
2025-12-02 05:16:00+00:00,BUY,MEC-A,2025-12-02 00:16:00-05:00,0
2025-12-02 05:17:00+00:00,BUY,MEC-A,2025-12-02 00:17:00-05:00,0
2025-12-02 05:23:00+00:00,BUY,MEC-A,2025-12-02 00:23:00-05:00,0
2025-12-02 05:24:00+00:00,BUY,MEC-A,2025-12-02 00:24:00-05:00,0
2025-12-02 05:30:00+00:00,BUY,MEC-A,2025-12-02 00:30:00-05:00,0
2025-12-02 05:35:00+00:00,SELL,MEC-A,2025-12-02 00:35:00-05:00,0
2025-12-02 05:51:00+00:00,BUY,MEC-A,2025-12-02 00:51:00-05:00,0
2025-12-02 05:58:00+00:00,BUY,MEC-A,2025-12-02 00:58:00-05:00,0
2025-12-02 07:01:00+00:00,SELL,MEC-A,2025-12-02 02:01:00-05:00,2
2025-12-02 07:16:00+00:00,BUY,MEC-A,2025-12-02 02:16:00-05:00,2
2025-12-02 07:18:00+00:00,BUY,MEC-A,2025-12-02 02:18:00-05:00,2
2025-12-02 07:24:00+00:00,BUY,MEC-A,2025-12-02 02:24:00-05:00,2
2025-12-02 07:28:00+00:00,BUY,MEC-A,2025-12-02 02:28:00-05:00,2
2025-12-02 07:33:00+00:00,BUY,MEC-A,2025-12-02 02:33:00-05:00,2
2025-12-02 07:39:00+00:00,BUY,MEC-A,2025-12-02 02:39:00-05:00,2
2025-12-02 07:43:00+00:00,SELL,MEC-A,2025-12-02 02:43:00-05:00,2
2025-12-02 07:44:00+00:00,SELL,MEC-A,2025-12-02 02:44:00-05:00,2
2025-12-02 07:49:00+00:00,SELL,MEC-A,2025-12-02 02:49:00-05:00,2
2025-12-02 07:50:00+00:00,SELL,MEC-A,2025-12-02 02:50:00-05:00,2
2025-12-02 07:52:00+00:00,SELL,MEC-A,2025-12-02 02:52:00-05:00,2
2025-12-02 07:56:00+00:00,SELL,MEC-A,2025-12-02 02:56:00-05:00,2
2025-12-02 08:05:00+00:00,SELL,MEC-A,2025-12-02 03:05:00-05:00,3
2025-12-02 08:07:00+00:00,SELL,MEC-A,2025-12-02 03:07:00-05:00,3
2025-12-02 08:13:00+00:00,BUY,MEC-A,2025-12-02 03:13:00-05:00,3
2025-12-02 08:21:00+00:00,BUY,MEC-A,2025-12-02 03:21:00-05:00,3
2025-12-02 08:23:00+00:00,BUY,MEC-A,2025-12-02 03:23:00-05:00,3
2025-12-02 08:26:00+00:00,BUY,MEC-A,2025-12-02 03:26:00-05:00,3
2025-12-02 08:27:00+00:00,BUY,MEC-A,2025-12-02 03:27:00-05:00,3
2025-12-02 08:39:00+00:00,BUY,MEC-A,2025-12-02 03:39:00-05:00,3
2025-12-02 08:40:00+00:00,SELL,MEC-A,2025-12-02 03:40:00-05:00,3
2025-12-02 08:42:00+00:00,SELL,MEC-A,2025-12-02 03:42:00-05:00,3
2025-12-02 08:48:00+00:00,SELL,MEC-A,2025-12-02 03:48:00-05:00,3
2025-12-02 08:50:00+00:00,SELL,MEC-A,2025-12-02 03:50:00-05:00,3
2025-12-02 08:51:00+00:00,SELL,MEC-A,2025-12-02 03:51:00-05:00,3
2025-12-02 08:57:00+00:00,SELL,MEC-A,2025-12-02 03:57:00-05:00,3
2025-12-02 08:59:00+00:00,SELL,MEC-A,2025-12-02 03:59:00-05:00,3
2025-12-02 11:09:00+00:00,BUY,MEC-A,2025-12-02 06:09:00-05:00,6
2025-12-02 11:10:00+00:00,BUY,MEC-A,2025-12-02 06:10:00-05:00,6
2025-12-02 11:19:00+00:00,BUY,MEC-A,2025-12-02 06:19:00-05:00,6
2025-12-02 11:20:00+00:00,BUY,MEC-A,2025-12-02 06:20:00-05:00,6
2025-12-02 11:25:00+00:00,BUY,MEC-A,2025-12-02 06:25:00-05:00,6
2025-12-02 11:27:00+00:00,BUY,MEC-A,2025-12-02 06:27:00-05:00,6
2025-12-02 11:28:00+00:00,BUY,MEC-A,2025-12-02 06:28:00-05:00,6
2025-12-02 11:29:00+00:00,BUY,MEC-A,2025-12-02 06:29:00-05:00,6
2025-12-02 11:32:00+00:00,BUY,MEC-A,2025-12-02 06:32:00-05:00,6
2025-12-02 11:36:00+00:00,BUY,MEC-A,2025-12-02 06:36:00-05:00,6
2025-12-02 11:38:00+00:00,BUY,MEC-A,2025-12-02 06:38:00-05:00,6
2025-12-02 11:46:00+00:00,SELL,MEC-A,2025-12-02 06:46:00-05:00,6
2025-12-02 11:51:00+00:00,BUY,MEC-A,2025-12-02 06:51:00-05:00,6
2025-12-02 11:52:00+00:00,BUY,MEC-A,2025-12-02 06:52:00-05:00,6
2025-12-02 11:53:00+00:00,BUY,MEC-A,2025-12-02 06:53:00-05:00,6
2025-12-02 11:54:00+00:00,BUY,MEC-A,2025-12-02 06:54:00-05:00,6
2025-12-02 11:57:00+00:00,BUY,MEC-A,2025-12-02 06:57:00-05:00,6
2025-12-02 11:59:00+00:00,BUY,MEC-A,2025-12-02 06:59:00-05:00,6
2025-12-02 12:03:00+00:00,BUY,MEC-A,2025-12-02 07:03:00-05:00,7
2025-12-02 12:04:00+00:00,BUY,MEC-A,2025-12-02 07:04:00-05:00,7
2025-12-02 12:09:00+00:00,BUY,MEC-A,2025-12-02 07:09:00-05:00,7
2025-12-02 12:16:00+00:00,SELL,MEC-A,2025-12-02 07:16:00-05:00,7
2025-12-02 12:19:00+00:00,SELL,MEC-A,2025-12-02 07:19:00-05:00,7
2025-12-02 12:27:00+00:00,BUY,MEC-A,2025-12-02 07:27:00-05:00,7
2025-12-02 12:53:00+00:00,BUY,MEC-A,2025-12-02 07:53:00-05:00,7
2025-12-02 12:54:00+00:00,BUY,MEC-A,2025-12-02 07:54:00-05:00,7
2025-12-02 12:56:00+00:00,BUY,MEC-A,2025-12-02 07:56:00-05:00,7
2025-12-02 12:59:00+00:00,BUY,MEC-A,2025-12-02 07:59:00-05:00,7
2025-12-02 13:00:00+00:00,BUY,MEC-A,2025-12-02 08:00:00-05:00,8
2025-12-02 13:01:00+00:00,BUY,MEC-A,2025-12-02 08:01:00-05:00,8
2025-12-02 13:06:00+00:00,BUY,MEC-A,2025-12-02 08:06:00-05:00,8
2025-12-02 13:08:00+00:00,SELL,MEC-A,2025-12-02 08:08:00-05:00,8
2025-12-02 13:11:00+00:00,SELL,MEC-A,2025-12-02 08:11:00-05:00,8
2025-12-02 13:12:00+00:00,SELL,MEC-A,2025-12-02 08:12:00-05:00,8
2025-12-02 13:18:00+00:00,SELL,MEC-A,2025-12-02 08:18:00-05:00,8
2025-12-02 13:19:00+00:00,SELL,MEC-A,2025-12-02 08:19:00-05:00,8
2025-12-02 13:26:00+00:00,BUY,MEC-A,2025-12-02 08:26:00-05:00,8
2025-12-02 13:42:00+00:00,BUY,MEC-A,2025-12-02 08:42:00-05:00,8
2025-12-02 13:53:00+00:00,BUY,MEC-A,2025-12-02 08:53:00-05:00,8
2025-12-02 13:55:00+00:00,BUY,MEC-A,2025-12-02 08:55:00-05:00,8
2025-12-02 13:57:00+00:00,BUY,MEC-A,2025-12-02 08:57:00-05:00,8
2025-12-02 14:00:00+00:00,BUY,MEC-A,2025-12-02 09:00:00-05:00,9
2025-12-02 14:02:00+00:00,BUY,MEC-A,2025-12-02 09:02:00-05:00,9
2025-12-02 14:07:00+00:00,BUY,MEC-A,2025-12-02 09:07:00-05:00,9
2025-12-02 14:23:00+00:00,BUY,MEC-A,2025-12-02 09:23:00-05:00,9
2025-12-02 14:25:00+00:00,BUY,MEC-A,2025-12-02 09:25:00-05:00,9
2025-12-02 14:26:00+00:00,BUY,MEC-A,2025-12-02 09:26:00-05:00,9
2025-12-02 14:35:00+00:00,BUY,MEC-A,2025-12-02 09:35:00-05:00,9
2025-12-02 14:38:00+00:00,SELL,MEC-A,2025-12-02 09:38:00-05:00,9
2025-12-02 14:41:00+00:00,SELL,MEC-A,2025-12-02 09:41:00-05:00,9
2025-12-02 14:45:00+00:00,SELL,MEC-A,2025-12-02 09:45:00-05:00,9
2025-12-02 14:51:00+00:00,SELL,MEC-A,2025-12-02 09:51:00-05:00,9
2025-12-02 14:53:00+00:00,SELL,MEC-A,2025-12-02 09:53:00-05:00,9
2025-12-02 14:55:00+00:00,SELL,MEC-A,2025-12-02 09:55:00-05:00,9
2025-12-02 15:00:00+00:00,SELL,MEC-A,2025-12-02 10:00:00-05:00,10
2025-12-02 15:05:00+00:00,SELL,MEC-A,2025-12-02 10:05:00-05:00,10
2025-12-02 15:06:00+00:00,SELL,MEC-A,2025-12-02 10:06:00-05:00,10
2025-12-02 15:09:00+00:00,SELL,MEC-A,2025-12-02 10:09:00-05:00,10
2025-12-02 15:10:00+00:00,SELL,MEC-A,2025-12-02 10:10:00-05:00,10
2025-12-02 15:13:00+00:00,SELL,MEC-A,2025-12-02 10:13:00-05:00,10
2025-12-02 15:16:00+00:00,SELL,MEC-A,2025-12-02 10:16:00-05:00,10
2025-12-02 15:17:00+00:00,SELL,MEC-A,2025-12-02 10:17:00-05:00,10
2025-12-02 15:18:00+00:00,SELL,MEC-A,2025-12-02 10:18:00-05:00,10
2025-12-02 15:24:00+00:00,SELL,MEC-A,2025-12-02 10:24:00-05:00,10
2025-12-02 15:29:00+00:00,SELL,MEC-A,2025-12-02 10:29:00-05:00,10
2025-12-02 15:33:00+00:00,SELL,MEC-A,2025-12-02 10:33:00-05:00,10
2025-12-02 15:34:00+00:00,SELL,MEC-A,2025-12-02 10:34:00-05:00,10
2025-12-02 15:36:00+00:00,SELL,MEC-A,2025-12-02 10:36:00-05:00,10
2025-12-02 15:40:00+00:00,BUY,MEC-A,2025-12-02 10:40:00-05:00,10
2025-12-02 15:54:00+00:00,SELL,MEC-A,2025-12-02 10:54:00-05:00,10
2025-12-02 15:56:00+00:00,SELL,MEC-A,2025-12-02 10:56:00-05:00,10
2025-12-02 16:01:00+00:00,SELL,MEC-A,2025-12-02 11:01:00-05:00,11
2025-12-02 16:13:00+00:00,BUY,MEC-A,2025-12-02 11:13:00-05:00,11
2025-12-02 16:19:00+00:00,BUY,MEC-A,2025-12-02 11:19:00-05:00,11
2025-12-02 16:26:00+00:00,BUY,MEC-A,2025-12-02 11:26:00-05:00,11
2025-12-02 16:32:00+00:00,BUY,MEC-A,2025-12-02 11:32:00-05:00,11
2025-12-02 16:33:00+00:00,BUY,MEC-A,2025-12-02 11:33:00-05:00,11
2025-12-02 16:35:00+00:00,BUY,MEC-A,2025-12-02 11:35:00-05:00,11
2025-12-02 16:36:00+00:00,BUY,MEC-A,2025-12-02 11:36:00-05:00,11
2025-12-02 16:40:00+00:00,BUY,MEC-A,2025-12-02 11:40:00-05:00,11
2025-12-02 16:41:00+00:00,BUY,MEC-A,2025-12-02 11:41:00-05:00,11
2025-12-02 16:47:00+00:00,BUY,MEC-A,2025-12-02 11:47:00-05:00,11
2025-12-02 16:49:00+00:00,BUY,MEC-A,2025-12-02 11:49:00-05:00,11
2025-12-02 16:57:00+00:00,SELL,MEC-A,2025-12-02 11:57:00-05:00,11
2025-12-02 17:00:00+00:00,BUY,MEC-A,2025-12-02 12:00:00-05:00,12
2025-12-02 17:03:00+00:00,BUY,MEC-A,2025-12-02 12:03:00-05:00,12
2025-12-02 17:07:00+00:00,BUY,MEC-A,2025-12-02 12:07:00-05:00,12
2025-12-02 17:12:00+00:00,BUY,MEC-A,2025-12-02 12:12:00-05:00,12
2025-12-02 17:15:00+00:00,BUY,MEC-A,2025-12-02 12:15:00-05:00,12
2025-12-02 17:19:00+00:00,BUY,MEC-A,2025-12-02 12:19:00-05:00,12
2025-12-02 17:20:00+00:00,BUY,MEC-A,2025-12-02 12:20:00-05:00,12
2025-12-02 17:23:00+00:00,BUY,MEC-A,2025-12-02 12:23:00-05:00,12
2025-12-02 17:31:00+00:00,BUY,MEC-A,2025-12-02 12:31:00-05:00,12
2025-12-02 17:34:00+00:00,BUY,MEC-A,2025-12-02 12:34:00-05:00,12
2025-12-02 17:37:00+00:00,BUY,MEC-A,2025-12-02 12:37:00-05:00,12
2025-12-02 17:39:00+00:00,BUY,MEC-A,2025-12-02 12:39:00-05:00,12
2025-12-02 17:45:00+00:00,BUY,MEC-A,2025-12-02 12:45:00-05:00,12
2025-12-02 17:46:00+00:00,BUY,MEC-A,2025-12-02 12:46:00-05:00,12
2025-12-02 17:48:00+00:00,BUY,MEC-A,2025-12-02 12:48:00-05:00,12
2025-12-02 17:51:00+00:00,BUY,MEC-A,2025-12-02 12:51:00-05:00,12
2025-12-02 18:00:00+00:00,BUY,MEC-A,2025-12-02 13:00:00-05:00,13
2025-12-02 18:11:00+00:00,SELL,MEC-A,2025-12-02 13:11:00-05:00,13
2025-12-02 18:16:00+00:00,SELL,MEC-A,2025-12-02 13:16:00-05:00,13
2025-12-02 18:25:00+00:00,SELL,MEC-A,2025-12-02 13:25:00-05:00,13
2025-12-02 18:29:00+00:00,SELL,MEC-A,2025-12-02 13:29:00-05:00,13
2025-12-02 18:33:00+00:00,SELL,MEC-A,2025-12-02 13:33:00-05:00,13
2025-12-02 18:34:00+00:00,SELL,MEC-A,2025-12-02 13:34:00-05:00,13
2025-12-02 18:35:00+00:00,SELL,MEC-A,2025-12-02 13:35:00-05:00,13
2025-12-02 18:36:00+00:00,SELL,MEC-A,2025-12-02 13:36:00-05:00,13
2025-12-02 18:37:00+00:00,SELL,MEC-A,2025-12-02 13:37:00-05:00,13
2025-12-02 18:42:00+00:00,SELL,MEC-A,2025-12-02 13:42:00-05:00,13
2025-12-02 18:50:00+00:00,SELL,MEC-A,2025-12-02 13:50:00-05:00,13
2025-12-02 18:52:00+00:00,BUY,MEC-A,2025-12-02 13:52:00-05:00,13
2025-12-02 18:59:00+00:00,BUY,MEC-A,2025-12-02 13:59:00-05:00,13
2025-12-02 19:00:00+00:00,BUY,MEC-A,2025-12-02 14:00:00-05:00,14
2025-12-02 19:01:00+00:00,BUY,MEC-A,2025-12-02 14:01:00-05:00,14
2025-12-02 19:05:00+00:00,BUY,MEC-A,2025-12-02 14:05:00-05:00,14
2025-12-02 19:08:00+00:00,BUY,MEC-A,2025-12-02 14:08:00-05:00,14
2025-12-02 19:10:00+00:00,BUY,MEC-A,2025-12-02 14:10:00-05:00,14
2025-12-02 19:15:00+00:00,BUY,MEC-A,2025-12-02 14:15:00-05:00,14
2025-12-02 19:23:00+00:00,SELL,MEC-A,2025-12-02 14:23:00-05:00,14
2025-12-02 19:35:00+00:00,SELL,MEC-A,2025-12-02 14:35:00-05:00,14
2025-12-02 19:37:00+00:00,SELL,MEC-A,2025-12-02 14:37:00-05:00,14
2025-12-02 19:44:00+00:00,SELL,MEC-A,2025-12-02 14:44:00-05:00,14
2025-12-02 19:48:00+00:00,BUY,MEC-A,2025-12-02 14:48:00-05:00,14
2025-12-02 19:56:00+00:00,SELL,MEC-A,2025-12-02 14:56:00-05:00,14
2025-12-02 19:57:00+00:00,BUY,MER,2025-12-02 14:57:00-05:00,14
2025-12-02 20:00:00+00:00,BUY,MEC-A,2025-12-02 15:00:00-05:00,15
2025-12-02 20:26:00+00:00,BUY,MEC-A,2025-12-02 15:26:00-05:00,15
2025-12-02 20:28:00+00:00,BUY,MEC-A,2025-12-02 15:28:00-05:00,15
2025-12-02 20:30:00+00:00,BUY,MEC-A,2025-12-02 15:30:00-05:00,15
2025-12-02 20:31:00+00:00,BUY,MEC-A,2025-12-02 15:31:00-05:00,15
2025-12-02 20:33:00+00:00,BUY,MEC-A,2025-12-02 15:33:00-05:00,15
2025-12-02 20:34:00+00:00,BUY,MEC-A,2025-12-02 15:34:00-05:00,15
2025-12-02 20:35:00+00:00,BUY,MEC-A,2025-12-02 15:35:00-05:00,15
2025-12-02 20:36:00+00:00,BUY,MEC-A,2025-12-02 15:36:00-05:00,15
2025-12-02 20:37:00+00:00,BUY,MEC-A,2025-12-02 15:37:00-05:00,15
2025-12-02 20:41:00+00:00,BUY,MEC-A,2025-12-02 15:41:00-05:00,15
2025-12-02 20:45:00+00:00,BUY,MEC-A,2025-12-02 15:45:00-05:00,15
2025-12-02 20:54:00+00:00,SELL,MEC-A,2025-12-02 15:54:00-05:00,15
2025-12-02 21:06:00+00:00,SELL,MEC-A,2025-12-02 16:06:00-05:00,16
2025-12-02 21:08:00+00:00,SELL,MEC-A,2025-12-02 16:08:00-05:00,16
2025-12-02 21:11:00+00:00,SELL,MEC-A,2025-12-02 16:11:00-05:00,16
2025-12-02 21:24:00+00:00,BUY,MEC-A,2025-12-02 16:24:00-05:00,16
2025-12-02 21:26:00+00:00,BUY,MEC-A,2025-12-02 16:26:00-05:00,16
2025-12-02 21:34:00+00:00,BUY,MEC-A,2025-12-02 16:34:00-05:00,16
2025-12-02 21:38:00+00:00,BUY,MEC-A,2025-12-02 16:38:00-05:00,16
2025-12-02 21:44:00+00:00,BUY,MEC-A,2025-12-02 16:44:00-05:00,16
2025-12-02 21:49:00+00:00,SELL,MEC-A,2025-12-02 16:49:00-05:00,16
2025-12-02 21:50:00+00:00,SELL,MEC-A,2025-12-02 16:50:00-05:00,16
2025-12-02 21:53:00+00:00,SELL,MEC-A,2025-12-02 16:53:00-05:00,16
2025-12-02 21:56:00+00:00,SELL,MEC-A,2025-12-02 16:56:00-05:00,16
2025-12-03 01:31:00+00:00,SELL,MEC-A,2025-12-02 20:31:00-05:00,20
2025-12-03 01:32:00+00:00,SELL,MEC-A,2025-12-02 20:32:00-05:00,20
2025-12-03 01:35:00+00:00,BUY,MEC-A,2025-12-02 20:35:00-05:00,20
2025-12-03 01:49:00+00:00,BUY,MEC-A,2025-12-02 20:49:00-05:00,20
2025-12-03 01:51:00+00:00,BUY,MEC-A,2025-12-02 20:51:00-05:00,20
2025-12-03 02:03:00+00:00,BUY,MEC-A,2025-12-02 21:03:00-05:00,21
2025-12-03 02:04:00+00:00,BUY,MEC-A,2025-12-02 21:04:00-05:00,21
2025-12-03 02:06:00+00:00,BUY,MEC-A,2025-12-02 21:06:00-05:00,21
2025-12-03 02:14:00+00:00,BUY,MEC-A,2025-12-02 21:14:00-05:00,21
2025-12-03 02:21:00+00:00,SELL,MEC-A,2025-12-02 21:21:00-05:00,21
2025-12-03 02:23:00+00:00,SELL,MEC-A,2025-12-02 21:23:00-05:00,21
2025-12-03 02:30:00+00:00,BUY,MEC-A,2025-12-02 21:30:00-05:00,21
2025-12-03 02:33:00+00:00,BUY,MEC-A,2025-12-02 21:33:00-05:00,21
2025-12-03 02:36:00+00:00,BUY,MEC-A,2025-12-02 21:36:00-05:00,21
2025-12-03 02:39:00+00:00,BUY,MEC-A,2025-12-02 21:39:00-05:00,21
2025-12-03 02:46:00+00:00,BUY,MEC-A,2025-12-02 21:46:00-05:00,21
2025-12-03 02:52:00+00:00,BUY,MEC-A,2025-12-02 21:52:00-05:00,21
2025-12-03 02:56:00+00:00,BUY,MEC-A,2025-12-02 21:56:00-05:00,21
2025-12-03 02:59:00+00:00,BUY,MEC-A,2025-12-02 21:59:00-05:00,21
2025-12-03 03:03:00+00:00,SELL,MEC-A,2025-12-02 22:03:00-05:00,22
2025-12-03 03:11:00+00:00,SELL,MEC-A,2025-12-02 22:11:00-05:00,22
2025-12-03 03:21:00+00:00,SELL,MEC-A,2025-12-02 22:21:00-05:00,22
2025-12-03 03:24:00+00:00,SELL,MEC-A,2025-12-02 22:24:00-05:00,22
2025-12-03 03:31:00+00:00,SELL,MEC-A,2025-12-02 22:31:00-05:00,22
2025-12-03 03:35:00+00:00,SELL,MEC-A,2025-12-02 22:35:00-05:00,22
2025-12-03 03:38:00+00:00,SELL,MEC-A,2025-12-02 22:38:00-05:00,22
2025-12-03 03:39:00+00:00,SELL,MEC-A,2025-12-02 22:39:00-05:00,22
2025-12-03 03:40:00+00:00,SELL,MEC-A,2025-12-02 22:40:00-05:00,22
2025-12-03 03:46:00+00:00,SELL,MEC-A,2025-12-02 22:46:00-05:00,22
2025-12-03 03:50:00+00:00,SELL,MEC-A,2025-12-02 22:50:00-05:00,22
2025-12-03 03:51:00+00:00,SELL,MEC-A,2025-12-02 22:51:00-05:00,22
2025-12-03 03:52:00+00:00,SELL,MEC-A,2025-12-02 22:52:00-05:00,22
2025-12-03 03:56:00+00:00,SELL,MEC-A,2025-12-02 22:56:00-05:00,22
2025-12-03 03:57:00+00:00,SELL,MEC-A,2025-12-02 22:57:00-05:00,22
2025-12-03 04:02:00+00:00,SELL,MEC-A,2025-12-02 23:02:00-05:00,23
2025-12-03 04:03:00+00:00,SELL,MEC-A,2025-12-02 23:03:00-05:00,23
2025-12-03 04:06:00+00:00,SELL,MEC-A,2025-12-02 23:06:00-05:00,23
2025-12-03 04:50:00+00:00,SELL,MEC-A,2025-12-02 23:50:00-05:00,23
2025-12-03 04:51:00+00:00,SELL,MEC-A,2025-12-02 23:51:00-05:00,23
2025-12-03 04:54:00+00:00,SELL,MEC-A,2025-12-02 23:54:00-05:00,23
2025-12-03 04:55:00+00:00,SELL,MEC-A,2025-12-02 23:55:00-05:00,23
2025-12-03 05:07:00+00:00,SELL,MEC-A,2025-12-03 00:07:00-05:00,0
2025-12-03 05:14:00+00:00,SELL,MEC-A,2025-12-03 00:14:00-05:00,0
2025-12-03 05:20:00+00:00,SELL,MEC-A,2025-12-03 00:20:00-05:00,0
2025-12-03 05:30:00+00:00,SELL,MEC-A,2025-12-03 00:30:00-05:00,0
2025-12-03 05:31:00+00:00,SELL,MEC-A,2025-12-03 00:31:00-05:00,0
2025-12-03 05:35:00+00:00,SELL,MEC-A,2025-12-03 00:35:00-05:00,0
2025-12-03 05:36:00+00:00,SELL,MEC-A,2025-12-03 00:36:00-05:00,0
2025-12-03 05:39:00+00:00,SELL,MEC-A,2025-12-03 00:39:00-05:00,0
2025-12-03 05:42:00+00:00,SELL,MEC-A,2025-12-03 00:42:00-05:00,0
2025-12-03 05:43:00+00:00,SELL,MEC-A,2025-12-03 00:43:00-05:00,0
2025-12-03 06:05:00+00:00,BUY,MEC-A,2025-12-03 01:05:00-05:00,1
2025-12-03 06:10:00+00:00,BUY,MEC-A,2025-12-03 01:10:00-05:00,1
2025-12-03 06:21:00+00:00,BUY,MEC-A,2025-12-03 01:21:00-05:00,1
2025-12-03 06:23:00+00:00,BUY,MEC-A,2025-12-03 01:23:00-05:00,1
2025-12-03 06:24:00+00:00,BUY,MEC-A,2025-12-03 01:24:00-05:00,1
2025-12-03 06:28:00+00:00,BUY,MEC-A,2025-12-03 01:28:00-05:00,1
2025-12-03 06:48:00+00:00,BUY,MEC-A,2025-12-03 01:48:00-05:00,1
2025-12-03 06:49:00+00:00,BUY,MEC-A,2025-12-03 01:49:00-05:00,1
2025-12-03 06:50:00+00:00,BUY,MEC-A,2025-12-03 01:50:00-05:00,1
2025-12-03 06:53:00+00:00,BUY,MEC-A,2025-12-03 01:53:00-05:00,1
2025-12-03 07:05:00+00:00,BUY,MEC-A,2025-12-03 02:05:00-05:00,2
2025-12-03 07:14:00+00:00,SELL,MEC-A,2025-12-03 02:14:00-05:00,2
2025-12-03 07:22:00+00:00,SELL,MEC-A,2025-12-03 02:22:00-05:00,2
2025-12-03 07:23:00+00:00,SELL,MEC-A,2025-12-03 02:23:00-05:00,2
2025-12-03 07:24:00+00:00,SELL,MEC-A,2025-12-03 02:24:00-05:00,2
2025-12-03 07:45:00+00:00,SELL,MEC-A,2025-12-03 02:45:00-05:00,2
2025-12-03 08:22:00+00:00,SELL,MEC-A,2025-12-03 03:22:00-05:00,3
2025-12-03 08:39:00+00:00,SELL,MEC-A,2025-12-03 03:39:00-05:00,3
2025-12-03 08:42:00+00:00,BUY,MEC-A,2025-12-03 03:42:00-05:00,3
2025-12-03 08:43:00+00:00,BUY,MEC-A,2025-12-03 03:43:00-05:00,3
2025-12-03 08:50:00+00:00,BUY,MEC-A,2025-12-03 03:50:00-05:00,3
2025-12-03 08:52:00+00:00,BUY,MEC-A,2025-12-03 03:52:00-05:00,3
2025-12-03 08:55:00+00:00,BUY,MEC-A,2025-12-03 03:55:00-05:00,3
2025-12-03 08:59:00+00:00,SELL,MEC-A,2025-12-03 03:59:00-05:00,3
2025-12-03 09:01:00+00:00,SELL,MEC-A,2025-12-03 04:01:00-05:00,4
2025-12-03 09:02:00+00:00,SELL,MEC-A,2025-12-03 04:02:00-05:00,4
2025-12-03 09:05:00+00:00,SELL,MEC-A,2025-12-03 04:05:00-05:00,4
2025-12-03 09:06:00+00:00,SELL,MEC-A,2025-12-03 04:06:00-05:00,4
2025-12-03 09:07:00+00:00,SELL,MEC-A,2025-12-03 04:07:00-05:00,4
2025-12-03 09:08:00+00:00,SELL,MEC-A,2025-12-03 04:08:00-05:00,4
2025-12-03 09:12:00+00:00,SELL,MEC-A,2025-12-03 04:12:00-05:00,4
2025-12-03 09:35:00+00:00,BUY,MEC-A,2025-12-03 04:35:00-05:00,4
2025-12-03 10:01:00+00:00,BUY,MEC-A,2025-12-03 05:01:00-05:00,5
2025-12-03 10:10:00+00:00,SELL,MEC-A,2025-12-03 05:10:00-05:00,5
2025-12-03 10:11:00+00:00,SELL,MEC-A,2025-12-03 05:11:00-05:00,5
2025-12-03 10:14:00+00:00,SELL,MEC-A,2025-12-03 05:14:00-05:00,5
2025-12-03 10:19:00+00:00,SELL,MEC-A,2025-12-03 05:19:00-05:00,5
2025-12-03 10:26:00+00:00,SELL,MEC-A,2025-12-03 05:26:00-05:00,5
2025-12-03 10:27:00+00:00,BUY,MEC-A,2025-12-03 05:27:00-05:00,5
2025-12-03 10:28:00+00:00,BUY,MEC-A,2025-12-03 05:28:00-05:00,5
2025-12-03 10:32:00+00:00,BUY,MEC-A,2025-12-03 05:32:00-05:00,5
2025-12-03 10:41:00+00:00,BUY,MEC-A,2025-12-03 05:41:00-05:00,5
2025-12-03 10:42:00+00:00,BUY,MEC-A,2025-12-03 05:42:00-05:00,5
2025-12-03 10:50:00+00:00,BUY,MEC-A,2025-12-03 05:50:00-05:00,5
2025-12-03 11:02:00+00:00,SELL,MEC-A,2025-12-03 06:02:00-05:00,6
2025-12-03 11:18:00+00:00,BUY,MEC-A,2025-12-03 06:18:00-05:00,6
2025-12-03 11:24:00+00:00,BUY,MEC-A,2025-12-03 06:24:00-05:00,6
2025-12-03 11:26:00+00:00,BUY,MEC-A,2025-12-03 06:26:00-05:00,6
2025-12-03 11:27:00+00:00,BUY,MEC-A,2025-12-03 06:27:00-05:00,6
2025-12-03 11:29:00+00:00,BUY,MEC-A,2025-12-03 06:29:00-05:00,6
2025-12-03 11:44:00+00:00,BUY,MEC-A,2025-12-03 06:44:00-05:00,6
2025-12-03 11:50:00+00:00,BUY,MEC-A,2025-12-03 06:50:00-05:00,6
2025-12-03 11:52:00+00:00,BUY,MEC-A,2025-12-03 06:52:00-05:00,6
2025-12-03 11:54:00+00:00,BUY,MEC-A,2025-12-03 06:54:00-05:00,6
2025-12-03 11:57:00+00:00,BUY,MEC-A,2025-12-03 06:57:00-05:00,6
2025-12-03 11:58:00+00:00,BUY,MEC-A,2025-12-03 06:58:00-05:00,6
2025-12-03 11:59:00+00:00,BUY,MEC-A,2025-12-03 06:59:00-05:00,6
2025-12-03 12:03:00+00:00,BUY,MEC-A,2025-12-03 07:03:00-05:00,7
2025-12-03 12:13:00+00:00,BUY,MEC-A,2025-12-03 07:13:00-05:00,7
2025-12-03 12:20:00+00:00,SELL,MEC-A,2025-12-03 07:20:00-05:00,7
2025-12-03 12:24:00+00:00,BUY,MEC-A,2025-12-03 07:24:00-05:00,7
2025-12-03 12:27:00+00:00,BUY,MEC-A,2025-12-03 07:27:00-05:00,7
2025-12-03 12:31:00+00:00,BUY,MEC-A,2025-12-03 07:31:00-05:00,7
2025-12-03 12:33:00+00:00,BUY,MEC-A,2025-12-03 07:33:00-05:00,7
2025-12-03 12:34:00+00:00,BUY,MEC-A,2025-12-03 07:34:00-05:00,7
2025-12-03 12:35:00+00:00,BUY,MEC-A,2025-12-03 07:35:00-05:00,7
2025-12-03 12:37:00+00:00,BUY,MEC-A,2025-12-03 07:37:00-05:00,7
2025-12-03 12:38:00+00:00,BUY,MEC-A,2025-12-03 07:38:00-05:00,7
2025-12-03 12:48:00+00:00,SELL,MEC-A,2025-12-03 07:48:00-05:00,7
2025-12-03 12:59:00+00:00,BUY,MEC-A,2025-12-03 07:59:00-05:00,7
2025-12-03 13:01:00+00:00,BUY,MEC-A,2025-12-03 08:01:00-05:00,8
2025-12-03 13:04:00+00:00,BUY,MEC-A,2025-12-03 08:04:00-05:00,8
2025-12-03 13:05:00+00:00,BUY,MEC-A,2025-12-03 08:05:00-05:00,8
2025-12-03 13:07:00+00:00,BUY,MEC-A,2025-12-03 08:07:00-05:00,8
2025-12-03 13:14:00+00:00,SELL,MEC-A,2025-12-03 08:14:00-05:00,8
2025-12-03 13:15:00+00:00,BUY,MEC-A,2025-12-03 08:15:00-05:00,8
2025-12-03 13:18:00+00:00,BUY,MEC-A,2025-12-03 08:18:00-05:00,8
2025-12-03 13:19:00+00:00,BUY,MEC-A,2025-12-03 08:19:00-05:00,8
2025-12-03 13:27:00+00:00,BUY,MEC-A,2025-12-03 08:27:00-05:00,8
2025-12-03 13:28:00+00:00,BUY,MEC-A,2025-12-03 08:28:00-05:00,8
2025-12-03 13:41:00+00:00,BUY,MEC-A,2025-12-03 08:41:00-05:00,8
2025-12-03 13:42:00+00:00,BUY,MEC-A,2025-12-03 08:42:00-05:00,8
2025-12-03 13:46:00+00:00,BUY,MEC-A,2025-12-03 08:46:00-05:00,8
2025-12-03 13:49:00+00:00,BUY,MEC-A,2025-12-03 08:49:00-05:00,8
2025-12-03 13:51:00+00:00,BUY,MEC-A,2025-12-03 08:51:00-05:00,8
2025-12-03 13:52:00+00:00,BUY,MEC-A,2025-12-03 08:52:00-05:00,8
2025-12-03 13:53:00+00:00,BUY,MEC-A,2025-12-03 08:53:00-05:00,8
2025-12-03 13:54:00+00:00,BUY,MEC-A,2025-12-03 08:54:00-05:00,8
2025-12-03 13:56:00+00:00,BUY,MEC-A,2025-12-03 08:56:00-05:00,8
2025-12-03 13:59:00+00:00,BUY,MEC-A,2025-12-03 08:59:00-05:00,8
2025-12-03 14:00:00+00:00,BUY,MEC-A,2025-12-03 09:00:00-05:00,9
2025-12-03 14:25:00+00:00,BUY,MEC-A,2025-12-03 09:25:00-05:00,9
2025-12-03 14:30:00+00:00,BUY,MEC-A,2025-12-03 09:30:00-05:00,9
2025-12-03 14:31:00+00:00,BUY,MEC-A,2025-12-03 09:31:00-05:00,9
2025-12-03 14:32:00+00:00,BUY,MEC-A,2025-12-03 09:32:00-05:00,9
2025-12-03 14:33:00+00:00,BUY,MEC-A,2025-12-03 09:33:00-05:00,9
2025-12-03 14:43:00+00:00,BUY,MEC-A,2025-12-03 09:43:00-05:00,9
2025-12-03 14:45:00+00:00,SELL,MEC-A,2025-12-03 09:45:00-05:00,9
2025-12-03 14:48:00+00:00,SELL,MEC-A,2025-12-03 09:48:00-05:00,9
2025-12-03 14:49:00+00:00,SELL,MEC-A,2025-12-03 09:49:00-05:00,9
2025-12-03 14:51:00+00:00,SELL,MEC-A,2025-12-03 09:51:00-05:00,9
2025-12-03 14:53:00+00:00,SELL,MEC-A,2025-12-03 09:53:00-05:00,9
2025-12-03 14:56:00+00:00,SELL,MEC-A,2025-12-03 09:56:00-05:00,9
2025-12-03 15:02:00+00:00,SELL,MEC-A,2025-12-03 10:02:00-05:00,10
2025-12-03 15:04:00+00:00,BUY,MEC-A,2025-12-03 10:04:00-05:00,10
2025-12-03 15:07:00+00:00,BUY,MEC-A,2025-12-03 10:07:00-05:00,10
2025-12-03 15:13:00+00:00,BUY,MEC-A,2025-12-03 10:13:00-05:00,10
2025-12-03 15:16:00+00:00,BUY,MEC-A,2025-12-03 10:16:00-05:00,10
2025-12-03 15:18:00+00:00,BUY,MEC-A,2025-12-03 10:18:00-05:00,10
2025-12-03 15:23:00+00:00,BUY,MEC-A,2025-12-03 10:23:00-05:00,10
2025-12-03 15:25:00+00:00,BUY,MEC-A,2025-12-03 10:25:00-05:00,10
2025-12-03 15:31:00+00:00,BUY,MEC-A,2025-12-03 10:31:00-05:00,10
2025-12-03 15:33:00+00:00,BUY,MEC-A,2025-12-03 10:33:00-05:00,10
2025-12-03 15:34:00+00:00,BUY,MEC-A,2025-12-03 10:34:00-05:00,10
2025-12-03 15:42:00+00:00,BUY,MEC-A,2025-12-03 10:42:00-05:00,10
2025-12-03 15:50:00+00:00,SELL,MEC-A,2025-12-03 10:50:00-05:00,10
2025-12-03 15:56:00+00:00,SELL,MEC-A,2025-12-03 10:56:00-05:00,10
2025-12-03 15:58:00+00:00,SELL,MEC-A,2025-12-03 10:58:00-05:00,10
2025-12-03 16:08:00+00:00,SELL,MEC-A,2025-12-03 11:08:00-05:00,11
2025-12-03 16:15:00+00:00,SELL,MEC-A,2025-12-03 11:15:00-05:00,11
2025-12-03 16:31:00+00:00,BUY,MEC-A,2025-12-03 11:31:00-05:00,11
2025-12-03 16:33:00+00:00,BUY,MEC-A,2025-12-03 11:33:00-05:00,11
2025-12-03 16:38:00+00:00,BUY,MEC-A,2025-12-03 11:38:00-05:00,11
2025-12-03 16:53:00+00:00,SELL,MEC-A,2025-12-03 11:53:00-05:00,11
2025-12-03 16:54:00+00:00,SELL,MEC-A,2025-12-03 11:54:00-05:00,11
2025-12-03 16:55:00+00:00,SELL,MEC-A,2025-12-03 11:55:00-05:00,11
2025-12-03 16:56:00+00:00,SELL,MEC-A,2025-12-03 11:56:00-05:00,11
2025-12-03 17:05:00+00:00,SELL,MEC-A,2025-12-03 12:05:00-05:00,12
2025-12-03 17:08:00+00:00,BUY,MEC-A,2025-12-03 12:08:00-05:00,12
2025-12-03 17:11:00+00:00,BUY,MEC-A,2025-12-03 12:11:00-05:00,12
2025-12-03 17:12:00+00:00,BUY,MEC-A,2025-12-03 12:12:00-05:00,12
2025-12-03 17:19:00+00:00,BUY,MEC-A,2025-12-03 12:19:00-05:00,12
2025-12-03 17:30:00+00:00,BUY,MEC-A,2025-12-03 12:30:00-05:00,12
2025-12-03 17:33:00+00:00,BUY,MEC-A,2025-12-03 12:33:00-05:00,12
2025-12-03 17:36:00+00:00,BUY,MEC-A,2025-12-03 12:36:00-05:00,12
2025-12-03 17:37:00+00:00,BUY,MEC-A,2025-12-03 12:37:00-05:00,12
2025-12-03 17:38:00+00:00,BUY,MEC-A,2025-12-03 12:38:00-05:00,12
2025-12-03 17:43:00+00:00,BUY,MEC-A,2025-12-03 12:43:00-05:00,12
2025-12-03 17:45:00+00:00,BUY,MEC-A,2025-12-03 12:45:00-05:00,12
2025-12-03 17:51:00+00:00,SELL,MEC-A,2025-12-03 12:51:00-05:00,12
2025-12-03 18:00:00+00:00,SELL,MEC-A,2025-12-03 13:00:00-05:00,13
2025-12-03 18:01:00+00:00,SELL,MEC-A,2025-12-03 13:01:00-05:00,13
2025-12-03 18:04:00+00:00,SELL,MEC-A,2025-12-03 13:04:00-05:00,13
2025-12-03 18:06:00+00:00,SELL,MEC-A,2025-12-03 13:06:00-05:00,13
2025-12-03 18:07:00+00:00,SELL,MEC-A,2025-12-03 13:07:00-05:00,13
2025-12-03 18:10:00+00:00,SELL,MEC-A,2025-12-03 13:10:00-05:00,13
2025-12-03 18:12:00+00:00,SELL,MEC-A,2025-12-03 13:12:00-05:00,13
2025-12-03 18:13:00+00:00,SELL,MEC-A,2025-12-03 13:13:00-05:00,13
2025-12-03 18:16:00+00:00,SELL,MEC-A,2025-12-03 13:16:00-05:00,13
2025-12-03 18:18:00+00:00,SELL,MEC-A,2025-12-03 13:18:00-05:00,13
2025-12-03 18:19:00+00:00,SELL,MEC-A,2025-12-03 13:19:00-05:00,13
2025-12-03 18:22:00+00:00,SELL,MEC-A,2025-12-03 13:22:00-05:00,13
2025-12-03 18:24:00+00:00,SELL,MEC-A,2025-12-03 13:24:00-05:00,13
2025-12-03 18:37:00+00:00,SELL,MEC-A,2025-12-03 13:37:00-05:00,13
2025-12-03 18:51:00+00:00,SELL,MEC-A,2025-12-03 13:51:00-05:00,13
2025-12-03 18:52:00+00:00,SELL,MEC-A,2025-12-03 13:52:00-05:00,13
2025-12-03 18:53:00+00:00,SELL,MEC-A,2025-12-03 13:53:00-05:00,13
2025-12-03 18:58:00+00:00,SELL,MEC-A,2025-12-03 13:58:00-05:00,13
2025-12-03 20:01:00+00:00,BUY,MEC-A,2025-12-03 15:01:00-05:00,15
2025-12-03 20:03:00+00:00,BUY,MEC-A,2025-12-03 15:03:00-05:00,15
2025-12-03 20:06:00+00:00,BUY,MEC-A,2025-12-03 15:06:00-05:00,15
2025-12-03 20:07:00+00:00,BUY,MEC-A,2025-12-03 15:07:00-05:00,15
2025-12-03 20:08:00+00:00,BUY,MEC-A,2025-12-03 15:08:00-05:00,15
2025-12-03 20:10:00+00:00,BUY,MEC-A,2025-12-03 15:10:00-05:00,15
2025-12-03 20:19:00+00:00,BUY,MEC-A,2025-12-03 15:19:00-05:00,15
2025-12-03 20:20:00+00:00,BUY,MEC-A,2025-12-03 15:20:00-05:00,15
2025-12-03 20:21:00+00:00,BUY,MEC-A,2025-12-03 15:21:00-05:00,15
2025-12-03 20:24:00+00:00,SELL,MEC-A,2025-12-03 15:24:00-05:00,15
2025-12-03 20:27:00+00:00,SELL,MEC-A,2025-12-03 15:27:00-05:00,15
2025-12-03 20:32:00+00:00,SELL,MEC-A,2025-12-03 15:32:00-05:00,15
2025-12-03 20:33:00+00:00,SELL,MEC-A,2025-12-03 15:33:00-05:00,15
2025-12-03 20:43:00+00:00,SELL,MEC-A,2025-12-03 15:43:00-05:00,15
2025-12-03 20:45:00+00:00,SELL,MEC-A,2025-12-03 15:45:00-05:00,15
2025-12-03 20:46:00+00:00,SELL,MEC-A,2025-12-03 15:46:00-05:00,15
2025-12-03 20:48:00+00:00,SELL,MEC-A,2025-12-03 15:48:00-05:00,15
2025-12-03 20:50:00+00:00,SELL,MEC-A,2025-12-03 15:50:00-05:00,15
2025-12-03 20:54:00+00:00,SELL,MEC-A,2025-12-03 15:54:00-05:00,15
2025-12-03 20:56:00+00:00,SELL,MEC-A,2025-12-03 15:56:00-05:00,15
2025-12-03 21:04:00+00:00,BUY,MEC-A,2025-12-03 16:04:00-05:00,16
2025-12-03 21:05:00+00:00,BUY,MEC-A,2025-12-03 16:05:00-05:00,16
2025-12-03 21:13:00+00:00,BUY,MEC-A,2025-12-03 16:13:00-05:00,16
2025-12-03 21:14:00+00:00,BUY,MEC-A,2025-12-03 16:14:00-05:00,16
2025-12-03 21:18:00+00:00,BUY,MEC-A,2025-12-03 16:18:00-05:00,16
2025-12-03 21:32:00+00:00,BUY,MEC-A,2025-12-03 16:32:00-05:00,16
2025-12-03 21:34:00+00:00,BUY,MEC-A,2025-12-03 16:34:00-05:00,16
2025-12-03 21:37:00+00:00,BUY,MEC-A,2025-12-03 16:37:00-05:00,16
2025-12-03 21:38:00+00:00,BUY,MEC-A,2025-12-03 16:38:00-05:00,16
2025-12-03 21:40:00+00:00,BUY,MEC-A,2025-12-03 16:40:00-05:00,16
2025-12-03 21:43:00+00:00,BUY,MEC-A,2025-12-03 16:43:00-05:00,16
2025-12-03 21:47:00+00:00,SELL,MEC-A,2025-12-03 16:47:00-05:00,16
2025-12-03 21:49:00+00:00,SELL,MEC-A,2025-12-03 16:49:00-05:00,16
2025-12-03 21:51:00+00:00,SELL,MEC-A,2025-12-03 16:51:00-05:00,16
2025-12-03 21:52:00+00:00,SELL,MEC-A,2025-12-03 16:52:00-05:00,16
2025-12-03 21:54:00+00:00,SELL,MEC-A,2025-12-03 16:54:00-05:00,16
2025-12-03 21:57:00+00:00,SELL,MEC-A,2025-12-03 16:57:00-05:00,16
2025-12-03 23:05:00+00:00,SELL,MEC-A,2025-12-03 18:05:00-05:00,18
2025-12-03 23:14:00+00:00,SELL,MEC-A,2025-12-03 18:14:00-05:00,18
2025-12-03 23:19:00+00:00,BUY,MEC-A,2025-12-03 18:19:00-05:00,18
2025-12-03 23:23:00+00:00,BUY,MEC-A,2025-12-03 18:23:00-05:00,18
2025-12-03 23:30:00+00:00,SELL,MEC-A,2025-12-03 18:30:00-05:00,18
2025-12-03 23:31:00+00:00,SELL,MEC-A,2025-12-03 18:31:00-05:00,18
2025-12-03 23:33:00+00:00,SELL,MEC-A,2025-12-03 18:33:00-05:00,18
2025-12-03 23:36:00+00:00,SELL,MEC-A,2025-12-03 18:36:00-05:00,18
2025-12-03 23:37:00+00:00,SELL,MEC-A,2025-12-03 18:37:00-05:00,18
2025-12-03 23:48:00+00:00,SELL,MEC-A,2025-12-03 18:48:00-05:00,18
2025-12-03 23:49:00+00:00,SELL,MEC-A,2025-12-03 18:49:00-05:00,18
2025-12-03 23:58:00+00:00,BUY,MEC-A,2025-12-03 18:58:00-05:00,18
2025-12-04 00:07:00+00:00,BUY,MEC-A,2025-12-03 19:07:00-05:00,19
2025-12-04 00:08:00+00:00,BUY,MEC-A,2025-12-03 19:08:00-05:00,19
2025-12-04 00:09:00+00:00,BUY,MEC-A,2025-12-03 19:09:00-05:00,19
2025-12-04 00:17:00+00:00,BUY,MEC-A,2025-12-03 19:17:00-05:00,19
2025-12-04 00:18:00+00:00,BUY,MEC-A,2025-12-03 19:18:00-05:00,19
2025-12-04 00:20:00+00:00,BUY,MEC-A,2025-12-03 19:20:00-05:00,19
2025-12-04 00:22:00+00:00,BUY,MEC-A,2025-12-03 19:22:00-05:00,19
2025-12-04 00:23:00+00:00,BUY,MEC-A,2025-12-03 19:23:00-05:00,19
2025-12-04 00:24:00+00:00,BUY,MEC-A,2025-12-03 19:24:00-05:00,19
2025-12-04 00:30:00+00:00,BUY,MEC-A,2025-12-03 19:30:00-05:00,19
2025-12-04 00:31:00+00:00,BUY,MEC-A,2025-12-03 19:31:00-05:00,19
2025-12-04 00:36:00+00:00,BUY,MEC-A,2025-12-03 19:36:00-05:00,19
2025-12-04 00:38:00+00:00,BUY,MEC-A,2025-12-03 19:38:00-05:00,19
2025-12-04 00:44:00+00:00,BUY,MEC-A,2025-12-03 19:44:00-05:00,19
2025-12-04 00:51:00+00:00,SELL,MEC-A,2025-12-03 19:51:00-05:00,19
2025-12-04 00:54:00+00:00,SELL,MEC-A,2025-12-03 19:54:00-05:00,19
2025-12-04 00:55:00+00:00,SELL,MEC-A,2025-12-03 19:55:00-05:00,19
2025-12-04 01:00:00+00:00,BUY,MEC-A,2025-12-03 20:00:00-05:00,20
2025-12-04 01:03:00+00:00,SELL,MEC-A,2025-12-03 20:03:00-05:00,20
2025-12-04 01:44:00+00:00,BUY,MEC-A,2025-12-03 20:44:00-05:00,20
2025-12-04 01:45:00+00:00,BUY,MEC-A,2025-12-03 20:45:00-05:00,20
2025-12-04 01:56:00+00:00,SELL,MEC-A,2025-12-03 20:56:00-05:00,20
2025-12-04 01:58:00+00:00,SELL,MEC-A,2025-12-03 20:58:00-05:00,20
2025-12-04 02:00:00+00:00,SELL,MEC-A,2025-12-03 21:00:00-05:00,21
2025-12-04 02:01:00+00:00,SELL,MEC-A,2025-12-03 21:01:00-05:00,21
2025-12-04 02:04:00+00:00,SELL,MEC-A,2025-12-03 21:04:00-05:00,21
2025-12-04 02:05:00+00:00,SELL,MEC-A,2025-12-03 21:05:00-05:00,21
2025-12-04 02:06:00+00:00,SELL,MEC-A,2025-12-03 21:06:00-05:00,21
2025-12-04 02:18:00+00:00,SELL,MEC-A,2025-12-03 21:18:00-05:00,21
2025-12-04 02:19:00+00:00,SELL,MEC-A,2025-12-03 21:19:00-05:00,21
2025-12-04 02:21:00+00:00,SELL,MEC-A,2025-12-03 21:21:00-05:00,21
2025-12-04 02:25:00+00:00,BUY,MEC-A,2025-12-03 21:25:00-05:00,21
2025-12-04 02:26:00+00:00,BUY,MEC-A,2025-12-03 21:26:00-05:00,21
2025-12-04 02:28:00+00:00,BUY,MEC-A,2025-12-03 21:28:00-05:00,21
2025-12-04 02:34:00+00:00,SELL,MEC-A,2025-12-03 21:34:00-05:00,21
2025-12-04 02:44:00+00:00,SELL,MEC-A,2025-12-03 21:44:00-05:00,21
2025-12-04 02:55:00+00:00,BUY,MEC-A,2025-12-03 21:55:00-05:00,21
2025-12-04 03:02:00+00:00,SELL,MEC-A,2025-12-03 22:02:00-05:00,22
2025-12-04 03:05:00+00:00,SELL,MEC-A,2025-12-03 22:05:00-05:00,22
2025-12-04 03:10:00+00:00,SELL,MEC-A,2025-12-03 22:10:00-05:00,22
2025-12-04 03:11:00+00:00,SELL,MEC-A,2025-12-03 22:11:00-05:00,22
2025-12-04 03:14:00+00:00,SELL,MEC-A,2025-12-03 22:14:00-05:00,22
2025-12-04 03:22:00+00:00,SELL,MEC-A,2025-12-03 22:22:00-05:00,22
2025-12-04 03:25:00+00:00,SELL,MEC-A,2025-12-03 22:25:00-05:00,22
2025-12-04 03:26:00+00:00,SELL,MEC-A,2025-12-03 22:26:00-05:00,22
2025-12-04 03:32:00+00:00,SELL,MEC-A,2025-12-03 22:32:00-05:00,22
2025-12-04 03:44:00+00:00,BUY,MEC-A,2025-12-03 22:44:00-05:00,22
2025-12-04 03:46:00+00:00,BUY,MEC-A,2025-12-03 22:46:00-05:00,22
2025-12-04 04:09:00+00:00,SELL,MEC-A,2025-12-03 23:09:00-05:00,23
2025-12-04 04:25:00+00:00,BUY,MEC-A,2025-12-03 23:25:00-05:00,23
2025-12-04 04:26:00+00:00,BUY,MEC-A,2025-12-03 23:26:00-05:00,23
2025-12-04 04:50:00+00:00,SELL,MEC-A,2025-12-03 23:50:00-05:00,23
2025-12-04 04:52:00+00:00,SELL,MEC-A,2025-12-03 23:52:00-05:00,23
2025-12-04 04:56:00+00:00,SELL,MEC-A,2025-12-03 23:56:00-05:00,23
2025-12-04 05:13:00+00:00,SELL,MEC-A,2025-12-04 00:13:00-05:00,0
2025-12-04 05:14:00+00:00,SELL,MEC-A,2025-12-04 00:14:00-05:00,0
2025-12-04 05:17:00+00:00,SELL,MEC-A,2025-12-04 00:17:00-05:00,0
2025-12-04 05:19:00+00:00,SELL,MEC-A,2025-12-04 00:19:00-05:00,0
2025-12-04 05:21:00+00:00,SELL,MEC-A,2025-12-04 00:21:00-05:00,0
2025-12-04 05:37:00+00:00,SELL,MEC-A,2025-12-04 00:37:00-05:00,0
2025-12-04 05:38:00+00:00,SELL,MEC-A,2025-12-04 00:38:00-05:00,0
2025-12-04 05:39:00+00:00,SELL,MEC-A,2025-12-04 00:39:00-05:00,0
2025-12-04 05:43:00+00:00,SELL,MEC-A,2025-12-04 00:43:00-05:00,0
2025-12-04 05:46:00+00:00,SELL,MEC-A,2025-12-04 00:46:00-05:00,0
2025-12-04 05:48:00+00:00,SELL,MEC-A,2025-12-04 00:48:00-05:00,0
2025-12-04 05:49:00+00:00,SELL,MEC-A,2025-12-04 00:49:00-05:00,0
2025-12-04 05:52:00+00:00,SELL,MEC-A,2025-12-04 00:52:00-05:00,0
2025-12-04 06:13:00+00:00,SELL,MEC-A,2025-12-04 01:13:00-05:00,1
2025-12-04 06:19:00+00:00,BUY,MEC-A,2025-12-04 01:19:00-05:00,1
2025-12-04 06:32:00+00:00,BUY,MEC-A,2025-12-04 01:32:00-05:00,1
2025-12-04 06:37:00+00:00,BUY,MEC-A,2025-12-04 01:37:00-05:00,1
2025-12-04 06:38:00+00:00,BUY,MEC-A,2025-12-04 01:38:00-05:00,1
2025-12-04 06:40:00+00:00,BUY,MEC-A,2025-12-04 01:40:00-05:00,1
2025-12-04 06:44:00+00:00,BUY,MEC-A,2025-12-04 01:44:00-05:00,1
2025-12-04 06:46:00+00:00,BUY,MEC-A,2025-12-04 01:46:00-05:00,1
2025-12-04 06:52:00+00:00,BUY,MEC-A,2025-12-04 01:52:00-05:00,1
2025-12-04 06:56:00+00:00,BUY,MEC-A,2025-12-04 01:56:00-05:00,1
2025-12-04 06:57:00+00:00,BUY,MEC-A,2025-12-04 01:57:00-05:00,1
2025-12-04 06:59:00+00:00,BUY,MEC-A,2025-12-04 01:59:00-05:00,1
2025-12-04 07:04:00+00:00,BUY,MEC-A,2025-12-04 02:04:00-05:00,2
2025-12-04 07:06:00+00:00,BUY,MEC-A,2025-12-04 02:06:00-05:00,2
2025-12-04 07:11:00+00:00,BUY,MEC-A,2025-12-04 02:11:00-05:00,2
2025-12-04 07:14:00+00:00,BUY,MEC-A,2025-12-04 02:14:00-05:00,2
2025-12-04 07:15:00+00:00,BUY,MEC-A,2025-12-04 02:15:00-05:00,2
2025-12-04 07:19:00+00:00,BUY,MEC-A,2025-12-04 02:19:00-05:00,2
2025-12-04 07:34:00+00:00,BUY,MEC-A,2025-12-04 02:34:00-05:00,2
2025-12-04 07:46:00+00:00,SELL,MEC-A,2025-12-04 02:46:00-05:00,2
2025-12-04 07:52:00+00:00,BUY,MEC-A,2025-12-04 02:52:00-05:00,2
2025-12-04 07:55:00+00:00,BUY,MEC-A,2025-12-04 02:55:00-05:00,2
2025-12-04 07:58:00+00:00,BUY,MEC-A,2025-12-04 02:58:00-05:00,2
2025-12-04 08:02:00+00:00,BUY,MEC-A,2025-12-04 03:02:00-05:00,3
2025-12-04 08:07:00+00:00,BUY,MEC-A,2025-12-04 03:07:00-05:00,3
2025-12-04 08:17:00+00:00,BUY,MEC-A,2025-12-04 03:17:00-05:00,3
2025-12-04 08:26:00+00:00,BUY,MEC-A,2025-12-04 03:26:00-05:00,3
2025-12-04 08:28:00+00:00,SELL,MEC-A,2025-12-04 03:28:00-05:00,3
2025-12-04 08:43:00+00:00,SELL,MEC-A,2025-12-04 03:43:00-05:00,3
2025-12-04 08:44:00+00:00,SELL,MEC-A,2025-12-04 03:44:00-05:00,3
2025-12-04 08:45:00+00:00,SELL,MEC-A,2025-12-04 03:45:00-05:00,3
2025-12-04 08:49:00+00:00,SELL,MEC-A,2025-12-04 03:49:00-05:00,3
2025-12-04 08:50:00+00:00,SELL,MEC-A,2025-12-04 03:50:00-05:00,3
2025-12-04 08:59:00+00:00,SELL,MEC-A,2025-12-04 03:59:00-05:00,3
2025-12-04 09:28:00+00:00,BUY,MEC-A,2025-12-04 04:28:00-05:00,4
2025-12-04 09:32:00+00:00,BUY,MEC-A,2025-12-04 04:32:00-05:00,4
2025-12-04 09:33:00+00:00,BUY,MEC-A,2025-12-04 04:33:00-05:00,4
2025-12-04 09:34:00+00:00,BUY,MEC-A,2025-12-04 04:34:00-05:00,4
2025-12-04 09:37:00+00:00,BUY,MEC-A,2025-12-04 04:37:00-05:00,4
2025-12-04 09:41:00+00:00,BUY,MEC-A,2025-12-04 04:41:00-05:00,4
2025-12-04 09:42:00+00:00,BUY,MEC-A,2025-12-04 04:42:00-05:00,4
2025-12-04 09:43:00+00:00,BUY,MEC-A,2025-12-04 04:43:00-05:00,4
2025-12-04 09:48:00+00:00,BUY,MEC-A,2025-12-04 04:48:00-05:00,4
2025-12-04 09:50:00+00:00,BUY,MEC-A,2025-12-04 04:50:00-05:00,4
2025-12-04 09:52:00+00:00,BUY,MEC-A,2025-12-04 04:52:00-05:00,4
2025-12-04 09:54:00+00:00,BUY,MEC-A,2025-12-04 04:54:00-05:00,4
2025-12-04 09:55:00+00:00,BUY,MEC-A,2025-12-04 04:55:00-05:00,4
2025-12-04 10:06:00+00:00,BUY,MEC-A,2025-12-04 05:06:00-05:00,5
2025-12-04 10:10:00+00:00,BUY,MEC-A,2025-12-04 05:10:00-05:00,5
2025-12-04 10:52:00+00:00,SELL,MEC-A,2025-12-04 05:52:00-05:00,5
2025-12-04 10:53:00+00:00,SELL,MEC-A,2025-12-04 05:53:00-05:00,5
2025-12-04 10:54:00+00:00,SELL,MEC-A,2025-12-04 05:54:00-05:00,5
2025-12-04 10:58:00+00:00,SELL,MEC-A,2025-12-04 05:58:00-05:00,5
2025-12-04 11:07:00+00:00,BUY,MEC-A,2025-12-04 06:07:00-05:00,6
2025-12-04 11:08:00+00:00,BUY,MEC-A,2025-12-04 06:08:00-05:00,6
2025-12-04 11:09:00+00:00,BUY,MEC-A,2025-12-04 06:09:00-05:00,6
2025-12-04 11:15:00+00:00,BUY,MEC-A,2025-12-04 06:15:00-05:00,6
2025-12-04 11:19:00+00:00,BUY,MEC-A,2025-12-04 06:19:00-05:00,6
2025-12-04 11:21:00+00:00,SELL,MEC-A,2025-12-04 06:21:00-05:00,6
2025-12-04 11:23:00+00:00,SELL,MEC-A,2025-12-04 06:23:00-05:00,6
2025-12-04 11:24:00+00:00,SELL,MEC-A,2025-12-04 06:24:00-05:00,6
2025-12-04 11:25:00+00:00,SELL,MEC-A,2025-12-04 06:25:00-05:00,6
2025-12-04 11:27:00+00:00,SELL,MEC-A,2025-12-04 06:27:00-05:00,6
2025-12-04 11:30:00+00:00,SELL,MEC-A,2025-12-04 06:30:00-05:00,6
2025-12-04 11:37:00+00:00,SELL,MEC-A,2025-12-04 06:37:00-05:00,6
2025-12-04 11:38:00+00:00,SELL,MEC-A,2025-12-04 06:38:00-05:00,6
2025-12-04 11:40:00+00:00,SELL,MEC-A,2025-12-04 06:40:00-05:00,6
2025-12-04 11:46:00+00:00,SELL,MEC-A,2025-12-04 06:46:00-05:00,6
2025-12-04 11:47:00+00:00,SELL,MEC-A,2025-12-04 06:47:00-05:00,6
2025-12-04 11:48:00+00:00,SELL,MEC-A,2025-12-04 06:48:00-05:00,6
2025-12-04 11:54:00+00:00,SELL,MEC-A,2025-12-04 06:54:00-05:00,6
2025-12-04 11:56:00+00:00,SELL,MEC-A,2025-12-04 06:56:00-05:00,6
2025-12-04 12:04:00+00:00,SELL,MEC-A,2025-12-04 07:04:00-05:00,7
2025-12-04 12:12:00+00:00,BUY,MEC-A,2025-12-04 07:12:00-05:00,7
2025-12-04 12:30:00+00:00,SELL,MEC-A,2025-12-04 07:30:00-05:00,7
2025-12-04 12:34:00+00:00,SELL,MEC-A,2025-12-04 07:34:00-05:00,7
2025-12-04 12:41:00+00:00,SELL,MEC-A,2025-12-04 07:41:00-05:00,7
2025-12-04 12:46:00+00:00,SELL,MEC-A,2025-12-04 07:46:00-05:00,7
2025-12-04 12:47:00+00:00,SELL,MEC-A,2025-12-04 07:47:00-05:00,7
2025-12-04 12:53:00+00:00,SELL,MEC-A,2025-12-04 07:53:00-05:00,7
2025-12-04 12:55:00+00:00,SELL,MEC-A,2025-12-04 07:55:00-05:00,7
2025-12-04 13:02:00+00:00,BUY,MEC-A,2025-12-04 08:02:00-05:00,8
2025-12-04 13:05:00+00:00,SELL,MEC-A,2025-12-04 08:05:00-05:00,8
2025-12-04 13:11:00+00:00,SELL,MEC-A,2025-12-04 08:11:00-05:00,8
2025-12-04 13:24:00+00:00,BUY,MEC-A,2025-12-04 08:24:00-05:00,8
2025-12-04 13:26:00+00:00,BUY,MEC-A,2025-12-04 08:26:00-05:00,8
2025-12-04 13:27:00+00:00,BUY,MEC-A,2025-12-04 08:27:00-05:00,8
2025-12-04 13:28:00+00:00,BUY,MEC-A,2025-12-04 08:28:00-05:00,8
2025-12-04 13:33:00+00:00,BUY,MEC-A,2025-12-04 08:33:00-05:00,8
2025-12-04 13:36:00+00:00,BUY,MEC-A,2025-12-04 08:36:00-05:00,8
2025-12-04 13:38:00+00:00,BUY,MEC-A,2025-12-04 08:38:00-05:00,8
2025-12-04 13:45:00+00:00,BUY,MEC-A,2025-12-04 08:45:00-05:00,8
2025-12-04 13:48:00+00:00,BUY,MEC-A,2025-12-04 08:48:00-05:00,8
2025-12-04 13:52:00+00:00,SELL,MEC-A,2025-12-04 08:52:00-05:00,8
2025-12-04 13:57:00+00:00,BUY,MEC-A,2025-12-04 08:57:00-05:00,8
2025-12-04 13:59:00+00:00,BUY,MEC-A,2025-12-04 08:59:00-05:00,8
2025-12-04 14:00:00+00:00,BUY,MEC-A,2025-12-04 09:00:00-05:00,9
2025-12-04 14:05:00+00:00,BUY,MEC-A,2025-12-04 09:05:00-05:00,9
2025-12-04 14:07:00+00:00,BUY,MEC-A,2025-12-04 09:07:00-05:00,9
2025-12-04 14:08:00+00:00,BUY,MEC-A,2025-12-04 09:08:00-05:00,9
2025-12-04 14:09:00+00:00,BUY,MEC-A,2025-12-04 09:09:00-05:00,9
2025-12-04 14:11:00+00:00,BUY,MEC-A,2025-12-04 09:11:00-05:00,9
2025-12-04 14:15:00+00:00,BUY,MEC-A,2025-12-04 09:15:00-05:00,9
2025-12-04 14:19:00+00:00,SELL,MEC-A,2025-12-04 09:19:00-05:00,9
2025-12-04 14:21:00+00:00,BUY,MEC-A,2025-12-04 09:21:00-05:00,9
2025-12-04 14:22:00+00:00,BUY,MEC-A,2025-12-04 09:22:00-05:00,9
2025-12-04 14:26:00+00:00,BUY,MEC-A,2025-12-04 09:26:00-05:00,9
2025-12-04 14:32:00+00:00,BUY,MEC-A,2025-12-04 09:32:00-05:00,9
2025-12-04 14:38:00+00:00,SELL,MEC-A,2025-12-04 09:38:00-05:00,9
2025-12-04 14:41:00+00:00,SELL,MEC-A,2025-12-04 09:41:00-05:00,9
2025-12-04 14:43:00+00:00,SELL,MEC-A,2025-12-04 09:43:00-05:00,9
2025-12-04 14:47:00+00:00,SELL,MEC-A,2025-12-04 09:47:00-05:00,9
2025-12-04 14:48:00+00:00,BUY,MEC-A,2025-12-04 09:48:00-05:00,9
2025-12-04 14:49:00+00:00,BUY,MEC-A,2025-12-04 09:49:00-05:00,9
2025-12-04 14:53:00+00:00,BUY,MEC-A,2025-12-04 09:53:00-05:00,9
2025-12-04 14:55:00+00:00,BUY,MEC-A,2025-12-04 09:55:00-05:00,9
2025-12-04 15:04:00+00:00,SELL,MEC-A,2025-12-04 10:04:00-05:00,10
2025-12-04 15:07:00+00:00,SELL,MEC-A,2025-12-04 10:07:00-05:00,10
2025-12-04 15:30:00+00:00,BUY,MEC-A,2025-12-04 10:30:00-05:00,10
2025-12-04 15:34:00+00:00,BUY,MEC-A,2025-12-04 10:34:00-05:00,10
2025-12-04 15:35:00+00:00,BUY,MEC-A,2025-12-04 10:35:00-05:00,10
2025-12-04 15:40:00+00:00,BUY,MEC-A,2025-12-04 10:40:00-05:00,10
2025-12-04 15:53:00+00:00,BUY,MEC-A,2025-12-04 10:53:00-05:00,10
2025-12-04 15:57:00+00:00,BUY,MEC-A,2025-12-04 10:57:00-05:00,10
2025-12-04 16:00:00+00:00,BUY,MEC-A,2025-12-04 11:00:00-05:00,11
2025-12-04 16:01:00+00:00,BUY,MEC-A,2025-12-04 11:01:00-05:00,11
2025-12-04 16:05:00+00:00,BUY,MEC-A,2025-12-04 11:05:00-05:00,11
2025-12-04 16:08:00+00:00,BUY,MEC-A,2025-12-04 11:08:00-05:00,11
2025-12-04 16:09:00+00:00,BUY,MEC-A,2025-12-04 11:09:00-05:00,11
2025-12-04 16:16:00+00:00,BUY,MEC-A,2025-12-04 11:16:00-05:00,11
2025-12-04 16:17:00+00:00,BUY,MEC-A,2025-12-04 11:17:00-05:00,11
2025-12-04 16:21:00+00:00,BUY,MEC-A,2025-12-04 11:21:00-05:00,11
2025-12-04 16:23:00+00:00,BUY,MEC-A,2025-12-04 11:23:00-05:00,11
2025-12-04 16:31:00+00:00,SELL,MEC-A,2025-12-04 11:31:00-05:00,11
2025-12-04 16:33:00+00:00,SELL,MEC-A,2025-12-04 11:33:00-05:00,11
2025-12-04 16:37:00+00:00,SELL,MEC-A,2025-12-04 11:37:00-05:00,11
2025-12-04 16:38:00+00:00,SELL,MEC-A,2025-12-04 11:38:00-05:00,11
2025-12-04 16:40:00+00:00,SELL,MEC-A,2025-12-04 11:40:00-05:00,11
2025-12-04 17:03:00+00:00,SELL,MEC-A,2025-12-04 12:03:00-05:00,12
2025-12-04 17:04:00+00:00,SELL,MEC-A,2025-12-04 12:04:00-05:00,12
2025-12-04 17:05:00+00:00,SELL,MEC-A,2025-12-04 12:05:00-05:00,12
2025-12-04 17:08:00+00:00,SELL,MEC-A,2025-12-04 12:08:00-05:00,12
2025-12-04 17:11:00+00:00,SELL,MEC-A,2025-12-04 12:11:00-05:00,12
2025-12-04 17:15:00+00:00,SELL,MEC-A,2025-12-04 12:15:00-05:00,12
2025-12-04 17:30:00+00:00,SELL,MEC-A,2025-12-04 12:30:00-05:00,12
2025-12-04 17:32:00+00:00,SELL,MEC-A,2025-12-04 12:32:00-05:00,12
2025-12-04 17:35:00+00:00,BUY,MER,2025-12-04 12:35:00-05:00,12
2025-12-04 17:44:00+00:00,BUY,MEC-A,2025-12-04 12:44:00-05:00,12
2025-12-04 17:45:00+00:00,BUY,MEC-A,2025-12-04 12:45:00-05:00,12
2025-12-04 17:47:00+00:00,BUY,MEC-A,2025-12-04 12:47:00-05:00,12
2025-12-04 17:49:00+00:00,BUY,MEC-A,2025-12-04 12:49:00-05:00,12
2025-12-04 17:50:00+00:00,BUY,MEC-A,2025-12-04 12:50:00-05:00,12
2025-12-04 17:53:00+00:00,BUY,MEC-A,2025-12-04 12:53:00-05:00,12
2025-12-04 17:56:00+00:00,BUY,MEC-A,2025-12-04 12:56:00-05:00,12
2025-12-04 17:58:00+00:00,BUY,MEC-A,2025-12-04 12:58:00-05:00,12
2025-12-04 18:05:00+00:00,SELL,MEC-A,2025-12-04 13:05:00-05:00,13
2025-12-04 18:07:00+00:00,SELL,MEC-A,2025-12-04 13:07:00-05:00,13
2025-12-04 18:17:00+00:00,SELL,MEC-A,2025-12-04 13:17:00-05:00,13
2025-12-04 18:28:00+00:00,SELL,MEC-A,2025-12-04 13:28:00-05:00,13
2025-12-04 18:30:00+00:00,SELL,MEC-A,2025-12-04 13:30:00-05:00,13
2025-12-04 18:33:00+00:00,SELL,MEC-A,2025-12-04 13:33:00-05:00,13
2025-12-04 18:43:00+00:00,SELL,MEC-A,2025-12-04 13:43:00-05:00,13
2025-12-04 18:47:00+00:00,SELL,MEC-A,2025-12-04 13:47:00-05:00,13
2025-12-04 18:52:00+00:00,SELL,MEC-A,2025-12-04 13:52:00-05:00,13
2025-12-04 18:55:00+00:00,SELL,MEC-A,2025-12-04 13:55:00-05:00,13
2025-12-04 18:58:00+00:00,SELL,MEC-A,2025-12-04 13:58:00-05:00,13
2025-12-04 18:59:00+00:00,SELL,MEC-A,2025-12-04 13:59:00-05:00,13
2025-12-04 19:04:00+00:00,SELL,MEC-A,2025-12-04 14:04:00-05:00,14
2025-12-04 19:06:00+00:00,SELL,MEC-A,2025-12-04 14:06:00-05:00,14
2025-12-04 19:07:00+00:00,SELL,MEC-A,2025-12-04 14:07:00-05:00,14
2025-12-04 19:08:00+00:00,SELL,MEC-A,2025-12-04 14:08:00-05:00,14
2025-12-04 19:18:00+00:00,SELL,MEC-A,2025-12-04 14:18:00-05:00,14
2025-12-04 19:19:00+00:00,SELL,MEC-A,2025-12-04 14:19:00-05:00,14
2025-12-04 19:21:00+00:00,SELL,MEC-A,2025-12-04 14:21:00-05:00,14
2025-12-04 19:22:00+00:00,SELL,MEC-A,2025-12-04 14:22:00-05:00,14
2025-12-04 19:28:00+00:00,BUY,MEC-A,2025-12-04 14:28:00-05:00,14
2025-12-04 19:32:00+00:00,BUY,MEC-A,2025-12-04 14:32:00-05:00,14
2025-12-04 19:33:00+00:00,BUY,MEC-A,2025-12-04 14:33:00-05:00,14
2025-12-04 19:34:00+00:00,BUY,MEC-A,2025-12-04 14:34:00-05:00,14
2025-12-04 19:35:00+00:00,BUY,MEC-A,2025-12-04 14:35:00-05:00,14
2025-12-04 19:36:00+00:00,BUY,MEC-A,2025-12-04 14:36:00-05:00,14
2025-12-04 19:39:00+00:00,BUY,MEC-A,2025-12-04 14:39:00-05:00,14
2025-12-04 19:45:00+00:00,SELL,MEC-A,2025-12-04 14:45:00-05:00,14
2025-12-04 19:49:00+00:00,SELL,MEC-A,2025-12-04 14:49:00-05:00,14
2025-12-04 19:53:00+00:00,SELL,MEC-A,2025-12-04 14:53:00-05:00,14
2025-12-04 20:01:00+00:00,SELL,MEC-A,2025-12-04 15:01:00-05:00,15
2025-12-04 20:04:00+00:00,SELL,MEC-A,2025-12-04 15:04:00-05:00,15
2025-12-04 20:06:00+00:00,SELL,MEC-A,2025-12-04 15:06:00-05:00,15
2025-12-04 20:14:00+00:00,SELL,MEC-A,2025-12-04 15:14:00-05:00,15
2025-12-04 20:18:00+00:00,SELL,MEC-A,2025-12-04 15:18:00-05:00,15
2025-12-04 20:36:00+00:00,SELL,MEC-A,2025-12-04 15:36:00-05:00,15
2025-12-04 20:59:00+00:00,BUY,MEC-A,2025-12-04 15:59:00-05:00,15
2025-12-04 21:08:00+00:00,BUY,MEC-A,2025-12-04 16:08:00-05:00,16
2025-12-04 21:17:00+00:00,SELL,MEC-A,2025-12-04 16:17:00-05:00,16
2025-12-04 21:18:00+00:00,SELL,MEC-A,2025-12-04 16:18:00-05:00,16
2025-12-04 21:31:00+00:00,SELL,MEC-A,2025-12-04 16:31:00-05:00,16
2025-12-04 21:40:00+00:00,BUY,MEC-A,2025-12-04 16:40:00-05:00,16
2025-12-04 21:44:00+00:00,BUY,MEC-A,2025-12-04 16:44:00-05:00,16
2025-12-04 21:46:00+00:00,BUY,MEC-A,2025-12-04 16:46:00-05:00,16
2025-12-04 21:59:00+00:00,SELL,MEC-A,2025-12-04 16:59:00-05:00,16
2025-12-04 23:25:00+00:00,BUY,MEC-A,2025-12-04 18:25:00-05:00,18
2025-12-04 23:26:00+00:00,BUY,MEC-A,2025-12-04 18:26:00-05:00,18
2025-12-04 23:28:00+00:00,SELL,MEC-A,2025-12-04 18:28:00-05:00,18
2025-12-04 23:37:00+00:00,SELL,MEC-A,2025-12-04 18:37:00-05:00,18
2025-12-04 23:39:00+00:00,SELL,MEC-A,2025-12-04 18:39:00-05:00,18
2025-12-04 23:44:00+00:00,SELL,MEC-A,2025-12-04 18:44:00-05:00,18
2025-12-04 23:45:00+00:00,SELL,MEC-A,2025-12-04 18:45:00-05:00,18
2025-12-04 23:47:00+00:00,SELL,MEC-A,2025-12-04 18:47:00-05:00,18
2025-12-04 23:49:00+00:00,SELL,MEC-A,2025-12-04 18:49:00-05:00,18
2025-12-05 00:01:00+00:00,SELL,MEC-A,2025-12-04 19:01:00-05:00,19
2025-12-05 00:05:00+00:00,BUY,MEC-A,2025-12-04 19:05:00-05:00,19
2025-12-05 00:08:00+00:00,BUY,MEC-A,2025-12-04 19:08:00-05:00,19
2025-12-05 00:09:00+00:00,BUY,MEC-A,2025-12-04 19:09:00-05:00,19
2025-12-05 00:11:00+00:00,BUY,MEC-A,2025-12-04 19:11:00-05:00,19
2025-12-05 00:13:00+00:00,BUY,MEC-A,2025-12-04 19:13:00-05:00,19
2025-12-05 00:16:00+00:00,BUY,MEC-A,2025-12-04 19:16:00-05:00,19
2025-12-05 00:17:00+00:00,BUY,MEC-A,2025-12-04 19:17:00-05:00,19
2025-12-05 00:20:00+00:00,SELL,MEC-A,2025-12-04 19:20:00-05:00,19
2025-12-05 00:23:00+00:00,SELL,MEC-A,2025-12-04 19:23:00-05:00,19
2025-12-05 00:24:00+00:00,SELL,MEC-A,2025-12-04 19:24:00-05:00,19
2025-12-05 00:26:00+00:00,SELL,MEC-A,2025-12-04 19:26:00-05:00,19
2025-12-05 00:28:00+00:00,SELL,MEC-A,2025-12-04 19:28:00-05:00,19
2025-12-05 00:30:00+00:00,SELL,MEC-A,2025-12-04 19:30:00-05:00,19
2025-12-05 00:33:00+00:00,SELL,MEC-A,2025-12-04 19:33:00-05:00,19
2025-12-05 00:39:00+00:00,SELL,MEC-A,2025-12-04 19:39:00-05:00,19
2025-12-05 00:43:00+00:00,SELL,MEC-A,2025-12-04 19:43:00-05:00,19
2025-12-05 00:45:00+00:00,SELL,MEC-A,2025-12-04 19:45:00-05:00,19
2025-12-05 00:49:00+00:00,SELL,MEC-A,2025-12-04 19:49:00-05:00,19
2025-12-05 00:50:00+00:00,SELL,MEC-A,2025-12-04 19:50:00-05:00,19
2025-12-05 00:52:00+00:00,SELL,MEC-A,2025-12-04 19:52:00-05:00,19
2025-12-05 00:54:00+00:00,SELL,MEC-A,2025-12-04 19:54:00-05:00,19
2025-12-05 00:55:00+00:00,SELL,MEC-A,2025-12-04 19:55:00-05:00,19
2025-12-05 00:57:00+00:00,SELL,MEC-A,2025-12-04 19:57:00-05:00,19
2025-12-05 01:00:00+00:00,SELL,MEC-A,2025-12-04 20:00:00-05:00,20
2025-12-05 01:05:00+00:00,SELL,MEC-A,2025-12-04 20:05:00-05:00,20
2025-12-05 01:07:00+00:00,SELL,MEC-A,2025-12-04 20:07:00-05:00,20
2025-12-05 01:10:00+00:00,SELL,MEC-A,2025-12-04 20:10:00-05:00,20
2025-12-05 01:15:00+00:00,SELL,MEC-A,2025-12-04 20:15:00-05:00,20
2025-12-05 01:19:00+00:00,SELL,MEC-A,2025-12-04 20:19:00-05:00,20
2025-12-05 01:23:00+00:00,BUY,MEC-A,2025-12-04 20:23:00-05:00,20
2025-12-05 01:24:00+00:00,BUY,MEC-A,2025-12-04 20:24:00-05:00,20
2025-12-05 01:26:00+00:00,BUY,MEC-A,2025-12-04 20:26:00-05:00,20
2025-12-05 01:29:00+00:00,BUY,MEC-A,2025-12-04 20:29:00-05:00,20
2025-12-05 01:31:00+00:00,BUY,MEC-A,2025-12-04 20:31:00-05:00,20
2025-12-05 01:32:00+00:00,BUY,MEC-A,2025-12-04 20:32:00-05:00,20
2025-12-05 01:34:00+00:00,BUY,MEC-A,2025-12-04 20:34:00-05:00,20
2025-12-05 01:42:00+00:00,SELL,MEC-A,2025-12-04 20:42:00-05:00,20
2025-12-05 01:47:00+00:00,BUY,MEC-A,2025-12-04 20:47:00-05:00,20
2025-12-05 01:48:00+00:00,BUY,MEC-A,2025-12-04 20:48:00-05:00,20
2025-12-05 01:58:00+00:00,BUY,MEC-A,2025-12-04 20:58:00-05:00,20
2025-12-05 02:19:00+00:00,SELL,MEC-A,2025-12-04 21:19:00-05:00,21
2025-12-05 02:20:00+00:00,SELL,MEC-A,2025-12-04 21:20:00-05:00,21
2025-12-05 02:28:00+00:00,SELL,MEC-A,2025-12-04 21:28:00-05:00,21
2025-12-05 02:35:00+00:00,SELL,MEC-A,2025-12-04 21:35:00-05:00,21
2025-12-05 02:38:00+00:00,BUY,MEC-A,2025-12-04 21:38:00-05:00,21
2025-12-05 02:40:00+00:00,BUY,MEC-A,2025-12-04 21:40:00-05:00,21
2025-12-05 02:42:00+00:00,BUY,MEC-A,2025-12-04 21:42:00-05:00,21
2025-12-05 02:43:00+00:00,BUY,MEC-A,2025-12-04 21:43:00-05:00,21
2025-12-05 02:44:00+00:00,BUY,MEC-A,2025-12-04 21:44:00-05:00,21
2025-12-05 02:45:00+00:00,BUY,MEC-A,2025-12-04 21:45:00-05:00,21
2025-12-05 02:46:00+00:00,BUY,MEC-A,2025-12-04 21:46:00-05:00,21
2025-12-05 02:49:00+00:00,BUY,MEC-A,2025-12-04 21:49:00-05:00,21
2025-12-05 02:52:00+00:00,BUY,MEC-A,2025-12-04 21:52:00-05:00,21
2025-12-05 02:58:00+00:00,BUY,MEC-A,2025-12-04 21:58:00-05:00,21
2025-12-05 02:59:00+00:00,BUY,MEC-A,2025-12-04 21:59:00-05:00,21
2025-12-05 03:01:00+00:00,BUY,MEC-A,2025-12-04 22:01:00-05:00,22
2025-12-05 03:05:00+00:00,SELL,MEC-A,2025-12-04 22:05:00-05:00,22
2025-12-05 03:09:00+00:00,SELL,MEC-A,2025-12-04 22:09:00-05:00,22
2025-12-05 03:10:00+00:00,SELL,MEC-A,2025-12-04 22:10:00-05:00,22
2025-12-05 03:13:00+00:00,SELL,MEC-A,2025-12-04 22:13:00-05:00,22
2025-12-05 03:26:00+00:00,SELL,MEC-A,2025-12-04 22:26:00-05:00,22
2025-12-05 03:27:00+00:00,SELL,MEC-A,2025-12-04 22:27:00-05:00,22
2025-12-05 03:39:00+00:00,BUY,MEC-A,2025-12-04 22:39:00-05:00,22
2025-12-05 03:42:00+00:00,BUY,MEC-A,2025-12-04 22:42:00-05:00,22
2025-12-05 03:43:00+00:00,BUY,MEC-A,2025-12-04 22:43:00-05:00,22
2025-12-05 03:44:00+00:00,BUY,MEC-A,2025-12-04 22:44:00-05:00,22
2025-12-05 03:49:00+00:00,BUY,MEC-A,2025-12-04 22:49:00-05:00,22
2025-12-05 03:51:00+00:00,BUY,MEC-A,2025-12-04 22:51:00-05:00,22
2025-12-05 03:53:00+00:00,BUY,MEC-A,2025-12-04 22:53:00-05:00,22
2025-12-05 03:54:00+00:00,BUY,MEC-A,2025-12-04 22:54:00-05:00,22
2025-12-05 04:05:00+00:00,BUY,MEC-A,2025-12-04 23:05:00-05:00,23
2025-12-05 04:06:00+00:00,BUY,MEC-A,2025-12-04 23:06:00-05:00,23
2025-12-05 04:08:00+00:00,BUY,MEC-A,2025-12-04 23:08:00-05:00,23
2025-12-05 04:11:00+00:00,BUY,MEC-A,2025-12-04 23:11:00-05:00,23
2025-12-05 04:13:00+00:00,BUY,MEC-A,2025-12-04 23:13:00-05:00,23
2025-12-05 04:14:00+00:00,BUY,MEC-A,2025-12-04 23:14:00-05:00,23
2025-12-05 04:16:00+00:00,BUY,MEC-A,2025-12-04 23:16:00-05:00,23
2025-12-05 04:20:00+00:00,BUY,MEC-A,2025-12-04 23:20:00-05:00,23
2025-12-05 04:24:00+00:00,BUY,MEC-A,2025-12-04 23:24:00-05:00,23
2025-12-05 04:30:00+00:00,BUY,MEC-A,2025-12-04 23:30:00-05:00,23
2025-12-05 04:31:00+00:00,BUY,MEC-A,2025-12-04 23:31:00-05:00,23
2025-12-05 04:32:00+00:00,BUY,MEC-A,2025-12-04 23:32:00-05:00,23
2025-12-05 04:37:00+00:00,BUY,MEC-A,2025-12-04 23:37:00-05:00,23
2025-12-05 04:44:00+00:00,BUY,MEC-A,2025-12-04 23:44:00-05:00,23
2025-12-05 04:46:00+00:00,BUY,MEC-A,2025-12-04 23:46:00-05:00,23
2025-12-05 04:50:00+00:00,BUY,MEC-A,2025-12-04 23:50:00-05:00,23
2025-12-05 04:55:00+00:00,BUY,MEC-A,2025-12-04 23:55:00-05:00,23
2025-12-05 05:00:00+00:00,BUY,MEC-A,2025-12-05 00:00:00-05:00,0
2025-12-05 05:08:00+00:00,BUY,MEC-A,2025-12-05 00:08:00-05:00,0
2025-12-05 05:11:00+00:00,BUY,MEC-A,2025-12-05 00:11:00-05:00,0
2025-12-05 05:20:00+00:00,SELL,MEC-A,2025-12-05 00:20:00-05:00,0
2025-12-05 05:25:00+00:00,BUY,MEC-A,2025-12-05 00:25:00-05:00,0
2025-12-05 05:28:00+00:00,BUY,MEC-A,2025-12-05 00:28:00-05:00,0
2025-12-05 05:34:00+00:00,BUY,MEC-A,2025-12-05 00:34:00-05:00,0
2025-12-05 05:37:00+00:00,BUY,MEC-A,2025-12-05 00:37:00-05:00,0
2025-12-05 05:39:00+00:00,BUY,MEC-A,2025-12-05 00:39:00-05:00,0
2025-12-05 05:54:00+00:00,BUY,MEC-A,2025-12-05 00:54:00-05:00,0
2025-12-05 05:56:00+00:00,BUY,MEC-A,2025-12-05 00:56:00-05:00,0
2025-12-05 05:58:00+00:00,BUY,MEC-A,2025-12-05 00:58:00-05:00,0
2025-12-05 06:08:00+00:00,BUY,MEC-A,2025-12-05 01:08:00-05:00,1
2025-12-05 06:09:00+00:00,BUY,MEC-A,2025-12-05 01:09:00-05:00,1
2025-12-05 06:15:00+00:00,BUY,MEC-A,2025-12-05 01:15:00-05:00,1
2025-12-05 06:22:00+00:00,BUY,MEC-A,2025-12-05 01:22:00-05:00,1
2025-12-05 06:24:00+00:00,BUY,MEC-A,2025-12-05 01:24:00-05:00,1
2025-12-05 07:00:00+00:00,BUY,MEC-A,2025-12-05 02:00:00-05:00,2
2025-12-05 07:05:00+00:00,BUY,MEC-A,2025-12-05 02:05:00-05:00,2
2025-12-05 07:07:00+00:00,BUY,MEC-A,2025-12-05 02:07:00-05:00,2
2025-12-05 07:08:00+00:00,BUY,MEC-A,2025-12-05 02:08:00-05:00,2
2025-12-05 07:09:00+00:00,BUY,MEC-A,2025-12-05 02:09:00-05:00,2
2025-12-05 07:10:00+00:00,BUY,MEC-A,2025-12-05 02:10:00-05:00,2
2025-12-05 07:15:00+00:00,BUY,MEC-A,2025-12-05 02:15:00-05:00,2
2025-12-05 07:28:00+00:00,BUY,MEC-A,2025-12-05 02:28:00-05:00,2
2025-12-05 07:29:00+00:00,BUY,MEC-A,2025-12-05 02:29:00-05:00,2
2025-12-05 07:43:00+00:00,SELL,MEC-A,2025-12-05 02:43:00-05:00,2
2025-12-05 07:50:00+00:00,SELL,MEC-A,2025-12-05 02:50:00-05:00,2
2025-12-05 07:51:00+00:00,SELL,MEC-A,2025-12-05 02:51:00-05:00,2
2025-12-05 07:52:00+00:00,SELL,MEC-A,2025-12-05 02:52:00-05:00,2
2025-12-05 07:55:00+00:00,SELL,MEC-A,2025-12-05 02:55:00-05:00,2
2025-12-05 08:05:00+00:00,BUY,MEC-A,2025-12-05 03:05:00-05:00,3
2025-12-05 08:08:00+00:00,SELL,MEC-A,2025-12-05 03:08:00-05:00,3
2025-12-05 08:21:00+00:00,BUY,MEC-A,2025-12-05 03:21:00-05:00,3
2025-12-05 08:23:00+00:00,BUY,MEC-A,2025-12-05 03:23:00-05:00,3
2025-12-05 08:26:00+00:00,BUY,MEC-A,2025-12-05 03:26:00-05:00,3
2025-12-05 08:31:00+00:00,SELL,MEC-A,2025-12-05 03:31:00-05:00,3
2025-12-05 08:47:00+00:00,SELL,MEC-A,2025-12-05 03:47:00-05:00,3
2025-12-05 08:52:00+00:00,SELL,MEC-A,2025-12-05 03:52:00-05:00,3
2025-12-05 08:59:00+00:00,SELL,MEC-A,2025-12-05 03:59:00-05:00,3
2025-12-05 09:05:00+00:00,SELL,MEC-A,2025-12-05 04:05:00-05:00,4
2025-12-05 09:06:00+00:00,SELL,MEC-A,2025-12-05 04:06:00-05:00,4
2025-12-05 09:07:00+00:00,SELL,MEC-A,2025-12-05 04:07:00-05:00,4
2025-12-05 09:09:00+00:00,SELL,MEC-A,2025-12-05 04:09:00-05:00,4
2025-12-05 09:13:00+00:00,SELL,MEC-A,2025-12-05 04:13:00-05:00,4
2025-12-05 09:16:00+00:00,SELL,MEC-A,2025-12-05 04:16:00-05:00,4
2025-12-05 09:17:00+00:00,SELL,MEC-A,2025-12-05 04:17:00-05:00,4
2025-12-05 09:28:00+00:00,BUY,MEC-A,2025-12-05 04:28:00-05:00,4
2025-12-05 09:34:00+00:00,BUY,MEC-A,2025-12-05 04:34:00-05:00,4
2025-12-05 09:36:00+00:00,BUY,MEC-A,2025-12-05 04:36:00-05:00,4
2025-12-05 09:38:00+00:00,BUY,MEC-A,2025-12-05 04:38:00-05:00,4
2025-12-05 09:39:00+00:00,BUY,MEC-A,2025-12-05 04:39:00-05:00,4
2025-12-05 09:41:00+00:00,BUY,MEC-A,2025-12-05 04:41:00-05:00,4
2025-12-05 09:42:00+00:00,BUY,MEC-A,2025-12-05 04:42:00-05:00,4
2025-12-05 09:50:00+00:00,BUY,MEC-A,2025-12-05 04:50:00-05:00,4
2025-12-05 10:00:00+00:00,BUY,MEC-A,2025-12-05 05:00:00-05:00,5
2025-12-05 10:10:00+00:00,BUY,MEC-A,2025-12-05 05:10:00-05:00,5
2025-12-05 10:23:00+00:00,BUY,MEC-A,2025-12-05 05:23:00-05:00,5
2025-12-05 10:41:00+00:00,SELL,MEC-A,2025-12-05 05:41:00-05:00,5
2025-12-05 10:48:00+00:00,SELL,MEC-A,2025-12-05 05:48:00-05:00,5
2025-12-05 10:59:00+00:00,SELL,MEC-A,2025-12-05 05:59:00-05:00,5
2025-12-05 11:00:00+00:00,SELL,MEC-A,2025-12-05 06:00:00-05:00,6
2025-12-05 11:01:00+00:00,SELL,MEC-A,2025-12-05 06:01:00-05:00,6
2025-12-05 11:09:00+00:00,SELL,MEC-A,2025-12-05 06:09:00-05:00,6
2025-12-05 11:11:00+00:00,SELL,MEC-A,2025-12-05 06:11:00-05:00,6
2025-12-05 11:12:00+00:00,SELL,MEC-A,2025-12-05 06:12:00-05:00,6
2025-12-05 11:14:00+00:00,BUY,MEC-A,2025-12-05 06:14:00-05:00,6
2025-12-05 11:17:00+00:00,BUY,MEC-A,2025-12-05 06:17:00-05:00,6
2025-12-05 11:19:00+00:00,BUY,MEC-A,2025-12-05 06:19:00-05:00,6
2025-12-05 11:20:00+00:00,BUY,MEC-A,2025-12-05 06:20:00-05:00,6
2025-12-05 11:42:00+00:00,BUY,MEC-A,2025-12-05 06:42:00-05:00,6
2025-12-05 11:56:00+00:00,BUY,MEC-A,2025-12-05 06:56:00-05:00,6
2025-12-05 11:59:00+00:00,BUY,MEC-A,2025-12-05 06:59:00-05:00,6
2025-12-05 12:01:00+00:00,BUY,MEC-A,2025-12-05 07:01:00-05:00,7
2025-12-05 12:02:00+00:00,BUY,MEC-A,2025-12-05 07:02:00-05:00,7
2025-12-05 12:03:00+00:00,BUY,MEC-A,2025-12-05 07:03:00-05:00,7
2025-12-05 12:04:00+00:00,BUY,MEC-A,2025-12-05 07:04:00-05:00,7
2025-12-05 12:05:00+00:00,BUY,MEC-A,2025-12-05 07:05:00-05:00,7
2025-12-05 12:12:00+00:00,SELL,MEC-A,2025-12-05 07:12:00-05:00,7
2025-12-05 12:16:00+00:00,BUY,MEC-A,2025-12-05 07:16:00-05:00,7
2025-12-05 12:31:00+00:00,SELL,MEC-A,2025-12-05 07:31:00-05:00,7
2025-12-05 12:39:00+00:00,SELL,MEC-A,2025-12-05 07:39:00-05:00,7
2025-12-05 12:57:00+00:00,BUY,MEC-A,2025-12-05 07:57:00-05:00,7
2025-12-05 12:58:00+00:00,BUY,MEC-A,2025-12-05 07:58:00-05:00,7
2025-12-05 14:06:00+00:00,BUY,MEC-A,2025-12-05 09:06:00-05:00,9
2025-12-05 14:08:00+00:00,BUY,MEC-A,2025-12-05 09:08:00-05:00,9
2025-12-05 14:09:00+00:00,BUY,MEC-A,2025-12-05 09:09:00-05:00,9
2025-12-05 14:27:00+00:00,SELL,MEC-A,2025-12-05 09:27:00-05:00,9
2025-12-05 14:33:00+00:00,SELL,MEC-A,2025-12-05 09:33:00-05:00,9
2025-12-05 14:36:00+00:00,SELL,MEC-A,2025-12-05 09:36:00-05:00,9
2025-12-05 14:42:00+00:00,BUY,MEC-A,2025-12-05 09:42:00-05:00,9
2025-12-05 14:44:00+00:00,BUY,MEC-A,2025-12-05 09:44:00-05:00,9
2025-12-05 14:47:00+00:00,BUY,MEC-A,2025-12-05 09:47:00-05:00,9
2025-12-05 14:49:00+00:00,BUY,MEC-A,2025-12-05 09:49:00-05:00,9
2025-12-05 14:50:00+00:00,BUY,MEC-A,2025-12-05 09:50:00-05:00,9
2025-12-05 14:54:00+00:00,BUY,MEC-A,2025-12-05 09:54:00-05:00,9
2025-12-05 15:01:00+00:00,SELL,MEC-A,2025-12-05 10:01:00-05:00,10
2025-12-05 15:06:00+00:00,SELL,MEC-A,2025-12-05 10:06:00-05:00,10
2025-12-05 15:15:00+00:00,SELL,MEC-A,2025-12-05 10:15:00-05:00,10
2025-12-05 15:21:00+00:00,BUY,MEC-A,2025-12-05 10:21:00-05:00,10
2025-12-05 15:23:00+00:00,BUY,MEC-A,2025-12-05 10:23:00-05:00,10
2025-12-05 15:26:00+00:00,BUY,MEC-A,2025-12-05 10:26:00-05:00,10
2025-12-05 15:28:00+00:00,BUY,MEC-A,2025-12-05 10:28:00-05:00,10
2025-12-05 15:31:00+00:00,BUY,MEC-A,2025-12-05 10:31:00-05:00,10
2025-12-05 15:32:00+00:00,BUY,MEC-A,2025-12-05 10:32:00-05:00,10
2025-12-05 15:35:00+00:00,BUY,MEC-A,2025-12-05 10:35:00-05:00,10
2025-12-05 15:36:00+00:00,BUY,MEC-A,2025-12-05 10:36:00-05:00,10
2025-12-05 15:38:00+00:00,BUY,MEC-A,2025-12-05 10:38:00-05:00,10
2025-12-05 15:42:00+00:00,BUY,MEC-A,2025-12-05 10:42:00-05:00,10
2025-12-05 15:56:00+00:00,SELL,MEC-A,2025-12-05 10:56:00-05:00,10
2025-12-05 16:01:00+00:00,SELL,MEC-A,2025-12-05 11:01:00-05:00,11
2025-12-05 16:04:00+00:00,SELL,MEC-A,2025-12-05 11:04:00-05:00,11
2025-12-05 16:07:00+00:00,SELL,MEC-A,2025-12-05 11:07:00-05:00,11
2025-12-05 16:09:00+00:00,SELL,MEC-A,2025-12-05 11:09:00-05:00,11
2025-12-05 16:10:00+00:00,SELL,MEC-A,2025-12-05 11:10:00-05:00,11
2025-12-05 16:11:00+00:00,SELL,MEC-A,2025-12-05 11:11:00-05:00,11
2025-12-05 16:14:00+00:00,SELL,MEC-A,2025-12-05 11:14:00-05:00,11
2025-12-05 16:17:00+00:00,SELL,MEC-A,2025-12-05 11:17:00-05:00,11
2025-12-05 16:24:00+00:00,SELL,MEC-A,2025-12-05 11:24:00-05:00,11
2025-12-05 16:30:00+00:00,SELL,MEC-A,2025-12-05 11:30:00-05:00,11
2025-12-05 16:39:00+00:00,SELL,MEC-A,2025-12-05 11:39:00-05:00,11
2025-12-05 16:42:00+00:00,SELL,MEC-A,2025-12-05 11:42:00-05:00,11
2025-12-05 16:47:00+00:00,SELL,MEC-A,2025-12-05 11:47:00-05:00,11
2025-12-05 16:57:00+00:00,SELL,MEC-A,2025-12-05 11:57:00-05:00,11
2025-12-05 16:58:00+00:00,BUY,MEC-A,2025-12-05 11:58:00-05:00,11
2025-12-05 17:30:00+00:00,BUY,MEC-A,2025-12-05 12:30:00-05:00,12
2025-12-05 17:34:00+00:00,SELL,MEC-A,2025-12-05 12:34:00-05:00,12
2025-12-05 17:36:00+00:00,SELL,MEC-A,2025-12-05 12:36:00-05:00,12
2025-12-05 17:40:00+00:00,SELL,MEC-A,2025-12-05 12:40:00-05:00,12
2025-12-05 17:44:00+00:00,BUY,MEC-A,2025-12-05 12:44:00-05:00,12
2025-12-05 17:46:00+00:00,BUY,MEC-A,2025-12-05 12:46:00-05:00,12
2025-12-05 17:47:00+00:00,BUY,MEC-A,2025-12-05 12:47:00-05:00,12
2025-12-05 17:49:00+00:00,BUY,MEC-A,2025-12-05 12:49:00-05:00,12
2025-12-05 17:51:00+00:00,BUY,MEC-A,2025-12-05 12:51:00-05:00,12
2025-12-05 17:56:00+00:00,BUY,MEC-A,2025-12-05 12:56:00-05:00,12
2025-12-05 17:57:00+00:00,BUY,MEC-A,2025-12-05 12:57:00-05:00,12
2025-12-05 18:02:00+00:00,SELL,MEC-A,2025-12-05 13:02:00-05:00,13
2025-12-05 18:21:00+00:00,SELL,MEC-A,2025-12-05 13:21:00-05:00,13
2025-12-05 18:22:00+00:00,SELL,MEC-A,2025-12-05 13:22:00-05:00,13
2025-12-05 18:24:00+00:00,SELL,MEC-A,2025-12-05 13:24:00-05:00,13
2025-12-05 18:27:00+00:00,SELL,MEC-A,2025-12-05 13:27:00-05:00,13
2025-12-05 18:51:00+00:00,SELL,MEC-A,2025-12-05 13:51:00-05:00,13
2025-12-05 18:55:00+00:00,SELL,MEC-A,2025-12-05 13:55:00-05:00,13
2025-12-05 18:57:00+00:00,SELL,MEC-A,2025-12-05 13:57:00-05:00,13
2025-12-05 19:00:00+00:00,SELL,MEC-A,2025-12-05 14:00:00-05:00,14
2025-12-05 19:04:00+00:00,SELL,MEC-A,2025-12-05 14:04:00-05:00,14
2025-12-05 19:06:00+00:00,SELL,MEC-A,2025-12-05 14:06:00-05:00,14
2025-12-05 19:07:00+00:00,SELL,MEC-A,2025-12-05 14:07:00-05:00,14
2025-12-05 19:24:00+00:00,SELL,MEC-A,2025-12-05 14:24:00-05:00,14
2025-12-05 19:27:00+00:00,BUY,MEC-A,2025-12-05 14:27:00-05:00,14
2025-12-05 19:28:00+00:00,BUY,MEC-A,2025-12-05 14:28:00-05:00,14
2025-12-05 19:41:00+00:00,SELL,MEC-A,2025-12-05 14:41:00-05:00,14
2025-12-05 19:45:00+00:00,SELL,MEC-A,2025-12-05 14:45:00-05:00,14
2025-12-05 19:46:00+00:00,SELL,MEC-A,2025-12-05 14:46:00-05:00,14
2025-12-05 19:47:00+00:00,SELL,MEC-A,2025-12-05 14:47:00-05:00,14
2025-12-05 19:50:00+00:00,BUY,MEC-A,2025-12-05 14:50:00-05:00,14
2025-12-05 19:55:00+00:00,BUY,MEC-A,2025-12-05 14:55:00-05:00,14
2025-12-05 20:00:00+00:00,SELL,MEC-A,2025-12-05 15:00:00-05:00,15
2025-12-05 20:02:00+00:00,SELL,MEC-A,2025-12-05 15:02:00-05:00,15
2025-12-05 20:05:00+00:00,SELL,MEC-A,2025-12-05 15:05:00-05:00,15
2025-12-05 20:10:00+00:00,SELL,MEC-A,2025-12-05 15:10:00-05:00,15
2025-12-05 20:14:00+00:00,SELL,MEC-A,2025-12-05 15:14:00-05:00,15
2025-12-05 20:18:00+00:00,SELL,MEC-A,2025-12-05 15:18:00-05:00,15
2025-12-05 20:24:00+00:00,BUY,MEC-A,2025-12-05 15:24:00-05:00,15
2025-12-05 20:29:00+00:00,SELL,MEC-A,2025-12-05 15:29:00-05:00,15
2025-12-05 20:35:00+00:00,SELL,MEC-A,2025-12-05 15:35:00-05:00,15
2025-12-05 20:38:00+00:00,SELL,MEC-A,2025-12-05 15:38:00-05:00,15
2025-12-05 20:42:00+00:00,SELL,MEC-A,2025-12-05 15:42:00-05:00,15
2025-12-05 20:54:00+00:00,SELL,MEC-A,2025-12-05 15:54:00-05:00,15
2025-12-05 20:55:00+00:00,SELL,MEC-A,2025-12-05 15:55:00-05:00,15
2025-12-05 20:57:00+00:00,BUY,MEC-A,2025-12-05 15:57:00-05:00,15
2025-12-05 21:15:00+00:00,SELL,MEC-A,2025-12-05 16:15:00-05:00,16
2025-12-05 21:16:00+00:00,SELL,MEC-A,2025-12-05 16:16:00-05:00,16
2025-12-05 21:17:00+00:00,SELL,MEC-A,2025-12-05 16:17:00-05:00,16
2025-12-05 21:19:00+00:00,SELL,MEC-A,2025-12-05 16:19:00-05:00,16
2025-12-05 21:22:00+00:00,SELL,MEC-A,2025-12-05 16:22:00-05:00,16
2025-12-05 21:26:00+00:00,SELL,MEC-A,2025-12-05 16:26:00-05:00,16
2025-12-05 21:28:00+00:00,SELL,MEC-A,2025-12-05 16:28:00-05:00,16
2025-12-05 21:30:00+00:00,SELL,MEC-A,2025-12-05 16:30:00-05:00,16
2025-12-05 21:33:00+00:00,SELL,MEC-A,2025-12-05 16:33:00-05:00,16
2025-12-05 21:35:00+00:00,SELL,MEC-A,2025-12-05 16:35:00-05:00,16
2025-12-05 21:36:00+00:00,SELL,MEC-A,2025-12-05 16:36:00-05:00,16
2025-12-05 21:41:00+00:00,SELL,MEC-A,2025-12-05 16:41:00-05:00,16
2025-12-05 21:42:00+00:00,SELL,MEC-A,2025-12-05 16:42:00-05:00,16
2025-12-05 21:44:00+00:00,SELL,MEC-A,2025-12-05 16:44:00-05:00,16
2025-12-05 21:47:00+00:00,BUY,MEC-A,2025-12-05 16:47:00-05:00,16
2025-12-05 21:55:00+00:00,BUY,MEC-A,2025-12-05 16:55:00-05:00,16
2025-12-05 21:56:00+00:00,BUY,MEC-A,2025-12-05 16:56:00-05:00,16
2025-12-08 05:17:00+00:00,SELL,MEC-A,2025-12-08 00:17:00-05:00,0
2025-12-08 05:19:00+00:00,SELL,MEC-A,2025-12-08 00:19:00-05:00,0
2025-12-08 05:24:00+00:00,SELL,MEC-A,2025-12-08 00:24:00-05:00,0
2025-12-08 05:28:00+00:00,SELL,MEC-A,2025-12-08 00:28:00-05:00,0
2025-12-08 05:29:00+00:00,SELL,MEC-A,2025-12-08 00:29:00-05:00,0
2025-12-08 05:31:00+00:00,BUY,MEC-A,2025-12-08 00:31:00-05:00,0
2025-12-08 05:32:00+00:00,BUY,MEC-A,2025-12-08 00:32:00-05:00,0
2025-12-08 05:35:00+00:00,BUY,MEC-A,2025-12-08 00:35:00-05:00,0
2025-12-08 05:38:00+00:00,BUY,MEC-A,2025-12-08 00:38:00-05:00,0
2025-12-08 05:41:00+00:00,BUY,MEC-A,2025-12-08 00:41:00-05:00,0
2025-12-08 05:51:00+00:00,BUY,MEC-A,2025-12-08 00:51:00-05:00,0
2025-12-08 05:52:00+00:00,BUY,MEC-A,2025-12-08 00:52:00-05:00,0
2025-12-08 05:54:00+00:00,BUY,MEC-A,2025-12-08 00:54:00-05:00,0
2025-12-08 05:58:00+00:00,BUY,MEC-A,2025-12-08 00:58:00-05:00,0
2025-12-08 05:59:00+00:00,BUY,MEC-A,2025-12-08 00:59:00-05:00,0
2025-12-08 07:38:00+00:00,SELL,MEC-A,2025-12-08 02:38:00-05:00,2
2025-12-08 07:42:00+00:00,SELL,MEC-A,2025-12-08 02:42:00-05:00,2
2025-12-08 07:43:00+00:00,SELL,MEC-A,2025-12-08 02:43:00-05:00,2
2025-12-08 07:44:00+00:00,SELL,MEC-A,2025-12-08 02:44:00-05:00,2
2025-12-08 07:46:00+00:00,SELL,MEC-A,2025-12-08 02:46:00-05:00,2
2025-12-08 07:50:00+00:00,SELL,MEC-A,2025-12-08 02:50:00-05:00,2
2025-12-08 07:57:00+00:00,SELL,MEC-A,2025-12-08 02:57:00-05:00,2
2025-12-08 07:59:00+00:00,SELL,MEC-A,2025-12-08 02:59:00-05:00,2
2025-12-08 08:00:00+00:00,SELL,MEC-A,2025-12-08 03:00:00-05:00,3
2025-12-08 08:04:00+00:00,BUY,MEC-A,2025-12-08 03:04:00-05:00,3
2025-12-08 08:05:00+00:00,BUY,MEC-A,2025-12-08 03:05:00-05:00,3
2025-12-08 08:09:00+00:00,BUY,MEC-A,2025-12-08 03:09:00-05:00,3
2025-12-08 08:12:00+00:00,BUY,MEC-A,2025-12-08 03:12:00-05:00,3
2025-12-08 08:20:00+00:00,BUY,MEC-A,2025-12-08 03:20:00-05:00,3
2025-12-08 08:21:00+00:00,BUY,MEC-A,2025-12-08 03:21:00-05:00,3
2025-12-08 08:29:00+00:00,SELL,MEC-A,2025-12-08 03:29:00-05:00,3
2025-12-08 08:31:00+00:00,SELL,MEC-A,2025-12-08 03:31:00-05:00,3
2025-12-08 08:34:00+00:00,SELL,MEC-A,2025-12-08 03:34:00-05:00,3
2025-12-08 08:46:00+00:00,BUY,MEC-A,2025-12-08 03:46:00-05:00,3
2025-12-08 08:47:00+00:00,BUY,MEC-A,2025-12-08 03:47:00-05:00,3
2025-12-08 08:49:00+00:00,BUY,MEC-A,2025-12-08 03:49:00-05:00,3
2025-12-08 08:51:00+00:00,BUY,MEC-A,2025-12-08 03:51:00-05:00,3
2025-12-08 08:52:00+00:00,BUY,MEC-A,2025-12-08 03:52:00-05:00,3
2025-12-08 08:56:00+00:00,SELL,MEC-A,2025-12-08 03:56:00-05:00,3
2025-12-08 09:07:00+00:00,SELL,MEC-A,2025-12-08 04:07:00-05:00,4
2025-12-08 09:08:00+00:00,SELL,MEC-A,2025-12-08 04:08:00-05:00,4
2025-12-08 09:10:00+00:00,SELL,MEC-A,2025-12-08 04:10:00-05:00,4
2025-12-08 09:22:00+00:00,SELL,MEC-A,2025-12-08 04:22:00-05:00,4
2025-12-08 09:36:00+00:00,SELL,MEC-A,2025-12-08 04:36:00-05:00,4
2025-12-08 09:40:00+00:00,SELL,MEC-A,2025-12-08 04:40:00-05:00,4
2025-12-08 09:46:00+00:00,SELL,MEC-A,2025-12-08 04:46:00-05:00,4
2025-12-08 09:50:00+00:00,BUY,MEC-A,2025-12-08 04:50:00-05:00,4
2025-12-08 09:51:00+00:00,BUY,MEC-A,2025-12-08 04:51:00-05:00,4
2025-12-08 09:52:00+00:00,BUY,MEC-A,2025-12-08 04:52:00-05:00,4
2025-12-08 10:06:00+00:00,BUY,MEC-A,2025-12-08 05:06:00-05:00,5
2025-12-08 10:20:00+00:00,SELL,MEC-A,2025-12-08 05:20:00-05:00,5
2025-12-08 10:29:00+00:00,SELL,MEC-A,2025-12-08 05:29:00-05:00,5
2025-12-08 10:46:00+00:00,SELL,MEC-A,2025-12-08 05:46:00-05:00,5
2025-12-08 10:50:00+00:00,SELL,MEC-A,2025-12-08 05:50:00-05:00,5
2025-12-08 10:57:00+00:00,SELL,MEC-A,2025-12-08 05:57:00-05:00,5
2025-12-08 10:59:00+00:00,SELL,MEC-A,2025-12-08 05:59:00-05:00,5
2025-12-08 11:01:00+00:00,SELL,MEC-A,2025-12-08 06:01:00-05:00,6
2025-12-08 11:02:00+00:00,SELL,MEC-A,2025-12-08 06:02:00-05:00,6
2025-12-08 11:04:00+00:00,SELL,MEC-A,2025-12-08 06:04:00-05:00,6
2025-12-08 11:14:00+00:00,SELL,MEC-A,2025-12-08 06:14:00-05:00,6
2025-12-08 11:27:00+00:00,BUY,MEC-A,2025-12-08 06:27:00-05:00,6
2025-12-08 11:29:00+00:00,BUY,MEC-A,2025-12-08 06:29:00-05:00,6
2025-12-08 11:31:00+00:00,BUY,MEC-A,2025-12-08 06:31:00-05:00,6
2025-12-08 11:35:00+00:00,BUY,MEC-A,2025-12-08 06:35:00-05:00,6
2025-12-08 11:36:00+00:00,BUY,MEC-A,2025-12-08 06:36:00-05:00,6
2025-12-08 11:41:00+00:00,BUY,MEC-A,2025-12-08 06:41:00-05:00,6
2025-12-08 11:42:00+00:00,BUY,MEC-A,2025-12-08 06:42:00-05:00,6
2025-12-08 11:59:00+00:00,SELL,MEC-A,2025-12-08 06:59:00-05:00,6
2025-12-08 12:21:00+00:00,SELL,MEC-A,2025-12-08 07:21:00-05:00,7
2025-12-08 12:38:00+00:00,BUY,MEC-A,2025-12-08 07:38:00-05:00,7
2025-12-08 12:51:00+00:00,BUY,MEC-A,2025-12-08 07:51:00-05:00,7
2025-12-08 12:59:00+00:00,BUY,MEC-A,2025-12-08 07:59:00-05:00,7
2025-12-08 13:00:00+00:00,SELL,MEC-A,2025-12-08 08:00:00-05:00,8
2025-12-08 13:02:00+00:00,SELL,MEC-A,2025-12-08 08:02:00-05:00,8
2025-12-08 13:08:00+00:00,SELL,MEC-A,2025-12-08 08:08:00-05:00,8
2025-12-08 13:23:00+00:00,SELL,MEC-A,2025-12-08 08:23:00-05:00,8
2025-12-08 13:24:00+00:00,SELL,MEC-A,2025-12-08 08:24:00-05:00,8
2025-12-08 13:26:00+00:00,SELL,MEC-A,2025-12-08 08:26:00-05:00,8
2025-12-08 13:29:00+00:00,SELL,MEC-A,2025-12-08 08:29:00-05:00,8
2025-12-08 13:31:00+00:00,SELL,MEC-A,2025-12-08 08:31:00-05:00,8
2025-12-08 13:34:00+00:00,SELL,MEC-A,2025-12-08 08:34:00-05:00,8
2025-12-08 13:35:00+00:00,SELL,MEC-A,2025-12-08 08:35:00-05:00,8
2025-12-08 13:40:00+00:00,SELL,MEC-A,2025-12-08 08:40:00-05:00,8
2025-12-08 13:45:00+00:00,BUY,MEC-A,2025-12-08 08:45:00-05:00,8
2025-12-08 13:47:00+00:00,BUY,MEC-A,2025-12-08 08:47:00-05:00,8
2025-12-08 13:51:00+00:00,SELL,MEC-A,2025-12-08 08:51:00-05:00,8
2025-12-08 13:56:00+00:00,SELL,MEC-A,2025-12-08 08:56:00-05:00,8
2025-12-08 14:00:00+00:00,SELL,MEC-A,2025-12-08 09:00:00-05:00,9
2025-12-08 14:03:00+00:00,BUY,MEC-A,2025-12-08 09:03:00-05:00,9
2025-12-08 14:05:00+00:00,BUY,MEC-A,2025-12-08 09:05:00-05:00,9
2025-12-08 14:06:00+00:00,BUY,MEC-A,2025-12-08 09:06:00-05:00,9
2025-12-08 14:10:00+00:00,BUY,MEC-A,2025-12-08 09:10:00-05:00,9
2025-12-08 14:13:00+00:00,BUY,MEC-A,2025-12-08 09:13:00-05:00,9
2025-12-08 14:14:00+00:00,BUY,MEC-A,2025-12-08 09:14:00-05:00,9
2025-12-08 14:23:00+00:00,BUY,MEC-A,2025-12-08 09:23:00-05:00,9
2025-12-08 14:27:00+00:00,BUY,MEC-A,2025-12-08 09:27:00-05:00,9
2025-12-08 14:33:00+00:00,SELL,MEC-A,2025-12-08 09:33:00-05:00,9
2025-12-08 14:36:00+00:00,SELL,MEC-A,2025-12-08 09:36:00-05:00,9
2025-12-08 14:41:00+00:00,SELL,MEC-A,2025-12-08 09:41:00-05:00,9
2025-12-08 14:42:00+00:00,SELL,MEC-A,2025-12-08 09:42:00-05:00,9
2025-12-08 14:44:00+00:00,SELL,MEC-A,2025-12-08 09:44:00-05:00,9
2025-12-08 14:48:00+00:00,SELL,MEC-A,2025-12-08 09:48:00-05:00,9
2025-12-08 14:58:00+00:00,SELL,MEC-A,2025-12-08 09:58:00-05:00,9
2025-12-08 15:00:00+00:00,SELL,MEC-A,2025-12-08 10:00:00-05:00,10
2025-12-08 15:05:00+00:00,SELL,MEC-A,2025-12-08 10:05:00-05:00,10
2025-12-08 15:06:00+00:00,SELL,MEC-A,2025-12-08 10:06:00-05:00,10
2025-12-08 15:12:00+00:00,SELL,MEC-A,2025-12-08 10:12:00-05:00,10
2025-12-08 15:14:00+00:00,SELL,MEC-A,2025-12-08 10:14:00-05:00,10
2025-12-08 15:20:00+00:00,BUY,MEC-A,2025-12-08 10:20:00-05:00,10
2025-12-08 15:22:00+00:00,BUY,MEC-A,2025-12-08 10:22:00-05:00,10
2025-12-08 15:24:00+00:00,BUY,MEC-A,2025-12-08 10:24:00-05:00,10
2025-12-08 15:27:00+00:00,BUY,MEC-A,2025-12-08 10:27:00-05:00,10
2025-12-08 15:29:00+00:00,BUY,MEC-A,2025-12-08 10:29:00-05:00,10
2025-12-08 15:31:00+00:00,BUY,MEC-A,2025-12-08 10:31:00-05:00,10
2025-12-08 15:34:00+00:00,SELL,MEC-A,2025-12-08 10:34:00-05:00,10
2025-12-08 15:42:00+00:00,SELL,MEC-A,2025-12-08 10:42:00-05:00,10
2025-12-08 15:47:00+00:00,SELL,MEC-A,2025-12-08 10:47:00-05:00,10
2025-12-08 15:55:00+00:00,SELL,MEC-A,2025-12-08 10:55:00-05:00,10
2025-12-08 15:56:00+00:00,SELL,MEC-A,2025-12-08 10:56:00-05:00,10
2025-12-08 15:59:00+00:00,SELL,MEC-A,2025-12-08 10:59:00-05:00,10
2025-12-08 16:00:00+00:00,SELL,MEC-A,2025-12-08 11:00:00-05:00,11
2025-12-08 16:11:00+00:00,SELL,MEC-A,2025-12-08 11:11:00-05:00,11
2025-12-08 16:14:00+00:00,BUY,MEC-A,2025-12-08 11:14:00-05:00,11
2025-12-08 16:18:00+00:00,BUY,MEC-A,2025-12-08 11:18:00-05:00,11
2025-12-08 16:19:00+00:00,BUY,MEC-A,2025-12-08 11:19:00-05:00,11
2025-12-08 16:20:00+00:00,BUY,MEC-A,2025-12-08 11:20:00-05:00,11
2025-12-08 16:22:00+00:00,BUY,MEC-A,2025-12-08 11:22:00-05:00,11
2025-12-08 16:23:00+00:00,BUY,MEC-A,2025-12-08 11:23:00-05:00,11
2025-12-08 16:27:00+00:00,BUY,MEC-A,2025-12-08 11:27:00-05:00,11
2025-12-08 16:28:00+00:00,BUY,MEC-A,2025-12-08 11:28:00-05:00,11
2025-12-08 16:30:00+00:00,BUY,MEC-A,2025-12-08 11:30:00-05:00,11
2025-12-08 16:48:00+00:00,SELL,MEC-A,2025-12-08 11:48:00-05:00,11
2025-12-08 16:49:00+00:00,SELL,MEC-A,2025-12-08 11:49:00-05:00,11
2025-12-08 16:51:00+00:00,SELL,MEC-A,2025-12-08 11:51:00-05:00,11
2025-12-08 16:52:00+00:00,SELL,MEC-A,2025-12-08 11:52:00-05:00,11
2025-12-08 16:58:00+00:00,SELL,MEC-A,2025-12-08 11:58:00-05:00,11
2025-12-08 17:00:00+00:00,SELL,MEC-A,2025-12-08 12:00:00-05:00,12
2025-12-08 17:02:00+00:00,SELL,MEC-A,2025-12-08 12:02:00-05:00,12
2025-12-08 17:03:00+00:00,SELL,MEC-A,2025-12-08 12:03:00-05:00,12
2025-12-08 17:10:00+00:00,SELL,MEC-A,2025-12-08 12:10:00-05:00,12
2025-12-08 17:13:00+00:00,SELL,MEC-A,2025-12-08 12:13:00-05:00,12
2025-12-08 17:19:00+00:00,BUY,MEC-A,2025-12-08 12:19:00-05:00,12
2025-12-08 17:22:00+00:00,BUY,MEC-A,2025-12-08 12:22:00-05:00,12
2025-12-08 17:24:00+00:00,BUY,MEC-A,2025-12-08 12:24:00-05:00,12
2025-12-08 17:29:00+00:00,BUY,MEC-A,2025-12-08 12:29:00-05:00,12
2025-12-08 17:30:00+00:00,BUY,MEC-A,2025-12-08 12:30:00-05:00,12
2025-12-08 17:31:00+00:00,BUY,MEC-A,2025-12-08 12:31:00-05:00,12
2025-12-08 17:53:00+00:00,BUY,MEC-A,2025-12-08 12:53:00-05:00,12
2025-12-08 17:57:00+00:00,BUY,MEC-A,2025-12-08 12:57:00-05:00,12
2025-12-08 18:04:00+00:00,SELL,MEC-A,2025-12-08 13:04:00-05:00,13
2025-12-08 18:10:00+00:00,SELL,MEC-A,2025-12-08 13:10:00-05:00,13
2025-12-08 18:13:00+00:00,SELL,MEC-A,2025-12-08 13:13:00-05:00,13
2025-12-08 18:17:00+00:00,SELL,MEC-A,2025-12-08 13:17:00-05:00,13
2025-12-08 18:20:00+00:00,SELL,MEC-A,2025-12-08 13:20:00-05:00,13
2025-12-08 18:23:00+00:00,SELL,MEC-A,2025-12-08 13:23:00-05:00,13
2025-12-08 18:26:00+00:00,SELL,MEC-A,2025-12-08 13:26:00-05:00,13
2025-12-08 18:30:00+00:00,SELL,MEC-A,2025-12-08 13:30:00-05:00,13
2025-12-08 18:35:00+00:00,BUY,MEC-A,2025-12-08 13:35:00-05:00,13
2025-12-08 18:36:00+00:00,BUY,MEC-A,2025-12-08 13:36:00-05:00,13
2025-12-08 18:48:00+00:00,BUY,MEC-A,2025-12-08 13:48:00-05:00,13
2025-12-08 18:50:00+00:00,BUY,MEC-A,2025-12-08 13:50:00-05:00,13
2025-12-08 18:55:00+00:00,SELL,MEC-A,2025-12-08 13:55:00-05:00,13
2025-12-08 18:56:00+00:00,SELL,MEC-A,2025-12-08 13:56:00-05:00,13
2025-12-08 19:02:00+00:00,SELL,MEC-A,2025-12-08 14:02:00-05:00,14
2025-12-08 19:03:00+00:00,SELL,MEC-A,2025-12-08 14:03:00-05:00,14
2025-12-08 19:10:00+00:00,SELL,MEC-A,2025-12-08 14:10:00-05:00,14
2025-12-08 19:13:00+00:00,SELL,MEC-A,2025-12-08 14:13:00-05:00,14
2025-12-08 19:19:00+00:00,BUY,MEC-A,2025-12-08 14:19:00-05:00,14
2025-12-08 19:34:00+00:00,BUY,MEC-A,2025-12-08 14:34:00-05:00,14
2025-12-08 19:45:00+00:00,SELL,MEC-A,2025-12-08 14:45:00-05:00,14
2025-12-08 19:47:00+00:00,SELL,MEC-A,2025-12-08 14:47:00-05:00,14
2025-12-08 20:04:00+00:00,SELL,MEC-A,2025-12-08 15:04:00-05:00,15
2025-12-08 20:08:00+00:00,BUY,MEC-A,2025-12-08 15:08:00-05:00,15
2025-12-08 20:10:00+00:00,BUY,MEC-A,2025-12-08 15:10:00-05:00,15
2025-12-08 20:17:00+00:00,BUY,MEC-A,2025-12-08 15:17:00-05:00,15
2025-12-08 20:18:00+00:00,BUY,MEC-A,2025-12-08 15:18:00-05:00,15
2025-12-08 20:21:00+00:00,BUY,MEC-A,2025-12-08 15:21:00-05:00,15
2025-12-08 20:28:00+00:00,BUY,MEC-A,2025-12-08 15:28:00-05:00,15
2025-12-08 20:30:00+00:00,BUY,MEC-A,2025-12-08 15:30:00-05:00,15
2025-12-08 20:31:00+00:00,BUY,MEC-A,2025-12-08 15:31:00-05:00,15
2025-12-08 20:36:00+00:00,BUY,MEC-A,2025-12-08 15:36:00-05:00,15
2025-12-08 20:37:00+00:00,BUY,MEC-A,2025-12-08 15:37:00-05:00,15
2025-12-08 20:39:00+00:00,BUY,MEC-A,2025-12-08 15:39:00-05:00,15
2025-12-08 20:40:00+00:00,BUY,MEC-A,2025-12-08 15:40:00-05:00,15
2025-12-08 20:43:00+00:00,BUY,MEC-A,2025-12-08 15:43:00-05:00,15
2025-12-08 21:15:00+00:00,SELL,MEC-A,2025-12-08 16:15:00-05:00,16
2025-12-08 21:21:00+00:00,BUY,MEC-A,2025-12-08 16:21:00-05:00,16
2025-12-08 21:23:00+00:00,BUY,MEC-A,2025-12-08 16:23:00-05:00,16
2025-12-08 21:47:00+00:00,SELL,MEC-A,2025-12-08 16:47:00-05:00,16
2025-12-08 21:48:00+00:00,SELL,MEC-A,2025-12-08 16:48:00-05:00,16
2025-12-08 21:53:00+00:00,SELL,MEC-A,2025-12-08 16:53:00-05:00,16
2025-12-08 21:57:00+00:00,BUY,MEC-A,2025-12-08 16:57:00-05:00,16
2025-12-08 23:04:00+00:00,BUY,MEC-A,2025-12-08 18:04:00-05:00,18
2025-12-08 23:05:00+00:00,BUY,MEC-A,2025-12-08 18:05:00-05:00,18
2025-12-08 23:12:00+00:00,BUY,MEC-A,2025-12-08 18:12:00-05:00,18
2025-12-08 23:14:00+00:00,BUY,MEC-A,2025-12-08 18:14:00-05:00,18
2025-12-08 23:17:00+00:00,BUY,MEC-A,2025-12-08 18:17:00-05:00,18
2025-12-08 23:19:00+00:00,BUY,MEC-A,2025-12-08 18:19:00-05:00,18
2025-12-08 23:21:00+00:00,BUY,MEC-A,2025-12-08 18:21:00-05:00,18
2025-12-08 23:35:00+00:00,SELL,MEC-A,2025-12-08 18:35:00-05:00,18
2025-12-08 23:40:00+00:00,BUY,MEC-A,2025-12-08 18:40:00-05:00,18
2025-12-08 23:42:00+00:00,BUY,MEC-A,2025-12-08 18:42:00-05:00,18
2025-12-08 23:52:00+00:00,BUY,MEC-A,2025-12-08 18:52:00-05:00,18
2025-12-08 23:54:00+00:00,BUY,MEC-A,2025-12-08 18:54:00-05:00,18
2025-12-08 23:56:00+00:00,BUY,MEC-A,2025-12-08 18:56:00-05:00,18
2025-12-09 00:01:00+00:00,BUY,MEC-A,2025-12-08 19:01:00-05:00,19
2025-12-09 00:03:00+00:00,BUY,MEC-A,2025-12-08 19:03:00-05:00,19
2025-12-09 00:09:00+00:00,SELL,MEC-A,2025-12-08 19:09:00-05:00,19
2025-12-09 00:12:00+00:00,SELL,MEC-A,2025-12-08 19:12:00-05:00,19
2025-12-09 00:13:00+00:00,SELL,MEC-A,2025-12-08 19:13:00-05:00,19
2025-12-09 00:15:00+00:00,SELL,MEC-A,2025-12-08 19:15:00-05:00,19
2025-12-09 00:28:00+00:00,SELL,MEC-A,2025-12-08 19:28:00-05:00,19
2025-12-09 00:31:00+00:00,SELL,MEC-A,2025-12-08 19:31:00-05:00,19
2025-12-09 00:40:00+00:00,SELL,MEC-A,2025-12-08 19:40:00-05:00,19
2025-12-09 00:47:00+00:00,BUY,MEC-A,2025-12-08 19:47:00-05:00,19
2025-12-09 00:50:00+00:00,BUY,MEC-A,2025-12-08 19:50:00-05:00,19
2025-12-09 00:56:00+00:00,SELL,MEC-A,2025-12-08 19:56:00-05:00,19
2025-12-09 02:02:00+00:00,BUY,MEC-A,2025-12-08 21:02:00-05:00,21
2025-12-09 02:03:00+00:00,BUY,MEC-A,2025-12-08 21:03:00-05:00,21
2025-12-09 02:10:00+00:00,SELL,MEC-A,2025-12-08 21:10:00-05:00,21
2025-12-09 02:12:00+00:00,SELL,MEC-A,2025-12-08 21:12:00-05:00,21
2025-12-09 02:14:00+00:00,SELL,MEC-A,2025-12-08 21:14:00-05:00,21
2025-12-09 02:20:00+00:00,SELL,MEC-A,2025-12-08 21:20:00-05:00,21
2025-12-09 02:22:00+00:00,SELL,MEC-A,2025-12-08 21:22:00-05:00,21
2025-12-09 02:24:00+00:00,SELL,MEC-A,2025-12-08 21:24:00-05:00,21
2025-12-09 02:27:00+00:00,SELL,MEC-A,2025-12-08 21:27:00-05:00,21
2025-12-09 02:28:00+00:00,SELL,MEC-A,2025-12-08 21:28:00-05:00,21
2025-12-09 02:30:00+00:00,SELL,MEC-A,2025-12-08 21:30:00-05:00,21
2025-12-09 02:31:00+00:00,SELL,MEC-A,2025-12-08 21:31:00-05:00,21
2025-12-09 02:45:00+00:00,SELL,MEC-A,2025-12-08 21:45:00-05:00,21
2025-12-09 02:47:00+00:00,SELL,MEC-A,2025-12-08 21:47:00-05:00,21
2025-12-09 02:49:00+00:00,SELL,MEC-A,2025-12-08 21:49:00-05:00,21
2025-12-09 02:54:00+00:00,SELL,MEC-A,2025-12-08 21:54:00-05:00,21
2025-12-09 03:00:00+00:00,BUY,MEC-A,2025-12-08 22:00:00-05:00,22
2025-12-09 03:01:00+00:00,BUY,MEC-A,2025-12-08 22:01:00-05:00,22
2025-12-09 03:03:00+00:00,BUY,MEC-A,2025-12-08 22:03:00-05:00,22
2025-12-09 03:07:00+00:00,BUY,MEC-A,2025-12-08 22:07:00-05:00,22
2025-12-09 03:11:00+00:00,BUY,MEC-A,2025-12-08 22:11:00-05:00,22
2025-12-09 03:12:00+00:00,BUY,MEC-A,2025-12-08 22:12:00-05:00,22
2025-12-09 03:13:00+00:00,BUY,MEC-A,2025-12-08 22:13:00-05:00,22
2025-12-09 03:16:00+00:00,BUY,MEC-A,2025-12-08 22:16:00-05:00,22
2025-12-09 03:19:00+00:00,BUY,MEC-A,2025-12-08 22:19:00-05:00,22
2025-12-09 03:21:00+00:00,BUY,MEC-A,2025-12-08 22:21:00-05:00,22
2025-12-09 03:23:00+00:00,BUY,MEC-A,2025-12-08 22:23:00-05:00,22
2025-12-09 03:25:00+00:00,BUY,MEC-A,2025-12-08 22:25:00-05:00,22
2025-12-09 03:29:00+00:00,BUY,MEC-A,2025-12-08 22:29:00-05:00,22
2025-12-09 03:32:00+00:00,BUY,MEC-A,2025-12-08 22:32:00-05:00,22
2025-12-09 03:38:00+00:00,SELL,MEC-A,2025-12-08 22:38:00-05:00,22
2025-12-09 03:43:00+00:00,SELL,MEC-A,2025-12-08 22:43:00-05:00,22
2025-12-09 03:52:00+00:00,SELL,MEC-A,2025-12-08 22:52:00-05:00,22
2025-12-09 04:00:00+00:00,SELL,MEC-A,2025-12-08 23:00:00-05:00,23
2025-12-09 04:01:00+00:00,SELL,MEC-A,2025-12-08 23:01:00-05:00,23
2025-12-09 04:02:00+00:00,SELL,MEC-A,2025-12-08 23:02:00-05:00,23
2025-12-09 04:05:00+00:00,SELL,MEC-A,2025-12-08 23:05:00-05:00,23
2025-12-09 04:28:00+00:00,SELL,MEC-A,2025-12-08 23:28:00-05:00,23
2025-12-09 04:37:00+00:00,SELL,MEC-A,2025-12-08 23:37:00-05:00,23
2025-12-09 04:38:00+00:00,SELL,MEC-A,2025-12-08 23:38:00-05:00,23
2025-12-09 04:42:00+00:00,SELL,MEC-A,2025-12-08 23:42:00-05:00,23
2025-12-09 04:43:00+00:00,SELL,MEC-A,2025-12-08 23:43:00-05:00,23
2025-12-09 04:46:00+00:00,SELL,MEC-A,2025-12-08 23:46:00-05:00,23
2025-12-09 04:49:00+00:00,SELL,MEC-A,2025-12-08 23:49:00-05:00,23
2025-12-09 04:52:00+00:00,SELL,MEC-A,2025-12-08 23:52:00-05:00,23
2025-12-09 04:53:00+00:00,SELL,MEC-A,2025-12-08 23:53:00-05:00,23
2025-12-09 04:54:00+00:00,SELL,MEC-A,2025-12-08 23:54:00-05:00,23
2025-12-09 04:57:00+00:00,SELL,MEC-A,2025-12-08 23:57:00-05:00,23
2025-12-09 04:59:00+00:00,SELL,MEC-A,2025-12-08 23:59:00-05:00,23
2025-12-09 05:00:00+00:00,SELL,MEC-A,2025-12-09 00:00:00-05:00,0
2025-12-09 05:03:00+00:00,SELL,MEC-A,2025-12-09 00:03:00-05:00,0
2025-12-09 05:04:00+00:00,SELL,MEC-A,2025-12-09 00:04:00-05:00,0
2025-12-09 05:05:00+00:00,SELL,MEC-A,2025-12-09 00:05:00-05:00,0
2025-12-09 05:06:00+00:00,SELL,MEC-A,2025-12-09 00:06:00-05:00,0
2025-12-09 05:15:00+00:00,SELL,MEC-A,2025-12-09 00:15:00-05:00,0
2025-12-09 05:16:00+00:00,SELL,MEC-A,2025-12-09 00:16:00-05:00,0
2025-12-09 05:19:00+00:00,SELL,MEC-A,2025-12-09 00:19:00-05:00,0
2025-12-09 05:27:00+00:00,SELL,MEC-A,2025-12-09 00:27:00-05:00,0
2025-12-09 05:30:00+00:00,SELL,MEC-A,2025-12-09 00:30:00-05:00,0
2025-12-09 05:34:00+00:00,SELL,MEC-A,2025-12-09 00:34:00-05:00,0
2025-12-09 05:39:00+00:00,SELL,MEC-A,2025-12-09 00:39:00-05:00,0
2025-12-09 05:40:00+00:00,SELL,MEC-A,2025-12-09 00:40:00-05:00,0
2025-12-09 05:42:00+00:00,SELL,MEC-A,2025-12-09 00:42:00-05:00,0
2025-12-09 05:45:00+00:00,SELL,MEC-A,2025-12-09 00:45:00-05:00,0
2025-12-09 05:50:00+00:00,SELL,MEC-A,2025-12-09 00:50:00-05:00,0
2025-12-09 05:53:00+00:00,SELL,MEC-A,2025-12-09 00:53:00-05:00,0
2025-12-09 06:09:00+00:00,SELL,MEC-A,2025-12-09 01:09:00-05:00,1
2025-12-09 06:10:00+00:00,SELL,MEC-A,2025-12-09 01:10:00-05:00,1
2025-12-09 06:19:00+00:00,SELL,MEC-A,2025-12-09 01:19:00-05:00,1
2025-12-09 06:27:00+00:00,BUY,MEC-A,2025-12-09 01:27:00-05:00,1
2025-12-09 06:29:00+00:00,BUY,MEC-A,2025-12-09 01:29:00-05:00,1
2025-12-09 06:31:00+00:00,BUY,MEC-A,2025-12-09 01:31:00-05:00,1
2025-12-09 06:32:00+00:00,BUY,MEC-A,2025-12-09 01:32:00-05:00,1
2025-12-09 06:33:00+00:00,BUY,MEC-A,2025-12-09 01:33:00-05:00,1
2025-12-09 06:34:00+00:00,BUY,MEC-A,2025-12-09 01:34:00-05:00,1
2025-12-09 06:35:00+00:00,BUY,MEC-A,2025-12-09 01:35:00-05:00,1
2025-12-09 06:38:00+00:00,BUY,MEC-A,2025-12-09 01:38:00-05:00,1
2025-12-09 06:47:00+00:00,BUY,MEC-A,2025-12-09 01:47:00-05:00,1
2025-12-09 06:51:00+00:00,BUY,MEC-A,2025-12-09 01:51:00-05:00,1
2025-12-09 07:00:00+00:00,SELL,MEC-A,2025-12-09 02:00:00-05:00,2
2025-12-09 07:01:00+00:00,BUY,MER,2025-12-09 02:01:00-05:00,2
2025-12-09 07:05:00+00:00,BUY,MEC-A,2025-12-09 02:05:00-05:00,2
2025-12-09 07:08:00+00:00,BUY,MEC-A,2025-12-09 02:08:00-05:00,2
2025-12-09 07:22:00+00:00,SELL,MEC-A,2025-12-09 02:22:00-05:00,2
2025-12-09 07:24:00+00:00,SELL,MEC-A,2025-12-09 02:24:00-05:00,2
2025-12-09 07:27:00+00:00,SELL,MEC-A,2025-12-09 02:27:00-05:00,2
2025-12-09 07:28:00+00:00,SELL,MEC-A,2025-12-09 02:28:00-05:00,2
2025-12-09 07:34:00+00:00,SELL,MEC-A,2025-12-09 02:34:00-05:00,2
2025-12-09 07:51:00+00:00,BUY,MEC-A,2025-12-09 02:51:00-05:00,2
2025-12-09 08:00:00+00:00,BUY,MEC-A,2025-12-09 03:00:00-05:00,3
2025-12-09 08:01:00+00:00,BUY,MEC-A,2025-12-09 03:01:00-05:00,3
2025-12-09 08:03:00+00:00,BUY,MEC-A,2025-12-09 03:03:00-05:00,3
2025-12-09 08:08:00+00:00,BUY,MEC-A,2025-12-09 03:08:00-05:00,3
2025-12-09 08:10:00+00:00,BUY,MEC-A,2025-12-09 03:10:00-05:00,3
2025-12-09 08:14:00+00:00,BUY,MEC-A,2025-12-09 03:14:00-05:00,3
2025-12-09 08:19:00+00:00,BUY,MEC-A,2025-12-09 03:19:00-05:00,3
2025-12-09 08:24:00+00:00,BUY,MEC-A,2025-12-09 03:24:00-05:00,3
2025-12-09 08:25:00+00:00,SELL,MEC-A,2025-12-09 03:25:00-05:00,3
2025-12-09 08:28:00+00:00,SELL,MEC-A,2025-12-09 03:28:00-05:00,3
2025-12-09 08:34:00+00:00,SELL,MEC-A,2025-12-09 03:34:00-05:00,3
2025-12-09 08:43:00+00:00,BUY,MEC-A,2025-12-09 03:43:00-05:00,3
2025-12-09 08:44:00+00:00,BUY,MEC-A,2025-12-09 03:44:00-05:00,3
2025-12-09 08:46:00+00:00,BUY,MEC-A,2025-12-09 03:46:00-05:00,3
2025-12-09 08:52:00+00:00,BUY,MEC-A,2025-12-09 03:52:00-05:00,3
2025-12-09 08:53:00+00:00,BUY,MEC-A,2025-12-09 03:53:00-05:00,3
2025-12-09 08:54:00+00:00,BUY,MEC-A,2025-12-09 03:54:00-05:00,3
2025-12-09 09:01:00+00:00,BUY,MEC-A,2025-12-09 04:01:00-05:00,4
2025-12-09 09:02:00+00:00,BUY,MEC-A,2025-12-09 04:02:00-05:00,4
2025-12-09 09:04:00+00:00,BUY,MEC-A,2025-12-09 04:04:00-05:00,4
2025-12-09 09:06:00+00:00,BUY,MEC-A,2025-12-09 04:06:00-05:00,4
2025-12-09 09:11:00+00:00,BUY,MEC-A,2025-12-09 04:11:00-05:00,4
2025-12-09 09:15:00+00:00,BUY,MEC-A,2025-12-09 04:15:00-05:00,4
2025-12-09 09:16:00+00:00,BUY,MEC-A,2025-12-09 04:16:00-05:00,4
2025-12-09 09:22:00+00:00,BUY,MEC-A,2025-12-09 04:22:00-05:00,4
2025-12-09 09:26:00+00:00,BUY,MEC-A,2025-12-09 04:26:00-05:00,4
2025-12-09 09:34:00+00:00,BUY,MEC-A,2025-12-09 04:34:00-05:00,4
2025-12-09 09:39:00+00:00,SELL,MEC-A,2025-12-09 04:39:00-05:00,4
2025-12-09 09:40:00+00:00,SELL,MEC-A,2025-12-09 04:40:00-05:00,4
2025-12-09 09:43:00+00:00,SELL,MEC-A,2025-12-09 04:43:00-05:00,4
2025-12-09 09:47:00+00:00,SELL,MEC-A,2025-12-09 04:47:00-05:00,4
2025-12-09 09:51:00+00:00,SELL,MEC-A,2025-12-09 04:51:00-05:00,4
2025-12-09 09:54:00+00:00,SELL,MEC-A,2025-12-09 04:54:00-05:00,4
2025-12-09 09:56:00+00:00,SELL,MEC-A,2025-12-09 04:56:00-05:00,4
2025-12-09 09:58:00+00:00,SELL,MEC-A,2025-12-09 04:58:00-05:00,4
2025-12-09 10:11:00+00:00,BUY,MEC-A,2025-12-09 05:11:00-05:00,5
2025-12-09 10:17:00+00:00,BUY,MEC-A,2025-12-09 05:17:00-05:00,5
2025-12-09 10:18:00+00:00,BUY,MEC-A,2025-12-09 05:18:00-05:00,5
2025-12-09 10:19:00+00:00,BUY,MEC-A,2025-12-09 05:19:00-05:00,5
2025-12-09 10:33:00+00:00,SELL,MEC-A,2025-12-09 05:33:00-05:00,5
2025-12-09 10:37:00+00:00,SELL,MEC-A,2025-12-09 05:37:00-05:00,5
2025-12-09 10:38:00+00:00,SELL,MEC-A,2025-12-09 05:38:00-05:00,5
2025-12-09 10:39:00+00:00,SELL,MEC-A,2025-12-09 05:39:00-05:00,5
2025-12-09 10:41:00+00:00,SELL,MEC-A,2025-12-09 05:41:00-05:00,5
2025-12-09 10:45:00+00:00,SELL,MEC-A,2025-12-09 05:45:00-05:00,5
2025-12-09 10:46:00+00:00,SELL,MEC-A,2025-12-09 05:46:00-05:00,5
2025-12-09 10:52:00+00:00,BUY,MEC-A,2025-12-09 05:52:00-05:00,5
2025-12-09 11:00:00+00:00,BUY,MEC-A,2025-12-09 06:00:00-05:00,6
2025-12-09 11:04:00+00:00,SELL,MEC-A,2025-12-09 06:04:00-05:00,6
2025-12-09 11:10:00+00:00,SELL,MEC-A,2025-12-09 06:10:00-05:00,6
2025-12-09 11:12:00+00:00,SELL,MEC-A,2025-12-09 06:12:00-05:00,6
2025-12-09 11:18:00+00:00,SELL,MEC-A,2025-12-09 06:18:00-05:00,6
2025-12-09 11:24:00+00:00,BUY,MEC-A,2025-12-09 06:24:00-05:00,6
2025-12-09 11:32:00+00:00,BUY,MEC-A,2025-12-09 06:32:00-05:00,6
2025-12-09 11:48:00+00:00,BUY,MEC-A,2025-12-09 06:48:00-05:00,6
2025-12-09 11:57:00+00:00,SELL,MEC-A,2025-12-09 06:57:00-05:00,6
2025-12-09 11:58:00+00:00,SELL,MEC-A,2025-12-09 06:58:00-05:00,6
2025-12-09 12:08:00+00:00,SELL,MEC-A,2025-12-09 07:08:00-05:00,7
2025-12-09 12:10:00+00:00,SELL,MEC-A,2025-12-09 07:10:00-05:00,7
2025-12-09 12:12:00+00:00,SELL,MEC-A,2025-12-09 07:12:00-05:00,7
2025-12-09 12:17:00+00:00,SELL,MEC-A,2025-12-09 07:17:00-05:00,7
2025-12-09 12:19:00+00:00,SELL,MEC-A,2025-12-09 07:19:00-05:00,7
2025-12-09 12:24:00+00:00,SELL,MEC-A,2025-12-09 07:24:00-05:00,7
2025-12-09 12:35:00+00:00,SELL,MEC-A,2025-12-09 07:35:00-05:00,7
2025-12-09 12:48:00+00:00,BUY,MEC-A,2025-12-09 07:48:00-05:00,7
2025-12-09 12:49:00+00:00,BUY,MEC-A,2025-12-09 07:49:00-05:00,7
2025-12-09 12:50:00+00:00,BUY,MEC-A,2025-12-09 07:50:00-05:00,7
2025-12-09 12:53:00+00:00,BUY,MEC-A,2025-12-09 07:53:00-05:00,7
2025-12-09 12:54:00+00:00,BUY,MEC-A,2025-12-09 07:54:00-05:00,7
2025-12-09 12:58:00+00:00,BUY,MEC-A,2025-12-09 07:58:00-05:00,7
2025-12-09 13:02:00+00:00,BUY,MEC-A,2025-12-09 08:02:00-05:00,8
2025-12-09 13:04:00+00:00,BUY,MEC-A,2025-12-09 08:04:00-05:00,8
2025-12-09 13:15:00+00:00,SELL,MEC-A,2025-12-09 08:15:00-05:00,8
2025-12-09 13:20:00+00:00,SELL,MEC-A,2025-12-09 08:20:00-05:00,8
2025-12-09 13:25:00+00:00,SELL,MEC-A,2025-12-09 08:25:00-05:00,8
2025-12-09 13:30:00+00:00,SELL,MEC-A,2025-12-09 08:30:00-05:00,8
2025-12-09 13:38:00+00:00,SELL,MEC-A,2025-12-09 08:38:00-05:00,8
2025-12-09 13:44:00+00:00,BUY,MEC-A,2025-12-09 08:44:00-05:00,8
2025-12-09 13:47:00+00:00,BUY,MEC-A,2025-12-09 08:47:00-05:00,8
2025-12-09 13:50:00+00:00,BUY,MEC-A,2025-12-09 08:50:00-05:00,8
2025-12-09 13:52:00+00:00,BUY,MEC-A,2025-12-09 08:52:00-05:00,8
2025-12-09 13:55:00+00:00,BUY,MEC-A,2025-12-09 08:55:00-05:00,8
2025-12-09 14:03:00+00:00,SELL,MEC-A,2025-12-09 09:03:00-05:00,9
2025-12-09 14:04:00+00:00,SELL,MEC-A,2025-12-09 09:04:00-05:00,9
2025-12-09 14:05:00+00:00,SELL,MEC-A,2025-12-09 09:05:00-05:00,9
2025-12-09 14:10:00+00:00,SELL,MEC-A,2025-12-09 09:10:00-05:00,9
2025-12-09 14:11:00+00:00,SELL,MEC-A,2025-12-09 09:11:00-05:00,9
2025-12-09 14:13:00+00:00,SELL,MEC-A,2025-12-09 09:13:00-05:00,9
2025-12-09 14:17:00+00:00,SELL,MEC-A,2025-12-09 09:17:00-05:00,9
2025-12-09 14:22:00+00:00,SELL,MEC-A,2025-12-09 09:22:00-05:00,9
2025-12-09 14:26:00+00:00,SELL,MEC-A,2025-12-09 09:26:00-05:00,9
2025-12-09 14:30:00+00:00,BUY,MEC-A,2025-12-09 09:30:00-05:00,9
2025-12-09 14:31:00+00:00,BUY,MEC-A,2025-12-09 09:31:00-05:00,9
2025-12-09 14:33:00+00:00,BUY,MEC-A,2025-12-09 09:33:00-05:00,9
2025-12-09 14:40:00+00:00,BUY,MEC-A,2025-12-09 09:40:00-05:00,9
2025-12-09 14:41:00+00:00,BUY,MEC-A,2025-12-09 09:41:00-05:00,9
2025-12-09 14:42:00+00:00,BUY,MEC-A,2025-12-09 09:42:00-05:00,9
2025-12-09 14:44:00+00:00,BUY,MEC-A,2025-12-09 09:44:00-05:00,9
2025-12-09 14:50:00+00:00,BUY,MEC-A,2025-12-09 09:50:00-05:00,9
2025-12-09 14:53:00+00:00,BUY,MEC-A,2025-12-09 09:53:00-05:00,9
2025-12-09 15:00:00+00:00,SELL,MEC-A,2025-12-09 10:00:00-05:00,10
2025-12-09 15:02:00+00:00,SELL,MEC-A,2025-12-09 10:02:00-05:00,10
2025-12-09 15:08:00+00:00,SELL,MEC-A,2025-12-09 10:08:00-05:00,10
2025-12-09 15:09:00+00:00,SELL,MEC-A,2025-12-09 10:09:00-05:00,10
2025-12-09 15:13:00+00:00,SELL,MEC-A,2025-12-09 10:13:00-05:00,10
2025-12-09 15:21:00+00:00,BUY,MEC-A,2025-12-09 10:21:00-05:00,10
2025-12-09 15:22:00+00:00,BUY,MEC-A,2025-12-09 10:22:00-05:00,10
2025-12-09 15:24:00+00:00,BUY,MEC-A,2025-12-09 10:24:00-05:00,10
2025-12-09 15:28:00+00:00,BUY,MEC-A,2025-12-09 10:28:00-05:00,10
2025-12-09 15:31:00+00:00,BUY,MEC-A,2025-12-09 10:31:00-05:00,10
2025-12-09 15:35:00+00:00,BUY,MEC-A,2025-12-09 10:35:00-05:00,10
2025-12-09 15:45:00+00:00,SELL,MEC-A,2025-12-09 10:45:00-05:00,10
2025-12-09 15:46:00+00:00,SELL,MEC-A,2025-12-09 10:46:00-05:00,10
2025-12-09 15:51:00+00:00,SELL,MEC-A,2025-12-09 10:51:00-05:00,10
2025-12-09 15:55:00+00:00,BUY,MEC-A,2025-12-09 10:55:00-05:00,10
2025-12-09 15:56:00+00:00,BUY,MEC-A,2025-12-09 10:56:00-05:00,10
2025-12-09 15:57:00+00:00,BUY,MEC-A,2025-12-09 10:57:00-05:00,10
2025-12-09 15:58:00+00:00,BUY,MEC-A,2025-12-09 10:58:00-05:00,10
2025-12-09 16:01:00+00:00,BUY,MEC-A,2025-12-09 11:01:00-05:00,11
2025-12-09 16:04:00+00:00,BUY,MEC-A,2025-12-09 11:04:00-05:00,11
2025-12-09 16:09:00+00:00,BUY,MEC-A,2025-12-09 11:09:00-05:00,11
2025-12-09 16:11:00+00:00,BUY,MEC-A,2025-12-09 11:11:00-05:00,11
2025-12-09 16:14:00+00:00,BUY,MEC-A,2025-12-09 11:14:00-05:00,11
2025-12-09 16:22:00+00:00,SELL,MEC-A,2025-12-09 11:22:00-05:00,11
2025-12-09 16:30:00+00:00,BUY,MEC-A,2025-12-09 11:30:00-05:00,11
2025-12-09 16:36:00+00:00,BUY,MEC-A,2025-12-09 11:36:00-05:00,11
2025-12-09 16:37:00+00:00,BUY,MEC-A,2025-12-09 11:37:00-05:00,11
2025-12-09 16:41:00+00:00,BUY,MEC-A,2025-12-09 11:41:00-05:00,11
2025-12-09 16:43:00+00:00,BUY,MEC-A,2025-12-09 11:43:00-05:00,11
2025-12-09 16:46:00+00:00,SELL,MEC-A,2025-12-09 11:46:00-05:00,11
2025-12-09 16:53:00+00:00,SELL,MEC-A,2025-12-09 11:53:00-05:00,11
2025-12-09 16:56:00+00:00,SELL,MEC-A,2025-12-09 11:56:00-05:00,11
2025-12-09 16:59:00+00:00,SELL,MEC-A,2025-12-09 11:59:00-05:00,11
2025-12-09 17:03:00+00:00,SELL,MEC-A,2025-12-09 12:03:00-05:00,12
2025-12-09 17:12:00+00:00,SELL,MEC-A,2025-12-09 12:12:00-05:00,12
2025-12-09 17:13:00+00:00,SELL,MEC-A,2025-12-09 12:13:00-05:00,12
2025-12-09 17:15:00+00:00,SELL,MEC-A,2025-12-09 12:15:00-05:00,12
2025-12-09 17:17:00+00:00,SELL,MEC-A,2025-12-09 12:17:00-05:00,12
2025-12-09 17:22:00+00:00,SELL,MEC-A,2025-12-09 12:22:00-05:00,12
2025-12-09 17:25:00+00:00,SELL,MEC-A,2025-12-09 12:25:00-05:00,12
2025-12-09 17:26:00+00:00,SELL,MEC-A,2025-12-09 12:26:00-05:00,12
2025-12-09 17:34:00+00:00,SELL,MEC-A,2025-12-09 12:34:00-05:00,12
2025-12-09 17:52:00+00:00,SELL,MEC-A,2025-12-09 12:52:00-05:00,12
2025-12-09 17:56:00+00:00,SELL,MEC-A,2025-12-09 12:56:00-05:00,12
2025-12-09 17:58:00+00:00,SELL,MEC-A,2025-12-09 12:58:00-05:00,12
2025-12-09 18:01:00+00:00,SELL,MEC-A,2025-12-09 13:01:00-05:00,13
2025-12-09 18:07:00+00:00,SELL,MEC-A,2025-12-09 13:07:00-05:00,13
2025-12-09 18:11:00+00:00,SELL,MEC-A,2025-12-09 13:11:00-05:00,13
2025-12-09 18:14:00+00:00,BUY,MEC-A,2025-12-09 13:14:00-05:00,13
2025-12-09 18:16:00+00:00,BUY,MEC-A,2025-12-09 13:16:00-05:00,13
2025-12-09 18:21:00+00:00,BUY,MEC-A,2025-12-09 13:21:00-05:00,13
2025-12-09 18:22:00+00:00,BUY,MEC-A,2025-12-09 13:22:00-05:00,13
2025-12-09 18:28:00+00:00,BUY,MEC-A,2025-12-09 13:28:00-05:00,13
2025-12-09 18:30:00+00:00,BUY,MEC-A,2025-12-09 13:30:00-05:00,13
2025-12-09 18:33:00+00:00,SELL,MEC-A,2025-12-09 13:33:00-05:00,13
2025-12-09 18:49:00+00:00,BUY,MEC-A,2025-12-09 13:49:00-05:00,13
2025-12-09 18:53:00+00:00,BUY,MEC-A,2025-12-09 13:53:00-05:00,13
2025-12-09 18:56:00+00:00,BUY,MEC-A,2025-12-09 13:56:00-05:00,13
2025-12-09 19:01:00+00:00,BUY,MEC-A,2025-12-09 14:01:00-05:00,14
2025-12-09 19:03:00+00:00,BUY,MEC-A,2025-12-09 14:03:00-05:00,14
2025-12-09 19:04:00+00:00,BUY,MEC-A,2025-12-09 14:04:00-05:00,14
2025-12-09 19:09:00+00:00,BUY,MEC-A,2025-12-09 14:09:00-05:00,14
2025-12-09 19:22:00+00:00,SELL,MEC-A,2025-12-09 14:22:00-05:00,14
2025-12-09 19:34:00+00:00,BUY,MEC-A,2025-12-09 14:34:00-05:00,14
2025-12-09 19:45:00+00:00,SELL,MEC-A,2025-12-09 14:45:00-05:00,14
2025-12-09 19:51:00+00:00,BUY,MEC-A,2025-12-09 14:51:00-05:00,14
2025-12-09 19:52:00+00:00,BUY,MEC-A,2025-12-09 14:52:00-05:00,14
2025-12-09 19:54:00+00:00,BUY,MEC-A,2025-12-09 14:54:00-05:00,14
2025-12-09 19:55:00+00:00,BUY,MEC-A,2025-12-09 14:55:00-05:00,14
2025-12-09 20:00:00+00:00,BUY,MEC-A,2025-12-09 15:00:00-05:00,15
2025-12-09 20:02:00+00:00,BUY,MEC-A,2025-12-09 15:02:00-05:00,15
2025-12-09 20:11:00+00:00,BUY,MEC-A,2025-12-09 15:11:00-05:00,15
2025-12-09 20:22:00+00:00,SELL,MEC-A,2025-12-09 15:22:00-05:00,15
2025-12-09 20:23:00+00:00,SELL,MEC-A,2025-12-09 15:23:00-05:00,15
2025-12-09 20:25:00+00:00,SELL,MEC-A,2025-12-09 15:25:00-05:00,15
2025-12-09 20:31:00+00:00,SELL,MEC-A,2025-12-09 15:31:00-05:00,15
2025-12-09 20:37:00+00:00,SELL,MEC-A,2025-12-09 15:37:00-05:00,15
2025-12-09 20:38:00+00:00,BUY,MEC-A,2025-12-09 15:38:00-05:00,15
2025-12-09 20:46:00+00:00,BUY,MEC-A,2025-12-09 15:46:00-05:00,15
2025-12-09 20:48:00+00:00,BUY,MEC-A,2025-12-09 15:48:00-05:00,15
2025-12-09 21:07:00+00:00,BUY,MEC-A,2025-12-09 16:07:00-05:00,16
2025-12-09 21:22:00+00:00,SELL,MEC-A,2025-12-09 16:22:00-05:00,16
2025-12-09 21:31:00+00:00,SELL,MEC-A,2025-12-09 16:31:00-05:00,16
2025-12-09 21:32:00+00:00,SELL,MEC-A,2025-12-09 16:32:00-05:00,16
2025-12-09 21:44:00+00:00,SELL,MEC-A,2025-12-09 16:44:00-05:00,16
2025-12-09 21:47:00+00:00,SELL,MEC-A,2025-12-09 16:47:00-05:00,16
2025-12-09 21:50:00+00:00,SELL,MEC-A,2025-12-09 16:50:00-05:00,16
2025-12-09 21:54:00+00:00,SELL,MEC-A,2025-12-09 16:54:00-05:00,16
2025-12-09 21:59:00+00:00,SELL,MEC-A,2025-12-09 16:59:00-05:00,16
2025-12-09 23:01:00+00:00,BUY,MEC-A,2025-12-09 18:01:00-05:00,18
2025-12-09 23:06:00+00:00,BUY,MEC-A,2025-12-09 18:06:00-05:00,18
2025-12-09 23:17:00+00:00,BUY,MEC-A,2025-12-09 18:17:00-05:00,18
2025-12-09 23:44:00+00:00,BUY,MEC-A,2025-12-09 18:44:00-05:00,18
2025-12-09 23:48:00+00:00,BUY,MEC-A,2025-12-09 18:48:00-05:00,18
2025-12-10 01:03:00+00:00,SELL,MEC-A,2025-12-09 20:03:00-05:00,20
2025-12-10 01:12:00+00:00,BUY,MEC-A,2025-12-09 20:12:00-05:00,20
2025-12-10 01:16:00+00:00,BUY,MEC-A,2025-12-09 20:16:00-05:00,20
2025-12-10 01:18:00+00:00,BUY,MEC-A,2025-12-09 20:18:00-05:00,20
2025-12-10 01:24:00+00:00,BUY,MEC-A,2025-12-09 20:24:00-05:00,20
2025-12-10 01:27:00+00:00,BUY,MEC-A,2025-12-09 20:27:00-05:00,20
2025-12-10 01:28:00+00:00,BUY,MEC-A,2025-12-09 20:28:00-05:00,20
2025-12-10 01:29:00+00:00,BUY,MEC-A,2025-12-09 20:29:00-05:00,20
2025-12-10 01:43:00+00:00,SELL,MEC-A,2025-12-09 20:43:00-05:00,20
2025-12-10 01:53:00+00:00,BUY,MEC-A,2025-12-09 20:53:00-05:00,20
2025-12-10 02:02:00+00:00,BUY,MEC-A,2025-12-09 21:02:00-05:00,21
2025-12-10 02:05:00+00:00,BUY,MEC-A,2025-12-09 21:05:00-05:00,21
2025-12-10 02:08:00+00:00,BUY,MEC-A,2025-12-09 21:08:00-05:00,21
2025-12-10 02:10:00+00:00,BUY,MEC-A,2025-12-09 21:10:00-05:00,21
2025-12-10 02:30:00+00:00,BUY,MEC-A,2025-12-09 21:30:00-05:00,21
2025-12-10 02:32:00+00:00,BUY,MEC-A,2025-12-09 21:32:00-05:00,21
2025-12-10 02:37:00+00:00,BUY,MEC-A,2025-12-09 21:37:00-05:00,21
2025-12-10 02:43:00+00:00,BUY,MEC-A,2025-12-09 21:43:00-05:00,21
2025-12-10 02:46:00+00:00,BUY,MEC-A,2025-12-09 21:46:00-05:00,21
2025-12-10 02:51:00+00:00,BUY,MEC-A,2025-12-09 21:51:00-05:00,21
2025-12-10 02:56:00+00:00,BUY,MEC-A,2025-12-09 21:56:00-05:00,21
2025-12-10 03:07:00+00:00,SELL,MEC-A,2025-12-09 22:07:00-05:00,22
2025-12-10 03:10:00+00:00,SELL,MEC-A,2025-12-09 22:10:00-05:00,22
2025-12-10 03:13:00+00:00,SELL,MEC-A,2025-12-09 22:13:00-05:00,22
2025-12-10 03:17:00+00:00,SELL,MEC-A,2025-12-09 22:17:00-05:00,22
2025-12-10 03:25:00+00:00,SELL,MEC-A,2025-12-09 22:25:00-05:00,22
2025-12-10 03:29:00+00:00,SELL,MEC-A,2025-12-09 22:29:00-05:00,22
2025-12-10 03:40:00+00:00,SELL,MEC-A,2025-12-09 22:40:00-05:00,22
2025-12-10 03:49:00+00:00,SELL,MEC-A,2025-12-09 22:49:00-05:00,22
2025-12-10 03:51:00+00:00,SELL,MEC-A,2025-12-09 22:51:00-05:00,22
2025-12-10 03:52:00+00:00,SELL,MEC-A,2025-12-09 22:52:00-05:00,22
2025-12-10 03:54:00+00:00,SELL,MEC-A,2025-12-09 22:54:00-05:00,22
2025-12-10 03:57:00+00:00,SELL,MEC-A,2025-12-09 22:57:00-05:00,22
2025-12-10 04:15:00+00:00,BUY,MEC-A,2025-12-09 23:15:00-05:00,23
2025-12-10 04:19:00+00:00,SELL,MEC-A,2025-12-09 23:19:00-05:00,23
2025-12-10 04:21:00+00:00,SELL,MEC-A,2025-12-09 23:21:00-05:00,23
2025-12-10 04:22:00+00:00,SELL,MEC-A,2025-12-09 23:22:00-05:00,23
2025-12-10 04:26:00+00:00,SELL,MEC-A,2025-12-09 23:26:00-05:00,23
2025-12-10 04:30:00+00:00,SELL,MEC-A,2025-12-09 23:30:00-05:00,23
2025-12-10 04:36:00+00:00,BUY,MEC-A,2025-12-09 23:36:00-05:00,23
2025-12-10 05:08:00+00:00,SELL,MEC-A,2025-12-10 00:08:00-05:00,0
2025-12-10 05:11:00+00:00,SELL,MEC-A,2025-12-10 00:11:00-05:00,0
2025-12-10 05:12:00+00:00,SELL,MEC-A,2025-12-10 00:12:00-05:00,0
2025-12-10 05:16:00+00:00,SELL,MEC-A,2025-12-10 00:16:00-05:00,0
2025-12-10 05:19:00+00:00,SELL,MEC-A,2025-12-10 00:19:00-05:00,0
2025-12-10 05:25:00+00:00,SELL,MEC-A,2025-12-10 00:25:00-05:00,0
2025-12-10 05:29:00+00:00,BUY,MEC-A,2025-12-10 00:29:00-05:00,0
2025-12-10 05:37:00+00:00,BUY,MEC-A,2025-12-10 00:37:00-05:00,0
2025-12-10 05:38:00+00:00,BUY,MEC-A,2025-12-10 00:38:00-05:00,0
2025-12-10 05:42:00+00:00,BUY,MEC-A,2025-12-10 00:42:00-05:00,0
2025-12-10 05:44:00+00:00,BUY,MEC-A,2025-12-10 00:44:00-05:00,0
2025-12-10 05:45:00+00:00,BUY,MEC-A,2025-12-10 00:45:00-05:00,0
2025-12-10 05:47:00+00:00,BUY,MEC-A,2025-12-10 00:47:00-05:00,0
2025-12-10 05:55:00+00:00,BUY,MEC-A,2025-12-10 00:55:00-05:00,0
2025-12-10 05:58:00+00:00,SELL,MEC-A,2025-12-10 00:58:00-05:00,0
2025-12-10 06:00:00+00:00,SELL,MEC-A,2025-12-10 01:00:00-05:00,1
2025-12-10 06:03:00+00:00,SELL,MEC-A,2025-12-10 01:03:00-05:00,1
2025-12-10 06:04:00+00:00,SELL,MEC-A,2025-12-10 01:04:00-05:00,1
2025-12-10 06:07:00+00:00,SELL,MEC-A,2025-12-10 01:07:00-05:00,1
2025-12-10 06:08:00+00:00,SELL,MEC-A,2025-12-10 01:08:00-05:00,1
2025-12-10 06:09:00+00:00,SELL,MEC-A,2025-12-10 01:09:00-05:00,1
2025-12-10 06:13:00+00:00,SELL,MEC-A,2025-12-10 01:13:00-05:00,1
2025-12-10 06:16:00+00:00,SELL,MEC-A,2025-12-10 01:16:00-05:00,1
2025-12-10 06:17:00+00:00,SELL,MEC-A,2025-12-10 01:17:00-05:00,1
2025-12-10 06:19:00+00:00,SELL,MEC-A,2025-12-10 01:19:00-05:00,1
2025-12-10 06:22:00+00:00,SELL,MEC-A,2025-12-10 01:22:00-05:00,1
2025-12-10 06:31:00+00:00,SELL,MEC-A,2025-12-10 01:31:00-05:00,1
2025-12-10 06:32:00+00:00,SELL,MEC-A,2025-12-10 01:32:00-05:00,1
2025-12-10 06:33:00+00:00,SELL,MEC-A,2025-12-10 01:33:00-05:00,1
2025-12-10 06:34:00+00:00,SELL,MEC-A,2025-12-10 01:34:00-05:00,1
2025-12-10 06:49:00+00:00,BUY,MEC-A,2025-12-10 01:49:00-05:00,1
2025-12-10 07:04:00+00:00,BUY,MEC-A,2025-12-10 02:04:00-05:00,2
2025-12-10 07:07:00+00:00,BUY,MEC-A,2025-12-10 02:07:00-05:00,2
2025-12-10 07:46:00+00:00,SELL,MEC-A,2025-12-10 02:46:00-05:00,2
2025-12-10 07:47:00+00:00,SELL,MEC-A,2025-12-10 02:47:00-05:00,2
2025-12-10 07:50:00+00:00,SELL,MEC-A,2025-12-10 02:50:00-05:00,2
2025-12-10 07:53:00+00:00,SELL,MEC-A,2025-12-10 02:53:00-05:00,2
2025-12-10 07:55:00+00:00,SELL,MEC-A,2025-12-10 02:55:00-05:00,2
2025-12-10 07:58:00+00:00,SELL,MEC-A,2025-12-10 02:58:00-05:00,2
2025-12-10 07:59:00+00:00,SELL,MEC-A,2025-12-10 02:59:00-05:00,2
2025-12-10 08:05:00+00:00,BUY,MEC-A,2025-12-10 03:05:00-05:00,3
2025-12-10 08:12:00+00:00,SELL,MEC-A,2025-12-10 03:12:00-05:00,3
2025-12-10 08:42:00+00:00,SELL,MEC-A,2025-12-10 03:42:00-05:00,3
2025-12-10 08:45:00+00:00,SELL,MEC-A,2025-12-10 03:45:00-05:00,3
2025-12-10 08:50:00+00:00,SELL,MEC-A,2025-12-10 03:50:00-05:00,3
2025-12-10 08:52:00+00:00,SELL,MEC-A,2025-12-10 03:52:00-05:00,3
2025-12-10 08:58:00+00:00,SELL,MEC-A,2025-12-10 03:58:00-05:00,3
2025-12-10 09:03:00+00:00,SELL,MEC-A,2025-12-10 04:03:00-05:00,4
2025-12-10 09:43:00+00:00,SELL,MEC-A,2025-12-10 04:43:00-05:00,4
2025-12-10 09:46:00+00:00,SELL,MEC-A,2025-12-10 04:46:00-05:00,4
2025-12-10 09:54:00+00:00,SELL,MEC-A,2025-12-10 04:54:00-05:00,4
2025-12-10 09:55:00+00:00,SELL,MEC-A,2025-12-10 04:55:00-05:00,4
2025-12-10 10:00:00+00:00,SELL,MEC-A,2025-12-10 05:00:00-05:00,5
2025-12-10 10:14:00+00:00,BUY,MEC-A,2025-12-10 05:14:00-05:00,5
2025-12-10 10:31:00+00:00,SELL,MEC-A,2025-12-10 05:31:00-05:00,5
2025-12-10 10:32:00+00:00,SELL,MEC-A,2025-12-10 05:32:00-05:00,5
2025-12-10 10:47:00+00:00,SELL,MEC-A,2025-12-10 05:47:00-05:00,5
2025-12-10 10:54:00+00:00,SELL,MEC-A,2025-12-10 05:54:00-05:00,5
2025-12-10 11:01:00+00:00,SELL,MEC-A,2025-12-10 06:01:00-05:00,6
2025-12-10 11:07:00+00:00,SELL,MEC-A,2025-12-10 06:07:00-05:00,6
2025-12-10 11:13:00+00:00,BUY,MEC-A,2025-12-10 06:13:00-05:00,6
2025-12-10 11:14:00+00:00,BUY,MEC-A,2025-12-10 06:14:00-05:00,6
2025-12-10 11:21:00+00:00,BUY,MEC-A,2025-12-10 06:21:00-05:00,6
2025-12-10 11:23:00+00:00,BUY,MEC-A,2025-12-10 06:23:00-05:00,6
2025-12-10 11:34:00+00:00,BUY,MEC-A,2025-12-10 06:34:00-05:00,6
2025-12-10 11:36:00+00:00,BUY,MEC-A,2025-12-10 06:36:00-05:00,6
2025-12-10 11:53:00+00:00,BUY,MEC-A,2025-12-10 06:53:00-05:00,6
2025-12-10 11:58:00+00:00,BUY,MEC-A,2025-12-10 06:58:00-05:00,6
2025-12-10 12:00:00+00:00,BUY,MEC-A,2025-12-10 07:00:00-05:00,7
2025-12-10 12:02:00+00:00,BUY,MEC-A,2025-12-10 07:02:00-05:00,7
2025-12-10 12:05:00+00:00,BUY,MEC-A,2025-12-10 07:05:00-05:00,7
2025-12-10 12:08:00+00:00,BUY,MEC-A,2025-12-10 07:08:00-05:00,7
2025-12-10 12:10:00+00:00,BUY,MEC-A,2025-12-10 07:10:00-05:00,7
2025-12-10 12:11:00+00:00,BUY,MEC-A,2025-12-10 07:11:00-05:00,7
2025-12-10 12:14:00+00:00,BUY,MEC-A,2025-12-10 07:14:00-05:00,7
2025-12-10 12:23:00+00:00,BUY,MEC-A,2025-12-10 07:23:00-05:00,7
2025-12-10 12:30:00+00:00,SELL,MEC-A,2025-12-10 07:30:00-05:00,7
2025-12-10 12:55:00+00:00,SELL,MEC-A,2025-12-10 07:55:00-05:00,7
2025-12-10 13:00:00+00:00,SELL,MEC-A,2025-12-10 08:00:00-05:00,8
2025-12-10 13:12:00+00:00,SELL,MEC-A,2025-12-10 08:12:00-05:00,8
2025-12-10 13:16:00+00:00,BUY,MEC-A,2025-12-10 08:16:00-05:00,8
2025-12-10 13:43:00+00:00,BUY,MEC-A,2025-12-10 08:43:00-05:00,8
2025-12-10 13:44:00+00:00,BUY,MEC-A,2025-12-10 08:44:00-05:00,8
2025-12-10 13:50:00+00:00,BUY,MEC-A,2025-12-10 08:50:00-05:00,8
2025-12-10 13:54:00+00:00,BUY,MEC-A,2025-12-10 08:54:00-05:00,8
2025-12-10 13:57:00+00:00,BUY,MEC-A,2025-12-10 08:57:00-05:00,8
2025-12-10 13:59:00+00:00,SELL,MEC-A,2025-12-10 08:59:00-05:00,8
2025-12-10 14:09:00+00:00,BUY,MEC-A,2025-12-10 09:09:00-05:00,9
2025-12-10 14:16:00+00:00,BUY,MEC-A,2025-12-10 09:16:00-05:00,9
2025-12-10 14:26:00+00:00,SELL,MEC-A,2025-12-10 09:26:00-05:00,9
2025-12-10 14:27:00+00:00,SELL,MEC-A,2025-12-10 09:27:00-05:00,9
2025-12-10 14:32:00+00:00,SELL,MEC-A,2025-12-10 09:32:00-05:00,9
2025-12-10 14:33:00+00:00,SELL,MEC-A,2025-12-10 09:33:00-05:00,9
2025-12-10 14:37:00+00:00,SELL,MEC-A,2025-12-10 09:37:00-05:00,9
2025-12-10 14:42:00+00:00,SELL,MEC-A,2025-12-10 09:42:00-05:00,9
2025-12-10 14:49:00+00:00,BUY,MEC-A,2025-12-10 09:49:00-05:00,9
2025-12-10 14:51:00+00:00,BUY,MEC-A,2025-12-10 09:51:00-05:00,9
2025-12-10 14:56:00+00:00,SELL,MEC-A,2025-12-10 09:56:00-05:00,9
2025-12-10 14:58:00+00:00,SELL,MEC-A,2025-12-10 09:58:00-05:00,9
2025-12-10 14:59:00+00:00,SELL,MEC-A,2025-12-10 09:59:00-05:00,9
2025-12-10 15:09:00+00:00,SELL,MEC-A,2025-12-10 10:09:00-05:00,10
2025-12-10 15:13:00+00:00,SELL,MEC-A,2025-12-10 10:13:00-05:00,10
2025-12-10 15:16:00+00:00,SELL,MEC-A,2025-12-10 10:16:00-05:00,10
2025-12-10 15:27:00+00:00,SELL,MEC-A,2025-12-10 10:27:00-05:00,10
2025-12-10 15:32:00+00:00,SELL,MEC-A,2025-12-10 10:32:00-05:00,10
2025-12-10 15:36:00+00:00,BUY,MEC-A,2025-12-10 10:36:00-05:00,10
2025-12-10 15:38:00+00:00,SELL,MEC-A,2025-12-10 10:38:00-05:00,10
2025-12-10 15:40:00+00:00,SELL,MEC-A,2025-12-10 10:40:00-05:00,10
2025-12-10 15:43:00+00:00,SELL,MEC-A,2025-12-10 10:43:00-05:00,10
2025-12-10 15:48:00+00:00,SELL,MEC-A,2025-12-10 10:48:00-05:00,10
2025-12-10 15:51:00+00:00,SELL,MEC-A,2025-12-10 10:51:00-05:00,10
2025-12-10 15:54:00+00:00,SELL,MEC-A,2025-12-10 10:54:00-05:00,10
2025-12-10 16:00:00+00:00,BUY,MEC-A,2025-12-10 11:00:00-05:00,11
2025-12-10 16:07:00+00:00,BUY,MEC-A,2025-12-10 11:07:00-05:00,11
2025-12-10 16:17:00+00:00,BUY,MEC-A,2025-12-10 11:17:00-05:00,11
2025-12-10 16:19:00+00:00,BUY,MEC-A,2025-12-10 11:19:00-05:00,11
2025-12-10 16:23:00+00:00,BUY,MEC-A,2025-12-10 11:23:00-05:00,11
2025-12-10 16:24:00+00:00,BUY,MEC-A,2025-12-10 11:24:00-05:00,11
2025-12-10 16:26:00+00:00,BUY,MEC-A,2025-12-10 11:26:00-05:00,11
2025-12-10 16:29:00+00:00,BUY,MEC-A,2025-12-10 11:29:00-05:00,11
2025-12-10 16:31:00+00:00,BUY,MEC-A,2025-12-10 11:31:00-05:00,11
2025-12-10 16:39:00+00:00,BUY,MEC-A,2025-12-10 11:39:00-05:00,11
2025-12-10 16:42:00+00:00,BUY,MEC-A,2025-12-10 11:42:00-05:00,11
2025-12-10 16:46:00+00:00,BUY,MEC-A,2025-12-10 11:46:00-05:00,11
2025-12-10 16:48:00+00:00,BUY,MEC-A,2025-12-10 11:48:00-05:00,11
2025-12-10 16:51:00+00:00,BUY,MEC-A,2025-12-10 11:51:00-05:00,11
2025-12-10 16:52:00+00:00,BUY,MEC-A,2025-12-10 11:52:00-05:00,11
2025-12-10 17:02:00+00:00,SELL,MEC-A,2025-12-10 12:02:00-05:00,12
2025-12-10 17:05:00+00:00,SELL,MEC-A,2025-12-10 12:05:00-05:00,12
2025-12-10 17:10:00+00:00,SELL,MEC-A,2025-12-10 12:10:00-05:00,12
2025-12-10 17:11:00+00:00,SELL,MEC-A,2025-12-10 12:11:00-05:00,12
2025-12-10 17:13:00+00:00,SELL,MEC-A,2025-12-10 12:13:00-05:00,12
2025-12-10 17:27:00+00:00,BUY,MEC-A,2025-12-10 12:27:00-05:00,12
2025-12-10 17:29:00+00:00,SELL,MEC-A,2025-12-10 12:29:00-05:00,12
2025-12-10 17:33:00+00:00,SELL,MEC-A,2025-12-10 12:33:00-05:00,12
2025-12-10 17:35:00+00:00,SELL,MEC-A,2025-12-10 12:35:00-05:00,12
2025-12-10 17:42:00+00:00,SELL,MEC-A,2025-12-10 12:42:00-05:00,12
2025-12-10 17:45:00+00:00,SELL,MEC-A,2025-12-10 12:45:00-05:00,12
2025-12-10 20:24:00+00:00,SELL,MEC-A,2025-12-10 15:24:00-05:00,15
2025-12-10 20:33:00+00:00,SELL,MEC-A,2025-12-10 15:33:00-05:00,15
2025-12-10 20:35:00+00:00,SELL,MEC-A,2025-12-10 15:35:00-05:00,15
2025-12-10 20:45:00+00:00,BUY,MEC-A,2025-12-10 15:45:00-05:00,15
2025-12-10 20:46:00+00:00,BUY,MEC-A,2025-12-10 15:46:00-05:00,15
2025-12-10 20:49:00+00:00,BUY,MEC-A,2025-12-10 15:49:00-05:00,15
2025-12-10 21:05:00+00:00,SELL,MEC-A,2025-12-10 16:05:00-05:00,16
2025-12-10 21:06:00+00:00,SELL,MEC-A,2025-12-10 16:06:00-05:00,16
2025-12-10 21:15:00+00:00,SELL,MEC-A,2025-12-10 16:15:00-05:00,16
2025-12-10 21:18:00+00:00,SELL,MEC-A,2025-12-10 16:18:00-05:00,16
2025-12-10 21:19:00+00:00,SELL,MEC-A,2025-12-10 16:19:00-05:00,16
2025-12-10 21:20:00+00:00,SELL,MEC-A,2025-12-10 16:20:00-05:00,16
2025-12-10 21:28:00+00:00,SELL,MEC-A,2025-12-10 16:28:00-05:00,16
2025-12-10 21:29:00+00:00,SELL,MEC-A,2025-12-10 16:29:00-05:00,16
2025-12-10 21:36:00+00:00,SELL,MEC-A,2025-12-10 16:36:00-05:00,16
2025-12-10 21:37:00+00:00,SELL,MEC-A,2025-12-10 16:37:00-05:00,16
2025-12-10 21:45:00+00:00,BUY,MEC-A,2025-12-10 16:45:00-05:00,16
2025-12-10 21:46:00+00:00,BUY,MEC-A,2025-12-10 16:46:00-05:00,16
2025-12-10 21:49:00+00:00,BUY,MEC-A,2025-12-10 16:49:00-05:00,16
2025-12-10 21:57:00+00:00,BUY,MEC-A,2025-12-10 16:57:00-05:00,16
2025-12-10 23:01:00+00:00,BUY,MEC-A,2025-12-10 18:01:00-05:00,18
2025-12-10 23:05:00+00:00,BUY,MEC-A,2025-12-10 18:05:00-05:00,18
2025-12-10 23:09:00+00:00,BUY,MEC-A,2025-12-10 18:09:00-05:00,18
2025-12-10 23:13:00+00:00,SELL,MEC-A,2025-12-10 18:13:00-05:00,18
2025-12-10 23:16:00+00:00,SELL,MEC-A,2025-12-10 18:16:00-05:00,18
2025-12-10 23:23:00+00:00,SELL,MEC-A,2025-12-10 18:23:00-05:00,18
2025-12-10 23:26:00+00:00,SELL,MEC-A,2025-12-10 18:26:00-05:00,18
2025-12-10 23:28:00+00:00,SELL,MEC-A,2025-12-10 18:28:00-05:00,18
2025-12-10 23:34:00+00:00,BUY,MEC-A,2025-12-10 18:34:00-05:00,18
2025-12-10 23:36:00+00:00,BUY,MEC-A,2025-12-10 18:36:00-05:00,18
2025-12-10 23:44:00+00:00,BUY,MEC-A,2025-12-10 18:44:00-05:00,18
2025-12-10 23:45:00+00:00,BUY,MEC-A,2025-12-10 18:45:00-05:00,18
2025-12-10 23:50:00+00:00,BUY,MEC-A,2025-12-10 18:50:00-05:00,18
2025-12-10 23:51:00+00:00,BUY,MEC-A,2025-12-10 18:51:00-05:00,18
2025-12-10 23:53:00+00:00,BUY,MEC-A,2025-12-10 18:53:00-05:00,18
2025-12-10 23:59:00+00:00,BUY,MEC-A,2025-12-10 18:59:00-05:00,18
2025-12-11 00:01:00+00:00,BUY,MEC-A,2025-12-10 19:01:00-05:00,19
2025-12-11 00:04:00+00:00,BUY,MEC-A,2025-12-10 19:04:00-05:00,19
2025-12-11 00:07:00+00:00,BUY,MEC-A,2025-12-10 19:07:00-05:00,19
2025-12-11 00:08:00+00:00,BUY,MEC-A,2025-12-10 19:08:00-05:00,19
2025-12-11 00:09:00+00:00,BUY,MEC-A,2025-12-10 19:09:00-05:00,19
2025-12-11 00:11:00+00:00,BUY,MEC-A,2025-12-10 19:11:00-05:00,19
2025-12-11 00:13:00+00:00,BUY,MEC-A,2025-12-10 19:13:00-05:00,19
2025-12-11 00:14:00+00:00,BUY,MEC-A,2025-12-10 19:14:00-05:00,19
2025-12-11 00:17:00+00:00,BUY,MEC-A,2025-12-10 19:17:00-05:00,19
2025-12-11 00:20:00+00:00,BUY,MEC-A,2025-12-10 19:20:00-05:00,19
2025-12-11 00:21:00+00:00,BUY,MEC-A,2025-12-10 19:21:00-05:00,19
2025-12-11 00:46:00+00:00,SELL,MEC-A,2025-12-10 19:46:00-05:00,19
2025-12-11 00:47:00+00:00,SELL,MEC-A,2025-12-10 19:47:00-05:00,19
2025-12-11 00:48:00+00:00,SELL,MEC-A,2025-12-10 19:48:00-05:00,19
2025-12-11 00:50:00+00:00,SELL,MEC-A,2025-12-10 19:50:00-05:00,19
2025-12-11 00:51:00+00:00,SELL,MEC-A,2025-12-10 19:51:00-05:00,19
2025-12-11 00:54:00+00:00,SELL,MEC-A,2025-12-10 19:54:00-05:00,19
2025-12-11 00:55:00+00:00,SELL,MEC-A,2025-12-10 19:55:00-05:00,19
2025-12-11 01:00:00+00:00,BUY,MEC-A,2025-12-10 20:00:00-05:00,20
2025-12-11 01:02:00+00:00,BUY,MEC-A,2025-12-10 20:02:00-05:00,20
2025-12-11 01:03:00+00:00,BUY,MEC-A,2025-12-10 20:03:00-05:00,20
2025-12-11 01:09:00+00:00,BUY,MEC-A,2025-12-10 20:09:00-05:00,20
2025-12-11 01:11:00+00:00,BUY,MEC-A,2025-12-10 20:11:00-05:00,20
2025-12-11 01:14:00+00:00,SELL,MEC-A,2025-12-10 20:14:00-05:00,20
2025-12-11 01:19:00+00:00,SELL,MEC-A,2025-12-10 20:19:00-05:00,20
2025-12-11 01:24:00+00:00,SELL,MEC-A,2025-12-10 20:24:00-05:00,20
2025-12-11 01:30:00+00:00,SELL,MEC-A,2025-12-10 20:30:00-05:00,20
2025-12-11 01:35:00+00:00,SELL,MEC-A,2025-12-10 20:35:00-05:00,20
2025-12-11 01:37:00+00:00,SELL,MEC-A,2025-12-10 20:37:00-05:00,20
2025-12-11 02:01:00+00:00,BUY,MEC-A,2025-12-10 21:01:00-05:00,21
2025-12-11 02:07:00+00:00,SELL,MEC-A,2025-12-10 21:07:00-05:00,21
2025-12-11 02:08:00+00:00,SELL,MEC-A,2025-12-10 21:08:00-05:00,21
2025-12-11 02:10:00+00:00,SELL,MEC-A,2025-12-10 21:10:00-05:00,21
2025-12-11 02:15:00+00:00,SELL,MEC-A,2025-12-10 21:15:00-05:00,21
2025-12-11 02:16:00+00:00,SELL,MEC-A,2025-12-10 21:16:00-05:00,21
2025-12-11 02:23:00+00:00,SELL,MEC-A,2025-12-10 21:23:00-05:00,21
2025-12-11 02:24:00+00:00,SELL,MEC-A,2025-12-10 21:24:00-05:00,21
2025-12-11 02:29:00+00:00,SELL,MEC-A,2025-12-10 21:29:00-05:00,21
2025-12-11 02:30:00+00:00,SELL,MEC-A,2025-12-10 21:30:00-05:00,21
2025-12-11 02:34:00+00:00,SELL,MEC-A,2025-12-10 21:34:00-05:00,21
2025-12-11 02:35:00+00:00,SELL,MEC-A,2025-12-10 21:35:00-05:00,21
2025-12-11 02:36:00+00:00,SELL,MEC-A,2025-12-10 21:36:00-05:00,21
2025-12-11 02:38:00+00:00,SELL,MEC-A,2025-12-10 21:38:00-05:00,21
2025-12-11 02:51:00+00:00,SELL,MEC-A,2025-12-10 21:51:00-05:00,21
2025-12-11 02:53:00+00:00,SELL,MEC-A,2025-12-10 21:53:00-05:00,21
2025-12-11 02:57:00+00:00,SELL,MEC-A,2025-12-10 21:57:00-05:00,21
2025-12-11 02:58:00+00:00,SELL,MEC-A,2025-12-10 21:58:00-05:00,21
2025-12-11 03:03:00+00:00,SELL,MEC-A,2025-12-10 22:03:00-05:00,22
2025-12-11 03:04:00+00:00,SELL,MEC-A,2025-12-10 22:04:00-05:00,22
2025-12-11 03:08:00+00:00,SELL,MEC-A,2025-12-10 22:08:00-05:00,22
2025-12-11 03:09:00+00:00,SELL,MEC-A,2025-12-10 22:09:00-05:00,22
2025-12-11 03:11:00+00:00,SELL,MEC-A,2025-12-10 22:11:00-05:00,22
2025-12-11 03:19:00+00:00,SELL,MEC-A,2025-12-10 22:19:00-05:00,22
2025-12-11 03:20:00+00:00,SELL,MEC-A,2025-12-10 22:20:00-05:00,22
2025-12-11 03:24:00+00:00,SELL,MEC-A,2025-12-10 22:24:00-05:00,22
2025-12-11 03:44:00+00:00,BUY,MEC-A,2025-12-10 22:44:00-05:00,22
2025-12-11 03:47:00+00:00,BUY,MEC-A,2025-12-10 22:47:00-05:00,22
2025-12-11 03:48:00+00:00,BUY,MEC-A,2025-12-10 22:48:00-05:00,22
2025-12-11 03:56:00+00:00,BUY,MEC-A,2025-12-10 22:56:00-05:00,22
2025-12-11 04:11:00+00:00,BUY,MEC-A,2025-12-10 23:11:00-05:00,23
2025-12-11 04:12:00+00:00,BUY,MEC-A,2025-12-10 23:12:00-05:00,23
2025-12-11 04:24:00+00:00,SELL,MEC-A,2025-12-10 23:24:00-05:00,23
2025-12-11 04:25:00+00:00,SELL,MEC-A,2025-12-10 23:25:00-05:00,23
2025-12-11 04:27:00+00:00,SELL,MEC-A,2025-12-10 23:27:00-05:00,23
2025-12-11 04:28:00+00:00,SELL,MEC-A,2025-12-10 23:28:00-05:00,23
2025-12-11 04:35:00+00:00,SELL,MEC-A,2025-12-10 23:35:00-05:00,23
2025-12-11 04:37:00+00:00,SELL,MEC-A,2025-12-10 23:37:00-05:00,23
2025-12-11 04:42:00+00:00,SELL,MEC-A,2025-12-10 23:42:00-05:00,23
2025-12-11 04:46:00+00:00,SELL,MEC-A,2025-12-10 23:46:00-05:00,23
2025-12-11 05:02:00+00:00,BUY,MEC-A,2025-12-11 00:02:00-05:00,0
2025-12-11 05:19:00+00:00,SELL,MEC-A,2025-12-11 00:19:00-05:00,0
2025-12-11 05:20:00+00:00,SELL,MEC-A,2025-12-11 00:20:00-05:00,0
2025-12-11 05:25:00+00:00,SELL,MEC-A,2025-12-11 00:25:00-05:00,0
2025-12-11 05:31:00+00:00,SELL,MEC-A,2025-12-11 00:31:00-05:00,0
2025-12-11 05:33:00+00:00,SELL,MEC-A,2025-12-11 00:33:00-05:00,0
2025-12-11 05:38:00+00:00,SELL,MEC-A,2025-12-11 00:38:00-05:00,0
2025-12-11 05:39:00+00:00,SELL,MEC-A,2025-12-11 00:39:00-05:00,0
2025-12-11 05:40:00+00:00,SELL,MEC-A,2025-12-11 00:40:00-05:00,0
2025-12-11 05:43:00+00:00,SELL,MEC-A,2025-12-11 00:43:00-05:00,0
2025-12-11 05:45:00+00:00,SELL,MEC-A,2025-12-11 00:45:00-05:00,0
2025-12-11 05:46:00+00:00,SELL,MEC-A,2025-12-11 00:46:00-05:00,0
2025-12-11 06:00:00+00:00,SELL,MEC-A,2025-12-11 01:00:00-05:00,1
2025-12-11 06:23:00+00:00,BUY,MEC-A,2025-12-11 01:23:00-05:00,1
2025-12-11 06:26:00+00:00,BUY,MEC-A,2025-12-11 01:26:00-05:00,1
2025-12-11 06:29:00+00:00,BUY,MEC-A,2025-12-11 01:29:00-05:00,1
2025-12-11 06:30:00+00:00,BUY,MEC-A,2025-12-11 01:30:00-05:00,1
2025-12-11 07:01:00+00:00,SELL,MEC-A,2025-12-11 02:01:00-05:00,2
2025-12-11 07:03:00+00:00,SELL,MEC-A,2025-12-11 02:03:00-05:00,2
2025-12-11 07:05:00+00:00,SELL,MEC-A,2025-12-11 02:05:00-05:00,2
2025-12-11 07:27:00+00:00,BUY,MEC-A,2025-12-11 02:27:00-05:00,2
2025-12-11 07:36:00+00:00,BUY,MEC-A,2025-12-11 02:36:00-05:00,2
2025-12-11 07:42:00+00:00,BUY,MEC-A,2025-12-11 02:42:00-05:00,2
2025-12-11 07:43:00+00:00,BUY,MEC-A,2025-12-11 02:43:00-05:00,2
2025-12-11 07:47:00+00:00,BUY,MEC-A,2025-12-11 02:47:00-05:00,2
2025-12-11 08:01:00+00:00,SELL,MEC-A,2025-12-11 03:01:00-05:00,3
2025-12-11 08:08:00+00:00,BUY,MEC-A,2025-12-11 03:08:00-05:00,3
2025-12-11 08:11:00+00:00,BUY,MEC-A,2025-12-11 03:11:00-05:00,3
2025-12-11 08:19:00+00:00,SELL,MEC-A,2025-12-11 03:19:00-05:00,3
2025-12-11 08:29:00+00:00,SELL,MEC-A,2025-12-11 03:29:00-05:00,3
2025-12-11 08:32:00+00:00,SELL,MEC-A,2025-12-11 03:32:00-05:00,3
2025-12-11 08:37:00+00:00,BUY,MEC-A,2025-12-11 03:37:00-05:00,3
2025-12-11 08:39:00+00:00,BUY,MEC-A,2025-12-11 03:39:00-05:00,3
2025-12-11 08:41:00+00:00,BUY,MEC-A,2025-12-11 03:41:00-05:00,3
2025-12-11 08:50:00+00:00,BUY,MEC-A,2025-12-11 03:50:00-05:00,3
2025-12-11 10:00:00+00:00,BUY,MEC-A,2025-12-11 05:00:00-05:00,5
2025-12-11 10:01:00+00:00,BUY,MEC-A,2025-12-11 05:01:00-05:00,5
2025-12-11 10:03:00+00:00,BUY,MEC-A,2025-12-11 05:03:00-05:00,5
2025-12-11 10:05:00+00:00,BUY,MEC-A,2025-12-11 05:05:00-05:00,5
2025-12-11 10:06:00+00:00,BUY,MEC-A,2025-12-11 05:06:00-05:00,5
2025-12-11 10:07:00+00:00,BUY,MEC-A,2025-12-11 05:07:00-05:00,5
2025-12-11 10:08:00+00:00,BUY,MEC-A,2025-12-11 05:08:00-05:00,5
2025-12-11 10:15:00+00:00,BUY,MEC-A,2025-12-11 05:15:00-05:00,5
2025-12-11 10:30:00+00:00,SELL,MEC-A,2025-12-11 05:30:00-05:00,5
2025-12-11 10:35:00+00:00,SELL,MEC-A,2025-12-11 05:35:00-05:00,5
2025-12-11 10:45:00+00:00,SELL,MEC-A,2025-12-11 05:45:00-05:00,5
2025-12-11 10:49:00+00:00,SELL,MEC-A,2025-12-11 05:49:00-05:00,5
2025-12-11 10:51:00+00:00,SELL,MEC-A,2025-12-11 05:51:00-05:00,5
2025-12-11 10:54:00+00:00,BUY,MEC-A,2025-12-11 05:54:00-05:00,5
2025-12-11 10:55:00+00:00,BUY,MEC-A,2025-12-11 05:55:00-05:00,5
2025-12-11 10:56:00+00:00,BUY,MEC-A,2025-12-11 05:56:00-05:00,5
2025-12-11 11:01:00+00:00,BUY,MEC-A,2025-12-11 06:01:00-05:00,6
2025-12-11 11:09:00+00:00,BUY,MEC-A,2025-12-11 06:09:00-05:00,6
2025-12-11 11:14:00+00:00,SELL,MEC-A,2025-12-11 06:14:00-05:00,6
2025-12-11 11:16:00+00:00,SELL,MEC-A,2025-12-11 06:16:00-05:00,6
2025-12-11 11:20:00+00:00,SELL,MEC-A,2025-12-11 06:20:00-05:00,6
2025-12-11 11:24:00+00:00,SELL,MEC-A,2025-12-11 06:24:00-05:00,6
2025-12-11 11:29:00+00:00,SELL,MEC-A,2025-12-11 06:29:00-05:00,6
2025-12-11 11:30:00+00:00,SELL,MEC-A,2025-12-11 06:30:00-05:00,6
2025-12-11 11:32:00+00:00,SELL,MEC-A,2025-12-11 06:32:00-05:00,6
2025-12-11 11:34:00+00:00,SELL,MEC-A,2025-12-11 06:34:00-05:00,6
2025-12-11 11:37:00+00:00,SELL,MEC-A,2025-12-11 06:37:00-05:00,6
2025-12-11 11:47:00+00:00,SELL,MEC-A,2025-12-11 06:47:00-05:00,6
2025-12-11 11:52:00+00:00,SELL,MEC-A,2025-12-11 06:52:00-05:00,6
2025-12-11 12:01:00+00:00,SELL,MEC-A,2025-12-11 07:01:00-05:00,7
2025-12-11 12:02:00+00:00,SELL,MEC-A,2025-12-11 07:02:00-05:00,7
2025-12-11 12:16:00+00:00,BUY,MEC-A,2025-12-11 07:16:00-05:00,7
2025-12-11 12:20:00+00:00,BUY,MEC-A,2025-12-11 07:20:00-05:00,7
2025-12-11 12:21:00+00:00,BUY,MEC-A,2025-12-11 07:21:00-05:00,7
2025-12-11 12:24:00+00:00,BUY,MEC-A,2025-12-11 07:24:00-05:00,7
2025-12-11 12:28:00+00:00,BUY,MEC-A,2025-12-11 07:28:00-05:00,7
2025-12-11 12:30:00+00:00,BUY,MEC-A,2025-12-11 07:30:00-05:00,7
2025-12-11 12:32:00+00:00,BUY,MEC-A,2025-12-11 07:32:00-05:00,7
2025-12-11 12:35:00+00:00,BUY,MEC-A,2025-12-11 07:35:00-05:00,7
2025-12-11 12:40:00+00:00,BUY,MEC-A,2025-12-11 07:40:00-05:00,7
2025-12-11 12:46:00+00:00,SELL,MEC-A,2025-12-11 07:46:00-05:00,7
2025-12-11 12:59:00+00:00,BUY,MEC-A,2025-12-11 07:59:00-05:00,7
2025-12-11 13:00:00+00:00,BUY,MEC-A,2025-12-11 08:00:00-05:00,8
2025-12-11 13:04:00+00:00,SELL,MEC-A,2025-12-11 08:04:00-05:00,8
2025-12-11 13:06:00+00:00,SELL,MEC-A,2025-12-11 08:06:00-05:00,8
2025-12-11 13:09:00+00:00,SELL,MEC-A,2025-12-11 08:09:00-05:00,8
2025-12-11 13:12:00+00:00,SELL,MEC-A,2025-12-11 08:12:00-05:00,8
2025-12-11 13:15:00+00:00,SELL,MEC-A,2025-12-11 08:15:00-05:00,8
2025-12-11 13:16:00+00:00,SELL,MEC-A,2025-12-11 08:16:00-05:00,8
2025-12-11 13:32:00+00:00,SELL,MEC-A,2025-12-11 08:32:00-05:00,8
2025-12-11 13:41:00+00:00,BUY,MEC-A,2025-12-11 08:41:00-05:00,8
2025-12-11 13:42:00+00:00,BUY,MEC-A,2025-12-11 08:42:00-05:00,8
2025-12-11 13:47:00+00:00,BUY,MEC-A,2025-12-11 08:47:00-05:00,8
2025-12-11 13:49:00+00:00,BUY,MEC-A,2025-12-11 08:49:00-05:00,8
2025-12-11 14:05:00+00:00,BUY,MEC-A,2025-12-11 09:05:00-05:00,9
2025-12-11 14:07:00+00:00,BUY,MEC-A,2025-12-11 09:07:00-05:00,9
2025-12-11 14:08:00+00:00,BUY,MEC-A,2025-12-11 09:08:00-05:00,9
2025-12-11 14:10:00+00:00,BUY,MEC-A,2025-12-11 09:10:00-05:00,9
2025-12-11 14:21:00+00:00,BUY,MEC-A,2025-12-11 09:21:00-05:00,9
2025-12-11 14:22:00+00:00,BUY,MEC-A,2025-12-11 09:22:00-05:00,9
2025-12-11 14:23:00+00:00,BUY,MEC-A,2025-12-11 09:23:00-05:00,9
2025-12-11 14:29:00+00:00,BUY,MEC-A,2025-12-11 09:29:00-05:00,9
2025-12-11 14:30:00+00:00,BUY,MEC-A,2025-12-11 09:30:00-05:00,9
2025-12-11 14:31:00+00:00,BUY,MEC-A,2025-12-11 09:31:00-05:00,9
2025-12-11 14:33:00+00:00,BUY,MEC-A,2025-12-11 09:33:00-05:00,9
2025-12-11 14:36:00+00:00,BUY,MEC-A,2025-12-11 09:36:00-05:00,9
2025-12-11 14:37:00+00:00,BUY,MEC-A,2025-12-11 09:37:00-05:00,9
2025-12-11 14:43:00+00:00,BUY,MEC-A,2025-12-11 09:43:00-05:00,9
2025-12-11 14:44:00+00:00,BUY,MEC-A,2025-12-11 09:44:00-05:00,9
2025-12-11 14:48:00+00:00,SELL,MEC-A,2025-12-11 09:48:00-05:00,9
2025-12-11 14:50:00+00:00,SELL,MEC-A,2025-12-11 09:50:00-05:00,9
2025-12-11 14:52:00+00:00,SELL,MEC-A,2025-12-11 09:52:00-05:00,9
2025-12-11 14:53:00+00:00,SELL,MEC-A,2025-12-11 09:53:00-05:00,9
2025-12-11 14:59:00+00:00,SELL,MEC-A,2025-12-11 09:59:00-05:00,9
2025-12-11 15:07:00+00:00,BUY,MEC-A,2025-12-11 10:07:00-05:00,10
2025-12-11 15:13:00+00:00,BUY,MEC-A,2025-12-11 10:13:00-05:00,10
2025-12-11 15:17:00+00:00,BUY,MEC-A,2025-12-11 10:17:00-05:00,10
2025-12-11 15:21:00+00:00,BUY,MEC-A,2025-12-11 10:21:00-05:00,10
2025-12-11 15:23:00+00:00,BUY,MEC-A,2025-12-11 10:23:00-05:00,10
2025-12-11 15:26:00+00:00,BUY,MEC-A,2025-12-11 10:26:00-05:00,10
2025-12-11 15:29:00+00:00,BUY,MEC-A,2025-12-11 10:29:00-05:00,10
2025-12-11 15:31:00+00:00,BUY,MEC-A,2025-12-11 10:31:00-05:00,10
2025-12-11 15:32:00+00:00,BUY,MEC-A,2025-12-11 10:32:00-05:00,10
2025-12-11 15:40:00+00:00,BUY,MEC-A,2025-12-11 10:40:00-05:00,10
2025-12-11 15:41:00+00:00,BUY,MEC-A,2025-12-11 10:41:00-05:00,10
2025-12-11 15:49:00+00:00,BUY,MEC-A,2025-12-11 10:49:00-05:00,10
2025-12-11 15:51:00+00:00,BUY,MEC-A,2025-12-11 10:51:00-05:00,10
2025-12-11 15:57:00+00:00,SELL,MEC-A,2025-12-11 10:57:00-05:00,10
2025-12-11 16:00:00+00:00,SELL,MEC-A,2025-12-11 11:00:00-05:00,11
2025-12-11 16:07:00+00:00,SELL,MEC-A,2025-12-11 11:07:00-05:00,11
2025-12-11 16:19:00+00:00,BUY,MEC-A,2025-12-11 11:19:00-05:00,11
2025-12-11 16:21:00+00:00,BUY,MEC-A,2025-12-11 11:21:00-05:00,11
2025-12-11 16:22:00+00:00,BUY,MEC-A,2025-12-11 11:22:00-05:00,11
2025-12-11 16:33:00+00:00,BUY,MEC-A,2025-12-11 11:33:00-05:00,11
2025-12-11 16:36:00+00:00,BUY,MEC-A,2025-12-11 11:36:00-05:00,11
2025-12-11 16:37:00+00:00,BUY,MEC-A,2025-12-11 11:37:00-05:00,11
2025-12-11 16:41:00+00:00,BUY,MEC-A,2025-12-11 11:41:00-05:00,11
2025-12-11 16:43:00+00:00,BUY,MEC-A,2025-12-11 11:43:00-05:00,11
2025-12-11 16:45:00+00:00,BUY,MEC-A,2025-12-11 11:45:00-05:00,11
2025-12-11 16:47:00+00:00,BUY,MEC-A,2025-12-11 11:47:00-05:00,11
2025-12-11 16:48:00+00:00,BUY,MEC-A,2025-12-11 11:48:00-05:00,11
2025-12-11 16:51:00+00:00,BUY,MEC-A,2025-12-11 11:51:00-05:00,11
2025-12-11 16:58:00+00:00,BUY,MEC-A,2025-12-11 11:58:00-05:00,11
2025-12-11 17:03:00+00:00,BUY,MEC-A,2025-12-11 12:03:00-05:00,12
2025-12-11 17:05:00+00:00,BUY,MEC-A,2025-12-11 12:05:00-05:00,12
2025-12-11 17:09:00+00:00,BUY,MEC-A,2025-12-11 12:09:00-05:00,12
2025-12-11 17:16:00+00:00,BUY,MEC-A,2025-12-11 12:16:00-05:00,12
2025-12-11 17:18:00+00:00,BUY,MEC-A,2025-12-11 12:18:00-05:00,12
2025-12-11 17:33:00+00:00,SELL,MEC-A,2025-12-11 12:33:00-05:00,12
2025-12-11 17:35:00+00:00,SELL,MEC-A,2025-12-11 12:35:00-05:00,12
2025-12-11 17:38:00+00:00,SELL,MEC-A,2025-12-11 12:38:00-05:00,12
2025-12-11 17:48:00+00:00,SELL,MEC-A,2025-12-11 12:48:00-05:00,12
2025-12-11 17:55:00+00:00,BUY,MEC-A,2025-12-11 12:55:00-05:00,12
2025-12-11 17:59:00+00:00,BUY,MEC-A,2025-12-11 12:59:00-05:00,12
2025-12-11 18:03:00+00:00,BUY,MEC-A,2025-12-11 13:03:00-05:00,13
2025-12-11 18:04:00+00:00,BUY,MEC-A,2025-12-11 13:04:00-05:00,13
2025-12-11 18:07:00+00:00,BUY,MEC-A,2025-12-11 13:07:00-05:00,13
2025-12-11 18:17:00+00:00,BUY,MEC-A,2025-12-11 13:17:00-05:00,13
2025-12-11 18:22:00+00:00,SELL,MEC-A,2025-12-11 13:22:00-05:00,13
2025-12-11 18:25:00+00:00,SELL,MEC-A,2025-12-11 13:25:00-05:00,13
2025-12-11 18:29:00+00:00,SELL,MEC-A,2025-12-11 13:29:00-05:00,13
2025-12-11 18:31:00+00:00,SELL,MEC-A,2025-12-11 13:31:00-05:00,13
2025-12-11 18:40:00+00:00,SELL,MEC-A,2025-12-11 13:40:00-05:00,13
2025-12-11 18:44:00+00:00,BUY,MEC-A,2025-12-11 13:44:00-05:00,13
2025-12-11 18:51:00+00:00,SELL,MEC-A,2025-12-11 13:51:00-05:00,13
2025-12-11 18:53:00+00:00,SELL,MEC-A,2025-12-11 13:53:00-05:00,13
2025-12-11 18:55:00+00:00,SELL,MEC-A,2025-12-11 13:55:00-05:00,13
2025-12-11 18:57:00+00:00,SELL,MEC-A,2025-12-11 13:57:00-05:00,13
2025-12-11 18:58:00+00:00,SELL,MEC-A,2025-12-11 13:58:00-05:00,13
2025-12-11 19:00:00+00:00,SELL,MEC-A,2025-12-11 14:00:00-05:00,14
2025-12-11 19:03:00+00:00,SELL,MEC-A,2025-12-11 14:03:00-05:00,14
2025-12-11 19:07:00+00:00,SELL,MEC-A,2025-12-11 14:07:00-05:00,14
2025-12-11 19:08:00+00:00,SELL,MEC-A,2025-12-11 14:08:00-05:00,14
2025-12-11 19:13:00+00:00,SELL,MEC-A,2025-12-11 14:13:00-05:00,14
2025-12-11 19:16:00+00:00,BUY,MEC-A,2025-12-11 14:16:00-05:00,14
2025-12-11 19:17:00+00:00,BUY,MEC-A,2025-12-11 14:17:00-05:00,14
2025-12-11 19:22:00+00:00,BUY,MEC-A,2025-12-11 14:22:00-05:00,14
2025-12-11 19:33:00+00:00,BUY,MEC-A,2025-12-11 14:33:00-05:00,14
2025-12-11 19:35:00+00:00,BUY,MEC-A,2025-12-11 14:35:00-05:00,14
2025-12-11 19:38:00+00:00,BUY,MEC-A,2025-12-11 14:38:00-05:00,14
2025-12-11 19:53:00+00:00,SELL,MEC-A,2025-12-11 14:53:00-05:00,14
2025-12-11 19:54:00+00:00,SELL,MEC-A,2025-12-11 14:54:00-05:00,14
2025-12-11 19:57:00+00:00,SELL,MEC-A,2025-12-11 14:57:00-05:00,14
2025-12-11 20:03:00+00:00,SELL,MEC-A,2025-12-11 15:03:00-05:00,15
2025-12-11 20:04:00+00:00,SELL,MEC-A,2025-12-11 15:04:00-05:00,15
2025-12-11 20:05:00+00:00,SELL,MEC-A,2025-12-11 15:05:00-05:00,15
2025-12-11 20:07:00+00:00,SELL,MEC-A,2025-12-11 15:07:00-05:00,15
2025-12-11 20:08:00+00:00,SELL,MEC-A,2025-12-11 15:08:00-05:00,15
2025-12-11 20:11:00+00:00,SELL,MEC-A,2025-12-11 15:11:00-05:00,15
2025-12-11 20:16:00+00:00,SELL,MEC-A,2025-12-11 15:16:00-05:00,15
2025-12-11 20:17:00+00:00,SELL,MEC-A,2025-12-11 15:17:00-05:00,15
2025-12-11 20:20:00+00:00,SELL,MEC-A,2025-12-11 15:20:00-05:00,15
2025-12-11 20:30:00+00:00,BUY,MEC-A,2025-12-11 15:30:00-05:00,15
2025-12-11 20:32:00+00:00,BUY,MEC-A,2025-12-11 15:32:00-05:00,15
2025-12-11 20:33:00+00:00,BUY,MEC-A,2025-12-11 15:33:00-05:00,15
2025-12-11 20:35:00+00:00,BUY,MEC-A,2025-12-11 15:35:00-05:00,15
2025-12-11 20:36:00+00:00,BUY,MEC-A,2025-12-11 15:36:00-05:00,15
2025-12-11 20:40:00+00:00,BUY,MEC-A,2025-12-11 15:40:00-05:00,15
2025-12-11 20:46:00+00:00,BUY,MEC-A,2025-12-11 15:46:00-05:00,15
2025-12-11 20:55:00+00:00,BUY,MEC-A,2025-12-11 15:55:00-05:00,15
2025-12-11 21:14:00+00:00,SELL,MEC-A,2025-12-11 16:14:00-05:00,16
2025-12-11 21:21:00+00:00,BUY,MEC-A,2025-12-11 16:21:00-05:00,16
2025-12-11 21:23:00+00:00,BUY,MEC-A,2025-12-11 16:23:00-05:00,16
2025-12-11 21:26:00+00:00,BUY,MEC-A,2025-12-11 16:26:00-05:00,16
2025-12-11 21:27:00+00:00,BUY,MEC-A,2025-12-11 16:27:00-05:00,16
2025-12-11 21:28:00+00:00,BUY,MEC-A,2025-12-11 16:28:00-05:00,16
2025-12-11 21:38:00+00:00,BUY,MEC-A,2025-12-11 16:38:00-05:00,16
2025-12-11 21:43:00+00:00,BUY,MEC-A,2025-12-11 16:43:00-05:00,16
2025-12-11 21:44:00+00:00,BUY,MEC-A,2025-12-11 16:44:00-05:00,16
2025-12-11 21:49:00+00:00,BUY,MEC-A,2025-12-11 16:49:00-05:00,16
2025-12-11 21:52:00+00:00,BUY,MEC-A,2025-12-11 16:52:00-05:00,16
2025-12-11 23:16:00+00:00,SELL,MEC-A,2025-12-11 18:16:00-05:00,18
2025-12-11 23:20:00+00:00,SELL,MEC-A,2025-12-11 18:20:00-05:00,18
2025-12-11 23:23:00+00:00,SELL,MEC-A,2025-12-11 18:23:00-05:00,18
2025-12-11 23:24:00+00:00,SELL,MEC-A,2025-12-11 18:24:00-05:00,18
2025-12-11 23:31:00+00:00,SELL,MEC-A,2025-12-11 18:31:00-05:00,18
2025-12-11 23:33:00+00:00,SELL,MEC-A,2025-12-11 18:33:00-05:00,18
2025-12-11 23:34:00+00:00,SELL,MEC-A,2025-12-11 18:34:00-05:00,18
2025-12-11 23:36:00+00:00,SELL,MEC-A,2025-12-11 18:36:00-05:00,18
2025-12-11 23:37:00+00:00,SELL,MEC-A,2025-12-11 18:37:00-05:00,18
2025-12-11 23:40:00+00:00,SELL,MEC-A,2025-12-11 18:40:00-05:00,18
2025-12-11 23:49:00+00:00,SELL,MEC-A,2025-12-11 18:49:00-05:00,18
2025-12-11 23:55:00+00:00,SELL,MEC-A,2025-12-11 18:55:00-05:00,18
2025-12-11 23:56:00+00:00,SELL,MEC-A,2025-12-11 18:56:00-05:00,18
2025-12-12 00:17:00+00:00,BUY,MEC-A,2025-12-11 19:17:00-05:00,19
2025-12-12 00:20:00+00:00,BUY,MEC-A,2025-12-11 19:20:00-05:00,19
2025-12-12 00:34:00+00:00,SELL,MEC-A,2025-12-11 19:34:00-05:00,19
2025-12-12 00:35:00+00:00,SELL,MEC-A,2025-12-11 19:35:00-05:00,19
2025-12-12 00:36:00+00:00,SELL,MEC-A,2025-12-11 19:36:00-05:00,19
2025-12-12 00:46:00+00:00,SELL,MEC-A,2025-12-11 19:46:00-05:00,19
2025-12-12 00:50:00+00:00,SELL,MEC-A,2025-12-11 19:50:00-05:00,19
2025-12-12 00:51:00+00:00,SELL,MEC-A,2025-12-11 19:51:00-05:00,19
2025-12-12 00:53:00+00:00,SELL,MEC-A,2025-12-11 19:53:00-05:00,19
2025-12-12 00:58:00+00:00,SELL,MEC-A,2025-12-11 19:58:00-05:00,19
2025-12-12 00:59:00+00:00,SELL,MEC-A,2025-12-11 19:59:00-05:00,19
2025-12-12 01:03:00+00:00,SELL,MEC-A,2025-12-11 20:03:00-05:00,20
2025-12-12 01:07:00+00:00,SELL,MEC-A,2025-12-11 20:07:00-05:00,20
2025-12-12 01:13:00+00:00,BUY,MEC-A,2025-12-11 20:13:00-05:00,20
2025-12-12 01:15:00+00:00,BUY,MEC-A,2025-12-11 20:15:00-05:00,20
2025-12-12 01:17:00+00:00,BUY,MEC-A,2025-12-11 20:17:00-05:00,20
2025-12-12 01:28:00+00:00,SELL,MEC-A,2025-12-11 20:28:00-05:00,20
2025-12-12 01:33:00+00:00,SELL,MEC-A,2025-12-11 20:33:00-05:00,20
2025-12-12 01:38:00+00:00,SELL,MEC-A,2025-12-11 20:38:00-05:00,20
2025-12-12 01:41:00+00:00,BUY,MEC-A,2025-12-11 20:41:00-05:00,20
2025-12-12 01:42:00+00:00,BUY,MEC-A,2025-12-11 20:42:00-05:00,20
2025-12-12 01:45:00+00:00,BUY,MEC-A,2025-12-11 20:45:00-05:00,20
2025-12-12 01:46:00+00:00,BUY,MEC-A,2025-12-11 20:46:00-05:00,20
2025-12-12 01:51:00+00:00,BUY,MEC-A,2025-12-11 20:51:00-05:00,20
2025-12-12 02:07:00+00:00,BUY,MEC-A,2025-12-11 21:07:00-05:00,21
2025-12-12 02:09:00+00:00,BUY,MEC-A,2025-12-11 21:09:00-05:00,21
2025-12-12 02:14:00+00:00,BUY,MEC-A,2025-12-11 21:14:00-05:00,21
2025-12-12 02:15:00+00:00,BUY,MEC-A,2025-12-11 21:15:00-05:00,21
2025-12-12 02:26:00+00:00,SELL,MEC-A,2025-12-11 21:26:00-05:00,21
2025-12-12 02:33:00+00:00,BUY,MEC-A,2025-12-11 21:33:00-05:00,21
2025-12-12 02:45:00+00:00,SELL,MEC-A,2025-12-11 21:45:00-05:00,21
2025-12-12 02:46:00+00:00,SELL,MEC-A,2025-12-11 21:46:00-05:00,21
2025-12-12 02:48:00+00:00,SELL,MEC-A,2025-12-11 21:48:00-05:00,21
2025-12-12 02:54:00+00:00,SELL,MEC-A,2025-12-11 21:54:00-05:00,21
2025-12-12 02:57:00+00:00,SELL,MEC-A,2025-12-11 21:57:00-05:00,21
2025-12-12 02:58:00+00:00,SELL,MEC-A,2025-12-11 21:58:00-05:00,21
2025-12-12 03:18:00+00:00,SELL,MEC-A,2025-12-11 22:18:00-05:00,22
2025-12-12 03:19:00+00:00,SELL,MEC-A,2025-12-11 22:19:00-05:00,22
2025-12-12 03:24:00+00:00,SELL,MEC-A,2025-12-11 22:24:00-05:00,22
2025-12-12 03:28:00+00:00,SELL,MEC-A,2025-12-11 22:28:00-05:00,22
2025-12-12 03:32:00+00:00,SELL,MEC-A,2025-12-11 22:32:00-05:00,22
2025-12-12 03:39:00+00:00,BUY,MEC-A,2025-12-11 22:39:00-05:00,22
2025-12-12 03:41:00+00:00,BUY,MEC-A,2025-12-11 22:41:00-05:00,22
2025-12-12 03:43:00+00:00,BUY,MEC-A,2025-12-11 22:43:00-05:00,22
2025-12-12 03:46:00+00:00,BUY,MEC-A,2025-12-11 22:46:00-05:00,22
2025-12-12 03:59:00+00:00,SELL,MEC-A,2025-12-11 22:59:00-05:00,22
2025-12-12 04:05:00+00:00,SELL,MEC-A,2025-12-11 23:05:00-05:00,23
2025-12-12 04:10:00+00:00,SELL,MEC-A,2025-12-11 23:10:00-05:00,23
2025-12-12 04:12:00+00:00,SELL,MEC-A,2025-12-11 23:12:00-05:00,23
2025-12-12 04:13:00+00:00,SELL,MEC-A,2025-12-11 23:13:00-05:00,23
2025-12-12 04:15:00+00:00,SELL,MEC-A,2025-12-11 23:15:00-05:00,23
2025-12-12 04:21:00+00:00,SELL,MEC-A,2025-12-11 23:21:00-05:00,23
2025-12-12 04:28:00+00:00,SELL,MEC-A,2025-12-11 23:28:00-05:00,23
2025-12-12 04:30:00+00:00,SELL,MEC-A,2025-12-11 23:30:00-05:00,23
2025-12-12 04:31:00+00:00,SELL,MEC-A,2025-12-11 23:31:00-05:00,23
2025-12-12 04:32:00+00:00,SELL,MEC-A,2025-12-11 23:32:00-05:00,23
2025-12-12 04:34:00+00:00,SELL,MEC-A,2025-12-11 23:34:00-05:00,23
2025-12-12 05:17:00+00:00,BUY,MEC-A,2025-12-12 00:17:00-05:00,0
2025-12-12 05:18:00+00:00,BUY,MEC-A,2025-12-12 00:18:00-05:00,0
2025-12-12 05:19:00+00:00,BUY,MEC-A,2025-12-12 00:19:00-05:00,0
2025-12-12 05:20:00+00:00,BUY,MEC-A,2025-12-12 00:20:00-05:00,0
2025-12-12 05:22:00+00:00,BUY,MEC-A,2025-12-12 00:22:00-05:00,0
2025-12-12 05:24:00+00:00,BUY,MEC-A,2025-12-12 00:24:00-05:00,0
2025-12-12 05:27:00+00:00,BUY,MEC-A,2025-12-12 00:27:00-05:00,0
2025-12-12 05:28:00+00:00,BUY,MEC-A,2025-12-12 00:28:00-05:00,0
2025-12-12 05:30:00+00:00,BUY,MEC-A,2025-12-12 00:30:00-05:00,0
2025-12-12 05:34:00+00:00,BUY,MEC-A,2025-12-12 00:34:00-05:00,0
2025-12-12 05:35:00+00:00,BUY,MEC-A,2025-12-12 00:35:00-05:00,0
2025-12-12 05:37:00+00:00,BUY,MEC-A,2025-12-12 00:37:00-05:00,0
2025-12-12 05:41:00+00:00,BUY,MEC-A,2025-12-12 00:41:00-05:00,0
2025-12-12 05:48:00+00:00,BUY,MEC-A,2025-12-12 00:48:00-05:00,0
2025-12-12 05:50:00+00:00,BUY,MEC-A,2025-12-12 00:50:00-05:00,0
2025-12-12 05:55:00+00:00,BUY,MEC-A,2025-12-12 00:55:00-05:00,0
2025-12-12 05:57:00+00:00,BUY,MEC-A,2025-12-12 00:57:00-05:00,0
2025-12-12 06:00:00+00:00,BUY,MEC-A,2025-12-12 01:00:00-05:00,1
2025-12-12 06:04:00+00:00,SELL,MEC-A,2025-12-12 01:04:00-05:00,1
2025-12-12 06:13:00+00:00,SELL,MEC-A,2025-12-12 01:13:00-05:00,1
2025-12-12 06:15:00+00:00,SELL,MEC-A,2025-12-12 01:15:00-05:00,1
2025-12-12 06:28:00+00:00,BUY,MEC-A,2025-12-12 01:28:00-05:00,1
2025-12-12 06:36:00+00:00,BUY,MEC-A,2025-12-12 01:36:00-05:00,1
2025-12-12 06:45:00+00:00,BUY,MEC-A,2025-12-12 01:45:00-05:00,1
2025-12-12 06:52:00+00:00,BUY,MEC-A,2025-12-12 01:52:00-05:00,1
2025-12-12 06:57:00+00:00,BUY,MEC-A,2025-12-12 01:57:00-05:00,1
2025-12-12 07:03:00+00:00,BUY,MEC-A,2025-12-12 02:03:00-05:00,2
2025-12-12 07:06:00+00:00,BUY,MEC-A,2025-12-12 02:06:00-05:00,2
2025-12-12 07:07:00+00:00,BUY,MEC-A,2025-12-12 02:07:00-05:00,2
2025-12-12 07:09:00+00:00,BUY,MEC-A,2025-12-12 02:09:00-05:00,2
2025-12-12 07:15:00+00:00,BUY,MEC-A,2025-12-12 02:15:00-05:00,2
2025-12-12 07:17:00+00:00,BUY,MEC-A,2025-12-12 02:17:00-05:00,2
2025-12-12 07:32:00+00:00,BUY,MEC-A,2025-12-12 02:32:00-05:00,2
2025-12-12 07:34:00+00:00,BUY,MEC-A,2025-12-12 02:34:00-05:00,2
2025-12-12 07:40:00+00:00,SELL,MEC-A,2025-12-12 02:40:00-05:00,2
2025-12-12 08:00:00+00:00,BUY,MEC-A,2025-12-12 03:00:00-05:00,3
2025-12-12 08:03:00+00:00,BUY,MEC-A,2025-12-12 03:03:00-05:00,3
2025-12-12 08:05:00+00:00,BUY,MEC-A,2025-12-12 03:05:00-05:00,3
2025-12-12 08:09:00+00:00,BUY,MEC-A,2025-12-12 03:09:00-05:00,3
2025-12-12 08:10:00+00:00,BUY,MEC-A,2025-12-12 03:10:00-05:00,3
2025-12-12 08:12:00+00:00,BUY,MEC-A,2025-12-12 03:12:00-05:00,3
2025-12-12 08:15:00+00:00,BUY,MEC-A,2025-12-12 03:15:00-05:00,3
2025-12-12 08:16:00+00:00,BUY,MEC-A,2025-12-12 03:16:00-05:00,3
2025-12-12 08:27:00+00:00,BUY,MEC-A,2025-12-12 03:27:00-05:00,3
2025-12-12 08:31:00+00:00,BUY,MEC-A,2025-12-12 03:31:00-05:00,3
2025-12-12 08:33:00+00:00,BUY,MEC-A,2025-12-12 03:33:00-05:00,3
2025-12-12 08:34:00+00:00,BUY,MEC-A,2025-12-12 03:34:00-05:00,3
2025-12-12 08:35:00+00:00,BUY,MEC-A,2025-12-12 03:35:00-05:00,3
2025-12-12 08:37:00+00:00,BUY,MEC-A,2025-12-12 03:37:00-05:00,3
2025-12-12 08:38:00+00:00,BUY,MEC-A,2025-12-12 03:38:00-05:00,3
2025-12-12 08:40:00+00:00,BUY,MEC-A,2025-12-12 03:40:00-05:00,3
2025-12-12 08:42:00+00:00,BUY,MEC-A,2025-12-12 03:42:00-05:00,3
2025-12-12 08:43:00+00:00,BUY,MEC-A,2025-12-12 03:43:00-05:00,3
2025-12-12 08:44:00+00:00,BUY,MEC-A,2025-12-12 03:44:00-05:00,3
2025-12-12 08:48:00+00:00,BUY,MEC-A,2025-12-12 03:48:00-05:00,3
2025-12-12 08:49:00+00:00,BUY,MEC-A,2025-12-12 03:49:00-05:00,3
2025-12-12 08:51:00+00:00,BUY,MEC-A,2025-12-12 03:51:00-05:00,3
2025-12-12 08:54:00+00:00,BUY,MEC-A,2025-12-12 03:54:00-05:00,3
2025-12-12 08:57:00+00:00,BUY,MEC-A,2025-12-12 03:57:00-05:00,3
2025-12-12 09:01:00+00:00,BUY,MEC-A,2025-12-12 04:01:00-05:00,4
2025-12-12 09:02:00+00:00,BUY,MEC-A,2025-12-12 04:02:00-05:00,4
2025-12-12 09:13:00+00:00,BUY,MEC-A,2025-12-12 04:13:00-05:00,4
2025-12-12 09:14:00+00:00,BUY,MEC-A,2025-12-12 04:14:00-05:00,4
2025-12-12 09:18:00+00:00,BUY,MEC-A,2025-12-12 04:18:00-05:00,4
2025-12-12 09:20:00+00:00,BUY,MEC-A,2025-12-12 04:20:00-05:00,4
2025-12-12 09:24:00+00:00,BUY,MEC-A,2025-12-12 04:24:00-05:00,4
2025-12-12 09:27:00+00:00,SELL,MEC-A,2025-12-12 04:27:00-05:00,4
2025-12-12 09:30:00+00:00,SELL,MEC-A,2025-12-12 04:30:00-05:00,4
2025-12-12 09:31:00+00:00,SELL,MEC-A,2025-12-12 04:31:00-05:00,4
2025-12-12 09:32:00+00:00,SELL,MEC-A,2025-12-12 04:32:00-05:00,4
2025-12-12 09:33:00+00:00,SELL,MEC-A,2025-12-12 04:33:00-05:00,4
2025-12-12 09:36:00+00:00,SELL,MEC-A,2025-12-12 04:36:00-05:00,4
2025-12-12 09:39:00+00:00,SELL,MEC-A,2025-12-12 04:39:00-05:00,4
2025-12-12 09:40:00+00:00,SELL,MEC-A,2025-12-12 04:40:00-05:00,4
2025-12-12 09:48:00+00:00,BUY,MEC-A,2025-12-12 04:48:00-05:00,4
2025-12-12 09:49:00+00:00,BUY,MEC-A,2025-12-12 04:49:00-05:00,4
2025-12-12 09:53:00+00:00,BUY,MEC-A,2025-12-12 04:53:00-05:00,4
2025-12-12 09:54:00+00:00,BUY,MEC-A,2025-12-12 04:54:00-05:00,4
2025-12-12 10:01:00+00:00,BUY,MEC-A,2025-12-12 05:01:00-05:00,5
2025-12-12 10:03:00+00:00,SELL,MEC-A,2025-12-12 05:03:00-05:00,5
2025-12-12 10:08:00+00:00,SELL,MEC-A,2025-12-12 05:08:00-05:00,5
2025-12-12 10:12:00+00:00,BUY,MEC-A,2025-12-12 05:12:00-05:00,5
2025-12-12 10:15:00+00:00,BUY,MEC-A,2025-12-12 05:15:00-05:00,5
2025-12-12 10:21:00+00:00,BUY,MEC-A,2025-12-12 05:21:00-05:00,5
2025-12-12 10:26:00+00:00,BUY,MEC-A,2025-12-12 05:26:00-05:00,5
2025-12-12 10:29:00+00:00,SELL,MEC-A,2025-12-12 05:29:00-05:00,5
2025-12-12 10:34:00+00:00,BUY,MEC-A,2025-12-12 05:34:00-05:00,5
2025-12-12 10:36:00+00:00,BUY,MEC-A,2025-12-12 05:36:00-05:00,5
2025-12-12 10:40:00+00:00,BUY,MEC-A,2025-12-12 05:40:00-05:00,5
2025-12-12 10:43:00+00:00,BUY,MEC-A,2025-12-12 05:43:00-05:00,5
2025-12-12 10:44:00+00:00,BUY,MEC-A,2025-12-12 05:44:00-05:00,5
2025-12-12 10:46:00+00:00,BUY,MEC-A,2025-12-12 05:46:00-05:00,5
2025-12-12 10:52:00+00:00,BUY,MEC-A,2025-12-12 05:52:00-05:00,5
2025-12-12 10:59:00+00:00,BUY,MEC-A,2025-12-12 05:59:00-05:00,5
2025-12-12 11:01:00+00:00,BUY,MEC-A,2025-12-12 06:01:00-05:00,6
2025-12-12 11:02:00+00:00,BUY,MEC-A,2025-12-12 06:02:00-05:00,6
2025-12-12 11:03:00+00:00,BUY,MEC-A,2025-12-12 06:03:00-05:00,6
2025-12-12 11:05:00+00:00,BUY,MEC-A,2025-12-12 06:05:00-05:00,6
2025-12-12 11:08:00+00:00,BUY,MEC-A,2025-12-12 06:08:00-05:00,6
2025-12-12 11:10:00+00:00,BUY,MEC-A,2025-12-12 06:10:00-05:00,6
2025-12-12 11:11:00+00:00,BUY,MEC-A,2025-12-12 06:11:00-05:00,6
2025-12-12 11:15:00+00:00,BUY,MEC-A,2025-12-12 06:15:00-05:00,6
2025-12-12 11:17:00+00:00,BUY,MEC-A,2025-12-12 06:17:00-05:00,6
2025-12-12 11:22:00+00:00,SELL,MEC-A,2025-12-12 06:22:00-05:00,6
2025-12-12 11:25:00+00:00,SELL,MEC-A,2025-12-12 06:25:00-05:00,6
2025-12-12 11:27:00+00:00,SELL,MEC-A,2025-12-12 06:27:00-05:00,6
2025-12-12 11:33:00+00:00,SELL,MEC-A,2025-12-12 06:33:00-05:00,6
2025-12-12 11:34:00+00:00,SELL,MEC-A,2025-12-12 06:34:00-05:00,6
2025-12-12 11:35:00+00:00,SELL,MEC-A,2025-12-12 06:35:00-05:00,6
2025-12-12 11:36:00+00:00,SELL,MEC-A,2025-12-12 06:36:00-05:00,6
2025-12-12 11:43:00+00:00,BUY,MEC-A,2025-12-12 06:43:00-05:00,6
2025-12-12 11:45:00+00:00,BUY,MEC-A,2025-12-12 06:45:00-05:00,6
2025-12-12 11:47:00+00:00,BUY,MEC-A,2025-12-12 06:47:00-05:00,6
2025-12-12 11:50:00+00:00,BUY,MEC-A,2025-12-12 06:50:00-05:00,6
2025-12-12 11:58:00+00:00,BUY,MEC-A,2025-12-12 06:58:00-05:00,6
2025-12-12 12:00:00+00:00,BUY,MEC-A,2025-12-12 07:00:00-05:00,7
2025-12-12 12:05:00+00:00,SELL,MEC-A,2025-12-12 07:05:00-05:00,7
2025-12-12 12:06:00+00:00,SELL,MEC-A,2025-12-12 07:06:00-05:00,7
2025-12-12 12:10:00+00:00,SELL,MEC-A,2025-12-12 07:10:00-05:00,7
2025-12-12 12:11:00+00:00,SELL,MEC-A,2025-12-12 07:11:00-05:00,7
2025-12-12 12:16:00+00:00,SELL,MEC-A,2025-12-12 07:16:00-05:00,7
2025-12-12 12:23:00+00:00,SELL,MEC-A,2025-12-12 07:23:00-05:00,7
2025-12-12 12:31:00+00:00,SELL,MEC-A,2025-12-12 07:31:00-05:00,7
2025-12-12 12:38:00+00:00,SELL,MEC-A,2025-12-12 07:38:00-05:00,7
2025-12-12 12:43:00+00:00,SELL,MEC-A,2025-12-12 07:43:00-05:00,7
2025-12-12 12:44:00+00:00,SELL,MEC-A,2025-12-12 07:44:00-05:00,7
2025-12-12 12:48:00+00:00,SELL,MEC-A,2025-12-12 07:48:00-05:00,7
2025-12-12 12:49:00+00:00,SELL,MEC-A,2025-12-12 07:49:00-05:00,7
2025-12-12 12:52:00+00:00,SELL,MEC-A,2025-12-12 07:52:00-05:00,7
2025-12-12 12:53:00+00:00,SELL,MEC-A,2025-12-12 07:53:00-05:00,7
2025-12-12 12:54:00+00:00,SELL,MEC-A,2025-12-12 07:54:00-05:00,7
2025-12-12 12:57:00+00:00,SELL,MEC-A,2025-12-12 07:57:00-05:00,7
2025-12-12 13:02:00+00:00,BUY,MEC-A,2025-12-12 08:02:00-05:00,8
2025-12-12 13:04:00+00:00,BUY,MEC-A,2025-12-12 08:04:00-05:00,8
2025-12-12 13:10:00+00:00,BUY,MEC-A,2025-12-12 08:10:00-05:00,8
2025-12-12 13:12:00+00:00,BUY,MEC-A,2025-12-12 08:12:00-05:00,8
2025-12-12 13:17:00+00:00,BUY,MEC-A,2025-12-12 08:17:00-05:00,8
2025-12-12 13:21:00+00:00,BUY,MEC-A,2025-12-12 08:21:00-05:00,8
2025-12-12 13:23:00+00:00,BUY,MEC-A,2025-12-12 08:23:00-05:00,8
2025-12-12 13:25:00+00:00,BUY,MEC-A,2025-12-12 08:25:00-05:00,8
2025-12-12 13:30:00+00:00,BUY,MEC-A,2025-12-12 08:30:00-05:00,8
2025-12-12 13:32:00+00:00,BUY,MEC-A,2025-12-12 08:32:00-05:00,8
2025-12-12 13:35:00+00:00,BUY,MEC-A,2025-12-12 08:35:00-05:00,8
2025-12-12 13:40:00+00:00,BUY,MEC-A,2025-12-12 08:40:00-05:00,8
2025-12-12 13:44:00+00:00,SELL,MEC-A,2025-12-12 08:44:00-05:00,8
2025-12-12 13:45:00+00:00,SELL,MEC-A,2025-12-12 08:45:00-05:00,8
2025-12-12 13:49:00+00:00,SELL,MEC-A,2025-12-12 08:49:00-05:00,8
2025-12-12 13:51:00+00:00,SELL,MEC-A,2025-12-12 08:51:00-05:00,8
2025-12-12 14:04:00+00:00,BUY,MEC-A,2025-12-12 09:04:00-05:00,9
2025-12-12 14:12:00+00:00,BUY,MEC-A,2025-12-12 09:12:00-05:00,9
2025-12-12 14:16:00+00:00,SELL,MEC-A,2025-12-12 09:16:00-05:00,9
2025-12-12 14:17:00+00:00,SELL,MEC-A,2025-12-12 09:17:00-05:00,9
2025-12-12 14:23:00+00:00,SELL,MEC-A,2025-12-12 09:23:00-05:00,9
2025-12-12 14:27:00+00:00,BUY,MEC-A,2025-12-12 09:27:00-05:00,9
2025-12-12 14:30:00+00:00,SELL,MEC-A,2025-12-12 09:30:00-05:00,9
2025-12-12 14:32:00+00:00,SELL,MEC-A,2025-12-12 09:32:00-05:00,9
2025-12-12 14:34:00+00:00,SELL,MEC-A,2025-12-12 09:34:00-05:00,9
2025-12-12 14:38:00+00:00,SELL,MEC-A,2025-12-12 09:38:00-05:00,9
2025-12-12 14:45:00+00:00,SELL,MEC-A,2025-12-12 09:45:00-05:00,9
2025-12-12 14:51:00+00:00,BUY,MEC-A,2025-12-12 09:51:00-05:00,9
2025-12-12 14:53:00+00:00,BUY,MEC-A,2025-12-12 09:53:00-05:00,9
2025-12-12 14:56:00+00:00,BUY,MEC-A,2025-12-12 09:56:00-05:00,9
2025-12-12 15:01:00+00:00,BUY,MEC-A,2025-12-12 10:01:00-05:00,10
2025-12-12 15:07:00+00:00,BUY,MEC-A,2025-12-12 10:07:00-05:00,10
2025-12-12 15:10:00+00:00,BUY,MEC-A,2025-12-12 10:10:00-05:00,10
2025-12-12 15:16:00+00:00,SELL,MEC-A,2025-12-12 10:16:00-05:00,10
2025-12-12 15:18:00+00:00,SELL,MEC-A,2025-12-12 10:18:00-05:00,10
2025-12-12 15:19:00+00:00,SELL,MEC-A,2025-12-12 10:19:00-05:00,10
2025-12-12 15:20:00+00:00,SELL,MEC-A,2025-12-12 10:20:00-05:00,10
2025-12-12 15:24:00+00:00,SELL,MEC-A,2025-12-12 10:24:00-05:00,10
2025-12-12 15:28:00+00:00,SELL,MEC-A,2025-12-12 10:28:00-05:00,10
2025-12-12 15:29:00+00:00,SELL,MEC-A,2025-12-12 10:29:00-05:00,10
2025-12-12 15:33:00+00:00,SELL,MEC-A,2025-12-12 10:33:00-05:00,10
2025-12-12 15:38:00+00:00,BUY,MEC-A,2025-12-12 10:38:00-05:00,10
2025-12-12 15:44:00+00:00,BUY,MEC-A,2025-12-12 10:44:00-05:00,10
2025-12-12 15:45:00+00:00,BUY,MEC-A,2025-12-12 10:45:00-05:00,10
2025-12-12 15:54:00+00:00,SELL,MEC-A,2025-12-12 10:54:00-05:00,10
2025-12-12 15:55:00+00:00,SELL,MEC-A,2025-12-12 10:55:00-05:00,10
2025-12-12 15:58:00+00:00,SELL,MEC-A,2025-12-12 10:58:00-05:00,10
2025-12-12 16:01:00+00:00,SELL,MEC-A,2025-12-12 11:01:00-05:00,11
2025-12-12 16:04:00+00:00,SELL,MEC-A,2025-12-12 11:04:00-05:00,11
2025-12-12 16:07:00+00:00,SELL,MEC-A,2025-12-12 11:07:00-05:00,11
2025-12-12 16:13:00+00:00,SELL,MEC-A,2025-12-12 11:13:00-05:00,11
2025-12-12 16:16:00+00:00,SELL,MEC-A,2025-12-12 11:16:00-05:00,11
2025-12-12 16:18:00+00:00,SELL,MEC-A,2025-12-12 11:18:00-05:00,11
2025-12-12 16:21:00+00:00,SELL,MEC-A,2025-12-12 11:21:00-05:00,11
2025-12-12 16:27:00+00:00,BUY,MEC-A,2025-12-12 11:27:00-05:00,11
2025-12-12 16:38:00+00:00,SELL,MEC-A,2025-12-12 11:38:00-05:00,11
2025-12-12 16:42:00+00:00,SELL,MEC-A,2025-12-12 11:42:00-05:00,11
2025-12-12 16:46:00+00:00,SELL,MEC-A,2025-12-12 11:46:00-05:00,11
2025-12-12 16:59:00+00:00,BUY,MEC-A,2025-12-12 11:59:00-05:00,11
2025-12-12 17:01:00+00:00,BUY,MEC-A,2025-12-12 12:01:00-05:00,12
2025-12-12 17:03:00+00:00,BUY,MEC-A,2025-12-12 12:03:00-05:00,12
2025-12-12 17:05:00+00:00,BUY,MEC-A,2025-12-12 12:05:00-05:00,12
2025-12-12 17:15:00+00:00,BUY,MEC-A,2025-12-12 12:15:00-05:00,12
2025-12-12 17:16:00+00:00,BUY,MEC-A,2025-12-12 12:16:00-05:00,12
2025-12-12 17:17:00+00:00,BUY,MEC-A,2025-12-12 12:17:00-05:00,12
2025-12-12 17:19:00+00:00,BUY,MEC-A,2025-12-12 12:19:00-05:00,12
2025-12-12 17:21:00+00:00,BUY,MEC-A,2025-12-12 12:21:00-05:00,12
2025-12-12 17:22:00+00:00,BUY,MEC-A,2025-12-12 12:22:00-05:00,12
2025-12-12 17:28:00+00:00,BUY,MEC-A,2025-12-12 12:28:00-05:00,12
2025-12-12 17:30:00+00:00,BUY,MEC-A,2025-12-12 12:30:00-05:00,12
2025-12-12 17:31:00+00:00,BUY,MEC-A,2025-12-12 12:31:00-05:00,12
2025-12-12 17:33:00+00:00,BUY,MEC-A,2025-12-12 12:33:00-05:00,12
2025-12-12 17:38:00+00:00,BUY,MEC-A,2025-12-12 12:38:00-05:00,12
2025-12-12 17:40:00+00:00,BUY,MEC-A,2025-12-12 12:40:00-05:00,12
2025-12-12 17:47:00+00:00,BUY,MEC-A,2025-12-12 12:47:00-05:00,12
2025-12-12 17:49:00+00:00,BUY,MEC-A,2025-12-12 12:49:00-05:00,12
2025-12-12 17:58:00+00:00,BUY,MEC-A,2025-12-12 12:58:00-05:00,12
2025-12-12 18:05:00+00:00,BUY,MEC-A,2025-12-12 13:05:00-05:00,13
2025-12-12 18:07:00+00:00,BUY,MEC-A,2025-12-12 13:07:00-05:00,13
2025-12-12 18:10:00+00:00,BUY,MEC-A,2025-12-12 13:10:00-05:00,13
2025-12-12 18:11:00+00:00,BUY,MEC-A,2025-12-12 13:11:00-05:00,13
2025-12-12 18:18:00+00:00,BUY,MEC-A,2025-12-12 13:18:00-05:00,13
2025-12-12 18:33:00+00:00,BUY,MEC-A,2025-12-12 13:33:00-05:00,13
2025-12-12 18:39:00+00:00,BUY,MEC-A,2025-12-12 13:39:00-05:00,13
2025-12-12 18:43:00+00:00,SELL,MEC-A,2025-12-12 13:43:00-05:00,13
2025-12-12 18:44:00+00:00,SELL,MEC-A,2025-12-12 13:44:00-05:00,13
2025-12-12 18:46:00+00:00,SELL,MEC-A,2025-12-12 13:46:00-05:00,13
2025-12-12 18:49:00+00:00,SELL,MEC-A,2025-12-12 13:49:00-05:00,13
2025-12-12 18:56:00+00:00,SELL,MEC-A,2025-12-12 13:56:00-05:00,13
2025-12-12 18:57:00+00:00,SELL,MEC-A,2025-12-12 13:57:00-05:00,13
2025-12-12 18:59:00+00:00,SELL,MEC-A,2025-12-12 13:59:00-05:00,13
2025-12-12 19:01:00+00:00,SELL,MEC-A,2025-12-12 14:01:00-05:00,14
2025-12-12 19:09:00+00:00,SELL,MEC-A,2025-12-12 14:09:00-05:00,14
2025-12-12 19:18:00+00:00,BUY,MEC-A,2025-12-12 14:18:00-05:00,14
2025-12-12 19:20:00+00:00,BUY,MEC-A,2025-12-12 14:20:00-05:00,14
2025-12-12 19:24:00+00:00,BUY,MEC-A,2025-12-12 14:24:00-05:00,14
2025-12-12 19:30:00+00:00,BUY,MEC-A,2025-12-12 14:30:00-05:00,14
2025-12-12 19:37:00+00:00,SELL,MEC-A,2025-12-12 14:37:00-05:00,14
2025-12-12 19:44:00+00:00,BUY,MEC-A,2025-12-12 14:44:00-05:00,14
2025-12-15 05:11:00+00:00,SELL,MEC-A,2025-12-15 00:11:00-05:00,0
2025-12-15 05:20:00+00:00,BUY,MEC-A,2025-12-15 00:20:00-05:00,0
2025-12-15 05:23:00+00:00,BUY,MEC-A,2025-12-15 00:23:00-05:00,0
2025-12-15 05:27:00+00:00,BUY,MEC-A,2025-12-15 00:27:00-05:00,0
2025-12-15 05:30:00+00:00,BUY,MEC-A,2025-12-15 00:30:00-05:00,0
2025-12-15 05:31:00+00:00,BUY,MEC-A,2025-12-15 00:31:00-05:00,0
2025-12-15 05:32:00+00:00,BUY,MEC-A,2025-12-15 00:32:00-05:00,0
2025-12-15 05:35:00+00:00,BUY,MEC-A,2025-12-15 00:35:00-05:00,0
2025-12-15 05:39:00+00:00,BUY,MEC-A,2025-12-15 00:39:00-05:00,0
2025-12-15 05:41:00+00:00,BUY,MEC-A,2025-12-15 00:41:00-05:00,0
2025-12-15 05:42:00+00:00,BUY,MEC-A,2025-12-15 00:42:00-05:00,0
2025-12-15 05:49:00+00:00,SELL,MEC-A,2025-12-15 00:49:00-05:00,0
2025-12-15 05:54:00+00:00,BUY,MEC-A,2025-12-15 00:54:00-05:00,0
2025-12-15 05:56:00+00:00,BUY,MEC-A,2025-12-15 00:56:00-05:00,0
2025-12-15 05:57:00+00:00,BUY,MEC-A,2025-12-15 00:57:00-05:00,0
2025-12-15 06:02:00+00:00,BUY,MEC-A,2025-12-15 01:02:00-05:00,1
2025-12-15 06:03:00+00:00,BUY,MEC-A,2025-12-15 01:03:00-05:00,1
2025-12-15 06:20:00+00:00,BUY,MEC-A,2025-12-15 01:20:00-05:00,1
2025-12-15 06:42:00+00:00,BUY,MEC-A,2025-12-15 01:42:00-05:00,1
2025-12-15 06:46:00+00:00,BUY,MEC-A,2025-12-15 01:46:00-05:00,1
2025-12-15 06:59:00+00:00,SELL,MEC-A,2025-12-15 01:59:00-05:00,1
2025-12-15 07:02:00+00:00,SELL,MEC-A,2025-12-15 02:02:00-05:00,2
2025-12-15 07:07:00+00:00,SELL,MEC-A,2025-12-15 02:07:00-05:00,2
2025-12-15 07:11:00+00:00,SELL,MEC-A,2025-12-15 02:11:00-05:00,2
2025-12-15 07:15:00+00:00,SELL,MEC-A,2025-12-15 02:15:00-05:00,2
2025-12-15 07:17:00+00:00,BUY,MEC-A,2025-12-15 02:17:00-05:00,2
2025-12-15 07:23:00+00:00,BUY,MEC-A,2025-12-15 02:23:00-05:00,2
2025-12-15 07:28:00+00:00,BUY,MEC-A,2025-12-15 02:28:00-05:00,2
2025-12-15 07:34:00+00:00,SELL,MEC-A,2025-12-15 02:34:00-05:00,2
2025-12-15 07:37:00+00:00,SELL,MEC-A,2025-12-15 02:37:00-05:00,2
2025-12-15 07:38:00+00:00,SELL,MEC-A,2025-12-15 02:38:00-05:00,2
2025-12-15 07:39:00+00:00,SELL,MEC-A,2025-12-15 02:39:00-05:00,2
2025-12-15 07:41:00+00:00,SELL,MEC-A,2025-12-15 02:41:00-05:00,2
2025-12-15 07:49:00+00:00,SELL,MEC-A,2025-12-15 02:49:00-05:00,2
2025-12-15 07:51:00+00:00,SELL,MEC-A,2025-12-15 02:51:00-05:00,2
2025-12-15 07:53:00+00:00,SELL,MEC-A,2025-12-15 02:53:00-05:00,2
2025-12-15 07:55:00+00:00,SELL,MEC-A,2025-12-15 02:55:00-05:00,2
2025-12-15 07:59:00+00:00,SELL,MEC-A,2025-12-15 02:59:00-05:00,2
2025-12-15 08:02:00+00:00,SELL,MEC-A,2025-12-15 03:02:00-05:00,3
2025-12-15 08:05:00+00:00,BUY,MEC-A,2025-12-15 03:05:00-05:00,3
2025-12-15 08:12:00+00:00,BUY,MEC-A,2025-12-15 03:12:00-05:00,3
2025-12-15 08:14:00+00:00,BUY,MEC-A,2025-12-15 03:14:00-05:00,3
2025-12-15 08:22:00+00:00,BUY,MEC-A,2025-12-15 03:22:00-05:00,3
2025-12-15 08:25:00+00:00,BUY,MEC-A,2025-12-15 03:25:00-05:00,3
2025-12-15 08:28:00+00:00,BUY,MEC-A,2025-12-15 03:28:00-05:00,3
2025-12-15 08:31:00+00:00,BUY,MEC-A,2025-12-15 03:31:00-05:00,3
2025-12-15 08:35:00+00:00,BUY,MEC-A,2025-12-15 03:35:00-05:00,3
2025-12-15 08:40:00+00:00,BUY,MEC-A,2025-12-15 03:40:00-05:00,3
2025-12-15 08:47:00+00:00,BUY,MEC-A,2025-12-15 03:47:00-05:00,3
2025-12-15 08:48:00+00:00,BUY,MEC-A,2025-12-15 03:48:00-05:00,3
2025-12-15 08:50:00+00:00,BUY,MEC-A,2025-12-15 03:50:00-05:00,3
2025-12-15 08:54:00+00:00,BUY,MEC-A,2025-12-15 03:54:00-05:00,3
2025-12-15 08:56:00+00:00,BUY,MEC-A,2025-12-15 03:56:00-05:00,3
2025-12-15 09:00:00+00:00,SELL,MEC-A,2025-12-15 04:00:00-05:00,4
2025-12-15 09:02:00+00:00,SELL,MEC-A,2025-12-15 04:02:00-05:00,4
2025-12-15 09:05:00+00:00,SELL,MEC-A,2025-12-15 04:05:00-05:00,4
2025-12-15 09:08:00+00:00,SELL,MEC-A,2025-12-15 04:08:00-05:00,4
2025-12-15 09:13:00+00:00,BUY,MEC-A,2025-12-15 04:13:00-05:00,4
2025-12-15 09:30:00+00:00,BUY,MEC-A,2025-12-15 04:30:00-05:00,4
2025-12-15 09:32:00+00:00,BUY,MEC-A,2025-12-15 04:32:00-05:00,4
2025-12-15 09:47:00+00:00,SELL,MEC-A,2025-12-15 04:47:00-05:00,4
2025-12-15 09:48:00+00:00,SELL,MEC-A,2025-12-15 04:48:00-05:00,4
2025-12-15 09:50:00+00:00,SELL,MEC-A,2025-12-15 04:50:00-05:00,4
2025-12-15 09:53:00+00:00,SELL,MEC-A,2025-12-15 04:53:00-05:00,4
2025-12-15 09:57:00+00:00,SELL,MEC-A,2025-12-15 04:57:00-05:00,4
2025-12-15 09:58:00+00:00,SELL,MEC-A,2025-12-15 04:58:00-05:00,4
2025-12-15 09:59:00+00:00,SELL,MEC-A,2025-12-15 04:59:00-05:00,4
2025-12-15 10:00:00+00:00,SELL,MEC-A,2025-12-15 05:00:00-05:00,5
2025-12-15 10:18:00+00:00,BUY,MEC-A,2025-12-15 05:18:00-05:00,5
2025-12-15 10:19:00+00:00,BUY,MEC-A,2025-12-15 05:19:00-05:00,5
2025-12-15 10:24:00+00:00,BUY,MEC-A,2025-12-15 05:24:00-05:00,5
2025-12-15 10:25:00+00:00,BUY,MEC-A,2025-12-15 05:25:00-05:00,5
2025-12-15 10:26:00+00:00,BUY,MEC-A,2025-12-15 05:26:00-05:00,5
2025-12-15 10:28:00+00:00,BUY,MEC-A,2025-12-15 05:28:00-05:00,5
2025-12-15 10:29:00+00:00,SELL,MEC-A,2025-12-15 05:29:00-05:00,5
2025-12-15 10:31:00+00:00,SELL,MEC-A,2025-12-15 05:31:00-05:00,5
2025-12-15 10:33:00+00:00,SELL,MEC-A,2025-12-15 05:33:00-05:00,5
2025-12-15 10:36:00+00:00,SELL,MEC-A,2025-12-15 05:36:00-05:00,5
2025-12-15 10:40:00+00:00,SELL,MEC-A,2025-12-15 05:40:00-05:00,5
2025-12-15 10:44:00+00:00,SELL,MEC-A,2025-12-15 05:44:00-05:00,5
2025-12-15 10:53:00+00:00,BUY,MEC-A,2025-12-15 05:53:00-05:00,5
2025-12-15 11:00:00+00:00,SELL,MEC-A,2025-12-15 06:00:00-05:00,6
2025-12-15 11:05:00+00:00,SELL,MEC-A,2025-12-15 06:05:00-05:00,6
2025-12-15 11:07:00+00:00,SELL,MEC-A,2025-12-15 06:07:00-05:00,6
2025-12-15 11:16:00+00:00,SELL,MEC-A,2025-12-15 06:16:00-05:00,6
2025-12-15 11:17:00+00:00,SELL,MEC-A,2025-12-15 06:17:00-05:00,6
2025-12-15 11:23:00+00:00,BUY,MEC-A,2025-12-15 06:23:00-05:00,6
2025-12-15 11:25:00+00:00,BUY,MEC-A,2025-12-15 06:25:00-05:00,6
2025-12-15 11:27:00+00:00,BUY,MEC-A,2025-12-15 06:27:00-05:00,6
2025-12-15 11:29:00+00:00,BUY,MEC-A,2025-12-15 06:29:00-05:00,6
2025-12-15 11:33:00+00:00,BUY,MEC-A,2025-12-15 06:33:00-05:00,6
2025-12-15 11:37:00+00:00,SELL,MEC-A,2025-12-15 06:37:00-05:00,6
2025-12-15 11:42:00+00:00,SELL,MEC-A,2025-12-15 06:42:00-05:00,6
2025-12-15 11:43:00+00:00,SELL,MEC-A,2025-12-15 06:43:00-05:00,6
2025-12-15 11:45:00+00:00,SELL,MEC-A,2025-12-15 06:45:00-05:00,6
2025-12-15 11:48:00+00:00,BUY,MEC-A,2025-12-15 06:48:00-05:00,6
2025-12-15 11:50:00+00:00,BUY,MEC-A,2025-12-15 06:50:00-05:00,6
2025-12-15 11:51:00+00:00,BUY,MEC-A,2025-12-15 06:51:00-05:00,6
2025-12-15 11:52:00+00:00,BUY,MEC-A,2025-12-15 06:52:00-05:00,6
2025-12-15 11:57:00+00:00,BUY,MEC-A,2025-12-15 06:57:00-05:00,6
2025-12-15 12:00:00+00:00,BUY,MEC-A,2025-12-15 07:00:00-05:00,7
2025-12-15 12:01:00+00:00,BUY,MEC-A,2025-12-15 07:01:00-05:00,7
2025-12-15 12:10:00+00:00,BUY,MEC-A,2025-12-15 07:10:00-05:00,7
2025-12-15 12:12:00+00:00,BUY,MEC-A,2025-12-15 07:12:00-05:00,7
2025-12-15 12:18:00+00:00,BUY,MEC-A,2025-12-15 07:18:00-05:00,7
2025-12-15 12:23:00+00:00,BUY,MEC-A,2025-12-15 07:23:00-05:00,7
2025-12-15 12:29:00+00:00,BUY,MEC-A,2025-12-15 07:29:00-05:00,7
2025-12-15 12:31:00+00:00,BUY,MEC-A,2025-12-15 07:31:00-05:00,7
2025-12-15 12:32:00+00:00,BUY,MEC-A,2025-12-15 07:32:00-05:00,7
2025-12-15 12:34:00+00:00,BUY,MEC-A,2025-12-15 07:34:00-05:00,7
2025-12-15 12:51:00+00:00,BUY,MEC-A,2025-12-15 07:51:00-05:00,7
2025-12-15 13:02:00+00:00,SELL,MEC-A,2025-12-15 08:02:00-05:00,8
2025-12-15 13:04:00+00:00,SELL,MEC-A,2025-12-15 08:04:00-05:00,8
2025-12-15 13:05:00+00:00,SELL,MEC-A,2025-12-15 08:05:00-05:00,8
2025-12-15 13:06:00+00:00,SELL,MEC-A,2025-12-15 08:06:00-05:00,8
2025-12-15 13:09:00+00:00,SELL,MEC-A,2025-12-15 08:09:00-05:00,8
2025-12-15 13:11:00+00:00,SELL,MEC-A,2025-12-15 08:11:00-05:00,8
2025-12-15 13:25:00+00:00,BUY,MEC-A,2025-12-15 08:25:00-05:00,8
2025-12-15 13:28:00+00:00,BUY,MEC-A,2025-12-15 08:28:00-05:00,8
2025-12-15 13:38:00+00:00,BUY,MEC-A,2025-12-15 08:38:00-05:00,8
2025-12-15 13:45:00+00:00,BUY,MEC-A,2025-12-15 08:45:00-05:00,8
2025-12-15 13:46:00+00:00,BUY,MEC-A,2025-12-15 08:46:00-05:00,8
2025-12-15 13:48:00+00:00,BUY,MEC-A,2025-12-15 08:48:00-05:00,8
2025-12-15 13:49:00+00:00,BUY,MEC-A,2025-12-15 08:49:00-05:00,8
2025-12-15 13:55:00+00:00,SELL,MEC-A,2025-12-15 08:55:00-05:00,8
2025-12-15 13:57:00+00:00,SELL,MEC-A,2025-12-15 08:57:00-05:00,8
2025-12-15 13:58:00+00:00,SELL,MEC-A,2025-12-15 08:58:00-05:00,8
2025-12-15 14:03:00+00:00,SELL,MEC-A,2025-12-15 09:03:00-05:00,9
2025-12-15 14:05:00+00:00,SELL,MEC-A,2025-12-15 09:05:00-05:00,9
2025-12-15 14:06:00+00:00,SELL,MEC-A,2025-12-15 09:06:00-05:00,9
2025-12-15 14:09:00+00:00,SELL,MEC-A,2025-12-15 09:09:00-05:00,9
2025-12-15 14:10:00+00:00,SELL,MEC-A,2025-12-15 09:10:00-05:00,9
2025-12-15 14:14:00+00:00,SELL,MEC-A,2025-12-15 09:14:00-05:00,9
2025-12-15 14:16:00+00:00,SELL,MEC-A,2025-12-15 09:16:00-05:00,9
2025-12-15 14:19:00+00:00,SELL,MEC-A,2025-12-15 09:19:00-05:00,9
2025-12-15 14:20:00+00:00,SELL,MEC-A,2025-12-15 09:20:00-05:00,9
2025-12-15 14:27:00+00:00,SELL,MEC-A,2025-12-15 09:27:00-05:00,9
2025-12-15 14:31:00+00:00,SELL,MEC-A,2025-12-15 09:31:00-05:00,9
2025-12-15 14:36:00+00:00,BUY,MEC-A,2025-12-15 09:36:00-05:00,9
2025-12-15 14:37:00+00:00,BUY,MEC-A,2025-12-15 09:37:00-05:00,9
2025-12-15 14:38:00+00:00,BUY,MEC-A,2025-12-15 09:38:00-05:00,9
2025-12-15 14:45:00+00:00,BUY,MEC-A,2025-12-15 09:45:00-05:00,9
2025-12-15 14:49:00+00:00,BUY,MEC-A,2025-12-15 09:49:00-05:00,9
2025-12-15 14:53:00+00:00,SELL,MEC-A,2025-12-15 09:53:00-05:00,9
2025-12-15 15:00:00+00:00,SELL,MEC-A,2025-12-15 10:00:00-05:00,10
2025-12-15 15:12:00+00:00,BUY,MEC-A,2025-12-15 10:12:00-05:00,10
2025-12-15 15:19:00+00:00,SELL,MEC-A,2025-12-15 10:19:00-05:00,10
2025-12-15 15:22:00+00:00,BUY,MER,2025-12-15 10:22:00-05:00,10
2025-12-15 15:28:00+00:00,SELL,MEC-A,2025-12-15 10:28:00-05:00,10
2025-12-15 15:49:00+00:00,BUY,MEC-A,2025-12-15 10:49:00-05:00,10
2025-12-15 15:50:00+00:00,BUY,MEC-A,2025-12-15 10:50:00-05:00,10
2025-12-15 15:55:00+00:00,BUY,MEC-A,2025-12-15 10:55:00-05:00,10
2025-12-15 15:57:00+00:00,SELL,MEC-A,2025-12-15 10:57:00-05:00,10
2025-12-15 15:58:00+00:00,SELL,MEC-A,2025-12-15 10:58:00-05:00,10
2025-12-15 16:01:00+00:00,SELL,MEC-A,2025-12-15 11:01:00-05:00,11
2025-12-15 16:03:00+00:00,SELL,MEC-A,2025-12-15 11:03:00-05:00,11
2025-12-15 16:04:00+00:00,SELL,MEC-A,2025-12-15 11:04:00-05:00,11
2025-12-15 16:05:00+00:00,SELL,MEC-A,2025-12-15 11:05:00-05:00,11
2025-12-15 16:08:00+00:00,SELL,MEC-A,2025-12-15 11:08:00-05:00,11
2025-12-15 16:10:00+00:00,SELL,MEC-A,2025-12-15 11:10:00-05:00,11
2025-12-15 16:17:00+00:00,SELL,MEC-A,2025-12-15 11:17:00-05:00,11
2025-12-15 16:21:00+00:00,SELL,MEC-A,2025-12-15 11:21:00-05:00,11
2025-12-15 16:22:00+00:00,SELL,MEC-A,2025-12-15 11:22:00-05:00,11
2025-12-15 16:26:00+00:00,SELL,MEC-A,2025-12-15 11:26:00-05:00,11
2025-12-15 16:28:00+00:00,SELL,MEC-A,2025-12-15 11:28:00-05:00,11
2025-12-15 16:34:00+00:00,SELL,MEC-A,2025-12-15 11:34:00-05:00,11
2025-12-15 16:36:00+00:00,SELL,MEC-A,2025-12-15 11:36:00-05:00,11
2025-12-15 16:52:00+00:00,BUY,MEC-A,2025-12-15 11:52:00-05:00,11
2025-12-15 16:56:00+00:00,BUY,MEC-A,2025-12-15 11:56:00-05:00,11
2025-12-15 16:58:00+00:00,BUY,MEC-A,2025-12-15 11:58:00-05:00,11
2025-12-15 17:03:00+00:00,BUY,MEC-A,2025-12-15 12:03:00-05:00,12
2025-12-15 17:26:00+00:00,BUY,MEC-A,2025-12-15 12:26:00-05:00,12
2025-12-15 17:32:00+00:00,BUY,MEC-A,2025-12-15 12:32:00-05:00,12
2025-12-15 17:35:00+00:00,BUY,MEC-A,2025-12-15 12:35:00-05:00,12
2025-12-15 17:38:00+00:00,BUY,MEC-A,2025-12-15 12:38:00-05:00,12
2025-12-15 17:41:00+00:00,BUY,MEC-A,2025-12-15 12:41:00-05:00,12
2025-12-15 17:48:00+00:00,BUY,MEC-A,2025-12-15 12:48:00-05:00,12
2025-12-15 18:01:00+00:00,SELL,MEC-A,2025-12-15 13:01:00-05:00,13
2025-12-15 18:04:00+00:00,SELL,MEC-A,2025-12-15 13:04:00-05:00,13
2025-12-15 18:12:00+00:00,SELL,MEC-A,2025-12-15 13:12:00-05:00,13
2025-12-15 18:24:00+00:00,SELL,MEC-A,2025-12-15 13:24:00-05:00,13
2025-12-15 18:26:00+00:00,SELL,MEC-A,2025-12-15 13:26:00-05:00,13
2025-12-15 18:29:00+00:00,BUY,MEC-A,2025-12-15 13:29:00-05:00,13
2025-12-15 18:31:00+00:00,BUY,MEC-A,2025-12-15 13:31:00-05:00,13
2025-12-15 18:32:00+00:00,BUY,MEC-A,2025-12-15 13:32:00-05:00,13
2025-12-15 18:33:00+00:00,BUY,MEC-A,2025-12-15 13:33:00-05:00,13
2025-12-15 18:36:00+00:00,BUY,MEC-A,2025-12-15 13:36:00-05:00,13
2025-12-15 18:38:00+00:00,BUY,MEC-A,2025-12-15 13:38:00-05:00,13
2025-12-15 18:40:00+00:00,BUY,MEC-A,2025-12-15 13:40:00-05:00,13
2025-12-15 18:50:00+00:00,BUY,MEC-A,2025-12-15 13:50:00-05:00,13
2025-12-15 18:52:00+00:00,BUY,MEC-A,2025-12-15 13:52:00-05:00,13
2025-12-15 18:53:00+00:00,BUY,MEC-A,2025-12-15 13:53:00-05:00,13
2025-12-15 18:54:00+00:00,BUY,MEC-A,2025-12-15 13:54:00-05:00,13
2025-12-15 18:55:00+00:00,BUY,MEC-A,2025-12-15 13:55:00-05:00,13
2025-12-15 18:58:00+00:00,BUY,MEC-A,2025-12-15 13:58:00-05:00,13
2025-12-15 18:59:00+00:00,BUY,MEC-A,2025-12-15 13:59:00-05:00,13
2025-12-15 19:00:00+00:00,BUY,MEC-A,2025-12-15 14:00:00-05:00,14
2025-12-15 19:03:00+00:00,BUY,MEC-A,2025-12-15 14:03:00-05:00,14
2025-12-15 19:12:00+00:00,BUY,MEC-A,2025-12-15 14:12:00-05:00,14
2025-12-15 19:16:00+00:00,BUY,MEC-A,2025-12-15 14:16:00-05:00,14
2025-12-15 19:18:00+00:00,BUY,MEC-A,2025-12-15 14:18:00-05:00,14
2025-12-15 19:19:00+00:00,BUY,MEC-A,2025-12-15 14:19:00-05:00,14
2025-12-15 19:29:00+00:00,SELL,MEC-A,2025-12-15 14:29:00-05:00,14
2025-12-15 19:30:00+00:00,SELL,MEC-A,2025-12-15 14:30:00-05:00,14
2025-12-15 19:36:00+00:00,SELL,MEC-A,2025-12-15 14:36:00-05:00,14
2025-12-15 19:37:00+00:00,SELL,MEC-A,2025-12-15 14:37:00-05:00,14
2025-12-15 19:47:00+00:00,BUY,MEC-A,2025-12-15 14:47:00-05:00,14
2025-12-15 19:52:00+00:00,BUY,MEC-A,2025-12-15 14:52:00-05:00,14
2025-12-15 19:54:00+00:00,BUY,MEC-A,2025-12-15 14:54:00-05:00,14
2025-12-15 19:56:00+00:00,BUY,MEC-A,2025-12-15 14:56:00-05:00,14
2025-12-15 20:01:00+00:00,SELL,MEC-A,2025-12-15 15:01:00-05:00,15
2025-12-15 20:03:00+00:00,SELL,MEC-A,2025-12-15 15:03:00-05:00,15
2025-12-15 20:14:00+00:00,SELL,MEC-A,2025-12-15 15:14:00-05:00,15
2025-12-15 20:15:00+00:00,SELL,MEC-A,2025-12-15 15:15:00-05:00,15
2025-12-15 20:18:00+00:00,SELL,MEC-A,2025-12-15 15:18:00-05:00,15
2025-12-15 20:20:00+00:00,SELL,MEC-A,2025-12-15 15:20:00-05:00,15
2025-12-15 20:23:00+00:00,SELL,MEC-A,2025-12-15 15:23:00-05:00,15
2025-12-15 20:26:00+00:00,SELL,MEC-A,2025-12-15 15:26:00-05:00,15
2025-12-15 20:31:00+00:00,BUY,MEC-A,2025-12-15 15:31:00-05:00,15
2025-12-15 20:48:00+00:00,BUY,MEC-A,2025-12-15 15:48:00-05:00,15
2025-12-15 20:52:00+00:00,BUY,MEC-A,2025-12-15 15:52:00-05:00,15
2025-12-15 21:00:00+00:00,SELL,MEC-A,2025-12-15 16:00:00-05:00,16
2025-12-15 21:02:00+00:00,SELL,MEC-A,2025-12-15 16:02:00-05:00,16
2025-12-15 21:03:00+00:00,SELL,MEC-A,2025-12-15 16:03:00-05:00,16
2025-12-15 21:07:00+00:00,SELL,MEC-A,2025-12-15 16:07:00-05:00,16
2025-12-15 21:08:00+00:00,SELL,MEC-A,2025-12-15 16:08:00-05:00,16
2025-12-15 21:11:00+00:00,BUY,MEC-A,2025-12-15 16:11:00-05:00,16
2025-12-15 21:15:00+00:00,BUY,MEC-A,2025-12-15 16:15:00-05:00,16
2025-12-15 21:20:00+00:00,BUY,MEC-A,2025-12-15 16:20:00-05:00,16
2025-12-15 21:24:00+00:00,SELL,MEC-A,2025-12-15 16:24:00-05:00,16
2025-12-15 21:33:00+00:00,SELL,MEC-A,2025-12-15 16:33:00-05:00,16
2025-12-15 21:36:00+00:00,SELL,MEC-A,2025-12-15 16:36:00-05:00,16
2025-12-15 21:38:00+00:00,SELL,MEC-A,2025-12-15 16:38:00-05:00,16
2025-12-15 21:41:00+00:00,SELL,MEC-A,2025-12-15 16:41:00-05:00,16
2025-12-15 21:53:00+00:00,BUY,MEC-A,2025-12-15 16:53:00-05:00,16
2025-12-15 21:55:00+00:00,BUY,MEC-A,2025-12-15 16:55:00-05:00,16
2025-12-15 21:56:00+00:00,BUY,MEC-A,2025-12-15 16:56:00-05:00,16
2025-12-16 01:25:00+00:00,BUY,MEC-A,2025-12-15 20:25:00-05:00,20
2025-12-16 01:26:00+00:00,BUY,MEC-A,2025-12-15 20:26:00-05:00,20
2025-12-16 01:30:00+00:00,BUY,MEC-A,2025-12-15 20:30:00-05:00,20
2025-12-16 01:31:00+00:00,BUY,MEC-A,2025-12-15 20:31:00-05:00,20
2025-12-16 01:32:00+00:00,BUY,MEC-A,2025-12-15 20:32:00-05:00,20
2025-12-16 01:36:00+00:00,BUY,MEC-A,2025-12-15 20:36:00-05:00,20
2025-12-16 01:37:00+00:00,BUY,MEC-A,2025-12-15 20:37:00-05:00,20
2025-12-16 01:49:00+00:00,SELL,MEC-A,2025-12-15 20:49:00-05:00,20
2025-12-16 01:50:00+00:00,SELL,MEC-A,2025-12-15 20:50:00-05:00,20
2025-12-16 01:51:00+00:00,SELL,MEC-A,2025-12-15 20:51:00-05:00,20
2025-12-16 01:55:00+00:00,SELL,MEC-A,2025-12-15 20:55:00-05:00,20
2025-12-16 01:56:00+00:00,SELL,MEC-A,2025-12-15 20:56:00-05:00,20
2025-12-16 02:00:00+00:00,SELL,MEC-A,2025-12-15 21:00:00-05:00,21
2025-12-16 02:08:00+00:00,SELL,MEC-A,2025-12-15 21:08:00-05:00,21
2025-12-16 02:16:00+00:00,SELL,MEC-A,2025-12-15 21:16:00-05:00,21
2025-12-16 02:19:00+00:00,SELL,MEC-A,2025-12-15 21:19:00-05:00,21
2025-12-16 02:20:00+00:00,SELL,MEC-A,2025-12-15 21:20:00-05:00,21
2025-12-16 02:22:00+00:00,SELL,MEC-A,2025-12-15 21:22:00-05:00,21
2025-12-16 02:23:00+00:00,SELL,MEC-A,2025-12-15 21:23:00-05:00,21
2025-12-16 02:34:00+00:00,SELL,MEC-A,2025-12-15 21:34:00-05:00,21
2025-12-16 02:35:00+00:00,SELL,MEC-A,2025-12-15 21:35:00-05:00,21
2025-12-16 02:48:00+00:00,SELL,MEC-A,2025-12-15 21:48:00-05:00,21
2025-12-16 02:49:00+00:00,SELL,MEC-A,2025-12-15 21:49:00-05:00,21
2025-12-16 02:51:00+00:00,SELL,MEC-A,2025-12-15 21:51:00-05:00,21
2025-12-16 02:53:00+00:00,SELL,MEC-A,2025-12-15 21:53:00-05:00,21
2025-12-16 02:54:00+00:00,SELL,MEC-A,2025-12-15 21:54:00-05:00,21
2025-12-16 02:56:00+00:00,SELL,MEC-A,2025-12-15 21:56:00-05:00,21
2025-12-16 02:57:00+00:00,SELL,MEC-A,2025-12-15 21:57:00-05:00,21
2025-12-16 03:06:00+00:00,SELL,MEC-A,2025-12-15 22:06:00-05:00,22
2025-12-16 03:08:00+00:00,SELL,MEC-A,2025-12-15 22:08:00-05:00,22
2025-12-16 03:10:00+00:00,SELL,MEC-A,2025-12-15 22:10:00-05:00,22
2025-12-16 03:14:00+00:00,SELL,MEC-A,2025-12-15 22:14:00-05:00,22
2025-12-16 03:18:00+00:00,SELL,MEC-A,2025-12-15 22:18:00-05:00,22
2025-12-16 03:20:00+00:00,SELL,MEC-A,2025-12-15 22:20:00-05:00,22
2025-12-16 03:34:00+00:00,BUY,MEC-A,2025-12-15 22:34:00-05:00,22
2025-12-16 03:39:00+00:00,SELL,MEC-A,2025-12-15 22:39:00-05:00,22
2025-12-16 03:43:00+00:00,SELL,MEC-A,2025-12-15 22:43:00-05:00,22
2025-12-16 03:49:00+00:00,BUY,MEC-A,2025-12-15 22:49:00-05:00,22
2025-12-16 03:51:00+00:00,BUY,MEC-A,2025-12-15 22:51:00-05:00,22
2025-12-16 03:55:00+00:00,BUY,MEC-A,2025-12-15 22:55:00-05:00,22
2025-12-16 03:56:00+00:00,BUY,MEC-A,2025-12-15 22:56:00-05:00,22
2025-12-16 03:57:00+00:00,BUY,MEC-A,2025-12-15 22:57:00-05:00,22
2025-12-16 04:00:00+00:00,BUY,MEC-A,2025-12-15 23:00:00-05:00,23
2025-12-16 04:04:00+00:00,BUY,MEC-A,2025-12-15 23:04:00-05:00,23
2025-12-16 04:07:00+00:00,BUY,MEC-A,2025-12-15 23:07:00-05:00,23
2025-12-16 04:20:00+00:00,BUY,MEC-A,2025-12-15 23:20:00-05:00,23
2025-12-16 04:23:00+00:00,BUY,MEC-A,2025-12-15 23:23:00-05:00,23
2025-12-16 04:26:00+00:00,BUY,MEC-A,2025-12-15 23:26:00-05:00,23
2025-12-16 04:27:00+00:00,BUY,MEC-A,2025-12-15 23:27:00-05:00,23
2025-12-16 04:35:00+00:00,BUY,MEC-A,2025-12-15 23:35:00-05:00,23
2025-12-16 04:38:00+00:00,BUY,MEC-A,2025-12-15 23:38:00-05:00,23
2025-12-16 04:54:00+00:00,SELL,MEC-A,2025-12-15 23:54:00-05:00,23
2025-12-16 05:04:00+00:00,SELL,MEC-A,2025-12-16 00:04:00-05:00,0
2025-12-16 05:08:00+00:00,BUY,MEC-A,2025-12-16 00:08:00-05:00,0
2025-12-16 05:13:00+00:00,SELL,MEC-A,2025-12-16 00:13:00-05:00,0
2025-12-16 05:14:00+00:00,SELL,MEC-A,2025-12-16 00:14:00-05:00,0
2025-12-16 05:15:00+00:00,SELL,MEC-A,2025-12-16 00:15:00-05:00,0
2025-12-16 05:19:00+00:00,SELL,MEC-A,2025-12-16 00:19:00-05:00,0
2025-12-16 05:23:00+00:00,SELL,MEC-A,2025-12-16 00:23:00-05:00,0
2025-12-16 05:29:00+00:00,SELL,MEC-A,2025-12-16 00:29:00-05:00,0
2025-12-16 05:30:00+00:00,SELL,MEC-A,2025-12-16 00:30:00-05:00,0
2025-12-16 05:56:00+00:00,BUY,MEC-A,2025-12-16 00:56:00-05:00,0
2025-12-16 06:06:00+00:00,BUY,MEC-A,2025-12-16 01:06:00-05:00,1
2025-12-16 06:07:00+00:00,BUY,MEC-A,2025-12-16 01:07:00-05:00,1
2025-12-16 06:21:00+00:00,BUY,MEC-A,2025-12-16 01:21:00-05:00,1
2025-12-16 06:22:00+00:00,BUY,MEC-A,2025-12-16 01:22:00-05:00,1
2025-12-16 06:31:00+00:00,BUY,MEC-A,2025-12-16 01:31:00-05:00,1
2025-12-16 06:32:00+00:00,BUY,MEC-A,2025-12-16 01:32:00-05:00,1
2025-12-16 06:33:00+00:00,BUY,MEC-A,2025-12-16 01:33:00-05:00,1
2025-12-16 06:34:00+00:00,BUY,MEC-A,2025-12-16 01:34:00-05:00,1
2025-12-16 06:36:00+00:00,BUY,MEC-A,2025-12-16 01:36:00-05:00,1
2025-12-16 06:38:00+00:00,BUY,MEC-A,2025-12-16 01:38:00-05:00,1
2025-12-16 06:43:00+00:00,BUY,MEC-A,2025-12-16 01:43:00-05:00,1
2025-12-16 06:45:00+00:00,BUY,MEC-A,2025-12-16 01:45:00-05:00,1
2025-12-16 06:46:00+00:00,BUY,MEC-A,2025-12-16 01:46:00-05:00,1
2025-12-16 06:51:00+00:00,SELL,MEC-A,2025-12-16 01:51:00-05:00,1
2025-12-16 06:54:00+00:00,SELL,MEC-A,2025-12-16 01:54:00-05:00,1
2025-12-16 06:59:00+00:00,SELL,MEC-A,2025-12-16 01:59:00-05:00,1
2025-12-16 07:00:00+00:00,SELL,MEC-A,2025-12-16 02:00:00-05:00,2
2025-12-16 07:02:00+00:00,SELL,MEC-A,2025-12-16 02:02:00-05:00,2
2025-12-16 07:06:00+00:00,SELL,MEC-A,2025-12-16 02:06:00-05:00,2
2025-12-16 07:07:00+00:00,SELL,MEC-A,2025-12-16 02:07:00-05:00,2
2025-12-16 07:16:00+00:00,SELL,MEC-A,2025-12-16 02:16:00-05:00,2
2025-12-16 07:18:00+00:00,SELL,MEC-A,2025-12-16 02:18:00-05:00,2
2025-12-16 07:22:00+00:00,SELL,MEC-A,2025-12-16 02:22:00-05:00,2
2025-12-16 07:23:00+00:00,SELL,MEC-A,2025-12-16 02:23:00-05:00,2
2025-12-16 07:25:00+00:00,SELL,MEC-A,2025-12-16 02:25:00-05:00,2
2025-12-16 07:35:00+00:00,BUY,MEC-A,2025-12-16 02:35:00-05:00,2
2025-12-16 07:40:00+00:00,BUY,MEC-A,2025-12-16 02:40:00-05:00,2
2025-12-16 07:41:00+00:00,BUY,MEC-A,2025-12-16 02:41:00-05:00,2
2025-12-16 07:44:00+00:00,SELL,MEC-A,2025-12-16 02:44:00-05:00,2
2025-12-16 07:46:00+00:00,SELL,MEC-A,2025-12-16 02:46:00-05:00,2
2025-12-16 08:07:00+00:00,SELL,MEC-A,2025-12-16 03:07:00-05:00,3
2025-12-16 08:10:00+00:00,SELL,MEC-A,2025-12-16 03:10:00-05:00,3
2025-12-16 08:12:00+00:00,SELL,MEC-A,2025-12-16 03:12:00-05:00,3
2025-12-16 08:15:00+00:00,SELL,MEC-A,2025-12-16 03:15:00-05:00,3
2025-12-16 08:18:00+00:00,SELL,MEC-A,2025-12-16 03:18:00-05:00,3
2025-12-16 08:19:00+00:00,SELL,MEC-A,2025-12-16 03:19:00-05:00,3
2025-12-16 08:30:00+00:00,SELL,MEC-A,2025-12-16 03:30:00-05:00,3
2025-12-16 08:34:00+00:00,BUY,MEC-A,2025-12-16 03:34:00-05:00,3
2025-12-16 08:36:00+00:00,BUY,MEC-A,2025-12-16 03:36:00-05:00,3
2025-12-16 08:43:00+00:00,BUY,MEC-A,2025-12-16 03:43:00-05:00,3
2025-12-16 08:45:00+00:00,BUY,MEC-A,2025-12-16 03:45:00-05:00,3
2025-12-16 08:46:00+00:00,BUY,MEC-A,2025-12-16 03:46:00-05:00,3
2025-12-16 08:49:00+00:00,BUY,MEC-A,2025-12-16 03:49:00-05:00,3
2025-12-16 08:58:00+00:00,BUY,MEC-A,2025-12-16 03:58:00-05:00,3
2025-12-16 09:02:00+00:00,SELL,MEC-A,2025-12-16 04:02:00-05:00,4
2025-12-16 09:03:00+00:00,SELL,MEC-A,2025-12-16 04:03:00-05:00,4
2025-12-16 09:05:00+00:00,SELL,MEC-A,2025-12-16 04:05:00-05:00,4
2025-12-16 09:25:00+00:00,SELL,MEC-A,2025-12-16 04:25:00-05:00,4
2025-12-16 09:29:00+00:00,SELL,MEC-A,2025-12-16 04:29:00-05:00,4
2025-12-16 09:33:00+00:00,SELL,MEC-A,2025-12-16 04:33:00-05:00,4
2025-12-16 09:34:00+00:00,SELL,MEC-A,2025-12-16 04:34:00-05:00,4
2025-12-16 09:45:00+00:00,SELL,MEC-A,2025-12-16 04:45:00-05:00,4
2025-12-16 09:46:00+00:00,SELL,MEC-A,2025-12-16 04:46:00-05:00,4
2025-12-16 09:47:00+00:00,SELL,MEC-A,2025-12-16 04:47:00-05:00,4
2025-12-16 09:50:00+00:00,SELL,MEC-A,2025-12-16 04:50:00-05:00,4
2025-12-16 09:52:00+00:00,SELL,MEC-A,2025-12-16 04:52:00-05:00,4
2025-12-16 09:55:00+00:00,SELL,MEC-A,2025-12-16 04:55:00-05:00,4
2025-12-16 10:30:00+00:00,SELL,MEC-A,2025-12-16 05:30:00-05:00,5
2025-12-16 10:31:00+00:00,SELL,MEC-A,2025-12-16 05:31:00-05:00,5
2025-12-16 10:34:00+00:00,SELL,MEC-A,2025-12-16 05:34:00-05:00,5
2025-12-16 10:44:00+00:00,BUY,MEC-A,2025-12-16 05:44:00-05:00,5
2025-12-16 10:45:00+00:00,BUY,MEC-A,2025-12-16 05:45:00-05:00,5
2025-12-16 10:46:00+00:00,BUY,MEC-A,2025-12-16 05:46:00-05:00,5
2025-12-16 10:48:00+00:00,BUY,MEC-A,2025-12-16 05:48:00-05:00,5
2025-12-16 11:03:00+00:00,SELL,MEC-A,2025-12-16 06:03:00-05:00,6
2025-12-16 11:08:00+00:00,SELL,MEC-A,2025-12-16 06:08:00-05:00,6
2025-12-16 11:11:00+00:00,SELL,MEC-A,2025-12-16 06:11:00-05:00,6
2025-12-16 11:18:00+00:00,SELL,MEC-A,2025-12-16 06:18:00-05:00,6
2025-12-16 11:21:00+00:00,BUY,MEC-A,2025-12-16 06:21:00-05:00,6
2025-12-16 11:30:00+00:00,BUY,MEC-A,2025-12-16 06:30:00-05:00,6
2025-12-16 11:33:00+00:00,BUY,MEC-A,2025-12-16 06:33:00-05:00,6
2025-12-16 11:58:00+00:00,BUY,MEC-A,2025-12-16 06:58:00-05:00,6
2025-12-16 12:06:00+00:00,BUY,MEC-A,2025-12-16 07:06:00-05:00,7
2025-12-16 12:08:00+00:00,BUY,MEC-A,2025-12-16 07:08:00-05:00,7
2025-12-16 12:09:00+00:00,BUY,MEC-A,2025-12-16 07:09:00-05:00,7
2025-12-16 12:10:00+00:00,BUY,MEC-A,2025-12-16 07:10:00-05:00,7
2025-12-16 12:15:00+00:00,BUY,MEC-A,2025-12-16 07:15:00-05:00,7
2025-12-16 12:18:00+00:00,BUY,MEC-A,2025-12-16 07:18:00-05:00,7
2025-12-16 12:22:00+00:00,BUY,MEC-A,2025-12-16 07:22:00-05:00,7
2025-12-16 12:29:00+00:00,BUY,MEC-A,2025-12-16 07:29:00-05:00,7
2025-12-16 12:36:00+00:00,SELL,MEC-A,2025-12-16 07:36:00-05:00,7
2025-12-16 12:41:00+00:00,BUY,MEC-A,2025-12-16 07:41:00-05:00,7
2025-12-16 12:44:00+00:00,BUY,MEC-A,2025-12-16 07:44:00-05:00,7
2025-12-16 12:48:00+00:00,BUY,MEC-A,2025-12-16 07:48:00-05:00,7
2025-12-16 12:54:00+00:00,BUY,MEC-A,2025-12-16 07:54:00-05:00,7
2025-12-16 12:55:00+00:00,BUY,MEC-A,2025-12-16 07:55:00-05:00,7
2025-12-16 12:57:00+00:00,BUY,MEC-A,2025-12-16 07:57:00-05:00,7
2025-12-16 12:58:00+00:00,BUY,MEC-A,2025-12-16 07:58:00-05:00,7
2025-12-16 12:59:00+00:00,BUY,MEC-A,2025-12-16 07:59:00-05:00,7
2025-12-16 13:01:00+00:00,SELL,MEC-A,2025-12-16 08:01:00-05:00,8
2025-12-16 13:08:00+00:00,BUY,MEC-A,2025-12-16 08:08:00-05:00,8
2025-12-16 13:10:00+00:00,BUY,MEC-A,2025-12-16 08:10:00-05:00,8
2025-12-16 13:20:00+00:00,BUY,MEC-A,2025-12-16 08:20:00-05:00,8
2025-12-16 13:21:00+00:00,BUY,MEC-A,2025-12-16 08:21:00-05:00,8
2025-12-16 13:23:00+00:00,BUY,MEC-A,2025-12-16 08:23:00-05:00,8
2025-12-16 13:26:00+00:00,BUY,MEC-A,2025-12-16 08:26:00-05:00,8
2025-12-16 13:29:00+00:00,BUY,MEC-A,2025-12-16 08:29:00-05:00,8
2025-12-16 13:30:00+00:00,BUY,MEC-A,2025-12-16 08:30:00-05:00,8
2025-12-16 13:32:00+00:00,BUY,MEC-A,2025-12-16 08:32:00-05:00,8
2025-12-16 13:36:00+00:00,BUY,MEC-A,2025-12-16 08:36:00-05:00,8
2025-12-16 13:40:00+00:00,BUY,MEC-A,2025-12-16 08:40:00-05:00,8
2025-12-16 13:46:00+00:00,SELL,MEC-A,2025-12-16 08:46:00-05:00,8
2025-12-16 13:48:00+00:00,SELL,MEC-A,2025-12-16 08:48:00-05:00,8
2025-12-16 13:56:00+00:00,BUY,MEC-A,2025-12-16 08:56:00-05:00,8
2025-12-16 13:59:00+00:00,BUY,MEC-A,2025-12-16 08:59:00-05:00,8
2025-12-16 14:02:00+00:00,BUY,MEC-A,2025-12-16 09:02:00-05:00,9
2025-12-16 14:05:00+00:00,BUY,MEC-A,2025-12-16 09:05:00-05:00,9
2025-12-16 14:07:00+00:00,BUY,MEC-A,2025-12-16 09:07:00-05:00,9
2025-12-16 14:10:00+00:00,BUY,MEC-A,2025-12-16 09:10:00-05:00,9
2025-12-16 14:11:00+00:00,BUY,MEC-A,2025-12-16 09:11:00-05:00,9
2025-12-16 14:15:00+00:00,BUY,MEC-A,2025-12-16 09:15:00-05:00,9
2025-12-16 14:18:00+00:00,BUY,MEC-A,2025-12-16 09:18:00-05:00,9
2025-12-16 14:19:00+00:00,BUY,MEC-A,2025-12-16 09:19:00-05:00,9
2025-12-16 14:23:00+00:00,BUY,MEC-A,2025-12-16 09:23:00-05:00,9
2025-12-16 14:33:00+00:00,BUY,MEC-A,2025-12-16 09:33:00-05:00,9
2025-12-16 14:38:00+00:00,SELL,MEC-A,2025-12-16 09:38:00-05:00,9
2025-12-16 14:41:00+00:00,SELL,MEC-A,2025-12-16 09:41:00-05:00,9
2025-12-16 14:59:00+00:00,SELL,MEC-A,2025-12-16 09:59:00-05:00,9
2025-12-16 15:02:00+00:00,SELL,MEC-A,2025-12-16 10:02:00-05:00,10
2025-12-16 15:06:00+00:00,BUY,MEC-A,2025-12-16 10:06:00-05:00,10
2025-12-16 15:07:00+00:00,BUY,MEC-A,2025-12-16 10:07:00-05:00,10
2025-12-16 15:10:00+00:00,BUY,MEC-A,2025-12-16 10:10:00-05:00,10
2025-12-16 15:18:00+00:00,SELL,MEC-A,2025-12-16 10:18:00-05:00,10
2025-12-16 15:24:00+00:00,SELL,MEC-A,2025-12-16 10:24:00-05:00,10
2025-12-16 15:31:00+00:00,BUY,MEC-A,2025-12-16 10:31:00-05:00,10
2025-12-16 15:32:00+00:00,BUY,MEC-A,2025-12-16 10:32:00-05:00,10
2025-12-16 15:33:00+00:00,BUY,MEC-A,2025-12-16 10:33:00-05:00,10
2025-12-16 15:39:00+00:00,BUY,MEC-A,2025-12-16 10:39:00-05:00,10
2025-12-16 15:45:00+00:00,BUY,MEC-A,2025-12-16 10:45:00-05:00,10
2025-12-16 15:46:00+00:00,BUY,MEC-A,2025-12-16 10:46:00-05:00,10
2025-12-16 15:49:00+00:00,BUY,MEC-A,2025-12-16 10:49:00-05:00,10
2025-12-16 15:53:00+00:00,BUY,MEC-A,2025-12-16 10:53:00-05:00,10
2025-12-16 15:55:00+00:00,SELL,MEC-A,2025-12-16 10:55:00-05:00,10
2025-12-16 15:56:00+00:00,SELL,MEC-A,2025-12-16 10:56:00-05:00,10
2025-12-16 15:58:00+00:00,SELL,MEC-A,2025-12-16 10:58:00-05:00,10
2025-12-16 16:01:00+00:00,SELL,MEC-A,2025-12-16 11:01:00-05:00,11
2025-12-16 16:05:00+00:00,SELL,MEC-A,2025-12-16 11:05:00-05:00,11
2025-12-16 16:10:00+00:00,SELL,MEC-A,2025-12-16 11:10:00-05:00,11
2025-12-16 16:15:00+00:00,SELL,MEC-A,2025-12-16 11:15:00-05:00,11
2025-12-16 16:16:00+00:00,SELL,MEC-A,2025-12-16 11:16:00-05:00,11
2025-12-16 16:19:00+00:00,SELL,MEC-A,2025-12-16 11:19:00-05:00,11
2025-12-16 16:21:00+00:00,SELL,MEC-A,2025-12-16 11:21:00-05:00,11
2025-12-16 16:30:00+00:00,SELL,MEC-A,2025-12-16 11:30:00-05:00,11
2025-12-16 16:32:00+00:00,SELL,MEC-A,2025-12-16 11:32:00-05:00,11
2025-12-16 16:35:00+00:00,SELL,MEC-A,2025-12-16 11:35:00-05:00,11
2025-12-16 16:36:00+00:00,SELL,MEC-A,2025-12-16 11:36:00-05:00,11
2025-12-16 16:40:00+00:00,SELL,MEC-A,2025-12-16 11:40:00-05:00,11
2025-12-16 16:43:00+00:00,SELL,MEC-A,2025-12-16 11:43:00-05:00,11
2025-12-16 17:00:00+00:00,BUY,MEC-A,2025-12-16 12:00:00-05:00,12
2025-12-16 17:02:00+00:00,BUY,MEC-A,2025-12-16 12:02:00-05:00,12
2025-12-16 17:05:00+00:00,BUY,MEC-A,2025-12-16 12:05:00-05:00,12
2025-12-16 17:06:00+00:00,BUY,MEC-A,2025-12-16 12:06:00-05:00,12
2025-12-16 17:17:00+00:00,BUY,MEC-A,2025-12-16 12:17:00-05:00,12
2025-12-16 17:24:00+00:00,BUY,MEC-A,2025-12-16 12:24:00-05:00,12
2025-12-16 17:25:00+00:00,SELL,MEC-A,2025-12-16 12:25:00-05:00,12
2025-12-16 17:26:00+00:00,SELL,MEC-A,2025-12-16 12:26:00-05:00,12
2025-12-16 17:31:00+00:00,BUY,MEC-A,2025-12-16 12:31:00-05:00,12
2025-12-16 17:34:00+00:00,BUY,MEC-A,2025-12-16 12:34:00-05:00,12
2025-12-16 17:57:00+00:00,SELL,MEC-A,2025-12-16 12:57:00-05:00,12
2025-12-16 18:00:00+00:00,SELL,MEC-A,2025-12-16 13:00:00-05:00,13
2025-12-16 18:06:00+00:00,SELL,MEC-A,2025-12-16 13:06:00-05:00,13
2025-12-16 18:07:00+00:00,BUY,MEC-A,2025-12-16 13:07:00-05:00,13
2025-12-16 18:21:00+00:00,SELL,MEC-A,2025-12-16 13:21:00-05:00,13
2025-12-16 18:31:00+00:00,BUY,MEC-A,2025-12-16 13:31:00-05:00,13
2025-12-16 18:34:00+00:00,BUY,MEC-A,2025-12-16 13:34:00-05:00,13
2025-12-16 18:35:00+00:00,BUY,MEC-A,2025-12-16 13:35:00-05:00,13
2025-12-16 18:36:00+00:00,BUY,MEC-A,2025-12-16 13:36:00-05:00,13
2025-12-16 18:40:00+00:00,BUY,MEC-A,2025-12-16 13:40:00-05:00,13
2025-12-16 18:41:00+00:00,BUY,MEC-A,2025-12-16 13:41:00-05:00,13
2025-12-16 18:44:00+00:00,BUY,MEC-A,2025-12-16 13:44:00-05:00,13
2025-12-16 18:45:00+00:00,BUY,MEC-A,2025-12-16 13:45:00-05:00,13
2025-12-16 18:47:00+00:00,BUY,MEC-A,2025-12-16 13:47:00-05:00,13
2025-12-16 18:48:00+00:00,BUY,MEC-A,2025-12-16 13:48:00-05:00,13
2025-12-16 18:49:00+00:00,BUY,MEC-A,2025-12-16 13:49:00-05:00,13
2025-12-16 18:51:00+00:00,BUY,MEC-A,2025-12-16 13:51:00-05:00,13
2025-12-16 18:52:00+00:00,BUY,MEC-A,2025-12-16 13:52:00-05:00,13
2025-12-16 19:03:00+00:00,SELL,MEC-A,2025-12-16 14:03:00-05:00,14
2025-12-16 19:10:00+00:00,SELL,MEC-A,2025-12-16 14:10:00-05:00,14
2025-12-16 19:26:00+00:00,SELL,MEC-A,2025-12-16 14:26:00-05:00,14
2025-12-16 19:43:00+00:00,BUY,MEC-A,2025-12-16 14:43:00-05:00,14
2025-12-16 19:45:00+00:00,BUY,MEC-A,2025-12-16 14:45:00-05:00,14
2025-12-16 19:46:00+00:00,BUY,MEC-A,2025-12-16 14:46:00-05:00,14
2025-12-16 19:47:00+00:00,BUY,MEC-A,2025-12-16 14:47:00-05:00,14
2025-12-16 19:50:00+00:00,BUY,MEC-A,2025-12-16 14:50:00-05:00,14
2025-12-16 20:17:00+00:00,SELL,MEC-A,2025-12-16 15:17:00-05:00,15
2025-12-16 20:18:00+00:00,SELL,MEC-A,2025-12-16 15:18:00-05:00,15
2025-12-16 20:31:00+00:00,SELL,MEC-A,2025-12-16 15:31:00-05:00,15
2025-12-16 20:32:00+00:00,SELL,MEC-A,2025-12-16 15:32:00-05:00,15
2025-12-16 20:38:00+00:00,SELL,MEC-A,2025-12-16 15:38:00-05:00,15
2025-12-16 20:46:00+00:00,BUY,MEC-A,2025-12-16 15:46:00-05:00,15
2025-12-16 20:51:00+00:00,SELL,MEC-A,2025-12-16 15:51:00-05:00,15
2025-12-16 20:52:00+00:00,SELL,MEC-A,2025-12-16 15:52:00-05:00,15
2025-12-16 20:56:00+00:00,SELL,MEC-A,2025-12-16 15:56:00-05:00,15
2025-12-16 20:57:00+00:00,SELL,MEC-A,2025-12-16 15:57:00-05:00,15
2025-12-16 21:00:00+00:00,SELL,MEC-A,2025-12-16 16:00:00-05:00,16
2025-12-16 21:01:00+00:00,SELL,MEC-A,2025-12-16 16:01:00-05:00,16
2025-12-16 21:07:00+00:00,SELL,MEC-A,2025-12-16 16:07:00-05:00,16
2025-12-16 21:08:00+00:00,SELL,MEC-A,2025-12-16 16:08:00-05:00,16
2025-12-16 21:11:00+00:00,SELL,MEC-A,2025-12-16 16:11:00-05:00,16
2025-12-16 21:16:00+00:00,SELL,MEC-A,2025-12-16 16:16:00-05:00,16
2025-12-16 21:19:00+00:00,SELL,MEC-A,2025-12-16 16:19:00-05:00,16
2025-12-16 21:23:00+00:00,SELL,MEC-A,2025-12-16 16:23:00-05:00,16
2025-12-16 21:24:00+00:00,SELL,MEC-A,2025-12-16 16:24:00-05:00,16
2025-12-16 21:26:00+00:00,SELL,MEC-A,2025-12-16 16:26:00-05:00,16
2025-12-16 21:39:00+00:00,BUY,MEC-A,2025-12-16 16:39:00-05:00,16
2025-12-16 21:42:00+00:00,BUY,MEC-A,2025-12-16 16:42:00-05:00,16
2025-12-16 21:45:00+00:00,BUY,MEC-A,2025-12-16 16:45:00-05:00,16
2025-12-16 21:49:00+00:00,BUY,MEC-A,2025-12-16 16:49:00-05:00,16
2025-12-16 21:51:00+00:00,BUY,MEC-A,2025-12-16 16:51:00-05:00,16
2025-12-16 23:01:00+00:00,BUY,MEC-A,2025-12-16 18:01:00-05:00,18
2025-12-16 23:11:00+00:00,BUY,MEC-A,2025-12-16 18:11:00-05:00,18
2025-12-16 23:15:00+00:00,BUY,MEC-A,2025-12-16 18:15:00-05:00,18
2025-12-16 23:17:00+00:00,BUY,MEC-A,2025-12-16 18:17:00-05:00,18
2025-12-16 23:24:00+00:00,BUY,MEC-A,2025-12-16 18:24:00-05:00,18
2025-12-16 23:28:00+00:00,BUY,MEC-A,2025-12-16 18:28:00-05:00,18
2025-12-16 23:29:00+00:00,BUY,MEC-A,2025-12-16 18:29:00-05:00,18
2025-12-16 23:35:00+00:00,BUY,MEC-A,2025-12-16 18:35:00-05:00,18
2025-12-16 23:37:00+00:00,BUY,MEC-A,2025-12-16 18:37:00-05:00,18
2025-12-16 23:38:00+00:00,BUY,MEC-A,2025-12-16 18:38:00-05:00,18
2025-12-16 23:39:00+00:00,BUY,MEC-A,2025-12-16 18:39:00-05:00,18
2025-12-16 23:42:00+00:00,BUY,MEC-A,2025-12-16 18:42:00-05:00,18
2025-12-16 23:45:00+00:00,BUY,MEC-A,2025-12-16 18:45:00-05:00,18
2025-12-16 23:48:00+00:00,BUY,MEC-A,2025-12-16 18:48:00-05:00,18
2025-12-16 23:58:00+00:00,BUY,MEC-A,2025-12-16 18:58:00-05:00,18
2025-12-17 00:01:00+00:00,BUY,MEC-A,2025-12-16 19:01:00-05:00,19
2025-12-17 00:02:00+00:00,BUY,MEC-A,2025-12-16 19:02:00-05:00,19
2025-12-17 00:03:00+00:00,BUY,MEC-A,2025-12-16 19:03:00-05:00,19
2025-12-17 00:04:00+00:00,BUY,MEC-A,2025-12-16 19:04:00-05:00,19
2025-12-17 00:08:00+00:00,BUY,MEC-A,2025-12-16 19:08:00-05:00,19
2025-12-17 00:09:00+00:00,BUY,MEC-A,2025-12-16 19:09:00-05:00,19
2025-12-17 00:17:00+00:00,BUY,MEC-A,2025-12-16 19:17:00-05:00,19
2025-12-17 00:22:00+00:00,BUY,MEC-A,2025-12-16 19:22:00-05:00,19
2025-12-17 00:24:00+00:00,BUY,MEC-A,2025-12-16 19:24:00-05:00,19
2025-12-17 00:27:00+00:00,BUY,MEC-A,2025-12-16 19:27:00-05:00,19
2025-12-17 00:31:00+00:00,SELL,MEC-A,2025-12-16 19:31:00-05:00,19
2025-12-17 01:00:00+00:00,BUY,MEC-A,2025-12-16 20:00:00-05:00,20
2025-12-17 01:03:00+00:00,BUY,MEC-A,2025-12-16 20:03:00-05:00,20
2025-12-17 01:09:00+00:00,BUY,MEC-A,2025-12-16 20:09:00-05:00,20
2025-12-17 01:11:00+00:00,BUY,MEC-A,2025-12-16 20:11:00-05:00,20
2025-12-17 01:12:00+00:00,BUY,MEC-A,2025-12-16 20:12:00-05:00,20
2025-12-17 01:16:00+00:00,BUY,MEC-A,2025-12-16 20:16:00-05:00,20
2025-12-17 01:21:00+00:00,BUY,MEC-A,2025-12-16 20:21:00-05:00,20
2025-12-17 01:25:00+00:00,SELL,MEC-A,2025-12-16 20:25:00-05:00,20
2025-12-17 01:32:00+00:00,BUY,MEC-A,2025-12-16 20:32:00-05:00,20
2025-12-17 01:34:00+00:00,BUY,MEC-A,2025-12-16 20:34:00-05:00,20
2025-12-17 01:35:00+00:00,BUY,MEC-A,2025-12-16 20:35:00-05:00,20
2025-12-17 01:41:00+00:00,BUY,MEC-A,2025-12-16 20:41:00-05:00,20
2025-12-17 01:46:00+00:00,BUY,MEC-A,2025-12-16 20:46:00-05:00,20
2025-12-17 01:58:00+00:00,BUY,MEC-A,2025-12-16 20:58:00-05:00,20
2025-12-17 01:59:00+00:00,BUY,MEC-A,2025-12-16 20:59:00-05:00,20
2025-12-17 02:06:00+00:00,SELL,MEC-A,2025-12-16 21:06:00-05:00,21
2025-12-17 02:08:00+00:00,SELL,MEC-A,2025-12-16 21:08:00-05:00,21
2025-12-17 02:14:00+00:00,SELL,MEC-A,2025-12-16 21:14:00-05:00,21
2025-12-17 02:18:00+00:00,BUY,MEC-A,2025-12-16 21:18:00-05:00,21
2025-12-17 02:30:00+00:00,BUY,MEC-A,2025-12-16 21:30:00-05:00,21
2025-12-17 02:32:00+00:00,SELL,MEC-A,2025-12-16 21:32:00-05:00,21
2025-12-17 02:33:00+00:00,SELL,MEC-A,2025-12-16 21:33:00-05:00,21
2025-12-17 02:36:00+00:00,SELL,MEC-A,2025-12-16 21:36:00-05:00,21
2025-12-17 02:40:00+00:00,SELL,MEC-A,2025-12-16 21:40:00-05:00,21
2025-12-17 02:41:00+00:00,SELL,MEC-A,2025-12-16 21:41:00-05:00,21
2025-12-17 02:47:00+00:00,SELL,MEC-A,2025-12-16 21:47:00-05:00,21
2025-12-17 02:51:00+00:00,SELL,MEC-A,2025-12-16 21:51:00-05:00,21
2025-12-17 02:52:00+00:00,SELL,MEC-A,2025-12-16 21:52:00-05:00,21
2025-12-17 02:53:00+00:00,SELL,MEC-A,2025-12-16 21:53:00-05:00,21
2025-12-17 03:01:00+00:00,BUY,MEC-A,2025-12-16 22:01:00-05:00,22
2025-12-17 03:06:00+00:00,BUY,MEC-A,2025-12-16 22:06:00-05:00,22
2025-12-17 03:16:00+00:00,BUY,MEC-A,2025-12-16 22:16:00-05:00,22
2025-12-17 03:17:00+00:00,BUY,MEC-A,2025-12-16 22:17:00-05:00,22
2025-12-17 03:20:00+00:00,BUY,MEC-A,2025-12-16 22:20:00-05:00,22
2025-12-17 03:22:00+00:00,BUY,MEC-A,2025-12-16 22:22:00-05:00,22
2025-12-17 03:25:00+00:00,BUY,MEC-A,2025-12-16 22:25:00-05:00,22
2025-12-17 03:29:00+00:00,BUY,MEC-A,2025-12-16 22:29:00-05:00,22
2025-12-17 03:32:00+00:00,BUY,MEC-A,2025-12-16 22:32:00-05:00,22
2025-12-17 03:40:00+00:00,BUY,MEC-A,2025-12-16 22:40:00-05:00,22
2025-12-17 03:42:00+00:00,BUY,MEC-A,2025-12-16 22:42:00-05:00,22
2025-12-17 03:45:00+00:00,BUY,MEC-A,2025-12-16 22:45:00-05:00,22
2025-12-17 03:47:00+00:00,BUY,MEC-A,2025-12-16 22:47:00-05:00,22
2025-12-17 04:12:00+00:00,BUY,MEC-A,2025-12-16 23:12:00-05:00,23
2025-12-17 04:30:00+00:00,SELL,MEC-A,2025-12-16 23:30:00-05:00,23
2025-12-17 04:33:00+00:00,SELL,MEC-A,2025-12-16 23:33:00-05:00,23
2025-12-17 04:38:00+00:00,BUY,MEC-A,2025-12-16 23:38:00-05:00,23
2025-12-17 04:40:00+00:00,BUY,MEC-A,2025-12-16 23:40:00-05:00,23
2025-12-17 04:43:00+00:00,BUY,MEC-A,2025-12-16 23:43:00-05:00,23
2025-12-17 04:44:00+00:00,BUY,MEC-A,2025-12-16 23:44:00-05:00,23
2025-12-17 04:51:00+00:00,BUY,MEC-A,2025-12-16 23:51:00-05:00,23
2025-12-17 04:54:00+00:00,BUY,MEC-A,2025-12-16 23:54:00-05:00,23
2025-12-17 05:09:00+00:00,BUY,MEC-A,2025-12-17 00:09:00-05:00,0
2025-12-17 05:17:00+00:00,BUY,MEC-A,2025-12-17 00:17:00-05:00,0
2025-12-17 05:21:00+00:00,BUY,MEC-A,2025-12-17 00:21:00-05:00,0
2025-12-17 05:22:00+00:00,BUY,MEC-A,2025-12-17 00:22:00-05:00,0
2025-12-17 05:29:00+00:00,SELL,MEC-A,2025-12-17 00:29:00-05:00,0
2025-12-17 05:38:00+00:00,BUY,MEC-A,2025-12-17 00:38:00-05:00,0
2025-12-17 05:45:00+00:00,BUY,MEC-A,2025-12-17 00:45:00-05:00,0
2025-12-17 05:47:00+00:00,BUY,MEC-A,2025-12-17 00:47:00-05:00,0
2025-12-17 05:55:00+00:00,SELL,MEC-A,2025-12-17 00:55:00-05:00,0
2025-12-17 05:58:00+00:00,SELL,MEC-A,2025-12-17 00:58:00-05:00,0
2025-12-17 05:59:00+00:00,SELL,MEC-A,2025-12-17 00:59:00-05:00,0
2025-12-17 06:02:00+00:00,SELL,MEC-A,2025-12-17 01:02:00-05:00,1
2025-12-17 06:04:00+00:00,SELL,MEC-A,2025-12-17 01:04:00-05:00,1
2025-12-17 06:13:00+00:00,SELL,MEC-A,2025-12-17 01:13:00-05:00,1
2025-12-17 06:16:00+00:00,SELL,MEC-A,2025-12-17 01:16:00-05:00,1
2025-12-17 06:19:00+00:00,SELL,MEC-A,2025-12-17 01:19:00-05:00,1
2025-12-17 06:21:00+00:00,SELL,MEC-A,2025-12-17 01:21:00-05:00,1
2025-12-17 06:25:00+00:00,SELL,MEC-A,2025-12-17 01:25:00-05:00,1
2025-12-17 06:30:00+00:00,SELL,MEC-A,2025-12-17 01:30:00-05:00,1
2025-12-17 06:31:00+00:00,SELL,MEC-A,2025-12-17 01:31:00-05:00,1
2025-12-17 06:38:00+00:00,SELL,MEC-A,2025-12-17 01:38:00-05:00,1
2025-12-17 06:39:00+00:00,SELL,MEC-A,2025-12-17 01:39:00-05:00,1
2025-12-17 06:54:00+00:00,SELL,MEC-A,2025-12-17 01:54:00-05:00,1
2025-12-17 06:55:00+00:00,SELL,MEC-A,2025-12-17 01:55:00-05:00,1
2025-12-17 07:02:00+00:00,SELL,MEC-A,2025-12-17 02:02:00-05:00,2
2025-12-17 07:06:00+00:00,SELL,MEC-A,2025-12-17 02:06:00-05:00,2
2025-12-17 07:16:00+00:00,SELL,MEC-A,2025-12-17 02:16:00-05:00,2
2025-12-17 07:19:00+00:00,SELL,MEC-A,2025-12-17 02:19:00-05:00,2
2025-12-17 07:22:00+00:00,SELL,MEC-A,2025-12-17 02:22:00-05:00,2
2025-12-17 07:26:00+00:00,SELL,MEC-A,2025-12-17 02:26:00-05:00,2
2025-12-17 07:32:00+00:00,BUY,MEC-A,2025-12-17 02:32:00-05:00,2
2025-12-17 07:36:00+00:00,BUY,MEC-A,2025-12-17 02:36:00-05:00,2
2025-12-17 07:43:00+00:00,SELL,MEC-A,2025-12-17 02:43:00-05:00,2
2025-12-17 07:44:00+00:00,SELL,MEC-A,2025-12-17 02:44:00-05:00,2
2025-12-17 07:58:00+00:00,BUY,MEC-A,2025-12-17 02:58:00-05:00,2
2025-12-17 08:02:00+00:00,BUY,MEC-A,2025-12-17 03:02:00-05:00,3
2025-12-17 08:05:00+00:00,SELL,MEC-A,2025-12-17 03:05:00-05:00,3
2025-12-17 08:07:00+00:00,SELL,MEC-A,2025-12-17 03:07:00-05:00,3
2025-12-17 08:13:00+00:00,SELL,MEC-A,2025-12-17 03:13:00-05:00,3
2025-12-17 08:27:00+00:00,BUY,MEC-A,2025-12-17 03:27:00-05:00,3
2025-12-17 08:28:00+00:00,BUY,MEC-A,2025-12-17 03:28:00-05:00,3
2025-12-17 08:39:00+00:00,BUY,MEC-A,2025-12-17 03:39:00-05:00,3
2025-12-17 08:45:00+00:00,SELL,MEC-A,2025-12-17 03:45:00-05:00,3
2025-12-17 08:50:00+00:00,BUY,MEC-A,2025-12-17 03:50:00-05:00,3
2025-12-17 09:01:00+00:00,BUY,MEC-A,2025-12-17 04:01:00-05:00,4
2025-12-17 09:02:00+00:00,BUY,MEC-A,2025-12-17 04:02:00-05:00,4
2025-12-17 09:05:00+00:00,BUY,MEC-A,2025-12-17 04:05:00-05:00,4
2025-12-17 09:06:00+00:00,BUY,MEC-A,2025-12-17 04:06:00-05:00,4
2025-12-17 09:07:00+00:00,BUY,MEC-A,2025-12-17 04:07:00-05:00,4
2025-12-17 09:20:00+00:00,SELL,MEC-A,2025-12-17 04:20:00-05:00,4
2025-12-17 09:22:00+00:00,SELL,MEC-A,2025-12-17 04:22:00-05:00,4
2025-12-17 09:28:00+00:00,BUY,MEC-A,2025-12-17 04:28:00-05:00,4
2025-12-17 09:57:00+00:00,SELL,MEC-A,2025-12-17 04:57:00-05:00,4
2025-12-17 10:04:00+00:00,SELL,MEC-A,2025-12-17 05:04:00-05:00,5
2025-12-17 10:13:00+00:00,BUY,MEC-A,2025-12-17 05:13:00-05:00,5
2025-12-17 10:17:00+00:00,BUY,MEC-A,2025-12-17 05:17:00-05:00,5
2025-12-17 10:19:00+00:00,BUY,MEC-A,2025-12-17 05:19:00-05:00,5
2025-12-17 10:20:00+00:00,BUY,MEC-A,2025-12-17 05:20:00-05:00,5
2025-12-17 10:24:00+00:00,BUY,MEC-A,2025-12-17 05:24:00-05:00,5
2025-12-17 10:32:00+00:00,SELL,MEC-A,2025-12-17 05:32:00-05:00,5
2025-12-17 10:34:00+00:00,SELL,MEC-A,2025-12-17 05:34:00-05:00,5
2025-12-17 10:37:00+00:00,SELL,MEC-A,2025-12-17 05:37:00-05:00,5
2025-12-17 10:45:00+00:00,SELL,MEC-A,2025-12-17 05:45:00-05:00,5
2025-12-17 10:47:00+00:00,SELL,MEC-A,2025-12-17 05:47:00-05:00,5
2025-12-17 10:54:00+00:00,SELL,MEC-A,2025-12-17 05:54:00-05:00,5
2025-12-17 10:57:00+00:00,BUY,MEC-A,2025-12-17 05:57:00-05:00,5
2025-12-17 11:00:00+00:00,BUY,MEC-A,2025-12-17 06:00:00-05:00,6
2025-12-17 11:02:00+00:00,BUY,MEC-A,2025-12-17 06:02:00-05:00,6
2025-12-17 11:04:00+00:00,BUY,MEC-A,2025-12-17 06:04:00-05:00,6
2025-12-17 11:14:00+00:00,BUY,MEC-A,2025-12-17 06:14:00-05:00,6
2025-12-17 11:15:00+00:00,BUY,MEC-A,2025-12-17 06:15:00-05:00,6
2025-12-17 11:16:00+00:00,BUY,MEC-A,2025-12-17 06:16:00-05:00,6
2025-12-17 11:17:00+00:00,BUY,MEC-A,2025-12-17 06:17:00-05:00,6
2025-12-17 11:23:00+00:00,SELL,MEC-A,2025-12-17 06:23:00-05:00,6
2025-12-17 11:33:00+00:00,SELL,MEC-A,2025-12-17 06:33:00-05:00,6
2025-12-17 12:18:00+00:00,BUY,MEC-A,2025-12-17 07:18:00-05:00,7
2025-12-17 12:20:00+00:00,BUY,MEC-A,2025-12-17 07:20:00-05:00,7
2025-12-17 12:26:00+00:00,BUY,MEC-A,2025-12-17 07:26:00-05:00,7
2025-12-17 12:29:00+00:00,BUY,MEC-A,2025-12-17 07:29:00-05:00,7
2025-12-17 12:30:00+00:00,BUY,MEC-A,2025-12-17 07:30:00-05:00,7
2025-12-17 12:34:00+00:00,SELL,MEC-A,2025-12-17 07:34:00-05:00,7
2025-12-17 12:35:00+00:00,SELL,MEC-A,2025-12-17 07:35:00-05:00,7
2025-12-17 12:44:00+00:00,SELL,MEC-A,2025-12-17 07:44:00-05:00,7
2025-12-17 12:54:00+00:00,SELL,MEC-B,2025-12-17 07:54:00-05:00,7
2025-12-17 13:00:00+00:00,SELL,MEC-A,2025-12-17 08:00:00-05:00,8
2025-12-17 13:04:00+00:00,BUY,MEC-A,2025-12-17 08:04:00-05:00,8
2025-12-17 13:06:00+00:00,BUY,MEC-A,2025-12-17 08:06:00-05:00,8
2025-12-17 13:09:00+00:00,BUY,MEC-A,2025-12-17 08:09:00-05:00,8
2025-12-17 13:11:00+00:00,BUY,MEC-A,2025-12-17 08:11:00-05:00,8
2025-12-17 13:15:00+00:00,BUY,MEC-A,2025-12-17 08:15:00-05:00,8
2025-12-17 13:16:00+00:00,BUY,MEC-A,2025-12-17 08:16:00-05:00,8
2025-12-17 13:20:00+00:00,BUY,MEC-A,2025-12-17 08:20:00-05:00,8
2025-12-17 13:23:00+00:00,BUY,MEC-A,2025-12-17 08:23:00-05:00,8
2025-12-17 13:30:00+00:00,BUY,MEC-A,2025-12-17 08:30:00-05:00,8
2025-12-17 13:35:00+00:00,BUY,MEC-A,2025-12-17 08:35:00-05:00,8
2025-12-17 13:37:00+00:00,BUY,MEC-A,2025-12-17 08:37:00-05:00,8
2025-12-17 13:39:00+00:00,BUY,MEC-A,2025-12-17 08:39:00-05:00,8
2025-12-17 13:40:00+00:00,BUY,MEC-A,2025-12-17 08:40:00-05:00,8
2025-12-17 13:41:00+00:00,BUY,MEC-A,2025-12-17 08:41:00-05:00,8
2025-12-17 13:45:00+00:00,BUY,MEC-A,2025-12-17 08:45:00-05:00,8
2025-12-17 13:50:00+00:00,BUY,MEC-A,2025-12-17 08:50:00-05:00,8
2025-12-17 13:51:00+00:00,BUY,MEC-A,2025-12-17 08:51:00-05:00,8
2025-12-17 13:54:00+00:00,BUY,MEC-A,2025-12-17 08:54:00-05:00,8
2025-12-17 13:57:00+00:00,BUY,MEC-A,2025-12-17 08:57:00-05:00,8
2025-12-17 13:58:00+00:00,BUY,MEC-A,2025-12-17 08:58:00-05:00,8
2025-12-17 14:00:00+00:00,BUY,MEC-A,2025-12-17 09:00:00-05:00,9
2025-12-17 14:12:00+00:00,SELL,MEC-A,2025-12-17 09:12:00-05:00,9
2025-12-17 14:13:00+00:00,SELL,MEC-A,2025-12-17 09:13:00-05:00,9
2025-12-17 14:14:00+00:00,SELL,MEC-A,2025-12-17 09:14:00-05:00,9
2025-12-17 14:15:00+00:00,SELL,MEC-A,2025-12-17 09:15:00-05:00,9
2025-12-17 14:21:00+00:00,SELL,MEC-A,2025-12-17 09:21:00-05:00,9
2025-12-17 14:26:00+00:00,BUY,MEC-A,2025-12-17 09:26:00-05:00,9
2025-12-17 14:33:00+00:00,BUY,MEC-A,2025-12-17 09:33:00-05:00,9
2025-12-17 14:34:00+00:00,BUY,MEC-A,2025-12-17 09:34:00-05:00,9
2025-12-17 14:37:00+00:00,BUY,MEC-A,2025-12-17 09:37:00-05:00,9
2025-12-17 14:44:00+00:00,BUY,MEC-A,2025-12-17 09:44:00-05:00,9
2025-12-17 14:45:00+00:00,BUY,MEC-A,2025-12-17 09:45:00-05:00,9
2025-12-17 14:50:00+00:00,BUY,MEC-A,2025-12-17 09:50:00-05:00,9
2025-12-17 14:52:00+00:00,BUY,MEC-A,2025-12-17 09:52:00-05:00,9
2025-12-17 14:53:00+00:00,BUY,MEC-A,2025-12-17 09:53:00-05:00,9
2025-12-17 15:05:00+00:00,BUY,MEC-A,2025-12-17 10:05:00-05:00,10
2025-12-17 15:06:00+00:00,BUY,MEC-A,2025-12-17 10:06:00-05:00,10
2025-12-17 15:12:00+00:00,BUY,MEC-A,2025-12-17 10:12:00-05:00,10
2025-12-17 15:18:00+00:00,SELL,MEC-A,2025-12-17 10:18:00-05:00,10
2025-12-17 15:30:00+00:00,BUY,MEC-A,2025-12-17 10:30:00-05:00,10
2025-12-17 15:33:00+00:00,BUY,MEC-A,2025-12-17 10:33:00-05:00,10
2025-12-17 15:38:00+00:00,SELL,MEC-A,2025-12-17 10:38:00-05:00,10
2025-12-17 15:41:00+00:00,SELL,MEC-A,2025-12-17 10:41:00-05:00,10
2025-12-17 15:42:00+00:00,SELL,MEC-A,2025-12-17 10:42:00-05:00,10
2025-12-17 15:43:00+00:00,SELL,MEC-A,2025-12-17 10:43:00-05:00,10
2025-12-17 15:57:00+00:00,SELL,MEC-A,2025-12-17 10:57:00-05:00,10
2025-12-17 16:12:00+00:00,SELL,MEC-A,2025-12-17 11:12:00-05:00,11
2025-12-17 16:18:00+00:00,SELL,MEC-A,2025-12-17 11:18:00-05:00,11
2025-12-17 16:26:00+00:00,SELL,MEC-A,2025-12-17 11:26:00-05:00,11
2025-12-17 16:37:00+00:00,BUY,MEC-A,2025-12-17 11:37:00-05:00,11
2025-12-17 16:42:00+00:00,BUY,MEC-A,2025-12-17 11:42:00-05:00,11
2025-12-17 16:44:00+00:00,BUY,MEC-A,2025-12-17 11:44:00-05:00,11
2025-12-17 16:45:00+00:00,BUY,MEC-A,2025-12-17 11:45:00-05:00,11
2025-12-17 16:47:00+00:00,BUY,MEC-A,2025-12-17 11:47:00-05:00,11
2025-12-17 16:49:00+00:00,BUY,MEC-A,2025-12-17 11:49:00-05:00,11
2025-12-17 16:53:00+00:00,BUY,MEC-A,2025-12-17 11:53:00-05:00,11
2025-12-17 17:13:00+00:00,BUY,MEC-A,2025-12-17 12:13:00-05:00,12
2025-12-17 17:17:00+00:00,BUY,MEC-A,2025-12-17 12:17:00-05:00,12
2025-12-17 17:18:00+00:00,BUY,MEC-A,2025-12-17 12:18:00-05:00,12
2025-12-17 17:21:00+00:00,BUY,MEC-A,2025-12-17 12:21:00-05:00,12
2025-12-17 17:22:00+00:00,BUY,MEC-A,2025-12-17 12:22:00-05:00,12
2025-12-17 17:29:00+00:00,BUY,MEC-A,2025-12-17 12:29:00-05:00,12
2025-12-17 17:31:00+00:00,BUY,MEC-A,2025-12-17 12:31:00-05:00,12
2025-12-17 17:33:00+00:00,BUY,MEC-A,2025-12-17 12:33:00-05:00,12
2025-12-17 17:36:00+00:00,BUY,MEC-A,2025-12-17 12:36:00-05:00,12
2025-12-17 17:49:00+00:00,BUY,MEC-A,2025-12-17 12:49:00-05:00,12
2025-12-17 17:59:00+00:00,BUY,MEC-A,2025-12-17 12:59:00-05:00,12
2025-12-17 18:00:00+00:00,BUY,MEC-A,2025-12-17 13:00:00-05:00,13
2025-12-17 18:08:00+00:00,BUY,MEC-A,2025-12-17 13:08:00-05:00,13
2025-12-17 18:21:00+00:00,BUY,MEC-A,2025-12-17 13:21:00-05:00,13
2025-12-17 18:29:00+00:00,BUY,MEC-A,2025-12-17 13:29:00-05:00,13
2025-12-17 18:36:00+00:00,SELL,MEC-A,2025-12-17 13:36:00-05:00,13
2025-12-17 18:38:00+00:00,SELL,MEC-A,2025-12-17 13:38:00-05:00,13
2025-12-17 18:39:00+00:00,SELL,MEC-A,2025-12-17 13:39:00-05:00,13
2025-12-17 18:42:00+00:00,SELL,MEC-A,2025-12-17 13:42:00-05:00,13
2025-12-17 18:47:00+00:00,SELL,MEC-A,2025-12-17 13:47:00-05:00,13
2025-12-17 19:05:00+00:00,BUY,MEC-A,2025-12-17 14:05:00-05:00,14
2025-12-17 19:18:00+00:00,BUY,MEC-A,2025-12-17 14:18:00-05:00,14
2025-12-17 19:21:00+00:00,BUY,MEC-A,2025-12-17 14:21:00-05:00,14
2025-12-17 19:23:00+00:00,BUY,MEC-A,2025-12-17 14:23:00-05:00,14
2025-12-17 19:26:00+00:00,BUY,MEC-A,2025-12-17 14:26:00-05:00,14
2025-12-17 19:27:00+00:00,BUY,MEC-A,2025-12-17 14:27:00-05:00,14
2025-12-17 19:30:00+00:00,BUY,MEC-A,2025-12-17 14:30:00-05:00,14
2025-12-17 19:42:00+00:00,SELL,MEC-A,2025-12-17 14:42:00-05:00,14
2025-12-17 19:43:00+00:00,SELL,MEC-A,2025-12-17 14:43:00-05:00,14
2025-12-17 19:47:00+00:00,SELL,MEC-A,2025-12-17 14:47:00-05:00,14
2025-12-17 19:50:00+00:00,SELL,MEC-A,2025-12-17 14:50:00-05:00,14
2025-12-17 19:51:00+00:00,SELL,MEC-A,2025-12-17 14:51:00-05:00,14
2025-12-17 19:52:00+00:00,SELL,MEC-A,2025-12-17 14:52:00-05:00,14
2025-12-17 20:07:00+00:00,SELL,MEC-A,2025-12-17 15:07:00-05:00,15
2025-12-17 20:12:00+00:00,BUY,MEC-A,2025-12-17 15:12:00-05:00,15
2025-12-17 20:15:00+00:00,BUY,MEC-A,2025-12-17 15:15:00-05:00,15
2025-12-17 20:16:00+00:00,BUY,MEC-A,2025-12-17 15:16:00-05:00,15
2025-12-17 20:20:00+00:00,BUY,MEC-A,2025-12-17 15:20:00-05:00,15
2025-12-17 20:23:00+00:00,BUY,MEC-A,2025-12-17 15:23:00-05:00,15
2025-12-17 20:26:00+00:00,BUY,MEC-A,2025-12-17 15:26:00-05:00,15
2025-12-17 20:27:00+00:00,BUY,MEC-A,2025-12-17 15:27:00-05:00,15
2025-12-17 20:29:00+00:00,BUY,MEC-A,2025-12-17 15:29:00-05:00,15
2025-12-17 20:42:00+00:00,BUY,MEC-A,2025-12-17 15:42:00-05:00,15
2025-12-17 20:46:00+00:00,BUY,MEC-A,2025-12-17 15:46:00-05:00,15
2025-12-17 20:48:00+00:00,BUY,MEC-A,2025-12-17 15:48:00-05:00,15
2025-12-17 20:49:00+00:00,BUY,MEC-A,2025-12-17 15:49:00-05:00,15
2025-12-17 21:04:00+00:00,BUY,MEC-A,2025-12-17 16:04:00-05:00,16
2025-12-17 21:05:00+00:00,BUY,MEC-A,2025-12-17 16:05:00-05:00,16
2025-12-17 21:08:00+00:00,BUY,MEC-A,2025-12-17 16:08:00-05:00,16
2025-12-17 21:15:00+00:00,BUY,MEC-A,2025-12-17 16:15:00-05:00,16
2025-12-17 21:16:00+00:00,BUY,MEC-A,2025-12-17 16:16:00-05:00,16
2025-12-17 21:18:00+00:00,BUY,MEC-A,2025-12-17 16:18:00-05:00,16
2025-12-17 21:20:00+00:00,BUY,MEC-A,2025-12-17 16:20:00-05:00,16
2025-12-17 21:31:00+00:00,SELL,MEC-A,2025-12-17 16:31:00-05:00,16
2025-12-17 21:32:00+00:00,SELL,MEC-A,2025-12-17 16:32:00-05:00,16
2025-12-17 21:33:00+00:00,SELL,MEC-A,2025-12-17 16:33:00-05:00,16
2025-12-17 21:37:00+00:00,SELL,MEC-A,2025-12-17 16:37:00-05:00,16
2025-12-17 21:42:00+00:00,SELL,MEC-A,2025-12-17 16:42:00-05:00,16
2025-12-17 21:43:00+00:00,SELL,MEC-A,2025-12-17 16:43:00-05:00,16
2025-12-17 21:44:00+00:00,SELL,MEC-A,2025-12-17 16:44:00-05:00,16
2025-12-17 21:48:00+00:00,SELL,MEC-A,2025-12-17 16:48:00-05:00,16
2025-12-17 21:50:00+00:00,SELL,MEC-A,2025-12-17 16:50:00-05:00,16
2025-12-17 21:52:00+00:00,SELL,MEC-A,2025-12-17 16:52:00-05:00,16
2025-12-17 21:56:00+00:00,SELL,MEC-A,2025-12-17 16:56:00-05:00,16
2025-12-17 23:04:00+00:00,SELL,MEC-A,2025-12-17 18:04:00-05:00,18
2025-12-17 23:05:00+00:00,SELL,MEC-A,2025-12-17 18:05:00-05:00,18
2025-12-17 23:09:00+00:00,SELL,MEC-A,2025-12-17 18:09:00-05:00,18
2025-12-17 23:10:00+00:00,SELL,MEC-A,2025-12-17 18:10:00-05:00,18
2025-12-17 23:14:00+00:00,SELL,MEC-A,2025-12-17 18:14:00-05:00,18
2025-12-17 23:23:00+00:00,SELL,MEC-A,2025-12-17 18:23:00-05:00,18
2025-12-17 23:25:00+00:00,SELL,MEC-A,2025-12-17 18:25:00-05:00,18
2025-12-17 23:30:00+00:00,BUY,MEC-A,2025-12-17 18:30:00-05:00,18
2025-12-17 23:35:00+00:00,BUY,MEC-A,2025-12-17 18:35:00-05:00,18
2025-12-17 23:37:00+00:00,BUY,MEC-A,2025-12-17 18:37:00-05:00,18
2025-12-17 23:45:00+00:00,BUY,MEC-A,2025-12-17 18:45:00-05:00,18
2025-12-17 23:48:00+00:00,BUY,MEC-A,2025-12-17 18:48:00-05:00,18
2025-12-17 23:53:00+00:00,BUY,MEC-A,2025-12-17 18:53:00-05:00,18
2025-12-18 00:05:00+00:00,SELL,MEC-A,2025-12-17 19:05:00-05:00,19
2025-12-18 00:09:00+00:00,SELL,MEC-A,2025-12-17 19:09:00-05:00,19
2025-12-18 00:15:00+00:00,BUY,MEC-A,2025-12-17 19:15:00-05:00,19
2025-12-18 00:16:00+00:00,BUY,MEC-A,2025-12-17 19:16:00-05:00,19
2025-12-18 00:20:00+00:00,BUY,MEC-A,2025-12-17 19:20:00-05:00,19
2025-12-18 00:26:00+00:00,BUY,MEC-A,2025-12-17 19:26:00-05:00,19
2025-12-18 00:33:00+00:00,BUY,MEC-A,2025-12-17 19:33:00-05:00,19
2025-12-18 00:38:00+00:00,BUY,MEC-A,2025-12-17 19:38:00-05:00,19
2025-12-18 00:44:00+00:00,SELL,MEC-A,2025-12-17 19:44:00-05:00,19
2025-12-18 00:48:00+00:00,SELL,MEC-A,2025-12-17 19:48:00-05:00,19
2025-12-18 00:49:00+00:00,SELL,MEC-A,2025-12-17 19:49:00-05:00,19
2025-12-18 00:55:00+00:00,SELL,MEC-A,2025-12-17 19:55:00-05:00,19
2025-12-18 00:56:00+00:00,SELL,MEC-A,2025-12-17 19:56:00-05:00,19
2025-12-18 01:00:00+00:00,BUY,MEC-A,2025-12-17 20:00:00-05:00,20
2025-12-18 01:02:00+00:00,SELL,MEC-A,2025-12-17 20:02:00-05:00,20
2025-12-18 01:03:00+00:00,SELL,MEC-A,2025-12-17 20:03:00-05:00,20
2025-12-18 01:11:00+00:00,SELL,MEC-A,2025-12-17 20:11:00-05:00,20
2025-12-18 01:17:00+00:00,SELL,MEC-B,2025-12-17 20:17:00-05:00,20
2025-12-18 01:18:00+00:00,SELL,MEC-A,2025-12-17 20:18:00-05:00,20
2025-12-18 01:22:00+00:00,SELL,MEC-A,2025-12-17 20:22:00-05:00,20
2025-12-18 01:23:00+00:00,SELL,MEC-A,2025-12-17 20:23:00-05:00,20
2025-12-18 01:35:00+00:00,SELL,MEC-A,2025-12-17 20:35:00-05:00,20
2025-12-18 01:54:00+00:00,BUY,MEC-A,2025-12-17 20:54:00-05:00,20
2025-12-18 01:55:00+00:00,BUY,MEC-A,2025-12-17 20:55:00-05:00,20
2025-12-18 01:56:00+00:00,BUY,MEC-A,2025-12-17 20:56:00-05:00,20
2025-12-18 01:57:00+00:00,BUY,MEC-A,2025-12-17 20:57:00-05:00,20
2025-12-18 01:59:00+00:00,BUY,MEC-A,2025-12-17 20:59:00-05:00,20
2025-12-18 02:00:00+00:00,BUY,MEC-A,2025-12-17 21:00:00-05:00,21
2025-12-18 02:02:00+00:00,BUY,MEC-A,2025-12-17 21:02:00-05:00,21
2025-12-18 02:07:00+00:00,BUY,MEC-A,2025-12-17 21:07:00-05:00,21
2025-12-18 02:17:00+00:00,BUY,MEC-A,2025-12-17 21:17:00-05:00,21
2025-12-18 02:23:00+00:00,BUY,MEC-A,2025-12-17 21:23:00-05:00,21
2025-12-18 02:35:00+00:00,BUY,MEC-A,2025-12-17 21:35:00-05:00,21
2025-12-18 02:38:00+00:00,BUY,MEC-A,2025-12-17 21:38:00-05:00,21
2025-12-18 02:47:00+00:00,SELL,MEC-A,2025-12-17 21:47:00-05:00,21
2025-12-18 02:49:00+00:00,SELL,MEC-A,2025-12-17 21:49:00-05:00,21
2025-12-18 02:54:00+00:00,SELL,MEC-A,2025-12-17 21:54:00-05:00,21
2025-12-18 02:55:00+00:00,SELL,MEC-A,2025-12-17 21:55:00-05:00,21
2025-12-18 02:58:00+00:00,SELL,MEC-A,2025-12-17 21:58:00-05:00,21
2025-12-18 03:00:00+00:00,SELL,MEC-A,2025-12-17 22:00:00-05:00,22
2025-12-18 03:06:00+00:00,SELL,MEC-A,2025-12-17 22:06:00-05:00,22
2025-12-18 03:11:00+00:00,BUY,MEC-A,2025-12-17 22:11:00-05:00,22
2025-12-18 03:13:00+00:00,BUY,MEC-A,2025-12-17 22:13:00-05:00,22
2025-12-18 03:14:00+00:00,BUY,MEC-A,2025-12-17 22:14:00-05:00,22
2025-12-18 03:19:00+00:00,BUY,MEC-A,2025-12-17 22:19:00-05:00,22
2025-12-18 03:24:00+00:00,SELL,MEC-A,2025-12-17 22:24:00-05:00,22
2025-12-18 03:38:00+00:00,SELL,MEC-A,2025-12-17 22:38:00-05:00,22
2025-12-18 03:40:00+00:00,SELL,MEC-A,2025-12-17 22:40:00-05:00,22
2025-12-18 03:44:00+00:00,SELL,MEC-A,2025-12-17 22:44:00-05:00,22
2025-12-18 04:09:00+00:00,SELL,MEC-A,2025-12-17 23:09:00-05:00,23
2025-12-18 04:11:00+00:00,SELL,MEC-A,2025-12-17 23:11:00-05:00,23
2025-12-18 04:13:00+00:00,SELL,MEC-A,2025-12-17 23:13:00-05:00,23
2025-12-18 04:18:00+00:00,SELL,MEC-A,2025-12-17 23:18:00-05:00,23
2025-12-18 04:29:00+00:00,SELL,MEC-A,2025-12-17 23:29:00-05:00,23
2025-12-18 04:31:00+00:00,SELL,MEC-A,2025-12-17 23:31:00-05:00,23
2025-12-18 04:36:00+00:00,SELL,MEC-A,2025-12-17 23:36:00-05:00,23
2025-12-18 04:37:00+00:00,SELL,MEC-A,2025-12-17 23:37:00-05:00,23
2025-12-18 04:38:00+00:00,SELL,MEC-A,2025-12-17 23:38:00-05:00,23
2025-12-18 04:47:00+00:00,BUY,MEC-A,2025-12-17 23:47:00-05:00,23
2025-12-18 04:50:00+00:00,BUY,MEC-A,2025-12-17 23:50:00-05:00,23
2025-12-18 04:55:00+00:00,BUY,MEC-A,2025-12-17 23:55:00-05:00,23
2025-12-18 04:56:00+00:00,BUY,MEC-A,2025-12-17 23:56:00-05:00,23
2025-12-18 04:58:00+00:00,BUY,MEC-A,2025-12-17 23:58:00-05:00,23
2025-12-18 05:01:00+00:00,BUY,MEC-A,2025-12-18 00:01:00-05:00,0
2025-12-18 05:02:00+00:00,BUY,MEC-A,2025-12-18 00:02:00-05:00,0
2025-12-18 05:07:00+00:00,BUY,MEC-A,2025-12-18 00:07:00-05:00,0
2025-12-18 05:12:00+00:00,BUY,MEC-A,2025-12-18 00:12:00-05:00,0
2025-12-18 05:18:00+00:00,BUY,MEC-A,2025-12-18 00:18:00-05:00,0
2025-12-18 05:23:00+00:00,BUY,MEC-A,2025-12-18 00:23:00-05:00,0
2025-12-18 05:25:00+00:00,SELL,MEC-A,2025-12-18 00:25:00-05:00,0
2025-12-18 05:34:00+00:00,SELL,MEC-A,2025-12-18 00:34:00-05:00,0
2025-12-18 05:35:00+00:00,SELL,MEC-A,2025-12-18 00:35:00-05:00,0
2025-12-18 05:37:00+00:00,SELL,MEC-A,2025-12-18 00:37:00-05:00,0
2025-12-18 05:47:00+00:00,SELL,MEC-A,2025-12-18 00:47:00-05:00,0
2025-12-18 05:52:00+00:00,SELL,MEC-A,2025-12-18 00:52:00-05:00,0
2025-12-18 05:54:00+00:00,SELL,MEC-A,2025-12-18 00:54:00-05:00,0
2025-12-18 05:58:00+00:00,SELL,MEC-A,2025-12-18 00:58:00-05:00,0
2025-12-18 06:03:00+00:00,SELL,MEC-A,2025-12-18 01:03:00-05:00,1
2025-12-18 06:11:00+00:00,BUY,MEC-A,2025-12-18 01:11:00-05:00,1
2025-12-18 06:20:00+00:00,BUY,MEC-A,2025-12-18 01:20:00-05:00,1
2025-12-18 06:21:00+00:00,BUY,MEC-A,2025-12-18 01:21:00-05:00,1
2025-12-18 06:33:00+00:00,BUY,MEC-A,2025-12-18 01:33:00-05:00,1
2025-12-18 06:34:00+00:00,BUY,MEC-A,2025-12-18 01:34:00-05:00,1
2025-12-18 06:40:00+00:00,SELL,MEC-A,2025-12-18 01:40:00-05:00,1
2025-12-18 06:41:00+00:00,SELL,MEC-A,2025-12-18 01:41:00-05:00,1
2025-12-18 06:46:00+00:00,SELL,MEC-A,2025-12-18 01:46:00-05:00,1
2025-12-18 06:48:00+00:00,SELL,MEC-A,2025-12-18 01:48:00-05:00,1
2025-12-18 06:49:00+00:00,SELL,MEC-A,2025-12-18 01:49:00-05:00,1
2025-12-18 06:54:00+00:00,SELL,MEC-A,2025-12-18 01:54:00-05:00,1
2025-12-18 07:02:00+00:00,SELL,MEC-A,2025-12-18 02:02:00-05:00,2
2025-12-18 07:08:00+00:00,SELL,MEC-A,2025-12-18 02:08:00-05:00,2
2025-12-18 07:12:00+00:00,SELL,MEC-A,2025-12-18 02:12:00-05:00,2
2025-12-18 07:19:00+00:00,BUY,MEC-A,2025-12-18 02:19:00-05:00,2
2025-12-18 07:27:00+00:00,BUY,MEC-A,2025-12-18 02:27:00-05:00,2
2025-12-18 07:28:00+00:00,BUY,MEC-A,2025-12-18 02:28:00-05:00,2
2025-12-18 07:31:00+00:00,BUY,MEC-A,2025-12-18 02:31:00-05:00,2
2025-12-18 07:32:00+00:00,BUY,MEC-A,2025-12-18 02:32:00-05:00,2
2025-12-18 07:58:00+00:00,SELL,MEC-A,2025-12-18 02:58:00-05:00,2
2025-12-18 07:59:00+00:00,SELL,MEC-A,2025-12-18 02:59:00-05:00,2
2025-12-18 08:02:00+00:00,SELL,MEC-A,2025-12-18 03:02:00-05:00,3
2025-12-18 08:04:00+00:00,SELL,MEC-A,2025-12-18 03:04:00-05:00,3
2025-12-18 08:12:00+00:00,SELL,MEC-A,2025-12-18 03:12:00-05:00,3
2025-12-18 08:14:00+00:00,SELL,MEC-A,2025-12-18 03:14:00-05:00,3
2025-12-18 08:16:00+00:00,SELL,MEC-A,2025-12-18 03:16:00-05:00,3
2025-12-18 08:28:00+00:00,SELL,MEC-A,2025-12-18 03:28:00-05:00,3
2025-12-18 08:32:00+00:00,SELL,MEC-A,2025-12-18 03:32:00-05:00,3
2025-12-18 08:33:00+00:00,SELL,MEC-A,2025-12-18 03:33:00-05:00,3
2025-12-18 08:55:00+00:00,SELL,MEC-A,2025-12-18 03:55:00-05:00,3
2025-12-18 09:04:00+00:00,BUY,MEC-A,2025-12-18 04:04:00-05:00,4
2025-12-18 09:26:00+00:00,SELL,MEC-A,2025-12-18 04:26:00-05:00,4
2025-12-18 09:36:00+00:00,SELL,MEC-A,2025-12-18 04:36:00-05:00,4
2025-12-18 09:37:00+00:00,SELL,MEC-A,2025-12-18 04:37:00-05:00,4
2025-12-18 09:39:00+00:00,SELL,MEC-A,2025-12-18 04:39:00-05:00,4
2025-12-18 09:50:00+00:00,SELL,MEC-A,2025-12-18 04:50:00-05:00,4
2025-12-18 09:53:00+00:00,SELL,MEC-A,2025-12-18 04:53:00-05:00,4
2025-12-18 09:54:00+00:00,SELL,MEC-A,2025-12-18 04:54:00-05:00,4
2025-12-18 10:02:00+00:00,BUY,MEC-A,2025-12-18 05:02:00-05:00,5
2025-12-18 10:05:00+00:00,BUY,MEC-A,2025-12-18 05:05:00-05:00,5
2025-12-18 10:29:00+00:00,SELL,MEC-A,2025-12-18 05:29:00-05:00,5
2025-12-18 10:30:00+00:00,SELL,MEC-A,2025-12-18 05:30:00-05:00,5
2025-12-18 10:38:00+00:00,SELL,MEC-A,2025-12-18 05:38:00-05:00,5
2025-12-18 10:43:00+00:00,BUY,MEC-A,2025-12-18 05:43:00-05:00,5
2025-12-18 10:44:00+00:00,BUY,MEC-A,2025-12-18 05:44:00-05:00,5
2025-12-18 10:45:00+00:00,BUY,MEC-A,2025-12-18 05:45:00-05:00,5
2025-12-18 11:04:00+00:00,BUY,MEC-A,2025-12-18 06:04:00-05:00,6
2025-12-18 11:05:00+00:00,BUY,MEC-A,2025-12-18 06:05:00-05:00,6
2025-12-18 11:15:00+00:00,BUY,MEC-A,2025-12-18 06:15:00-05:00,6
2025-12-18 11:19:00+00:00,BUY,MEC-A,2025-12-18 06:19:00-05:00,6
2025-12-18 11:22:00+00:00,SELL,MEC-A,2025-12-18 06:22:00-05:00,6
2025-12-18 11:24:00+00:00,SELL,MEC-A,2025-12-18 06:24:00-05:00,6
2025-12-18 11:39:00+00:00,SELL,MEC-A,2025-12-18 06:39:00-05:00,6
2025-12-18 11:42:00+00:00,SELL,MEC-A,2025-12-18 06:42:00-05:00,6
2025-12-18 11:52:00+00:00,SELL,MEC-A,2025-12-18 06:52:00-05:00,6
2025-12-18 11:56:00+00:00,SELL,MEC-A,2025-12-18 06:56:00-05:00,6
2025-12-18 11:57:00+00:00,SELL,MEC-A,2025-12-18 06:57:00-05:00,6
2025-12-18 12:03:00+00:00,SELL,MEC-A,2025-12-18 07:03:00-05:00,7
2025-12-18 12:04:00+00:00,SELL,MEC-A,2025-12-18 07:04:00-05:00,7
2025-12-18 12:06:00+00:00,SELL,MEC-A,2025-12-18 07:06:00-05:00,7
2025-12-18 12:13:00+00:00,SELL,MEC-A,2025-12-18 07:13:00-05:00,7
2025-12-18 12:17:00+00:00,SELL,MEC-A,2025-12-18 07:17:00-05:00,7
2025-12-18 12:21:00+00:00,SELL,MEC-A,2025-12-18 07:21:00-05:00,7
2025-12-18 12:22:00+00:00,SELL,MEC-A,2025-12-18 07:22:00-05:00,7
2025-12-18 12:27:00+00:00,SELL,MEC-A,2025-12-18 07:27:00-05:00,7
2025-12-18 12:28:00+00:00,SELL,MEC-A,2025-12-18 07:28:00-05:00,7
2025-12-18 12:33:00+00:00,SELL,MEC-A,2025-12-18 07:33:00-05:00,7
2025-12-18 12:36:00+00:00,BUY,MEC-A,2025-12-18 07:36:00-05:00,7
2025-12-18 12:37:00+00:00,BUY,MEC-A,2025-12-18 07:37:00-05:00,7
2025-12-18 12:38:00+00:00,BUY,MEC-A,2025-12-18 07:38:00-05:00,7
2025-12-18 12:42:00+00:00,BUY,MEC-A,2025-12-18 07:42:00-05:00,7
2025-12-18 12:50:00+00:00,SELL,MEC-A,2025-12-18 07:50:00-05:00,7
2025-12-18 12:52:00+00:00,SELL,MEC-A,2025-12-18 07:52:00-05:00,7
2025-12-18 12:59:00+00:00,SELL,MEC-A,2025-12-18 07:59:00-05:00,7
2025-12-18 13:00:00+00:00,BUY,MEC-A,2025-12-18 08:00:00-05:00,8
2025-12-18 13:06:00+00:00,SELL,MEC-A,2025-12-18 08:06:00-05:00,8
2025-12-18 13:13:00+00:00,SELL,MEC-A,2025-12-18 08:13:00-05:00,8
2025-12-18 13:16:00+00:00,BUY,MEC-A,2025-12-18 08:16:00-05:00,8
2025-12-18 13:17:00+00:00,BUY,MEC-A,2025-12-18 08:17:00-05:00,8
2025-12-18 13:18:00+00:00,BUY,MEC-A,2025-12-18 08:18:00-05:00,8
2025-12-18 13:21:00+00:00,BUY,MEC-A,2025-12-18 08:21:00-05:00,8
2025-12-18 13:30:00+00:00,BUY,MEC-A,2025-12-18 08:30:00-05:00,8
2025-12-18 13:36:00+00:00,BUY,MEC-A,2025-12-18 08:36:00-05:00,8
2025-12-18 13:40:00+00:00,BUY,MEC-A,2025-12-18 08:40:00-05:00,8
2025-12-18 13:43:00+00:00,BUY,MEC-A,2025-12-18 08:43:00-05:00,8
2025-12-18 13:47:00+00:00,BUY,MEC-A,2025-12-18 08:47:00-05:00,8
2025-12-18 13:49:00+00:00,BUY,MEC-A,2025-12-18 08:49:00-05:00,8
2025-12-18 13:51:00+00:00,BUY,MEC-A,2025-12-18 08:51:00-05:00,8
2025-12-18 13:57:00+00:00,SELL,MEC-A,2025-12-18 08:57:00-05:00,8
2025-12-18 14:00:00+00:00,SELL,MEC-A,2025-12-18 09:00:00-05:00,9
2025-12-18 14:11:00+00:00,SELL,MEC-A,2025-12-18 09:11:00-05:00,9
2025-12-18 14:19:00+00:00,SELL,MEC-A,2025-12-18 09:19:00-05:00,9
2025-12-18 14:23:00+00:00,SELL,MEC-A,2025-12-18 09:23:00-05:00,9
2025-12-18 14:27:00+00:00,SELL,MEC-A,2025-12-18 09:27:00-05:00,9
2025-12-18 14:28:00+00:00,SELL,MEC-A,2025-12-18 09:28:00-05:00,9
2025-12-18 14:31:00+00:00,BUY,MEC-A,2025-12-18 09:31:00-05:00,9
2025-12-18 14:32:00+00:00,BUY,MEC-A,2025-12-18 09:32:00-05:00,9
2025-12-18 14:35:00+00:00,SELL,MEC-A,2025-12-18 09:35:00-05:00,9
2025-12-18 14:37:00+00:00,SELL,MEC-A,2025-12-18 09:37:00-05:00,9
2025-12-18 14:41:00+00:00,SELL,MEC-A,2025-12-18 09:41:00-05:00,9
2025-12-18 14:43:00+00:00,SELL,MEC-A,2025-12-18 09:43:00-05:00,9
2025-12-18 14:45:00+00:00,SELL,MEC-A,2025-12-18 09:45:00-05:00,9
2025-12-18 14:48:00+00:00,SELL,MEC-A,2025-12-18 09:48:00-05:00,9
2025-12-18 14:51:00+00:00,BUY,MEC-A,2025-12-18 09:51:00-05:00,9
2025-12-18 14:55:00+00:00,BUY,MEC-A,2025-12-18 09:55:00-05:00,9
2025-12-18 14:58:00+00:00,BUY,MEC-A,2025-12-18 09:58:00-05:00,9
2025-12-18 15:03:00+00:00,BUY,MEC-A,2025-12-18 10:03:00-05:00,10
2025-12-18 15:11:00+00:00,BUY,MEC-A,2025-12-18 10:11:00-05:00,10
2025-12-18 15:16:00+00:00,SELL,MEC-A,2025-12-18 10:16:00-05:00,10
2025-12-18 15:21:00+00:00,SELL,MEC-A,2025-12-18 10:21:00-05:00,10
2025-12-18 15:31:00+00:00,BUY,MEC-A,2025-12-18 10:31:00-05:00,10
2025-12-18 15:32:00+00:00,BUY,MEC-A,2025-12-18 10:32:00-05:00,10
2025-12-18 15:34:00+00:00,BUY,MEC-A,2025-12-18 10:34:00-05:00,10
2025-12-18 15:45:00+00:00,BUY,MEC-A,2025-12-18 10:45:00-05:00,10
2025-12-18 15:48:00+00:00,BUY,MEC-A,2025-12-18 10:48:00-05:00,10
2025-12-18 15:52:00+00:00,BUY,MEC-A,2025-12-18 10:52:00-05:00,10
2025-12-18 15:57:00+00:00,BUY,MEC-A,2025-12-18 10:57:00-05:00,10
2025-12-18 15:58:00+00:00,BUY,MEC-A,2025-12-18 10:58:00-05:00,10
2025-12-18 16:01:00+00:00,BUY,MEC-A,2025-12-18 11:01:00-05:00,11
2025-12-18 16:02:00+00:00,BUY,MEC-A,2025-12-18 11:02:00-05:00,11
2025-12-18 16:03:00+00:00,BUY,MEC-A,2025-12-18 11:03:00-05:00,11
2025-12-18 16:09:00+00:00,BUY,MEC-A,2025-12-18 11:09:00-05:00,11
2025-12-18 16:10:00+00:00,BUY,MEC-A,2025-12-18 11:10:00-05:00,11
2025-12-18 16:11:00+00:00,BUY,MEC-A,2025-12-18 11:11:00-05:00,11
2025-12-18 16:12:00+00:00,BUY,MEC-A,2025-12-18 11:12:00-05:00,11
2025-12-18 16:13:00+00:00,BUY,MEC-A,2025-12-18 11:13:00-05:00,11
2025-12-18 16:15:00+00:00,BUY,MEC-A,2025-12-18 11:15:00-05:00,11
2025-12-18 16:17:00+00:00,BUY,MEC-A,2025-12-18 11:17:00-05:00,11
2025-12-18 16:19:00+00:00,BUY,MEC-A,2025-12-18 11:19:00-05:00,11
2025-12-18 16:20:00+00:00,BUY,MEC-A,2025-12-18 11:20:00-05:00,11
2025-12-18 16:25:00+00:00,BUY,MEC-A,2025-12-18 11:25:00-05:00,11
2025-12-18 16:26:00+00:00,BUY,MEC-A,2025-12-18 11:26:00-05:00,11
2025-12-18 16:28:00+00:00,SELL,MEC-A,2025-12-18 11:28:00-05:00,11
2025-12-18 16:32:00+00:00,SELL,MEC-A,2025-12-18 11:32:00-05:00,11
2025-12-18 16:45:00+00:00,SELL,MEC-A,2025-12-18 11:45:00-05:00,11
2025-12-18 16:50:00+00:00,SELL,MEC-A,2025-12-18 11:50:00-05:00,11
2025-12-18 16:52:00+00:00,SELL,MEC-A,2025-12-18 11:52:00-05:00,11
2025-12-18 16:54:00+00:00,SELL,MEC-A,2025-12-18 11:54:00-05:00,11
2025-12-18 17:01:00+00:00,SELL,MEC-A,2025-12-18 12:01:00-05:00,12
2025-12-18 17:03:00+00:00,SELL,MEC-A,2025-12-18 12:03:00-05:00,12
2025-12-18 17:04:00+00:00,SELL,MEC-A,2025-12-18 12:04:00-05:00,12
2025-12-18 17:05:00+00:00,SELL,MEC-A,2025-12-18 12:05:00-05:00,12
2025-12-18 17:06:00+00:00,SELL,MEC-A,2025-12-18 12:06:00-05:00,12
2025-12-18 17:08:00+00:00,SELL,MEC-A,2025-12-18 12:08:00-05:00,12
2025-12-18 17:09:00+00:00,SELL,MEC-A,2025-12-18 12:09:00-05:00,12
2025-12-18 17:16:00+00:00,SELL,MEC-A,2025-12-18 12:16:00-05:00,12
2025-12-18 17:18:00+00:00,BUY,MEC-A,2025-12-18 12:18:00-05:00,12
2025-12-18 17:21:00+00:00,BUY,MEC-A,2025-12-18 12:21:00-05:00,12
2025-12-18 17:28:00+00:00,BUY,MEC-A,2025-12-18 12:28:00-05:00,12
2025-12-18 17:31:00+00:00,BUY,MEC-A,2025-12-18 12:31:00-05:00,12
2025-12-18 17:32:00+00:00,BUY,MEC-A,2025-12-18 12:32:00-05:00,12
2025-12-18 17:34:00+00:00,BUY,MEC-A,2025-12-18 12:34:00-05:00,12
2025-12-18 17:37:00+00:00,BUY,MEC-A,2025-12-18 12:37:00-05:00,12
2025-12-18 17:40:00+00:00,BUY,MEC-A,2025-12-18 12:40:00-05:00,12
2025-12-18 17:44:00+00:00,BUY,MEC-A,2025-12-18 12:44:00-05:00,12
2025-12-18 18:06:00+00:00,BUY,MEC-A,2025-12-18 13:06:00-05:00,13
2025-12-18 18:07:00+00:00,BUY,MEC-A,2025-12-18 13:07:00-05:00,13
2025-12-18 18:11:00+00:00,BUY,MEC-A,2025-12-18 13:11:00-05:00,13
2025-12-18 18:13:00+00:00,BUY,MEC-A,2025-12-18 13:13:00-05:00,13
2025-12-18 18:16:00+00:00,BUY,MEC-A,2025-12-18 13:16:00-05:00,13
2025-12-18 18:31:00+00:00,BUY,MEC-A,2025-12-18 13:31:00-05:00,13
2025-12-18 18:32:00+00:00,BUY,MEC-A,2025-12-18 13:32:00-05:00,13
2025-12-18 18:35:00+00:00,BUY,MEC-A,2025-12-18 13:35:00-05:00,13
2025-12-18 18:36:00+00:00,BUY,MEC-A,2025-12-18 13:36:00-05:00,13
2025-12-18 18:48:00+00:00,SELL,MEC-A,2025-12-18 13:48:00-05:00,13
2025-12-18 18:52:00+00:00,SELL,MEC-A,2025-12-18 13:52:00-05:00,13
2025-12-18 18:54:00+00:00,SELL,MEC-A,2025-12-18 13:54:00-05:00,13
2025-12-18 19:00:00+00:00,SELL,MEC-A,2025-12-18 14:00:00-05:00,14
2025-12-18 19:01:00+00:00,SELL,MEC-A,2025-12-18 14:01:00-05:00,14
2025-12-18 19:03:00+00:00,SELL,MEC-A,2025-12-18 14:03:00-05:00,14
2025-12-18 19:10:00+00:00,BUY,MEC-A,2025-12-18 14:10:00-05:00,14
2025-12-18 19:21:00+00:00,BUY,MEC-A,2025-12-18 14:21:00-05:00,14
2025-12-18 19:43:00+00:00,SELL,MEC-A,2025-12-18 14:43:00-05:00,14
2025-12-18 19:47:00+00:00,SELL,MEC-A,2025-12-18 14:47:00-05:00,14
2025-12-18 19:50:00+00:00,SELL,MEC-A,2025-12-18 14:50:00-05:00,14
2025-12-18 19:52:00+00:00,SELL,MEC-A,2025-12-18 14:52:00-05:00,14
2025-12-18 19:55:00+00:00,SELL,MEC-A,2025-12-18 14:55:00-05:00,14
2025-12-18 20:05:00+00:00,BUY,MEC-A,2025-12-18 15:05:00-05:00,15
2025-12-18 20:10:00+00:00,BUY,MEC-A,2025-12-18 15:10:00-05:00,15
2025-12-18 20:16:00+00:00,SELL,MEC-A,2025-12-18 15:16:00-05:00,15
2025-12-18 20:28:00+00:00,SELL,MEC-A,2025-12-18 15:28:00-05:00,15
2025-12-18 20:33:00+00:00,BUY,MEC-A,2025-12-18 15:33:00-05:00,15
2025-12-18 20:34:00+00:00,BUY,MEC-A,2025-12-18 15:34:00-05:00,15
2025-12-18 20:36:00+00:00,BUY,MEC-A,2025-12-18 15:36:00-05:00,15
2025-12-18 20:37:00+00:00,BUY,MEC-A,2025-12-18 15:37:00-05:00,15
2025-12-18 20:40:00+00:00,BUY,MEC-A,2025-12-18 15:40:00-05:00,15
2025-12-18 20:46:00+00:00,BUY,MEC-A,2025-12-18 15:46:00-05:00,15
2025-12-18 20:49:00+00:00,BUY,MEC-A,2025-12-18 15:49:00-05:00,15
2025-12-18 20:56:00+00:00,BUY,MEC-A,2025-12-18 15:56:00-05:00,15
2025-12-18 20:58:00+00:00,BUY,MEC-A,2025-12-18 15:58:00-05:00,15
2025-12-18 21:02:00+00:00,SELL,MEC-A,2025-12-18 16:02:00-05:00,16
2025-12-18 21:20:00+00:00,SELL,MEC-A,2025-12-18 16:20:00-05:00,16
2025-12-18 21:33:00+00:00,SELL,MEC-A,2025-12-18 16:33:00-05:00,16
2025-12-18 21:35:00+00:00,SELL,MEC-A,2025-12-18 16:35:00-05:00,16
2025-12-18 21:36:00+00:00,SELL,MEC-A,2025-12-18 16:36:00-05:00,16
2025-12-18 21:53:00+00:00,BUY,MEC-A,2025-12-18 16:53:00-05:00,16
2025-12-18 23:02:00+00:00,BUY,MEC-A,2025-12-18 18:02:00-05:00,18
2025-12-18 23:07:00+00:00,BUY,MEC-A,2025-12-18 18:07:00-05:00,18
2025-12-18 23:28:00+00:00,SELL,MEC-A,2025-12-18 18:28:00-05:00,18
2025-12-18 23:48:00+00:00,BUY,MEC-A,2025-12-18 18:48:00-05:00,18
2025-12-18 23:53:00+00:00,BUY,MEC-A,2025-12-18 18:53:00-05:00,18
2025-12-18 23:54:00+00:00,BUY,MEC-A,2025-12-18 18:54:00-05:00,18
2025-12-18 23:56:00+00:00,BUY,MEC-A,2025-12-18 18:56:00-05:00,18
2025-12-19 00:05:00+00:00,SELL,MEC-A,2025-12-18 19:05:00-05:00,19
2025-12-19 00:10:00+00:00,SELL,MEC-A,2025-12-18 19:10:00-05:00,19
2025-12-19 00:14:00+00:00,SELL,MEC-A,2025-12-18 19:14:00-05:00,19
2025-12-19 00:16:00+00:00,SELL,MEC-A,2025-12-18 19:16:00-05:00,19
2025-12-19 00:17:00+00:00,SELL,MEC-A,2025-12-18 19:17:00-05:00,19
2025-12-19 00:28:00+00:00,SELL,MEC-A,2025-12-18 19:28:00-05:00,19
2025-12-19 00:31:00+00:00,SELL,MEC-A,2025-12-18 19:31:00-05:00,19
2025-12-19 00:32:00+00:00,SELL,MEC-A,2025-12-18 19:32:00-05:00,19
2025-12-19 00:41:00+00:00,SELL,MEC-A,2025-12-18 19:41:00-05:00,19
2025-12-19 00:42:00+00:00,SELL,MEC-A,2025-12-18 19:42:00-05:00,19
2025-12-19 00:46:00+00:00,SELL,MEC-A,2025-12-18 19:46:00-05:00,19
2025-12-19 00:51:00+00:00,SELL,MEC-A,2025-12-18 19:51:00-05:00,19
2025-12-19 00:58:00+00:00,SELL,MEC-A,2025-12-18 19:58:00-05:00,19
2025-12-19 00:59:00+00:00,SELL,MEC-A,2025-12-18 19:59:00-05:00,19
2025-12-19 01:00:00+00:00,SELL,MEC-A,2025-12-18 20:00:00-05:00,20
2025-12-19 01:03:00+00:00,SELL,MEC-A,2025-12-18 20:03:00-05:00,20
2025-12-19 01:09:00+00:00,SELL,MEC-A,2025-12-18 20:09:00-05:00,20
2025-12-19 01:16:00+00:00,BUY,MEC-A,2025-12-18 20:16:00-05:00,20
2025-12-19 01:20:00+00:00,SELL,MEC-A,2025-12-18 20:20:00-05:00,20
2025-12-19 01:22:00+00:00,SELL,MEC-A,2025-12-18 20:22:00-05:00,20
2025-12-19 01:23:00+00:00,SELL,MEC-A,2025-12-18 20:23:00-05:00,20
2025-12-19 01:24:00+00:00,SELL,MEC-A,2025-12-18 20:24:00-05:00,20
2025-12-19 01:28:00+00:00,SELL,MEC-A,2025-12-18 20:28:00-05:00,20
2025-12-19 01:34:00+00:00,SELL,MEC-A,2025-12-18 20:34:00-05:00,20
2025-12-19 01:38:00+00:00,BUY,MEC-A,2025-12-18 20:38:00-05:00,20
2025-12-19 01:41:00+00:00,BUY,MEC-A,2025-12-18 20:41:00-05:00,20
2025-12-19 01:45:00+00:00,BUY,MEC-A,2025-12-18 20:45:00-05:00,20
2025-12-19 01:50:00+00:00,BUY,MEC-A,2025-12-18 20:50:00-05:00,20
2025-12-19 01:51:00+00:00,BUY,MEC-A,2025-12-18 20:51:00-05:00,20
2025-12-19 01:53:00+00:00,BUY,MEC-A,2025-12-18 20:53:00-05:00,20
2025-12-19 01:56:00+00:00,BUY,MEC-A,2025-12-18 20:56:00-05:00,20
2025-12-19 16:11:00+00:00,SELL,MEC-A,2025-12-19 11:11:00-05:00,11
2025-12-19 16:13:00+00:00,SELL,MEC-A,2025-12-19 11:13:00-05:00,11
2025-12-19 16:14:00+00:00,SELL,MEC-A,2025-12-19 11:14:00-05:00,11
2025-12-19 16:19:00+00:00,SELL,MEC-A,2025-12-19 11:19:00-05:00,11
2025-12-19 16:31:00+00:00,BUY,MEC-A,2025-12-19 11:31:00-05:00,11
2025-12-19 16:36:00+00:00,BUY,MEC-A,2025-12-19 11:36:00-05:00,11
2025-12-19 16:51:00+00:00,BUY,MEC-A,2025-12-19 11:51:00-05:00,11
2025-12-19 16:57:00+00:00,BUY,MEC-A,2025-12-19 11:57:00-05:00,11
2025-12-19 16:59:00+00:00,BUY,MEC-A,2025-12-19 11:59:00-05:00,11
2025-12-19 17:03:00+00:00,BUY,MEC-A,2025-12-19 12:03:00-05:00,12
2025-12-19 17:07:00+00:00,BUY,MEC-A,2025-12-19 12:07:00-05:00,12
2025-12-19 17:11:00+00:00,BUY,MEC-A,2025-12-19 12:11:00-05:00,12
2025-12-19 17:14:00+00:00,SELL,MEC-A,2025-12-19 12:14:00-05:00,12
2025-12-19 17:22:00+00:00,SELL,MEC-A,2025-12-19 12:22:00-05:00,12
2025-12-19 17:25:00+00:00,BUY,MEC-A,2025-12-19 12:25:00-05:00,12
2025-12-19 17:37:00+00:00,BUY,MEC-A,2025-12-19 12:37:00-05:00,12
2025-12-19 17:39:00+00:00,BUY,MEC-A,2025-12-19 12:39:00-05:00,12
2025-12-19 17:42:00+00:00,BUY,MEC-A,2025-12-19 12:42:00-05:00,12
2025-12-19 17:46:00+00:00,BUY,MEC-A,2025-12-19 12:46:00-05:00,12
2025-12-19 17:47:00+00:00,BUY,MEC-A,2025-12-19 12:47:00-05:00,12
2025-12-19 17:49:00+00:00,BUY,MEC-A,2025-12-19 12:49:00-05:00,12
2025-12-19 17:54:00+00:00,BUY,MEC-A,2025-12-19 12:54:00-05:00,12
2025-12-19 18:03:00+00:00,SELL,MEC-A,2025-12-19 13:03:00-05:00,13
2025-12-19 18:26:00+00:00,BUY,MEC-A,2025-12-19 13:26:00-05:00,13
2025-12-19 18:30:00+00:00,SELL,MEC-A,2025-12-19 13:30:00-05:00,13
2025-12-19 18:36:00+00:00,SELL,MEC-A,2025-12-19 13:36:00-05:00,13
2025-12-19 18:38:00+00:00,SELL,MEC-A,2025-12-19 13:38:00-05:00,13
2025-12-19 18:40:00+00:00,SELL,MEC-A,2025-12-19 13:40:00-05:00,13
2025-12-19 18:42:00+00:00,SELL,MEC-A,2025-12-19 13:42:00-05:00,13
2025-12-19 18:45:00+00:00,SELL,MEC-A,2025-12-19 13:45:00-05:00,13
2025-12-19 18:55:00+00:00,SELL,MEC-A,2025-12-19 13:55:00-05:00,13
2025-12-19 19:00:00+00:00,SELL,MEC-A,2025-12-19 14:00:00-05:00,14
2025-12-19 19:04:00+00:00,BUY,MEC-A,2025-12-19 14:04:00-05:00,14
2025-12-19 19:11:00+00:00,SELL,MEC-A,2025-12-19 14:11:00-05:00,14
2025-12-19 19:13:00+00:00,SELL,MEC-A,2025-12-19 14:13:00-05:00,14
2025-12-19 19:21:00+00:00,SELL,MEC-A,2025-12-19 14:21:00-05:00,14
2025-12-19 19:25:00+00:00,SELL,MEC-A,2025-12-19 14:25:00-05:00,14
2025-12-19 19:30:00+00:00,SELL,MEC-A,2025-12-19 14:30:00-05:00,14
2025-12-19 19:35:00+00:00,BUY,MEC-A,2025-12-19 14:35:00-05:00,14
2025-12-19 19:52:00+00:00,BUY,MEC-A,2025-12-19 14:52:00-05:00,14
2025-12-19 19:59:00+00:00,SELL,MEC-A,2025-12-19 14:59:00-05:00,14
2025-12-19 20:01:00+00:00,SELL,MEC-A,2025-12-19 15:01:00-05:00,15
2025-12-19 20:12:00+00:00,SELL,MEC-A,2025-12-19 15:12:00-05:00,15
2025-12-19 20:17:00+00:00,SELL,MEC-A,2025-12-19 15:17:00-05:00,15
2025-12-19 20:24:00+00:00,BUY,MEC-A,2025-12-19 15:24:00-05:00,15
2025-12-19 20:26:00+00:00,BUY,MEC-A,2025-12-19 15:26:00-05:00,15
2025-12-19 20:29:00+00:00,BUY,MEC-A,2025-12-19 15:29:00-05:00,15
2025-12-19 20:39:00+00:00,SELL,MEC-A,2025-12-19 15:39:00-05:00,15
2025-12-19 20:40:00+00:00,SELL,MEC-A,2025-12-19 15:40:00-05:00,15
2025-12-19 20:42:00+00:00,SELL,MEC-A,2025-12-19 15:42:00-05:00,15
2025-12-19 20:45:00+00:00,SELL,MEC-A,2025-12-19 15:45:00-05:00,15
2025-12-19 20:47:00+00:00,SELL,MEC-A,2025-12-19 15:47:00-05:00,15
2025-12-19 20:53:00+00:00,SELL,MEC-A,2025-12-19 15:53:00-05:00,15
2025-12-19 20:54:00+00:00,SELL,MEC-A,2025-12-19 15:54:00-05:00,15
2025-12-19 21:26:00+00:00,SELL,MEC-A,2025-12-19 16:26:00-05:00,16
2025-12-19 21:30:00+00:00,SELL,MEC-A,2025-12-19 16:30:00-05:00,16
2025-12-19 21:37:00+00:00,BUY,MEC-A,2025-12-19 16:37:00-05:00,16
2025-12-19 21:41:00+00:00,BUY,MEC-A,2025-12-19 16:41:00-05:00,16
2025-12-19 21:48:00+00:00,BUY,MEC-A,2025-12-19 16:48:00-05:00,16
2025-12-19 21:53:00+00:00,BUY,MEC-A,2025-12-19 16:53:00-05:00,16
2025-12-19 21:57:00+00:00,BUY,MEC-A,2025-12-19 16:57:00-05:00,16
