time,open,high,low,close,n_ticks
2026-08-16 22:00:00+00:00,4378.7,4381.84,4374.475,4380.215,394
2026-08-16 22:01:00+00:00,4379.895,4380.084999999999,4374.915,4375.530000000001,294
2026-08-16 22:02:00+00:00,4375.605,4375.605,4372.225,4373.385,172
2026-08-16 22:03:00+00:00,4373.49,4374.45,4372.025,4373.799999999999,96
2026-08-16 22:04:00+00:00,4373.615,4374.26,4372.51,4372.9349999999995,97
2026-08-16 22:05:00+00:00,4372.98,4375.9349999999995,4372.675,4374.62,136
2026-08-16 22:06:00+00:00,4374.6,4375.005,4373.535,4373.655000000001,87
2026-08-16 22:07:00+00:00,4373.875,4374.295,4372.33,4373.255,97
2026-08-16 22:08:00+00:00,4373.385,4376.55,4373.075,4375.96,109
2026-08-16 22:09:00+00:00,4376.0599999999995,4376.985000000001,4375.33,4376.445,118
2026-08-16 22:10:00+00:00,4376.195,4377.995,4376.115,4377.469999999999,88
2026-08-16 22:11:00+00:00,4377.1,4377.88,4376.66,4377.3099999999995,58
2026-08-16 22:12:00+00:00,4377.415,4378.84,4375.679,4376.02,58
2026-08-16 22:13:00+00:00,4376.09,4376.105,4374.275,4375.695,68
2026-08-16 22:14:00+00:00,4375.8150000000005,4375.955,4374.8150000000005,4375.955,55
2026-08-16 22:15:00+00:00,4375.72,4375.995,4375.125,4375.360000000001,44
2026-08-16 22:16:00+00:00,4375.48,4375.62,4374.74,4374.86,43
2026-08-16 22:17:00+00:00,4375.08,4375.26,4373.76,4374.29,26
2026-08-16 22:18:00+00:00,4374.51,4374.69,4372.629999999999,4372.860000000001,81
2026-08-16 22:19:00+00:00,4372.985000000001,4374.285,4372.865,4373.780000000001,48
2026-08-16 22:20:00+00:00,4373.674999999999,4374.4,4373.495,4373.675,42
2026-08-16 22:21:00+00:00,4373.735,4374.015,4373.165,4373.745,45
2026-08-16 22:22:00+00:00,4373.639999999999,4374.17,4372.875,4373.6849999999995,50
2026-08-16 22:23:00+00:00,4373.53,4375.325,4373.53,4374.18,72
2026-08-16 22:24:00+00:00,4374.01,4374.715,4373.295,4373.455,56
2026-08-16 22:25:00+00:00,4373.17,4374.1900000000005,4372.97,4373.855,51
2026-08-16 22:26:00+00:00,4373.844999999999,4375.405000000001,4373.545,4374.68,49
2026-08-16 22:27:00+00:00,4374.575000000001,4375.4349999999995,4374.295,4374.645,43
2026-08-16 22:28:00+00:00,4374.625,4375.655,4374.52,4374.88,31
2026-08-16 22:29:00+00:00,4374.775,4375.025,4374.26,4374.9349999999995,50
2026-08-16 22:30:00+00:00,4375.105,4377.305,4375.0650000000005,4376.174999999999,77
2026-08-16 22:31:00+00:00,4376.33,4376.495,4375.395,4375.530000000001,42
2026-08-16 22:32:00+00:00,4375.674999999999,4377.355,4375.674999999999,4376.905000000001,51
2026-08-16 22:33:00+00:00,4377.01,4377.51,4376.395,4377.445,39
2026-08-16 22:34:00+00:00,4377.58,4378.395,4376.764999999999,4377.715,83
2026-08-16 22:35:00+00:00,4377.045,4377.495,4376.835,4377.125,48
2026-08-16 22:36:00+00:00,4377.255,4377.625,4376.995,4377.1,36
2026-08-16 22:37:00+00:00,4377.205,4377.985000000001,4376.835,4377.594999999999,53
2026-08-16 22:38:00+00:00,4377.450000000001,4377.715,4377.195,4377.715,37
2026-08-16 22:39:00+00:00,4377.575000000001,4379.040000000001,4377.424999999999,4378.879999999999,40
2026-08-16 22:40:00+00:00,4378.74,4378.9400000000005,4378.165,4378.385,42
2026-08-16 22:41:00+00:00,4378.389999999999,4378.875,4377.97,4378.205,33
2026-08-16 22:42:00+00:00,4378.344999999999,4378.775,4377.955,4378.47,16
2026-08-16 22:43:00+00:00,4378.27,4378.27,4377.035,4377.385,31
2026-08-16 22:44:00+00:00,4377.615,4378.255,4377.365,4378.094999999999,28
2026-08-16 22:45:00+00:00,4378.055,4379.16,4377.98,4378.885,47
2026-08-16 22:46:00+00:00,4378.775,4379.1849999999995,4378.049999999999,4379.045,37
2026-08-16 22:47:00+00:00,4379.355,4380.370000000001,4378.87,4379.745,113
2026-08-16 22:48:00+00:00,4379.75,4380.89,4379.5650000000005,4380.69,71
2026-08-16 22:49:00+00:00,4380.78,4381.38,4380.2,4380.674999999999,73
2026-08-16 22:50:00+00:00,4380.665,4381.58,4380.235000000001,4381.110000000001,49
2026-08-16 22:51:00+00:00,4380.93,4382.41,4380.93,4381.94,44
2026-08-16 22:52:00+00:00,4381.955,4382.74,4381.549999999999,4382.39,38
2026-08-16 22:53:00+00:00,4382.57,4384.635,4382.2,4383.85,80
2026-08-16 22:54:00+00:00,4383.72,4384.19,4382.98,4383.41,71
2026-08-16 22:55:00+00:00,4383.3,4384.01,4383.01,4383.82,44
2026-08-16 22:56:00+00:00,4383.67,4385.12,4382.84,4385.03,80
2026-08-16 22:57:00+00:00,4385.13,4385.16,4384.59,4384.64,33
2026-08-16 22:58:00+00:00,4384.79,4385.43,4384.79,4385.02,42
2026-08-16 22:59:00+00:00,4385.360000000001,4386.755,4385.125,4385.99,64
2026-08-16 23:00:00+00:00,4385.945,4386.16,4380.68,4381.07,144
2026-08-16 23:01:00+00:00,4381.215,4383.610000000001,4381.07,4383.610000000001,79
2026-08-16 23:02:00+00:00,4383.72,4384.9400000000005,4383.72,4384.845,48
2026-08-16 23:03:00+00:00,4384.76,4384.9,4384.05,4384.145,29
2026-08-16 23:04:00+00:00,4384.045,4384.245,4381.475,4382.235,45
2026-08-16 23:05:00+00:00,4382.32,4382.605,4381.33,4382.01,46
2026-08-16 23:06:00+00:00,4381.975,4382.335,4381.27,4381.575,42
2026-08-16 23:07:00+00:00,4381.93,4381.98,4381.4,4381.4,22
2026-08-16 23:08:00+00:00,4381.365,4382.24,4381.110000000001,4381.82,29
2026-08-16 23:09:00+00:00,4381.719999999999,4383.075,4381.719999999999,4383.075,20
2026-08-16 23:10:00+00:00,4383.1900000000005,4383.21,4382.475,4382.795,29
2026-08-16 23:11:00+00:00,4382.695,4383.375,4382.43,4382.975,39
2026-08-16 23:12:00+00:00,4383.04,4383.25,4381.33,4382.205,55
2026-08-16 23:13:00+00:00,4381.915,4382.155,4381.280000000001,4381.485,25
2026-08-16 23:14:00+00:00,4381.595,4381.595,4379.585,4379.695,25
2026-08-16 23:15:00+00:00,4379.889999999999,4380.46,4379.675,4379.780000000001,47
2026-08-16 23:16:00+00:00,4379.655,4380.4,4379.655,4380.295,35
2026-08-16 23:17:00+00:00,4380.575,4381.305,4380.275,4380.8150000000005,36
2026-08-16 23:18:00+00:00,4380.675,4380.719999999999,4378.555,4379.485,75
2026-08-16 23:19:00+00:00,4379.735,4380.0599999999995,4379.045,4380.0599999999995,28
2026-08-16 23:20:00+00:00,4379.925,4380.125,4378.969999999999,4379.875,77
2026-08-16 23:21:00+00:00,4379.870000000001,4380.79,4379.07,4379.92,50
2026-08-16 23:22:00+00:00,4379.75,4379.860000000001,4375.1849999999995,4375.695,79
2026-08-16 23:23:00+00:00,4375.82,4377.014999999999,4375.63,4376.305,69
2026-08-16 23:24:00+00:00,4376.205,4376.45,4375.785,4376.055,38
2026-08-16 23:25:00+00:00,4375.93,4376.605,4374.13,4375.28,88
2026-08-16 23:26:00+00:00,4375.15,4376.665,4375.15,4376.485,40
2026-08-16 23:27:00+00:00,4376.335,4376.575,4375.77,4376.16,43
2026-08-16 23:28:00+00:00,4376.055,4376.055,4374.18,4374.1849999999995,41
2026-08-16 23:29:00+00:00,4374.355,4374.889999999999,4372.82,4374.805,58
2026-08-16 23:30:00+00:00,4374.955,4375.025,4373.17,4373.889999999999,74
2026-08-16 23:31:00+00:00,4374.07,4375.459999999999,4374.07,4374.620000000001,50
2026-08-16 23:32:00+00:00,4374.455,4374.950000000001,4370.145,4372.425,127
2026-08-16 23:33:00+00:00,4372.775,4373.285,4370.0,4370.805,94
2026-08-16 23:34:00+00:00,4370.695,4371.5,4370.695,4371.125,42
2026-08-16 23:35:00+00:00,4371.1,4371.91,4368.6849999999995,4368.8150000000005,101
2026-08-16 23:36:00+00:00,4368.945,4369.25,4367.475,4368.505,84
2026-08-16 23:37:00+00:00,4368.47,4368.645,4367.26,4368.295,54
2026-08-16 23:38:00+00:00,4368.415,4369.844999999999,4368.15,4369.705,58
2026-08-16 23:39:00+00:00,4369.845,4371.85,4369.845,4370.465,72
2026-08-16 23:40:00+00:00,4370.445,4370.445,4368.21,4369.1,61
2026-08-16 23:41:00+00:00,4369.09,4369.145,4367.975,4368.635,45
2026-08-16 23:42:00+00:00,4368.675,4369.4349999999995,4368.365,4369.27,37
2026-08-16 23:43:00+00:00,4369.145,4369.469999999999,4368.360000000001,4369.18,30
2026-08-16 23:44:00+00:00,4369.075000000001,4369.299999999999,4368.66,4368.66,29
2026-08-16 23:45:00+00:00,4368.65,4370.7,4368.545,4370.615,66
2026-08-16 23:46:00+00:00,4370.764999999999,4372.3099999999995,4370.57,4372.16,91
2026-08-16 23:47:00+00:00,4372.1900000000005,4372.38,4371.504999999999,4372.16,104
2026-08-16 23:48:00+00:00,4371.95,4374.025,4371.8099999999995,4373.55,69
2026-08-16 23:49:00+00:00,4373.445,4373.445,4371.945,4372.045,37
2026-08-16 23:50:00+00:00,4372.370000000001,4373.04,4371.585,4371.755,51
2026-08-16 23:51:00+00:00,4371.575,4372.54,4370.82,4371.6,64
2026-08-16 23:52:00+00:00,4371.77,4372.61,4371.38,4371.65,43
2026-08-16 23:53:00+00:00,4371.87,4372.53,4371.3,4371.79,45
2026-08-16 23:54:00+00:00,4371.69,4372.35,4371.24,4372.07,47
2026-08-16 23:55:00+00:00,4372.17,4372.24,4370.47,4371.42,73
2026-08-16 23:56:00+00:00,4371.31,4371.6,4370.41,4371.38,44
2026-08-16 23:57:00+00:00,4371.53,4372.45,4371.31,4372.45,34
2026-08-16 23:58:00+00:00,4372.35,4372.43,4369.755,4370.705,101
2026-08-16 23:59:00+00:00,4370.465,4371.21,4370.245,4370.5,101
2026-08-17 00:00:00+00:00,4370.635,4372.265,4367.99,4369.299999999999,251
2026-08-17 00:01:00+00:00,4369.4400000000005,4370.01,4368.139999999999,4370.01,121
2026-08-17 00:02:00+00:00,4370.09,4374.165,4369.155,4373.605,187
2026-08-17 00:03:00+00:00,4373.889999999999,4374.17,4372.51,4373.395,137
2026-08-17 00:04:00+00:00,4373.105,4376.155,4372.745,4375.030000000001,165
2026-08-17 00:05:00+00:00,4374.825000000001,4375.615,4372.545,4373.355,165
2026-08-17 00:06:00+00:00,4373.465,4374.5,4372.42,4373.2,127
2026-08-17 00:07:00+00:00,4373.09,4374.74,4372.92,4374.5650000000005,94
2026-08-17 00:08:00+00:00,4374.76,4375.945,4374.58,4375.77,104
2026-08-17 00:09:00+00:00,4375.4349999999995,4375.780000000001,4372.145,4372.445,104
2026-08-17 00:10:00+00:00,4372.5650000000005,4375.85,4372.35,4375.85,93
2026-08-17 00:11:00+00:00,4375.745,4378.86,4375.51,4376.23,178
2026-08-17 00:12:00+00:00,4376.1,4379.549999999999,4375.88,4379.375,121
2026-08-17 00:13:00+00:00,4379.275,4379.43,4377.295,4377.67,95
2026-08-17 00:14:00+00:00,4377.895,4379.21,4376.735,4378.84,70
2026-08-17 00:15:00+00:00,4378.67,4379.55,4378.44,4379.55,88
2026-08-17 00:16:00+00:00,4379.58,4382.24,4378.88,4381.96,133
2026-08-17 00:17:00+00:00,4381.76,4386.58,4381.73,4386.085,160
2026-08-17 00:18:00+00:00,4385.969999999999,4387.67,4385.17,4385.71,193
2026-08-17 00:19:00+00:00,4385.605,4385.605,4383.915,4384.92,130
2026-08-17 00:20:00+00:00,4384.8150000000005,4388.625,4384.5650000000005,4387.615,189
2026-08-17 00:21:00+00:00,4387.465,4388.165,4386.639999999999,4387.09,85
2026-08-17 00:22:00+00:00,4386.975,4387.3150000000005,4384.995,4384.995,77
2026-08-17 00:23:00+00:00,4384.895,4385.085,4384.085,4384.735000000001,97
2026-08-17 00:24:00+00:00,4384.625,4387.36,4384.625,4387.01,111
2026-08-17 00:25:00+00:00,4386.959999999999,4388.23,4386.545,4387.855,92
2026-08-17 00:26:00+00:00,4387.755,4389.465,4387.625,4388.46,123
2026-08-17 00:27:00+00:00,4388.355,4388.77,4386.8099999999995,4388.625,82
2026-08-17 00:28:00+00:00,4388.505,4391.139999999999,4388.465,4390.265,116
2026-08-17 00:29:00+00:00,4390.125,4391.125,4389.76,4390.015,88
2026-08-17 00:30:00+00:00,4389.905,4391.645,4389.31,4391.415,104
2026-08-17 00:31:00+00:00,4391.605,4393.325,4391.0650000000005,4393.045,147
2026-08-17 00:32:00+00:00,4392.925,4394.7,4392.74,4393.77,122
2026-08-17 00:33:00+00:00,4393.66,4393.98,4392.37,4393.61,90
2026-08-17 00:34:00+00:00,4393.594999999999,4393.635,4392.12,4392.77,94
2026-08-17 00:35:00+00:00,4393.01,4393.3,4391.655000000001,4392.115,64
2026-08-17 00:36:00+00:00,4392.23,4392.605,4390.395,4390.66,88
2026-08-17 00:37:00+00:00,4390.76,4391.025,4388.74,4389.15,92
2026-08-17 00:38:00+00:00,4389.045,4389.755,4388.705,4389.17,44
2026-08-17 00:39:00+00:00,4389.27,4390.135,4388.780000000001,4389.33,85
2026-08-17 00:40:00+00:00,4389.219999999999,4389.795,4387.79,4388.1849999999995,96
2026-08-17 00:41:00+00:00,4387.995,4390.195,4387.5,4390.165,124
2026-08-17 00:42:00+00:00,4390.370000000001,4390.924999999999,4389.76,4390.495,104
2026-08-17 00:43:00+00:00,4390.305,4392.77,4390.16,4392.605,94
2026-08-17 00:44:00+00:00,4392.545,4397.645,4392.055,4396.025,208
2026-08-17 00:45:00+00:00,4395.735,4396.215,4394.45,4395.0,104
2026-08-17 00:46:00+00:00,4394.895,4396.48,4394.47,4395.4,130
2026-08-17 00:47:00+00:00,4395.26,4396.705,4394.93,4396.18,89
2026-08-17 00:48:00+00:00,4395.9349999999995,4396.735000000001,4395.215,4396.115,99
2026-08-17 00:49:00+00:00,4396.24,4396.605,4394.9,4395.85,84
2026-08-17 00:50:00+00:00,4395.889999999999,4397.535,4395.45,4396.4,127
2026-08-17 00:51:00+00:00,4396.52,4396.71,4394.860000000001,4395.889999999999,111
2026-08-17 00:52:00+00:00,4396.09,4399.04,4395.9,4398.0599999999995,162
2026-08-17 00:53:00+00:00,4397.9400000000005,4398.545,4397.264999999999,4397.995,113
2026-08-17 00:54:00+00:00,4397.625,4398.5599999999995,4397.155000000001,4398.3,100
2026-08-17 00:55:00+00:00,4398.29,4398.53,4397.765,4398.01,95
2026-08-17 00:56:00+00:00,4398.14,4398.565,4397.83,4398.395,86
2026-08-17 00:57:00+00:00,4398.389999999999,4401.3,4397.505,4399.65,142
2026-08-17 00:58:00+00:00,4399.385,4402.32,4398.110000000001,4402.0,197
2026-08-17 00:59:00+00:00,4401.95,4401.95,4399.08,4400.885,200
2026-08-17 01:00:00+00:00,4401.025,4407.415,4399.605,4403.21,491
2026-08-17 01:01:00+00:00,4403.17,4405.525,4399.25,4404.625,448
2026-08-17 01:02:00+00:00,4405.04,4407.355,4401.27,4402.9349999999995,425
2026-08-17 01:03:00+00:00,4403.005,4406.504999999999,4402.17,4406.44,387
2026-08-17 01:04:00+00:00,4406.43,4409.29,4405.645,4407.985000000001,436
2026-08-17 01:05:00+00:00,4407.924999999999,4408.695,4405.3099999999995,4405.715,333
2026-08-17 01:06:00+00:00,4405.555,4410.615,4405.5,4410.03,341
2026-08-17 01:07:00+00:00,4409.995,4411.595,4409.605,4411.335,298
2026-08-17 01:08:00+00:00,4411.21,4412.139999999999,4409.27,4409.81,253
2026-08-17 01:09:00+00:00,4409.92,4410.195,4406.98,4407.13,201
2026-08-17 01:10:00+00:00,4407.139999999999,4407.280000000001,4404.575000000001,4406.23,253
2026-08-17 01:11:00+00:00,4406.46,4407.785,4404.38,4406.325,216
2026-08-17 01:12:00+00:00,4406.235,4407.67,4405.485,4405.995,177
2026-08-17 01:13:00+00:00,4406.0,4410.799999999999,4405.89,4410.695,206
2026-08-17 01:14:00+00:00,4410.71,4411.98,4409.27,4409.27,301
2026-08-17 01:15:00+00:00,4409.175,4410.15,4407.82,4408.055,288
2026-08-17 01:16:00+00:00,4408.07,4408.625,4406.21,4406.36,367
2026-08-17 01:17:00+00:00,4406.735,4409.91,4406.5,4409.445,318
2026-08-17 01:18:00+00:00,4409.34,4410.6,4407.64,4408.040000000001,266
2026-08-17 01:19:00+00:00,4408.21,4409.38,4407.895,4408.18,291
2026-08-17 01:20:00+00:00,4407.945,4410.22,4407.795,4409.415,300
2026-08-17 01:21:00+00:00,4409.27,4411.2,4408.785,4409.925,270
2026-08-17 01:22:00+00:00,4409.91,4412.785,4409.325000000001,4412.575,279
2026-08-17 01:23:00+00:00,4412.6,4415.049999999999,4412.29,4415.049999999999,305
2026-08-17 01:24:00+00:00,4414.995,4416.629999999999,4412.27,4412.59,321
2026-08-17 01:25:00+00:00,4412.74,4414.6775,4412.055,4413.035,271
2026-08-17 01:26:00+00:00,4412.844999999999,4413.215,4407.99,4408.719999999999,285
2026-08-17 01:27:00+00:00,4408.75,4410.485000000001,4408.045,4409.535,218
2026-08-17 01:28:00+00:00,4409.325,4409.415,4408.275,4408.639999999999,180
2026-08-17 01:29:00+00:00,4408.585,4409.15,4406.49,4407.34,206
2026-08-17 01:30:00+00:00,4407.305,4408.1900000000005,4405.525,4405.885,238
2026-08-17 01:31:00+00:00,4405.889999999999,4406.674999999999,4404.725,4405.85,246
2026-08-17 01:32:00+00:00,4406.01,4407.365,4404.165,4406.9349999999995,243
2026-08-17 01:33:00+00:00,4407.05,4407.61,4403.69,4403.84,227
2026-08-17 01:34:00+00:00,4403.48,4403.53,4401.525,4402.365,274
2026-08-17 01:35:00+00:00,4402.395,4402.895,4399.79,4402.67,268
2026-08-17 01:36:00+00:00,4402.755,4403.36,4399.49,4401.4349999999995,224
2026-08-17 01:37:00+00:00,4401.66,4402.405,4400.174999999999,4400.174999999999,225
2026-08-17 01:38:00+00:00,4400.264999999999,4400.65,4399.005,4400.045,195
2026-08-17 01:39:00+00:00,4400.035,4401.635,4399.61,4400.6849999999995,203
2026-08-17 01:40:00+00:00,4400.785,4401.44,4400.115,4400.555,160
2026-08-17 01:41:00+00:00,4400.610000000001,4401.139999999999,4397.71,4397.71,223
2026-08-17 01:42:00+00:00,4397.924999999999,4401.29,4397.735000000001,4400.71,261
2026-08-17 01:43:00+00:00,4400.63,4401.855,4400.139999999999,4400.525,166
2026-08-17 01:44:00+00:00,4400.35,4403.860000000001,4399.365,4403.860000000001,237
2026-08-17 01:45:00+00:00,4403.715,4404.110000000001,4400.17,4400.17,208
2026-08-17 01:46:00+00:00,4400.375,4400.705,4399.155,4400.115,206
2026-08-17 01:47:00+00:00,4399.6849999999995,4400.139999999999,4397.014999999999,4397.27,248
2026-08-17 01:48:00+00:00,4397.459999999999,4398.0599999999995,4395.645,4396.01,235
2026-08-17 01:49:00+00:00,4395.9400000000005,4396.959999999999,4394.36,4395.39,228
2026-08-17 01:50:00+00:00,4395.28,4395.28,4392.215,4394.84,251
2026-08-17 01:51:00+00:00,4394.85,4394.99,4392.96,4394.195,211
2026-08-17 01:52:00+00:00,4394.1900000000005,4396.675,4394.12,4395.825,188
2026-08-17 01:53:00+00:00,4395.98,4399.1,4395.674999999999,4396.88,217
2026-08-17 01:54:00+00:00,4396.9349999999995,4397.7,4396.125,4397.575000000001,171
2026-08-17 01:55:00+00:00,4397.445,4397.485000000001,4395.775,4396.305,246
2026-08-17 01:56:00+00:00,4396.24,4396.635,4394.615,4394.845,225
2026-08-17 01:57:00+00:00,4394.885,4395.43,4393.16,4394.705,178
2026-08-17 01:58:00+00:00,4394.6900000000005,4395.855,4394.49,4395.855,130
2026-08-17 01:59:00+00:00,4395.83,4396.24,4394.87,4395.665,118
2026-08-17 02:00:00+00:00,4395.77,4397.05,4395.07,4396.21,238
2026-08-17 02:01:00+00:00,4396.35,4398.450000000001,4395.74,4397.39,177
2026-08-17 02:02:00+00:00,4397.24,4398.05,4396.49,4396.6849999999995,112
2026-08-17 02:03:00+00:00,4396.719999999999,4396.719999999999,4394.8,4395.9400000000005,215
2026-08-17 02:04:00+00:00,4395.92,4396.71,4395.075,4395.895,190
2026-08-17 02:05:00+00:00,4395.65,4397.37,4395.61,4396.52,227
2026-08-17 02:06:00+00:00,4396.46,4397.095,4393.075,4393.915,288
2026-08-17 02:07:00+00:00,4393.37,4395.01,4392.719999999999,4393.585,258
2026-08-17 02:08:00+00:00,4393.595,4396.09,4392.705,4396.075,198
2026-08-17 02:09:00+00:00,4395.97,4396.34,4395.075,4395.51,156
2026-08-17 02:10:00+00:00,4395.025,4395.365,4392.71,4392.945,160
2026-08-17 02:11:00+00:00,4393.06,4395.035,4392.755,4394.795,169
2026-08-17 02:12:00+00:00,4394.63,4395.44,4393.3099999999995,4393.51,134
2026-08-17 02:13:00+00:00,4393.505,4394.75,4392.95,4394.15,166
2026-08-17 02:14:00+00:00,4394.45,4395.045,4393.61,4394.3,137
2026-08-17 02:15:00+00:00,4394.200000000001,4394.41,4392.54,4393.52,137
2026-08-17 02:16:00+00:00,4393.19,4395.87,4393.11,4395.835,157
2026-08-17 02:17:00+00:00,4395.41,4395.855,4394.05,4394.35,160
2026-08-17 02:18:00+00:00,4394.16,4394.27,4392.495,4394.2,137
2026-08-17 02:19:00+00:00,4394.24,4395.35,4393.6849999999995,4393.81,116
2026-08-17 02:20:00+00:00,4393.64,4394.145,4392.135,4393.17,118
2026-08-17 02:21:00+00:00,4393.139999999999,4393.139999999999,4390.02,4391.085,213
2026-08-17 02:22:00+00:00,4390.99,4392.255,4390.915,4392.255,126
2026-08-17 02:23:00+00:00,4392.389999999999,4395.2,4392.195,4394.81,172
2026-08-17 02:24:00+00:00,4394.735,4395.285,4393.76,4394.92,139
2026-08-17 02:25:00+00:00,4394.855,4395.67,4394.5650000000005,4395.365,114
2026-08-17 02:26:00+00:00,4395.595,4397.205,4395.195,4396.765,172
2026-08-17 02:27:00+00:00,4396.665,4397.51,4395.87,4397.26,125
2026-08-17 02:28:00+00:00,4397.1900000000005,4397.1900000000005,4396.425,4396.575,57
2026-08-17 02:29:00+00:00,4396.635,4396.74,4394.91,4395.49,97
2026-08-17 02:30:00+00:00,4395.665,4397.845,4395.295,4396.66,300
2026-08-17 02:31:00+00:00,4396.54,4398.08,4395.594999999999,4397.17,207
2026-08-17 02:32:00+00:00,4397.030000000001,4397.92,4396.610000000001,4397.110000000001,176
2026-08-17 02:33:00+00:00,4397.01,4397.450000000001,4392.365,4394.17,242
2026-08-17 02:34:00+00:00,4394.094999999999,4394.725,4392.135,4392.98,215
2026-08-17 02:35:00+00:00,4392.84,4394.905,4391.88,4394.415,226
2026-08-17 02:36:00+00:00,4394.43,4394.75,4393.225,4393.85,181
2026-08-17 02:37:00+00:00,4393.74,4395.5599999999995,4393.43,4395.285,140
2026-08-17 02:38:00+00:00,4395.27,4395.405000000001,4392.735000000001,4393.33,201
2026-08-17 02:39:00+00:00,4393.23,4394.245,4391.715,4392.33,218
2026-08-17 02:40:00+00:00,4392.345,4392.345,4389.9,4391.63,240
2026-08-17 02:41:00+00:00,4391.75,4394.18,4391.09,4393.6,154
2026-08-17 02:42:00+00:00,4393.68,4394.82,4392.98,4393.45,176
2026-08-17 02:43:00+00:00,4393.610000000001,4395.085,4393.485000000001,4394.6849999999995,171
2026-08-17 02:44:00+00:00,4394.545,4395.085,4392.915,4393.135,131
2026-08-17 02:45:00+00:00,4392.995,4393.205,4390.58,4391.475,211
2026-08-17 02:46:00+00:00,4391.459999999999,4393.415,4391.459999999999,4392.715,140
2026-08-17 02:47:00+00:00,4392.635,4392.84,4391.475,4392.620000000001,155
2026-08-17 02:48:00+00:00,4392.48,4392.945,4391.33,4391.57,159
2026-08-17 02:49:00+00:00,4391.59,4391.96,4390.889999999999,4391.625,133
2026-08-17 02:50:00+00:00,4391.44,4391.98,4390.975,4391.98,163
2026-08-17 02:51:00+00:00,4392.01,4392.655,4391.38,4391.465,140
2026-08-17 02:52:00+00:00,4391.485,4391.6849999999995,4390.18,4391.405,164
2026-08-17 02:53:00+00:00,4391.46,4391.785,4390.8099999999995,4390.895,128
2026-08-17 02:54:00+00:00,4390.86,4391.24,4390.235,4390.51,146
2026-08-17 02:55:00+00:00,4390.385,4390.745,4388.4349999999995,4389.17,199
2026-08-17 02:56:00+00:00,4389.045,4392.71,4389.045,4392.335,173
2026-08-17 02:57:00+00:00,4392.175,4393.415,4391.785,4392.38,144
2026-08-17 02:58:00+00:00,4392.26,4393.575,4391.95,4392.165,122
2026-08-17 02:59:00+00:00,4392.045,4393.46,4391.73,4393.280000000001,143
2026-08-17 03:00:00+00:00,4393.395,4395.025,4393.395,4394.045,192
2026-08-17 03:01:00+00:00,4394.095,4394.610000000001,4393.58,4394.095,139
2026-08-17 03:02:00+00:00,4394.21,4394.755,4392.785,4393.645,148
2026-08-17 03:03:00+00:00,4393.655000000001,4394.47,4392.42,4393.305,158
2026-08-17 03:04:00+00:00,4393.29,4393.33,4392.465,4392.775,124
2026-08-17 03:05:00+00:00,4392.74,4393.610000000001,4392.155,4392.3,131
2026-08-17 03:06:00+00:00,4392.175,4393.9,4392.16,4392.639999999999,115
2026-08-17 03:07:00+00:00,4392.895,4394.030000000001,4392.01,4393.764999999999,115
2026-08-17 03:08:00+00:00,4393.870000000001,4394.005,4391.73,4392.43,115
2026-08-17 03:09:00+00:00,4392.45,4392.514999999999,4389.24,4389.81,171
2026-08-17 03:10:00+00:00,4389.82,4391.64,4389.695,4390.885,123
2026-08-17 03:11:00+00:00,4390.785,4391.01,4388.695,4388.995,143
2026-08-17 03:12:00+00:00,4389.05,4389.485,4388.865,4389.264999999999,85
2026-08-17 03:13:00+00:00,4389.200000000001,4390.389999999999,4388.865,4389.34,147
2026-08-17 03:14:00+00:00,4389.265,4390.370000000001,4389.110000000001,4390.355,142
2026-08-17 03:15:00+00:00,4390.485000000001,4390.525,4388.095,4389.17,150
2026-08-17 03:16:00+00:00,4389.280000000001,4390.0650000000005,4388.165,4390.0650000000005,152
2026-08-17 03:17:00+00:00,4389.96,4391.18,4389.345,4390.365,143
2026-08-17 03:18:00+00:00,4390.385,4390.9349999999995,4389.715,4389.98,103
2026-08-17 03:19:00+00:00,4390.105,4391.110000000001,4389.9,4390.68,113
2026-08-17 03:20:00+00:00,4390.915,4391.6849999999995,4390.445,4391.285,112
2026-08-17 03:21:00+00:00,4391.23,4391.3150000000005,4389.969999999999,4390.4349999999995,147
2026-08-17 03:22:00+00:00,4390.45,4391.775,4390.110000000001,4390.69,104
2026-08-17 03:23:00+00:00,4390.59,4391.61,4389.75,4391.08,126
2026-08-17 03:24:00+00:00,4391.24,4391.36,4390.195,4390.58,100
2026-08-17 03:25:00+00:00,4390.545,4390.81,4389.719999999999,4390.25,120
2026-08-17 03:26:00+00:00,4390.49,4390.924999999999,4388.969999999999,4389.0,142
2026-08-17 03:27:00+00:00,4389.105,4389.65,4388.655000000001,4389.34,123
2026-08-17 03:28:00+00:00,4389.48,4390.875,4388.66,4390.780000000001,135
2026-08-17 03:29:00+00:00,4390.87,4394.03,4390.67,4393.145,167
2026-08-17 03:30:00+00:00,4393.04,4393.275,4391.3,4391.53,144
2026-08-17 03:31:00+00:00,4391.65,4394.16,4391.32,4393.795,164
2026-08-17 03:32:00+00:00,4393.885,4395.615,4393.110000000001,4395.18,143
2026-08-17 03:33:00+00:00,4395.26,4395.305,4394.205,4394.595,109
2026-08-17 03:34:00+00:00,4394.71,4395.219999999999,4393.610000000001,4394.95,109
2026-08-17 03:35:00+00:00,4394.485000000001,4394.719999999999,4393.115,4393.98,88
2026-08-17 03:36:00+00:00,4394.005,4394.005,4392.5650000000005,4393.215,91
2026-08-17 03:37:00+00:00,4393.37,4394.424999999999,4393.219999999999,4393.855,75
2026-08-17 03:38:00+00:00,4393.754999999999,4395.280000000001,4393.69,4393.8099999999995,112
2026-08-17 03:39:00+00:00,4394.004999999999,4394.585,4393.375,4393.645,69
2026-08-17 03:40:00+00:00,4393.88,4395.385,4393.88,4395.385,95
2026-08-17 03:41:00+00:00,4395.275,4396.025,4394.775,4395.295,92
2026-08-17 03:42:00+00:00,4395.21,4397.16,4394.99,4396.844999999999,128
2026-08-17 03:43:00+00:00,4396.83,4397.25,4396.03,4396.95,125
2026-08-17 03:44:00+00:00,4397.04,4397.21,4394.969999999999,4395.0650000000005,113
2026-08-17 03:45:00+00:00,4394.995,4395.870000000001,4393.605,4393.805,143
2026-08-17 03:46:00+00:00,4393.785,4394.925,4393.55,4394.54,109
2026-08-17 03:47:00+00:00,4394.4,4394.84,4393.594999999999,4393.6900000000005,71
2026-08-17 03:48:00+00:00,4393.5599999999995,4394.43,4392.82,4393.63,83
2026-08-17 03:49:00+00:00,4393.74,4395.25,4393.450000000001,4394.93,61
2026-08-17 03:50:00+00:00,4395.06,4395.285,4394.365,4394.985,70
2026-08-17 03:51:00+00:00,4394.83,4395.26,4394.21,4394.21,84
2026-08-17 03:52:00+00:00,4394.335,4395.225,4394.17,4394.674999999999,73
2026-08-17 03:53:00+00:00,4394.76,4395.165,4394.49,4394.82,57
2026-08-17 03:54:00+00:00,4394.9,4395.5,4394.775,4395.129999999999,83
2026-08-17 03:55:00+00:00,4395.055,4395.79,4394.48,4394.48,81
2026-08-17 03:56:00+00:00,4394.6,4395.389999999999,4394.27,4394.280000000001,71
2026-08-17 03:57:00+00:00,4394.175,4395.19,4394.01,4395.085,80
2026-08-17 03:58:00+00:00,4395.3150000000005,4397.19,4395.17,4397.19,102
2026-08-17 03:59:00+00:00,4397.08,4397.925,4396.95,4396.995,96
2026-08-17 04:00:00+00:00,4397.09,4397.6,4396.52,4396.89,110
2026-08-17 04:01:00+00:00,4396.99,4398.264999999999,4396.86,4397.605,105
2026-08-17 04:02:00+00:00,4397.55,4399.64,4396.59,4396.59,155
2026-08-17 04:03:00+00:00,4396.5,4398.175,4396.5,4397.65,89
2026-08-17 04:04:00+00:00,4397.76,4398.014999999999,4397.424999999999,4397.67,50
2026-08-17 04:05:00+00:00,4397.84,4398.63,4396.975,4396.975,75
2026-08-17 04:06:00+00:00,4396.9400000000005,4398.72,4396.66,4398.11,110
2026-08-17 04:07:00+00:00,4398.3,4398.77,4397.65,4397.79,90
2026-08-17 04:08:00+00:00,4397.78,4398.605,4396.69,4398.085,124
2026-08-17 04:09:00+00:00,4397.620000000001,4398.555,4397.28,4397.860000000001,94
2026-08-17 04:10:00+00:00,4398.03,4399.36,4397.13,4399.3099999999995,121
2026-08-17 04:11:00+00:00,4399.1,4399.38,4397.99,4397.99,78
2026-08-17 04:12:00+00:00,4398.0,4399.7,4398.0,4399.3,81
2026-08-17 04:13:00+00:00,4399.19,4399.3150000000005,4398.305,4398.81,76
2026-08-17 04:14:00+00:00,4398.7,4399.33,4398.129999999999,4398.32,76
2026-08-17 04:15:00+00:00,4398.325,4399.04,4398.17,4398.17,68
2026-08-17 04:16:00+00:00,4398.28,4398.805,4397.3,4397.92,98
2026-08-17 04:17:00+00:00,4397.889999999999,4398.58,4397.02,4397.71,111
2026-08-17 04:18:00+00:00,4397.825,4397.825,4396.665,4396.89,103
2026-08-17 04:19:00+00:00,4396.98,4397.645,4396.695,4397.23,67
2026-08-17 04:20:00+00:00,4397.25,4397.25,4395.54,4395.83,80
2026-08-17 04:21:00+00:00,4395.67,4395.92,4392.895,4393.58,145
2026-08-17 04:22:00+00:00,4393.655,4395.215,4393.655,4394.82,98
2026-08-17 04:23:00+00:00,4395.03,4395.625,4393.65,4393.73,73
2026-08-17 04:24:00+00:00,4393.555,4394.415,4393.325,4393.96,86
2026-08-17 04:25:00+00:00,4394.085,4394.11,4392.445,4393.505,76
2026-08-17 04:26:00+00:00,4393.5650000000005,4393.895,4393.13,4393.25,60
2026-08-17 04:27:00+00:00,4393.245,4393.860000000001,4393.045,4393.15,66
2026-08-17 04:28:00+00:00,4393.1,4393.3099999999995,4390.105,4391.175,140
2026-08-17 04:29:00+00:00,4391.02,4391.725,4390.38,4390.9349999999995,98
2026-08-17 04:30:00+00:00,4391.0650000000005,4391.645,4390.0650000000005,4390.34,97
2026-08-17 04:31:00+00:00,4390.485000000001,4390.719999999999,4389.03,4389.55,73
2026-08-17 04:32:00+00:00,4389.535,4390.275,4388.9400000000005,4390.08,69
2026-08-17 04:33:00+00:00,4389.870000000001,4391.335,4389.635,4391.219999999999,76
2026-08-17 04:34:00+00:00,4391.285,4392.165,4390.9,4392.02,105
2026-08-17 04:35:00+00:00,4392.07,4392.07,4390.09,4390.844999999999,104
2026-08-17 04:36:00+00:00,4390.735000000001,4391.245,4390.4,4391.245,62
2026-08-17 04:37:00+00:00,4391.200000000001,4392.365,4391.105,4392.295,106
2026-08-17 04:38:00+00:00,4392.145,4393.945,4392.09,4392.245,126
2026-08-17 04:39:00+00:00,4392.245,4392.860000000001,4391.895,4392.825000000001,72
2026-08-17 04:40:00+00:00,4392.705,4393.9,4392.395,4393.785,102
2026-08-17 04:41:00+00:00,4393.95,4395.015,4393.195,4393.67,131
2026-08-17 04:42:00+00:00,4393.555,4395.1900000000005,4392.18,4395.1900000000005,126
2026-08-17 04:43:00+00:00,4395.205,4395.885,4394.655,4395.52,127
2026-08-17 04:44:00+00:00,4395.360000000001,4396.735,4395.07,4395.74,120
2026-08-17 04:45:00+00:00,4395.584999999999,4396.615,4395.530000000001,4395.530000000001,99
2026-08-17 04:46:00+00:00,4395.389999999999,4397.835,4395.389999999999,4397.83,81
2026-08-17 04:47:00+00:00,4397.575000000001,4397.715,4396.885,4397.135,85
2026-08-17 04:48:00+00:00,4396.764999999999,4397.995,4396.49,4396.855,106
2026-08-17 04:49:00+00:00,4396.87,4397.110000000001,4395.69,4395.98,105
2026-08-17 04:50:00+00:00,4395.985000000001,4395.99,4394.98,4395.1900000000005,67
2026-08-17 04:51:00+00:00,4395.2,4396.695,4394.969999999999,4396.695,78
2026-08-17 04:52:00+00:00,4396.59,4396.795,4395.425,4396.09,94
2026-08-17 04:53:00+00:00,4396.115,4396.665,4395.605,4395.799999999999,77
2026-08-17 04:54:00+00:00,4395.78,4395.98,4395.0,4395.19,77
2026-08-17 04:55:00+00:00,4395.31,4395.485000000001,4394.9349999999995,4395.135,56
2026-08-17 04:56:00+00:00,4395.275,4395.5,4392.969999999999,4393.5650000000005,115
2026-08-17 04:57:00+00:00,4393.545,4394.365,4392.98,4393.235000000001,82
2026-08-17 04:58:00+00:00,4393.155,4393.485000000001,4391.035,4391.16,117
2026-08-17 04:59:00+00:00,4391.165,4391.5650000000005,4389.72,4390.865,125
2026-08-17 05:00:00+00:00,4390.719999999999,4392.285,4390.41,4391.225,157
2026-08-17 05:01:00+00:00,4391.255,4392.675,4390.035,4392.655000000001,132
2026-08-17 05:02:00+00:00,4392.585,4392.585,4391.085,4392.225,105
2026-08-17 05:03:00+00:00,4392.06,4392.629999999999,4391.45,4392.375,111
2026-08-17 05:04:00+00:00,4392.505,4393.075,4392.04,4392.82,90
2026-08-17 05:05:00+00:00,4392.8150000000005,4393.005,4389.99,4390.475,117
2026-08-17 05:06:00+00:00,4390.48,4391.725,4390.375,4391.1900000000005,89
2026-08-17 05:07:00+00:00,4391.23,4391.95,4390.825000000001,4390.95,86
2026-08-17 05:08:00+00:00,4391.0650000000005,4393.425,4390.43,4392.755,126
2026-08-17 05:09:00+00:00,4392.74,4392.860000000001,4391.805,4391.995,53
2026-08-17 05:10:00+00:00,4392.014999999999,4392.105,4390.75,4391.15,76
2026-08-17 05:11:00+00:00,4391.255,4391.91,4390.39,4390.43,70
2026-08-17 05:12:00+00:00,4390.555,4391.245,4390.3099999999995,4390.995,69
2026-08-17 05:13:00+00:00,4390.8150000000005,4390.985,4389.0650000000005,4389.305,78
2026-08-17 05:14:00+00:00,4389.155,4389.6900000000005,4387.155,4387.9400000000005,155
2026-08-17 05:15:00+00:00,4387.950000000001,4388.085,4387.105,4387.98,98
2026-08-17 05:16:00+00:00,4388.28,4390.530000000001,4388.18,4390.38,124
2026-08-17 05:17:00+00:00,4390.4349999999995,4390.765,4389.49,4390.14,100
2026-08-17 05:18:00+00:00,4390.145,4392.47,4390.13,4392.44,93
2026-08-17 05:19:00+00:00,4392.305,4393.42,4392.17,4392.98,103
2026-08-17 05:20:00+00:00,4392.985000000001,4394.12,4390.6900000000005,4392.295,141
2026-08-17 05:21:00+00:00,4392.395,4396.27,4392.28,4396.14,154
2026-08-17 05:22:00+00:00,4396.030000000001,4396.67,4395.12,4395.895,134
2026-08-17 05:23:00+00:00,4395.75,4397.07,4395.45,4395.790000000001,105
2026-08-17 05:24:00+00:00,4395.81,4396.885,4395.1,4395.625,119
2026-08-17 05:25:00+00:00,4395.475,4395.655,4394.629999999999,4394.695,111
2026-08-17 05:26:00+00:00,4394.81,4397.355,4394.64,4396.585,109
2026-08-17 05:27:00+00:00,4396.475,4397.18,4396.365,4396.5650000000005,69
2026-08-17 05:28:00+00:00,4396.545,4398.715,4396.475,4397.9349999999995,94
2026-08-17 05:29:00+00:00,4397.795,4399.6,4397.005,4399.59,80
2026-08-17 05:30:00+00:00,4399.21,4401.235000000001,4396.485000000001,4398.715,312
2026-08-17 05:31:00+00:00,4398.605,4400.51,4397.889999999999,4400.200000000001,241
2026-08-17 05:32:00+00:00,4400.145,4401.415,4399.075000000001,4400.525,268
2026-08-17 05:33:00+00:00,4400.285,4400.42,4397.26,4397.629999999999,186
2026-08-17 05:34:00+00:00,4397.555,4398.365,4395.66,4396.37,151
2026-08-17 05:35:00+00:00,4396.1,4396.37,4392.735000000001,4393.43,232
2026-08-17 05:36:00+00:00,4393.49,4393.755,4392.110000000001,4393.01,254
2026-08-17 05:37:00+00:00,4393.129999999999,4395.555,4392.639999999999,4394.895,205
2026-08-17 05:38:00+00:00,4395.014999999999,4396.57,4394.84,4395.57,127
2026-08-17 05:39:00+00:00,4395.61,4396.49,4393.84,4395.64,116
2026-08-17 05:40:00+00:00,4395.53,4395.53,4393.91,4394.75,161
2026-08-17 05:41:00+00:00,4395.0,4396.975,4393.9349999999995,4396.82,156
2026-08-17 05:42:00+00:00,4396.764999999999,4396.799999999999,4395.094999999999,4395.78,188
2026-08-17 05:43:00+00:00,4395.764999999999,4396.115,4393.795,4394.365,156
2026-08-17 05:44:00+00:00,4394.469999999999,4395.945,4394.379999999999,4395.84,165
2026-08-17 05:45:00+00:00,4395.745,4395.955,4393.860000000001,4394.12,151
2026-08-17 05:46:00+00:00,4394.11,4394.9349999999995,4392.745,4393.075,163
2026-08-17 05:47:00+00:00,4393.26,4396.055,4392.275,4395.875,152
2026-08-17 05:48:00+00:00,4395.82,4396.860000000001,4395.415,4396.855,107
2026-08-17 05:49:00+00:00,4396.915,4397.535,4396.415,4397.280000000001,150
2026-08-17 05:50:00+00:00,4397.42,4397.585,4394.4,4395.66,195
2026-08-17 05:51:00+00:00,4395.665,4396.08,4394.795,4395.13,135
2026-08-17 05:52:00+00:00,4395.23,4395.23,4394.42,4394.83,108
2026-08-17 05:53:00+00:00,4394.805,4396.3,4394.23,4394.23,133
2026-08-17 05:54:00+00:00,4393.95,4395.264999999999,4392.555,4393.13,222
2026-08-17 05:55:00+00:00,4392.995,4395.67,4392.81,4395.56,191
2026-08-17 05:56:00+00:00,4395.67,4396.235000000001,4393.145,4393.99,190
2026-08-17 05:57:00+00:00,4394.07,4394.325,4393.3099999999995,4393.46,157
2026-08-17 05:58:00+00:00,4393.445,4394.65,4393.094999999999,4394.475,164
2026-08-17 05:59:00+00:00,4394.485000000001,4395.59,4393.9,4394.79,136
2026-08-17 06:00:00+00:00,4394.99,4395.975,4394.700000000001,4395.305,157
2026-08-17 06:01:00+00:00,4395.1900000000005,4397.34,4394.889999999999,4397.3099999999995,138
2026-08-17 06:02:00+00:00,4397.46,4398.1900000000005,4396.51,4396.78,107
2026-08-17 06:03:00+00:00,4396.9,4397.83,4396.610000000001,4397.165,75
2026-08-17 06:04:00+00:00,4397.0599999999995,4397.0599999999995,4395.1849999999995,4395.38,151
2026-08-17 06:05:00+00:00,4395.48,4397.27,4394.67,4397.27,102
2026-08-17 06:06:00+00:00,4397.26,4397.805,4396.35,4396.735000000001,112
2026-08-17 06:07:00+00:00,4396.845,4398.03,4396.615,4397.475,136
2026-08-17 06:08:00+00:00,4397.610000000001,4397.965,4396.76,4396.91,105
2026-08-17 06:09:00+00:00,4397.02,4397.555,4393.8150000000005,4395.46,94
2026-08-17 06:10:00+00:00,4395.45,4396.385,4394.045,4394.25,125
2026-08-17 06:11:00+00:00,4394.139999999999,4394.72,4392.745,4394.21,98
2026-08-17 06:12:00+00:00,4394.33,4395.2,4392.76,4393.21,100
2026-08-17 06:13:00+00:00,4393.1,4395.264999999999,4393.09,4395.264999999999,90
2026-08-17 06:14:00+00:00,4395.38,4397.719999999999,4395.38,4397.025,137
2026-08-17 06:15:00+00:00,4397.035,4397.110000000001,4395.1,4395.605,134
2026-08-17 06:16:00+00:00,4395.705,4396.9,4394.745,4395.765,132
2026-08-17 06:17:00+00:00,4395.780000000001,4396.195,4394.405000000001,4394.5,127
2026-08-17 06:18:00+00:00,4394.52,4395.01,4394.05,4394.05,98
2026-08-17 06:19:00+00:00,4393.95,4393.95,4392.879999999999,4393.6849999999995,101
2026-08-17 06:20:00+00:00,4393.5650000000005,4396.17,4393.5650000000005,4395.68,153
2026-08-17 06:21:00+00:00,4395.665,4396.4349999999995,4394.879999999999,4395.139999999999,142
2026-08-17 06:22:00+00:00,4395.115,4396.715,4394.35,4396.530000000001,186
2026-08-17 06:23:00+00:00,4396.47,4397.1,4395.855,4395.860000000001,153
2026-08-17 06:24:00+00:00,4395.915,4395.915,4394.945,4395.174999999999,117
2026-08-17 06:25:00+00:00,4395.085,4398.094999999999,4394.719999999999,4397.18,199
2026-08-17 06:26:00+00:00,4397.645,4398.205,4396.705,4396.705,146
2026-08-17 06:27:00+00:00,4396.735000000001,4399.765,4396.735000000001,4397.205,207
2026-08-17 06:28:00+00:00,4397.215,4398.305,4395.264999999999,4397.525,123
2026-08-17 06:29:00+00:00,4397.385,4400.3150000000005,4397.385,4398.639999999999,130
2026-08-17 06:30:00+00:00,4398.525,4398.93,4396.26,4396.79,106
2026-08-17 06:31:00+00:00,4397.3099999999995,4397.3099999999995,4395.41,4396.96,100
2026-08-17 06:32:00+00:00,4396.855,4397.075000000001,4395.1,4395.4349999999995,65
2026-08-17 06:33:00+00:00,4395.54,4396.360000000001,4395.335,4395.6,51
2026-08-17 06:34:00+00:00,4395.5,4396.32,4395.155,4395.535,90
2026-08-17 06:35:00+00:00,4395.639999999999,4395.95,4394.16,4394.49,105
2026-08-17 06:36:00+00:00,4394.365,4395.41,4393.74,4394.79,93
2026-08-17 06:37:00+00:00,4394.895,4395.74,4394.08,4394.625,85
2026-08-17 06:38:00+00:00,4394.59,4395.085,4393.715,4394.35,98
2026-08-17 06:39:00+00:00,4394.47,4395.5,4394.41,4395.205,52
2026-08-17 06:40:00+00:00,4395.045,4395.299999999999,4394.21,4394.485000000001,64
2026-08-17 06:41:00+00:00,4394.625,4394.665,4393.735000000001,4394.01,70
2026-08-17 06:42:00+00:00,4394.16,4395.52,4394.16,4395.0,75
2026-08-17 06:43:00+00:00,4394.889999999999,4395.3099999999995,4394.46,4395.3099999999995,59
2026-08-17 06:44:00+00:00,4395.285,4396.495,4393.71,4396.35,105
2026-08-17 06:45:00+00:00,4396.385,4398.505,4396.385,4397.995000000001,232
2026-08-17 06:46:00+00:00,4397.92,4399.695,4397.275,4399.389999999999,163
2026-08-17 06:47:00+00:00,4399.445,4400.275,4398.18,4399.16,168
2026-08-17 06:48:00+00:00,4399.25,4400.55,4398.360000000001,4400.365,134
2026-08-17 06:49:00+00:00,4400.47,4401.045,4399.99,4400.5599999999995,86
2026-08-17 06:50:00+00:00,4400.67,4401.465,4400.535,4401.135,73
2026-08-17 06:51:00+00:00,4401.264999999999,4402.225,4400.835,4402.115,131
2026-08-17 06:52:00+00:00,4402.205,4404.735000000001,4401.965,4404.530000000001,186
2026-08-17 06:53:00+00:00,4404.445,4404.504999999999,4402.905000000001,4403.34,115
2026-08-17 06:54:00+00:00,4403.325000000001,4403.52,4402.105,4402.255,80
2026-08-17 06:55:00+00:00,4402.135,4402.299999999999,4401.215,4402.125,143
2026-08-17 06:56:00+00:00,4402.225,4403.1,4402.145,4402.48,141
2026-08-17 06:57:00+00:00,4402.424999999999,4403.105,4402.185,4402.855,164
2026-08-17 06:58:00+00:00,4402.725,4403.42,4402.63,4402.9349999999995,155
2026-08-17 06:59:00+00:00,4402.895,4403.469999999999,4402.535,4403.264999999999,92
2026-08-17 07:00:00+00:00,4403.095,4403.575,4402.049999999999,4402.26,143
2026-08-17 07:01:00+00:00,4402.139999999999,4404.14,4401.92,4403.195,197
2026-08-17 07:02:00+00:00,4403.225,4403.665000000001,4402.34,4403.110000000001,173
2026-08-17 07:03:00+00:00,4403.24,4403.615,4402.5650000000005,4403.3,206
2026-08-17 07:04:00+00:00,4403.225,4403.555,4401.455,4401.645,142
2026-08-17 07:05:00+00:00,4401.700000000001,4402.965,4400.41,4401.205,211
2026-08-17 07:06:00+00:00,4401.2,4402.145,4400.299999999999,4400.4,120
2026-08-17 07:07:00+00:00,4400.43,4400.5599999999995,4399.57,4400.035,133
2026-08-17 07:08:00+00:00,4400.055,4401.115,4399.6,4400.87,115
2026-08-17 07:09:00+00:00,4401.17,4401.465,4400.43,4400.43,124
2026-08-17 07:10:00+00:00,4400.450000000001,4400.99,4399.665000000001,4400.98,122
2026-08-17 07:11:00+00:00,4400.875,4401.415000000001,4399.76,4399.76,166
2026-08-17 07:12:00+00:00,4399.7,4399.7,4398.205,4399.01,167
2026-08-17 07:13:00+00:00,4399.08,4399.17,4396.585,4396.855,199
2026-08-17 07:14:00+00:00,4396.8150000000005,4397.344999999999,4396.094999999999,4396.469999999999,180
2026-08-17 07:15:00+00:00,4396.455,4398.004999999999,4396.455,4397.53,172
2026-08-17 07:16:00+00:00,4397.45,4398.1,4397.255,4397.7,134
2026-08-17 07:17:00+00:00,4397.655000000001,4398.0,4397.195,4397.62,126
2026-08-17 07:18:00+00:00,4397.485000000001,4399.280000000001,4397.255,4399.03,199
2026-08-17 07:19:00+00:00,4399.045,4399.32,4397.135,4397.495,193
2026-08-17 07:20:00+00:00,4397.675,4397.764999999999,4396.514999999999,4397.12,160
2026-08-17 07:21:00+00:00,4397.195,4397.61,4396.885,4397.015,135
2026-08-17 07:22:00+00:00,4397.205,4397.495,4396.57,4396.895,130
2026-08-17 07:23:00+00:00,4396.865,4397.79,4396.285,4397.165,146
2026-08-17 07:24:00+00:00,4397.15,4397.639999999999,4396.385,4397.1849999999995,117
2026-08-17 07:25:00+00:00,4397.32,4398.860000000001,4396.795,4397.165,202
2026-08-17 07:26:00+00:00,4397.065,4398.735,4396.675,4398.215,163
2026-08-17 07:27:00+00:00,4398.235000000001,4400.12,4398.2,4399.855,137
2026-08-17 07:28:00+00:00,4399.965,4401.93,4399.215,4401.865,153
2026-08-17 07:29:00+00:00,4401.895,4405.389999999999,4401.75,4405.12,233
2026-08-17 07:30:00+00:00,4405.014999999999,4408.24,4404.985000000001,4406.385,247
2026-08-17 07:31:00+00:00,4406.37,4406.795,4404.705,4406.42,242
2026-08-17 07:32:00+00:00,4406.41,4407.530000000001,4406.145,4406.389999999999,204
2026-08-17 07:33:00+00:00,4406.385,4407.425,4405.375,4405.375,224
2026-08-17 07:34:00+00:00,4405.475,4407.445,4405.475,4407.155,193
2026-08-17 07:35:00+00:00,4407.105,4408.99,4406.79,4407.09,165
2026-08-17 07:36:00+00:00,4407.115,4409.5599999999995,4406.645,4409.525,227
2026-08-17 07:37:00+00:00,4409.5,4411.5,4409.389999999999,4410.505,251
2026-08-17 07:38:00+00:00,4410.37,4410.43,4407.23,4407.344999999999,200
2026-08-17 07:39:00+00:00,4407.370000000001,4407.844999999999,4406.985000000001,4407.73,130
2026-08-17 07:40:00+00:00,4407.715,4409.63,4407.255,4409.475,138
2026-08-17 07:41:00+00:00,4409.445,4409.755,4409.025,4409.485000000001,153
2026-08-17 07:42:00+00:00,4409.525,4410.85,4409.445,4410.635,124
2026-08-17 07:43:00+00:00,4410.605,4410.995,4409.65,4409.85,101
2026-08-17 07:44:00+00:00,4409.955,4410.1900000000005,4409.29,4409.389999999999,110
2026-08-17 07:45:00+00:00,4409.405,4409.57,4408.57,4408.885,125
2026-08-17 07:46:00+00:00,4408.905,4410.04,4408.85,4409.25,138
2026-08-17 07:47:00+00:00,4409.28,4409.91,4407.275,4408.4400000000005,154
2026-08-17 07:48:00+00:00,4408.475,4409.49,4407.860000000001,4409.075,105
2026-08-17 07:49:00+00:00,4409.0599999999995,4409.28,4407.445,4407.5599999999995,114
2026-08-17 07:50:00+00:00,4407.485000000001,4408.285,4407.344999999999,4407.97,116
2026-08-17 07:51:00+00:00,4408.025,4408.395,4405.295,4405.530000000001,157
2026-08-17 07:52:00+00:00,4405.55,4405.8150000000005,4403.889999999999,4404.24,161
2026-08-17 07:53:00+00:00,4404.205,4404.98,4404.1900000000005,4404.775,133
2026-08-17 07:54:00+00:00,4404.8099999999995,4404.8099999999995,4403.57,4404.264999999999,132
2026-08-17 07:55:00+00:00,4404.33,4406.0650000000005,4404.01,4405.725,133
2026-08-17 07:56:00+00:00,4405.68,4405.68,4404.775,4404.9,88
2026-08-17 07:57:00+00:00,4404.85,4405.68,4404.32,4404.925,114
2026-08-17 07:58:00+00:00,4404.93,4406.04,4404.514999999999,4405.585,107
2026-08-17 07:59:00+00:00,4405.615,4405.67,4405.09,4405.305,100
2026-08-17 08:00:00+00:00,4404.73,4404.73,4402.165,4402.795,305
2026-08-17 08:01:00+00:00,4402.77,4403.34,4401.03,4401.89,249
2026-08-17 08:02:00+00:00,4401.6900000000005,4402.105,4400.585,4401.555,189
2026-08-17 08:03:00+00:00,4401.344999999999,4401.46,4400.41,4400.58,146
2026-08-17 08:04:00+00:00,4400.575000000001,4400.865,4399.855,4400.245000000001,151
2026-08-17 08:05:00+00:00,4400.370000000001,4400.78,4399.925,4399.925,165
2026-08-17 08:06:00+00:00,4399.87,4400.395,4397.6900000000005,4398.5,246
2026-08-17 08:07:00+00:00,4398.49,4399.205,4397.87,4399.08,172
2026-08-17 08:08:00+00:00,4399.075000000001,4399.42,4398.64,4399.29,137
2026-08-17 08:09:00+00:00,4399.34,4400.37,4398.26,4399.83,107
2026-08-17 08:10:00+00:00,4399.795,4400.165,4398.645,4399.14,154
2026-08-17 08:11:00+00:00,4399.23,4400.605,4398.764999999999,4400.514999999999,119
2026-08-17 08:12:00+00:00,4400.58,4402.73,4400.48,4402.42,142
2026-08-17 08:13:00+00:00,4402.3099999999995,4402.715,4401.785,4402.645,103
2026-08-17 08:14:00+00:00,4402.59,4402.9400000000005,4401.8,4402.87,116
2026-08-17 08:15:00+00:00,4402.844999999999,4403.83,4402.275,4403.5,172
2026-08-17 08:16:00+00:00,4403.385,4403.7,4402.42,4402.504999999999,114
2026-08-17 08:17:00+00:00,4402.610000000001,4402.7,4401.38,4401.55,90
2026-08-17 08:18:00+00:00,4401.66,4401.66,4400.9400000000005,4401.110000000001,98
2026-08-17 08:19:00+00:00,4401.17,4401.98,4400.455,4401.275,118
2026-08-17 08:20:00+00:00,4401.25,4402.045,4400.575,4401.99,114
2026-08-17 08:21:00+00:00,4402.075000000001,4402.475,4401.92,4402.280000000001,81
2026-08-17 08:22:00+00:00,4402.385,4403.04,4402.005,4402.98,95
2026-08-17 08:23:00+00:00,4402.99,4403.215,4402.275,4402.285,114
2026-08-17 08:24:00+00:00,4402.344999999999,4402.8150000000005,4401.735000000001,4402.25,133
2026-08-17 08:25:00+00:00,4402.14,4403.005,4401.79,4402.65,119
2026-08-17 08:26:00+00:00,4402.715,4403.145,4402.0599999999995,4402.135,119
2026-08-17 08:27:00+00:00,4402.145,4402.515,4401.54,4402.515,90
2026-08-17 08:28:00+00:00,4402.49,4403.29,4402.325,4402.475,129
2026-08-17 08:29:00+00:00,4402.41,4402.41,4400.985000000001,4401.885,123
2026-08-17 08:30:00+00:00,4402.09,4402.1900000000005,4400.52,4400.685,120
2026-08-17 08:31:00+00:00,4400.615,4401.530000000001,4400.615,4401.09,125
2026-08-17 08:32:00+00:00,4401.025,4401.08,4399.92,4400.02,137
2026-08-17 08:33:00+00:00,4400.0599999999995,4400.3150000000005,4399.54,4400.015,105
2026-08-17 08:34:00+00:00,4399.93,4400.995,4399.705,4400.04,119
2026-08-17 08:35:00+00:00,4400.01,4400.495,4399.585,4399.975,119
2026-08-17 08:36:00+00:00,4399.99,4400.25,4399.105,4399.92,139
2026-08-17 08:37:00+00:00,4399.9,4401.63,4399.895,4401.52,74
2026-08-17 08:38:00+00:00,4401.5,4402.235000000001,4401.0599999999995,4401.79,108
2026-08-17 08:39:00+00:00,4401.889999999999,4401.895,4400.325,4401.385,108
2026-08-17 08:40:00+00:00,4401.425,4401.505,4398.74,4399.5650000000005,130
2026-08-17 08:41:00+00:00,4399.45,4399.83,4399.005,4399.005,79
2026-08-17 08:42:00+00:00,4399.0599999999995,4399.1,4397.83,4398.04,138
2026-08-17 08:43:00+00:00,4398.07,4398.305,4397.1,4397.285,108
2026-08-17 08:44:00+00:00,4397.3,4397.485,4396.07,4396.37,158
2026-08-17 08:45:00+00:00,4396.35,4396.389999999999,4395.38,4396.08,95
2026-08-17 08:46:00+00:00,4396.09,4396.2,4395.075000000001,4395.195,111
2026-08-17 08:47:00+00:00,4395.29,4396.9400000000005,4395.085,4396.34,124
2026-08-17 08:48:00+00:00,4396.334999999999,4396.475,4395.475,4395.82,100
2026-08-17 08:49:00+00:00,4395.719999999999,4395.9349999999995,4395.22,4395.605,121
2026-08-17 08:50:00+00:00,4395.615,4396.195,4394.685,4395.03,155
2026-08-17 08:51:00+00:00,4395.084999999999,4395.475,4393.695,4394.13,141
2026-08-17 08:52:00+00:00,4394.175,4394.175,4393.135,4393.25,147
2026-08-17 08:53:00+00:00,4393.23,4393.705,4392.935,4393.35,122
2026-08-17 08:54:00+00:00,4393.24,4393.855,4393.1900000000005,4393.63,131
2026-08-17 08:55:00+00:00,4393.615,4393.88,4392.5650000000005,4393.025,126
2026-08-17 08:56:00+00:00,4393.035,4394.42,4393.035,4394.355,148
2026-08-17 08:57:00+00:00,4394.375,4394.9400000000005,4393.8099999999995,4394.76,139
2026-08-17 08:58:00+00:00,4394.775,4396.03,4394.4349999999995,4394.555,140
2026-08-17 08:59:00+00:00,4394.59,4395.13,4393.969999999999,4395.13,106
2026-08-17 09:00:00+00:00,4395.195,4395.68,4393.93,4394.55,152
2026-08-17 09:01:00+00:00,4394.635,4395.51,4393.4400000000005,4395.005,159
2026-08-17 09:02:00+00:00,4394.9400000000005,4395.35,4394.535,4394.59,123
2026-08-17 09:03:00+00:00,4394.635,4395.379999999999,4394.514999999999,4395.005,117
2026-08-17 09:04:00+00:00,4395.07,4396.495,4394.855,4396.34,136
2026-08-17 09:05:00+00:00,4396.37,4396.49,4395.360000000001,4396.33,121
2026-08-17 09:06:00+00:00,4396.375,4397.75,4396.35,4397.535,162
2026-08-17 09:07:00+00:00,4397.52,4397.59,4396.79,4397.445,118
2026-08-17 09:08:00+00:00,4397.135,4398.280000000001,4397.105,4397.675,86
2026-08-17 09:09:00+00:00,4397.66,4399.799999999999,4397.66,4399.610000000001,154
2026-08-17 09:10:00+00:00,4399.665000000001,4399.975,4399.115,4399.344999999999,119
2026-08-17 09:11:00+00:00,4399.4349999999995,4400.57,4399.389999999999,4400.34,126
2026-08-17 09:12:00+00:00,4400.33,4400.65,4399.450000000001,4399.6,121
2026-08-17 09:13:00+00:00,4399.6,4400.035,4399.15,4399.37,118
2026-08-17 09:14:00+00:00,4399.389999999999,4399.719999999999,4398.91,4399.215,82
2026-08-17 09:15:00+00:00,4399.26,4399.98,4398.6,4399.5,146
2026-08-17 09:16:00+00:00,4399.49,4399.49,4397.15,4398.219999999999,135
2026-08-17 09:17:00+00:00,4398.225,4398.71,4397.57,4398.235000000001,105
2026-08-17 09:18:00+00:00,4398.23,4398.475,4397.865,4398.1849999999995,133
2026-08-17 09:19:00+00:00,4398.175,4398.82,4397.41,4398.51,110
2026-08-17 09:20:00+00:00,4398.545,4398.825,4398.195,4398.2,61
2026-08-17 09:21:00+00:00,4398.305,4398.5,4397.344999999999,4398.2,92
2026-08-17 09:22:00+00:00,4398.12,4398.365,4397.275,4398.275,109
2026-08-17 09:23:00+00:00,4397.745,4397.845,4396.585,4397.74,113
2026-08-17 09:24:00+00:00,4397.755,4397.755,4396.315,4396.895,110
2026-08-17 09:25:00+00:00,4396.915,4398.085,4396.915,4397.74,101
2026-08-17 09:26:00+00:00,4397.764999999999,4398.280000000001,4397.04,4397.6,128
2026-08-17 09:27:00+00:00,4397.595,4398.035,4397.08,4397.08,171
2026-08-17 09:28:00+00:00,4396.725,4397.15,4395.635,4396.62,131
2026-08-17 09:29:00+00:00,4396.635,4398.17,4396.635,4396.950000000001,174
2026-08-17 09:30:00+00:00,4397.09,4397.625,4395.53,4396.33,152
2026-08-17 09:31:00+00:00,4396.1849999999995,4396.225,4394.865,4395.32,152
2026-08-17 09:32:00+00:00,4395.450000000001,4395.715,4394.535,4395.6,186
2026-08-17 09:33:00+00:00,4395.59,4396.465,4395.389999999999,4396.305,144
2026-08-17 09:34:00+00:00,4396.245,4397.005,4395.66,4396.49,144
2026-08-17 09:35:00+00:00,4396.46,4396.71,4395.305,4396.275,138
2026-08-17 09:36:00+00:00,4396.245,4397.23,4396.055,4396.780000000001,95
2026-08-17 09:37:00+00:00,4396.8099999999995,4396.889999999999,4395.74,4396.075,99
2026-08-17 09:38:00+00:00,4396.085,4396.285,4395.23,4395.37,128
2026-08-17 09:39:00+00:00,4395.34,4395.885,4394.125,4394.565,152
2026-08-17 09:40:00+00:00,4394.605,4395.110000000001,4393.635,4395.004999999999,141
2026-08-17 09:41:00+00:00,4395.12,4396.105,4394.9,4396.1,112
2026-08-17 09:42:00+00:00,4396.16,4396.4349999999995,4395.93,4396.425,92
2026-08-17 09:43:00+00:00,4396.395,4396.4,4394.735000000001,4395.0,97
2026-08-17 09:44:00+00:00,4394.995000000001,4395.46,4394.25,4394.4,77
2026-08-17 09:45:00+00:00,4394.389999999999,4395.155000000001,4394.05,4395.01,102
2026-08-17 09:46:00+00:00,4395.09,4395.09,4392.66,4393.93,155
2026-08-17 09:47:00+00:00,4393.965,4394.139999999999,4393.105,4394.12,94
2026-08-17 09:48:00+00:00,4394.145,4394.6,4394.004999999999,4394.129999999999,109
2026-08-17 09:49:00+00:00,4394.13,4395.33,4394.0599999999995,4395.225,132
2026-08-17 09:50:00+00:00,4395.299999999999,4395.715,4395.045,4395.455,142
2026-08-17 09:51:00+00:00,4395.385,4395.895,4394.335,4395.415,174
2026-08-17 09:52:00+00:00,4395.32,4395.615,4392.95,4393.610000000001,147
2026-08-17 09:53:00+00:00,4393.620000000001,4394.385,4393.620000000001,4394.18,87
2026-08-17 09:54:00+00:00,4394.09,4394.105,4393.225,4393.485,119
2026-08-17 09:55:00+00:00,4393.55,4394.01,4393.41,4393.68,88
2026-08-17 09:56:00+00:00,4393.74,4394.905000000001,4393.594999999999,4394.165,113
2026-08-17 09:57:00+00:00,4394.139999999999,4394.78,4393.73,4393.780000000001,91
2026-08-17 09:58:00+00:00,4393.795,4395.219999999999,4393.555,4395.219999999999,116
2026-08-17 09:59:00+00:00,4395.235000000001,4395.695,4394.860000000001,4395.6,86
2026-08-17 10:00:00+00:00,4395.73,4396.075000000001,4394.82,4395.41,142
2026-08-17 10:01:00+00:00,4395.4349999999995,4395.6849999999995,4395.105,4395.155000000001,72
2026-08-17 10:02:00+00:00,4395.105,4395.105,4393.1900000000005,4393.385,116
2026-08-17 10:03:00+00:00,4393.5599999999995,4394.04,4393.34,4393.955,70
2026-08-17 10:04:00+00:00,4394.025,4394.23,4393.695,4394.23,77
2026-08-17 10:05:00+00:00,4394.165,4395.719999999999,4394.165,4395.719999999999,103
2026-08-17 10:06:00+00:00,4395.74,4395.835,4394.4,4394.51,127
2026-08-17 10:07:00+00:00,4394.48,4396.245,4394.405000000001,4396.195,117
2026-08-17 10:08:00+00:00,4396.215,4396.225,4395.245,4395.55,108
2026-08-17 10:09:00+00:00,4395.514999999999,4395.860000000001,4394.1900000000005,4394.1900000000005,101
2026-08-17 10:10:00+00:00,4394.17,4395.665,4393.96,4395.59,110
2026-08-17 10:11:00+00:00,4395.585,4395.639999999999,4394.514999999999,4394.875,121
2026-08-17 10:12:00+00:00,4394.835,4395.65,4394.66,4395.535,102
2026-08-17 10:13:00+00:00,4395.465,4396.425,4395.465,4395.79,104
2026-08-17 10:14:00+00:00,4395.775,4396.4349999999995,4395.225,4396.005,92
2026-08-17 10:15:00+00:00,4396.0,4397.34,4395.8099999999995,4397.34,117
2026-08-17 10:16:00+00:00,4397.3,4398.23,4396.58,4397.92,138
2026-08-17 10:17:00+00:00,4397.88,4398.195,4397.54,4397.84,104
2026-08-17 10:18:00+00:00,4397.889999999999,4400.139999999999,4396.37,4396.57,231
2026-08-17 10:19:00+00:00,4396.635,4396.64,4394.93,4395.945,107
2026-08-17 10:20:00+00:00,4395.975,4397.37,4395.945,4397.24,133
2026-08-17 10:21:00+00:00,4397.219999999999,4397.219999999999,4395.889999999999,4395.889999999999,95
2026-08-17 10:22:00+00:00,4395.905000000001,4396.3,4395.695,4396.195,75
2026-08-17 10:23:00+00:00,4396.21,4396.225,4395.135,4395.68,85
2026-08-17 10:24:00+00:00,4395.74,4396.66,4395.74,4396.625,101
2026-08-17 10:25:00+00:00,4396.66,4397.1,4395.4400000000005,4395.575000000001,111
2026-08-17 10:26:00+00:00,4395.55,4396.17,4391.92,4393.360000000001,134
2026-08-17 10:27:00+00:00,4393.355,4393.405,4391.97,4392.47,137
2026-08-17 10:28:00+00:00,4392.629999999999,4394.46,4392.395,4393.33,121
2026-08-17 10:29:00+00:00,4393.45,4405.68,4392.765,4405.355,368
2026-08-17 10:30:00+00:00,4405.23,4405.915000000001,4399.51,4400.085,477
2026-08-17 10:31:00+00:00,4400.125,4402.0599999999995,4397.84,4401.865,374
2026-08-17 10:32:00+00:00,4401.6900000000005,4401.955,4398.46,4399.455,325
2026-08-17 10:33:00+00:00,4399.514999999999,4399.514999999999,4397.92,4398.82,213
2026-08-17 10:34:00+00:00,4398.935,4398.98,4397.0,4397.275,205
2026-08-17 10:35:00+00:00,4397.625,4398.445,4397.18,4397.74,229
2026-08-17 10:36:00+00:00,4397.83,4398.16,4396.5650000000005,4396.84,180
2026-08-17 10:37:00+00:00,4396.835,4397.12,4395.7,4396.85,161
2026-08-17 10:38:00+00:00,4396.844999999999,4396.844999999999,4395.8099999999995,4396.52,146
2026-08-17 10:39:00+00:00,4396.530000000001,4397.1849999999995,4396.014999999999,4396.04,146
2026-08-17 10:40:00+00:00,4396.105,4396.3099999999995,4395.41,4395.4400000000005,121
2026-08-17 10:41:00+00:00,4395.47,4398.62,4395.47,4398.475,119
2026-08-17 10:42:00+00:00,4398.450000000001,4398.48,4397.9,4398.155000000001,128
2026-08-17 10:43:00+00:00,4398.165,4398.71,4397.68,4397.825,131
2026-08-17 10:44:00+00:00,4397.91,4399.0,4397.855,4398.305,111
2026-08-17 10:45:00+00:00,4398.34,4398.8150000000005,4398.045,4398.514999999999,100
2026-08-17 10:46:00+00:00,4398.575,4398.97,4398.389999999999,4398.67,95
2026-08-17 10:47:00+00:00,4398.735000000001,4398.9349999999995,4398.075000000001,4398.075000000001,114
2026-08-17 10:48:00+00:00,4398.02,4399.285,4397.865,4398.120000000001,111
2026-08-17 10:49:00+00:00,4398.1,4398.1,4396.3,4397.02,126
2026-08-17 10:50:00+00:00,4397.055,4398.32,4396.63,4398.24,104
2026-08-17 10:51:00+00:00,4398.375,4398.6900000000005,4397.9,4398.15,97
2026-08-17 10:52:00+00:00,4398.175,4398.38,4397.6849999999995,4398.155000000001,77
2026-08-17 10:53:00+00:00,4398.145,4398.335,4397.04,4397.285,100
2026-08-17 10:54:00+00:00,4397.21,4397.799999999999,4397.0,4397.74,91
2026-08-17 10:55:00+00:00,4397.795,4398.895,4397.57,4397.75,133
2026-08-17 10:56:00+00:00,4397.74,4398.57,4397.15,4398.54,111
2026-08-17 10:57:00+00:00,4398.555,4399.525,4398.275,4398.955,136
2026-08-17 10:58:00+00:00,4398.925,4399.205,4398.21,4398.305,107
2026-08-17 10:59:00+00:00,4398.4,4399.615,4398.4,4399.02,158
2026-08-17 11:00:00+00:00,4399.1900000000005,4399.98,4398.085,4399.025,221
2026-08-17 11:01:00+00:00,4399.215,4399.5599999999995,4398.215,4398.925,174
2026-08-17 11:02:00+00:00,4398.945,4401.115,4398.8099999999995,4400.745000000001,138
2026-08-17 11:03:00+00:00,4400.785,4402.46,4400.785,4401.3099999999995,153
2026-08-17 11:04:00+00:00,4401.389999999999,4401.785,4400.455,4400.455,121
2026-08-17 11:05:00+00:00,4400.445,4401.530000000001,4400.370000000001,4400.62,105
2026-08-17 11:06:00+00:00,4400.365,4401.33,4400.305,4401.01,125
2026-08-17 11:07:00+00:00,4400.950000000001,4401.860000000001,4400.9,4401.754999999999,136
2026-08-17 11:08:00+00:00,4401.6900000000005,4402.764999999999,4401.379999999999,4402.665000000001,153
2026-08-17 11:09:00+00:00,4402.645,4404.04,4401.965,4402.2,162
2026-08-17 11:10:00+00:00,4402.15,4402.575000000001,4401.725,4401.85,128
2026-08-17 11:11:00+00:00,4401.785,4402.325,4401.575,4401.895,135
2026-08-17 11:12:00+00:00,4401.945,4402.9,4401.615,4402.360000000001,118
2026-08-17 11:13:00+00:00,4402.35,4402.35,4400.87,4401.145,138
2026-08-17 11:14:00+00:00,4401.205,4401.205,4399.745000000001,4399.865,123
2026-08-17 11:15:00+00:00,4399.985000000001,4400.205,4398.635,4398.855,145
2026-08-17 11:16:00+00:00,4399.110000000001,4399.52,4398.43,4398.92,139
2026-08-17 11:17:00+00:00,4398.915,4399.18,4398.605,4398.625,93
2026-08-17 11:18:00+00:00,4398.5,4398.79,4397.120000000001,4397.875,159
2026-08-17 11:19:00+00:00,4397.895,4398.66,4397.635,4398.37,89
2026-08-17 11:20:00+00:00,4398.7,4401.575000000001,4398.7,4400.985000000001,155
2026-08-17 11:21:00+00:00,4401.025,4403.155000000001,4400.725,4402.695,155
2026-08-17 11:22:00+00:00,4402.68,4404.08,4402.23,4403.72,177
2026-08-17 11:23:00+00:00,4403.675,4404.0,4402.65,4402.725,139
2026-08-17 11:24:00+00:00,4402.73,4403.895,4402.325,4403.725,128
2026-08-17 11:25:00+00:00,4403.8099999999995,4404.1849999999995,4403.5599999999995,4403.764999999999,116
2026-08-17 11:26:00+00:00,4403.66,4404.85,4403.66,4404.49,137
2026-08-17 11:27:00+00:00,4404.495,4404.65,4402.9349999999995,4403.99,133
2026-08-17 11:28:00+00:00,4404.035,4404.405000000001,4403.475,4403.545,87
2026-08-17 11:29:00+00:00,4403.655,4404.764999999999,4403.5599999999995,4403.655000000001,105
2026-08-17 11:30:00+00:00,4403.87,4404.49,4403.405,4403.75,159
2026-08-17 11:31:00+00:00,4403.795,4403.860000000001,4402.405000000001,4402.8,97
2026-08-17 11:32:00+00:00,4402.82,4403.51,4402.665,4402.875,119
2026-08-17 11:33:00+00:00,4402.924999999999,4404.99,4402.924999999999,4403.8099999999995,166
2026-08-17 11:34:00+00:00,4403.74,4404.98,4403.49,4404.1,156
2026-08-17 11:35:00+00:00,4404.115,4404.425,4403.645,4403.82,130
2026-08-17 11:36:00+00:00,4403.715,4403.84,4402.764999999999,4403.285,105
2026-08-17 11:37:00+00:00,4403.42,4403.67,4402.91,4403.025,98
2026-08-17 11:38:00+00:00,4403.035,4404.335,4402.77,4403.875,120
2026-08-17 11:39:00+00:00,4403.925,4404.93,4402.88,4402.88,151
2026-08-17 11:40:00+00:00,4402.96,4403.325,4401.47,4402.255,152
2026-08-17 11:41:00+00:00,4402.165000000001,4402.75,4401.625,4401.705,148
2026-08-17 11:42:00+00:00,4401.715,4402.29,4400.925,4401.51,157
2026-08-17 11:43:00+00:00,4401.48,4401.639999999999,4400.38,4400.514999999999,174
2026-08-17 11:44:00+00:00,4400.58,4400.91,4399.264999999999,4399.665,106
2026-08-17 11:45:00+00:00,4399.68,4400.555,4399.285,4400.335,116
2026-08-17 11:46:00+00:00,4400.32,4400.77,4399.275,4400.2,108
2026-08-17 11:47:00+00:00,4400.1900000000005,4400.32,4399.805,4400.0,83
2026-08-17 11:48:00+00:00,4400.049999999999,4400.115,4398.995,4399.195,96
2026-08-17 11:49:00+00:00,4399.17,4399.17,4396.639999999999,4396.975,155
2026-08-17 11:50:00+00:00,4397.0,4399.01,4396.594999999999,4398.71,181
2026-08-17 11:51:00+00:00,4398.695,4398.74,4396.115,4396.53,146
2026-08-17 11:52:00+00:00,4396.42,4396.755,4395.605,4396.13,137
2026-08-17 11:53:00+00:00,4396.12,4396.595,4396.055,4396.5599999999995,101
2026-08-17 11:54:00+00:00,4396.545,4397.465,4396.275,4396.9400000000005,99
2026-08-17 11:55:00+00:00,4396.79,4397.675,4396.049999999999,4396.52,156
2026-08-17 11:56:00+00:00,4396.4,4397.335,4396.165,4397.04,105
2026-08-17 11:57:00+00:00,4397.195,4397.57,4395.895,4397.05,99
2026-08-17 11:58:00+00:00,4396.995,4397.485000000001,4396.655,4397.025,110
2026-08-17 11:59:00+00:00,4397.094999999999,4397.1900000000005,4396.610000000001,4396.844999999999,104
2026-08-17 12:00:00+00:00,4396.75,4397.735,4395.945,4396.4,231
2026-08-17 12:01:00+00:00,4396.235,4396.725,4393.625,4394.13,235
2026-08-17 12:02:00+00:00,4394.155,4396.57,4394.155,4395.82,181
2026-08-17 12:03:00+00:00,4395.639999999999,4396.215,4394.43,4396.215,184
2026-08-17 12:04:00+00:00,4396.195,4396.66,4394.04,4394.665,246
2026-08-17 12:05:00+00:00,4394.72,4395.035,4392.91,4394.425,190
2026-08-17 12:06:00+00:00,4394.51,4395.23,4394.3099999999995,4394.57,151
2026-08-17 12:07:00+00:00,4394.62,4395.055,4393.110000000001,4394.01,135
2026-08-17 12:08:00+00:00,4394.05,4394.05,4392.465,4393.85,199
2026-08-17 12:09:00+00:00,4393.875,4393.875,4392.110000000001,4392.655000000001,213
2026-08-17 12:10:00+00:00,4392.674999999999,4393.8150000000005,4391.705,4393.545,217
2026-08-17 12:11:00+00:00,4393.665,4394.885,4392.860000000001,4393.450000000001,162
2026-08-17 12:12:00+00:00,4393.360000000001,4394.174999999999,4393.1900000000005,4393.85,174
2026-08-17 12:13:00+00:00,4393.83,4394.23,4392.78,4393.71,169
2026-08-17 12:14:00+00:00,4393.76,4395.07,4393.76,4394.065,146
2026-08-17 12:15:00+00:00,4394.129999999999,4395.735000000001,4393.665,4394.125,168
2026-08-17 12:16:00+00:00,4394.16,4394.52,4393.46,4394.25,174
2026-08-17 12:17:00+00:00,4394.1849999999995,4394.6,4393.215,4394.555,155
2026-08-17 12:18:00+00:00,4394.525,4394.915,4393.585,4393.745,129
2026-08-17 12:19:00+00:00,4393.735000000001,4394.935,4393.610000000001,4394.8150000000005,141
2026-08-17 12:20:00+00:00,4394.85,4398.87,4394.385,4395.99,323
2026-08-17 12:21:00+00:00,4395.965,4396.205,4393.139999999999,4393.555,210
2026-08-17 12:22:00+00:00,4393.610000000001,4394.315,4392.834999999999,4394.285,171
2026-08-17 12:23:00+00:00,4394.28,4395.365,4393.655,4393.79,173
2026-08-17 12:24:00+00:00,4393.7,4393.7,4392.08,4392.93,189
2026-08-17 12:25:00+00:00,4392.9400000000005,4393.725,4391.59,4391.975,198
2026-08-17 12:26:00+00:00,4392.005,4392.38,4382.3150000000005,4385.1849999999995,384
2026-08-17 12:27:00+00:00,4385.18,4389.745,4383.775,4389.620000000001,247
2026-08-17 12:28:00+00:00,4389.51,4389.965,4387.54,4388.195,135
2026-08-17 12:29:00+00:00,4388.344999999999,4388.74,4385.715,4385.84,139
2026-08-17 12:30:00+00:00,4385.855,4390.549999999999,4385.834999999999,4387.8099999999995,230
2026-08-17 12:31:00+00:00,4387.545,4387.825,4384.514999999999,4387.78,156
2026-08-17 12:32:00+00:00,4387.610000000001,4388.085,4385.945,4385.945,134
2026-08-17 12:33:00+00:00,4386.085,4387.844999999999,4384.955,4387.745,132
2026-08-17 12:34:00+00:00,4387.844999999999,4389.37,4387.344999999999,4389.03,124
2026-08-17 12:35:00+00:00,4388.91,4389.49,4386.105,4387.13,101
2026-08-17 12:36:00+00:00,4387.0,4387.1,4383.165,4383.505,136
2026-08-17 12:37:00+00:00,4383.52,4384.475,4382.45,4383.495,116
2026-08-17 12:38:00+00:00,4383.495000000001,4384.53,4382.35,4382.99,124
2026-08-17 12:39:00+00:00,4383.145,4383.23,4381.27,4381.54,94
2026-08-17 12:40:00+00:00,4381.700000000001,4383.415,4380.83,4382.06,114
2026-08-17 12:41:00+00:00,4382.23,4382.84,4381.205,4381.8150000000005,92
2026-08-17 12:42:00+00:00,4381.965,4381.965,4379.125,4380.04,121
2026-08-17 12:43:00+00:00,4380.15,4381.04,4379.54,4380.6,93
2026-08-17 12:44:00+00:00,4380.47,4381.41,4378.46,4378.46,102
2026-08-17 12:45:00+00:00,4378.35,4379.525,4377.525,4378.01,144
2026-08-17 12:46:00+00:00,4377.63,4379.15,4377.21,4378.93,142
2026-08-17 12:47:00+00:00,4378.575000000001,4379.98,4377.889999999999,4378.72,116
2026-08-17 12:48:00+00:00,4378.725,4380.51,4378.42,4378.42,110
2026-08-17 12:49:00+00:00,4378.55,4379.46,4377.969999999999,4378.21,113
2026-08-17 12:50:00+00:00,4378.045,4381.15,4377.975,4381.055,116
2026-08-17 12:51:00+00:00,4380.905000000001,4382.37,4380.205,4381.03,145
2026-08-17 12:52:00+00:00,4381.165,4384.705,4381.0,4384.705,137
2026-08-17 12:53:00+00:00,4384.965,4384.965,4383.045,4383.35,86
2026-08-17 12:54:00+00:00,4383.23,4384.4349999999995,4383.219999999999,4384.305,77
2026-08-17 12:55:00+00:00,4384.195,4385.195,4383.645,4385.014999999999,96
2026-08-17 12:56:00+00:00,4385.16,4385.705,4384.629999999999,4385.014999999999,76
2026-08-17 12:57:00+00:00,4385.155000000001,4385.594999999999,4384.49,4385.035,70
2026-08-17 12:58:00+00:00,4385.1849999999995,4386.57,4385.035,4386.035,102
2026-08-17 12:59:00+00:00,4386.03,4386.03,4383.855,4384.9400000000005,112
2026-08-17 13:00:00+00:00,4385.0650000000005,4388.665,4383.92,4388.125,315
2026-08-17 13:01:00+00:00,4387.985000000001,4388.455,4385.075,4386.29,173
2026-08-17 13:02:00+00:00,4386.46,4386.46,4382.655000000001,4382.885,183
2026-08-17 13:03:00+00:00,4382.995,4384.945,4382.014999999999,4384.945,169
2026-08-17 13:04:00+00:00,4385.105,4385.844999999999,4384.145,4384.895,124
2026-08-17 13:05:00+00:00,4385.02,4385.275,4382.28,4384.365,120
2026-08-17 13:06:00+00:00,4384.25,4384.3,4383.0650000000005,4384.075000000001,102
2026-08-17 13:07:00+00:00,4383.905000000001,4386.29,4383.110000000001,4385.855,140
2026-08-17 13:08:00+00:00,4385.73,4385.83,4383.465,4384.264999999999,107
2026-08-17 13:09:00+00:00,4384.275,4385.844999999999,4384.129999999999,4385.635,89
2026-08-17 13:10:00+00:00,4385.754999999999,4388.0,4385.299999999999,4386.805,145
2026-08-17 13:11:00+00:00,4386.674999999999,4388.465,4386.674999999999,4387.65,82
2026-08-17 13:12:00+00:00,4387.77,4389.67,4387.475,4388.535,135
2026-08-17 13:13:00+00:00,4388.785,4389.655000000001,4387.514999999999,4388.415,114
2026-08-17 13:14:00+00:00,4388.275,4388.424999999999,4386.264999999999,4386.389999999999,75
2026-08-17 13:15:00+00:00,4386.535,4386.764999999999,4382.495000000001,4382.625,114
2026-08-17 13:16:00+00:00,4382.455,4385.275,4382.355,4383.8099999999995,129
2026-08-17 13:17:00+00:00,4383.695,4384.389999999999,4383.4400000000005,4384.030000000001,82
2026-08-17 13:18:00+00:00,4383.879999999999,4385.469999999999,4383.879999999999,4385.41,83
2026-08-17 13:19:00+00:00,4385.52,4387.09,4385.21,4385.745,127
2026-08-17 13:20:00+00:00,4385.875,4387.385,4384.805,4387.280000000001,131
2026-08-17 13:21:00+00:00,4387.15,4389.139999999999,4386.92,4387.4349999999995,105
2026-08-17 13:22:00+00:00,4387.205,4388.120000000001,4386.415,4387.785,82
2026-08-17 13:23:00+00:00,4387.895,4387.895,4385.965,4386.165,72
2026-08-17 13:24:00+00:00,4386.295,4386.945,4385.405000000001,4386.525,78
2026-08-17 13:25:00+00:00,4386.6900000000005,4388.465,4386.325000000001,4387.33,102
2026-08-17 13:26:00+00:00,4387.445,4388.25,4386.465,4386.945,94
2026-08-17 13:27:00+00:00,4386.9349999999995,4387.49,4386.16,4386.82,87
2026-08-17 13:28:00+00:00,4386.764999999999,4387.355,4385.955,4386.71,75
2026-08-17 13:29:00+00:00,4386.8150000000005,4387.68,4386.055,4386.344999999999,98
2026-08-17 13:30:00+00:00,4386.625,4388.1849999999995,4385.885,4387.93,302
2026-08-17 13:31:00+00:00,4387.79,4389.41,4386.6,4387.860000000001,201
2026-08-17 13:32:00+00:00,4387.76,4389.055,4386.235000000001,4388.745,208
2026-08-17 13:33:00+00:00,4388.6849999999995,4390.205,4388.0650000000005,4388.360000000001,206
2026-08-17 13:34:00+00:00,4388.365,4390.365,4388.235000000001,4388.755,184
2026-08-17 13:35:00+00:00,4388.865,4389.549999999999,4386.785,4386.915,243
2026-08-17 13:36:00+00:00,4386.9400000000005,4389.4,4385.995,4388.37,238
2026-08-17 13:37:00+00:00,4388.610000000001,4390.405000000001,4388.45,4390.29,211
2026-08-17 13:38:00+00:00,4390.17,4392.045,4389.635,4391.525,225
2026-08-17 13:39:00+00:00,4391.325000000001,4391.875,4388.045,4388.605,237
2026-08-17 13:40:00+00:00,4388.635,4389.695,4386.870000000001,4387.355,216
2026-08-17 13:41:00+00:00,4387.215,4388.025,4384.985000000001,4387.764999999999,241
2026-08-17 13:42:00+00:00,4387.61,4389.110000000001,4386.29,4387.235000000001,186
2026-08-17 13:43:00+00:00,4387.41,4387.83,4385.97,4387.165,207
2026-08-17 13:44:00+00:00,4386.94,4386.955,4384.92,4385.85,180
2026-08-17 13:45:00+00:00,4385.719999999999,4387.57,4384.68,4386.950000000001,227
2026-08-17 13:46:00+00:00,4386.84,4389.745000000001,4385.325,4388.745,238
2026-08-17 13:47:00+00:00,4388.885,4389.85,4386.545,4387.955,225
2026-08-17 13:48:00+00:00,4388.055,4392.615,4388.055,4392.254999999999,238
2026-08-17 13:49:00+00:00,4392.375,4395.74,4392.27,4395.255,223
2026-08-17 13:50:00+00:00,4395.395,4398.255,4394.745,4397.045,279
2026-08-17 13:51:00+00:00,4397.165,4401.9400000000005,4396.805,4401.495,285
2026-08-17 13:52:00+00:00,4401.725,4404.535,4401.65,4402.97,360
2026-08-17 13:53:00+00:00,4402.895,4407.49,4402.895,4405.585,329
2026-08-17 13:54:00+00:00,4405.34,4405.735000000001,4401.365,4401.639999999999,291
2026-08-17 13:55:00+00:00,4401.74,4407.469999999999,4401.594999999999,4405.639999999999,311
2026-08-17 13:56:00+00:00,4405.77,4408.9349999999995,4405.71,4408.76,279
2026-08-17 13:57:00+00:00,4408.9,4416.16,4408.9,4409.845,331
2026-08-17 13:58:00+00:00,4410.08,4410.95,4407.405000000001,4408.295,200
2026-08-17 13:59:00+00:00,4408.395,4409.82,4407.985000000001,4408.635,167
2026-08-17 14:00:00+00:00,4408.66,4410.075,4404.379999999999,4405.885,266
2026-08-17 14:01:00+00:00,4405.860000000001,4408.635,4405.385,4406.264999999999,258
2026-08-17 14:02:00+00:00,4406.41,4407.37,4405.175,4406.44,259
2026-08-17 14:03:00+00:00,4406.335,4408.635,4405.46,4408.035,181
2026-08-17 14:04:00+00:00,4407.915,4408.33,4406.36,4408.08,178
2026-08-17 14:05:00+00:00,4408.1,4408.53,4405.2,4406.795,260
2026-08-17 14:06:00+00:00,4406.83,4408.2,4405.74,4406.225,179
2026-08-17 14:07:00+00:00,4406.325000000001,4408.035,4405.23,4405.9400000000005,191
2026-08-17 14:08:00+00:00,4405.83,4406.57,4405.27,4405.75,149
2026-08-17 14:09:00+00:00,4405.84,4406.075,4404.845,4405.28,173
2026-08-17 14:10:00+00:00,4405.38,4405.66,4403.8099999999995,4405.13,144
2026-08-17 14:11:00+00:00,4405.25,4405.665,4403.799999999999,4403.9349999999995,142
2026-08-17 14:12:00+00:00,4404.035,4407.639999999999,4404.035,4407.379999999999,175
2026-08-17 14:13:00+00:00,4407.485000000001,4411.8,4407.344999999999,4410.03,200
2026-08-17 14:14:00+00:00,4410.14,4412.9400000000005,4409.4349999999995,4412.37,187
2026-08-17 14:15:00+00:00,4412.555,4414.43,4411.84,4413.75,210
2026-08-17 14:16:00+00:00,4413.38,4416.92,4411.915,4413.475,261
2026-08-17 14:17:00+00:00,4413.639999999999,4417.844999999999,4413.465,4416.415,259
2026-08-17 14:18:00+00:00,4416.415,4418.715,4415.610000000001,4417.129999999999,286
2026-08-17 14:19:00+00:00,4416.895,4420.81,4416.785,4418.49,216
2026-08-17 14:20:00+00:00,4418.68,4420.49,4417.325,4418.215,234
2026-08-17 14:21:00+00:00,4418.32,4421.775,4417.97,4420.115,231
2026-08-17 14:22:00+00:00,4420.004999999999,4422.825,4418.79,4422.135,230
2026-08-17 14:23:00+00:00,4422.235000000001,4426.655000000001,4421.39,4425.535,227
2026-08-17 14:24:00+00:00,4425.38,4427.620000000001,4423.98,4424.15,280
2026-08-17 14:25:00+00:00,4424.125,4426.26,4423.285,4423.49,254
2026-08-17 14:26:00+00:00,4423.379999999999,4423.735000000001,4421.225,4421.4349999999995,201
2026-08-17 14:27:00+00:00,4421.545,4422.08,4417.7,4418.365,221
2026-08-17 14:28:00+00:00,4418.485000000001,4419.215,4415.795,4416.035,185
2026-08-17 14:29:00+00:00,4415.915,4418.585,4415.915,4418.29,213
2026-08-17 14:30:00+00:00,4418.360000000001,4421.445,4417.975,4420.195,228
2026-08-17 14:31:00+00:00,4420.08,4420.295,4418.370000000001,4419.764999999999,153
2026-08-17 14:32:00+00:00,4419.875,4423.955,4419.6849999999995,4423.955,185
2026-08-17 14:33:00+00:00,4424.139999999999,4424.72,4423.43,4423.91,205
2026-08-17 14:34:00+00:00,4424.02,4424.475,4422.07,4422.18,184
2026-08-17 14:35:00+00:00,4422.29,4423.59,4421.555,4421.605,210
2026-08-17 14:36:00+00:00,4421.625,4422.594999999999,4420.344999999999,4421.360000000001,291
2026-08-17 14:37:00+00:00,4421.275,4421.92,4418.38,4419.945,294
2026-08-17 14:38:00+00:00,4419.605,4419.965,4416.635,4417.205,171
2026-08-17 14:39:00+00:00,4417.075,4418.255,4416.514999999999,4417.605,146
2026-08-17 14:40:00+00:00,4417.725,4420.735000000001,4417.725,4419.345,260
2026-08-17 14:41:00+00:00,4419.535,4421.71,4418.805,4419.115,203
2026-08-17 14:42:00+00:00,4419.3150000000005,4419.975,4419.125,4419.57,104
2026-08-17 14:43:00+00:00,4419.7,4421.16,4418.5,4418.5,157
2026-08-17 14:44:00+00:00,4418.605,4419.385,4417.115,4417.290000000001,199
2026-08-17 14:45:00+00:00,4417.33,4417.77,4416.51,4416.51,199
2026-08-17 14:46:00+00:00,4416.62,4417.09,4413.98,4415.04,183
2026-08-17 14:47:00+00:00,4415.15,4416.02,4414.299999999999,4415.84,164
2026-08-17 14:48:00+00:00,4415.87,4419.74,4415.41,4418.639999999999,141
2026-08-17 14:49:00+00:00,4418.93,4419.26,4417.1849999999995,4417.3150000000005,139
2026-08-17 14:50:00+00:00,4417.455,4421.135,4417.344999999999,4420.625,201
2026-08-17 14:51:00+00:00,4420.635,4421.035,4418.665,4419.29,197
2026-08-17 14:52:00+00:00,4419.4349999999995,4419.99,4418.555,4419.12,197
2026-08-17 14:53:00+00:00,4419.25,4420.045,4417.094999999999,4417.835,197
2026-08-17 14:54:00+00:00,4417.674999999999,4417.865,4416.04,4416.615,159
2026-08-17 14:55:00+00:00,4416.775,4418.514999999999,4416.58,4417.725,174
2026-08-17 14:56:00+00:00,4417.83,4417.975,4414.645,4414.915,147
2026-08-17 14:57:00+00:00,4415.035,4416.215,4414.805,4415.495000000001,140
2026-08-17 14:58:00+00:00,4415.485000000001,4415.955,4415.13,4415.5,214
2026-08-17 14:59:00+00:00,4415.535,4417.395,4415.535,4417.395,257
2026-08-17 15:00:00+00:00,4417.5599999999995,4418.32,4416.58,4416.715,333
2026-08-17 15:01:00+00:00,4416.8150000000005,4417.4400000000005,4415.225,4417.01,293
2026-08-17 15:02:00+00:00,4417.12,4418.76,4416.155000000001,4418.635,323
2026-08-17 15:03:00+00:00,4418.615,4418.615,4416.389999999999,4417.3150000000005,229
2026-08-17 15:04:00+00:00,4417.3099999999995,4419.17,4416.860000000001,4418.535,223
2026-08-17 15:05:00+00:00,4418.514999999999,4419.969999999999,4417.924999999999,4418.91,242
2026-08-17 15:06:00+00:00,4419.01,4419.905,4418.485000000001,4418.84,202
2026-08-17 15:07:00+00:00,4418.92,4419.35,4417.3150000000005,4418.465,215
2026-08-17 15:08:00+00:00,4418.46,4418.465,4416.635,4417.895,206
2026-08-17 15:09:00+00:00,4417.995000000001,4418.360000000001,4416.165,4417.24,195
2026-08-17 15:10:00+00:00,4416.915,4419.785,4416.1900000000005,4419.65,234
2026-08-17 15:11:00+00:00,4419.785,4420.945,4419.29,4420.925,200
2026-08-17 15:12:00+00:00,4420.9400000000005,4422.389999999999,4420.505,4421.59,258
2026-08-17 15:13:00+00:00,4421.639999999999,4421.639999999999,4420.67,4421.03,159
2026-08-17 15:14:00+00:00,4421.0599999999995,4421.625,4420.549999999999,4421.455,215
2026-08-17 15:15:00+00:00,4421.344999999999,4422.17,4420.355,4422.05,261
2026-08-17 15:16:00+00:00,4422.014999999999,4422.725,4421.120000000001,4422.495,222
2026-08-17 15:17:00+00:00,4422.6,4423.285,4420.8099999999995,4420.8099999999995,235
2026-08-17 15:18:00+00:00,4420.52,4422.32,4419.635,4422.175,288
2026-08-17 15:19:00+00:00,4422.17,4422.8099999999995,4421.68,4422.1900000000005,214
2026-08-17 15:20:00+00:00,4422.305,4423.47,4422.095,4422.885,258
2026-08-17 15:21:00+00:00,4422.955,4423.955,4421.875,4423.05,280
2026-08-17 15:22:00+00:00,4422.975,4423.754999999999,4421.59,4423.665,251
2026-08-17 15:23:00+00:00,4423.585,4423.95,4422.145,4423.79,200
2026-08-17 15:24:00+00:00,4423.65,4423.885,4422.805,4423.360000000001,180
2026-08-17 15:25:00+00:00,4423.51,4424.195,4421.465,4421.465,231
2026-08-17 15:26:00+00:00,4421.59,4423.67,4420.965,4422.73,257
2026-08-17 15:27:00+00:00,4422.63,4424.264999999999,4422.49,4424.055,255
2026-08-17 15:28:00+00:00,4424.02,4425.91,4423.975,4425.76,290
2026-08-17 15:29:00+00:00,4425.5599999999995,4426.16,4424.9400000000005,4425.514999999999,250
2026-08-17 15:30:00+00:00,4425.49,4426.525,4425.145,4425.25,273
2026-08-17 15:31:00+00:00,4425.379999999999,4425.379999999999,4422.79,4423.18,219
2026-08-17 15:32:00+00:00,4423.16,4423.59,4421.4349999999995,4423.58,241
2026-08-17 15:33:00+00:00,4423.5650000000005,4423.715,4422.445,4422.719999999999,202
2026-08-17 15:34:00+00:00,4422.625,4423.505,4422.625,4422.795,202
2026-08-17 15:35:00+00:00,4422.865,4423.325,4421.6900000000005,4422.6,216
2026-08-17 15:36:00+00:00,4422.57,4422.74,4420.28,4421.935,255
2026-08-17 15:37:00+00:00,4421.79,4423.46,4420.9400000000005,4423.39,166
2026-08-17 15:38:00+00:00,4423.725,4423.895,4422.139999999999,4422.745,186
2026-08-17 15:39:00+00:00,4422.764999999999,4423.43,4422.049999999999,4422.105,177
2026-08-17 15:40:00+00:00,4421.975,4423.67,4421.825,4422.105,230
2026-08-17 15:41:00+00:00,4421.985000000001,4422.33,4420.6900000000005,4420.8150000000005,284
2026-08-17 15:42:00+00:00,4420.845,4421.26,4420.365,4420.485000000001,196
2026-08-17 15:43:00+00:00,4420.635,4422.01,4420.46,4421.8,238
2026-08-17 15:44:00+00:00,4421.95,4422.105,4418.895,4419.355,227
2026-08-17 15:45:00+00:00,4419.305,4419.495000000001,4417.8150000000005,4418.615,217
2026-08-17 15:46:00+00:00,4418.72,4420.855,4418.545,4420.379999999999,216
2026-08-17 15:47:00+00:00,4420.51,4422.115,4419.924999999999,4421.715,166
2026-08-17 15:48:00+00:00,4421.695,4424.495,4421.62,4424.25,250
2026-08-17 15:49:00+00:00,4424.245,4424.32,4423.005,4423.835,210
2026-08-17 15:50:00+00:00,4423.695,4424.24,4423.17,4424.0599999999995,230
2026-08-17 15:51:00+00:00,4424.155000000001,4424.395,4423.23,4423.95,128
2026-08-17 15:52:00+00:00,4423.855,4424.62,4423.575,4424.365,159
2026-08-17 15:53:00+00:00,4424.385,4425.7,4423.674999999999,4425.42,195
2026-08-17 15:54:00+00:00,4425.35,4426.860000000001,4425.23,4426.3099999999995,211
2026-08-17 15:55:00+00:00,4426.38,4427.86,4426.219999999999,4427.66,205
2026-08-17 15:56:00+00:00,4427.67,4427.8,4426.405000000001,4427.6,222
2026-08-17 15:57:00+00:00,4427.615,4427.875,4426.2,4426.5650000000005,185
2026-08-17 15:58:00+00:00,4426.485000000001,4427.635,4426.26,4427.04,145
2026-08-17 15:59:00+00:00,4426.9400000000005,4427.77,4425.835,4427.66,180
2026-08-17 16:00:00+00:00,4427.655000000001,4427.93,4426.5599999999995,4426.62,238
2026-08-17 16:01:00+00:00,4426.735000000001,4428.25,4425.34,4425.645,254
2026-08-17 16:02:00+00:00,4425.620000000001,4425.955,4424.77,4425.075,201
2026-08-17 16:03:00+00:00,4425.0,4425.6,4424.0,4425.305,152
2026-08-17 16:04:00+00:00,4425.2,4426.255,4424.77,4425.54,159
2026-08-17 16:05:00+00:00,4425.635,4425.635,4424.780000000001,4425.09,168
2026-08-17 16:06:00+00:00,4425.05,4425.9400000000005,4424.255,4424.42,155
2026-08-17 16:07:00+00:00,4424.379999999999,4426.4400000000005,4424.22,4425.98,140
2026-08-17 16:08:00+00:00,4425.985000000001,4428.01,4425.695,4427.315,150
2026-08-17 16:09:00+00:00,4427.305,4428.405000000001,4426.5599999999995,4427.515,186
2026-08-17 16:10:00+00:00,4427.51,4428.945,4426.6,4427.4400000000005,196
2026-08-17 16:11:00+00:00,4427.5599999999995,4427.639999999999,4426.745,4427.28,132
2026-08-17 16:12:00+00:00,4427.299999999999,4427.299999999999,4425.975,4426.275,127
2026-08-17 16:13:00+00:00,4426.22,4426.98,4426.049999999999,4426.395,125
2026-08-17 16:14:00+00:00,4426.545,4426.950000000001,4425.68,4426.045,122
2026-08-17 16:15:00+00:00,4426.049999999999,4427.365,4425.83,4427.174999999999,151
2026-08-17 16:16:00+00:00,4427.21,4427.48,4426.465,4426.63,176
2026-08-17 16:17:00+00:00,4426.605,4427.105,4425.780000000001,4426.225,126
2026-08-17 16:18:00+00:00,4426.215,4426.370000000001,4425.495000000001,4425.55,159
2026-08-17 16:19:00+00:00,4425.5650000000005,4426.32,4425.355,4425.84,174
2026-08-17 16:20:00+00:00,4425.745000000001,4426.535,4424.85,4426.0,248
2026-08-17 16:21:00+00:00,4426.02,4427.77,4425.985000000001,4427.115,173
2026-08-17 16:22:00+00:00,4427.1900000000005,4427.825,4426.915,4426.93,137
2026-08-17 16:23:00+00:00,4426.835,4427.07,4425.200000000001,4425.655,179
2026-08-17 16:24:00+00:00,4425.71,4425.745,4424.8150000000005,4425.145,206
2026-08-17 16:25:00+00:00,4425.219999999999,4425.33,4424.245,4424.245,177
2026-08-17 16:26:00+00:00,4424.0650000000005,4424.79,4423.6,4424.155000000001,137
2026-08-17 16:27:00+00:00,4424.254999999999,4424.64,4423.014999999999,4423.57,165
2026-08-17 16:28:00+00:00,4423.4400000000005,4424.049999999999,4423.35,4423.485,129
2026-08-17 16:29:00+00:00,4423.584999999999,4424.985000000001,4423.545,4424.870000000001,144
2026-08-17 16:30:00+00:00,4425.030000000001,4425.255,4423.754999999999,4424.635,218
2026-08-17 16:31:00+00:00,4424.725,4425.35,4424.475,4424.475,137
2026-08-17 16:32:00+00:00,4424.549999999999,4424.77,4422.875,4422.875,120
2026-08-17 16:33:00+00:00,4422.969999999999,4424.035,4422.855,4423.719999999999,135
2026-08-17 16:34:00+00:00,4423.805,4424.625,4423.805,4424.105,81
2026-08-17 16:35:00+00:00,4424.13,4424.4400000000005,4423.495,4424.34,148
2026-08-17 16:36:00+00:00,4424.43,4425.665000000001,4424.43,4425.585,119
2026-08-17 16:37:00+00:00,4425.705,4426.41,4425.285,4426.385,144
2026-08-17 16:38:00+00:00,4426.515,4427.105,4425.6900000000005,4426.315,145
2026-08-17 16:39:00+00:00,4426.395,4426.754999999999,4426.225,4426.585,83
2026-08-17 16:40:00+00:00,4426.57,4426.865,4425.32,4426.405000000001,109
2026-08-17 16:41:00+00:00,4426.4400000000005,4426.755,4425.645,4425.65,89
2026-08-17 16:42:00+00:00,4425.715,4425.9,4425.15,4425.665,125
2026-08-17 16:43:00+00:00,4425.84,4426.46,4425.545,4426.01,85
2026-08-17 16:44:00+00:00,4425.995,4426.005,4424.360000000001,4424.674999999999,116
2026-08-17 16:45:00+00:00,4424.67,4424.985000000001,4423.1849999999995,4423.674999999999,118
2026-08-17 16:46:00+00:00,4423.53,4424.110000000001,4423.37,4423.8099999999995,110
2026-08-17 16:47:00+00:00,4423.885,4424.055,4423.355,4423.45,100
2026-08-17 16:48:00+00:00,4423.43,4424.424999999999,4422.6,4422.75,133
2026-08-17 16:49:00+00:00,4422.77,4424.59,4422.735000000001,4424.360000000001,139
2026-08-17 16:50:00+00:00,4424.22,4425.49,4423.860000000001,4424.955,100
2026-08-17 16:51:00+00:00,4425.195,4425.5650000000005,4424.29,4424.535,87
2026-08-17 16:52:00+00:00,4424.54,4424.764999999999,4423.02,4423.02,124
2026-08-17 16:53:00+00:00,4422.995,4423.5599999999995,4422.674999999999,4423.245,89
2026-08-17 16:54:00+00:00,4423.355,4423.5599999999995,4422.67,4423.3099999999995,113
2026-08-17 16:55:00+00:00,4423.33,4425.525,4423.33,4425.004999999999,120
2026-08-17 16:56:00+00:00,4424.995,4425.155000000001,4424.535,4424.955,110
2026-08-17 16:57:00+00:00,4424.950000000001,4425.42,4424.385,4424.695,99
2026-08-17 16:58:00+00:00,4424.594999999999,4425.225,4424.47,4424.9,105
2026-08-17 16:59:00+00:00,4425.014999999999,4425.014999999999,4423.76,4424.275,127
2026-08-17 17:00:00+00:00,4424.1900000000005,4424.635,4423.645,4423.945,187
2026-08-17 17:01:00+00:00,4423.92,4425.475,4423.85,4425.24,124
2026-08-17 17:02:00+00:00,4425.485,4426.21,4424.945,4425.89,97
2026-08-17 17:03:00+00:00,4426.0,4426.17,4424.875,4425.0650000000005,124
2026-08-17 17:04:00+00:00,4425.049999999999,4426.135,4424.275,4424.575000000001,123
2026-08-17 17:05:00+00:00,4424.76,4424.865,4422.7,4422.7,193
2026-08-17 17:06:00+00:00,4422.69,4423.055,4421.85,4421.85,156
2026-08-17 17:07:00+00:00,4421.845,4422.585,4421.4349999999995,4421.4349999999995,181
2026-08-17 17:08:00+00:00,4421.33,4422.110000000001,4421.254999999999,4421.715,154
2026-08-17 17:09:00+00:00,4421.835,4422.475,4421.5650000000005,4422.355,150
2026-08-17 17:10:00+00:00,4422.3150000000005,4423.195,4422.12,4422.995,123
2026-08-17 17:11:00+00:00,4423.0,4423.02,4422.055,4422.235,138
2026-08-17 17:12:00+00:00,4422.145,4422.525,4421.865,4422.21,104
2026-08-17 17:13:00+00:00,4422.280000000001,4422.83,4421.895,4422.455,160
2026-08-17 17:14:00+00:00,4422.6,4423.5,4421.754999999999,4422.96,149
2026-08-17 17:15:00+00:00,4422.965,4423.295,4421.5599999999995,4421.799999999999,191
2026-08-17 17:16:00+00:00,4421.639999999999,4421.745000000001,4420.885,4421.0,168
2026-08-17 17:17:00+00:00,4421.09,4421.52,4420.635,4420.924999999999,201
2026-08-17 17:18:00+00:00,4421.08,4421.91,4420.32,4421.665,222
2026-08-17 17:19:00+00:00,4421.514999999999,4421.514999999999,4418.91,4419.555,192
2026-08-17 17:20:00+00:00,4419.43,4419.955,4418.625,4419.205,181
2026-08-17 17:21:00+00:00,4419.22,4420.415,4419.135,4419.21,177
2026-08-17 17:22:00+00:00,4419.200000000001,4419.99,4418.700000000001,4419.32,151
2026-08-17 17:23:00+00:00,4419.325000000001,4419.455,4416.924999999999,4417.205,253
2026-08-17 17:24:00+00:00,4417.155,4417.155,4416.025,4416.764999999999,350
2026-08-17 17:25:00+00:00,4416.78,4417.535,4416.54,4417.045,231
2026-08-17 17:26:00+00:00,4417.035,4417.41,4413.98,4415.235000000001,231
2026-08-17 17:27:00+00:00,4415.3,4415.34,4413.32,4414.04,217
2026-08-17 17:28:00+00:00,4413.9349999999995,4415.075000000001,4413.68,4414.75,252
2026-08-17 17:29:00+00:00,4414.625,4417.49,4414.625,4416.535,412
2026-08-17 17:30:00+00:00,4416.46,4417.275,4415.455,4415.705,276
2026-08-17 17:31:00+00:00,4415.68,4415.780000000001,4413.93,4414.605,258
2026-08-17 17:32:00+00:00,4414.615,4418.879999999999,4413.98,4417.98,269
2026-08-17 17:33:00+00:00,4417.969999999999,4418.1849999999995,4416.594999999999,4417.46,172
2026-08-17 17:34:00+00:00,4417.4400000000005,4417.89,4417.174999999999,4417.275,114
2026-08-17 17:35:00+00:00,4417.17,4417.62,4415.385,4415.780000000001,169
2026-08-17 17:36:00+00:00,4415.655000000001,4416.805,4415.35,4416.27,177
2026-08-17 17:37:00+00:00,4416.265,4416.34,4415.235000000001,4415.469999999999,179
2026-08-17 17:38:00+00:00,4415.585,4415.665,4414.285,4414.835,161
2026-08-17 17:39:00+00:00,4414.725,4414.725,4411.785,4411.955,258
2026-08-17 17:40:00+00:00,4412.07,4412.62,4411.22,4412.325000000001,156
2026-08-17 17:41:00+00:00,4412.43,4413.715,4412.32,4413.04,225
2026-08-17 17:42:00+00:00,4413.14,4415.66,4413.135,4415.135,166
2026-08-17 17:43:00+00:00,4415.0650000000005,4415.87,4414.915,4415.47,176
2026-08-17 17:44:00+00:00,4415.46,4417.64,4415.46,4417.465,221
2026-08-17 17:45:00+00:00,4417.54,4419.235000000001,4417.219999999999,4419.0650000000005,222
2026-08-17 17:46:00+00:00,4419.05,4420.535,4418.035,4418.38,232
2026-08-17 17:47:00+00:00,4418.465,4419.09,4418.045,4418.505,168
2026-08-17 17:48:00+00:00,4418.495000000001,4419.325000000001,4418.325000000001,4418.435,130
2026-08-17 17:49:00+00:00,4418.450000000001,4419.335,4418.27,4419.255,115
2026-08-17 17:50:00+00:00,4419.17,4420.73,4419.075000000001,4419.985000000001,176
2026-08-17 17:51:00+00:00,4419.99,4420.335,4418.105,4418.34,143
2026-08-17 17:52:00+00:00,4418.375,4418.685,4417.965,4418.22,116
2026-08-17 17:53:00+00:00,4418.125,4418.465,4417.865,4418.02,140
2026-08-17 17:54:00+00:00,4418.01,4418.86,4416.89,4417.205,116
2026-08-17 17:55:00+00:00,4417.36,4418.145,4417.335,4417.635,139
2026-08-17 17:56:00+00:00,4417.625,4417.635,4415.355,4415.4400000000005,220
2026-08-17 17:57:00+00:00,4415.175,4415.405,4413.85,4414.174999999999,187
2026-08-17 17:58:00+00:00,4414.264999999999,4414.625,4413.71,4414.15,127
2026-08-17 17:59:00+00:00,4414.07,4414.07,4413.195,4413.57,144
2026-08-17 18:00:00+00:00,4413.59,4414.425,4413.24,4413.700000000001,200
2026-08-17 18:01:00+00:00,4413.66,4414.135,4413.030000000001,4413.75,165
2026-08-17 18:02:00+00:00,4413.885,4414.115,4412.335,4412.54,199
2026-08-17 18:03:00+00:00,4412.424999999999,4412.455,4410.83,4411.73,196
2026-08-17 18:04:00+00:00,4411.825,4412.15,4410.860000000001,4411.365,146
2026-08-17 18:05:00+00:00,4411.38,4411.469999999999,4410.46,4411.115,170
2026-08-17 18:06:00+00:00,4411.285,4412.78,4411.285,4412.62,216
2026-08-17 18:07:00+00:00,4412.605,4412.9349999999995,4411.145,4412.83,242
2026-08-17 18:08:00+00:00,4412.825000000001,4413.12,4411.84,4412.139999999999,189
2026-08-17 18:09:00+00:00,4412.025,4412.1900000000005,4411.34,4411.82,173
2026-08-17 18:10:00+00:00,4411.835,4411.835,4410.42,4410.889999999999,211
2026-08-17 18:11:00+00:00,4410.885,4411.01,4410.35,4410.875,167
2026-08-17 18:12:00+00:00,4410.995,4412.174999999999,4410.91,4411.96,156
2026-08-17 18:13:00+00:00,4411.99,4412.22,4410.99,4411.38,162
2026-08-17 18:14:00+00:00,4411.525,4413.795,4411.525,4413.76,156
2026-08-17 18:15:00+00:00,4413.89,4415.34,4413.44,4413.67,250
2026-08-17 18:16:00+00:00,4413.8,4414.78,4413.52,4414.78,144
2026-08-17 18:17:00+00:00,4414.655,4415.265,4413.955,4415.12,148
2026-08-17 18:18:00+00:00,4415.02,4416.1,4414.81,4415.775,166
2026-08-17 18:19:00+00:00,4415.605,4415.84,4414.895,4415.03,96
2026-08-17 18:20:00+00:00,4414.88,4414.885,4412.950000000001,4413.215,125
2026-08-17 18:21:00+00:00,4413.18,4413.42,4412.825000000001,4412.924999999999,114
2026-08-17 18:22:00+00:00,4412.93,4414.21,4412.385,4413.9,126
2026-08-17 18:23:00+00:00,4414.025,4415.335,4413.3150000000005,4413.3150000000005,162
2026-08-17 18:24:00+00:00,4412.695,4412.705,4408.92,4409.255,225
2026-08-17 18:25:00+00:00,4409.264999999999,4409.3150000000005,4407.145,4408.33,204
2026-08-17 18:26:00+00:00,4408.43,4409.9400000000005,4408.415,4409.745000000001,165
2026-08-17 18:27:00+00:00,4409.605,4409.9,4407.705,4408.23,170
2026-08-17 18:28:00+00:00,4408.225,4408.49,4405.325000000001,4406.625,283
2026-08-17 18:29:00+00:00,4406.514999999999,4407.02,4404.8,4406.264999999999,248
2026-08-17 18:30:00+00:00,4406.295,4407.055,4404.27,4405.014999999999,251
2026-08-17 18:31:00+00:00,4405.165,4405.165,4401.514999999999,4401.715,228
2026-08-17 18:32:00+00:00,4401.71,4404.3,4401.325,4404.075,249
2026-08-17 18:33:00+00:00,4404.17,4404.17,4399.0650000000005,4399.695,254
2026-08-17 18:34:00+00:00,4399.705,4401.4400000000005,4398.115,4400.075,229
2026-08-17 18:35:00+00:00,4400.055,4402.335,4400.04,4401.87,175
2026-08-17 18:36:00+00:00,4401.755,4401.755,4399.6900000000005,4399.695,163
2026-08-17 18:37:00+00:00,4399.54,4401.495000000001,4399.365,4401.37,168
2026-08-17 18:38:00+00:00,4401.355,4402.5,4400.71,4401.25,157
2026-08-17 18:39:00+00:00,4401.255,4402.4,4401.17,4402.4,116
2026-08-17 18:40:00+00:00,4402.35,4403.01,4401.799999999999,4402.965,121
2026-08-17 18:41:00+00:00,4402.945,4403.655000000001,4402.845,4402.845,150
2026-08-17 18:42:00+00:00,4402.65,4403.9400000000005,4402.035,4403.8099999999995,140
2026-08-17 18:43:00+00:00,4403.85,4404.875,4403.535,4403.57,157
2026-08-17 18:44:00+00:00,4403.495000000001,4403.735000000001,4401.52,4401.525,123
2026-08-17 18:45:00+00:00,4401.46,4402.21,4400.18,4400.54,185
2026-08-17 18:46:00+00:00,4400.485,4402.74,4400.485,4402.705,133
2026-08-17 18:47:00+00:00,4402.68,4403.46,4402.055,4402.8099999999995,96
2026-08-17 18:48:00+00:00,4402.705,4405.285,4402.4,4405.285,135
2026-08-17 18:49:00+00:00,4405.275,4406.265,4405.049999999999,4406.0,133
2026-08-17 18:50:00+00:00,4406.049999999999,4406.895,4405.415000000001,4405.415000000001,146
2026-08-17 18:51:00+00:00,4405.405000000001,4407.055,4405.215,4406.98,149
2026-08-17 18:52:00+00:00,4406.870000000001,4407.405000000001,4406.860000000001,4407.110000000001,111
2026-08-17 18:53:00+00:00,4407.014999999999,4407.370000000001,4406.445,4406.88,130
2026-08-17 18:54:00+00:00,4406.98,4407.295,4406.155000000001,4406.475,145
2026-08-17 18:55:00+00:00,4406.505,4406.785,4406.360000000001,4406.645,61
2026-08-17 18:56:00+00:00,4406.665,4407.115,4406.129999999999,4406.4400000000005,125
2026-08-17 18:57:00+00:00,4406.45,4406.755,4405.85,4406.37,91
2026-08-17 18:58:00+00:00,4406.295,4406.4400000000005,4406.115,4406.37,63
2026-08-17 18:59:00+00:00,4406.465,4406.945,4406.299999999999,4406.74,108
2026-08-17 19:00:00+00:00,4406.545,4407.25,4403.68,4405.02,174
2026-08-17 19:01:00+00:00,4405.115,4405.82,4404.415,4404.47,113
2026-08-17 19:02:00+00:00,4404.57,4405.3,4402.115,4403.780000000001,192
2026-08-17 19:03:00+00:00,4403.7,4404.59,4403.5,4404.055,74
2026-08-17 19:04:00+00:00,4404.18,4404.52,4403.12,4403.13,125
2026-08-17 19:05:00+00:00,4403.055,4403.535,4400.610000000001,4400.719999999999,160
2026-08-17 19:06:00+00:00,4400.745,4401.365,4400.25,4401.125,181
2026-08-17 19:07:00+00:00,4401.014999999999,4401.975,4400.475,4401.91,124
2026-08-17 19:08:00+00:00,4401.795,4403.385,4401.795,4402.805,109
2026-08-17 19:09:00+00:00,4402.825000000001,4403.8150000000005,4402.28,4403.8150000000005,138
2026-08-17 19:10:00+00:00,4403.905,4405.12,4403.780000000001,4405.105,169
2026-08-17 19:11:00+00:00,4404.995000000001,4405.594999999999,4404.295,4405.59,100
2026-08-17 19:12:00+00:00,4405.795,4406.055,4405.255,4405.455,106
2026-08-17 19:13:00+00:00,4405.465,4406.48,4405.115,4406.445,131
2026-08-17 19:14:00+00:00,4406.46,4408.695,4406.43,4408.665,213
2026-08-17 19:15:00+00:00,4408.49,4411.8150000000005,4408.49,4411.8150000000005,307
2026-08-17 19:16:00+00:00,4411.674999999999,4414.094999999999,4410.895,4413.485000000001,185
2026-08-17 19:17:00+00:00,4413.344999999999,4414.715,4412.775,4413.975,187
2026-08-17 19:18:00+00:00,4413.955,4415.93,4413.795,4415.93,189
2026-08-17 19:19:00+00:00,4415.9,4416.235000000001,4415.075000000001,4415.24,138
2026-08-17 19:20:00+00:00,4415.27,4416.375,4414.975,4415.445,196
2026-08-17 19:21:00+00:00,4415.385,4415.76,4414.995000000001,4415.54,155
2026-08-17 19:22:00+00:00,4415.37,4415.92,4415.09,4415.62,167
2026-08-17 19:23:00+00:00,4415.639999999999,4416.875,4415.605,4416.15,159
2026-08-17 19:24:00+00:00,4416.045,4416.955,4415.6900000000005,4416.08,127
2026-08-17 19:25:00+00:00,4415.91,4417.535,4415.75,4417.355,142
2026-08-17 19:26:00+00:00,4417.485000000001,4417.485000000001,4416.379999999999,4416.52,95
2026-08-17 19:27:00+00:00,4416.43,4416.875,4415.6,4415.88,104
2026-08-17 19:28:00+00:00,4415.889999999999,4416.41,4415.045,4415.045,96
2026-08-17 19:29:00+00:00,4415.04,4415.145,4414.53,4414.54,74
2026-08-17 19:30:00+00:00,4414.59,4415.46,4414.075,4415.22,149
2026-08-17 19:31:00+00:00,4415.18,4416.62,4415.0599999999995,4415.639999999999,116
2026-08-17 19:32:00+00:00,4415.625,4415.88,4415.110000000001,4415.355,101
2026-08-17 19:33:00+00:00,4415.37,4415.5599999999995,4415.014999999999,4415.32,59
2026-08-17 19:34:00+00:00,4415.335,4416.57,4415.335,4416.57,67
2026-08-17 19:35:00+00:00,4416.465,4417.315,4415.945,4416.405,136
2026-08-17 19:36:00+00:00,4416.415,4416.705,4415.04,4415.285,132
2026-08-17 19:37:00+00:00,4415.17,4416.594999999999,4415.16,4416.325000000001,67
2026-08-17 19:38:00+00:00,4416.33,4416.33,4415.57,4416.014999999999,88
2026-08-17 19:39:00+00:00,4415.945,4416.605,4415.889999999999,4416.52,100
2026-08-17 19:40:00+00:00,4416.620000000001,4416.945,4415.985000000001,4416.205,111
2026-08-17 19:41:00+00:00,4416.225,4416.605,4415.625,4416.405000000001,80
2026-08-17 19:42:00+00:00,4416.42,4417.775,4416.34,4417.585,112
2026-08-17 19:43:00+00:00,4417.8150000000005,4419.085,4417.535,4418.74,129
2026-08-17 19:44:00+00:00,4418.66,4420.43,4418.605,4419.51,250
2026-08-17 19:45:00+00:00,4419.49,4419.61,4418.59,4419.29,140
2026-08-17 19:46:00+00:00,4419.37,4419.42,4418.52,4419.26,117
2026-08-17 19:47:00+00:00,4418.975,4419.87,4418.97,4419.75,183
2026-08-17 19:48:00+00:00,4419.6900000000005,4420.389999999999,4419.385,4420.245000000001,181
2026-08-17 19:49:00+00:00,4420.264999999999,4421.2,4419.889999999999,4420.405000000001,154
2026-08-17 19:50:00+00:00,4420.34,4420.504999999999,4416.594999999999,4417.16,229
2026-08-17 19:51:00+00:00,4417.3099999999995,4418.299999999999,4416.645,4418.245,127
2026-08-17 19:52:00+00:00,4418.0,4418.629999999999,4417.334999999999,4417.865,167
2026-08-17 19:53:00+00:00,4417.75,4418.450000000001,4416.62,4418.389999999999,145
2026-08-17 19:54:00+00:00,4418.485000000001,4419.1,4418.025,4418.025,133
2026-08-17 19:55:00+00:00,4418.120000000001,4418.585,4417.745000000001,4418.125,229
2026-08-17 19:56:00+00:00,4417.9349999999995,4418.785,4417.58,4418.780000000001,196
2026-08-17 19:57:00+00:00,4418.93,4419.505,4418.549999999999,4418.975,179
2026-08-17 19:58:00+00:00,4419.115,4420.41,4418.985000000001,4420.235000000001,212
2026-08-17 19:59:00+00:00,4420.045,4421.1,4419.885,4420.02,206
2026-08-17 20:00:00+00:00,4419.889999999999,4421.5650000000005,4418.775,4418.965,149
2026-08-17 20:01:00+00:00,4418.805,4419.445,4418.674999999999,4419.275,108
2026-08-17 20:02:00+00:00,4419.38,4419.825,4419.295,4419.41,89
2026-08-17 20:03:00+00:00,4419.23,4419.23,4418.1849999999995,4418.955,70
2026-08-17 20:04:00+00:00,4418.785,4419.325,4418.695,4418.85,64
2026-08-17 20:05:00+00:00,4418.639999999999,4418.639999999999,4417.4400000000005,4417.465,68
2026-08-17 20:06:00+00:00,4417.54,4417.555,4416.629999999999,4416.87,56
2026-08-17 20:07:00+00:00,4416.9,4417.88,4416.879999999999,4417.83,38
2026-08-17 20:08:00+00:00,4417.969999999999,4418.03,4417.25,4417.285,34
2026-08-17 20:09:00+00:00,4417.395,4417.59,4417.205,4417.235000000001,61
2026-08-17 20:10:00+00:00,4417.37,4417.85,4416.8099999999995,4417.85,47
2026-08-17 20:11:00+00:00,4417.84,4417.92,4417.3099999999995,4417.389999999999,49
2026-08-17 20:12:00+00:00,4417.139999999999,4417.325,4416.85,4417.26,46
2026-08-17 20:13:00+00:00,4417.245,4417.835,4417.245,4417.775,30
2026-08-17 20:14:00+00:00,4417.795,4418.11,4417.635,4417.89,33
2026-08-17 20:15:00+00:00,4417.905000000001,4418.125,4417.89,4417.9400000000005,36
2026-08-17 20:16:00+00:00,4418.055,4418.075,4417.875,4417.875,17
2026-08-17 20:17:00+00:00,4417.93,4417.985000000001,4417.49,4417.9400000000005,49
2026-08-17 20:18:00+00:00,4418.03,4418.04,4417.610000000001,4417.715,28
2026-08-17 20:19:00+00:00,4417.77,4417.98,4417.655000000001,4417.98,26
2026-08-17 20:20:00+00:00,4418.105,4418.205,4417.63,4417.73,20
2026-08-17 20:21:00+00:00,4417.860000000001,4417.92,4417.674999999999,4417.88,31
2026-08-17 20:22:00+00:00,4417.9,4417.91,4417.54,4417.57,25
2026-08-17 20:23:00+00:00,4417.6849999999995,4417.6849999999995,4417.465,4417.469999999999,20
2026-08-17 20:24:00+00:00,4417.26,4417.370000000001,4417.014999999999,4417.014999999999,32
2026-08-17 20:25:00+00:00,4417.17,4417.295,4415.799999999999,4415.799999999999,64
2026-08-17 20:26:00+00:00,4415.719999999999,4415.905000000001,4415.280000000001,4415.66,35
2026-08-17 20:27:00+00:00,4415.755,4415.755,4415.200000000001,4415.42,52
2026-08-17 20:28:00+00:00,4415.41,4415.545,4415.174999999999,4415.495,45
2026-08-17 20:29:00+00:00,4415.469999999999,4415.535,4415.035,4415.3099999999995,31
2026-08-17 20:30:00+00:00,4415.195,4415.4349999999995,4415.1,4415.275,71
2026-08-17 20:31:00+00:00,4415.285,4415.335,4415.03,4415.105,22
2026-08-17 20:32:00+00:00,4415.110000000001,4415.77,4415.03,4415.6,35
2026-08-17 20:33:00+00:00,4415.59,4415.695,4415.08,4415.18,25
2026-08-17 20:34:00+00:00,4415.3099999999995,4415.48,4415.1,4415.275,41
2026-08-17 20:35:00+00:00,4415.27,4415.514999999999,4415.030000000001,4415.030000000001,27
2026-08-17 20:36:00+00:00,4415.035,4415.49,4414.745,4415.42,53
2026-08-17 20:37:00+00:00,4415.3099999999995,4415.335,4415.01,4415.22,39
2026-08-17 20:38:00+00:00,4415.205,4415.53,4415.03,4415.514999999999,32
2026-08-17 20:39:00+00:00,4415.525,4415.525,4414.6849999999995,4415.195,46
2026-08-17 20:40:00+00:00,4415.55,4415.665,4415.15,4415.15,63
2026-08-17 20:41:00+00:00,4415.305,4415.645,4415.04,4415.125,51
2026-08-17 20:42:00+00:00,4415.110000000001,4416.0,4415.049999999999,4415.52,48
2026-08-17 20:43:00+00:00,4415.504999999999,4415.54,4415.33,4415.33,9
2026-08-17 20:44:00+00:00,4415.35,4415.780000000001,4415.280000000001,4415.54,31
2026-08-17 20:45:00+00:00,4415.4400000000005,4416.04,4414.985,4415.67,39
2026-08-17 20:46:00+00:00,4415.83,4416.719999999999,4415.610000000001,4416.719999999999,25
2026-08-17 20:47:00+00:00,4416.610000000001,4416.610000000001,4415.780000000001,4415.780000000001,10
2026-08-17 20:48:00+00:00,4416.0,4416.0,4415.65,4415.73,10
2026-08-17 20:49:00+00:00,4415.85,4416.139999999999,4415.43,4415.77,14
2026-08-17 20:50:00+00:00,4415.92,4416.3,4415.65,4415.91,17
2026-08-17 20:51:00+00:00,4415.77,4415.975,4415.594999999999,4415.594999999999,9
2026-08-17 20:52:00+00:00,4415.45,4415.55,4415.215,4415.41,11
2026-08-17 20:53:00+00:00,4415.51,4415.625,4415.305,4415.360000000001,8
2026-08-17 20:54:00+00:00,4415.469999999999,4415.77,4415.335,4415.77,14
2026-08-17 20:55:00+00:00,4415.665,4416.5,4415.665,4416.29,17
2026-08-17 20:56:00+00:00,4416.16,4416.385,4415.83,4416.385,20
2026-08-17 20:57:00+00:00,4416.485000000001,4416.895,4415.99,4416.424999999999,26
2026-08-17 20:58:00+00:00,4416.3,4416.835,4416.105,4416.835,16
2026-08-17 20:59:00+00:00,4416.775,4417.495,4415.285,4415.87,49
2026-08-17 22:00:00+00:00,4420.025,4420.025,4417.36,4418.285,155
2026-08-17 22:01:00+00:00,4417.975,4418.535,4415.5650000000005,4416.385,57
2026-08-17 22:02:00+00:00,4416.38,4416.51,4415.29,4415.785,30
2026-08-17 22:03:00+00:00,4415.68,4416.88,4415.68,4416.42,52
2026-08-17 22:04:00+00:00,4416.6,4416.71,4415.99,4416.1,27
2026-08-17 22:05:00+00:00,4416.195,4416.325,4415.625,4416.25,27
2026-08-17 22:06:00+00:00,4415.975,4416.125,4415.3,4415.645,39
2026-08-17 22:07:00+00:00,4415.835,4416.235000000001,4415.0,4415.32,65
2026-08-17 22:08:00+00:00,4415.424999999999,4416.025,4415.085,4415.5,47
2026-08-17 22:09:00+00:00,4415.645,4416.25,4415.195,4415.764999999999,36
2026-08-17 22:10:00+00:00,4415.924999999999,4416.075000000001,4415.155000000001,4415.955,41
2026-08-17 22:11:00+00:00,4415.83,4416.755,4415.495,4416.535,52
2026-08-17 22:12:00+00:00,4416.424999999999,4416.719999999999,4416.035,4416.405000000001,34
2026-08-17 22:13:00+00:00,4416.209999999999,4416.745,4415.965,4416.57,38
2026-08-17 22:14:00+00:00,4416.615,4416.9400000000005,4416.215,4416.805,34
2026-08-17 22:15:00+00:00,4416.485000000001,4416.74,4415.895,4416.205,56
2026-08-17 22:16:00+00:00,4416.094999999999,4417.505,4416.094999999999,4417.255,36
2026-08-17 22:17:00+00:00,4417.105,4417.105,4415.655,4416.395,74
2026-08-17 22:18:00+00:00,4416.245,4416.885,4415.785,4415.99,70
2026-08-17 22:19:00+00:00,4415.79,4416.24,4415.58,4415.74,39
2026-08-17 22:20:00+00:00,4415.84,4416.47,4415.58,4416.47,53
2026-08-17 22:21:00+00:00,4416.25,4416.25,4415.24,4415.8,35
2026-08-17 22:22:00+00:00,4415.67,4416.25,4415.41,4416.18,37
2026-08-17 22:23:00+00:00,4416.07,4416.28,4415.33,4415.49,42
2026-08-17 22:24:00+00:00,4415.78,4415.94,4415.4,4415.69,23
2026-08-17 22:25:00+00:00,4415.48,4415.77,4414.92,4415.325000000001,38
2026-08-17 22:26:00+00:00,4415.475,4415.585,4413.56,4413.76,65
2026-08-17 22:27:00+00:00,4413.78,4413.9,4412.5,4413.08,50
2026-08-17 22:28:00+00:00,4412.82,4412.91,4412.07,4412.4,27
2026-08-17 22:29:00+00:00,4412.51,4413.21,4412.44,4412.45,31
2026-08-17 22:30:00+00:00,4412.6,4413.48,4412.01,4412.89,68
2026-08-17 22:31:00+00:00,4412.77,4412.77,4412.0,4412.610000000001,39
2026-08-17 22:32:00+00:00,4412.365,4412.85,4411.530000000001,4412.469999999999,37
2026-08-17 22:33:00+00:00,4412.325,4412.73,4411.855,4412.055,35
2026-08-17 22:34:00+00:00,4412.335,4413.215,4412.025,4412.87,69
2026-08-17 22:35:00+00:00,4413.030000000001,4413.145,4412.48,4412.93,45
2026-08-17 22:36:00+00:00,4412.79,4414.6,4412.68,4414.38,52
2026-08-17 22:37:00+00:00,4414.23,4415.05,4414.13,4414.865,33
2026-08-17 22:38:00+00:00,4414.76,4414.76,4413.485,4413.715,29
2026-08-17 22:39:00+00:00,4413.605,4414.035,4413.125,4413.5599999999995,27
2026-08-17 22:40:00+00:00,4413.45,4413.805,4413.1849999999995,4413.305,29
2026-08-17 22:41:00+00:00,4413.43,4414.465,4413.135,4414.129999999999,38
2026-08-17 22:42:00+00:00,4414.26,4414.775,4413.855,4414.700000000001,24
2026-08-17 22:43:00+00:00,4414.8099999999995,4415.635,4414.52,4415.3099999999995,30
2026-08-17 22:44:00+00:00,4415.4349999999995,4415.469999999999,4414.5,4414.82,31
2026-08-17 22:45:00+00:00,4414.705,4415.0,4414.280000000001,4414.73,25
2026-08-17 22:46:00+00:00,4414.84,4415.280000000001,4414.35,4415.09,32
2026-08-17 22:47:00+00:00,4415.195,4415.389999999999,4414.725,4415.094999999999,24
2026-08-17 22:48:00+00:00,4414.995,4415.1849999999995,4414.71,4415.17,26
2026-08-17 22:49:00+00:00,4415.02,4416.1900000000005,4415.02,4415.26,42
2026-08-17 22:50:00+00:00,4415.360000000001,4415.895,4415.05,4415.33,23
2026-08-17 22:51:00+00:00,4415.605,4415.62,4415.33,4415.34,13
2026-08-17 22:52:00+00:00,4415.45,4415.45,4414.58,4414.71,24
2026-08-17 22:53:00+00:00,4414.719999999999,4414.719999999999,4413.955,4413.955,23
2026-08-17 22:54:00+00:00,4414.165,4414.2,4412.255,4412.255,49
2026-08-17 22:55:00+00:00,4412.05,4413.52,4412.05,4412.84,42
2026-08-17 22:56:00+00:00,4412.955,4412.955,4412.075,4412.3,34
2026-08-17 22:57:00+00:00,4412.0650000000005,4412.285,4410.49,4411.58,63
2026-08-17 22:58:00+00:00,4411.3099999999995,4411.635,4410.76,4411.155,46
2026-08-17 22:59:00+00:00,4411.22,4411.975,4410.99,4411.655000000001,51
2026-08-17 23:00:00+00:00,4411.785,4412.715,4409.695,4412.135,88
2026-08-17 23:01:00+00:00,4412.255,4412.389999999999,4411.545,4412.235000000001,57
2026-08-17 23:02:00+00:00,4411.99,4412.175,4411.38,4411.785,45
2026-08-17 23:03:00+00:00,4411.925,4412.715,4411.844999999999,4412.254999999999,49
2026-08-17 23:04:00+00:00,4412.545,4413.594999999999,4411.895,4413.445,68
2026-08-17 23:05:00+00:00,4413.375,4413.575000000001,4412.77,4413.575000000001,41
2026-08-17 23:06:00+00:00,4413.584999999999,4414.245,4413.545,4413.9,45
2026-08-17 23:07:00+00:00,4413.485000000001,4413.715,4413.014999999999,4413.594999999999,31
2026-08-17 23:08:00+00:00,4413.615,4414.285,4413.575,4413.945,43
2026-08-17 23:09:00+00:00,4414.03,4414.365,4413.43,4413.805,44
2026-08-17 23:10:00+00:00,4413.945,4414.32,4413.18,4413.37,28
2026-08-17 23:11:00+00:00,4413.48,4414.24,4413.27,4414.14,41
2026-08-17 23:12:00+00:00,4413.99,4414.23,4413.98,4414.06,8
2026-08-17 23:13:00+00:00,4414.16,4414.36,4413.37,4413.56,24
2026-08-17 23:14:00+00:00,4413.28,4415.0599999999995,4413.28,4414.875,58
2026-08-17 23:15:00+00:00,4415.035,4416.145,4414.855,4416.055,49
2026-08-17 23:16:00+00:00,4415.9349999999995,4418.5599999999995,4415.665,4417.965,66
2026-08-17 23:17:00+00:00,4418.055,4418.055,4416.525,4416.905000000001,76
2026-08-17 23:18:00+00:00,4416.8099999999995,4417.985000000001,4416.54,4417.875,31
2026-08-17 23:19:00+00:00,4417.995,4418.4349999999995,4417.375,4417.775,41
2026-08-17 23:20:00+00:00,4417.63,4418.25,4417.44,4417.61,39
2026-08-17 23:21:00+00:00,4417.74,4418.22,4417.65,4417.86,25
2026-08-17 23:22:00+00:00,4417.75,4418.09,4416.89,4417.05,34
2026-08-17 23:23:00+00:00,4417.455,4417.455,4416.68,4417.22,39
2026-08-17 23:24:00+00:00,4417.42,4418.01,4416.42,4418.0,36
2026-08-17 23:25:00+00:00,4418.14,4420.1,4417.5,4420.1,72
2026-08-17 23:26:00+00:00,4419.86,4420.98,4419.7,4420.77,75
2026-08-17 23:27:00+00:00,4420.87,4421.95,4420.2,4420.87,49
2026-08-17 23:28:00+00:00,4421.01,4421.01,4419.87,4420.465,53
2026-08-17 23:29:00+00:00,4420.48,4420.48,4419.72,4420.43,30
2026-08-17 23:30:00+00:00,4420.32,4421.69,4419.93,4421.48,49
2026-08-17 23:31:00+00:00,4421.2,4422.23,4420.91,4421.715,79
2026-08-17 23:32:00+00:00,4421.945,4422.455,4421.41,4421.66,63
2026-08-17 23:33:00+00:00,4421.65,4421.67,4421.0,4421.395,42
2026-08-17 23:34:00+00:00,4421.235000000001,4422.389999999999,4420.610000000001,4422.1849999999995,74
2026-08-17 23:35:00+00:00,4422.0650000000005,4422.3,4421.1849999999995,4421.665,41
2026-08-17 23:36:00+00:00,4421.765,4422.405,4421.615,4422.215,30
2026-08-17 23:37:00+00:00,4422.505,4422.505,4421.4349999999995,4421.615,25
2026-08-17 23:38:00+00:00,4421.76,4422.42,4421.33,4422.33,38
2026-08-17 23:39:00+00:00,4421.875,4422.110000000001,4420.885,4421.375,41
2026-08-17 23:40:00+00:00,4421.495,4421.81,4420.290000000001,4420.855,75
2026-08-17 23:41:00+00:00,4420.755,4420.96,4420.0599999999995,4420.764999999999,61
2026-08-17 23:42:00+00:00,4420.635,4421.795,4420.5650000000005,4421.63,51
2026-08-17 23:43:00+00:00,4421.525,4422.515,4421.28,4422.13,119
2026-08-17 23:44:00+00:00,4422.28,4422.94,4421.99,4422.45,79
2026-08-17 23:45:00+00:00,4422.59,4423.030000000001,4421.719999999999,4422.18,94
2026-08-17 23:46:00+00:00,4422.3,4422.985000000001,4421.469999999999,4422.145,117
2026-08-17 23:47:00+00:00,4422.245000000001,4423.225,4421.764999999999,4422.365,70
2026-08-17 23:48:00+00:00,4422.625,4423.290000000001,4422.235000000001,4422.92,44
2026-08-17 23:49:00+00:00,4422.860000000001,4423.98,4422.860000000001,4423.79,88
2026-08-17 23:50:00+00:00,4423.68,4424.17,4423.18,4423.46,94
2026-08-17 23:51:00+00:00,4423.610000000001,4424.27,4423.219999999999,4424.045,79
2026-08-17 23:52:00+00:00,4423.91,4424.355,4423.610000000001,4424.0650000000005,68
2026-08-17 23:53:00+00:00,4424.195,4424.245,4422.605,4423.35,120
2026-08-17 23:54:00+00:00,4423.110000000001,4424.1900000000005,4422.719999999999,4423.5,125
2026-08-17 23:55:00+00:00,4423.629999999999,4424.465,4423.620000000001,4424.325000000001,67
2026-08-17 23:56:00+00:00,4424.44,4424.44,4422.915,4423.7,73
2026-08-17 23:57:00+00:00,4423.83,4424.6,4423.5650000000005,4424.325,73
2026-08-17 23:58:00+00:00,4424.5,4424.505,4423.225,4424.255,52
2026-08-17 23:59:00+00:00,4424.135,4426.085,4424.135,4425.98,82
2026-08-18 00:00:00+00:00,4425.875,4429.99,4422.58,4422.95,248
2026-08-18 00:01:00+00:00,4422.89,4423.3,4421.255,4421.765,150
2026-08-18 00:02:00+00:00,4422.055,4422.48,4420.26,4420.4,136
2026-08-18 00:03:00+00:00,4420.525,4423.945,4419.375,4423.924999999999,140
2026-08-18 00:04:00+00:00,4423.785,4425.625,4423.605,4425.465,119
2026-08-18 00:05:00+00:00,4425.325,4426.24,4424.09,4424.11,139
2026-08-18 00:06:00+00:00,4424.23,4424.67,4423.23,4424.44,127
2026-08-18 00:07:00+00:00,4424.64,4424.96,4422.73,4423.78,81
2026-08-18 00:08:00+00:00,4423.89,4424.62,4422.01,4422.01,92
2026-08-18 00:09:00+00:00,4422.09,4422.39,4420.05,4420.389999999999,107
2026-08-18 00:10:00+00:00,4420.4,4420.635,4419.38,4419.48,88
2026-08-18 00:11:00+00:00,4419.37,4421.48,4419.18,4420.43,92
2026-08-18 00:12:00+00:00,4420.53,4422.28,4420.45,4421.225,66
2026-08-18 00:13:00+00:00,4420.985,4420.985,4418.925,4419.66,78
2026-08-18 00:14:00+00:00,4419.495,4422.594999999999,4419.145,4421.8150000000005,88
2026-08-18 00:15:00+00:00,4421.66,4423.9349999999995,4421.01,4423.375,106
2026-08-18 00:16:00+00:00,4423.264999999999,4423.985,4421.615,4423.005,185
2026-08-18 00:17:00+00:00,4422.895,4426.375,4422.75,4425.93,131
2026-08-18 00:18:00+00:00,4425.83,4426.525,4424.015,4425.465,152
2026-08-18 00:19:00+00:00,4425.365,4428.35,4425.36,4427.15,202
2026-08-18 00:20:00+00:00,4427.29,4427.29,4423.04,4423.5599999999995,249
2026-08-18 00:21:00+00:00,4423.665,4426.82,4423.465,4426.4349999999995,110
2026-08-18 00:22:00+00:00,4426.450000000001,4427.65,4425.855,4426.455,128
2026-08-18 00:23:00+00:00,4426.485000000001,4430.725,4425.87,4430.41,141
2026-08-18 00:24:00+00:00,4430.58,4431.605,4427.265,4428.030000000001,189
2026-08-18 00:25:00+00:00,4427.825,4428.5,4426.129999999999,4427.655000000001,132
2026-08-18 00:26:00+00:00,4427.424999999999,4428.775,4425.02,4428.035,152
2026-08-18 00:27:00+00:00,4428.115,4430.855,4427.765,4430.85,156
2026-08-18 00:28:00+00:00,4430.715,4431.05,4428.975,4430.305,163
2026-08-18 00:29:00+00:00,4430.135,4431.71,4429.88,4431.465,149
2026-08-18 00:30:00+00:00,4431.295,4431.84,4429.095,4429.455,178
2026-08-18 00:31:00+00:00,4429.55,4429.915,4428.795,4429.21,120
2026-08-18 00:32:00+00:00,4428.99,4429.63,4428.4400000000005,4429.5,67
2026-08-18 00:33:00+00:00,4429.629999999999,4431.125,4429.629999999999,4430.31,108
2026-08-18 00:34:00+00:00,4430.18,4431.945,4429.78,4431.425,104
2026-08-18 00:35:00+00:00,4431.54,4431.99,4430.495,4431.4349999999995,110
2026-08-18 00:36:00+00:00,4431.23,4431.74,4431.155,4431.345,89
2026-08-18 00:37:00+00:00,4431.485,4433.605,4430.9,4433.325000000001,115
2026-08-18 00:38:00+00:00,4433.215,4433.3150000000005,4432.385,4432.755,61
2026-08-18 00:39:00+00:00,4432.62,4433.5650000000005,4432.34,4432.975,72
2026-08-18 00:40:00+00:00,4433.155,4433.155,4430.665,4430.665,115
2026-08-18 00:41:00+00:00,4430.635,4430.635,4428.725,4429.495,118
2026-08-18 00:42:00+00:00,4429.375,4429.515,4428.4349999999995,4429.025,81
2026-08-18 00:43:00+00:00,4429.105,4429.965,4428.895,4429.885,52
2026-08-18 00:44:00+00:00,4429.76,4430.075,4429.219999999999,4429.610000000001,52
2026-08-18 00:45:00+00:00,4429.725,4430.325,4429.0,4429.445,77
2026-08-18 00:46:00+00:00,4429.555,4429.555,4428.485,4429.280000000001,101
2026-08-18 00:47:00+00:00,4429.25,4429.84,4428.6,4429.15,73
2026-08-18 00:48:00+00:00,4429.030000000001,4429.475,4428.46,4429.34,66
2026-08-18 00:49:00+00:00,4429.805,4430.155,4428.99,4429.219999999999,50
2026-08-18 00:50:00+00:00,4429.4349999999995,4429.83,4429.1900000000005,4429.545,66
2026-08-18 00:51:00+00:00,4429.4349999999995,4430.25,4429.035,4429.6900000000005,99
2026-08-18 00:52:00+00:00,4429.625,4430.275,4429.48,4429.93,75
2026-08-18 00:53:00+00:00,4430.0650000000005,4430.535,4429.045,4429.530000000001,99
2026-08-18 00:54:00+00:00,4429.3099999999995,4429.635,4428.705,4429.385,85
2026-08-18 00:55:00+00:00,4429.55,4430.7,4429.4400000000005,4430.0,95
2026-08-18 00:56:00+00:00,4430.12,4430.6849999999995,4429.610000000001,4430.1900000000005,76
2026-08-18 00:57:00+00:00,4429.9,4430.595,4428.77,4428.92,98
2026-08-18 00:58:00+00:00,4429.255,4431.6900000000005,4428.96,4431.26,134
2026-08-18 00:59:00+00:00,4431.01,4435.174999999999,4430.42,4434.715,182
2026-08-18 01:00:00+00:00,4434.495,4436.09,4429.045,4431.83,404
2026-08-18 01:01:00+00:00,4431.665,4436.16,4430.525,4432.885,369
2026-08-18 01:02:00+00:00,4433.015,4435.755,4431.45,4433.985000000001,306
2026-08-18 01:03:00+00:00,4433.855,4435.2,4432.495,4434.8,223
2026-08-18 01:04:00+00:00,4434.9400000000005,4435.025,4430.985,4431.33,275
2026-08-18 01:05:00+00:00,4431.200000000001,4434.66,4430.17,4434.56,347
2026-08-18 01:06:00+00:00,4434.67,4436.265,4432.025,4432.209999999999,272
2026-08-18 01:07:00+00:00,4432.325000000001,4433.48,4432.095,4433.275,163
2026-08-18 01:08:00+00:00,4433.375,4433.6,4430.485000000001,4430.895,180
2026-08-18 01:09:00+00:00,4430.709999999999,4430.905000000001,4429.035,4430.594999999999,195
2026-08-18 01:10:00+00:00,4430.58,4431.16,4428.975,4430.860000000001,243
2026-08-18 01:11:00+00:00,4430.6900000000005,4431.98,4429.18,4430.285,252
2026-08-18 01:12:00+00:00,4430.35,4430.895,4429.15,4429.765,165
2026-08-18 01:13:00+00:00,4429.925,4430.525,4428.77,4428.895,159
2026-08-18 01:14:00+00:00,4428.79,4429.71,4428.54,4429.155000000001,105
2026-08-18 01:15:00+00:00,4429.4,4430.965,4428.74,4430.6849999999995,227
2026-08-18 01:16:00+00:00,4430.55,4430.55,4425.45,4426.46,262
2026-08-18 01:17:00+00:00,4426.3099999999995,4427.135,4425.155000000001,4425.24,209
2026-08-18 01:18:00+00:00,4425.21,4425.21,4422.75,4423.3150000000005,250
2026-08-18 01:19:00+00:00,4422.905,4425.3099999999995,4422.6,4425.205,209
2026-08-18 01:20:00+00:00,4425.465,4426.575,4424.95,4424.95,220
2026-08-18 01:21:00+00:00,4424.955,4425.125,4422.105,4422.655,211
2026-08-18 01:22:00+00:00,4422.85,4424.11,4422.25,4422.875,173
2026-08-18 01:23:00+00:00,4422.65,4424.219999999999,4421.9349999999995,4424.17,176
2026-08-18 01:24:00+00:00,4424.175,4424.695,4423.54,4423.725,180
2026-08-18 01:25:00+00:00,4423.615,4423.775,4420.18,4421.7,248
2026-08-18 01:26:00+00:00,4421.725,4423.6900000000005,4421.5,4423.6900000000005,170
2026-08-18 01:27:00+00:00,4423.68,4425.555,4423.34,4424.8150000000005,198
2026-08-18 01:28:00+00:00,4425.049999999999,4425.55,4424.37,4424.735000000001,151
2026-08-18 01:29:00+00:00,4424.505,4425.889999999999,4424.17,4424.8,137
2026-08-18 01:30:00+00:00,4424.915,4425.355,4423.48,4423.825,174
2026-08-18 01:31:00+00:00,4423.8150000000005,4426.38,4423.8150000000005,4425.0650000000005,206
2026-08-18 01:32:00+00:00,4424.99,4425.15,4422.285,4423.055,173
2026-08-18 01:33:00+00:00,4423.18,4423.67,4421.325,4422.045,146
2026-08-18 01:34:00+00:00,4421.9349999999995,4422.65,4421.1900000000005,4422.49,162
2026-08-18 01:35:00+00:00,4422.59,4422.625,4421.709999999999,4422.43,137
2026-08-18 01:36:00+00:00,4422.33,4423.12,4421.755,4422.75,141
2026-08-18 01:37:00+00:00,4422.61,4423.8099999999995,4422.16,4422.28,146
2026-08-18 01:38:00+00:00,4422.424999999999,4422.575000000001,4421.155000000001,4421.44,124
2026-08-18 01:39:00+00:00,4421.555,4421.7,4420.33,4420.47,164
2026-08-18 01:40:00+00:00,4420.73,4421.8099999999995,4420.26,4420.764999999999,173
2026-08-18 01:41:00+00:00,4420.77,4421.014999999999,4418.355,4418.51,213
2026-08-18 01:42:00+00:00,4418.38,4419.4349999999995,4417.37,4417.45,264
2026-08-18 01:43:00+00:00,4417.55,4418.135,4415.725,4415.879999999999,241
2026-08-18 01:44:00+00:00,4415.865,4415.865,4411.89,4411.89,332
2026-08-18 01:45:00+00:00,4411.91,4412.335,4409.66,4411.355,374
2026-08-18 01:46:00+00:00,4411.379999999999,4412.02,4409.675,4412.02,256
2026-08-18 01:47:00+00:00,4411.875,4412.115,4404.945,4409.35,423
2026-08-18 01:48:00+00:00,4409.33,4409.450000000001,4404.295,4406.16,456
2026-08-18 01:49:00+00:00,4406.045,4408.290000000001,4405.08,4407.875,282
2026-08-18 01:50:00+00:00,4407.78,4407.785,4405.700000000001,4407.125,358
2026-08-18 01:51:00+00:00,4407.005,4408.175,4405.155000000001,4406.585,318
2026-08-18 01:52:00+00:00,4406.52,4408.73,4405.995,4406.53,235
2026-08-18 01:53:00+00:00,4406.39,4406.629999999999,4404.26,4405.64,310
2026-08-18 01:54:00+00:00,4405.54,4408.595,4404.91,4408.26,285
2026-08-18 01:55:00+00:00,4408.28,4409.33,4407.855,4408.5650000000005,251
2026-08-18 01:56:00+00:00,4408.36,4409.645,4407.98,4408.26,236
2026-08-18 01:57:00+00:00,4408.36,4409.125,4407.56,4408.55,178
2026-08-18 01:58:00+00:00,4408.44,4408.865,4407.75,4407.75,178
2026-08-18 01:59:00+00:00,4407.870000000001,4408.31,4407.42,4408.09,136
2026-08-18 02:00:00+00:00,4407.95,4408.14,4407.22,4407.54,152
2026-08-18 02:01:00+00:00,4407.695,4407.695,4402.8,4402.895,276
2026-08-18 02:02:00+00:00,4402.8,4403.21,4400.945,4401.675,266
2026-08-18 02:03:00+00:00,4401.595,4403.235,4401.335,4402.645,178
2026-08-18 02:04:00+00:00,4402.78,4402.78,4400.925,4402.125,239
2026-08-18 02:05:00+00:00,4402.24,4404.02,4400.985000000001,4401.705,175
2026-08-18 02:06:00+00:00,4401.845,4402.33,4400.19,4400.92,195
2026-08-18 02:07:00+00:00,4400.9,4402.81,4400.2,4400.88,185
2026-08-18 02:08:00+00:00,4401.03,4401.06,4399.81,4400.43,167
2026-08-18 02:09:00+00:00,4400.54,4401.345,4399.82,4400.094999999999,167
2026-08-18 02:10:00+00:00,4400.095,4401.8150000000005,4398.58,4401.54,199
2026-08-18 02:11:00+00:00,4401.305,4401.48,4398.425,4398.775,160
2026-08-18 02:12:00+00:00,4398.9349999999995,4401.389999999999,4398.88,4400.195,193
2026-08-18 02:13:00+00:00,4400.219999999999,4402.615,4399.25,4402.515,227
2026-08-18 02:14:00+00:00,4402.595,4402.780000000001,4400.795,4401.085,183
2026-08-18 02:15:00+00:00,4401.005,4402.23,4400.365,4401.969999999999,163
2026-08-18 02:16:00+00:00,4402.165,4403.175,4400.97,4402.775,208
2026-08-18 02:17:00+00:00,4402.895,4404.55,4401.855,4402.29,200
2026-08-18 02:18:00+00:00,4402.375,4405.08,4402.3150000000005,4404.595,160
2026-08-18 02:19:00+00:00,4404.469999999999,4405.610000000001,4403.995,4404.03,151
2026-08-18 02:20:00+00:00,4404.085,4404.674999999999,4403.605,4403.605,139
2026-08-18 02:21:00+00:00,4403.615,4404.075,4402.605,4402.835,70
2026-08-18 02:22:00+00:00,4402.625,4402.725,4401.6,4402.135,135
2026-08-18 02:23:00+00:00,4402.245,4404.24,4402.18,4404.2,130
2026-08-18 02:24:00+00:00,4404.135,4404.6900000000005,4403.895,4404.235,102
2026-08-18 02:25:00+00:00,4404.335,4405.35,4404.219999999999,4404.855,144
2026-08-18 02:26:00+00:00,4404.719999999999,4404.844999999999,4403.86,4404.35,103
2026-08-18 02:27:00+00:00,4404.360000000001,4404.7,4403.71,4403.97,86
2026-08-18 02:28:00+00:00,4403.77,4404.21,4402.43,4402.5599999999995,107
2026-08-18 02:29:00+00:00,4402.62,4403.120000000001,4402.105,4402.28,110
2026-08-18 02:30:00+00:00,4402.4,4402.725,4399.965,4400.615,293
2026-08-18 02:31:00+00:00,4400.485,4401.245,4398.83,4400.715,260
2026-08-18 02:32:00+00:00,4400.795,4401.845,4399.835,4400.8150000000005,204
2026-08-18 02:33:00+00:00,4400.98,4401.045,4397.405,4397.585,261
2026-08-18 02:34:00+00:00,4397.8150000000005,4397.8150000000005,4396.02,4396.16,289
2026-08-18 02:35:00+00:00,4396.375,4396.905000000001,4395.245000000001,4396.905000000001,243
2026-08-18 02:36:00+00:00,4396.8,4398.62,4396.725,4397.325,176
2026-08-18 02:37:00+00:00,4397.4349999999995,4399.025,4396.9,4398.785,134
2026-08-18 02:38:00+00:00,4399.09,4399.9400000000005,4398.155,4398.969999999999,215
2026-08-18 02:39:00+00:00,4399.1849999999995,4399.9349999999995,4396.285,4396.285,186
2026-08-18 02:40:00+00:00,4396.64,4397.0,4394.1900000000005,4394.74,221
2026-08-18 02:41:00+00:00,4394.675,4395.255,4394.219999999999,4394.530000000001,250
2026-08-18 02:42:00+00:00,4394.4349999999995,4395.264999999999,4394.14,4394.9400000000005,265
2026-08-18 02:43:00+00:00,4394.985,4394.99,4394.035,4394.79,227
2026-08-18 02:44:00+00:00,4394.764999999999,4395.215,4393.93,4395.215,203
2026-08-18 02:45:00+00:00,4395.139999999999,4395.35,4394.35,4394.780000000001,182
2026-08-18 02:46:00+00:00,4394.51,4395.78,4394.51,4394.98,197
2026-08-18 02:47:00+00:00,4394.8150000000005,4395.95,4394.745,4395.264999999999,180
2026-08-18 02:48:00+00:00,4395.405,4396.635,4394.3099999999995,4395.92,265
2026-08-18 02:49:00+00:00,4396.105,4398.35,4395.87,4397.1849999999995,132
2026-08-18 02:50:00+00:00,4397.049999999999,4397.38,4395.77,4396.335,173
2026-08-18 02:51:00+00:00,4396.33,4397.345,4395.765,4397.17,138
2026-08-18 02:52:00+00:00,4397.175,4398.51,4396.695,4398.28,126
2026-08-18 02:53:00+00:00,4398.38,4398.57,4397.23,4398.225,158
2026-08-18 02:54:00+00:00,4398.245,4398.5650000000005,4397.105,4398.055,113
2026-08-18 02:55:00+00:00,4397.885,4399.865,4397.38,4399.280000000001,220
2026-08-18 02:56:00+00:00,4399.219999999999,4400.705,4398.8150000000005,4399.01,213
2026-08-18 02:57:00+00:00,4399.005,4399.555,4398.0650000000005,4398.530000000001,153
2026-08-18 02:58:00+00:00,4398.360000000001,4400.014999999999,4398.0599999999995,4399.55,158
2026-08-18 02:59:00+00:00,4399.49,4400.55,4399.49,4400.07,127
2026-08-18 03:00:00+00:00,4399.915,4402.33,4399.895,4402.33,193
2026-08-18 03:01:00+00:00,4402.34,4404.15,4402.055,4403.45,178
2026-08-18 03:02:00+00:00,4403.305,4404.365,4403.05,4403.425,198
2026-08-18 03:03:00+00:00,4403.42,4403.53,4401.219999999999,4401.445,158
2026-08-18 03:04:00+00:00,4401.4400000000005,4404.3099999999995,4401.4400000000005,4403.26,154
2026-08-18 03:05:00+00:00,4403.155000000001,4403.76,4402.135,4402.625,140
2026-08-18 03:06:00+00:00,4402.66,4402.66,4401.16,4401.99,184
2026-08-18 03:07:00+00:00,4401.969999999999,4402.5,4401.3099999999995,4402.135,160
2026-08-18 03:08:00+00:00,4402.15,4402.165,4399.93,4400.07,139
2026-08-18 03:09:00+00:00,4400.33,4401.92,4399.705,4401.645,159
2026-08-18 03:10:00+00:00,4401.655,4402.72,4401.255,4401.34,166
2026-08-18 03:11:00+00:00,4401.365,4401.525,4398.965,4399.985000000001,162
2026-08-18 03:12:00+00:00,4400.200000000001,4400.805,4399.15,4399.52,200
2026-08-18 03:13:00+00:00,4399.65,4400.875,4399.465,4400.655000000001,131
2026-08-18 03:14:00+00:00,4400.76,4401.775,4400.27,4401.59,116
2026-08-18 03:15:00+00:00,4401.585,4402.355,4400.945,4401.6849999999995,152
2026-08-18 03:16:00+00:00,4401.57,4402.09,4398.105,4398.645,210
2026-08-18 03:17:00+00:00,4398.655,4399.1,4396.735000000001,4396.805,212
2026-08-18 03:18:00+00:00,4396.925,4397.395,4395.594999999999,4397.175,169
2026-08-18 03:19:00+00:00,4396.97,4398.6,4395.97,4396.67,188
2026-08-18 03:20:00+00:00,4396.8,4397.355,4396.015,4397.16,122
2026-08-18 03:21:00+00:00,4397.045,4397.51,4395.68,4395.79,129
2026-08-18 03:22:00+00:00,4395.82,4396.47,4395.715,4396.35,124
2026-08-18 03:23:00+00:00,4396.345,4396.615,4394.355,4394.755,163
2026-08-18 03:24:00+00:00,4394.79,4395.675,4394.4349999999995,4395.25,130
2026-08-18 03:25:00+00:00,4395.110000000001,4395.88,4395.0,4395.695,80
2026-08-18 03:26:00+00:00,4395.58,4396.629999999999,4395.14,4396.42,93
2026-08-18 03:27:00+00:00,4396.355,4397.26,4395.780000000001,4396.9400000000005,136
2026-08-18 03:28:00+00:00,4397.005,4397.445,4396.65,4397.24,159
2026-08-18 03:29:00+00:00,4397.26,4397.98,4396.98,4397.174999999999,121
2026-08-18 03:30:00+00:00,4397.129999999999,4397.355,4395.97,4396.5,122
2026-08-18 03:31:00+00:00,4396.4,4397.005,4395.66,4396.5,107
2026-08-18 03:32:00+00:00,4396.254999999999,4396.99,4395.895,4396.34,137
2026-08-18 03:33:00+00:00,4396.205,4397.05,4396.095,4396.43,100
2026-08-18 03:34:00+00:00,4396.535,4397.0,4396.075,4396.5650000000005,122
2026-08-18 03:35:00+00:00,4396.639999999999,4396.92,4396.135,4396.545,71
2026-08-18 03:36:00+00:00,4396.63,4397.09,4396.105,4396.755,84
2026-08-18 03:37:00+00:00,4396.945,4397.015,4395.415,4396.66,111
2026-08-18 03:38:00+00:00,4396.545,4396.985,4395.219999999999,4395.74,118
2026-08-18 03:39:00+00:00,4395.635,4395.8150000000005,4394.945,4395.33,77
2026-08-18 03:40:00+00:00,4395.23,4395.325000000001,4394.594999999999,4395.085,92
2026-08-18 03:41:00+00:00,4394.9400000000005,4395.505,4394.71,4395.3150000000005,107
2026-08-18 03:42:00+00:00,4395.215,4396.045,4394.639999999999,4395.335,105
2026-08-18 03:43:00+00:00,4395.4349999999995,4395.959999999999,4394.6,4395.005,123
2026-08-18 03:44:00+00:00,4395.254999999999,4395.355,4394.45,4394.965,74
2026-08-18 03:45:00+00:00,4394.835,4395.24,4394.54,4395.015,84
2026-08-18 03:46:00+00:00,4395.16,4395.175,4394.41,4394.795,100
2026-08-18 03:47:00+00:00,4394.585,4395.165,4394.389999999999,4395.040000000001,90
2026-08-18 03:48:00+00:00,4394.95,4395.16,4394.49,4394.785,62
2026-08-18 03:49:00+00:00,4394.865,4394.96,4393.5,4393.74,166
2026-08-18 03:50:00+00:00,4393.5,4393.785,4392.415,4393.15,199
2026-08-18 03:51:00+00:00,4393.005,4393.77,4391.54,4391.85,128
2026-08-18 03:52:00+00:00,4391.955,4393.975,4391.765,4393.805,102
2026-08-18 03:53:00+00:00,4393.8150000000005,4393.8150000000005,4392.835,4393.595,78
2026-08-18 03:54:00+00:00,4393.62,4393.62,4392.115,4392.1849999999995,111
2026-08-18 03:55:00+00:00,4392.0650000000005,4392.715,4391.32,4391.82,103
2026-08-18 03:56:00+00:00,4391.6849999999995,4391.785,4390.875,4391.24,131
2026-08-18 03:57:00+00:00,4391.275,4391.91,4390.83,4391.105,82
2026-08-18 03:58:00+00:00,4391.015,4392.5650000000005,4390.575,4392.52,84
2026-08-18 03:59:00+00:00,4392.415,4392.530000000001,4391.5599999999995,4391.95,51
2026-08-18 04:00:00+00:00,4391.85,4391.85,4390.094999999999,4391.26,120
2026-08-18 04:01:00+00:00,4391.3150000000005,4392.16,4390.83,4390.87,98
2026-08-18 04:02:00+00:00,4390.780000000001,4392.36,4390.49,4392.15,82
2026-08-18 04:03:00+00:00,4392.26,4392.26,4390.52,4391.375,98
2026-08-18 04:04:00+00:00,4391.365,4391.65,4390.49,4390.88,119
2026-08-18 04:05:00+00:00,4391.0,4391.93,4390.55,4391.129999999999,113
2026-08-18 04:06:00+00:00,4391.145,4392.385,4391.145,4391.41,133
2026-08-18 04:07:00+00:00,4391.42,4391.73,4389.969999999999,4390.32,100
2026-08-18 04:08:00+00:00,4390.44,4390.68,4389.9,4390.415,135
2026-08-18 04:09:00+00:00,4390.525,4391.344999999999,4390.355,4391.165,100
2026-08-18 04:10:00+00:00,4391.075,4391.969999999999,4390.895,4391.73,106
2026-08-18 04:11:00+00:00,4391.715,4392.71,4391.615,4391.6900000000005,103
2026-08-18 04:12:00+00:00,4391.705,4392.845,4391.235,4392.615,117
2026-08-18 04:13:00+00:00,4392.695,4392.965,4392.16,4392.57,80
2026-08-18 04:14:00+00:00,4392.58,4393.035,4392.219999999999,4392.4,83
2026-08-18 04:15:00+00:00,4392.615,4393.450000000001,4392.43,4393.125,61
2026-08-18 04:16:00+00:00,4393.3150000000005,4393.79,4392.780000000001,4393.145,108
2026-08-18 04:17:00+00:00,4393.175,4393.465,4392.045,4392.075000000001,101
2026-08-18 04:18:00+00:00,4392.155,4393.1900000000005,4391.605,4391.675,113
2026-08-18 04:19:00+00:00,4391.8,4392.59,4390.895,4391.415,115
2026-08-18 04:20:00+00:00,4391.389999999999,4391.8150000000005,4391.139999999999,4391.24,80
2026-08-18 04:21:00+00:00,4391.35,4391.515,4390.855,4391.1849999999995,99
2026-08-18 04:22:00+00:00,4391.19,4392.57,4391.035,4392.245,110
2026-08-18 04:23:00+00:00,4392.35,4392.585,4391.105,4391.615,80
2026-08-18 04:24:00+00:00,4391.38,4392.780000000001,4391.344999999999,4392.555,89
2026-08-18 04:25:00+00:00,4392.78,4392.98,4392.045,4392.635,100
2026-08-18 04:26:00+00:00,4392.8099999999995,4393.025,4392.125,4392.1849999999995,104
2026-08-18 04:27:00+00:00,4392.13,4393.02,4392.13,4392.514999999999,87
2026-08-18 04:28:00+00:00,4392.59,4392.845,4391.605,4392.6849999999995,111
2026-08-18 04:29:00+00:00,4392.805,4393.145,4392.35,4392.505,75
2026-08-18 04:30:00+00:00,4392.43,4394.35,4392.405,4393.575,161
2026-08-18 04:31:00+00:00,4393.57,4393.57,4392.424999999999,4393.07,115
2026-08-18 04:32:00+00:00,4393.09,4393.465,4391.97,4392.225,74
2026-08-18 04:33:00+00:00,4392.125,4392.545,4391.889999999999,4392.075000000001,110
2026-08-18 04:34:00+00:00,4392.09,4392.530000000001,4391.465,4392.015,110
2026-08-18 04:35:00+00:00,4392.139999999999,4393.285,4391.99,4392.775,81
2026-08-18 04:36:00+00:00,4392.97,4392.97,4390.835,4391.264999999999,129
2026-08-18 04:37:00+00:00,4391.155,4391.635,4389.91,4390.395,173
2026-08-18 04:38:00+00:00,4390.4,4390.42,4389.67,4390.17,166
2026-08-18 04:39:00+00:00,4390.385,4391.84,4388.950000000001,4391.55,184
2026-08-18 04:40:00+00:00,4391.63,4392.155000000001,4390.47,4391.8,110
2026-08-18 04:41:00+00:00,4391.77,4392.875,4390.98,4392.55,108
2026-08-18 04:42:00+00:00,4392.74,4394.04,4392.74,4393.395,113
2026-08-18 04:43:00+00:00,4393.51,4394.5650000000005,4393.3,4393.96,111
2026-08-18 04:44:00+00:00,4393.9,4394.035,4393.344999999999,4393.57,75
2026-08-18 04:45:00+00:00,4393.705,4394.07,4392.844999999999,4393.855,94
2026-08-18 04:46:00+00:00,4393.965,4393.965,4393.27,4393.345,53
2026-08-18 04:47:00+00:00,4393.34,4393.445,4392.280000000001,4393.125,79
2026-08-18 04:48:00+00:00,4393.115,4393.665,4392.74,4393.65,70
2026-08-18 04:49:00+00:00,4393.795,4395.085,4393.2,4394.81,76
2026-08-18 04:50:00+00:00,4394.610000000001,4395.08,4394.2,4394.8099999999995,129
2026-08-18 04:51:00+00:00,4394.799999999999,4394.915,4393.594999999999,4393.735,71
2026-08-18 04:52:00+00:00,4393.84,4394.695,4393.84,4394.585,89
2026-08-18 04:53:00+00:00,4394.665,4395.155000000001,4394.12,4394.9349999999995,79
2026-08-18 04:54:00+00:00,4395.110000000001,4395.555,4394.67,4395.445,81
2026-08-18 04:55:00+00:00,4395.585,4395.610000000001,4394.27,4394.99,88
2026-08-18 04:56:00+00:00,4395.01,4395.535,4394.915,4395.535,59
2026-08-18 04:57:00+00:00,4395.62,4395.645,4394.495,4394.65,67
2026-08-18 04:58:00+00:00,4394.555,4394.67,4394.015,4394.485000000001,61
2026-08-18 04:59:00+00:00,4394.35,4394.395,4393.255,4393.745,101
2026-08-18 05:00:00+00:00,4393.695,4393.925,4393.19,4393.780000000001,114
2026-08-18 05:01:00+00:00,4393.88,4393.91,4392.52,4392.595,107
2026-08-18 05:02:00+00:00,4392.405,4393.174999999999,4391.335,4391.445,148
2026-08-18 05:03:00+00:00,4391.495,4392.585,4391.24,4392.355,119
2026-08-18 05:04:00+00:00,4392.495,4393.075000000001,4391.1849999999995,4391.515,105
2026-08-18 05:05:00+00:00,4391.615,4393.469999999999,4391.51,4393.030000000001,119
2026-08-18 05:06:00+00:00,4393.02,4393.12,4392.17,4392.405,69
2026-08-18 05:07:00+00:00,4392.525,4394.299999999999,4392.525,4392.795,111
2026-08-18 05:08:00+00:00,4393.08,4394.355,4392.835,4394.165,95
2026-08-18 05:09:00+00:00,4394.0599999999995,4394.335,4393.610000000001,4393.82,75
2026-08-18 05:10:00+00:00,4393.9400000000005,4394.219999999999,4391.475,4391.844999999999,149
2026-08-18 05:11:00+00:00,4391.825,4392.09,4391.145,4391.365,88
2026-08-18 05:12:00+00:00,4391.625,4392.16,4391.38,4391.75,57
2026-08-18 05:13:00+00:00,4391.695,4391.9349999999995,4390.98,4391.07,102
2026-08-18 05:14:00+00:00,4391.075000000001,4391.875,4390.965,4391.47,86
2026-08-18 05:15:00+00:00,4391.290000000001,4392.275,4391.264999999999,4392.275,75
2026-08-18 05:16:00+00:00,4392.285,4393.42,4391.95,4392.99,73
2026-08-18 05:17:00+00:00,4393.094999999999,4393.9349999999995,4392.905000000001,4393.709999999999,72
2026-08-18 05:18:00+00:00,4393.69,4394.3099999999995,4393.235,4393.79,100
2026-08-18 05:19:00+00:00,4394.1849999999995,4394.725,4394.110000000001,4394.6,75
2026-08-18 05:20:00+00:00,4394.57,4395.514999999999,4394.549999999999,4395.1,109
2026-08-18 05:21:00+00:00,4395.15,4396.09,4394.515,4394.79,116
2026-08-18 05:22:00+00:00,4394.695,4395.375,4394.485,4395.125,69
2026-08-18 05:23:00+00:00,4395.0,4396.094999999999,4394.75,4395.67,78
2026-08-18 05:24:00+00:00,4395.445,4395.875,4395.165,4395.6849999999995,69
2026-08-18 05:25:00+00:00,4395.700000000001,4396.139999999999,4395.405,4395.79,122
2026-08-18 05:26:00+00:00,4395.775,4395.92,4394.555,4394.96,103
2026-08-18 05:27:00+00:00,4394.955,4395.0599999999995,4394.54,4394.675,74
2026-08-18 05:28:00+00:00,4394.945,4395.305,4393.445,4393.62,77
2026-08-18 05:29:00+00:00,4393.57,4393.57,4391.46,4391.495,129
2026-08-18 05:30:00+00:00,4391.6,4391.855,4387.75,4388.215,340
2026-08-18 05:31:00+00:00,4388.35,4388.75,4386.040000000001,4387.305,373
2026-08-18 05:32:00+00:00,4387.3150000000005,4389.235000000001,4387.04,4388.965,249
2026-08-18 05:33:00+00:00,4389.085,4390.515,4388.12,4390.49,217
2026-08-18 05:34:00+00:00,4390.425,4390.92,4386.785,4386.785,266
2026-08-18 05:35:00+00:00,4386.77,4389.65,4386.73,4389.275,249
2026-08-18 05:36:00+00:00,4389.115,4390.195,4388.915,4389.615,156
2026-08-18 05:37:00+00:00,4389.6900000000005,4390.34,4389.445,4389.735,143
2026-08-18 05:38:00+00:00,4389.725,4390.955,4389.0599999999995,4389.75,153
2026-08-18 05:39:00+00:00,4389.61,4390.110000000001,4388.695,4390.005,190
2026-08-18 05:40:00+00:00,4389.950000000001,4391.06,4389.85,4390.885,158
2026-08-18 05:41:00+00:00,4391.025,4391.025,4388.63,4390.335,146
2026-08-18 05:42:00+00:00,4390.345,4390.625,4389.765,4389.765,107
2026-08-18 05:43:00+00:00,4389.665,4391.38,4389.58,4391.285,105
2026-08-18 05:44:00+00:00,4391.389999999999,4394.115,4390.77,4393.595,222
2026-08-18 05:45:00+00:00,4393.72,4394.3150000000005,4393.2,4393.465,161
2026-08-18 05:46:00+00:00,4393.37,4394.99,4392.975,4394.51,166
2026-08-18 05:47:00+00:00,4394.49,4394.81,4393.825,4394.695,164
2026-08-18 05:48:00+00:00,4394.51,4395.219999999999,4394.165,4394.395,172
2026-08-18 05:49:00+00:00,4394.49,4396.004999999999,4394.015,4396.0,149
2026-08-18 05:50:00+00:00,4395.96,4397.805,4395.895,4396.290000000001,226
2026-08-18 05:51:00+00:00,4396.355,4396.4349999999995,4394.17,4394.29,170
2026-08-18 05:52:00+00:00,4394.355,4396.165,4394.0,4396.02,115
2026-08-18 05:53:00+00:00,4396.095,4396.795,4395.97,4396.56,137
2026-08-18 05:54:00+00:00,4396.57,4396.73,4395.27,4395.77,146
2026-08-18 05:55:00+00:00,4395.79,4396.485000000001,4395.3,4396.09,141
2026-08-18 05:56:00+00:00,4396.165,4396.495,4395.74,4396.379999999999,117
2026-08-18 05:57:00+00:00,4396.395,4396.975,4395.965,4396.17,112
2026-08-18 05:58:00+00:00,4396.045,4396.79,4395.32,4395.41,166
2026-08-18 05:59:00+00:00,4395.29,4395.585,4393.865,4394.39,137
2026-08-18 06:00:00+00:00,4394.43,4394.469999999999,4390.1900000000005,4391.514999999999,203
2026-08-18 06:01:00+00:00,4391.305,4392.925,4390.514999999999,4392.59,147
2026-08-18 06:02:00+00:00,4392.48,4393.0599999999995,4391.55,4392.82,73
2026-08-18 06:03:00+00:00,4392.715,4392.860000000001,4390.645,4390.755,114
2026-08-18 06:04:00+00:00,4390.645,4390.98,4388.9400000000005,4390.715,155
2026-08-18 06:05:00+00:00,4390.71,4390.875,4389.42,4389.6849999999995,118
2026-08-18 06:06:00+00:00,4389.925,4390.030000000001,4387.764999999999,4389.129999999999,165
2026-08-18 06:07:00+00:00,4389.1900000000005,4389.35,4388.02,4389.219999999999,128
2026-08-18 06:08:00+00:00,4389.405000000001,4391.275,4389.305,4391.085,134
2026-08-18 06:09:00+00:00,4391.1849999999995,4393.844999999999,4391.18,4392.995000000001,91
2026-08-18 06:10:00+00:00,4392.825000000001,4394.485000000001,4392.485000000001,4394.254999999999,85
2026-08-18 06:11:00+00:00,4394.155000000001,4394.905000000001,4393.799999999999,4394.68,82
2026-08-18 06:12:00+00:00,4394.71,4395.23,4394.21,4394.9400000000005,65
2026-08-18 06:13:00+00:00,4394.83,4395.17,4394.07,4394.49,88
2026-08-18 06:14:00+00:00,4394.59,4395.5,4394.48,4395.32,58
2026-08-18 06:15:00+00:00,4395.45,4395.49,4394.12,4395.370000000001,70
2026-08-18 06:16:00+00:00,4395.485000000001,4396.42,4393.67,4394.09,85
2026-08-18 06:17:00+00:00,4393.93,4395.0599999999995,4393.93,4394.84,77
2026-08-18 06:18:00+00:00,4394.735000000001,4395.91,4394.735000000001,4395.15,77
2026-08-18 06:19:00+00:00,4395.049999999999,4395.825000000001,4395.049999999999,4395.4349999999995,63
2026-08-18 06:20:00+00:00,4395.495,4397.280000000001,4395.235000000001,4397.01,79
2026-08-18 06:21:00+00:00,4397.17,4397.764999999999,4395.75,4396.495000000001,70
2026-08-18 06:22:00+00:00,4396.385,4396.735000000001,4394.379999999999,4395.775,93
2026-08-18 06:23:00+00:00,4395.915,4397.23,4395.775,4396.9349999999995,82
2026-08-18 06:24:00+00:00,4397.075000000001,4398.055,4397.04,4397.825000000001,90
2026-08-18 06:25:00+00:00,4397.924999999999,4398.620000000001,4397.355,4397.87,101
2026-08-18 06:26:00+00:00,4397.825,4398.379999999999,4396.835,4398.255,114
2026-08-18 06:27:00+00:00,4398.370000000001,4399.875,4398.370000000001,4399.389999999999,140
2026-08-18 06:28:00+00:00,4399.59,4399.72,4398.955,4399.21,77
2026-08-18 06:29:00+00:00,4399.105,4399.889999999999,4398.870000000001,4399.365,84
2026-08-18 06:30:00+00:00,4399.535,4400.235,4398.77,4399.32,111
2026-08-18 06:31:00+00:00,4399.4400000000005,4399.85,4398.57,4399.049999999999,79
2026-08-18 06:32:00+00:00,4398.895,4398.9400000000005,4398.08,4398.715,77
2026-08-18 06:33:00+00:00,4398.71,4399.014999999999,4396.965,4397.125,66
2026-08-18 06:34:00+00:00,4397.255,4397.255,4395.365,4395.385,85
2026-08-18 06:35:00+00:00,4395.48,4396.379999999999,4395.219999999999,4395.870000000001,117
2026-08-18 06:36:00+00:00,4395.91,4397.200000000001,4395.629999999999,4396.860000000001,80
2026-08-18 06:37:00+00:00,4396.735000000001,4397.6,4396.629999999999,4397.21,85
2026-08-18 06:38:00+00:00,4397.08,4397.120000000001,4396.335,4396.82,49
2026-08-18 06:39:00+00:00,4396.700000000001,4397.67,4396.49,4397.174999999999,56
2026-08-18 06:40:00+00:00,4397.33,4397.530000000001,4396.9,4397.43,42
2026-08-18 06:41:00+00:00,4397.33,4397.92,4397.16,4397.49,47
2026-08-18 06:42:00+00:00,4397.65,4397.9,4397.04,4397.629999999999,49
2026-08-18 06:43:00+00:00,4397.52,4398.219999999999,4397.389999999999,4398.219999999999,40
2026-08-18 06:44:00+00:00,4398.085,4398.88,4396.825,4397.26,79
2026-08-18 06:45:00+00:00,4397.43,4398.725,4397.43,4398.725,70
2026-08-18 06:46:00+00:00,4398.82,4398.860000000001,4398.245,4398.360000000001,77
2026-08-18 06:47:00+00:00,4398.23,4399.54,4397.68,4399.37,69
2026-08-18 06:48:00+00:00,4399.1900000000005,4399.495,4397.68,4397.965,69
2026-08-18 06:49:00+00:00,4397.895,4398.395,4397.465,4398.219999999999,54
2026-08-18 06:50:00+00:00,4398.405000000001,4398.405000000001,4397.715,4397.96,78
2026-08-18 06:51:00+00:00,4398.0650000000005,4398.63,4398.04,4398.219999999999,47
2026-08-18 06:52:00+00:00,4398.450000000001,4398.754999999999,4397.835,4398.635,64
2026-08-18 06:53:00+00:00,4398.685,4398.74,4397.715,4398.455,91
2026-08-18 06:54:00+00:00,4398.4400000000005,4399.049999999999,4398.075,4398.415,83
2026-08-18 06:55:00+00:00,4398.42,4399.094999999999,4398.09,4398.235000000001,161
2026-08-18 06:56:00+00:00,4398.145,4398.424999999999,4397.465,4398.305,162
2026-08-18 06:57:00+00:00,4398.344999999999,4398.875,4397.855,4397.985000000001,123
2026-08-18 06:58:00+00:00,4397.62,4398.4,4397.43,4397.735000000001,156
2026-08-18 06:59:00+00:00,4397.764999999999,4398.9349999999995,4397.7,4398.9349999999995,74
2026-08-18 07:00:00+00:00,4398.83,4399.04,4397.0,4398.299999999999,145
2026-08-18 07:01:00+00:00,4398.43,4399.805,4397.515,4397.54,147
2026-08-18 07:02:00+00:00,4397.47,4399.6849999999995,4397.15,4399.285,171
2026-08-18 07:03:00+00:00,4399.225,4399.65,4399.05,4399.51,130
2026-08-18 07:04:00+00:00,4399.525,4400.455,4399.34,4399.92,159
2026-08-18 07:05:00+00:00,4399.9400000000005,4400.8099999999995,4399.76,4400.094999999999,160
2026-08-18 07:06:00+00:00,4400.105,4400.32,4398.865,4398.885,154
2026-08-18 07:07:00+00:00,4398.825,4399.110000000001,4397.785,4397.965,154
2026-08-18 07:08:00+00:00,4398.08,4398.255,4397.705,4398.035,111
2026-08-18 07:09:00+00:00,4398.045,4398.344999999999,4397.33,4397.685,146
2026-08-18 07:10:00+00:00,4397.675,4399.1,4397.145,4397.9400000000005,186
2026-08-18 07:11:00+00:00,4397.965,4399.295,4397.895,4398.610000000001,178
2026-08-18 07:12:00+00:00,4398.549999999999,4399.389999999999,4398.514999999999,4399.085,132
2026-08-18 07:13:00+00:00,4398.825,4399.014999999999,4397.075,4397.49,139
2026-08-18 07:14:00+00:00,4397.48,4397.84,4397.07,4397.67,116
2026-08-18 07:15:00+00:00,4397.645,4400.775,4397.485000000001,4400.5,131
2026-08-18 07:16:00+00:00,4400.485,4400.485,4398.99,4398.99,179
2026-08-18 07:17:00+00:00,4399.005,4399.6849999999995,4399.005,4399.15,91
2026-08-18 07:18:00+00:00,4399.265,4399.955,4399.075,4399.84,101
2026-08-18 07:19:00+00:00,4399.82,4399.9400000000005,4399.205,4399.639999999999,121
2026-08-18 07:20:00+00:00,4399.6900000000005,4400.83,4399.49,4400.585,135
2026-08-18 07:21:00+00:00,4400.655,4400.855,4399.79,4400.3099999999995,130
2026-08-18 07:22:00+00:00,4400.3,4400.64,4399.945,4400.535,79
2026-08-18 07:23:00+00:00,4400.525,4401.01,4400.34,4400.6,101
2026-08-18 07:24:00+00:00,4400.620000000001,4401.57,4400.620000000001,4401.48,129
2026-08-18 07:25:00+00:00,4401.35,4402.705,4401.1849999999995,4402.334999999999,152
2026-08-18 07:26:00+00:00,4402.35,4402.965,4401.15,4402.375,165
2026-08-18 07:27:00+00:00,4402.5,4402.825000000001,4401.610000000001,4401.885,115
2026-08-18 07:28:00+00:00,4401.860000000001,4402.805,4401.3,4402.12,122
2026-08-18 07:29:00+00:00,4402.335,4403.469999999999,4401.780000000001,4403.264999999999,184
2026-08-18 07:30:00+00:00,4403.1900000000005,4403.59,4402.545,4403.45,203
2026-08-18 07:31:00+00:00,4403.4,4403.825,4401.96,4402.125,145
2026-08-18 07:32:00+00:00,4402.03,4402.03,4400.485000000001,4400.945,158
2026-08-18 07:33:00+00:00,4400.93,4400.945,4399.895,4400.505,178
2026-08-18 07:34:00+00:00,4400.485,4400.485,4396.395,4397.02,252
2026-08-18 07:35:00+00:00,4397.0650000000005,4399.185,4396.695,4398.975,213
2026-08-18 07:36:00+00:00,4398.98,4399.9400000000005,4398.9,4399.825,165
2026-08-18 07:37:00+00:00,4399.85,4400.79,4399.85,4400.54,119
2026-08-18 07:38:00+00:00,4400.485000000001,4402.72,4400.42,4402.58,138
2026-08-18 07:39:00+00:00,4402.6,4402.6900000000005,4401.82,4402.1,117
2026-08-18 07:40:00+00:00,4402.125,4403.63,4402.105,4402.73,143
2026-08-18 07:41:00+00:00,4402.63,4403.01,4401.6,4402.97,151
2026-08-18 07:42:00+00:00,4402.950000000001,4403.02,4401.58,4401.700000000001,125
2026-08-18 07:43:00+00:00,4401.585,4401.585,4400.24,4401.085,140
2026-08-18 07:44:00+00:00,4401.095,4401.895,4401.049999999999,4401.545,138
2026-08-18 07:45:00+00:00,4401.54,4402.775,4401.54,4402.665,95
2026-08-18 07:46:00+00:00,4402.655000000001,4402.764999999999,4401.75,4402.23,110
2026-08-18 07:47:00+00:00,4402.225,4402.425,4401.675,4401.795,99
2026-08-18 07:48:00+00:00,4401.735,4401.735,4399.985000000001,4400.42,141
2026-08-18 07:49:00+00:00,4400.4349999999995,4400.555,4399.695,4400.1,150
2026-08-18 07:50:00+00:00,4399.985,4400.315,4399.68,4399.764999999999,122
2026-08-18 07:51:00+00:00,4399.74,4400.52,4398.9,4398.9,159
2026-08-18 07:52:00+00:00,4398.905000000001,4399.370000000001,4398.47,4399.1900000000005,135
2026-08-18 07:53:00+00:00,4399.205,4399.42,4398.385,4398.555,169
2026-08-18 07:54:00+00:00,4398.58,4398.93,4398.07,4398.4349999999995,156
2026-08-18 07:55:00+00:00,4398.41,4398.795,4397.895,4398.04,131
2026-08-18 07:56:00+00:00,4398.075,4398.18,4397.110000000001,4397.195,162
2026-08-18 07:57:00+00:00,4397.16,4397.21,4396.005,4396.995,165
2026-08-18 07:58:00+00:00,4397.08,4397.49,4396.17,4396.17,124
2026-08-18 07:59:00+00:00,4396.18,4396.425,4395.485,4395.72,130
2026-08-18 08:00:00+00:00,4395.89,4396.305,4394.625,4395.1,328
2026-08-18 08:01:00+00:00,4395.115,4395.985,4394.375,4395.950000000001,210
2026-08-18 08:02:00+00:00,4396.005,4396.15,4394.78,4395.145,186
2026-08-18 08:03:00+00:00,4395.12,4395.355,4394.505,4394.955,200
2026-08-18 08:04:00+00:00,4394.935,4395.07,4394.195,4394.455,193
2026-08-18 08:05:00+00:00,4394.445,4394.6,4392.695,4393.035,269
2026-08-18 08:06:00+00:00,4392.845,4393.295,4390.55,4391.32,256
2026-08-18 08:07:00+00:00,4391.264999999999,4391.525,4390.04,4390.555,193
2026-08-18 08:08:00+00:00,4390.54,4391.705,4390.43,4391.57,184
2026-08-18 08:09:00+00:00,4391.535,4391.85,4390.435,4391.03,179
2026-08-18 08:10:00+00:00,4390.93,4390.93,4387.985,4389.195,308
2026-08-18 08:11:00+00:00,4389.21,4390.835,4389.21,4390.305,190
2026-08-18 08:12:00+00:00,4390.435,4394.48,4390.04,4394.48,215
2026-08-18 08:13:00+00:00,4394.41,4394.700000000001,4393.5599999999995,4393.700000000001,190
2026-08-18 08:14:00+00:00,4393.77,4394.275,4392.594999999999,4392.71,195
2026-08-18 08:15:00+00:00,4392.695,4393.014999999999,4392.049999999999,4392.41,174
2026-08-18 08:16:00+00:00,4392.35,4393.605,4392.18,4392.32,186
2026-08-18 08:17:00+00:00,4392.305,4393.26,4391.715,4393.13,201
2026-08-18 08:18:00+00:00,4393.145,4393.450000000001,4392.62,4393.315,175
2026-08-18 08:19:00+00:00,4393.295,4393.485000000001,4392.1,4392.1849999999995,159
2026-08-18 08:20:00+00:00,4392.21,4392.315,4391.625,4392.215,113
2026-08-18 08:21:00+00:00,4392.219999999999,4392.52,4390.549999999999,4390.629999999999,210
2026-08-18 08:22:00+00:00,4390.655,4391.0599999999995,4389.225,4389.4400000000005,168
2026-08-18 08:23:00+00:00,4389.455,4389.5,4387.005,4388.1900000000005,232
2026-08-18 08:24:00+00:00,4388.219999999999,4388.985000000001,4387.700000000001,4388.695,144
2026-08-18 08:25:00+00:00,4388.57,4388.805,4387.53,4388.175,148
2026-08-18 08:26:00+00:00,4388.21,4388.455,4387.38,4388.34,190
2026-08-18 08:27:00+00:00,4388.334999999999,4389.200000000001,4387.975,4389.200000000001,182
2026-08-18 08:28:00+00:00,4389.21,4389.21,4387.96,4388.045,170
2026-08-18 08:29:00+00:00,4387.98,4389.66,4387.47,4389.51,224
2026-08-18 08:30:00+00:00,4389.48,4390.78,4389.26,4390.395,189
2026-08-18 08:31:00+00:00,4390.45,4390.46,4389.725,4390.005,145
2026-08-18 08:32:00+00:00,4390.085,4392.855,4390.085,4392.5650000000005,158
2026-08-18 08:33:00+00:00,4392.545,4393.74,4392.325,4393.275,144
2026-08-18 08:34:00+00:00,4393.295,4394.13,4392.6,4393.735,146
2026-08-18 08:35:00+00:00,4393.85,4397.82,4393.75,4397.555,214
2026-08-18 08:36:00+00:00,4397.58,4398.0650000000005,4395.995,4395.995,195
2026-08-18 08:37:00+00:00,4396.01,4397.094999999999,4395.89,4396.405000000001,151
2026-08-18 08:38:00+00:00,4396.42,4396.545,4395.795,4396.28,139
2026-08-18 08:39:00+00:00,4396.370000000001,4398.67,4396.29,4398.32,158
2026-08-18 08:40:00+00:00,4398.3099999999995,4398.3099999999995,4396.85,4396.93,143
2026-08-18 08:41:00+00:00,4396.96,4398.52,4396.96,4398.219999999999,130
2026-08-18 08:42:00+00:00,4398.21,4398.5599999999995,4397.0650000000005,4397.205,135
2026-08-18 08:43:00+00:00,4397.345,4398.2,4397.145,4397.21,138
2026-08-18 08:44:00+00:00,4397.295,4397.345,4396.625,4396.625,132
2026-08-18 08:45:00+00:00,4396.66,4397.03,4396.375,4396.43,126
2026-08-18 08:46:00+00:00,4396.42,4396.64,4396.08,4396.275,144
2026-08-18 08:47:00+00:00,4396.22,4396.584999999999,4395.485000000001,4395.635,104
2026-08-18 08:48:00+00:00,4395.5599999999995,4395.745,4394.145,4394.385,139
2026-08-18 08:49:00+00:00,4394.405,4394.405,4391.665,4393.25,185
2026-08-18 08:50:00+00:00,4393.275,4393.35,4392.0599999999995,4392.53,121
2026-08-18 08:51:00+00:00,4392.54,4392.75,4391.545,4392.675,144
2026-08-18 08:52:00+00:00,4392.76,4393.02,4392.305,4392.9,103
2026-08-18 08:53:00+00:00,4393.025,4393.58,4392.855,4393.105,119
2026-08-18 08:54:00+00:00,4393.115,4393.885,4392.425,4393.835,103
2026-08-18 08:55:00+00:00,4393.895,4394.225,4393.045,4393.05,197
2026-08-18 08:56:00+00:00,4393.085,4394.67,4393.014999999999,4393.15,152
2026-08-18 08:57:00+00:00,4393.115,4393.905000000001,4392.504999999999,4393.27,117
2026-08-18 08:58:00+00:00,4393.25,4393.469999999999,4392.71,4392.73,85
2026-08-18 08:59:00+00:00,4392.764999999999,4393.485,4392.735000000001,4393.37,106
2026-08-18 09:00:00+00:00,4393.21,4393.755,4392.155000000001,4393.299999999999,282
2026-08-18 09:01:00+00:00,4393.219999999999,4394.014999999999,4392.68,4393.5650000000005,192
2026-08-18 09:02:00+00:00,4393.55,4393.84,4392.455,4393.174999999999,184
2026-08-18 09:03:00+00:00,4393.280000000001,4393.355,4392.38,4393.075000000001,198
2026-08-18 09:04:00+00:00,4393.13,4393.225,4392.155000000001,4392.385,151
2026-08-18 09:05:00+00:00,4392.375,4393.075,4391.97,4392.025,160
2026-08-18 09:06:00+00:00,4392.04,4392.51,4391.5599999999995,4391.885,164
2026-08-18 09:07:00+00:00,4391.975,4392.19,4391.200000000001,4391.95,159
2026-08-18 09:08:00+00:00,4391.98,4392.3,4391.455,4391.9349999999995,142
2026-08-18 09:09:00+00:00,4391.965,4391.99,4391.1900000000005,4391.76,117
2026-08-18 09:10:00+00:00,4391.764999999999,4392.405,4391.445,4392.125,135
2026-08-18 09:11:00+00:00,4392.145,4392.67,4391.805,4392.67,111
2026-08-18 09:12:00+00:00,4392.58,4392.889999999999,4391.88,4391.985000000001,117
2026-08-18 09:13:00+00:00,4391.975,4392.8099999999995,4391.83,4392.505,120
2026-08-18 09:14:00+00:00,4392.605,4393.655000000001,4392.605,4392.82,113
2026-08-18 09:15:00+00:00,4392.764999999999,4392.91,4391.514999999999,4392.0650000000005,153
2026-08-18 09:16:00+00:00,4392.055,4392.29,4390.925,4392.075,86
2026-08-18 09:17:00+00:00,4392.055,4392.105,4391.42,4391.42,118
2026-08-18 09:18:00+00:00,4391.5,4391.99,4390.895,4391.465,123
2026-08-18 09:19:00+00:00,4391.555,4391.95,4391.23,4391.285,101
2026-08-18 09:20:00+00:00,4391.26,4391.549999999999,4390.65,4390.805,152
2026-08-18 09:21:00+00:00,4390.79,4391.32,4390.135,4390.545,140
2026-08-18 09:22:00+00:00,4390.54,4390.54,4388.985000000001,4389.955,168
2026-08-18 09:23:00+00:00,4390.025,4390.955,4389.9,4390.8150000000005,134
2026-08-18 09:24:00+00:00,4390.795,4390.795,4389.825,4390.22,189
2026-08-18 09:25:00+00:00,4390.245,4390.28,4389.135,4389.21,150
2026-08-18 09:26:00+00:00,4389.0650000000005,4389.9400000000005,4388.875,4389.9349999999995,147
2026-08-18 09:27:00+00:00,4389.93,4391.48,4389.385,4390.995,179
2026-08-18 09:28:00+00:00,4391.055,4391.59,4389.705,4389.8099999999995,198
2026-08-18 09:29:00+00:00,4389.77,4389.95,4388.66,4389.365,196
2026-08-18 09:30:00+00:00,4389.195,4391.135,4389.195,4390.575,194
2026-08-18 09:31:00+00:00,4390.58,4391.665,4389.745,4390.555,236
2026-08-18 09:32:00+00:00,4390.58,4391.13,4389.719999999999,4390.99,173
2026-08-18 09:33:00+00:00,4390.98,4393.415,4390.78,4392.860000000001,174
2026-08-18 09:34:00+00:00,4392.89,4393.805,4391.47,4393.745,179
2026-08-18 09:35:00+00:00,4393.71,4395.04,4393.245,4394.02,186
2026-08-18 09:36:00+00:00,4394.035,4394.17,4391.905000000001,4392.125,160
2026-08-18 09:37:00+00:00,4392.12,4394.4,4391.955,4394.285,141
2026-08-18 09:38:00+00:00,4394.245,4394.39,4391.76,4391.77,159
2026-08-18 09:39:00+00:00,4391.76,4391.85,4390.465,4391.255,146
2026-08-18 09:40:00+00:00,4391.38,4391.775,4389.09,4389.135,142
2026-08-18 09:41:00+00:00,4389.1,4389.395,4388.280000000001,4389.04,148
2026-08-18 09:42:00+00:00,4389.135,4389.2,4388.120000000001,4389.125,132
2026-08-18 09:43:00+00:00,4389.139999999999,4389.174999999999,4387.625,4387.74,160
2026-08-18 09:44:00+00:00,4387.764999999999,4388.565,4387.365,4388.555,139
2026-08-18 09:45:00+00:00,4388.4400000000005,4388.82,4387.025,4387.13,140
2026-08-18 09:46:00+00:00,4387.32,4389.58,4387.32,4389.565,170
2026-08-18 09:47:00+00:00,4389.595,4390.094999999999,4389.345,4389.85,141
2026-08-18 09:48:00+00:00,4389.825,4391.585,4388.955,4391.16,152
2026-08-18 09:49:00+00:00,4391.165,4392.389999999999,4391.02,4392.125,156
2026-08-18 09:50:00+00:00,4392.1900000000005,4393.745,4392.139999999999,4393.265,193
2026-08-18 09:51:00+00:00,4393.325,4394.215,4393.3099999999995,4394.1900000000005,139
2026-08-18 09:52:00+00:00,4394.195,4394.32,4393.365,4393.41,119
2026-08-18 09:53:00+00:00,4393.35,4393.66,4393.15,4393.469999999999,134
2026-08-18 09:54:00+00:00,4393.465,4394.275,4393.375,4394.075,112
2026-08-18 09:55:00+00:00,4394.07,4394.185,4393.530000000001,4393.705,118
2026-08-18 09:56:00+00:00,4393.719999999999,4394.985,4392.91,4394.09,163
2026-08-18 09:57:00+00:00,4394.075,4394.23,4393.35,4393.39,124
2026-08-18 09:58:00+00:00,4393.4349999999995,4394.23,4393.395,4394.085,121
2026-08-18 09:59:00+00:00,4394.04,4394.254999999999,4393.275,4393.335,89
2026-08-18 10:00:00+00:00,4393.42,4393.59,4392.370000000001,4392.945,183
2026-08-18 10:01:00+00:00,4393.045,4393.725,4392.78,4392.995,168
2026-08-18 10:02:00+00:00,4392.985,4395.125,4392.889999999999,4394.93,141
2026-08-18 10:03:00+00:00,4394.87,4395.875,4394.805,4395.025,120
2026-08-18 10:04:00+00:00,4395.03,4395.03,4393.635,4394.084999999999,128
2026-08-18 10:05:00+00:00,4394.075,4394.78,4394.02,4394.17,124
2026-08-18 10:06:00+00:00,4394.025,4394.13,4393.685,4393.8150000000005,117
2026-08-18 10:07:00+00:00,4393.855,4394.605,4393.665000000001,4394.165,100
2026-08-18 10:08:00+00:00,4394.175,4394.235,4392.555,4392.87,140
2026-08-18 10:09:00+00:00,4392.875,4393.48,4392.615,4393.465,105
2026-08-18 10:10:00+00:00,4393.485000000001,4393.92,4392.9,4393.0,116
2026-08-18 10:11:00+00:00,4392.975,4393.58,4392.77,4393.36,119
2026-08-18 10:12:00+00:00,4393.35,4394.23,4393.105,4393.105,129
2026-08-18 10:13:00+00:00,4393.09,4393.655000000001,4393.075,4393.255,104
2026-08-18 10:14:00+00:00,4393.395,4394.97,4393.385,4394.735000000001,115
2026-08-18 10:15:00+00:00,4394.674999999999,4395.295,4394.47,4394.549999999999,89
2026-08-18 10:16:00+00:00,4394.53,4395.325,4394.415,4394.965,110
2026-08-18 10:17:00+00:00,4394.9,4395.265,4394.1900000000005,4394.665,105
2026-08-18 10:18:00+00:00,4394.605,4396.219999999999,4394.24,4396.03,157
2026-08-18 10:19:00+00:00,4396.035,4396.115,4394.995,4395.620000000001,107
2026-08-18 10:20:00+00:00,4395.74,4395.74,4394.925,4395.32,116
2026-08-18 10:21:00+00:00,4395.29,4395.29,4392.665,4392.9400000000005,128
2026-08-18 10:22:00+00:00,4393.014999999999,4393.08,4392.075,4392.4,95
2026-08-18 10:23:00+00:00,4392.3099999999995,4392.375,4391.79,4392.045,74
2026-08-18 10:24:00+00:00,4392.05,4392.115,4391.51,4391.715,107
2026-08-18 10:25:00+00:00,4391.755,4392.13,4390.02,4390.16,103
2026-08-18 10:26:00+00:00,4390.15,4391.04,4389.865,4390.88,159
2026-08-18 10:27:00+00:00,4390.83,4391.469999999999,4390.6,4390.8099999999995,121
2026-08-18 10:28:00+00:00,4390.825,4391.97,4390.825,4391.59,106
2026-08-18 10:29:00+00:00,4391.46,4392.34,4391.29,4392.07,79
2026-08-18 10:30:00+00:00,4392.115,4392.6,4391.775,4392.43,132
2026-08-18 10:31:00+00:00,4392.42,4394.139999999999,4392.42,4393.97,142
2026-08-18 10:32:00+00:00,4393.96,4393.96,4393.125,4393.280000000001,92
2026-08-18 10:33:00+00:00,4393.16,4394.01,4393.105,4393.735000000001,84
2026-08-18 10:34:00+00:00,4393.72,4394.32,4393.55,4393.6849999999995,71
2026-08-18 10:35:00+00:00,4393.675,4394.389999999999,4393.615,4394.245,76
2026-08-18 10:36:00+00:00,4394.25,4395.09,4393.6900000000005,4394.924999999999,114
2026-08-18 10:37:00+00:00,4395.0650000000005,4397.12,4394.805,4396.9,116
2026-08-18 10:38:00+00:00,4397.005,4397.35,4396.205,4396.275,128
2026-08-18 10:39:00+00:00,4396.37,4397.79,4396.1849999999995,4397.625,93
2026-08-18 10:40:00+00:00,4397.6849999999995,4398.34,4397.135,4398.02,147
2026-08-18 10:41:00+00:00,4397.995,4398.085,4397.35,4397.655000000001,124
2026-08-18 10:42:00+00:00,4397.615,4398.34,4397.264999999999,4398.285,97
2026-08-18 10:43:00+00:00,4398.295,4398.6900000000005,4397.805,4398.04,110
2026-08-18 10:44:00+00:00,4398.0,4398.71,4397.91,4398.6900000000005,91
2026-08-18 10:45:00+00:00,4398.700000000001,4398.895,4398.415,4398.735000000001,95
2026-08-18 10:46:00+00:00,4398.75,4399.595,4398.71,4399.23,104
2026-08-18 10:47:00+00:00,4399.18,4399.635,4399.01,4399.08,88
2026-08-18 10:48:00+00:00,4399.05,4399.379999999999,4398.27,4399.145,165
2026-08-18 10:49:00+00:00,4399.17,4399.594999999999,4398.785,4399.01,114
2026-08-18 10:50:00+00:00,4398.98,4399.465,4398.88,4399.38,101
2026-08-18 10:51:00+00:00,4399.35,4399.35,4398.055,4398.245000000001,113
2026-08-18 10:52:00+00:00,4398.215,4398.3099999999995,4397.785,4397.955,92
2026-08-18 10:53:00+00:00,4397.965,4397.98,4396.83,4397.235000000001,105
2026-08-18 10:54:00+00:00,4397.29,4397.485000000001,4396.469999999999,4396.96,94
2026-08-18 10:55:00+00:00,4397.01,4397.264999999999,4396.475,4397.03,142
2026-08-18 10:56:00+00:00,4396.985000000001,4397.584999999999,4396.83,4397.05,113
2026-08-18 10:57:00+00:00,4396.889999999999,4397.295,4396.805,4397.085,105
2026-08-18 10:58:00+00:00,4397.05,4397.77,4397.0,4397.445,111
2026-08-18 10:59:00+00:00,4397.395,4397.84,4397.09,4397.715,117
2026-08-18 11:00:00+00:00,4397.875,4398.32,4396.764999999999,4397.495,253
2026-08-18 11:01:00+00:00,4397.575,4398.495000000001,4397.42,4398.225,173
2026-08-18 11:02:00+00:00,4398.139999999999,4399.18,4397.97,4398.21,155
2026-08-18 11:03:00+00:00,4398.205,4398.205,4395.595,4395.665,142
2026-08-18 11:04:00+00:00,4395.66,4395.76,4393.63,4393.965,160
2026-08-18 11:05:00+00:00,4393.91,4394.605,4393.725,4394.43,148
2026-08-18 11:06:00+00:00,4394.285,4394.725,4393.75,4393.92,123
2026-08-18 11:07:00+00:00,4393.96,4393.96,4392.59,4393.73,119
2026-08-18 11:08:00+00:00,4393.72,4394.625,4393.72,4394.625,85
2026-08-18 11:09:00+00:00,4394.655000000001,4394.655000000001,4393.615,4393.68,99
2026-08-18 11:10:00+00:00,4393.7,4394.16,4393.09,4393.9,114
2026-08-18 11:11:00+00:00,4393.855,4393.855,4392.02,4392.3099999999995,115
2026-08-18 11:12:00+00:00,4392.33,4393.51,4392.33,4392.9,107
2026-08-18 11:13:00+00:00,4392.88,4394.04,4392.76,4393.875,103
2026-08-18 11:14:00+00:00,4393.83,4393.99,4393.530000000001,4393.635,62
2026-08-18 11:15:00+00:00,4393.629999999999,4394.725,4393.155000000001,4393.885,123
2026-08-18 11:16:00+00:00,4394.0,4394.295,4393.515,4393.74,114
2026-08-18 11:17:00+00:00,4393.775,4393.775,4392.34,4392.5599999999995,105
2026-08-18 11:18:00+00:00,4392.51,4392.955,4392.264999999999,4392.76,104
2026-08-18 11:19:00+00:00,4392.85,4393.285,4392.135,4393.155000000001,128
2026-08-18 11:20:00+00:00,4393.225,4393.955,4392.51,4392.615,141
2026-08-18 11:21:00+00:00,4392.63,4393.21,4392.255,4392.88,108
2026-08-18 11:22:00+00:00,4392.889999999999,4392.96,4392.205,4392.205,113
2026-08-18 11:23:00+00:00,4392.29,4392.4,4391.175,4391.365,150
2026-08-18 11:24:00+00:00,4391.355,4391.385,4390.375,4390.4400000000005,110
2026-08-18 11:25:00+00:00,4390.485000000001,4391.03,4390.175,4390.785,145
2026-08-18 11:26:00+00:00,4390.645,4391.64,4390.37,4391.33,129
2026-08-18 11:27:00+00:00,4391.29,4391.895,4390.405000000001,4390.615,102
2026-08-18 11:28:00+00:00,4390.57,4391.395,4390.46,4390.88,137
2026-08-18 11:29:00+00:00,4390.865,4391.219999999999,4389.65,4390.1,128
2026-08-18 11:30:00+00:00,4390.15,4391.98,4389.764999999999,4390.639999999999,187
2026-08-18 11:31:00+00:00,4390.575000000001,4390.84,4389.99,4390.075,147
2026-08-18 11:32:00+00:00,4390.055,4390.665,4389.85,4390.155000000001,125
2026-08-18 11:33:00+00:00,4390.1849999999995,4390.514999999999,4389.59,4390.115,147
2026-08-18 11:34:00+00:00,4389.975,4390.085,4389.415000000001,4389.58,91
2026-08-18 11:35:00+00:00,4389.6900000000005,4390.42,4388.620000000001,4390.285,145
2026-08-18 11:36:00+00:00,4390.305,4391.379999999999,4389.585,4391.325,131
2026-08-18 11:37:00+00:00,4391.3150000000005,4391.42,4389.360000000001,4389.485000000001,128
2026-08-18 11:38:00+00:00,4389.525,4390.995,4389.425,4390.6,118
2026-08-18 11:39:00+00:00,4390.535,4391.754999999999,4390.49,4390.49,118
2026-08-18 11:40:00+00:00,4390.455,4392.105,4389.610000000001,4392.05,158
2026-08-18 11:41:00+00:00,4392.09,4392.505,4391.22,4391.54,173
2026-08-18 11:42:00+00:00,4391.42,4392.205,4390.889999999999,4392.139999999999,120
2026-08-18 11:43:00+00:00,4392.105,4392.495,4391.285,4391.389999999999,124
2026-08-18 11:44:00+00:00,4391.27,4391.705,4390.695,4390.995,89
2026-08-18 11:45:00+00:00,4390.9400000000005,4393.025,4390.844999999999,4393.025,110
2026-08-18 11:46:00+00:00,4393.04,4393.865,4392.24,4392.75,156
2026-08-18 11:47:00+00:00,4392.735000000001,4393.530000000001,4392.59,4393.530000000001,97
2026-08-18 11:48:00+00:00,4393.43,4393.725,4392.995,4393.4349999999995,122
2026-08-18 11:49:00+00:00,4393.415,4393.4349999999995,4392.085,4392.335,81
2026-08-18 11:50:00+00:00,4392.385,4392.845,4391.975,4392.65,125
2026-08-18 11:51:00+00:00,4392.71,4393.08,4391.87,4391.945,131
2026-08-18 11:52:00+00:00,4391.985000000001,4391.985000000001,4391.205,4391.36,115
2026-08-18 11:53:00+00:00,4391.415,4391.415,4389.95,4390.805,129
2026-08-18 11:54:00+00:00,4390.8099999999995,4391.014999999999,4390.52,4390.895,84
2026-08-18 11:55:00+00:00,4391.05,4392.145,4390.75,4391.675,130
2026-08-18 11:56:00+00:00,4391.645,4392.63,4390.705,4392.605,139
2026-08-18 11:57:00+00:00,4392.725,4395.38,4392.715,4394.969999999999,184
2026-08-18 11:58:00+00:00,4395.055,4396.094999999999,4394.885,4396.01,203
2026-08-18 11:59:00+00:00,4396.015,4396.9,4395.865,4396.085,159
2026-08-18 12:00:00+00:00,4396.26,4396.26,4393.245000000001,4393.35,237
2026-08-18 12:01:00+00:00,4393.455,4393.66,4391.549999999999,4393.275,204
2026-08-18 12:02:00+00:00,4393.264999999999,4393.365,4392.7,4392.76,128
2026-08-18 12:03:00+00:00,4392.79,4393.925,4392.52,4393.514999999999,141
2026-08-18 12:04:00+00:00,4393.4400000000005,4397.0650000000005,4393.4400000000005,4396.655000000001,277
2026-08-18 12:05:00+00:00,4396.6900000000005,4397.030000000001,4395.48,4397.005,239
2026-08-18 12:06:00+00:00,4396.99,4397.165,4394.5,4394.715,209
2026-08-18 12:07:00+00:00,4394.695,4394.93,4392.125,4392.639999999999,202
2026-08-18 12:08:00+00:00,4392.66,4393.245,4391.415,4391.66,222
2026-08-18 12:09:00+00:00,4391.675,4392.139999999999,4390.45,4391.264999999999,229
2026-08-18 12:10:00+00:00,4391.27,4391.924999999999,4390.5650000000005,4391.42,232
2026-08-18 12:11:00+00:00,4391.365,4391.795,4389.639999999999,4391.28,202
2026-08-18 12:12:00+00:00,4391.285,4391.955,4391.0599999999995,4391.745,170
2026-08-18 12:13:00+00:00,4391.755,4392.405000000001,4390.535,4390.7,145
2026-08-18 12:14:00+00:00,4390.625,4393.45,4390.344999999999,4393.25,139
2026-08-18 12:15:00+00:00,4393.3099999999995,4393.795,4391.59,4392.075,165
2026-08-18 12:16:00+00:00,4392.145,4393.639999999999,4392.1,4392.615,154
2026-08-18 12:17:00+00:00,4392.475,4392.9400000000005,4391.65,4392.049999999999,184
2026-08-18 12:18:00+00:00,4392.01,4392.37,4391.855,4392.25,138
2026-08-18 12:19:00+00:00,4392.15,4393.05,4391.675,4393.05,151
2026-08-18 12:20:00+00:00,4393.1849999999995,4399.145,4392.93,4398.6900000000005,373
2026-08-18 12:21:00+00:00,4398.84,4400.865,4398.05,4399.045,294
2026-08-18 12:22:00+00:00,4399.17,4399.6900000000005,4398.47,4398.6,240
2026-08-18 12:23:00+00:00,4398.610000000001,4399.125,4397.16,4397.889999999999,212
2026-08-18 12:24:00+00:00,4397.88,4399.09,4394.905,4395.755,245
2026-08-18 12:25:00+00:00,4395.895,4395.99,4393.34,4395.07,245
2026-08-18 12:26:00+00:00,4395.084999999999,4395.66,4393.635,4394.385,184
2026-08-18 12:27:00+00:00,4394.41,4394.75,4392.16,4392.805,161
2026-08-18 12:28:00+00:00,4392.93,4394.5,4392.004999999999,4394.5,179
2026-08-18 12:29:00+00:00,4394.545,4396.105,4394.545,4395.4,147
2026-08-18 12:30:00+00:00,4395.4400000000005,4398.16,4393.385,4393.385,274
2026-08-18 12:31:00+00:00,4393.3099999999995,4395.17,4392.41,4395.055,191
2026-08-18 12:32:00+00:00,4395.035,4396.0650000000005,4393.86,4396.014999999999,150
2026-08-18 12:33:00+00:00,4396.03,4396.96,4395.52,4396.844999999999,173
2026-08-18 12:34:00+00:00,4396.79,4397.435,4396.4400000000005,4396.71,153
2026-08-18 12:35:00+00:00,4396.775,4397.96,4396.665,4397.41,224
2026-08-18 12:36:00+00:00,4397.405000000001,4397.705,4394.455,4394.5599999999995,243
2026-08-18 12:37:00+00:00,4394.625,4395.325,4392.860000000001,4393.055,198
2026-08-18 12:38:00+00:00,4392.985000000001,4394.975,4392.889999999999,4393.91,224
2026-08-18 12:39:00+00:00,4394.05,4394.895,4393.75,4394.315,204
2026-08-18 12:40:00+00:00,4394.15,4394.16,4391.055,4392.264999999999,209
2026-08-18 12:41:00+00:00,4392.1849999999995,4392.4,4391.405000000001,4392.280000000001,174
2026-08-18 12:42:00+00:00,4392.445,4392.975,4391.57,4392.97,145
2026-08-18 12:43:00+00:00,4392.945,4393.17,4391.96,4392.675,174
2026-08-18 12:44:00+00:00,4392.665,4393.01,4391.83,4392.21,143
2026-08-18 12:45:00+00:00,4392.205,4394.6,4392.205,4394.1849999999995,176
2026-08-18 12:46:00+00:00,4394.105,4395.34,4393.504999999999,4393.735000000001,177
2026-08-18 12:47:00+00:00,4393.62,4396.610000000001,4393.3150000000005,4395.625,200
2026-08-18 12:48:00+00:00,4395.695,4395.84,4394.639999999999,4395.365,112
2026-08-18 12:49:00+00:00,4395.325,4396.18,4395.325,4396.02,150
2026-08-18 12:50:00+00:00,4396.139999999999,4397.030000000001,4395.885,4395.945,167
2026-08-18 12:51:00+00:00,4395.87,4396.65,4395.275,4396.29,178
2026-08-18 12:52:00+00:00,4396.37,4396.58,4394.23,4396.375,179
2026-08-18 12:53:00+00:00,4396.36,4396.610000000001,4395.0,4395.0650000000005,137
2026-08-18 12:54:00+00:00,4394.844999999999,4395.005,4392.355,4393.175,229
2026-08-18 12:55:00+00:00,4393.305,4393.73,4392.1900000000005,4392.1900000000005,207
2026-08-18 12:56:00+00:00,4392.28,4393.18,4390.815,4392.77,218
2026-08-18 12:57:00+00:00,4392.79,4393.92,4392.4,4393.92,180
2026-08-18 12:58:00+00:00,4394.07,4394.75,4393.7,4394.025,172
2026-08-18 12:59:00+00:00,4394.57,4395.9,4394.094999999999,4394.215,196
2026-08-18 13:00:00+00:00,4394.105,4396.305,4390.745,4391.155,420
2026-08-18 13:01:00+00:00,4391.135,4394.26,4390.28,4393.264999999999,396
2026-08-18 13:02:00+00:00,4393.215,4393.285,4390.575000000001,4391.17,363
2026-08-18 13:03:00+00:00,4391.075,4396.379999999999,4390.88,4395.145,336
2026-08-18 13:04:00+00:00,4395.135,4397.485000000001,4394.93,4395.84,276
2026-08-18 13:05:00+00:00,4395.84,4396.700000000001,4395.445,4395.84,273
2026-08-18 13:06:00+00:00,4395.835,4396.035,4393.41,4393.715,245
2026-08-18 13:07:00+00:00,4393.77,4393.78,4389.99,4390.360000000001,277
2026-08-18 13:08:00+00:00,4390.530000000001,4391.28,4389.0,4389.66,314
2026-08-18 13:09:00+00:00,4389.639999999999,4390.945,4389.055,4389.12,225
2026-08-18 13:10:00+00:00,4389.13,4391.42,4388.389999999999,4391.42,283
2026-08-18 13:11:00+00:00,4391.305,4391.305,4390.415,4390.91,204
2026-08-18 13:12:00+00:00,4390.895,4395.085,4390.34,4394.42,239
2026-08-18 13:13:00+00:00,4394.03,4394.275,4392.594999999999,4393.08,73
2026-08-18 13:14:00+00:00,4393.219999999999,4396.13,4392.975,4395.965,128
2026-08-18 13:15:00+00:00,4396.0,4396.27,4393.355,4394.639999999999,142
2026-08-18 13:16:00+00:00,4394.475,4395.125,4389.0599999999995,4389.2,165
2026-08-18 13:17:00+00:00,4389.0599999999995,4391.595,4388.46,4390.5599999999995,201
2026-08-18 13:18:00+00:00,4390.545,4391.6849999999995,4390.035,4391.055,253
2026-08-18 13:19:00+00:00,4391.04,4393.37,4390.68,4391.035,232
2026-08-18 13:20:00+00:00,4391.055,4392.945,4390.41,4392.74,247
2026-08-18 13:21:00+00:00,4392.875,4393.5599999999995,4390.935,4392.305,231
2026-08-18 13:22:00+00:00,4392.25,4392.415,4388.9349999999995,4389.3099999999995,256
2026-08-18 13:23:00+00:00,4389.205,4390.23,4388.24,4389.295,297
2026-08-18 13:24:00+00:00,4389.315,4390.4,4388.975,4389.79,248
2026-08-18 13:25:00+00:00,4389.870000000001,4391.385,4388.37,4391.135,328
2026-08-18 13:26:00+00:00,4391.0599999999995,4391.0599999999995,4388.605,4389.405000000001,286
2026-08-18 13:27:00+00:00,4389.375,4390.455,4388.54,4390.355,291
2026-08-18 13:28:00+00:00,4390.29,4392.48,4390.235,4391.21,271
2026-08-18 13:29:00+00:00,4391.18,4391.97,4388.65,4389.05,317
2026-08-18 13:30:00+00:00,4389.3150000000005,4390.43,4376.754,4384.275,629
2026-08-18 13:31:00+00:00,4384.344999999999,4393.765,4384.344999999999,4393.0650000000005,502
2026-08-18 13:32:00+00:00,4393.04,4395.97,4392.07,4394.755,473
2026-08-18 13:33:00+00:00,4394.645,4397.015,4391.5,4393.9349999999995,528
2026-08-18 13:34:00+00:00,4393.825000000001,4399.135,4393.21,4397.01,529
2026-08-18 13:35:00+00:00,4396.995,4400.129999999999,4395.475,4397.625,493
2026-08-18 13:36:00+00:00,4397.52,4402.735000000001,4396.865,4399.485000000001,511
2026-08-18 13:37:00+00:00,4399.635,4401.59,4399.055,4400.395,503
2026-08-18 13:38:00+00:00,4400.38,4403.335,4399.545,4402.35,462
2026-08-18 13:39:00+00:00,4402.299999999999,4403.455,4400.6,4403.095,499
2026-08-18 13:40:00+00:00,4403.014999999999,4403.115,4401.1,4401.5650000000005,470
2026-08-18 13:41:00+00:00,4401.915,4406.58,4400.77,4403.325,507
2026-08-18 13:42:00+00:00,4402.96,4404.96,4401.865,4403.145,486
2026-08-18 13:43:00+00:00,4403.115,4403.6849999999995,4399.639999999999,4403.13,478
2026-08-18 13:44:00+00:00,4403.17,4403.735000000001,4399.965,4401.145,508
2026-08-18 13:45:00+00:00,4401.5,4402.34,4399.91,4400.985000000001,486
2026-08-18 13:46:00+00:00,4400.995000000001,4401.125,4393.105,4393.62,508
2026-08-18 13:47:00+00:00,4393.645,4397.035,4391.52,4396.584999999999,464
2026-08-18 13:48:00+00:00,4396.54,4396.58,4394.43,4394.755,412
2026-08-18 13:49:00+00:00,4394.745000000001,4397.175,4393.99,4395.264999999999,445
2026-08-18 13:50:00+00:00,4395.025,4398.299999999999,4394.625,4397.575,465
2026-08-18 13:51:00+00:00,4397.91,4398.014999999999,4390.385,4390.53,479
2026-08-18 13:52:00+00:00,4390.405000000001,4394.13,4390.094999999999,4393.01,441
2026-08-18 13:53:00+00:00,4392.885,4393.4,4391.04,4391.34,440
2026-08-18 13:54:00+00:00,4391.505,4391.915,4389.549999999999,4390.915,419
2026-08-18 13:55:00+00:00,4391.085,4391.67,4389.82,4390.685,408
2026-08-18 13:56:00+00:00,4390.525,4393.105,4390.215,4392.96,392
2026-08-18 13:57:00+00:00,4392.895,4394.42,4392.715,4393.610000000001,388
2026-08-18 13:58:00+00:00,4393.535,4393.925,4391.755,4393.565,311
2026-08-18 13:59:00+00:00,4393.5599999999995,4395.19,4392.67,4394.665,337
2026-08-18 14:00:00+00:00,4394.74,4400.62,4393.385,4399.715,474
2026-08-18 14:01:00+00:00,4399.645,4401.6,4398.08,4401.335,429
2026-08-18 14:02:00+00:00,4401.325,4403.375,4399.3099999999995,4402.73,503
2026-08-18 14:03:00+00:00,4402.68,4406.610000000001,4402.68,4405.285,475
2026-08-18 14:04:00+00:00,4405.17,4405.45,4402.299999999999,4404.264999999999,432
2026-08-18 14:05:00+00:00,4404.3,4404.68,4402.825000000001,4403.82,443
2026-08-18 14:06:00+00:00,4403.950000000001,4404.505,4397.925,4400.18,464
2026-08-18 14:07:00+00:00,4400.115,4402.07,4399.4400000000005,4401.450000000001,359
2026-08-18 14:08:00+00:00,4401.42,4401.665,4397.96,4400.66,367
2026-08-18 14:09:00+00:00,4400.6900000000005,4401.42,4398.1849999999995,4398.23,380
2026-08-18 14:10:00+00:00,4398.285,4399.075,4397.08,4398.635,390
2026-08-18 14:11:00+00:00,4398.594999999999,4398.615,4392.09,4393.55,426
2026-08-18 14:12:00+00:00,4393.605,4394.62,4392.695,4394.01,404
2026-08-18 14:13:00+00:00,4393.96,4394.33,4391.145,4393.78,431
2026-08-18 14:14:00+00:00,4393.955,4395.975,4393.125,4393.275,401
2026-08-18 14:15:00+00:00,4393.38,4398.12,4393.0,4398.08,395
2026-08-18 14:16:00+00:00,4398.105,4401.295,4398.0650000000005,4398.635,394
2026-08-18 14:17:00+00:00,4398.665,4398.835,4397.6,4398.49,360
2026-08-18 14:18:00+00:00,4398.485,4403.264999999999,4397.51,4402.855,397
2026-08-18 14:19:00+00:00,4402.735000000001,4405.245,4401.52,4401.52,432
2026-08-18 14:20:00+00:00,4401.595,4402.82,4398.53,4398.98,413
2026-08-18 14:21:00+00:00,4398.9349999999995,4399.405000000001,4396.76,4397.16,406
2026-08-18 14:22:00+00:00,4397.165,4399.395,4396.72,4398.815,326
2026-08-18 14:23:00+00:00,4398.805,4398.889999999999,4396.255,4397.59,360
2026-08-18 14:24:00+00:00,4397.51,4397.8150000000005,4395.805,4397.8150000000005,383
2026-08-18 14:25:00+00:00,4397.82,4398.93,4396.6,4397.915,380
2026-08-18 14:26:00+00:00,4397.9400000000005,4398.1,4396.05,4396.6900000000005,310
2026-08-18 14:27:00+00:00,4396.61,4397.015,4393.27,4394.65,394
2026-08-18 14:28:00+00:00,4394.735000000001,4396.09,4394.0599999999995,4394.295,367
2026-08-18 14:29:00+00:00,4394.395,4395.005,4392.415,4394.264999999999,375
2026-08-18 14:30:00+00:00,4394.23,4394.48,4390.965,4392.205,487
2026-08-18 14:31:00+00:00,4392.115,4392.35,4389.885,4390.75,407
2026-08-18 14:32:00+00:00,4390.764999999999,4394.215,4385.215,4394.075,443
2026-08-18 14:33:00+00:00,4393.97,4396.450000000001,4393.88,4394.844999999999,365
2026-08-18 14:34:00+00:00,4394.865,4395.22,4390.092500000001,4390.092500000001,381
2026-08-18 14:35:00+00:00,4390.077499999999,4390.085,4387.645,4388.094999999999,400
2026-08-18 14:36:00+00:00,4388.174999999999,4390.014999999999,4386.45,4389.95,383
2026-08-18 14:37:00+00:00,4389.9400000000005,4390.28,4386.72,4388.155000000001,371
2026-08-18 14:38:00+00:00,4388.1849999999995,4388.25,4386.055,4387.41,430
2026-08-18 14:39:00+00:00,4387.465,4387.9,4382.25,4382.9349999999995,490
2026-08-18 14:40:00+00:00,4382.905000000001,4383.8099999999995,4379.295,4382.37,473
2026-08-18 14:41:00+00:00,4382.335,4384.97,4381.655000000001,4384.51,442
2026-08-18 14:42:00+00:00,4384.46,4385.02,4383.135,4383.71,405
2026-08-18 14:43:00+00:00,4383.67,4384.08,4378.025,4378.77,433
2026-08-18 14:44:00+00:00,4378.675,4380.07,4377.735,4379.645,412
2026-08-18 14:45:00+00:00,4379.66,4381.39,4378.035,4380.405000000001,434
2026-08-18 14:46:00+00:00,4380.15,4383.185,4379.245000000001,4383.04,408
2026-08-18 14:47:00+00:00,4383.1900000000005,4385.5,4382.225,4385.415,405
2026-08-18 14:48:00+00:00,4385.43,4388.49,4384.475,4388.0599999999995,388
2026-08-18 14:49:00+00:00,4387.995,4388.594999999999,4386.87,4386.875,363
2026-08-18 14:50:00+00:00,4386.895,4389.025,4384.805,4387.2,427
2026-08-18 14:51:00+00:00,4387.325,4388.28,4383.73,4383.73,408
2026-08-18 14:52:00+00:00,4383.445,4384.035,4381.305,4381.305,425
2026-08-18 14:53:00+00:00,4381.38,4381.71,4372.89,4378.27,502
2026-08-18 14:54:00+00:00,4378.365,4382.375,4377.21,4378.895,462
2026-08-18 14:55:00+00:00,4378.785,4383.105,4378.785,4382.975,421
2026-08-18 14:56:00+00:00,4382.835,4382.870000000001,4375.245000000001,4377.955,465
2026-08-18 14:57:00+00:00,4377.845,4378.075,4375.77,4376.54,455
2026-08-18 14:58:00+00:00,4376.48,4376.705,4369.8150000000005,4369.835,469
2026-08-18 14:59:00+00:00,4369.594999999999,4370.305,4363.71,4366.725,482
2026-08-18 15:00:00+00:00,4366.905000000001,4372.16,4365.975,4370.49,495
2026-08-18 15:01:00+00:00,4370.455,4371.365,4367.415,4368.65,533
2026-08-18 15:02:00+00:00,4368.6900000000005,4370.78,4367.735000000001,4368.41,520
2026-08-18 15:03:00+00:00,4368.375,4373.375,4367.41,4373.110000000001,506
2026-08-18 15:04:00+00:00,4373.12,4376.754999999999,4372.29,4375.754999999999,472
2026-08-18 15:05:00+00:00,4375.8,4377.65,4374.344999999999,4375.74,468
2026-08-18 15:06:00+00:00,4375.77,4376.48,4374.264999999999,4376.245,376
2026-08-18 15:07:00+00:00,4376.235,4376.41,4371.21,4372.065,396
2026-08-18 15:08:00+00:00,4372.07,4372.07,4368.83,4369.99,401
2026-08-18 15:09:00+00:00,4370.09,4370.09,4365.1,4365.925,459
2026-08-18 15:10:00+00:00,4365.895,4367.215,4363.8099999999995,4366.9,474
2026-08-18 15:11:00+00:00,4366.945,4367.889999999999,4364.325000000001,4365.495,467
2026-08-18 15:12:00+00:00,4365.585,4368.334999999999,4364.71,4367.155,457
2026-08-18 15:13:00+00:00,4367.115,4367.115,4363.135,4363.83,413
2026-08-18 15:14:00+00:00,4363.92,4363.955,4359.135,4360.120000000001,483
2026-08-18 15:15:00+00:00,4360.1,4363.715,4359.245000000001,4362.88,420
2026-08-18 15:16:00+00:00,4362.83,4365.395,4362.63,4364.605,406
2026-08-18 15:17:00+00:00,4364.4349999999995,4365.125,4363.1,4363.799999999999,367
2026-08-18 15:18:00+00:00,4363.73,4364.0650000000005,4358.865,4358.865,437
2026-08-18 15:19:00+00:00,4358.88,4359.225,4355.275,4355.305,464
2026-08-18 15:20:00+00:00,4355.115,4356.344999999999,4352.735000000001,4354.88,490
2026-08-18 15:21:00+00:00,4354.985,4356.925,4352.264999999999,4355.1,495
2026-08-18 15:22:00+00:00,4355.075,4357.145,4353.515,4356.645,489
2026-08-18 15:23:00+00:00,4356.5599999999995,4356.745,4353.23,4355.82,439
2026-08-18 15:24:00+00:00,4355.88,4356.264999999999,4351.77,4354.450000000001,453
2026-08-18 15:25:00+00:00,4354.594999999999,4357.705,4353.17,4356.945,444
2026-08-18 15:26:00+00:00,4356.96,4357.5650000000005,4354.175,4356.515,434
2026-08-18 15:27:00+00:00,4356.610000000001,4356.9400000000005,4354.01,4356.645,374
2026-08-18 15:28:00+00:00,4356.5650000000005,4359.17,4355.879999999999,4357.885,368
2026-08-18 15:29:00+00:00,4357.905,4360.93,4354.785,4355.15,499
2026-08-18 15:30:00+00:00,4355.014999999999,4357.195,4354.675,4357.065,464
2026-08-18 15:31:00+00:00,4357.0599999999995,4362.225,4356.32,4357.9,511
2026-08-18 15:32:00+00:00,4358.16,4361.0650000000005,4356.5,4356.9,414
2026-08-18 15:33:00+00:00,4356.969999999999,4359.105,4356.74,4358.205,329
2026-08-18 15:34:00+00:00,4358.05,4362.264999999999,4357.530000000001,4359.905000000001,385
2026-08-18 15:35:00+00:00,4359.975,4360.705,4359.02,4360.21,408
2026-08-18 15:36:00+00:00,4360.32,4360.82,4356.865,4358.555,410
2026-08-18 15:37:00+00:00,4358.6849999999995,4359.98,4356.8,4358.28,352
2026-08-18 15:38:00+00:00,4358.2,4362.0,4358.2,4361.26,348
2026-08-18 15:39:00+00:00,4361.535,4362.4400000000005,4360.8150000000005,4361.299999999999,326
2026-08-18 15:40:00+00:00,4361.48,4362.1900000000005,4359.545,4361.094999999999,374
2026-08-18 15:41:00+00:00,4361.139999999999,4361.915,4359.535,4361.095,329
2026-08-18 15:42:00+00:00,4361.1900000000005,4361.79,4358.965,4359.05,316
2026-08-18 15:43:00+00:00,4359.17,4359.27,4357.3,4357.55,295
2026-08-18 15:44:00+00:00,4357.555,4359.79,4356.72,4358.735000000001,350
2026-08-18 15:45:00+00:00,4358.84,4361.85,4358.84,4361.29,406
2026-08-18 15:46:00+00:00,4361.245,4362.62,4360.965,4361.33,331
2026-08-18 15:47:00+00:00,4361.25,4362.63,4359.845,4361.165,367
2026-08-18 15:48:00+00:00,4361.145,4365.21,4360.605,4363.264999999999,314
2026-08-18 15:49:00+00:00,4363.28,4364.825000000001,4363.23,4364.24,229
2026-08-18 15:50:00+00:00,4364.43,4364.76,4361.405000000001,4362.635,273
2026-08-18 15:51:00+00:00,4362.665,4366.045,4362.12,4365.51,269
2026-08-18 15:52:00+00:00,4365.365,4365.835,4364.545,4364.725,250
2026-08-18 15:53:00+00:00,4364.735000000001,4366.8,4364.6849999999995,4365.365,341
2026-08-18 15:54:00+00:00,4365.295,4365.445,4364.04,4364.715,226
2026-08-18 15:55:00+00:00,4364.79,4366.11,4364.174999999999,4364.595,288
2026-08-18 15:56:00+00:00,4364.615,4364.764999999999,4363.46,4363.68,248
2026-08-18 15:57:00+00:00,4363.764999999999,4365.165,4363.7,4364.455,252
2026-08-18 15:58:00+00:00,4364.405000000001,4364.695,4363.825000000001,4364.25,207
2026-08-18 15:59:00+00:00,4364.195,4365.27,4364.165,4364.955,189
2026-08-18 16:00:00+00:00,4364.9,4367.54,4364.9,4367.39,306
2026-08-18 16:01:00+00:00,4367.285,4368.780000000001,4366.79,4367.67,272
2026-08-18 16:02:00+00:00,4367.64,4368.51,4367.235000000001,4367.370000000001,228
2026-08-18 16:03:00+00:00,4367.355,4369.455,4367.355,4368.32,254
2026-08-18 16:04:00+00:00,4368.299999999999,4369.365,4367.74,4368.280000000001,228
2026-08-18 16:05:00+00:00,4368.1849999999995,4369.09,4367.235000000001,4368.955,221
2026-08-18 16:06:00+00:00,4369.045,4369.745,4367.735000000001,4367.79,246
2026-08-18 16:07:00+00:00,4367.785,4368.094999999999,4366.95,4368.035,263
2026-08-18 16:08:00+00:00,4368.35,4371.275,4367.705,4371.05,257
2026-08-18 16:09:00+00:00,4371.2,4371.795,4370.66,4371.525,245
2026-08-18 16:10:00+00:00,4371.57,4371.8099999999995,4369.5599999999995,4369.71,223
2026-08-18 16:11:00+00:00,4369.6849999999995,4370.85,4369.004999999999,4370.635,199
2026-08-18 16:12:00+00:00,4370.625,4370.625,4369.04,4369.71,209
2026-08-18 16:13:00+00:00,4369.91,4370.4400000000005,4368.785,4368.895,187
2026-08-18 16:14:00+00:00,4369.03,4369.09,4367.65,4367.844999999999,177
2026-08-18 16:15:00+00:00,4367.855,4368.495,4366.34,4366.545,245
2026-08-18 16:16:00+00:00,4366.59,4367.38,4366.475,4366.924999999999,257
2026-08-18 16:17:00+00:00,4367.035,4367.13,4364.71,4366.1900000000005,240
2026-08-18 16:18:00+00:00,4366.27,4366.280000000001,4364.9349999999995,4365.155,226
2026-08-18 16:19:00+00:00,4365.174999999999,4367.3,4364.775,4367.245,299
2026-08-18 16:20:00+00:00,4367.305,4369.82,4367.305,4369.030000000001,272
2026-08-18 16:21:00+00:00,4369.125,4369.795,4368.615,4369.450000000001,199
2026-08-18 16:22:00+00:00,4369.465,4369.485,4367.775,4367.9,198
2026-08-18 16:23:00+00:00,4367.905000000001,4368.299999999999,4366.735000000001,4367.955,211
2026-08-18 16:24:00+00:00,4367.93,4368.844999999999,4367.6900000000005,4368.475,146
2026-08-18 16:25:00+00:00,4368.48,4369.254999999999,4368.200000000001,4368.79,167
2026-08-18 16:26:00+00:00,4368.865,4369.165,4366.605,4366.71,200
2026-08-18 16:27:00+00:00,4366.655000000001,4366.93,4364.42,4364.51,218
2026-08-18 16:28:00+00:00,4364.57,4364.82,4363.745000000001,4364.1900000000005,210
2026-08-18 16:29:00+00:00,4364.155000000001,4364.7,4363.620000000001,4364.275,210
2026-08-18 16:30:00+00:00,4364.424999999999,4366.865,4364.3099999999995,4366.18,269
2026-08-18 16:31:00+00:00,4366.22,4366.865,4364.004999999999,4364.08,237
2026-08-18 16:32:00+00:00,4364.115,4364.785,4363.46,4364.725,200
2026-08-18 16:33:00+00:00,4364.715,4365.115,4363.514999999999,4364.1,197
2026-08-18 16:34:00+00:00,4364.1,4365.985000000001,4364.014999999999,4365.985000000001,263
2026-08-18 16:35:00+00:00,4366.110000000001,4367.3099999999995,4365.02,4365.385,210
2026-08-18 16:36:00+00:00,4365.610000000001,4366.1,4364.139999999999,4364.1849999999995,166
2026-08-18 16:37:00+00:00,4364.200000000001,4365.455,4363.195,4365.05,221
2026-08-18 16:38:00+00:00,4365.17,4366.965,4365.17,4366.360000000001,173
2026-08-18 16:39:00+00:00,4366.42,4366.5650000000005,4365.235,4365.389999999999,167
2026-08-18 16:40:00+00:00,4365.45,4367.344999999999,4365.295,4367.34,226
2026-08-18 16:41:00+00:00,4367.335,4368.695,4367.145,4367.915,174
2026-08-18 16:42:00+00:00,4367.945,4368.3150000000005,4367.16,4367.705,186
2026-08-18 16:43:00+00:00,4367.8150000000005,4367.9,4365.575,4365.805,185
2026-08-18 16:44:00+00:00,4365.9,4367.825,4365.9,4367.545,162
2026-08-18 16:45:00+00:00,4367.555,4367.905000000001,4365.86,4366.115,209
2026-08-18 16:46:00+00:00,4366.15,4367.23,4365.165,4367.049999999999,181
2026-08-18 16:47:00+00:00,4367.105,4367.715,4364.6849999999995,4364.82,205
2026-08-18 16:48:00+00:00,4364.805,4365.29,4363.555,4363.77,192
2026-08-18 16:49:00+00:00,4363.745000000001,4364.355,4363.344999999999,4363.65,157
2026-08-18 16:50:00+00:00,4363.66,4364.225,4363.18,4364.12,168
2026-08-18 16:51:00+00:00,4364.030000000001,4366.24,4363.795,4366.105,179
2026-08-18 16:52:00+00:00,4366.07,4367.635,4365.99,4367.4,245
2026-08-18 16:53:00+00:00,4367.535,4367.545,4366.530000000001,4367.0650000000005,167
2026-08-18 16:54:00+00:00,4367.049999999999,4368.995000000001,4366.96,4368.715,187
2026-08-18 16:55:00+00:00,4368.745,4368.745,4366.135,4366.195,195
2026-08-18 16:56:00+00:00,4366.245000000001,4366.57,4365.415,4365.73,160
2026-08-18 16:57:00+00:00,4365.835,4365.865,4363.755,4363.92,226
2026-08-18 16:58:00+00:00,4363.96,4364.565,4363.245000000001,4364.125,216
2026-08-18 16:59:00+00:00,4364.225,4364.91,4364.0,4364.0,228
2026-08-18 17:00:00+00:00,4363.825000000001,4365.445,4363.805,4364.99,259
2026-08-18 17:01:00+00:00,4365.1,4365.66,4364.025,4364.495,251
2026-08-18 17:02:00+00:00,4364.4349999999995,4365.855,4363.945,4364.889999999999,239
2026-08-18 17:03:00+00:00,4364.855,4365.165,4363.76,4363.95,241
2026-08-18 17:04:00+00:00,4364.115,4365.04,4363.879999999999,4364.705,201
2026-08-18 17:05:00+00:00,4364.735000000001,4366.1849999999995,4364.535,4365.700000000001,215
2026-08-18 17:06:00+00:00,4365.785,4366.344999999999,4365.370000000001,4365.799999999999,198
2026-08-18 17:07:00+00:00,4365.89,4366.045,4364.735000000001,4365.674999999999,177
2026-08-18 17:08:00+00:00,4365.68,4366.37,4365.4400000000005,4366.030000000001,151
2026-08-18 17:09:00+00:00,4366.0,4366.23,4365.799999999999,4366.004999999999,153
2026-08-18 17:10:00+00:00,4366.094999999999,4366.610000000001,4365.6849999999995,4365.9400000000005,179
2026-08-18 17:11:00+00:00,4366.095,4366.6900000000005,4365.275,4365.3150000000005,166
2026-08-18 17:12:00+00:00,4365.4349999999995,4366.43,4365.0599999999995,4366.005,167
2026-08-18 17:13:00+00:00,4366.094999999999,4366.655,4364.9400000000005,4366.325000000001,134
2026-08-18 17:14:00+00:00,4366.455,4367.344999999999,4366.455,4367.085,203
2026-08-18 17:15:00+00:00,4367.23,4368.450000000001,4367.0,4367.975,203
2026-08-18 17:16:00+00:00,4367.96,4368.09,4366.36,4367.02,215
2026-08-18 17:17:00+00:00,4367.205,4367.34,4365.455,4365.605,154
2026-08-18 17:18:00+00:00,4365.65,4365.99,4364.35,4364.514999999999,213
2026-08-18 17:19:00+00:00,4364.605,4366.125,4363.275,4364.445,265
2026-08-18 17:20:00+00:00,4364.54,4366.285,4364.334999999999,4365.37,211
2026-08-18 17:21:00+00:00,4365.3150000000005,4366.495,4364.61,4366.46,206
2026-08-18 17:22:00+00:00,4366.58,4367.375,4366.07,4367.125,195
2026-08-18 17:23:00+00:00,4367.245,4367.3,4366.09,4366.99,196
2026-08-18 17:24:00+00:00,4366.95,4367.53,4365.605,4367.53,303
2026-08-18 17:25:00+00:00,4367.620000000001,4368.5,4364.605,4365.67,236
2026-08-18 17:26:00+00:00,4365.77,4366.17,4365.28,4365.754999999999,189
2026-08-18 17:27:00+00:00,4365.735000000001,4366.455,4365.665,4365.855,218
2026-08-18 17:28:00+00:00,4365.825000000001,4366.49,4364.78,4366.26,245
2026-08-18 17:29:00+00:00,4365.845,4366.0650000000005,4363.715,4365.54,443
2026-08-18 17:30:00+00:00,4365.514999999999,4365.674999999999,4361.6849999999995,4361.75,339
2026-08-18 17:31:00+00:00,4361.68,4364.254999999999,4361.47,4363.995000000001,279
2026-08-18 17:32:00+00:00,4364.01,4365.3099999999995,4363.325,4365.3099999999995,197
2026-08-18 17:33:00+00:00,4365.33,4366.26,4365.049999999999,4365.764999999999,212
2026-08-18 17:34:00+00:00,4365.780000000001,4365.99,4364.530000000001,4364.54,162
2026-08-18 17:35:00+00:00,4364.305,4365.405,4364.24,4364.515,197
2026-08-18 17:36:00+00:00,4364.71,4365.145,4363.83,4364.754999999999,219
2026-08-18 17:37:00+00:00,4364.735,4364.785,4361.63,4361.635,235
2026-08-18 17:38:00+00:00,4361.63,4363.105,4361.045,4362.905000000001,255
2026-08-18 17:39:00+00:00,4362.845,4363.5,4362.495,4362.8150000000005,181
2026-08-18 17:40:00+00:00,4362.725,4365.155000000001,4362.72,4364.97,276
2026-08-18 17:41:00+00:00,4364.92,4365.095,4362.66,4363.485000000001,196
2026-08-18 17:42:00+00:00,4363.495,4363.549999999999,4361.295,4361.295,160
2026-08-18 17:43:00+00:00,4361.395,4361.485000000001,4360.674999999999,4360.764999999999,164
2026-08-18 17:44:00+00:00,4360.77,4361.379999999999,4358.674999999999,4358.674999999999,208
2026-08-18 17:45:00+00:00,4358.655,4360.455,4358.424999999999,4360.35,254
2026-08-18 17:46:00+00:00,4360.285,4360.5599999999995,4359.21,4359.285,145
2026-08-18 17:47:00+00:00,4359.18,4359.59,4358.675,4358.755,145
2026-08-18 17:48:00+00:00,4358.775,4358.775,4357.04,4357.245,192
2026-08-18 17:49:00+00:00,4357.23,4358.405000000001,4357.135,4358.035,174
2026-08-18 17:50:00+00:00,4358.025,4359.860000000001,4357.895,4359.74,187
2026-08-18 17:51:00+00:00,4359.6849999999995,4359.719999999999,4358.97,4359.049999999999,118
2026-08-18 17:52:00+00:00,4359.055,4359.55,4358.8099999999995,4358.975,140
2026-08-18 17:53:00+00:00,4358.88,4359.175,4358.3150000000005,4358.82,174
2026-08-18 17:54:00+00:00,4358.844999999999,4359.025,4358.26,4358.785,137
2026-08-18 17:55:00+00:00,4358.74,4359.16,4358.16,4358.5599999999995,191
2026-08-18 17:56:00+00:00,4358.575,4358.639999999999,4357.42,4357.889999999999,169
2026-08-18 17:57:00+00:00,4357.875,4358.45,4357.525,4357.92,165
2026-08-18 17:58:00+00:00,4357.93,4358.025,4356.825,4357.825,146
2026-08-18 17:59:00+00:00,4357.83,4358.135,4357.52,4357.745000000001,198
2026-08-18 18:00:00+00:00,4357.935,4358.110000000001,4355.525,4356.29,270
2026-08-18 18:01:00+00:00,4356.395,4357.3,4356.395,4356.8,168
2026-08-18 18:02:00+00:00,4356.755,4357.51,4355.8150000000005,4355.8150000000005,189
2026-08-18 18:03:00+00:00,4356.023999999999,4356.175,4354.264999999999,4354.375,230
2026-08-18 18:04:00+00:00,4354.475,4354.475,4352.83,4353.605,195
2026-08-18 18:05:00+00:00,4353.655,4354.555,4353.46,4353.915,211
2026-08-18 18:06:00+00:00,4353.985000000001,4354.43,4352.875,4354.43,202
2026-08-18 18:07:00+00:00,4354.365,4355.945,4354.21,4355.245,148
2026-08-18 18:08:00+00:00,4355.225,4355.495000000001,4353.905,4354.07,189
2026-08-18 18:09:00+00:00,4354.18,4355.9,4353.045,4355.799999999999,185
2026-08-18 18:10:00+00:00,4355.805,4356.145,4354.52,4355.54,160
2026-08-18 18:11:00+00:00,4355.605,4355.605,4353.795,4353.835,144
2026-08-18 18:12:00+00:00,4353.745,4353.985000000001,4353.025,4353.985000000001,146
2026-08-18 18:13:00+00:00,4353.92,4357.76,4353.895,4357.65,222
2026-08-18 18:14:00+00:00,4357.6849999999995,4358.299999999999,4357.3099999999995,4357.950000000001,155
2026-08-18 18:15:00+00:00,4357.955,4358.42,4357.41,4358.045,194
2026-08-18 18:16:00+00:00,4357.99,4358.514999999999,4357.105,4357.195,154
2026-08-18 18:17:00+00:00,4357.175,4358.3099999999995,4356.915,4358.035,173
2026-08-18 18:18:00+00:00,4358.17,4358.9349999999995,4357.945,4358.66,185
2026-08-18 18:19:00+00:00,4358.73,4359.305,4358.6,4359.08,150
2026-08-18 18:20:00+00:00,4359.085,4359.6,4358.695,4359.139999999999,148
2026-08-18 18:21:00+00:00,4359.29,4359.58,4358.8150000000005,4359.0599999999995,164
2026-08-18 18:22:00+00:00,4359.05,4359.125,4356.76,4356.835,188
2026-08-18 18:23:00+00:00,4356.85,4356.985000000001,4355.775,4356.084999999999,160
2026-08-18 18:24:00+00:00,4355.965,4357.594999999999,4355.7564999999995,4357.125,161
2026-08-18 18:25:00+00:00,4357.13,4357.835,4356.575,4357.795,184
2026-08-18 18:26:00+00:00,4357.695,4358.6,4357.605,4358.335,136
2026-08-18 18:27:00+00:00,4358.325,4358.865,4357.65,4358.280000000001,147
2026-08-18 18:28:00+00:00,4358.395,4361.145,4358.395,4360.85,210
2026-08-18 18:29:00+00:00,4360.93,4361.115,4360.299999999999,4360.305,185
2026-08-18 18:30:00+00:00,4360.39,4360.6849999999995,4359.545,4359.674999999999,135
2026-08-18 18:31:00+00:00,4359.735000000001,4360.3150000000005,4358.885,4359.99,135
2026-08-18 18:32:00+00:00,4359.965,4360.055,4359.065,4359.25,154
2026-08-18 18:33:00+00:00,4359.275,4359.575000000001,4358.084999999999,4358.375,123
2026-08-18 18:34:00+00:00,4358.52,4359.84,4358.094999999999,4359.84,135
2026-08-18 18:35:00+00:00,4359.844999999999,4360.33,4359.24,4359.844999999999,154
2026-08-18 18:36:00+00:00,4359.85,4360.49,4358.715,4358.91,130
2026-08-18 18:37:00+00:00,4358.98,4359.675,4358.725,4358.975,131
2026-08-18 18:38:00+00:00,4358.950000000001,4359.725,4358.405,4359.1849999999995,132
2026-08-18 18:39:00+00:00,4359.264999999999,4360.175,4358.94,4359.79,126
2026-08-18 18:40:00+00:00,4359.77,4359.915000000001,4357.14,4357.745,145
2026-08-18 18:41:00+00:00,4357.75,4357.75,4356.110000000001,4356.360000000001,146
2026-08-18 18:42:00+00:00,4355.735000000001,4356.79,4355.725,4356.025,185
2026-08-18 18:43:00+00:00,4356.04,4356.425,4355.264999999999,4355.645,118
2026-08-18 18:44:00+00:00,4355.57,4355.57,4353.665,4354.415,195
2026-08-18 18:45:00+00:00,4354.530000000001,4355.15,4354.110000000001,4354.9,142
2026-08-18 18:46:00+00:00,4355.014999999999,4355.0599999999995,4354.375,4354.945,124
2026-08-18 18:47:00+00:00,4354.895,4355.73,4354.799999999999,4355.175,154
2026-08-18 18:48:00+00:00,4355.1849999999995,4355.375,4352.9349999999995,4353.895,180
2026-08-18 18:49:00+00:00,4353.88,4354.12,4353.5599999999995,4353.945,103
2026-08-18 18:50:00+00:00,4353.860000000001,4354.83,4353.860000000001,4354.685,116
2026-08-18 18:51:00+00:00,4354.675,4354.985000000001,4354.17,4354.755,113
2026-08-18 18:52:00+00:00,4354.545,4354.860000000001,4354.3,4354.39,106
2026-08-18 18:53:00+00:00,4354.55,4355.275,4354.385,4354.71,106
2026-08-18 18:54:00+00:00,4354.764999999999,4355.110000000001,4354.6,4354.73,105
2026-08-18 18:55:00+00:00,4354.65,4356.21,4354.315,4355.535,181
2026-08-18 18:56:00+00:00,4355.55,4355.58,4353.91,4354.3099999999995,167
2026-08-18 18:57:00+00:00,4354.1900000000005,4355.025,4354.025,4354.805,134
2026-08-18 18:58:00+00:00,4354.795,4354.945,4354.075,4354.395,95
2026-08-18 18:59:00+00:00,4354.4,4354.985000000001,4354.055,4354.35,118
2026-08-18 19:00:00+00:00,4354.42,4355.77,4354.155,4355.0,188
2026-08-18 19:01:00+00:00,4354.805,4357.205,4354.605,4357.07,133
2026-08-18 19:02:00+00:00,4356.965,4358.0650000000005,4355.905000000001,4357.5599999999995,125
2026-08-18 19:03:00+00:00,4357.455,4358.21,4357.17,4357.695,139
2026-08-18 19:04:00+00:00,4357.6900000000005,4357.77,4354.57,4355.48,119
2026-08-18 19:05:00+00:00,4355.245000000001,4356.555,4355.245000000001,4356.4,132
2026-08-18 19:06:00+00:00,4356.375,4356.504999999999,4355.5599999999995,4356.049999999999,110
2026-08-18 19:07:00+00:00,4356.095,4356.55,4355.84,4356.275,114
2026-08-18 19:08:00+00:00,4356.1849999999995,4357.08,4355.725,4356.965,93
2026-08-18 19:09:00+00:00,4357.0,4357.08,4354.925,4355.32,102
2026-08-18 19:10:00+00:00,4355.325,4355.88,4354.8099999999995,4355.675,134
2026-08-18 19:11:00+00:00,4355.700000000001,4358.525,4355.09,4357.17,179
2026-08-18 19:12:00+00:00,4357.110000000001,4357.145,4355.45,4356.105,171
2026-08-18 19:13:00+00:00,4356.145,4356.825,4355.825,4356.41,98
2026-08-18 19:14:00+00:00,4356.47,4357.645,4356.47,4357.15,96
2026-08-18 19:15:00+00:00,4357.145,4358.360000000001,4357.055,4358.21,122
2026-08-18 19:16:00+00:00,4358.025,4358.73,4356.975,4357.24,162
2026-08-18 19:17:00+00:00,4357.225,4358.45,4356.925,4357.110000000001,136
2026-08-18 19:18:00+00:00,4357.055,4357.4,4355.355,4356.155000000001,136
2026-08-18 19:19:00+00:00,4356.299999999999,4356.445,4354.110000000001,4354.775,147
2026-08-18 19:20:00+00:00,4354.715,4354.91,4353.91,4354.045,131
2026-08-18 19:21:00+00:00,4354.105,4355.03,4352.725,4354.8150000000005,159
2026-08-18 19:22:00+00:00,4354.92,4356.49,4353.865,4356.165,165
2026-08-18 19:23:00+00:00,4356.26,4356.445,4353.99,4354.04,134
2026-08-18 19:24:00+00:00,4353.92,4354.07,4353.139999999999,4353.32,114
2026-08-18 19:25:00+00:00,4353.405,4353.84,4352.475,4353.264999999999,173
2026-08-18 19:26:00+00:00,4353.344999999999,4354.72,4352.91,4354.245,150
2026-08-18 19:27:00+00:00,4354.285,4354.639999999999,4353.67,4354.41,117
2026-08-18 19:28:00+00:00,4354.37,4356.030000000001,4354.37,4355.73,138
2026-08-18 19:29:00+00:00,4355.74,4356.08,4354.82,4354.969999999999,156
2026-08-18 19:30:00+00:00,4355.065,4355.79,4354.045,4355.375,206
2026-08-18 19:31:00+00:00,4355.345,4356.29,4354.99,4355.6,200
2026-08-18 19:32:00+00:00,4355.68,4356.885,4355.58,4356.145,167
2026-08-18 19:33:00+00:00,4356.165,4356.465,4355.165,4355.4,114
2026-08-18 19:34:00+00:00,4355.42,4355.63,4353.855,4354.3,150
2026-08-18 19:35:00+00:00,4354.200000000001,4354.74,4354.110000000001,4354.205,102
2026-08-18 19:36:00+00:00,4354.285,4355.755,4353.905,4354.0599999999995,149
2026-08-18 19:37:00+00:00,4354.145,4354.92,4353.695,4354.65,165
2026-08-18 19:38:00+00:00,4354.615,4355.665000000001,4354.24,4355.665000000001,152
2026-08-18 19:39:00+00:00,4355.635,4355.69,4354.925,4355.08,132
2026-08-18 19:40:00+00:00,4355.04,4356.51,4354.98,4356.370000000001,185
2026-08-18 19:41:00+00:00,4356.37,4357.969999999999,4356.135,4357.764999999999,189
2026-08-18 19:42:00+00:00,4357.785,4357.975,4357.264999999999,4357.695,151
2026-08-18 19:43:00+00:00,4357.67,4357.969999999999,4354.98,4355.0599999999995,179
2026-08-18 19:44:00+00:00,4355.045,4355.045,4349.865,4349.995,275
2026-08-18 19:45:00+00:00,4350.09,4352.925,4348.835,4352.805,306
2026-08-18 19:46:00+00:00,4352.785,4353.545,4351.780000000001,4352.28,180
2026-08-18 19:47:00+00:00,4352.295,4352.455,4350.575,4350.6,183
2026-08-18 19:48:00+00:00,4350.575,4350.575,4346.34,4346.639999999999,340
2026-08-18 19:49:00+00:00,4346.755,4346.925,4344.025,4346.1,335
2026-08-18 19:50:00+00:00,4345.985000000001,4346.875,4344.08,4345.82,314
2026-08-18 19:51:00+00:00,4345.895,4345.895,4342.07,4342.945,332
2026-08-18 19:52:00+00:00,4342.83,4344.865,4342.65,4344.8150000000005,267
2026-08-18 19:53:00+00:00,4344.6900000000005,4345.6849999999995,4344.254999999999,4344.450000000001,220
2026-08-18 19:54:00+00:00,4344.52,4345.495,4343.165,4345.425,267
2026-08-18 19:55:00+00:00,4345.4400000000005,4346.5,4343.950000000001,4345.37,297
2026-08-18 19:56:00+00:00,4345.38,4345.43,4342.11,4342.74,183
2026-08-18 19:57:00+00:00,4342.84,4343.92,4338.545,4341.37,247
2026-08-18 19:58:00+00:00,4341.24,4344.0599999999995,4339.92,4344.0599999999995,213
2026-08-18 19:59:00+00:00,4344.325000000001,4346.389999999999,4344.325000000001,4345.755,216
2026-08-18 20:00:00+00:00,4345.795,4346.014999999999,4343.855,4343.9349999999995,106
2026-08-18 20:01:00+00:00,4344.195,4345.5599999999995,4343.37,4345.5599999999995,77
2026-08-18 20:02:00+00:00,4345.795,4346.59,4344.719999999999,4345.875,64
2026-08-18 20:03:00+00:00,4345.75,4345.98,4343.594999999999,4343.715,52
2026-08-18 20:04:00+00:00,4343.594999999999,4344.094999999999,4342.745,4343.78,62
2026-08-18 20:05:00+00:00,4343.99,4344.33,4343.594999999999,4343.889999999999,43
2026-08-18 20:06:00+00:00,4343.71,4344.24,4343.405,4343.52,37
2026-08-18 20:07:00+00:00,4343.65,4344.29,4342.72,4343.055,40
2026-08-18 20:08:00+00:00,4342.9349999999995,4343.264999999999,4342.514999999999,4342.719999999999,45
2026-08-18 20:09:00+00:00,4342.85,4343.219999999999,4342.6,4342.99,29
2026-08-18 20:10:00+00:00,4343.129999999999,4343.6900000000005,4342.52,4342.52,46
2026-08-18 20:11:00+00:00,4342.505,4342.68,4341.99,4342.555,24
2026-08-18 20:12:00+00:00,4342.6849999999995,4342.805,4342.32,4342.355,30
2026-08-18 20:13:00+00:00,4342.465,4343.53,4340.755,4340.91,57
2026-08-18 20:14:00+00:00,4340.88,4342.02,4340.88,4341.92,33
2026-08-18 20:15:00+00:00,4342.02,4342.25,4339.745,4340.41,49
2026-08-18 20:16:00+00:00,4340.7,4341.68,4340.535,4341.68,36
2026-08-18 20:17:00+00:00,4341.555,4342.139999999999,4341.3,4341.88,26
2026-08-18 20:18:00+00:00,4341.705,4341.865,4341.47,4341.695,14
2026-08-18 20:19:00+00:00,4341.860000000001,4342.17,4341.3099999999995,4341.799999999999,32
2026-08-18 20:20:00+00:00,4341.924999999999,4342.0650000000005,4338.375,4338.764999999999,53
2026-08-18 20:21:00+00:00,4338.915,4339.014999999999,4333.65,4336.475,155
2026-08-18 20:22:00+00:00,4336.605,4338.700000000001,4336.110000000001,4338.700000000001,66
2026-08-18 20:23:00+00:00,4338.82,4338.82,4337.9,4337.9,29
2026-08-18 20:24:00+00:00,4338.030000000001,4338.775,4337.77,4337.77,35
2026-08-18 20:25:00+00:00,4337.889999999999,4338.18,4337.335,4337.605,28
2026-08-18 20:26:00+00:00,4337.8150000000005,4338.045,4337.09,4337.264999999999,30
2026-08-18 20:27:00+00:00,4337.155000000001,4337.35,4336.6,4337.215,24
2026-08-18 20:28:00+00:00,4337.335,4337.860000000001,4336.7,4337.860000000001,35
2026-08-18 20:29:00+00:00,4337.965,4338.57,4337.135,4337.9400000000005,54
2026-08-18 20:30:00+00:00,4338.07,4338.07,4336.615,4336.860000000001,50
2026-08-18 20:31:00+00:00,4337.095,4337.4,4336.725,4336.895,20
2026-08-18 20:32:00+00:00,4337.014999999999,4339.254999999999,4337.014999999999,4338.705,42
2026-08-18 20:33:00+00:00,4338.8150000000005,4339.585,4338.799999999999,4339.094999999999,29
2026-08-18 20:34:00+00:00,4339.225,4339.59,4338.9349999999995,4339.385,25
2026-08-18 20:35:00+00:00,4339.5,4339.59,4339.03,4339.13,18
2026-08-18 20:36:00+00:00,4338.9400000000005,4339.05,4337.73,4338.07,20
2026-08-18 20:37:00+00:00,4338.305,4338.73,4337.594999999999,4337.594999999999,20
2026-08-18 20:38:00+00:00,4337.485000000001,4338.885,4337.485000000001,4338.514999999999,36
2026-08-18 20:39:00+00:00,4338.625,4338.785,4337.885,4337.885,16
2026-08-18 20:40:00+00:00,4338.025,4338.545,4337.605,4338.405000000001,28
2026-08-18 20:41:00+00:00,4338.195,4338.395,4336.43,4336.605,22
2026-08-18 20:42:00+00:00,4336.485000000001,4337.09,4335.1900000000005,4336.139999999999,56
2026-08-18 20:43:00+00:00,4336.27,4336.27,4332.865,4332.99,46
2026-08-18 20:44:00+00:00,4333.115,4333.115,4331.635,4332.27,58
2026-08-18 20:45:00+00:00,4332.115,4333.3099999999995,4331.9349999999995,4332.535,73
2026-08-18 20:46:00+00:00,4332.705,4332.78,4331.71,4332.05,50
2026-08-18 20:47:00+00:00,4331.95,4332.424999999999,4329.74,4330.005999999999,66
2026-08-18 20:48:00+00:00,4330.005999999999,4332.905000000001,4329.695,4332.514999999999,93
2026-08-18 20:49:00+00:00,4332.625,4333.025,4331.905000000001,4333.025,32
2026-08-18 20:50:00+00:00,4333.139999999999,4333.245000000001,4331.365,4331.895,45
2026-08-18 20:51:00+00:00,4332.005,4332.295,4330.035,4330.655000000001,53
2026-08-18 20:52:00+00:00,4330.860000000001,4332.335,4330.675,4331.995,41
2026-08-18 20:53:00+00:00,4332.129999999999,4333.43,4331.785,4333.195,40
2026-08-18 20:54:00+00:00,4333.305,4334.5650000000005,4333.235000000001,4334.424999999999,44
2026-08-18 20:55:00+00:00,4334.555,4335.155000000001,4333.625,4334.42,49
2026-08-18 20:56:00+00:00,4334.3099999999995,4334.3099999999995,4332.59,4333.4400000000005,39
2026-08-18 20:57:00+00:00,4333.695,4335.385,4333.545,4334.885,29
2026-08-18 20:58:00+00:00,4334.780000000001,4335.535,4334.495,4334.495,53
2026-08-18 20:59:00+00:00,4334.365,4334.870000000001,4332.9400000000005,4332.9400000000005,75
2026-08-18 22:00:00+00:00,4335.74,4337.105,4335.735000000001,4336.9,26
2026-08-18 22:01:00+00:00,4336.895,4339.445,4336.5599999999995,4338.615,44
2026-08-18 22:02:00+00:00,4338.639999999999,4340.265,4338.610000000001,4340.085,70
2026-08-18 22:03:00+00:00,4340.219999999999,4341.735000000001,4338.96,4341.385,74
2026-08-18 22:04:00+00:00,4341.405,4343.135,4340.860000000001,4341.844999999999,53
2026-08-18 22:05:00+00:00,4340.96,4343.6385,4340.96,4341.495,74
2026-08-18 22:06:00+00:00,4341.6849999999995,4343.16,4341.155,4342.995,112
2026-08-18 22:07:00+00:00,4343.110000000001,4343.110000000001,4342.09,4342.18,42
2026-08-18 22:08:00+00:00,4341.84,4342.285,4341.2,4342.265,50
2026-08-18 22:09:00+00:00,4342.305,4342.33,4341.84,4342.255,27
2026-08-18 22:10:00+00:00,4342.045,4342.5599999999995,4341.764999999999,4342.0599999999995,46
2026-08-18 22:11:00+00:00,4342.21,4342.860000000001,4341.855,4342.585,61
2026-08-18 22:12:00+00:00,4342.58,4342.625,4341.705,4342.21,50
2026-08-18 22:13:00+00:00,4342.08,4342.095,4341.29,4341.29,38
2026-08-18 22:14:00+00:00,4341.335,4342.4,4339.205,4340.11,88
2026-08-18 22:15:00+00:00,4340.68,4342.63,4339.655000000001,4341.75,122
2026-08-18 22:16:00+00:00,4341.77,4341.77,4339.219999999999,4340.505,89
2026-08-18 22:17:00+00:00,4340.28,4340.8150000000005,4339.764999999999,4340.595,60
2026-08-18 22:18:00+00:00,4340.725,4340.844999999999,4338.635,4340.255,120
2026-08-18 22:19:00+00:00,4340.03,4340.69,4338.695,4338.725,80
2026-08-18 22:20:00+00:00,4338.790000000001,4340.01,4337.5650000000005,4339.43,222
2026-08-18 22:21:00+00:00,4339.675,4339.84,4334.34,4336.025,174
2026-08-18 22:22:00+00:00,4335.405000000001,4335.62,4333.725,4335.200000000001,95
2026-08-18 22:23:00+00:00,4334.805,4335.445,4334.195,4334.84,76
2026-08-18 22:24:00+00:00,4335.0599999999995,4336.765,4333.99,4335.225,132
2026-08-18 22:25:00+00:00,4335.215,4338.105,4334.99,4337.93,84
2026-08-18 22:26:00+00:00,4338.01,4339.085,4335.165,4335.4349999999995,126
2026-08-18 22:27:00+00:00,4335.35,4336.395,4334.355,4334.675,98
2026-08-18 22:28:00+00:00,4334.61,4336.295,4334.61,4336.11,76
2026-08-18 22:29:00+00:00,4336.235,4336.715,4334.959999999999,4336.37,62
2026-08-18 22:30:00+00:00,4336.375,4336.84,4335.264999999999,4335.87,76
2026-08-18 22:31:00+00:00,4335.9400000000005,4336.3,4335.1900000000005,4335.745,39
2026-08-18 22:32:00+00:00,4335.6900000000005,4335.845,4335.17,4335.344999999999,39
2026-08-18 22:33:00+00:00,4335.475,4336.389999999999,4335.040000000001,4336.245,29
2026-08-18 22:34:00+00:00,4336.285,4336.285,4335.200000000001,4335.76,47
2026-08-18 22:35:00+00:00,4335.805,4336.41,4335.700000000001,4336.004999999999,53
2026-08-18 22:36:00+00:00,4335.91,4336.43,4335.0599999999995,4335.0599999999995,25
2026-08-18 22:37:00+00:00,4335.05,4335.235000000001,4333.84,4334.48,52
2026-08-18 22:38:00+00:00,4334.415,4335.595,4334.155000000001,4334.85,70
2026-08-18 22:39:00+00:00,4334.725,4335.17,4333.389999999999,4333.865,64
2026-08-18 22:40:00+00:00,4333.855,4334.455,4332.6849999999995,4333.23,80
2026-08-18 22:41:00+00:00,4333.46,4334.014999999999,4332.889999999999,4333.379999999999,59
2026-08-18 22:42:00+00:00,4333.6,4334.555,4332.785,4333.33,90
2026-08-18 22:43:00+00:00,4333.43,4334.495,4333.195,4333.41,50
2026-08-18 22:44:00+00:00,4333.280000000001,4334.295,4333.075,4333.610000000001,46
2026-08-18 22:45:00+00:00,4333.75,4334.035,4333.355,4333.52,49
2026-08-18 22:46:00+00:00,4333.620000000001,4334.5599999999995,4333.04,4334.4400000000005,73
2026-08-18 22:47:00+00:00,4334.115,4334.9400000000005,4333.549999999999,4334.0,75
2026-08-18 22:48:00+00:00,4333.825,4334.1849999999995,4333.4,4333.8099999999995,24
2026-08-18 22:49:00+00:00,4333.49,4334.795,4333.49,4334.629999999999,48
2026-08-18 22:50:00+00:00,4334.8099999999995,4334.9400000000005,4334.155000000001,4334.375,32
2026-08-18 22:51:00+00:00,4334.15,4334.585,4333.83,4334.24,50
2026-08-18 22:52:00+00:00,4334.120000000001,4334.945,4333.71,4334.15,61
2026-08-18 22:53:00+00:00,4333.955,4334.995,4333.955,4334.75,70
2026-08-18 22:54:00+00:00,4334.92,4335.6900000000005,4334.805,4335.025,65
2026-08-18 22:55:00+00:00,4335.1849999999995,4335.1849999999995,4334.26,4334.37,39
2026-08-18 22:56:00+00:00,4334.57,4335.47,4334.39,4334.47,28
2026-08-18 22:57:00+00:00,4334.79,4334.79,4333.22,4333.47,54
2026-08-18 22:58:00+00:00,4333.790000000001,4333.975,4333.485,4333.555,20
2026-08-18 22:59:00+00:00,4333.514999999999,4334.32,4333.415,4334.13,36
2026-08-18 23:00:00+00:00,4334.4400000000005,4334.82,4333.145,4334.5,37
2026-08-18 23:01:00+00:00,4334.41,4336.275,4334.41,4335.8099999999995,53
2026-08-18 23:02:00+00:00,4335.705,4336.245,4334.755,4336.235,39
2026-08-18 23:03:00+00:00,4336.32,4336.345,4335.83,4336.174999999999,33
2026-08-18 23:04:00+00:00,4336.129999999999,4336.265,4335.5,4336.115,27
2026-08-18 23:05:00+00:00,4336.155000000001,4337.575,4336.110000000001,4337.575,39
2026-08-18 23:06:00+00:00,4337.485,4337.9400000000005,4337.040000000001,4337.9400000000005,60
2026-08-18 23:07:00+00:00,4337.96,4338.51,4337.855,4337.855,41
2026-08-18 23:08:00+00:00,4337.84,4337.84,4335.3099999999995,4335.41,43
2026-08-18 23:09:00+00:00,4335.355,4335.515,4334.745000000001,4335.375,38
2026-08-18 23:10:00+00:00,4335.275,4335.75,4334.225,4334.535,45
2026-08-18 23:11:00+00:00,4334.37,4335.08,4333.265,4333.755,86
2026-08-18 23:12:00+00:00,4333.95,4334.41,4333.15,4334.245,105
2026-08-18 23:13:00+00:00,4334.425,4334.9349999999995,4333.085,4333.885,94
2026-08-18 23:14:00+00:00,4334.155,4334.745,4332.695,4334.22,77
2026-08-18 23:15:00+00:00,4334.105,4334.105,4332.575,4333.305,60
2026-08-18 23:16:00+00:00,4333.155,4333.69,4332.57,4332.92,67
2026-08-18 23:17:00+00:00,4332.71,4335.18,4332.66,4334.02,77
2026-08-18 23:18:00+00:00,4333.89,4334.12,4333.12,4333.2,60
2026-08-18 23:19:00+00:00,4333.33,4333.95,4332.16,4332.28,73
2026-08-18 23:20:00+00:00,4332.4,4333.775,4332.4,4333.555,32
2026-08-18 23:21:00+00:00,4333.655000000001,4335.33,4333.514999999999,4335.33,46
2026-08-18 23:22:00+00:00,4335.17,4337.67,4334.674999999999,4335.16,138
2026-08-18 23:23:00+00:00,4334.860000000001,4334.860000000001,4332.485,4333.095,95
2026-08-18 23:24:00+00:00,4332.89,4334.365,4330.865,4332.76,78
2026-08-18 23:25:00+00:00,4332.9,4333.7,4331.68,4332.65,79
2026-08-18 23:26:00+00:00,4332.83,4333.12,4331.88,4332.01,32
2026-08-18 23:27:00+00:00,4331.9,4332.65,4331.9,4332.17,57
2026-08-18 23:28:00+00:00,4332.05,4332.27,4330.2575,4330.54,121
2026-08-18 23:29:00+00:00,4330.3675,4331.45,4330.1925,4330.49,96
2026-08-18 23:30:00+00:00,4330.6,4331.1,4330.2425,4330.98,84
2026-08-18 23:31:00+00:00,4330.72,4332.6,4330.58,4332.02,69
2026-08-18 23:32:00+00:00,4332.17,4332.98,4330.7,4330.7,87
2026-08-18 23:33:00+00:00,4330.55,4330.65,4327.115,4328.265,120
2026-08-18 23:34:00+00:00,4328.43,4331.040000000001,4328.33,4331.025,91
2026-08-18 23:35:00+00:00,4331.129999999999,4332.035,4329.955,4330.78,79
2026-08-18 23:36:00+00:00,4330.67,4330.96,4329.63,4330.91,53
2026-08-18 23:37:00+00:00,4331.23,4331.23,4329.360000000001,4329.465,64
2026-08-18 23:38:00+00:00,4329.625,4329.88,4328.735,4328.995,44
2026-08-18 23:39:00+00:00,4329.095,4329.18,4327.205,4328.85,75
2026-08-18 23:40:00+00:00,4328.695,4329.825,4328.335,4328.8099999999995,37
2026-08-18 23:41:00+00:00,4328.925,4330.08,4328.025,4328.13,51
2026-08-18 23:42:00+00:00,4328.3099999999995,4329.34,4328.225,4328.4,55
2026-08-18 23:43:00+00:00,4328.57,4329.915,4328.465,4328.6,94
2026-08-18 23:44:00+00:00,4328.725,4330.645,4328.67,4330.125,211
2026-08-18 23:45:00+00:00,4329.975,4331.875,4329.525,4331.86,243
2026-08-18 23:46:00+00:00,4331.855,4332.265,4330.925,4330.925,227
2026-08-18 23:47:00+00:00,4331.035,4331.08,4329.67,4330.29,93
2026-08-18 23:48:00+00:00,4330.25,4331.555,4330.25,4330.93,89
2026-08-18 23:49:00+00:00,4331.0599999999995,4331.43,4329.93,4330.93,154
2026-08-18 23:50:00+00:00,4331.055,4331.335,4330.1900000000005,4330.389999999999,24
2026-08-18 23:51:00+00:00,4330.285,4331.245,4329.889999999999,4331.014999999999,36
2026-08-18 23:52:00+00:00,4331.13,4333.97,4330.65,4333.97,70
2026-08-18 23:53:00+00:00,4333.87,4334.05,4331.745,4333.3,101
2026-08-18 23:54:00+00:00,4333.49,4334.45,4333.49,4334.07,146
2026-08-18 23:55:00+00:00,4334.2,4334.2,4332.0650000000005,4332.135,129
2026-08-18 23:56:00+00:00,4332.285,4332.5,4331.255,4332.195,195
2026-08-18 23:57:00+00:00,4332.085,4332.775,4331.97,4332.72,79
2026-08-18 23:58:00+00:00,4332.58,4333.43,4332.255,4332.885,173
2026-08-18 23:59:00+00:00,4332.775,4333.405,4332.245,4333.165,120
2026-08-19 00:00:00+00:00,4333.3,4335.675,4331.555,4335.675,272
2026-08-19 00:01:00+00:00,4335.465,4336.805,4334.52,4336.425,245
2026-08-19 00:02:00+00:00,4336.42,4339.280000000001,4336.285,4337.95,225
2026-08-19 00:03:00+00:00,4337.88,4340.82,4337.54,4339.785,164
2026-08-19 00:04:00+00:00,4339.665,4339.79,4335.365,4336.92,189
2026-08-19 00:05:00+00:00,4336.8099999999995,4337.785,4335.99,4336.245,158
2026-08-19 00:06:00+00:00,4336.585,4340.73,4336.585,4339.3099999999995,216
2026-08-19 00:07:00+00:00,4339.1849999999995,4340.7,4339.005,4339.145,236
2026-08-19 00:08:00+00:00,4339.030000000001,4340.52,4338.005,4340.42,160
2026-08-19 00:09:00+00:00,4340.29,4341.46,4339.205,4340.105,183
2026-08-19 00:10:00+00:00,4339.969999999999,4340.59,4338.719999999999,4339.005,160
2026-08-19 00:11:00+00:00,4339.195,4341.530000000001,4338.1849999999995,4340.58,181
2026-08-19 00:12:00+00:00,4340.42,4342.115,4339.955,4341.235,137
2026-08-19 00:13:00+00:00,4341.445,4344.995,4341.055,4344.755,180
2026-08-19 00:14:00+00:00,4344.73,4345.29,4342.655,4343.17,208
2026-08-19 00:15:00+00:00,4343.01,4345.055,4343.01,4343.575000000001,200
2026-08-19 00:16:00+00:00,4343.465,4346.215,4343.219999999999,4345.595,177
2026-08-19 00:17:00+00:00,4345.365,4346.13,4344.875,4345.12,144
2026-08-19 00:18:00+00:00,4345.13,4346.280000000001,4345.025,4345.715,120
2026-08-19 00:19:00+00:00,4345.885,4346.29,4343.58,4343.675,147
2026-08-19 00:20:00+00:00,4343.995,4344.165,4342.285,4342.455,142
2026-08-19 00:21:00+00:00,4342.52,4343.395,4341.635,4342.535,163
2026-08-19 00:22:00+00:00,4342.655,4345.51,4342.475,4344.87,126
2026-08-19 00:23:00+00:00,4344.74,4346.22,4344.16,4345.0650000000005,141
2026-08-19 00:24:00+00:00,4344.8150000000005,4345.014999999999,4342.215,4343.15,205
2026-08-19 00:25:00+00:00,4343.049999999999,4343.965,4342.17,4342.45,219
2026-08-19 00:26:00+00:00,4342.07,4343.094999999999,4341.325000000001,4342.785,193
2026-08-19 00:27:00+00:00,4343.014999999999,4343.705,4339.085,4340.58,239
2026-08-19 00:28:00+00:00,4340.75,4342.110000000001,4340.035,4342.030000000001,132
2026-08-19 00:29:00+00:00,4341.87,4343.245,4341.405,4343.175,113
2026-08-19 00:30:00+00:00,4343.2,4344.3150000000005,4342.28,4344.15,171
2026-08-19 00:31:00+00:00,4343.98,4345.585,4343.98,4344.74,168
2026-08-19 00:32:00+00:00,4344.905,4345.83,4343.79,4344.135,143
2026-08-19 00:33:00+00:00,4344.235,4344.235,4339.77,4340.35,190
2026-08-19 00:34:00+00:00,4340.47,4341.6,4339.76,4340.88,109
2026-08-19 00:35:00+00:00,4340.74,4343.545,4340.61,4342.9400000000005,148
2026-08-19 00:36:00+00:00,4342.83,4343.530000000001,4341.17,4343.530000000001,160
2026-08-19 00:37:00+00:00,4343.485000000001,4344.03,4341.72,4344.0,162
2026-08-19 00:38:00+00:00,4343.83,4346.87,4343.77,4346.155000000001,192
2026-08-19 00:39:00+00:00,4346.275,4346.275,4343.38,4345.0,123
2026-08-19 00:40:00+00:00,4344.88,4346.5,4344.32,4346.17,88
2026-08-19 00:41:00+00:00,4346.05,4346.76,4345.68,4346.33,101
2026-08-19 00:42:00+00:00,4346.12,4347.35,4345.68,4346.32,114
2026-08-19 00:43:00+00:00,4346.2,4346.39,4344.12,4344.77,117
2026-08-19 00:44:00+00:00,4344.89,4345.42,4343.07,4343.74,125
2026-08-19 00:45:00+00:00,4343.64,4344.48,4342.83,4342.83,81
2026-08-19 00:46:00+00:00,4342.76,4344.14,4342.62,4343.63,102
2026-08-19 00:47:00+00:00,4343.53,4344.0,4342.64,4343.195,98
2026-08-19 00:48:00+00:00,4343.075,4344.165,4342.45,4343.0650000000005,97
2026-08-19 00:49:00+00:00,4342.925,4343.3150000000005,4342.3150000000005,4342.775,106
2026-08-19 00:50:00+00:00,4342.665,4343.755,4342.47,4342.855,132
2026-08-19 00:51:00+00:00,4342.96,4343.755,4341.905,4343.355,180
2026-08-19 00:52:00+00:00,4343.215,4344.835,4342.485,4344.275,168
2026-08-19 00:53:00+00:00,4344.135,4344.66,4343.655,4344.129999999999,166
2026-08-19 00:54:00+00:00,4344.02,4344.475,4341.285,4341.455,171
2026-08-19 00:55:00+00:00,4341.355,4342.709999999999,4341.195,4341.860000000001,186
2026-08-19 00:56:00+00:00,4341.75,4341.975,4337.42,4337.57,252
2026-08-19 00:57:00+00:00,4337.7,4339.83,4337.6,4339.1,184
2026-08-19 00:58:00+00:00,4338.92,4338.93,4337.25,4337.44,219
2026-08-19 00:59:00+00:00,4337.31,4342.465,4337.31,4337.9400000000005,260
2026-08-19 01:00:00+00:00,4337.575000000001,4339.92,4332.235000000001,4332.235000000001,454
2026-08-19 01:01:00+00:00,4332.135,4333.715,4329.165,4330.860000000001,358
2026-08-19 01:02:00+00:00,4330.735000000001,4331.525,4324.437,4330.145,443
2026-08-19 01:03:00+00:00,4330.225,4331.745,4326.655,4328.885,309
2026-08-19 01:04:00+00:00,4329.175,4332.975,4328.68,4332.57,257
2026-08-19 01:05:00+00:00,4332.4349999999995,4337.674999999999,4331.43,4337.379999999999,339
2026-08-19 01:06:00+00:00,4337.325000000001,4342.04,4336.75,4338.635,327
2026-08-19 01:07:00+00:00,4338.49,4339.8,4337.365,4338.16,254
2026-08-19 01:08:00+00:00,4338.1900000000005,4342.82,4336.155000000001,4342.665,322
2026-08-19 01:09:00+00:00,4342.805,4342.86,4338.485000000001,4340.625,222
2026-08-19 01:10:00+00:00,4340.515,4340.8099999999995,4337.08,4338.775,238
2026-08-19 01:11:00+00:00,4338.795,4340.425,4338.23,4338.790000000001,201
2026-08-19 01:12:00+00:00,4339.049999999999,4340.755,4338.155,4340.450000000001,249
2026-08-19 01:13:00+00:00,4340.58,4343.8150000000005,4340.275,4343.295,232
2026-08-19 01:14:00+00:00,4343.3150000000005,4344.175,4341.665,4343.965,199
2026-08-19 01:15:00+00:00,4343.855,4346.44,4343.275,4343.61,287
2026-08-19 01:16:00+00:00,4343.52,4343.639999999999,4340.870000000001,4340.924999999999,290
2026-08-19 01:17:00+00:00,4340.725,4340.84,4337.8,4340.445,292
2026-08-19 01:18:00+00:00,4340.45,4341.135,4334.615,4336.475,359
2026-08-19 01:19:00+00:00,4336.585,4339.46,4335.870000000001,4337.799999999999,342
2026-08-19 01:20:00+00:00,4337.950000000001,4340.31,4337.485000000001,4339.5650000000005,257
2026-08-19 01:21:00+00:00,4339.62,4339.62,4333.39,4333.46,286
2026-08-19 01:22:00+00:00,4333.59,4335.925,4333.139999999999,4335.905000000001,296
2026-08-19 01:23:00+00:00,4335.915,4339.35,4335.53,4336.91,277
2026-08-19 01:24:00+00:00,4336.865,4337.969999999999,4335.445,4337.48,272
2026-08-19 01:25:00+00:00,4337.530000000001,4339.549999999999,4337.005,4337.445,244
2026-08-19 01:26:00+00:00,4337.425,4338.23,4335.73,4337.28,244
2026-08-19 01:27:00+00:00,4337.275,4339.73,4337.035,4339.57,248
2026-08-19 01:28:00+00:00,4339.61,4341.4,4339.115,4340.615,252
2026-08-19 01:29:00+00:00,4340.594999999999,4342.695,4340.395,4342.42,232
2026-08-19 01:30:00+00:00,4342.525,4345.41,4342.4400000000005,4345.275,303
2026-08-19 01:31:00+00:00,4345.29,4347.105,4345.24,4346.735000000001,313
2026-08-19 01:32:00+00:00,4346.719999999999,4347.025,4344.5175,4344.965,318
2026-08-19 01:33:00+00:00,4345.045,4348.53,4344.545,4348.525,252
2026-08-19 01:34:00+00:00,4348.49,4351.35,4348.49,4350.87,345
2026-08-19 01:35:00+00:00,4350.924999999999,4351.905000000001,4350.425,4351.175,311
2026-08-19 01:36:00+00:00,4351.115,4351.950000000001,4350.4349999999995,4351.1849999999995,236
2026-08-19 01:37:00+00:00,4351.225,4353.605,4351.125,4353.370000000001,232
2026-08-19 01:38:00+00:00,4353.34,4356.455,4353.175,4355.360000000001,299
2026-08-19 01:39:00+00:00,4355.34,4356.4400000000005,4354.875,4355.47,258
2026-08-19 01:40:00+00:00,4355.495,4357.655000000001,4355.395,4355.445,258
2026-08-19 01:41:00+00:00,4355.275,4357.25,4355.275,4356.38,256
2026-08-19 01:42:00+00:00,4356.4,4357.385,4355.584999999999,4356.83,250
2026-08-19 01:43:00+00:00,4356.805,4357.395,4354.27,4354.355,328
2026-08-19 01:44:00+00:00,4354.48,4356.0,4354.255,4355.595,209
2026-08-19 01:45:00+00:00,4355.530000000001,4356.0650000000005,4354.035,4354.27,286
2026-08-19 01:46:00+00:00,4354.245,4355.735000000001,4353.014999999999,4353.645,273
2026-08-19 01:47:00+00:00,4353.67,4356.785,4353.455,4354.08,251
2026-08-19 01:48:00+00:00,4354.07,4354.07,4351.77,4352.82,250
2026-08-19 01:49:00+00:00,4352.85,4352.92,4350.925,4351.17,207
2026-08-19 01:50:00+00:00,4351.1,4353.9,4350.594999999999,4353.475,273
2026-08-19 01:51:00+00:00,4353.0599999999995,4354.629999999999,4353.04,4353.925,204
2026-08-19 01:52:00+00:00,4353.885,4354.25,4352.004999999999,4352.625,182
2026-08-19 01:53:00+00:00,4352.625,4353.735000000001,4352.58,4352.83,176
2026-08-19 01:54:00+00:00,4352.860000000001,4355.24,4352.629999999999,4353.54,253
2026-08-19 01:55:00+00:00,4353.53,4355.9349999999995,4352.83,4355.5,261
2026-08-19 01:56:00+00:00,4355.549999999999,4355.72,4353.645,4354.305,221
2026-08-19 01:57:00+00:00,4354.120000000001,4354.955,4352.785,4353.215,212
2026-08-19 01:58:00+00:00,4353.24,4355.625,4353.24,4355.514999999999,202
2026-08-19 01:59:00+00:00,4355.475,4356.75,4354.915,4356.53,194
2026-08-19 02:00:00+00:00,4356.635,4357.25,4355.93,4357.01,227
2026-08-19 02:01:00+00:00,4357.02,4357.335,4355.91,4355.975,185
2026-08-19 02:02:00+00:00,4355.950000000001,4356.264999999999,4352.9400000000005,4353.215,181
2026-08-19 02:03:00+00:00,4353.139999999999,4354.25,4351.764999999999,4353.379999999999,214
2026-08-19 02:04:00+00:00,4353.355,4354.9,4352.99,4354.43,153
2026-08-19 02:05:00+00:00,4354.59,4357.215,4353.105,4356.955,209
2026-08-19 02:06:00+00:00,4356.985000000001,4357.075000000001,4353.07,4353.55,270
2026-08-19 02:07:00+00:00,4353.405000000001,4354.775,4352.96,4354.775,179
2026-08-19 02:08:00+00:00,4354.755,4355.715,4354.23,4355.264999999999,138
2026-08-19 02:09:00+00:00,4355.165000000001,4356.035,4354.639999999999,4355.925,177
2026-08-19 02:10:00+00:00,4356.059,4356.32,4354.995000000001,4355.389999999999,158
2026-08-19 02:11:00+00:00,4355.4,4356.04,4354.49,4354.969999999999,197
2026-08-19 02:12:00+00:00,4354.99,4355.52,4353.514999999999,4353.525,189
2026-08-19 02:13:00+00:00,4353.59,4354.639999999999,4353.59,4353.615,143
2026-08-19 02:14:00+00:00,4353.514999999999,4354.16,4352.674999999999,4353.645,194
2026-08-19 02:15:00+00:00,4353.764999999999,4354.46,4352.655000000001,4353.110000000001,180
2026-08-19 02:16:00+00:00,4353.09,4359.5599999999995,4353.09,4357.17,384
2026-08-19 02:17:00+00:00,4357.155000000001,4358.915,4356.629999999999,4356.950000000001,310
2026-08-19 02:18:00+00:00,4356.98,4361.0,4355.765,4359.01,303
2026-08-19 02:19:00+00:00,4358.99,4359.245,4358.514999999999,4358.895,186
2026-08-19 02:20:00+00:00,4358.9400000000005,4359.79,4358.075,4359.665,224
2026-08-19 02:21:00+00:00,4359.875,4361.514999999999,4359.74,4361.219999999999,182
2026-08-19 02:22:00+00:00,4361.17,4361.264999999999,4359.92,4360.96,183
2026-08-19 02:23:00+00:00,4360.950000000001,4361.825,4360.764999999999,4361.75,149
2026-08-19 02:24:00+00:00,4361.695,4362.0650000000005,4359.725,4359.995,186
2026-08-19 02:25:00+00:00,4360.005,4360.715,4359.965,4360.504999999999,132
2026-08-19 02:26:00+00:00,4360.495000000001,4361.385,4360.33,4360.645,130
2026-08-19 02:27:00+00:00,4360.695,4360.825,4359.870000000001,4360.33,124
2026-08-19 02:28:00+00:00,4360.389999999999,4361.075,4359.725,4360.21,163
2026-08-19 02:29:00+00:00,4360.25,4361.195,4359.125,4359.725,158
2026-08-19 02:30:00+00:00,4359.91,4360.245000000001,4357.465,4358.075,326
2026-08-19 02:31:00+00:00,4358.035,4358.34,4356.59,4356.6849999999995,236
2026-08-19 02:32:00+00:00,4356.66,4358.25,4356.280000000001,4356.58,265
2026-08-19 02:33:00+00:00,4356.6,4357.985000000001,4356.1849999999995,4357.955,243
2026-08-19 02:34:00+00:00,4357.969999999999,4357.969999999999,4355.700000000001,4356.855,189
2026-08-19 02:35:00+00:00,4356.860000000001,4357.41,4356.325,4357.41,202
2026-08-19 02:36:00+00:00,4357.530000000001,4357.865,4355.87,4355.96,229
2026-08-19 02:37:00+00:00,4356.014999999999,4358.41,4355.5,4355.605,286
2026-08-19 02:38:00+00:00,4355.59,4355.805,4354.4349999999995,4355.615,235
2026-08-19 02:39:00+00:00,4355.585,4356.9349999999995,4354.225,4355.334999999999,203
2026-08-19 02:40:00+00:00,4355.1849999999995,4356.41,4354.865,4355.9349999999995,156
2026-08-19 02:41:00+00:00,4355.985000000001,4357.445,4355.3150000000005,4357.295,184
2026-08-19 02:42:00+00:00,4357.285,4358.32,4357.255,4357.8150000000005,188
2026-08-19 02:43:00+00:00,4357.764999999999,4357.9349999999995,4355.835,4356.26,142
2026-08-19 02:44:00+00:00,4356.264999999999,4356.605,4355.200000000001,4355.34,215
2026-08-19 02:45:00+00:00,4355.585,4357.360000000001,4355.41,4356.385,227
2026-08-19 02:46:00+00:00,4356.43,4357.07,4355.889999999999,4356.645,207
2026-08-19 02:47:00+00:00,4356.355,4356.73,4354.219999999999,4355.24,192
2026-08-19 02:48:00+00:00,4355.38,4356.215,4354.785,4355.375,171
2026-08-19 02:49:00+00:00,4355.395,4356.195,4355.245000000001,4355.65,128
2026-08-19 02:50:00+00:00,4355.665000000001,4356.49,4354.515,4356.370000000001,195
2026-08-19 02:51:00+00:00,4356.455,4356.530000000001,4355.6,4355.610000000001,152
2026-08-19 02:52:00+00:00,4355.59,4355.955,4354.195,4354.8099999999995,195
2026-08-19 02:53:00+00:00,4354.84,4354.975,4353.01,4354.58,196
2026-08-19 02:54:00+00:00,4354.4,4354.76,4353.82,4354.055,137
2026-08-19 02:55:00+00:00,4354.075,4355.04,4353.595,4353.82,215
2026-08-19 02:56:00+00:00,4353.825000000001,4354.110000000001,4351.37,4351.8099999999995,239
2026-08-19 02:57:00+00:00,4351.93,4354.485000000001,4351.93,4354.415,233
2026-08-19 02:58:00+00:00,4354.465,4354.99,4354.2,4354.65,178
2026-08-19 02:59:00+00:00,4354.5225,4355.075,4353.8099999999995,4355.0650000000005,117
2026-08-19 03:00:00+00:00,4355.049999999999,4355.605,4353.719999999999,4355.424999999999,227
2026-08-19 03:01:00+00:00,4355.389999999999,4355.780000000001,4353.35,4353.610000000001,207
2026-08-19 03:02:00+00:00,4353.665,4354.475,4352.79,4354.475,167
2026-08-19 03:03:00+00:00,4354.43,4355.505,4353.805,4354.645,169
2026-08-19 03:04:00+00:00,4354.715,4356.254999999999,4354.605,4355.780000000001,174
2026-08-19 03:05:00+00:00,4355.745,4355.745,4353.285,4353.48,172
2026-08-19 03:06:00+00:00,4353.51,4354.52,4352.465,4352.66,212
2026-08-19 03:07:00+00:00,4352.525,4353.035,4352.205,4352.635,135
2026-08-19 03:08:00+00:00,4352.695,4353.969999999999,4352.014999999999,4353.68,148
2026-08-19 03:09:00+00:00,4353.74,4354.07,4352.389999999999,4353.799999999999,164
2026-08-19 03:10:00+00:00,4353.945,4354.629999999999,4353.530000000001,4354.535,138
2026-08-19 03:11:00+00:00,4354.530000000001,4354.965,4353.57,4354.925,146
2026-08-19 03:12:00+00:00,4354.985000000001,4355.34,4354.120000000001,4355.0,167
2026-08-19 03:13:00+00:00,4355.07,4355.355,4353.6900000000005,4354.219999999999,159
2026-08-19 03:14:00+00:00,4354.24,4354.635,4353.655000000001,4354.57,145
2026-08-19 03:15:00+00:00,4354.5650000000005,4355.01,4354.360000000001,4354.8150000000005,138
2026-08-19 03:16:00+00:00,4354.83,4356.215,4353.465,4354.0599999999995,183
2026-08-19 03:17:00+00:00,4354.105,4354.4400000000005,4352.115,4352.745,244
2026-08-19 03:18:00+00:00,4352.764999999999,4352.93,4351.985000000001,4352.84,152
2026-08-19 03:19:00+00:00,4352.775,4353.025,4352.385,4352.84,119
2026-08-19 03:20:00+00:00,4352.825,4353.535,4351.96,4353.335,152
2026-08-19 03:21:00+00:00,4353.325,4353.905000000001,4352.9400000000005,4353.6900000000005,172
2026-08-19 03:22:00+00:00,4353.695,4354.0,4353.35,4354.0,126
2026-08-19 03:23:00+00:00,4354.075,4354.83,4353.995,4354.385,123
2026-08-19 03:24:00+00:00,4354.46,4355.92,4354.275,4355.785,146
2026-08-19 03:25:00+00:00,4355.915,4357.219999999999,4355.915,4356.715,212
2026-08-19 03:26:00+00:00,4356.645,4356.995000000001,4355.9349999999995,4356.334999999999,127
2026-08-19 03:27:00+00:00,4356.360000000001,4357.61,4356.275,4357.475,131
2026-08-19 03:28:00+00:00,4357.355,4358.055,4357.025,4357.57,153
2026-08-19 03:29:00+00:00,4357.635,4357.955,4356.695,4357.209999999999,120
2026-08-19 03:30:00+00:00,4357.360000000001,4358.76,4357.105,4358.22,146
2026-08-19 03:31:00+00:00,4358.33,4358.33,4356.755,4356.755,144
2026-08-19 03:32:00+00:00,4356.8150000000005,4357.585,4356.21,4357.030000000001,119
2026-08-19 03:33:00+00:00,4357.129999999999,4357.1900000000005,4356.63,4356.74,89
2026-08-19 03:34:00+00:00,4356.57,4357.165,4355.98,4357.04,75
2026-08-19 03:35:00+00:00,4357.0599999999995,4358.42,4357.030000000001,4357.675,85
2026-08-19 03:36:00+00:00,4357.705,4358.014999999999,4357.46,4357.645,57
2026-08-19 03:37:00+00:00,4357.629999999999,4358.43,4357.58,4358.264999999999,92
2026-08-19 03:38:00+00:00,4358.285,4360.4349999999995,4358.255,4360.360000000001,112
2026-08-19 03:39:00+00:00,4360.285,4360.35,4357.91,4358.165,150
2026-08-19 03:40:00+00:00,4358.139999999999,4358.225,4357.225,4357.485000000001,102
2026-08-19 03:41:00+00:00,4357.46,4357.93,4357.335,4357.34,106
2026-08-19 03:42:00+00:00,4357.370000000001,4357.555,4357.08,4357.155000000001,85
2026-08-19 03:43:00+00:00,4357.195,4358.145,4357.115,4357.945,75
2026-08-19 03:44:00+00:00,4357.8475,4358.91,4357.610000000001,4358.625,88
2026-08-19 03:45:00+00:00,4358.62,4359.030000000001,4357.094999999999,4357.415,138
2026-08-19 03:46:00+00:00,4357.465,4357.92,4357.445,4357.87,93
2026-08-19 03:47:00+00:00,4357.865,4358.305,4357.514999999999,4357.514999999999,78
2026-08-19 03:48:00+00:00,4357.54,4357.74,4356.82,4356.9349999999995,62
2026-08-19 03:49:00+00:00,4357.01,4357.965,4356.445,4357.925,82
2026-08-19 03:50:00+00:00,4357.935,4358.58,4357.935,4358.385,94
2026-08-19 03:51:00+00:00,4358.365,4358.365,4356.995,4357.985000000001,79
2026-08-19 03:52:00+00:00,4358.085,4358.085,4357.34,4357.85,81
2026-08-19 03:53:00+00:00,4357.855,4358.0,4356.79,4356.889999999999,75
2026-08-19 03:54:00+00:00,4356.885,4356.885,4355.795,4355.82,89
2026-08-19 03:55:00+00:00,4355.75,4356.58,4355.715,4356.5599999999995,119
2026-08-19 03:56:00+00:00,4356.620000000001,4356.620000000001,4355.75,4355.9349999999995,74
2026-08-19 03:57:00+00:00,4355.93,4356.139999999999,4355.295,4355.445,73
2026-08-19 03:58:00+00:00,4355.355,4355.71,4355.205,4355.205,62
2026-08-19 03:59:00+00:00,4355.125,4355.334999999999,4354.84,4355.005,62
2026-08-19 04:00:00+00:00,4355.205,4356.275,4355.0650000000005,4355.42,96
2026-08-19 04:01:00+00:00,4355.389999999999,4355.895,4354.73,4355.775,85
2026-08-19 04:02:00+00:00,4355.715,4355.88,4355.575000000001,4355.8150000000005,56
2026-08-19 04:03:00+00:00,4355.885,4355.99,4354.415000000001,4354.44,82
2026-08-19 04:04:00+00:00,4354.32,4354.389999999999,4353.52,4353.84,100
2026-08-19 04:05:00+00:00,4353.915,4354.6900000000005,4353.145,4354.629999999999,95
2026-08-19 04:06:00+00:00,4354.65,4354.950000000001,4353.879999999999,4353.935,61
2026-08-19 04:07:00+00:00,4353.879999999999,4354.3150000000005,4353.805,4354.3150000000005,51
2026-08-19 04:08:00+00:00,4354.17,4354.35,4354.0,4354.1,49
2026-08-19 04:09:00+00:00,4354.115,4354.625,4354.0,4354.465,54
2026-08-19 04:10:00+00:00,4354.485000000001,4354.844999999999,4353.629999999999,4354.1,100
2026-08-19 04:11:00+00:00,4354.135,4355.02,4354.135,4354.405000000001,98
2026-08-19 04:12:00+00:00,4354.365,4354.865,4353.715,4354.485000000001,71
2026-08-19 04:13:00+00:00,4354.49,4354.639999999999,4354.135,4354.375,100
2026-08-19 04:14:00+00:00,4354.360000000001,4354.815,4354.08,4354.6849999999995,83
2026-08-19 04:15:00+00:00,4354.675,4355.03,4353.12,4353.195,137
2026-08-19 04:16:00+00:00,4353.225,4353.24,4351.764999999999,4351.93,85
2026-08-19 04:17:00+00:00,4351.924999999999,4352.105,4350.110000000001,4350.655000000001,169
2026-08-19 04:18:00+00:00,4350.51,4352.545,4350.355,4352.355,130
2026-08-19 04:19:00+00:00,4352.385,4353.025,4352.255,4352.4400000000005,82
2026-08-19 04:20:00+00:00,4352.495,4352.54,4351.0599999999995,4351.205,113
2026-08-19 04:21:00+00:00,4351.145,4352.26,4350.885,4351.395,149
2026-08-19 04:22:00+00:00,4351.415,4352.745,4351.3,4352.645,130
2026-08-19 04:23:00+00:00,4352.62,4352.915,4352.0,4352.67,112
2026-08-19 04:24:00+00:00,4352.675,4352.860000000001,4351.175,4351.764999999999,139
2026-08-19 04:25:00+00:00,4351.79,4351.79,4350.65,4350.775,125
2026-08-19 04:26:00+00:00,4350.84,4351.219999999999,4350.6849999999995,4351.155000000001,99
2026-08-19 04:27:00+00:00,4351.195,4351.219999999999,4350.35,4350.799999999999,93
2026-08-19 04:28:00+00:00,4350.83,4351.39,4350.83,4351.04,68
2026-08-19 04:29:00+00:00,4350.985000000001,4351.33,4350.91,4351.23,70
2026-08-19 04:30:00+00:00,4351.33,4352.139999999999,4351.29,4351.46,104
2026-08-19 04:31:00+00:00,4351.555,4351.754999999999,4350.48,4350.79,158
2026-08-19 04:32:00+00:00,4350.82,4350.92,4350.215,4350.5650000000005,114
2026-08-19 04:33:00+00:00,4350.6,4350.895,4349.655,4350.615,129
2026-08-19 04:34:00+00:00,4350.85,4350.85,4349.72,4349.72,86
2026-08-19 04:35:00+00:00,4349.745000000001,4350.735000000001,4349.745,4350.445,77
2026-08-19 04:36:00+00:00,4350.395,4350.555,4350.195,4350.51,49
2026-08-19 04:37:00+00:00,4350.584999999999,4350.68,4348.46,4348.46,105
2026-08-19 04:38:00+00:00,4348.67,4348.834999999999,4347.075000000001,4347.3099999999995,144
2026-08-19 04:39:00+00:00,4347.35,4347.844999999999,4346.475,4346.725,179
2026-08-19 04:40:00+00:00,4346.73,4347.635,4346.68,4346.905000000001,164
2026-08-19 04:41:00+00:00,4346.860000000001,4347.469999999999,4346.755,4346.93,85
2026-08-19 04:42:00+00:00,4346.885,4347.135,4345.25,4345.885,109
2026-08-19 04:43:00+00:00,4345.855,4346.1849999999995,4345.045,4345.99,105
2026-08-19 04:44:00+00:00,4346.1,4346.755,4345.98,4346.57,104
2026-08-19 04:45:00+00:00,4346.49,4347.01,4345.995,4346.615,109
2026-08-19 04:46:00+00:00,4346.585,4346.725,4346.26,4346.725,65
2026-08-19 04:47:00+00:00,4346.745,4346.975,4345.95,4346.030000000001,76
2026-08-19 04:48:00+00:00,4346.075,4346.295,4345.9400000000005,4346.295,78
2026-08-19 04:49:00+00:00,4346.34,4347.175,4346.305,4346.725,130
2026-08-19 04:50:00+00:00,4346.735000000001,4346.735000000001,4345.145,4345.145,75
2026-08-19 04:51:00+00:00,4345.16,4345.805,4344.9,4345.43,89
2026-08-19 04:52:00+00:00,4345.424999999999,4345.6900000000005,4343.865,4345.23,136
2026-08-19 04:53:00+00:00,4345.0650000000005,4345.18,4344.375,4344.9349999999995,91
2026-08-19 04:54:00+00:00,4344.98,4345.360000000001,4344.705,4344.925,59
2026-08-19 04:55:00+00:00,4345.04,4345.715,4344.735,4345.675,101
2026-08-19 04:56:00+00:00,4345.59,4346.674999999999,4345.014999999999,4345.025,161
2026-08-19 04:57:00+00:00,4345.13,4348.03,4344.63,4347.785,151
2026-08-19 04:58:00+00:00,4347.84,4348.46,4347.505,4347.945,148
2026-08-19 04:59:00+00:00,4347.924999999999,4348.57,4347.795,4348.549999999999,158
2026-08-19 05:00:00+00:00,4348.5,4349.695,4348.165,4348.77,192
2026-08-19 05:01:00+00:00,4348.79,4350.785,4348.73,4349.09,200
2026-08-19 05:02:00+00:00,4349.110000000001,4349.110000000001,4347.389999999999,4347.86,182
2026-08-19 05:03:00+00:00,4347.9,4347.9,4346.405000000001,4347.755,161
2026-08-19 05:04:00+00:00,4347.844999999999,4347.885,4346.495,4347.345,166
2026-08-19 05:05:00+00:00,4347.445,4348.1849999999995,4346.635,4347.094999999999,160
2026-08-19 05:06:00+00:00,4347.085,4347.085,4343.625,4344.215,150
2026-08-19 05:07:00+00:00,4344.205,4344.365,4343.1625,4344.025,166
2026-08-19 05:08:00+00:00,4343.98,4343.99,4343.1625,4343.514999999999,114
2026-08-19 05:09:00+00:00,4343.535,4343.535,4342.52,4342.535,125
2026-08-19 05:10:00+00:00,4342.655000000001,4342.83,4340.445,4340.969999999999,172
2026-08-19 05:11:00+00:00,4340.96,4341.13,4339.495,4340.02,188
2026-08-19 05:12:00+00:00,4340.04,4340.049999999999,4339.280000000001,4339.665,121
2026-08-19 05:13:00+00:00,4339.655000000001,4339.975,4339.235000000001,4339.43,111
2026-08-19 05:14:00+00:00,4339.35,4340.174999999999,4338.7,4339.035,138
2026-08-19 05:15:00+00:00,4339.04,4339.3150000000005,4338.360000000001,4338.6849999999995,121
2026-08-19 05:16:00+00:00,4338.725,4339.7,4338.345,4339.129999999999,158
2026-08-19 05:17:00+00:00,4339.0,4339.0,4336.875,4337.3150000000005,169
2026-08-19 05:18:00+00:00,4337.16,4337.85,4336.969999999999,4337.305,114
2026-08-19 05:19:00+00:00,4337.275,4337.8099999999995,4336.795,4337.775,122
2026-08-19 05:20:00+00:00,4337.755,4339.355,4337.505,4338.245,147
2026-08-19 05:21:00+00:00,4338.375,4340.5599999999995,4338.375,4340.365,151
2026-08-19 05:22:00+00:00,4340.375,4340.82,4339.245000000001,4339.41,163
2026-08-19 05:23:00+00:00,4339.46,4342.245,4339.4,4342.21,164
2026-08-19 05:24:00+00:00,4342.2,4342.77,4341.465,4341.5,168
2026-08-19 05:25:00+00:00,4341.535,4341.785,4340.535,4340.92,148
2026-08-19 05:26:00+00:00,4340.855,4342.43,4340.735000000001,4341.995,126
2026-08-19 05:27:00+00:00,4341.795,4342.389999999999,4341.475,4342.1,124
2026-08-19 05:28:00+00:00,4342.17,4344.094999999999,4342.17,4344.0650000000005,125
2026-08-19 05:29:00+00:00,4344.035,4345.47,4343.91,4345.37,125
2026-08-19 05:30:00+00:00,4345.52,4345.58,4338.535,4340.205,343
2026-08-19 05:31:00+00:00,4340.3,4340.3,4338.5,4340.035,355
2026-08-19 05:32:00+00:00,4339.985000000001,4341.639999999999,4338.865,4339.219999999999,307
2026-08-19 05:33:00+00:00,4339.24,4341.885,4336.9400000000005,4341.695,372
2026-08-19 05:34:00+00:00,4341.950000000001,4342.584999999999,4338.055,4338.455,316
2026-08-19 05:35:00+00:00,4338.485000000001,4339.105,4336.865,4338.905000000001,263
2026-08-19 05:36:00+00:00,4338.855,4340.834999999999,4337.6849999999995,4340.825000000001,274
2026-08-19 05:37:00+00:00,4340.799999999999,4341.6849999999995,4338.254999999999,4338.71,231
2026-08-19 05:38:00+00:00,4338.975,4340.17,4337.395,4339.610000000001,209
2026-08-19 05:39:00+00:00,4339.629999999999,4343.075,4339.51,4343.005,187
2026-08-19 05:40:00+00:00,4342.98,4343.219999999999,4341.575,4341.96,183
2026-08-19 05:41:00+00:00,4341.945,4342.110000000001,4341.344999999999,4341.51,175
2026-08-19 05:42:00+00:00,4341.549999999999,4343.450000000001,4340.58,4342.79,212
2026-08-19 05:43:00+00:00,4342.905000000001,4343.665000000001,4340.0,4340.8099999999995,216
2026-08-19 05:44:00+00:00,4340.780000000001,4342.9,4340.055,4342.355,178
2026-08-19 05:45:00+00:00,4342.25,4342.3150000000005,4337.075000000001,4339.0650000000005,263
2026-08-19 05:46:00+00:00,4339.1,4339.549999999999,4338.280000000001,4338.360000000001,211
2026-08-19 05:47:00+00:00,4338.344999999999,4338.695,4335.33,4336.585,263
2026-08-19 05:48:00+00:00,4336.37,4338.655000000001,4335.9,4338.24,203
2026-08-19 05:49:00+00:00,4338.215,4338.26,4336.225,4337.175,170
2026-08-19 05:50:00+00:00,4337.125,4337.52,4335.495,4337.085,177
2026-08-19 05:51:00+00:00,4337.055,4337.57,4336.075,4336.545,239
2026-08-19 05:52:00+00:00,4336.58,4337.299999999999,4335.33,4335.8,208
2026-08-19 05:53:00+00:00,4335.77,4338.425,4335.22,4337.165,253
2026-08-19 05:54:00+00:00,4337.155000000001,4337.235,4335.264999999999,4335.535,185
2026-08-19 05:55:00+00:00,4335.785,4336.815,4335.355,4336.594999999999,154
2026-08-19 05:56:00+00:00,4336.35,4337.32,4335.255,4337.299999999999,174
2026-08-19 05:57:00+00:00,4337.215,4338.905000000001,4336.52,4338.725,167
2026-08-19 05:58:00+00:00,4338.700000000001,4338.700000000001,4337.23,4337.465,196
2026-08-19 05:59:00+00:00,4337.325,4337.43,4335.67,4335.6900000000005,124
2026-08-19 06:00:00+00:00,4335.68,4340.855,4335.45,4340.525,333
2026-08-19 06:01:00+00:00,4340.665,4341.445,4336.639999999999,4336.85,283
2026-08-19 06:02:00+00:00,4336.895,4339.6,4336.895,4339.264999999999,169
2026-08-19 06:03:00+00:00,4339.155000000001,4339.5650000000005,4335.469999999999,4336.84,279
2026-08-19 06:04:00+00:00,4336.89,4338.370000000001,4336.645,4337.715,188
2026-08-19 06:05:00+00:00,4337.76,4339.53,4337.615,4338.365,210
2026-08-19 06:06:00+00:00,4338.445,4338.445,4336.96,4337.66,199
2026-08-19 06:07:00+00:00,4337.52,4337.945,4336.389999999999,4336.9349999999995,212
2026-08-19 06:08:00+00:00,4336.764999999999,4339.620000000001,4335.455,4338.835,241
2026-08-19 06:09:00+00:00,4338.9349999999995,4340.49,4338.264999999999,4339.09,235
2026-08-19 06:10:00+00:00,4339.145,4341.8150000000005,4339.145,4341.58,192
2026-08-19 06:11:00+00:00,4341.465,4341.955,4339.635,4340.305,229
2026-08-19 06:12:00+00:00,4340.26,4340.67,4339.35,4339.67,151
2026-08-19 06:13:00+00:00,4339.629999999999,4340.33,4337.24,4337.48,179
2026-08-19 06:14:00+00:00,4337.4349999999995,4338.62,4337.3099999999995,4337.545,168
2026-08-19 06:15:00+00:00,4337.35,4341.02,4336.995,4341.005,195
2026-08-19 06:16:00+00:00,4341.04,4342.139999999999,4340.495,4341.855,221
2026-08-19 06:17:00+00:00,4341.965,4344.735000000001,4341.965,4343.745,270
2026-08-19 06:18:00+00:00,4343.725,4346.014999999999,4343.705,4345.325000000001,243
2026-08-19 06:19:00+00:00,4345.3,4346.335,4344.485000000001,4345.41,253
2026-08-19 06:20:00+00:00,4345.39,4348.379999999999,4344.715,4347.085,281
2026-08-19 06:21:00+00:00,4347.02,4348.450000000001,4346.865,4346.895,210
2026-08-19 06:22:00+00:00,4346.955,4347.4349999999995,4344.915,4346.355,201
2026-08-19 06:23:00+00:00,4346.325,4347.3099999999995,4345.995,4346.360000000001,207
2026-08-19 06:24:00+00:00,4346.345,4347.48,4345.83,4346.0650000000005,210
2026-08-19 06:25:00+00:00,4346.05,4346.965,4344.91,4345.924999999999,201
2026-08-19 06:26:00+00:00,4345.969999999999,4346.115,4343.6900000000005,4343.705,195
2026-08-19 06:27:00+00:00,4343.6900000000005,4343.875,4341.57,4342.025,207
2026-08-19 06:28:00+00:00,4342.120000000001,4342.514999999999,4340.625,4341.325,196
2026-08-19 06:29:00+00:00,4341.295,4343.389999999999,4341.17,4343.37,207
2026-08-19 06:30:00+00:00,4343.385,4343.43,4339.6849999999995,4339.844999999999,301
2026-08-19 06:31:00+00:00,4339.945,4340.715,4337.895,4338.525,263
2026-08-19 06:32:00+00:00,4338.52,4338.969999999999,4337.16,4338.6849999999995,241
2026-08-19 06:33:00+00:00,4338.595,4339.98,4338.344999999999,4339.88,221
2026-08-19 06:34:00+00:00,4339.799999999999,4339.855,4337.67,4338.73,198
2026-08-19 06:35:00+00:00,4338.754999999999,4340.25,4338.75,4339.860000000001,164
2026-08-19 06:36:00+00:00,4339.615,4342.445,4339.58,4342.35,192
2026-08-19 06:37:00+00:00,4342.275,4345.764999999999,4342.105,4344.955,226
2026-08-19 06:38:00+00:00,4345.04,4345.18,4343.0599999999995,4343.0599999999995,163
2026-08-19 06:39:00+00:00,4343.035,4344.165,4342.92,4344.0599999999995,126
2026-08-19 06:40:00+00:00,4344.025,4344.415,4342.629999999999,4343.139999999999,204
2026-08-19 06:41:00+00:00,4343.1849999999995,4343.455,4341.91,4342.665000000001,159
2026-08-19 06:42:00+00:00,4342.620000000001,4343.96,4341.945,4342.535,165
2026-08-19 06:43:00+00:00,4342.62,4343.46,4342.505,4343.255,161
2026-08-19 06:44:00+00:00,4343.18,4343.32,4341.59,4341.985000000001,174
2026-08-19 06:45:00+00:00,4342.014999999999,4342.254999999999,4340.91,4341.715,182
2026-08-19 06:46:00+00:00,4341.695,4343.094999999999,4341.645,4342.775,205
2026-08-19 06:47:00+00:00,4342.860000000001,4343.9400000000005,4342.455,4343.345,219
2026-08-19 06:48:00+00:00,4343.255,4343.475,4342.155000000001,4343.005,173
2026-08-19 06:49:00+00:00,4343.035,4344.27,4342.54,4343.915,185
2026-08-19 06:50:00+00:00,4343.93,4345.514999999999,4343.93,4345.129999999999,244
2026-08-19 06:51:00+00:00,4345.145,4347.085,4344.705,4345.360000000001,226
2026-08-19 06:52:00+00:00,4345.37,4346.389999999999,4345.035,4346.110000000001,215
2026-08-19 06:53:00+00:00,4346.125,4347.2,4345.855,4347.01,196
2026-08-19 06:54:00+00:00,4347.125,4347.945,4347.075,4347.795,167
2026-08-19 06:55:00+00:00,4347.79,4348.995,4347.6849999999995,4348.700000000001,210
2026-08-19 06:56:00+00:00,4348.75,4349.025,4347.93,4347.97,214
2026-08-19 06:57:00+00:00,4348.265,4348.34,4347.465,4347.94,218
2026-08-19 06:58:00+00:00,4347.945,4348.5650000000005,4347.4,4348.49,218
2026-08-19 06:59:00+00:00,4348.45,4349.515,4348.055,4349.23,146
2026-08-19 07:00:00+00:00,4348.9349999999995,4350.59,4348.4,4350.29,187
2026-08-19 07:01:00+00:00,4350.1900000000005,4350.26,4347.485000000001,4349.69,208
2026-08-19 07:02:00+00:00,4349.835,4351.245,4349.705,4350.855,153
2026-08-19 07:03:00+00:00,4350.785,4351.235000000001,4350.45,4350.85,131
2026-08-19 07:04:00+00:00,4350.79,4350.795,4347.84,4348.09,196
2026-08-19 07:05:00+00:00,4348.0,4349.62,4347.915,4348.85,190
2026-08-19 07:06:00+00:00,4348.629999999999,4349.1849999999995,4348.379999999999,4348.585,137
2026-08-19 07:07:00+00:00,4348.5650000000005,4350.875,4348.42,4350.235000000001,150
2026-08-19 07:08:00+00:00,4350.26,4352.245000000001,4349.785,4351.99,144
2026-08-19 07:09:00+00:00,4352.01,4353.62,4351.959999999999,4352.995,193
2026-08-19 07:10:00+00:00,4352.98,4353.635,4352.235000000001,4352.585,132
2026-08-19 07:11:00+00:00,4352.545,4353.045,4351.3,4351.885,123
2026-08-19 07:12:00+00:00,4351.91,4351.91,4351.425,4351.575,81
2026-08-19 07:13:00+00:00,4351.48,4352.015,4349.9349999999995,4350.05,133
2026-08-19 07:14:00+00:00,4349.955,4351.27,4349.875,4350.615,134
2026-08-19 07:15:00+00:00,4350.555,4350.645,4347.465,4347.96,179
2026-08-19 07:16:00+00:00,4348.085,4349.3,4347.915,4347.925,146
2026-08-19 07:17:00+00:00,4347.955,4349.325,4347.925,4349.13,101
2026-08-19 07:18:00+00:00,4349.175,4350.625,4348.62,4350.145,142
2026-08-19 07:19:00+00:00,4350.235000000001,4351.635,4350.08,4350.95,134
2026-08-19 07:20:00+00:00,4350.764999999999,4351.799999999999,4350.13,4350.249,179
2026-08-19 07:21:00+00:00,4350.305,4351.879999999999,4349.005,4351.825000000001,167
2026-08-19 07:22:00+00:00,4351.77,4352.584000000001,4351.28,4352.48,110
2026-08-19 07:23:00+00:00,4352.27,4354.73,4351.925,4354.49,166
2026-08-19 07:24:00+00:00,4354.715,4354.975,4352.845,4354.43,193
2026-08-19 07:25:00+00:00,4354.4,4355.275,4354.0,4354.115,144
2026-08-19 07:26:00+00:00,4354.1,4356.805,4354.09,4356.695,200
2026-08-19 07:27:00+00:00,4356.735000000001,4357.135,4356.15,4356.24,172
2026-08-19 07:28:00+00:00,4356.3099999999995,4356.645,4355.11,4355.8150000000005,212
2026-08-19 07:29:00+00:00,4355.79,4356.855,4355.21,4356.855,163
2026-08-19 07:30:00+00:00,4356.66,4357.755,4356.45,4357.05,147
2026-08-19 07:31:00+00:00,4356.93,4358.7,4356.86,4358.06,185
2026-08-19 07:32:00+00:00,4358.085,4360.8150000000005,4358.085,4358.61,164
2026-08-19 07:33:00+00:00,4358.725,4360.14,4358.725,4359.99,154
2026-08-19 07:34:00+00:00,4360.025,4360.12,4358.52,4359.55,132
2026-08-19 07:35:00+00:00,4359.345,4360.8150000000005,4358.905,4360.575,168
2026-08-19 07:36:00+00:00,4360.58,4363.28,4360.51,4361.835,191
2026-08-19 07:37:00+00:00,4361.8,4362.325000000001,4359.39,4359.39,153
2026-08-19 07:38:00+00:00,4359.38,4359.615,4357.57,4358.62,160
2026-08-19 07:39:00+00:00,4358.76,4358.76,4357.21,4357.655,107
2026-08-19 07:40:00+00:00,4357.775,4357.855,4356.97,4357.01,134
2026-08-19 07:41:00+00:00,4357.04,4357.505,4356.5650000000005,4356.855,116
2026-08-19 07:42:00+00:00,4356.81,4356.81,4355.74,4355.845,126
2026-08-19 07:43:00+00:00,4355.93,4356.06,4353.0,4353.4,160
2026-08-19 07:44:00+00:00,4353.445,4354.705,4352.83,4354.55,156
2026-08-19 07:45:00+00:00,4354.545,4355.485000000001,4354.3150000000005,4354.87,161
2026-08-19 07:46:00+00:00,4354.84,4355.555,4354.455,4355.385,123
2026-08-19 07:47:00+00:00,4355.465,4355.835,4354.53,4354.53,122
2026-08-19 07:48:00+00:00,4354.58,4357.26,4354.55,4357.225,148
2026-08-19 07:49:00+00:00,4357.215,4357.215,4354.955,4356.5650000000005,135
2026-08-19 07:50:00+00:00,4356.58,4356.6849999999995,4354.91,4356.139999999999,130
2026-08-19 07:51:00+00:00,4356.1,4356.735000000001,4355.76,4356.365,65
2026-08-19 07:52:00+00:00,4356.505,4357.855,4355.625,4356.105,147
2026-08-19 07:53:00+00:00,4356.075,4357.03,4355.75,4355.86,155
2026-08-19 07:54:00+00:00,4355.719999999999,4355.87,4355.264999999999,4355.67,111
2026-08-19 07:55:00+00:00,4355.715,4356.264999999999,4355.01,4355.42,90
2026-08-19 07:56:00+00:00,4355.28,4355.875,4354.995,4355.215,111
2026-08-19 07:57:00+00:00,4355.22,4356.345,4355.085,4355.1900000000005,139
2026-08-19 07:58:00+00:00,4355.15,4355.555,4355.045,4355.145,114
2026-08-19 07:59:00+00:00,4355.1849999999995,4355.72,4354.6,4354.895,115
2026-08-19 08:00:00+00:00,4354.795,4357.305,4353.66,4355.855,285
2026-08-19 08:01:00+00:00,4355.825,4355.825,4352.93,4353.125,235
2026-08-19 08:02:00+00:00,4353.105,4354.1,4351.15,4354.055,204
2026-08-19 08:03:00+00:00,4354.145,4354.845,4353.43,4354.24,221
2026-08-19 08:04:00+00:00,4354.19,4357.8,4353.83,4357.125,212
2026-08-19 08:05:00+00:00,4357.12,4358.115,4356.745,4356.745,178
2026-08-19 08:06:00+00:00,4356.73,4359.94,4356.285,4358.325,205
2026-08-19 08:07:00+00:00,4358.34,4360.31,4357.965,4358.215,233
2026-08-19 08:08:00+00:00,4358.085,4358.705,4356.755,4358.325000000001,173
2026-08-19 08:09:00+00:00,4358.34,4361.105,4358.3,4360.94,148
2026-08-19 08:10:00+00:00,4360.925,4362.825,4360.925,4361.985000000001,185
2026-08-19 08:11:00+00:00,4362.005,4362.1,4361.145,4361.55,132
2026-08-19 08:12:00+00:00,4361.47,4361.72,4360.755,4361.25,141
2026-08-19 08:13:00+00:00,4361.28,4361.595,4360.845,4361.015,114
2026-08-19 08:14:00+00:00,4360.92,4361.764999999999,4360.06,4361.735,176
2026-08-19 08:15:00+00:00,4361.74,4362.6,4360.93,4361.06,125
2026-08-19 08:16:00+00:00,4361.075,4361.735,4360.465,4360.5,138
2026-08-19 08:17:00+00:00,4360.645,4361.595,4360.645,4361.54,125
2026-08-19 08:18:00+00:00,4361.67,4361.955,4361.01,4361.07,131
2026-08-19 08:19:00+00:00,4361.014999999999,4361.22,4359.91,4359.93,130
2026-08-19 08:20:00+00:00,4359.895,4359.9,4358.66,4358.715,129
2026-08-19 08:21:00+00:00,4358.7,4358.71,4357.46,4357.99,149
2026-08-19 08:22:00+00:00,4358.07,4358.69,4357.92,4358.145,168
2026-08-19 08:23:00+00:00,4358.16,4358.37,4357.455,4358.26,124
2026-08-19 08:24:00+00:00,4358.3150000000005,4360.3,4357.66,4360.16,153
2026-08-19 08:25:00+00:00,4360.264999999999,4361.085,4359.215,4359.685,174
2026-08-19 08:26:00+00:00,4359.665000000001,4359.924999999999,4359.325,4359.505,112
2026-08-19 08:27:00+00:00,4359.594999999999,4359.895,4358.565,4359.01,123
2026-08-19 08:28:00+00:00,4359.014999999999,4359.42,4358.360000000001,4359.030000000001,103
2026-08-19 08:29:00+00:00,4359.110000000001,4361.205,4359.110000000001,4361.205,143
2026-08-19 08:30:00+00:00,4361.1849999999995,4361.1849999999995,4359.25,4360.245000000001,141
2026-08-19 08:31:00+00:00,4360.235000000001,4361.425,4359.639999999999,4360.71,166
2026-08-19 08:32:00+00:00,4360.635,4360.635,4357.545,4357.71,177
2026-08-19 08:33:00+00:00,4357.73,4358.04,4356.889999999999,4357.175,119
2026-08-19 08:34:00+00:00,4357.485000000001,4357.799999999999,4357.0650000000005,4357.245,120
2026-08-19 08:35:00+00:00,4357.255,4357.73,4356.68,4357.615,77
2026-08-19 08:36:00+00:00,4357.625,4359.9,4357.62,4359.61,106
2026-08-19 08:37:00+00:00,4359.42,4360.98,4359.42,4360.91,132
2026-08-19 08:38:00+00:00,4360.9400000000005,4361.115,4360.174999999999,4360.200000000001,87
2026-08-19 08:39:00+00:00,4360.21,4360.6849999999995,4359.07,4360.22,85
2026-08-19 08:40:00+00:00,4360.389999999999,4360.8,4359.485000000001,4360.780000000001,128
2026-08-19 08:41:00+00:00,4360.8,4361.825,4360.469999999999,4361.610000000001,120
2026-08-19 08:42:00+00:00,4361.725,4361.75,4360.725,4360.8150000000005,83
2026-08-19 08:43:00+00:00,4360.780000000001,4362.5,4360.405000000001,4362.245,80
2026-08-19 08:44:00+00:00,4362.225,4363.18,4362.145,4362.635,144
2026-08-19 08:45:00+00:00,4362.52,4363.1849999999995,4361.37,4361.9400000000005,134
2026-08-19 08:46:00+00:00,4361.9349999999995,4362.605,4361.6900000000005,4362.465,122
2026-08-19 08:47:00+00:00,4362.34,4362.34,4360.74,4361.995,128
2026-08-19 08:48:00+00:00,4361.93,4362.085,4361.455,4361.955,93
2026-08-19 08:49:00+00:00,4361.97,4362.1900000000005,4361.3099999999995,4361.605,81
2026-08-19 08:50:00+00:00,4361.585,4361.84,4360.225,4360.825,123
2026-08-19 08:51:00+00:00,4360.705,4360.725,4358.51,4360.25,160
2026-08-19 08:52:00+00:00,4360.24,4360.285,4358.745,4359.105,115
2026-08-19 08:53:00+00:00,4359.175,4359.735,4358.915,4358.98,89
2026-08-19 08:54:00+00:00,4358.97,4358.97,4358.15,4358.32,80
2026-08-19 08:55:00+00:00,4358.34,4358.4349999999995,4356.955,4357.235,112
2026-08-19 08:56:00+00:00,4357.2,4357.4400000000005,4355.4400000000005,4356.465,183
2026-08-19 08:57:00+00:00,4356.35,4356.66,4354.71,4354.835,116
2026-08-19 08:58:00+00:00,4354.85,4356.370000000001,4354.795,4356.075,97
2026-08-19 08:59:00+00:00,4356.1,4356.360000000001,4355.38,4355.715,109
2026-08-19 09:00:00+00:00,4355.6,4356.04,4355.3150000000005,4356.01,135
2026-08-19 09:01:00+00:00,4355.905,4355.924999999999,4354.985,4355.25,130
2026-08-19 09:02:00+00:00,4355.415,4356.014999999999,4354.975,4355.8150000000005,133
2026-08-19 09:03:00+00:00,4355.8099999999995,4358.455,4355.695,4358.455,165
2026-08-19 09:04:00+00:00,4358.3150000000005,4359.285,4358.195,4359.01,116
2026-08-19 09:05:00+00:00,4358.9,4359.925,4357.4,4357.6,144
2026-08-19 09:06:00+00:00,4357.66,4357.74,4355.465,4355.71,154
2026-08-19 09:07:00+00:00,4355.75,4357.530000000001,4355.705,4356.9400000000005,100
2026-08-19 09:08:00+00:00,4356.799999999999,4357.02,4356.145,4356.295,69
2026-08-19 09:09:00+00:00,4356.39,4356.700000000001,4355.375,4355.9,160
2026-08-19 09:10:00+00:00,4355.915,4357.725,4355.775,4357.71,153
2026-08-19 09:11:00+00:00,4357.835,4357.835,4355.95,4356.1,119
2026-08-19 09:12:00+00:00,4356.125,4356.23,4355.54,4355.6849999999995,83
2026-08-19 09:13:00+00:00,4355.7,4356.65,4355.6849999999995,4355.815,84
2026-08-19 09:14:00+00:00,4355.735000000001,4356.62,4355.525,4356.370000000001,95
2026-08-19 09:15:00+00:00,4356.34,4356.8,4355.8099999999995,4355.879999999999,112
2026-08-19 09:16:00+00:00,4355.985000000001,4355.985000000001,4354.405000000001,4354.6900000000005,128
2026-08-19 09:17:00+00:00,4354.6849999999995,4355.41,4354.375,4354.51,91
2026-08-19 09:18:00+00:00,4354.33,4355.34,4354.115,4354.15,118
2026-08-19 09:19:00+00:00,4354.205,4355.355,4353.445,4355.355,142
2026-08-19 09:20:00+00:00,4355.455,4355.455,4353.65,4354.9349999999995,133
2026-08-19 09:21:00+00:00,4355.005,4355.545,4354.635,4355.39,124
2026-08-19 09:22:00+00:00,4355.42,4355.965,4355.360000000001,4355.915,99
2026-08-19 09:23:00+00:00,4355.93,4356.495,4354.92,4355.185,105
2026-08-19 09:24:00+00:00,4355.030000000001,4357.245000000001,4355.030000000001,4356.155000000001,152
2026-08-19 09:25:00+00:00,4356.125,4357.545,4356.12,4357.535,91
2026-08-19 09:26:00+00:00,4357.514999999999,4357.53,4355.355,4355.54,70
2026-08-19 09:27:00+00:00,4355.530000000001,4355.530000000001,4354.030000000001,4354.95,91
2026-08-19 09:28:00+00:00,4355.025,4355.82,4354.15,4355.735000000001,144
2026-08-19 09:29:00+00:00,4355.755,4356.675,4355.415,4356.675,118
2026-08-19 09:30:00+00:00,4356.535,4357.785,4355.514999999999,4356.485000000001,147
2026-08-19 09:31:00+00:00,4356.49,4357.67,4356.405000000001,4356.965,95
2026-08-19 09:32:00+00:00,4356.9,4357.16,4356.315,4356.885,71
2026-08-19 09:33:00+00:00,4356.785,4357.03,4355.49,4356.13,106
2026-08-19 09:34:00+00:00,4356.135,4357.035,4355.8150000000005,4356.495000000001,79
2026-08-19 09:35:00+00:00,4356.535,4357.264999999999,4356.365,4356.844999999999,85
2026-08-19 09:36:00+00:00,4356.935,4357.1900000000005,4355.995,4356.735000000001,110
2026-08-19 09:37:00+00:00,4356.54,4357.34,4356.54,4356.8099999999995,76
2026-08-19 09:38:00+00:00,4356.88,4357.05,4356.35,4356.945,70
2026-08-19 09:39:00+00:00,4357.09,4357.205,4356.504999999999,4356.96,62
2026-08-19 09:40:00+00:00,4356.945,4357.725,4356.58,4356.98,69
2026-08-19 09:41:00+00:00,4357.005,4360.3099999999995,4357.005,4360.22,131
2026-08-19 09:42:00+00:00,4360.325,4361.1,4359.055,4359.195,161
2026-08-19 09:43:00+00:00,4359.110000000001,4359.504999999999,4358.73,4358.76,117
2026-08-19 09:44:00+00:00,4358.775,4359.83,4358.719999999999,4358.865,107
2026-08-19 09:45:00+00:00,4358.785,4359.07,4358.424999999999,4358.595,89
2026-08-19 09:46:00+00:00,4358.57,4359.835,4358.57,4359.605,99
2026-08-19 09:47:00+00:00,4359.505,4359.6,4358.385,4359.57,110
2026-08-19 09:48:00+00:00,4359.575000000001,4359.82,4359.37,4359.8099999999995,63
2026-08-19 09:49:00+00:00,4359.815,4361.105,4359.605,4360.445,115
2026-08-19 09:50:00+00:00,4360.555,4360.945,4359.34,4359.485000000001,127
2026-08-19 09:51:00+00:00,4359.395,4359.514999999999,4358.415,4358.514999999999,58
2026-08-19 09:52:00+00:00,4358.545,4359.515,4358.29,4358.775,81
2026-08-19 09:53:00+00:00,4358.545,4359.51,4358.094999999999,4359.155000000001,93
2026-08-19 09:54:00+00:00,4359.13,4359.96,4358.66,4359.87,118
2026-08-19 09:55:00+00:00,4360.014999999999,4361.63,4359.905000000001,4361.21,159
2026-08-19 09:56:00+00:00,4361.295,4361.295,4359.610000000001,4359.610000000001,151
2026-08-19 09:57:00+00:00,4359.620000000001,4360.27,4359.09,4360.17,67
2026-08-19 09:58:00+00:00,4360.175,4361.03,4360.175,4360.915,80
2026-08-19 09:59:00+00:00,4361.01,4362.005,4361.01,4361.87,131
2026-08-19 10:00:00+00:00,4362.165000000001,4363.365,4361.43,4361.43,172
2026-08-19 10:01:00+00:00,4361.4349999999995,4361.485000000001,4360.355,4361.165000000001,164
2026-08-19 10:02:00+00:00,4361.055,4361.405000000001,4360.66,4361.02,133
2026-08-19 10:03:00+00:00,4360.860000000001,4361.34,4360.4400000000005,4360.705,124
2026-08-19 10:04:00+00:00,4360.71,4361.16,4359.79,4360.07,111
2026-08-19 10:05:00+00:00,4360.135,4360.62,4359.735000000001,4360.514999999999,104
2026-08-19 10:06:00+00:00,4360.51,4361.225,4360.395,4361.065,76
2026-08-19 10:07:00+00:00,4360.955,4362.535,4360.705,4362.43,116
2026-08-19 10:08:00+00:00,4362.42,4362.76,4361.875,4362.375,115
2026-08-19 10:09:00+00:00,4362.370000000001,4362.495000000001,4361.389999999999,4361.485000000001,96
2026-08-19 10:10:00+00:00,4361.299999999999,4361.9349999999995,4361.125,4361.594999999999,127
2026-08-19 10:11:00+00:00,4361.58,4361.9400000000005,4360.905000000001,4361.735000000001,83
2026-08-19 10:12:00+00:00,4361.615,4363.23,4361.615,4362.54,138
2026-08-19 10:13:00+00:00,4362.514999999999,4364.325,4362.33,4363.825,130
2026-08-19 10:14:00+00:00,4363.85,4364.264999999999,4363.335,4363.889999999999,144
2026-08-19 10:15:00+00:00,4363.795,4364.41,4363.615,4364.0599999999995,96
2026-08-19 10:16:00+00:00,4364.07,4366.23,4363.715,4365.425,169
2026-08-19 10:17:00+00:00,4365.415,4368.035,4364.98,4367.905000000001,177
2026-08-19 10:18:00+00:00,4367.895,4368.165,4367.120000000001,4367.585,147
2026-08-19 10:19:00+00:00,4367.76,4368.655,4367.235000000001,4368.335,157
2026-08-19 10:20:00+00:00,4368.719999999999,4368.860000000001,4367.094999999999,4367.87,166
2026-08-19 10:21:00+00:00,4367.96,4368.165000000001,4366.860000000001,4368.065,133
2026-08-19 10:22:00+00:00,4368.29,4368.775,4367.93,4368.219999999999,110
2026-08-19 10:23:00+00:00,4368.049999999999,4369.235000000001,4367.82,4368.46,121
2026-08-19 10:24:00+00:00,4368.405000000001,4368.889999999999,4368.049999999999,4368.46,99
2026-08-19 10:25:00+00:00,4368.195,4368.51,4367.215,4367.215,112
2026-08-19 10:26:00+00:00,4367.335,4368.0,4367.29,4367.6849999999995,96
2026-08-19 10:27:00+00:00,4367.665,4367.695,4366.79,4367.5599999999995,139
2026-08-19 10:28:00+00:00,4367.625,4368.9,4367.5,4368.799999999999,127
2026-08-19 10:29:00+00:00,4368.77,4369.145,4368.5,4368.855,130
2026-08-19 10:30:00+00:00,4368.905,4369.53,4368.344999999999,4368.385,163
2026-08-19 10:31:00+00:00,4368.36,4368.36,4367.425,4367.695,116
2026-08-19 10:32:00+00:00,4367.594999999999,4367.73,4366.764999999999,4366.965,120
2026-08-19 10:33:00+00:00,4367.045,4367.174999999999,4366.715,4366.825,103
2026-08-19 10:34:00+00:00,4366.785,4367.35,4365.92,4367.01,116
2026-08-19 10:35:00+00:00,4367.13,4367.585,4366.76,4367.405000000001,109
2026-08-19 10:36:00+00:00,4367.395,4367.745,4367.025,4367.355,66
2026-08-19 10:37:00+00:00,4367.325,4367.6900000000005,4367.025,4367.295,84
2026-08-19 10:38:00+00:00,4367.375,4367.48,4366.99,4367.0599999999995,92
2026-08-19 10:39:00+00:00,4367.129999999999,4367.235000000001,4366.6,4367.035,105
2026-08-19 10:40:00+00:00,4366.9400000000005,4366.995,4366.469999999999,4366.655,85
2026-08-19 10:41:00+00:00,4366.59,4368.475,4366.59,4368.375,115
2026-08-19 10:42:00+00:00,4368.385,4368.525,4367.59,4367.785,71
2026-08-19 10:43:00+00:00,4367.795,4368.165,4367.3150000000005,4368.15,84
2026-08-19 10:44:00+00:00,4368.145,4368.385,4367.735000000001,4368.094999999999,115
2026-08-19 10:45:00+00:00,4368.145,4368.27,4367.775,4367.915,70
2026-08-19 10:46:00+00:00,4367.8150000000005,4368.295,4367.360000000001,4368.295,68
2026-08-19 10:47:00+00:00,4368.424999999999,4368.59,4368.18,4368.5,67
2026-08-19 10:48:00+00:00,4368.514999999999,4369.615,4368.295,4369.475,111
2026-08-19 10:49:00+00:00,4369.405,4369.405,4367.99,4368.605,104
2026-08-19 10:50:00+00:00,4368.5,4368.895,4367.895,4368.09,129
2026-08-19 10:51:00+00:00,4367.975,4368.52,4367.57,4367.735000000001,102
2026-08-19 10:52:00+00:00,4367.764999999999,4368.22,4367.17,4367.475,124
2026-08-19 10:53:00+00:00,4367.47,4367.665,4367.125,4367.355,82
2026-08-19 10:54:00+00:00,4367.365,4367.535,4367.15,4367.51,52
2026-08-19 10:55:00+00:00,4367.1900000000005,4367.835,4367.1,4367.235000000001,84
2026-08-19 10:56:00+00:00,4367.18,4367.355,4366.51,4367.1,94
2026-08-19 10:57:00+00:00,4367.0,4367.17,4366.504999999999,4366.625,79
2026-08-19 10:58:00+00:00,4366.63,4367.0,4366.27,4366.47,80
2026-08-19 10:59:00+00:00,4366.450000000001,4368.04,4366.450000000001,4367.360000000001,90
2026-08-19 11:00:00+00:00,4367.5,4369.145,4367.5,4368.8099999999995,237
2026-08-19 11:01:00+00:00,4369.045,4370.83,4368.99,4369.825000000001,241
2026-08-19 11:02:00+00:00,4369.955,4370.665,4369.700000000001,4370.525,149
2026-08-19 11:03:00+00:00,4370.645,4371.084999999999,4369.71,4370.09,189
2026-08-19 11:04:00+00:00,4370.08,4371.025,4369.625,4371.005,111
2026-08-19 11:05:00+00:00,4371.014999999999,4372.835,4370.675,4372.7,150
2026-08-19 11:06:00+00:00,4372.6900000000005,4373.705,4372.595,4373.205,158
2026-08-19 11:07:00+00:00,4373.115,4373.16,4371.9349999999995,4371.98,127
2026-08-19 11:08:00+00:00,4371.955,4372.889999999999,4371.59,4372.879999999999,112
2026-08-19 11:09:00+00:00,4372.77,4372.77,4370.6849999999995,4371.205,154
2026-08-19 11:10:00+00:00,4371.105,4372.675,4370.855,4372.355,161
2026-08-19 11:11:00+00:00,4372.34,4373.18,4372.11,4372.424999999999,115
2026-08-19 11:12:00+00:00,4372.505,4374.125,4372.115,4373.51,114
2026-08-19 11:13:00+00:00,4373.6,4374.045,4373.38,4373.45,168
2026-08-19 11:14:00+00:00,4373.4400000000005,4373.99,4373.355,4373.4400000000005,105
2026-08-19 11:15:00+00:00,4373.365,4374.215,4372.66,4372.66,96
2026-08-19 11:16:00+00:00,4372.655000000001,4372.775,4371.29,4371.475,103
2026-08-19 11:17:00+00:00,4371.360000000001,4371.43,4369.625,4370.015,150
2026-08-19 11:18:00+00:00,4370.025,4370.76,4369.835,4370.29,134
2026-08-19 11:19:00+00:00,4370.325,4370.969999999999,4370.16,4370.42,67
2026-08-19 11:20:00+00:00,4370.415,4370.924999999999,4369.535,4369.9349999999995,70
2026-08-19 11:21:00+00:00,4370.045,4370.085,4368.8099999999995,4369.745,89
2026-08-19 11:22:00+00:00,4369.755,4371.305,4369.34,4371.285,161
2026-08-19 11:23:00+00:00,4371.205,4371.205,4370.315,4370.535,95
2026-08-19 11:24:00+00:00,4370.71,4371.344999999999,4370.639999999999,4370.915,83
2026-08-19 11:25:00+00:00,4371.025,4372.785,4370.455,4372.035,162
2026-08-19 11:26:00+00:00,4371.99,4372.975,4371.385,4372.975,81
2026-08-19 11:27:00+00:00,4373.0650000000005,4373.465,4372.52,4372.65,107
2026-08-19 11:28:00+00:00,4372.665,4372.665,4371.125,4371.605,144
2026-08-19 11:29:00+00:00,4371.675,4371.79,4370.835,4370.855,86
2026-08-19 11:30:00+00:00,4370.885,4371.775,4369.610000000001,4370.415,140
2026-08-19 11:31:00+00:00,4370.25,4370.719999999999,4369.504999999999,4370.195,126
2026-08-19 11:32:00+00:00,4370.0599999999995,4370.405000000001,4368.785,4369.95,123
2026-08-19 11:33:00+00:00,4369.969999999999,4370.225,4369.305,4370.115,126
2026-08-19 11:34:00+00:00,4370.105,4370.105,4368.535,4369.469999999999,155
2026-08-19 11:35:00+00:00,4369.370000000001,4370.0,4368.82,4369.725,156
2026-08-19 11:36:00+00:00,4369.719999999999,4369.719999999999,4368.360000000001,4368.525,130
2026-08-19 11:37:00+00:00,4368.63,4369.264999999999,4368.389999999999,4368.425,122
2026-08-19 11:38:00+00:00,4368.5,4369.12,4367.885,4369.12,119
2026-08-19 11:39:00+00:00,4369.110000000001,4369.22,4366.975,4368.12,134
2026-08-19 11:40:00+00:00,4368.105,4368.17,4366.360000000001,4366.41,121
2026-08-19 11:41:00+00:00,4366.495000000001,4366.6849999999995,4364.2,4364.415,163
2026-08-19 11:42:00+00:00,4364.174999999999,4365.225,4363.4,4363.66,158
2026-08-19 11:43:00+00:00,4363.645,4363.96,4363.285,4363.635,142
2026-08-19 11:44:00+00:00,4363.705,4364.96,4363.46,4363.5650000000005,171
2026-08-19 11:45:00+00:00,4363.555,4365.135,4363.46,4364.8099999999995,174
2026-08-19 11:46:00+00:00,4364.745,4365.700000000001,4364.629999999999,4365.095,109
2026-08-19 11:47:00+00:00,4365.115,4366.76,4365.115,4366.469999999999,136
2026-08-19 11:48:00+00:00,4366.375,4366.55,4365.48,4366.55,104
2026-08-19 11:49:00+00:00,4366.605,4367.58,4366.504999999999,4367.325000000001,137
2026-08-19 11:50:00+00:00,4367.42,4367.4400000000005,4365.855,4365.870000000001,90
2026-08-19 11:51:00+00:00,4365.945,4365.965,4363.855,4363.860000000001,117
2026-08-19 11:52:00+00:00,4363.975,4364.5650000000005,4363.66,4364.01,100
2026-08-19 11:53:00+00:00,4364.135,4365.25,4364.085,4365.25,124
2026-08-19 11:54:00+00:00,4365.365,4366.625,4365.280000000001,4365.719999999999,109
2026-08-19 11:55:00+00:00,4365.835,4366.39,4365.35,4365.475,120
2026-08-19 11:56:00+00:00,4365.469999999999,4366.215,4365.33,4365.715,117
2026-08-19 11:57:00+00:00,4365.615,4366.415,4365.395,4365.705,126
2026-08-19 11:58:00+00:00,4365.700000000001,4365.91,4364.65,4365.725,119
2026-08-19 11:59:00+00:00,4365.74,4365.97,4364.065,4364.665,132
2026-08-19 12:00:00+00:00,4364.675,4365.42,4363.889999999999,4364.785,208
2026-08-19 12:01:00+00:00,4364.725,4365.110000000001,4363.495,4364.16,199
2026-08-19 12:02:00+00:00,4364.014999999999,4364.46,4362.74,4363.125,189
2026-08-19 12:03:00+00:00,4363.215,4363.57,4362.105,4363.389999999999,135
2026-08-19 12:04:00+00:00,4363.295,4364.25,4362.98,4364.15,162
2026-08-19 12:05:00+00:00,4364.17,4365.805,4363.450000000001,4365.08,194
2026-08-19 12:06:00+00:00,4365.18,4365.98,4364.53,4364.76,195
2026-08-19 12:07:00+00:00,4364.585,4366.9,4364.555,4366.215,139
2026-08-19 12:08:00+00:00,4366.32,4367.74,4365.68,4367.41,178
2026-08-19 12:09:00+00:00,4367.415,4368.344999999999,4366.615,4367.885,175
2026-08-19 12:10:00+00:00,4367.645,4367.68,4366.735,4367.335,165
2026-08-19 12:11:00+00:00,4367.375,4370.02,4367.280000000001,4370.02,154
2026-08-19 12:12:00+00:00,4369.825,4370.82,4367.825000000001,4368.335,208
2026-08-19 12:13:00+00:00,4368.355,4368.895,4367.835,4368.67,142
2026-08-19 12:14:00+00:00,4368.87,4369.155000000001,4368.17,4368.245,119
2026-08-19 12:15:00+00:00,4368.68,4370.16,4368.094999999999,4368.83,155
2026-08-19 12:16:00+00:00,4368.8150000000005,4369.595,4367.01,4369.595,133
2026-08-19 12:17:00+00:00,4369.585,4370.245000000001,4367.42,4367.495000000001,147
2026-08-19 12:18:00+00:00,4367.5,4367.605,4366.055,4366.47,129
2026-08-19 12:19:00+00:00,4366.665,4368.4400000000005,4366.469999999999,4368.155000000001,175
2026-08-19 12:20:00+00:00,4368.245,4371.775,4367.985000000001,4370.78,328
2026-08-19 12:21:00+00:00,4370.8150000000005,4373.505,4370.264999999999,4371.96,276
2026-08-19 12:22:00+00:00,4371.86,4373.67,4371.5,4372.6849999999995,264
2026-08-19 12:23:00+00:00,4372.365,4373.08,4369.525,4369.545,239
2026-08-19 12:24:00+00:00,4369.59,4371.305,4369.1849999999995,4370.34,175
2026-08-19 12:25:00+00:00,4370.325,4370.915,4369.625,4369.775,207
2026-08-19 12:26:00+00:00,4369.62,4369.665,4368.085,4368.665,221
2026-08-19 12:27:00+00:00,4368.66,4369.139999999999,4367.955,4369.045,177
2026-08-19 12:28:00+00:00,4369.0599999999995,4371.29,4368.91,4370.115,181
2026-08-19 12:29:00+00:00,4369.985000000001,4370.375,4368.24,4369.5650000000005,165
2026-08-19 12:30:00+00:00,4369.395,4371.145,4368.620000000001,4369.35,233
2026-08-19 12:31:00+00:00,4369.469999999999,4371.02,4368.795,4370.61,221
2026-08-19 12:32:00+00:00,4370.594999999999,4374.395,4370.24,4373.6849999999995,251
2026-08-19 12:33:00+00:00,4373.799999999999,4379.835,4373.5650000000005,4379.835,522
2026-08-19 12:34:00+00:00,4379.525,4385.045,4378.805,4384.639999999999,543
2026-08-19 12:35:00+00:00,4384.6,4388.465,4382.995,4387.285,539
2026-08-19 12:36:00+00:00,4387.295,4396.615,4386.135,4396.045,593
2026-08-19 12:37:00+00:00,4395.9349999999995,4408.4349999999995,4395.275,4406.88,628
2026-08-19 12:38:00+00:00,4406.63,4415.5650000000005,4405.1,4415.15,469
2026-08-19 12:39:00+00:00,4415.25,4416.605,4411.6,4412.52,487
2026-08-19 12:40:00+00:00,4412.389999999999,4417.25,4409.055,4416.58,490
2026-08-19 12:41:00+00:00,4416.76,4420.610000000001,4409.495,4409.775,546
2026-08-19 12:42:00+00:00,4409.585,4415.705,4408.17,4412.110000000001,428
2026-08-19 12:43:00+00:00,4412.26,4412.59,4406.35,4410.85,516
2026-08-19 12:44:00+00:00,4410.785,4417.855,4410.38,4417.855,483
2026-08-19 12:45:00+00:00,4417.34,4420.264999999999,4414.495,4419.53,493
2026-08-19 12:46:00+00:00,4419.645,4421.43,4413.58,4414.165,538
2026-08-19 12:47:00+00:00,4414.41,4415.625,4411.395,4412.57,419
2026-08-19 12:48:00+00:00,4412.465,4419.4349999999995,4412.26,4417.8,409
2026-08-19 12:49:00+00:00,4418.05,4420.32,4416.32,4417.455,358
2026-08-19 12:50:00+00:00,4417.245,4417.8150000000005,4412.215,4413.705,496
2026-08-19 12:51:00+00:00,4413.725,4422.469999999999,4411.505,4421.735000000001,491
2026-08-19 12:52:00+00:00,4421.975,4423.63,4417.92,4418.26,430
2026-08-19 12:53:00+00:00,4418.34,4425.344999999999,4417.07,4424.395,480
2026-08-19 12:54:00+00:00,4424.335,4428.8099999999995,4421.51,4428.674999999999,506
2026-08-19 12:55:00+00:00,4428.55,4431.51,4427.58,4427.8099999999995,375
2026-08-19 12:56:00+00:00,4427.665,4440.3235,4426.459999999999,4437.805,440
2026-08-19 12:57:00+00:00,4437.6849999999995,4442.365,4436.135,4438.9349999999995,505
2026-08-19 12:58:00+00:00,4440.255,4442.46,4435.360000000001,4436.195,537
2026-08-19 12:59:00+00:00,4435.995000000001,4441.02,4435.995000000001,4438.73,549
2026-08-19 13:00:00+00:00,4438.805,4440.3525,4433.87,4437.305,556
2026-08-19 13:01:00+00:00,4437.3099999999995,4442.110000000001,4437.3099999999995,4439.655000000001,420
2026-08-19 13:02:00+00:00,4439.549999999999,4440.16,4431.085,4431.085,430
2026-08-19 13:03:00+00:00,4431.245,4432.735000000001,4428.455,4431.115,494
2026-08-19 13:04:00+00:00,4431.02,4431.02,4426.985000000001,4427.63,330
2026-08-19 13:05:00+00:00,4427.76,4431.41,4427.275,4427.3150000000005,402
2026-08-19 13:06:00+00:00,4427.23,4427.895,4424.21,4427.895,344
2026-08-19 13:07:00+00:00,4427.725,4432.52,4426.639999999999,4432.33,382
2026-08-19 13:08:00+00:00,4432.645,4436.845,4431.969999999999,4436.5599999999995,461
2026-08-19 13:09:00+00:00,4436.66,4441.594999999999,4436.66,4441.594999999999,448
2026-08-19 13:10:00+00:00,4441.62,4445.585,4441.13,4444.3,509
2026-08-19 13:11:00+00:00,4444.53,4445.45,4441.345,4443.055,354
2026-08-19 13:12:00+00:00,4443.290000000001,4458.805,4443.135,4455.530000000001,414
2026-08-19 13:13:00+00:00,4455.1,4460.525,4453.72,4458.575000000001,435
2026-08-19 13:14:00+00:00,4458.29,4460.844999999999,4455.175,4455.95,342
2026-08-19 13:15:00+00:00,4455.85,4461.31,4455.610000000001,4458.6900000000005,319
2026-08-19 13:16:00+00:00,4458.8,4461.54,4456.43,4459.66,298
2026-08-19 13:17:00+00:00,4459.6849999999995,4464.195,4459.0599999999995,4463.345,284
2026-08-19 13:18:00+00:00,4463.195,4463.355,4456.735000000001,4459.870000000001,373
2026-08-19 13:19:00+00:00,4459.975,4463.26,4459.555,4460.365,305
2026-08-19 13:20:00+00:00,4460.35,4462.74,4458.495,4458.790000000001,293
2026-08-19 13:21:00+00:00,4458.9,4459.24,4456.5,4458.215,222
2026-08-19 13:22:00+00:00,4458.115,4459.62,4454.97,4457.085,240
2026-08-19 13:23:00+00:00,4457.3150000000005,4462.125,4457.1849999999995,4459.345,292
2026-08-19 13:24:00+00:00,4459.43,4461.110000000001,4457.975,4459.145,336
2026-08-19 13:25:00+00:00,4458.8150000000005,4460.405000000001,4457.5650000000005,4459.835,350
2026-08-19 13:26:00+00:00,4459.9400000000005,4461.174999999999,4458.51,4459.64,286
2026-08-19 13:27:00+00:00,4459.62,4459.795,4455.045,4455.844999999999,313
2026-08-19 13:28:00+00:00,4456.04,4460.025,4455.285,4459.055,280
2026-08-19 13:29:00+00:00,4459.125,4460.6900000000005,4457.049999999999,4458.155,307
2026-08-19 13:30:00+00:00,4458.035,4461.145,4455.275,4456.4349999999995,496
2026-08-19 13:31:00+00:00,4456.8099999999995,4465.764999999999,4456.305,4461.985000000001,458
2026-08-19 13:32:00+00:00,4461.88,4464.719999999999,4461.635,4464.014999999999,349
2026-08-19 13:33:00+00:00,4463.915,4466.25,4463.27,4465.77,377
2026-08-19 13:34:00+00:00,4465.87,4466.030000000001,4458.3150000000005,4461.825000000001,385
2026-08-19 13:35:00+00:00,4462.245000000001,4462.280000000001,4451.645,4451.9,367
2026-08-19 13:36:00+00:00,4451.91,4452.145,4442.165,4443.33,573
2026-08-19 13:37:00+00:00,4443.37,4454.4,4442.83,4453.35,475
2026-08-19 13:38:00+00:00,4452.98,4456.83,4452.615,4455.84,360
2026-08-19 13:39:00+00:00,4456.01,4458.365,4453.52,4455.805,331
2026-08-19 13:40:00+00:00,4455.97,4457.855,4453.77,4456.299999999999,370
2026-08-19 13:41:00+00:00,4456.405000000001,4460.135,4453.3099999999995,4454.57,291
2026-08-19 13:42:00+00:00,4454.6900000000005,4457.255,4449.950000000001,4456.355,353
2026-08-19 13:43:00+00:00,4456.325000000001,4464.16,4456.165,4463.555,391
2026-08-19 13:44:00+00:00,4463.355,4464.35,4460.105,4460.535,463
2026-08-19 13:45:00+00:00,4460.4400000000005,4461.34,4457.825000000001,4457.825000000001,330
2026-08-19 13:46:00+00:00,4457.905000000001,4461.96,4456.530000000001,4458.66,290
2026-08-19 13:47:00+00:00,4458.535,4459.385,4454.825000000001,4454.91,336
2026-08-19 13:48:00+00:00,4454.8099999999995,4455.255,4451.74,4453.655000000001,367
2026-08-19 13:49:00+00:00,4453.549999999999,4453.91,4449.785,4450.215,285
2026-08-19 13:50:00+00:00,4450.33,4451.1,4446.755,4447.33,347
2026-08-19 13:51:00+00:00,4447.425,4447.870000000001,4445.095,4447.855,345
2026-08-19 13:52:00+00:00,4447.969999999999,4454.495,4446.415,4453.805,388
2026-08-19 13:53:00+00:00,4453.9349999999995,4456.465,4451.455,4453.8,420
2026-08-19 13:54:00+00:00,4453.915,4454.0650000000005,4451.475,4453.62,296
2026-08-19 13:55:00+00:00,4453.49,4455.375,4451.505,4454.85,331
2026-08-19 13:56:00+00:00,4454.879999999999,4456.785,4452.105,4455.15,342
2026-08-19 13:57:00+00:00,4455.02,4460.24,4454.610000000001,4458.030000000001,348
2026-08-19 13:58:00+00:00,4458.139999999999,4463.439,4457.755,4461.450000000001,392
2026-08-19 13:59:00+00:00,4461.59,4462.855,4459.3150000000005,4459.615,339
2026-08-19 14:00:00+00:00,4459.72,4461.765,4455.215,4456.475,341
2026-08-19 14:01:00+00:00,4456.225,4458.165,4456.075000000001,4457.745,333
2026-08-19 14:02:00+00:00,4457.415,4460.605,4456.365,4457.2,322
2026-08-19 14:03:00+00:00,4457.16,4462.0599999999995,4456.91,4461.74,313
2026-08-19 14:04:00+00:00,4461.56,4462.6900000000005,4459.9349999999995,4460.424999999999,259
2026-08-19 14:05:00+00:00,4460.545,4464.88,4460.545,4460.74,315
2026-08-19 14:06:00+00:00,4460.87,4466.545,4460.62,4465.665,307
2026-08-19 14:07:00+00:00,4465.585,4471.325,4465.585,4468.045,390
2026-08-19 14:08:00+00:00,4468.135,4470.91,4467.41,4468.280000000001,326
2026-08-19 14:09:00+00:00,4468.18,4472.195,4467.120000000001,4472.045,308
2026-08-19 14:10:00+00:00,4471.57,4473.965,4470.215,4471.825,417
2026-08-19 14:11:00+00:00,4472.095,4473.405000000001,4469.639999999999,4470.264999999999,338
2026-08-19 14:12:00+00:00,4470.360000000001,4474.41,4469.174999999999,4473.895,294
2026-08-19 14:13:00+00:00,4473.795,4475.72,4473.14,4474.785,324
2026-08-19 14:14:00+00:00,4474.615,4474.615,4472.105,4473.655,285
2026-08-19 14:15:00+00:00,4473.845,4475.385,4471.41,4474.205,331
2026-08-19 14:16:00+00:00,4474.0650000000005,4478.3150000000005,4472.63,4478.16,370
2026-08-19 14:17:00+00:00,4478.055,4478.055,4472.55,4473.395,323
2026-08-19 14:18:00+00:00,4473.675,4476.405,4472.5650000000005,4472.965,306
2026-08-19 14:19:00+00:00,4473.07,4473.76,4471.365,4471.365,327
2026-08-19 14:20:00+00:00,4471.505,4474.78,4470.295,4473.35,401
2026-08-19 14:21:00+00:00,4473.245,4477.21,4472.71,4477.095,431
2026-08-19 14:22:00+00:00,4477.2,4478.1900000000005,4472.865,4474.094999999999,341
2026-08-19 14:23:00+00:00,4474.085,4478.305,4472.415,4478.05,374
2026-08-19 14:24:00+00:00,4477.785,4480.5650000000005,4476.745,4478.45,377
2026-08-19 14:25:00+00:00,4478.325,4482.719999999999,4477.4349999999995,4482.075000000001,369
2026-08-19 14:26:00+00:00,4482.1849999999995,4485.219999999999,4482.1849999999995,4484.77,361
2026-08-19 14:27:00+00:00,4484.6,4487.91,4484.42,4486.705,305
2026-08-19 14:28:00+00:00,4487.014999999999,4487.885,4485.855,4486.9,356
2026-08-19 14:29:00+00:00,4486.719999999999,4487.365,4485.24,4486.035,390
2026-08-19 14:30:00+00:00,4486.16,4489.575000000001,4484.785,4488.045,402
2026-08-19 14:31:00+00:00,4487.885,4491.049999999999,4487.715,4490.795,379
2026-08-19 14:32:00+00:00,4490.695,4491.705,4487.33,4488.77,343
2026-08-19 14:33:00+00:00,4488.5,4489.37,4486.91,4487.43,308
2026-08-19 14:34:00+00:00,4487.455,4488.0650000000005,4483.735000000001,4487.585,288
2026-08-19 14:35:00+00:00,4487.465,4491.08,4486.715,4490.44,274
2026-08-19 14:36:00+00:00,4490.34,4491.68,4488.465,4488.595,311
2026-08-19 14:37:00+00:00,4488.465,4489.889999999999,4486.6,4488.455,292
2026-08-19 14:38:00+00:00,4488.3150000000005,4490.88,4487.74,4489.585,264
2026-08-19 14:39:00+00:00,4489.645,4490.735000000001,4487.335,4489.175,265
2026-08-19 14:40:00+00:00,4489.295,4491.33,4487.305,4489.255,387
2026-08-19 14:41:00+00:00,4489.51,4494.719999999999,4489.405000000001,4492.965,317
2026-08-19 14:42:00+00:00,4493.115,4495.65,4492.365,4493.95,294
2026-08-19 14:43:00+00:00,4493.89,4498.555,4491.174999999999,4491.965,459
2026-08-19 14:44:00+00:00,4491.9,4491.9,4488.745,4489.445,293
2026-08-19 14:45:00+00:00,4489.485000000001,4489.585,4485.5,4486.405,313
2026-08-19 14:46:00+00:00,4486.389999999999,4486.389999999999,4482.8150000000005,4483.505,271
2026-08-19 14:47:00+00:00,4483.370000000001,4483.93,4479.27,4480.360000000001,286
2026-08-19 14:48:00+00:00,4480.344999999999,4482.135,4479.645,4480.925,280
2026-08-19 14:49:00+00:00,4480.8,4481.005,4478.0599999999995,4479.33,232
2026-08-19 14:50:00+00:00,4479.445,4480.885,4478.535,4480.13,242
2026-08-19 14:51:00+00:00,4480.24,4484.48,4480.21,4484.21,261
2026-08-19 14:52:00+00:00,4484.165,4486.93,4484.055,4485.0650000000005,247
2026-08-19 14:53:00+00:00,4484.955,4487.025,4483.280000000001,4483.35,276
2026-08-19 14:54:00+00:00,4483.5599999999995,4486.014999999999,4482.385,4485.68,229
2026-08-19 14:55:00+00:00,4485.98,4488.57,4485.15,4486.945,263
2026-08-19 14:56:00+00:00,4486.96,4489.764999999999,4486.83,4489.13,234
2026-08-19 14:57:00+00:00,4489.125,4489.395,4486.639999999999,4488.115,467
2026-08-19 14:58:00+00:00,4488.165,4489.675,4487.6,4489.355,329
2026-08-19 14:59:00+00:00,4489.360000000001,4489.425,4487.93,4488.175,293
2026-08-19 15:00:00+00:00,4488.1849999999995,4488.405000000001,4482.925,4483.9,474
2026-08-19 15:01:00+00:00,4483.889999999999,4487.165,4483.815,4484.885,452
2026-08-19 15:02:00+00:00,4484.865,4485.375,4481.205,4481.745000000001,415
2026-08-19 15:03:00+00:00,4481.74,4486.085,4481.715,4484.3150000000005,384
2026-08-19 15:04:00+00:00,4484.424999999999,4485.525,4482.715,4484.85,388
2026-08-19 15:05:00+00:00,4484.995000000001,4486.02,4484.265,4484.815,414
2026-08-19 15:06:00+00:00,4484.855,4487.09,4483.865,4486.49,385
2026-08-19 15:07:00+00:00,4486.4,4487.32,4485.09,4487.18,366
2026-08-19 15:08:00+00:00,4487.015,4487.0650000000005,4484.360000000001,4484.495,316
2026-08-19 15:09:00+00:00,4484.514999999999,4484.514999999999,4482.030000000001,4482.11,362
2026-08-19 15:10:00+00:00,4482.12,4484.105,4481.195,4482.205,361
2026-08-19 15:11:00+00:00,4482.22,4482.4349999999995,4479.9349999999995,4481.155,348
2026-08-19 15:12:00+00:00,4481.25,4484.92,4480.855,4484.715,388
2026-08-19 15:13:00+00:00,4484.719999999999,4487.835,4484.575000000001,4485.555,341
2026-08-19 15:14:00+00:00,4485.530000000001,4487.505,4484.895,4485.095,318
2026-08-19 15:15:00+00:00,4485.655,4487.58,4484.6900000000005,4486.84,376
2026-08-19 15:16:00+00:00,4486.825,4487.24,4484.48,4484.9,265
2026-08-19 15:17:00+00:00,4485.12,4486.335,4483.865,4485.27,291
2026-08-19 15:18:00+00:00,4485.16,4487.12,4483.92,4485.65,292
2026-08-19 15:19:00+00:00,4485.46,4486.83,4485.125,4486.41,275
2026-08-19 15:20:00+00:00,4486.27,4488.07,4485.325,4485.755,327
2026-08-19 15:21:00+00:00,4485.715,4486.860000000001,4485.32,4485.585,364
2026-08-19 15:22:00+00:00,4485.5,4486.115,4484.46,4485.4349999999995,272
2026-08-19 15:23:00+00:00,4485.3099999999995,4485.625,4483.535,4484.15,228
2026-08-19 15:24:00+00:00,4484.365,4484.365,4481.0,4481.0,271
2026-08-19 15:25:00+00:00,4481.095,4481.145,4478.15,4480.87,388
2026-08-19 15:26:00+00:00,4481.01,4482.3099999999995,4480.755,4481.504999999999,305
2026-08-19 15:27:00+00:00,4481.38,4483.23,4479.725,4482.24,313
2026-08-19 15:28:00+00:00,4482.0650000000005,4483.615,4481.855,4482.355,342
2026-08-19 15:29:00+00:00,4481.98,4484.77,4481.98,4483.905000000001,300
2026-08-19 15:30:00+00:00,4483.75,4483.955,4480.55,4480.93,319
2026-08-19 15:31:00+00:00,4480.925,4483.860000000001,4480.3099999999995,4483.385,269
2026-08-19 15:32:00+00:00,4483.275,4484.469999999999,4482.8150000000005,4483.15,235
2026-08-19 15:33:00+00:00,4483.355,4486.389999999999,4483.355,4485.639999999999,175
2026-08-19 15:34:00+00:00,4485.77,4486.045,4484.635,4484.85,235
2026-08-19 15:35:00+00:00,4485.005,4486.18,4484.785,4485.78,188
2026-08-19 15:36:00+00:00,4485.915,4488.595,4485.67,4486.43,182
2026-08-19 15:37:00+00:00,4486.58,4487.67,4486.28,4486.54,193
2026-08-19 15:38:00+00:00,4486.43,4487.575,4486.030000000001,4486.68,238
2026-08-19 15:39:00+00:00,4486.5,4487.975,4486.41,4487.299999999999,118
2026-08-19 15:40:00+00:00,4487.415,4487.415,4485.385,4486.4,216
2026-08-19 15:41:00+00:00,4486.24,4487.215,4484.955,4486.655000000001,250
2026-08-19 15:42:00+00:00,4486.57,4488.415,4486.57,4487.67,204
2026-08-19 15:43:00+00:00,4487.74,4492.67,4487.675,4491.775,254
2026-08-19 15:44:00+00:00,4491.755,4492.59,4490.25,4490.370000000001,260
2026-08-19 15:45:00+00:00,4490.43,4493.469999999999,4490.02,4492.110000000001,263
2026-08-19 15:46:00+00:00,4491.96,4493.285,4491.795,4492.34,204
2026-08-19 15:47:00+00:00,4492.48,4494.17,4491.93,4491.96,185
2026-08-19 15:48:00+00:00,4492.145,4494.450000000001,4491.53,4493.9400000000005,211
2026-08-19 15:49:00+00:00,4493.950000000001,4494.29,4490.715,4490.755,311
2026-08-19 15:50:00+00:00,4490.52,4490.755,4488.955,4489.360000000001,337
2026-08-19 15:51:00+00:00,4489.25,4490.799999999999,4488.66,4489.9,292
2026-08-19 15:52:00+00:00,4489.805,4492.01,4489.73,4491.799999999999,259
2026-08-19 15:53:00+00:00,4491.595,4492.92,4491.219999999999,4491.755,271
2026-08-19 15:54:00+00:00,4491.725,4491.985000000001,4490.8,4491.29,259
2026-08-19 15:55:00+00:00,4491.28,4493.335,4490.76,4492.37,262
2026-08-19 15:56:00+00:00,4492.325,4493.355,4491.9349999999995,4493.355,237
2026-08-19 15:57:00+00:00,4493.365,4493.365,4491.695,4492.15,239
2026-08-19 15:58:00+00:00,4492.13,4493.5,4490.945,4491.514999999999,262
2026-08-19 15:59:00+00:00,4491.51,4493.97,4491.425,4493.885,183
2026-08-19 16:00:00+00:00,4493.88,4496.475,4493.264999999999,4496.264999999999,345
2026-08-19 16:01:00+00:00,4496.275,4497.5599999999995,4495.285,4495.755,297
2026-08-19 16:02:00+00:00,4495.575000000001,4496.35,4494.780000000001,4495.995,296
2026-08-19 16:03:00+00:00,4495.785,4497.0,4494.87,4494.9349999999995,235
2026-08-19 16:04:00+00:00,4494.94,4495.87,4493.32,4493.4,280
2026-08-19 16:05:00+00:00,4493.42,4494.450000000001,4492.594999999999,4493.41,273
2026-08-19 16:06:00+00:00,4493.265,4493.975,4491.21,4492.295,336
2026-08-19 16:07:00+00:00,4492.295,4496.05,4491.775,4495.59,198
2026-08-19 16:08:00+00:00,4495.66,4496.94,4495.525,4496.88,173
2026-08-19 16:09:00+00:00,4496.735000000001,4497.73,4496.415,4497.525,191
2026-08-19 16:10:00+00:00,4497.360000000001,4498.97,4496.795,4497.88,207
2026-08-19 16:11:00+00:00,4497.605,4498.82,4497.475,4498.47,151
2026-08-19 16:12:00+00:00,4498.48,4498.48,4496.735000000001,4498.1,234
2026-08-19 16:13:00+00:00,4498.13,4498.93,4497.145,4497.9400000000005,277
2026-08-19 16:14:00+00:00,4498.004999999999,4499.145,4496.985000000001,4497.924999999999,222
2026-08-19 16:15:00+00:00,4498.045,4498.305,4497.219999999999,4498.27,204
2026-08-19 16:16:00+00:00,4498.15,4499.455,4497.084999999999,4497.875,220
2026-08-19 16:17:00+00:00,4497.995,4498.375,4497.18,4497.65,273
2026-08-19 16:18:00+00:00,4497.58,4498.605,4495.41,4496.615,324
2026-08-19 16:19:00+00:00,4496.635,4497.635,4495.12,4495.155,230
2026-08-19 16:20:00+00:00,4495.075,4495.945,4494.424999999999,4494.66,266
2026-08-19 16:21:00+00:00,4494.514999999999,4495.855,4493.655,4493.98,193
2026-08-19 16:22:00+00:00,4494.135,4494.945,4493.58,4494.01,225
2026-08-19 16:23:00+00:00,4494.085,4496.025,4493.52,4495.674999999999,240
2026-08-19 16:24:00+00:00,4495.6,4496.945,4494.805,4495.075000000001,217
2026-08-19 16:25:00+00:00,4495.225,4495.745000000001,4493.945,4493.955,209
2026-08-19 16:26:00+00:00,4493.945,4494.1849999999995,4491.65,4492.905,253
2026-08-19 16:27:00+00:00,4492.905000000001,4493.68,4492.055,4492.745,218
2026-08-19 16:28:00+00:00,4492.92,4493.42,4491.48,4491.629999999999,151
2026-08-19 16:29:00+00:00,4491.48,4491.91,4490.735000000001,4491.23,152
2026-08-19 16:30:00+00:00,4491.305,4492.475,4490.715,4491.91,242
2026-08-19 16:31:00+00:00,4492.115,4494.485000000001,4490.87,4493.995000000001,173
2026-08-19 16:32:00+00:00,4494.110000000001,4494.895,4492.67,4494.785,170
2026-08-19 16:33:00+00:00,4494.905000000001,4495.245000000001,4493.895,4494.29,159
2026-08-19 16:34:00+00:00,4494.285,4495.924999999999,4493.764999999999,4495.799999999999,138
2026-08-19 16:35:00+00:00,4495.870000000001,4495.870000000001,4493.555,4494.594999999999,189
2026-08-19 16:36:00+00:00,4494.59,4494.59,4492.71,4493.1,208
2026-08-19 16:37:00+00:00,4493.045,4495.535,4492.135,4495.01,231
2026-08-19 16:38:00+00:00,4495.0650000000005,4495.924999999999,4494.9349999999995,4495.53,191
2026-08-19 16:39:00+00:00,4495.605,4496.3,4494.74,4495.51,191
2026-08-19 16:40:00+00:00,4495.535,4496.1900000000005,4495.280000000001,4495.335,204
2026-08-19 16:41:00+00:00,4495.27,4496.53,4493.924999999999,4494.955,209
2026-08-19 16:42:00+00:00,4494.945,4495.375,4494.105,4494.625,261
2026-08-19 16:43:00+00:00,4494.610000000001,4496.425,4494.555,4495.455,312
2026-08-19 16:44:00+00:00,4495.469999999999,4496.17,4494.6,4495.12,261
2026-08-19 16:45:00+00:00,4495.0599999999995,4495.495,4494.0,4494.969999999999,262
2026-08-19 16:46:00+00:00,4494.605,4497.0,4494.48,4494.99,208
2026-08-19 16:47:00+00:00,4495.08,4495.35,4493.85,4494.200000000001,156
2026-08-19 16:48:00+00:00,4494.09,4495.58,4494.035,4494.625,293
2026-08-19 16:49:00+00:00,4494.7,4495.27,4493.62,4494.6900000000005,234
2026-08-19 16:50:00+00:00,4494.455,4495.375,4494.17,4495.030000000001,255
2026-08-19 16:51:00+00:00,4495.025,4495.915,4494.38,4495.915,247
2026-08-19 16:52:00+00:00,4496.065,4497.71,4495.855,4497.45,239
2026-08-19 16:53:00+00:00,4497.43,4497.91,4494.895,4494.965,225
2026-08-19 16:54:00+00:00,4494.950000000001,4495.17,4494.34,4494.615,226
2026-08-19 16:55:00+00:00,4494.54,4494.63,4493.635,4493.865,224
2026-08-19 16:56:00+00:00,4493.785,4494.725,4493.469999999999,4494.219999999999,279
2026-08-19 16:57:00+00:00,4494.26,4495.485000000001,4493.985000000001,4495.219999999999,286
2026-08-19 16:58:00+00:00,4495.110000000001,4495.225,4494.120000000001,4494.745,290
2026-08-19 16:59:00+00:00,4494.87,4495.09,4493.24,4493.32,236
2026-08-19 17:00:00+00:00,4493.825,4497.719999999999,4493.51,4497.17,345
2026-08-19 17:01:00+00:00,4497.280000000001,4499.31,4497.025,4498.4400000000005,253
2026-08-19 17:02:00+00:00,4498.325,4499.23,4496.6900000000005,4497.25,283
2026-08-19 17:03:00+00:00,4497.255,4497.715,4495.36,4495.65,339
2026-08-19 17:04:00+00:00,4495.655,4497.379999999999,4495.41,4497.075000000001,305
2026-08-19 17:05:00+00:00,4496.915,4497.535,4496.0,4496.3150000000005,221
2026-08-19 17:06:00+00:00,4496.335,4497.415,4495.365,4497.035,251
2026-08-19 17:07:00+00:00,4497.174999999999,4497.174999999999,4492.455,4493.545,369
2026-08-19 17:08:00+00:00,4493.455,4493.575,4491.51,4492.62,288
2026-08-19 17:09:00+00:00,4492.665,4494.805,4492.385,4493.155000000001,293
2026-08-19 17:10:00+00:00,4493.215,4494.055,4492.780000000001,4492.92,284
2026-08-19 17:11:00+00:00,4492.985000000001,4493.360000000001,4489.264999999999,4490.29,341
2026-08-19 17:12:00+00:00,4490.275,4492.285,4489.02,4492.1849999999995,348
2026-08-19 17:13:00+00:00,4492.125,4492.915,4491.285,4491.625,244
2026-08-19 17:14:00+00:00,4491.530000000001,4493.405000000001,4491.09,4492.625,257
2026-08-19 17:15:00+00:00,4492.48,4493.004999999999,4490.52,4491.28,284
2026-08-19 17:16:00+00:00,4491.46,4491.46,4489.79,4490.535,244
2026-08-19 17:17:00+00:00,4490.615,4490.695,4489.585,4490.215,184
2026-08-19 17:18:00+00:00,4490.105,4490.264999999999,4487.165,4487.85,306
2026-08-19 17:19:00+00:00,4487.805,4489.395,4487.78,4489.27,232
2026-08-19 17:20:00+00:00,4489.360000000001,4490.525,4488.235,4488.235,307
2026-08-19 17:21:00+00:00,4488.385,4490.389999999999,4487.875,4488.51,258
2026-08-19 17:22:00+00:00,4488.594999999999,4489.875,4488.48,4488.98,193
2026-08-19 17:23:00+00:00,4489.0650000000005,4490.55,4487.9,4489.51,228
2026-08-19 17:24:00+00:00,4489.5,4490.51,4488.705,4489.469999999999,245
2026-08-19 17:25:00+00:00,4489.46,4489.71,4488.605,4489.3099999999995,223
2026-08-19 17:26:00+00:00,4489.38,4489.395,4487.88,4488.105,203
2026-08-19 17:27:00+00:00,4488.165,4488.485,4486.255,4486.885,210
2026-08-19 17:28:00+00:00,4486.795,4487.95,4486.42,4487.375,221
2026-08-19 17:29:00+00:00,4487.365,4488.450000000001,4486.245000000001,4488.08,385
2026-08-19 17:30:00+00:00,4488.02,4489.094999999999,4486.605,4486.655,240
2026-08-19 17:31:00+00:00,4486.785,4486.91,4484.445,4485.610000000001,186
2026-08-19 17:32:00+00:00,4485.450000000001,4487.145,4485.34,4487.145,92
2026-08-19 17:33:00+00:00,4487.02,4488.735,4486.29,4488.095,181
2026-08-19 17:34:00+00:00,4488.23,4489.21,4487.8099999999995,4488.21,98
2026-08-19 17:35:00+00:00,4488.32,4488.91,4486.65,4486.905000000001,135
2026-08-19 17:36:00+00:00,4487.01,4489.64,4487.01,4489.64,185
2026-08-19 17:37:00+00:00,4489.595,4489.99,4488.469999999999,4489.275,225
2026-08-19 17:38:00+00:00,4489.195,4489.375,4488.315,4488.889999999999,203
2026-08-19 17:39:00+00:00,4488.84,4489.785,4488.424999999999,4488.51,200
2026-08-19 17:40:00+00:00,4488.495000000001,4490.07,4488.495000000001,4488.67,156
2026-08-19 17:41:00+00:00,4488.7,4491.035,4487.07,4490.885,150
2026-08-19 17:42:00+00:00,4490.765,4491.75,4490.365,4491.09,210
2026-08-19 17:43:00+00:00,4491.049999999999,4491.405,4489.96,4490.49,141
2026-08-19 17:44:00+00:00,4490.3099999999995,4490.555,4488.725,4488.725,159
2026-08-19 17:45:00+00:00,4488.594999999999,4489.245,4488.205,4488.34,140
2026-08-19 17:46:00+00:00,4488.335,4489.53,4488.18,4488.18,154
2026-08-19 17:47:00+00:00,4488.165,4489.014999999999,4487.83,4488.185,165
2026-08-19 17:48:00+00:00,4488.24,4488.92,4487.995,4488.635,136
2026-08-19 17:49:00+00:00,4488.9349999999995,4489.01,4487.67,4488.344999999999,146
2026-08-19 17:50:00+00:00,4488.36,4489.110000000001,4488.135,4488.32,169
2026-08-19 17:51:00+00:00,4488.34,4488.785,4487.795,4488.57,135
2026-08-19 17:52:00+00:00,4488.535,4488.5599999999995,4486.92,4487.33,205
2026-08-19 17:53:00+00:00,4487.265,4487.405,4485.665,4486.57,242
2026-08-19 17:54:00+00:00,4486.465,4486.985000000001,4486.1,4486.424999999999,120
2026-08-19 17:55:00+00:00,4486.545,4486.545,4484.674999999999,4485.57,135
2026-08-19 17:56:00+00:00,4485.7,4485.7,4485.225,4485.525,83
2026-08-19 17:57:00+00:00,4485.62,4486.2,4484.385,4484.545,125
2026-08-19 17:58:00+00:00,4484.860000000001,4485.6900000000005,4484.66,4485.355,64
2026-08-19 17:59:00+00:00,4485.46,4487.075000000001,4485.46,4487.049999999999,147
2026-08-19 18:00:00+00:00,4487.12,4490.33,4485.695,4489.87,301
2026-08-19 18:01:00+00:00,4489.705,4491.4400000000005,4489.37,4490.755,327
2026-08-19 18:02:00+00:00,4490.92,4493.9400000000005,4490.05,4493.275,360
2026-08-19 18:03:00+00:00,4493.26,4495.635,4492.98,4494.095,365
2026-08-19 18:04:00+00:00,4494.165,4495.875,4492.78,4495.63,348
2026-08-19 18:05:00+00:00,4495.675,4496.52,4487.42,4489.4,441
2026-08-19 18:06:00+00:00,4489.09,4489.9,4487.9,4488.610000000001,396
2026-08-19 18:07:00+00:00,4488.84,4490.635,4486.255,4489.805,364
2026-08-19 18:08:00+00:00,4489.705,4490.555,4488.665,4489.885,285
2026-08-19 18:09:00+00:00,4489.785,4489.87,4487.66,4488.995,219
2026-08-19 18:10:00+00:00,4488.97,4489.915,4487.015,4488.77,270
2026-08-19 18:11:00+00:00,4488.66,4488.66,4486.155000000001,4487.615,211
2026-08-19 18:12:00+00:00,4487.6849999999995,4489.32,4487.4349999999995,4488.555,190
2026-08-19 18:13:00+00:00,4488.16,4490.465,4488.129999999999,4489.51,161
2026-08-19 18:14:00+00:00,4489.385,4490.0599999999995,4487.42,4487.945,170
2026-08-19 18:15:00+00:00,4487.92,4487.99,4483.925,4484.585,275
2026-08-19 18:16:00+00:00,4484.655,4485.360000000001,4484.01,4484.530000000001,235
2026-08-19 18:17:00+00:00,4484.66,4485.305,4482.4,4482.41,215
2026-08-19 18:18:00+00:00,4482.505,4484.105,4482.26,4483.985000000001,181
2026-08-19 18:19:00+00:00,4483.719999999999,4486.0599999999995,4483.695,4484.785,192
2026-08-19 18:20:00+00:00,4484.79,4485.1849999999995,4482.965,4483.73,142
2026-08-19 18:21:00+00:00,4483.75,4484.780000000001,4482.585,4483.379999999999,171
2026-08-19 18:22:00+00:00,4483.280000000001,4483.74,4482.495,4482.610000000001,162
2026-08-19 18:23:00+00:00,4482.65,4483.885,4481.530000000001,4482.02,205
2026-08-19 18:24:00+00:00,4481.9400000000005,4482.610000000001,4481.12,4481.4,124
2026-08-19 18:25:00+00:00,4481.514999999999,4481.9349999999995,4480.725,4481.610000000001,177
2026-08-19 18:26:00+00:00,4481.639999999999,4481.8099999999995,4477.655000000001,4478.78,227
2026-08-19 18:27:00+00:00,4478.85,4479.57,4476.264999999999,4476.405,255
2026-08-19 18:28:00+00:00,4476.55,4476.745,4472.925,4473.700000000001,317
2026-08-19 18:29:00+00:00,4473.870000000001,4476.91,4473.81,4475.4,249
2026-08-19 18:30:00+00:00,4475.475,4476.885,4472.975,4474.21,247
2026-08-19 18:31:00+00:00,4474.055,4475.695,4472.075000000001,4472.775,210
2026-08-19 18:32:00+00:00,4472.780000000001,4476.9349999999995,4472.780000000001,4476.605,324
2026-08-19 18:33:00+00:00,4476.62,4479.3,4476.43,4477.2,256
2026-08-19 18:34:00+00:00,4477.54,4481.5,4476.7,4480.8099999999995,254
2026-08-19 18:35:00+00:00,4480.79,4482.6,4480.73,4481.385,289
2026-08-19 18:36:00+00:00,4481.32,4481.6,4479.65,4479.955,181
2026-08-19 18:37:00+00:00,4480.110000000001,4480.66,4479.12,4480.43,136
2026-08-19 18:38:00+00:00,4480.54,4482.610000000001,4479.9400000000005,4481.02,168
2026-08-19 18:39:00+00:00,4480.860000000001,4484.905,4480.860000000001,4484.375,231
2026-08-19 18:40:00+00:00,4484.475,4488.51,4483.845,4487.43,251
2026-08-19 18:41:00+00:00,4487.67,4491.99,4487.1849999999995,4489.780000000001,254
2026-08-19 18:42:00+00:00,4489.895,4491.96,4489.255,4491.110000000001,170
2026-08-19 18:43:00+00:00,4491.23,4491.705,4490.35,4490.6,167
2026-08-19 18:44:00+00:00,4490.505,4491.13,4490.125,4490.4400000000005,185
2026-08-19 18:45:00+00:00,4490.59,4491.455,4490.1,4490.3099999999995,175
2026-08-19 18:46:00+00:00,4490.145,4491.225,4489.895,4490.299999999999,204
2026-08-19 18:47:00+00:00,4490.51,4490.775,4489.5650000000005,4489.9349999999995,161
2026-08-19 18:48:00+00:00,4489.975,4491.115,4489.975,4490.625,131
2026-08-19 18:49:00+00:00,4490.52,4492.24,4490.095,4491.645,133
2026-08-19 18:50:00+00:00,4491.799999999999,4492.645,4490.795,4492.275,133
2026-08-19 18:51:00+00:00,4492.395,4493.51,4491.725,4492.0,94
2026-08-19 18:52:00+00:00,4492.155000000001,4493.635,4491.71,4492.5,115
2026-08-19 18:53:00+00:00,4492.610000000001,4496.049999999999,4492.125,4495.780000000001,130
2026-08-19 18:54:00+00:00,4496.219999999999,4496.925,4493.879999999999,4494.5650000000005,176
2026-08-19 18:55:00+00:00,4494.4349999999995,4495.525,4494.315,4495.025,91
2026-08-19 18:56:00+00:00,4494.915,4495.8150000000005,4494.21,4495.014999999999,168
2026-08-19 18:57:00+00:00,4494.77,4495.875,4494.305,4495.71,162
2026-08-19 18:58:00+00:00,4495.825000000001,4496.049999999999,4494.969999999999,4495.549999999999,157
2026-08-19 18:59:00+00:00,4495.35,4495.73,4494.48,4495.18,182
2026-08-19 19:00:00+00:00,4495.27,4497.1,4494.5,4497.1,271
2026-08-19 19:01:00+00:00,4497.07,4498.469999999999,4495.15,4495.465,304
2026-08-19 19:02:00+00:00,4495.41,4496.165,4494.514999999999,4495.305,260
2026-08-19 19:03:00+00:00,4495.52,4497.889999999999,4494.5,4497.41,238
2026-08-19 19:04:00+00:00,4497.38,4498.555,4496.08,4496.945,222
2026-08-19 19:05:00+00:00,4497.18,4498.0599999999995,4495.780000000001,4497.6849999999995,178
2026-08-19 19:06:00+00:00,4497.6900000000005,4497.8099999999995,4495.82,4495.83,128
2026-08-19 19:07:00+00:00,4495.82,4497.74,4495.34,4497.55,131
2026-08-19 19:08:00+00:00,4497.73,4504.04,4497.165,4503.135,279
2026-08-19 19:09:00+00:00,4503.344999999999,4505.785,4502.48,4505.110000000001,273
2026-08-19 19:10:00+00:00,4505.24,4505.25,4502.71,4502.775,239
2026-08-19 19:11:00+00:00,4502.785,4504.48,4502.23,4503.855,173
2026-08-19 19:12:00+00:00,4503.955,4505.525,4503.79,4504.870000000001,144
2026-08-19 19:13:00+00:00,4504.835,4505.195,4503.530000000001,4503.620000000001,108
2026-08-19 19:14:00+00:00,4503.725,4504.04,4502.445,4503.299999999999,96
2026-08-19 19:15:00+00:00,4503.415,4505.735000000001,4503.0599999999995,4505.34,155
2026-08-19 19:16:00+00:00,4505.205,4505.34,4503.52,4504.110000000001,154
2026-08-19 19:17:00+00:00,4504.125,4506.145,4503.165,4504.255,142
2026-08-19 19:18:00+00:00,4504.395,4506.3150000000005,4504.115,4505.68,236
2026-08-19 19:19:00+00:00,4505.5599999999995,4505.8099999999995,4504.5599999999995,4504.5599999999995,179
2026-08-19 19:20:00+00:00,4504.41,4504.71,4503.264999999999,4503.594999999999,168
2026-08-19 19:21:00+00:00,4503.705,4503.835,4502.55,4503.285,113
2026-08-19 19:22:00+00:00,4503.395,4504.255,4502.85,4503.835,146
2026-08-19 19:23:00+00:00,4503.695,4504.69,4503.385,4504.57,85
2026-08-19 19:24:00+00:00,4504.68,4505.385,4503.85,4505.385,97
2026-08-19 19:25:00+00:00,4505.255,4505.465,4504.47,4505.46,121
2026-08-19 19:26:00+00:00,4505.5599999999995,4506.535,4504.575000000001,4504.995,141
2026-08-19 19:27:00+00:00,4504.889999999999,4506.215,4503.335,4505.795,179
2026-08-19 19:28:00+00:00,4505.615,4507.955,4505.035,4506.575000000001,292
2026-08-19 19:29:00+00:00,4506.46,4507.58,4506.235000000001,4507.01,176
2026-08-19 19:30:00+00:00,4507.145,4508.295,4505.85,4506.76,206
2026-08-19 19:31:00+00:00,4506.51,4507.875,4506.51,4507.705,204
2026-08-19 19:32:00+00:00,4507.639999999999,4509.360000000001,4507.514999999999,4508.745000000001,135
2026-08-19 19:33:00+00:00,4508.58,4509.555,4508.51,4509.29,150
2026-08-19 19:34:00+00:00,4509.469999999999,4510.99,4509.075000000001,4509.46,219
2026-08-19 19:35:00+00:00,4509.76,4510.32,4509.23,4510.18,216
2026-08-19 19:36:00+00:00,4510.165,4510.605,4507.245,4507.245,170
2026-08-19 19:37:00+00:00,4507.545,4507.74,4503.780000000001,4504.8099999999995,222
2026-08-19 19:38:00+00:00,4504.879999999999,4506.55,4504.71,4505.82,102
2026-08-19 19:39:00+00:00,4505.945,4506.34,4504.99,4505.875,152
2026-08-19 19:40:00+00:00,4505.885,4507.860000000001,4505.0599999999995,4505.985000000001,137
2026-08-19 19:41:00+00:00,4505.875,4506.32,4504.2,4504.67,162
2026-08-19 19:42:00+00:00,4504.795,4505.235000000001,4502.5599999999995,4504.924999999999,211
2026-08-19 19:43:00+00:00,4505.174999999999,4506.465,4504.895,4506.450000000001,219
2026-08-19 19:44:00+00:00,4506.295,4507.15,4505.695,4507.01,221
2026-08-19 19:45:00+00:00,4506.860000000001,4507.975,4506.094999999999,4506.094999999999,286
2026-08-19 19:46:00+00:00,4506.24,4506.795,4505.355,4506.1,261
2026-08-19 19:47:00+00:00,4506.0,4507.42,4505.200000000001,4507.139999999999,220
2026-08-19 19:48:00+00:00,4507.25,4510.5599999999995,4506.825000000001,4510.47,249
2026-08-19 19:49:00+00:00,4510.33,4511.375,4510.135,4511.3099999999995,167
2026-08-19 19:50:00+00:00,4511.105,4512.055,4510.4349999999995,4510.950000000001,314
2026-08-19 19:51:00+00:00,4510.85,4511.285,4510.014999999999,4510.66,351
2026-08-19 19:52:00+00:00,4510.635,4512.1,4510.4,4511.855,324
2026-08-19 19:53:00+00:00,4511.945,4511.969999999999,4508.83,4508.9400000000005,220
2026-08-19 19:54:00+00:00,4509.110000000001,4511.594999999999,4508.385,4511.555,291
2026-08-19 19:55:00+00:00,4511.299999999999,4512.395,4509.865,4511.34,244
2026-08-19 19:56:00+00:00,4511.235000000001,4511.47,4510.54,4511.2,115
2026-08-19 19:57:00+00:00,4511.094999999999,4511.594999999999,4508.47,4509.355,236
2026-08-19 19:58:00+00:00,4509.225,4511.23,4508.549999999999,4511.0599999999995,358
2026-08-19 19:59:00+00:00,4511.09,4511.985000000001,4510.575000000001,4511.389999999999,266
2026-08-19 20:00:00+00:00,4511.305,4512.035,4509.335,4509.605,130
2026-08-19 20:01:00+00:00,4509.485000000001,4510.195,4509.455,4510.195,61
2026-08-19 20:02:00+00:00,4510.085,4510.78,4509.155,4509.35,77
2026-08-19 20:03:00+00:00,4509.59,4510.43,4509.1,4509.57,49
2026-08-19 20:04:00+00:00,4509.74,4509.74,4508.8150000000005,4509.4,57
2026-08-19 20:05:00+00:00,4509.25,4509.355,4508.42,4508.42,76
2026-08-19 20:06:00+00:00,4508.32,4508.93,4507.785,4508.719999999999,75
2026-08-19 20:07:00+00:00,4508.82,4510.04,4508.6900000000005,4509.29,45
2026-08-19 20:08:00+00:00,4509.18,4510.17,4509.055,4509.595,38
2026-08-19 20:09:00+00:00,4509.365,4510.5650000000005,4509.05,4510.5650000000005,44
2026-08-19 20:10:00+00:00,4510.725,4511.965,4509.9,4511.965,71
2026-08-19 20:11:00+00:00,4512.0599999999995,4512.0599999999995,4509.93,4510.139999999999,57
2026-08-19 20:12:00+00:00,4510.0,4510.355,4507.68,4507.6900000000005,82
2026-08-19 20:13:00+00:00,4507.83,4507.84,4506.48,4506.9400000000005,66
2026-08-19 20:14:00+00:00,4507.125,4507.125,4505.155000000001,4506.765,91
2026-08-19 20:15:00+00:00,4506.885,4507.325,4506.53,4506.805,36
2026-08-19 20:16:00+00:00,4506.665,4508.275,4506.665,4508.015,44
2026-08-19 20:17:00+00:00,4508.145,4509.215,4507.985,4508.375,51
2026-08-19 20:18:00+00:00,4508.255,4510.110000000001,4508.13,4509.895,39
2026-08-19 20:19:00+00:00,4510.0,4511.28,4509.87,4510.2,52
2026-08-19 20:20:00+00:00,4510.42,4512.4,4510.13,4512.05,65
2026-08-19 20:21:00+00:00,4511.8,4512.25,4510.93,4511.46,52
2026-08-19 20:22:00+00:00,4511.58,4512.8150000000005,4510.860000000001,4512.530000000001,28
2026-08-19 20:23:00+00:00,4512.42,4512.93,4511.745000000001,4512.24,57
2026-08-19 20:24:00+00:00,4511.98,4518.205,4511.98,4518.205,58
2026-08-19 20:25:00+00:00,4517.965,4521.35,4517.875,4520.58,149
2026-08-19 20:26:00+00:00,4520.7,4521.95,4519.375,4521.02,140
2026-08-19 20:27:00+00:00,4521.135,4521.4400000000005,4518.65,4520.6849999999995,119
2026-08-19 20:28:00+00:00,4520.475,4520.755,4518.2,4518.51,65
2026-08-19 20:29:00+00:00,4518.39,4519.17,4517.255,4518.365,74
2026-08-19 20:30:00+00:00,4518.295,4520.37,4517.98,4520.26,75
2026-08-19 20:31:00+00:00,4520.27,4521.695,4520.01,4521.120000000001,65
2026-08-19 20:32:00+00:00,4521.16,4521.860000000001,4520.485000000001,4521.09,68
2026-08-19 20:33:00+00:00,4520.91,4522.4349999999995,4520.594999999999,4522.16,76
2026-08-19 20:34:00+00:00,4522.389999999999,4523.615,4521.125,4521.415,96
2026-08-19 20:35:00+00:00,4521.52,4521.52,4520.365,4521.26,56
2026-08-19 20:36:00+00:00,4521.24,4521.41,4519.9,4520.0,57
2026-08-19 20:37:00+00:00,4519.89,4519.89,4518.950000000001,4519.21,37
2026-08-19 20:38:00+00:00,4519.105,4519.275,4518.844999999999,4519.18,17
2026-08-19 20:39:00+00:00,4518.92,4519.91,4518.764999999999,4519.75,38
2026-08-19 20:40:00+00:00,4519.629999999999,4520.655000000001,4519.629999999999,4519.719999999999,31
2026-08-19 20:41:00+00:00,4519.585,4519.93,4519.16,4519.7,28
2026-08-19 20:42:00+00:00,4519.59,4519.969999999999,4519.360000000001,4519.79,29
2026-08-19 20:43:00+00:00,4519.639999999999,4520.75,4519.12,4520.2,37
2026-08-19 20:44:00+00:00,4520.09,4520.21,4518.9,4519.635,30
2026-08-19 20:45:00+00:00,4519.75,4520.639999999999,4519.58,4520.415,46
2026-08-19 20:46:00+00:00,4520.715,4521.51,4520.505,4521.48,34
2026-08-19 20:47:00+00:00,4521.344999999999,4522.155000000001,4521.344999999999,4521.51,43
2026-08-19 20:48:00+00:00,4521.295,4521.615,4520.8099999999995,4521.075,44
2026-08-19 20:49:00+00:00,4521.29,4521.45,4520.46,4521.03,35
2026-08-19 20:50:00+00:00,4520.86,4523.245,4520.82,4522.475,93
2026-08-19 20:51:00+00:00,4522.285,4522.81,4522.055,4522.52,58
2026-08-19 20:52:00+00:00,4522.38,4522.595,4521.995,4522.29,36
2026-08-19 20:53:00+00:00,4522.535,4523.3,4522.17,4522.59,31
2026-08-19 20:54:00+00:00,4522.17,4524.255,4521.97,4523.95,78
2026-08-19 20:55:00+00:00,4524.1,4524.445,4523.594999999999,4523.65,75
2026-08-19 20:56:00+00:00,4523.8,4523.8,4522.445,4523.59,58
2026-08-19 20:57:00+00:00,4523.73,4523.73,4522.415,4523.205,63
2026-08-19 20:58:00+00:00,4523.025,4523.655000000001,4522.955,4523.135,47
2026-08-19 20:59:00+00:00,4523.014999999999,4523.285,4522.344999999999,4522.615,66
2026-08-19 22:00:00+00:00,4523.795,4525.405000000001,4521.3150000000005,4525.155000000001,257
2026-08-19 22:01:00+00:00,4525.43,4528.22,4525.43,4525.49,158
2026-08-19 22:02:00+00:00,4525.66,4525.77,4520.6849999999995,4521.605,115
2026-08-19 22:03:00+00:00,4521.79,4522.72,4519.665,4522.52,105
2026-08-19 22:04:00+00:00,4522.66,4524.67,4521.045,4521.32,114
2026-08-19 22:05:00+00:00,4521.165,4522.65,4520.785,4521.975,85
2026-08-19 22:06:00+00:00,4522.110000000001,4524.115,4521.96,4523.075,108
2026-08-19 22:07:00+00:00,4523.200000000001,4523.225,4521.889999999999,4522.67,111
2026-08-19 22:08:00+00:00,4522.785,4522.895,4520.665,4521.23,86
2026-08-19 22:09:00+00:00,4521.450000000001,4521.450000000001,4520.385,4521.025,66
2026-08-19 22:10:00+00:00,4520.915,4521.29,4518.79,4519.18,76
2026-08-19 22:11:00+00:00,4519.045,4520.505,4518.84,4519.85,97
2026-08-19 22:12:00+00:00,4519.955,4520.950000000001,4519.365,4520.58,95
2026-08-19 22:13:00+00:00,4520.77,4521.52,4520.055,4521.379999999999,71
2026-08-19 22:14:00+00:00,4521.264999999999,4521.98,4520.105,4520.105,114
2026-08-19 22:15:00+00:00,4519.84,4520.905000000001,4519.52,4520.549999999999,67
2026-08-19 22:16:00+00:00,4520.450000000001,4520.875,4519.665,4519.665,48
2026-08-19 22:17:00+00:00,4519.865,4520.295,4519.285,4519.68,64
2026-08-19 22:18:00+00:00,4519.610000000001,4520.5,4519.025,4519.79,53
2026-08-19 22:19:00+00:00,4519.905000000001,4520.594999999999,4519.65,4520.030000000001,54
2026-08-19 22:20:00+00:00,4519.879999999999,4520.085,4519.005,4519.51,53
2026-08-19 22:21:00+00:00,4519.620000000001,4519.9400000000005,4519.04,4519.705,30
2026-08-19 22:22:00+00:00,4519.83,4520.825,4519.675,4520.825,81
2026-08-19 22:23:00+00:00,4520.695,4521.5650000000005,4519.870000000001,4520.264999999999,78
2026-08-19 22:24:00+00:00,4520.365,4521.450000000001,4520.01,4521.450000000001,68
2026-08-19 22:25:00+00:00,4521.365,4521.530000000001,4520.14,4520.98,49
2026-08-19 22:26:00+00:00,4520.85,4521.08,4519.92,4520.18,46
2026-08-19 22:27:00+00:00,4520.05,4520.59,4519.42,4520.06,58
2026-08-19 22:28:00+00:00,4519.95,4520.73,4519.81,4520.52,27
2026-08-19 22:29:00+00:00,4520.3,4521.17,4519.93,4521.05,35
2026-08-19 22:30:00+00:00,4521.04,4521.58,4519.86,4521.26,53
2026-08-19 22:31:00+00:00,4521.38,4521.86,4520.64,4521.3099999999995,74
2026-08-19 22:32:00+00:00,4521.174999999999,4522.225,4518.085,4518.49,93
2026-08-19 22:33:00+00:00,4518.355,4519.48,4518.014999999999,4518.125,102
2026-08-19 22:34:00+00:00,4518.3150000000005,4519.125,4517.83,4518.845,75
2026-08-19 22:35:00+00:00,4518.675,4519.895,4518.264999999999,4519.025,78
2026-08-19 22:36:00+00:00,4518.795,4519.299999999999,4518.045,4519.1849999999995,76
2026-08-19 22:37:00+00:00,4518.950000000001,4519.27,4518.055,4518.76,98
2026-08-19 22:38:00+00:00,4518.66,4519.39,4517.9,4518.38,70
2026-08-19 22:39:00+00:00,4518.385,4518.385,4517.3150000000005,4517.725,55
2026-08-19 22:40:00+00:00,4517.8150000000005,4519.21,4517.805,4518.875,68
2026-08-19 22:41:00+00:00,4519.105,4519.525,4518.3150000000005,4518.46,54
2026-08-19 22:42:00+00:00,4518.585,4519.265,4518.055,4518.195,54
2026-08-19 22:43:00+00:00,4518.295,4518.765,4517.8,4518.555,53
2026-08-19 22:44:00+00:00,4518.655,4519.265,4518.465,4518.475,45
2026-08-19 22:45:00+00:00,4518.485,4518.745,4517.75,4518.605,57
2026-08-19 22:46:00+00:00,4518.83,4519.65,4518.245,4519.23,71
2026-08-19 22:47:00+00:00,4519.370000000001,4520.23,4519.195,4520.12,54
2026-08-19 22:48:00+00:00,4520.22,4521.29,4519.96,4521.15,39
2026-08-19 22:49:00+00:00,4521.3,4521.43,4519.5,4519.5,48
2026-08-19 22:50:00+00:00,4519.53,4521.18,4519.51,4521.1,43
2026-08-19 22:51:00+00:00,4520.99,4522.03,4520.84,4521.35,52
2026-08-19 22:52:00+00:00,4521.25,4521.67,4519.92,4520.18,56
2026-08-19 22:53:00+00:00,4520.34,4520.56,4519.1,4519.41,50
2026-08-19 22:54:00+00:00,4519.3,4519.83,4518.76,4519.76,64
2026-08-19 22:55:00+00:00,4519.66,4519.96,4519.34,4519.79,40
2026-08-19 22:56:00+00:00,4519.84,4520.21,4518.7,4519.46,93
2026-08-19 22:57:00+00:00,4519.34,4519.67,4519.03,4519.18,33
2026-08-19 22:58:00+00:00,4519.594999999999,4519.780000000001,4519.515,4519.645,15
2026-08-19 22:59:00+00:00,4519.6849999999995,4519.6849999999995,4516.535,4518.889999999999,107
2026-08-19 23:00:00+00:00,4519.0,4521.0599999999995,4517.46,4520.59,94
2026-08-19 23:01:00+00:00,4520.6849999999995,4523.635,4520.59,4523.35,98
2026-08-19 23:02:00+00:00,4523.139999999999,4523.860000000001,4517.98,4518.3,126
2026-08-19 23:03:00+00:00,4518.48,4520.785,4517.805,4520.74,110
2026-08-19 23:04:00+00:00,4520.845,4521.245000000001,4519.545,4521.1900000000005,66
2026-08-19 23:05:00+00:00,4521.195,4522.969999999999,4521.195,4522.71,50
2026-08-19 23:06:00+00:00,4522.79,4523.8150000000005,4522.28,4523.639999999999,65
2026-08-19 23:07:00+00:00,4523.6,4523.655000000001,4521.92,4523.26,66
2026-08-19 23:08:00+00:00,4523.1,4523.16,4521.385,4521.43,64
2026-08-19 23:09:00+00:00,4521.705,4522.235,4521.485000000001,4521.965,47
2026-08-19 23:10:00+00:00,4522.01,4522.01,4519.75,4520.305,57
2026-08-19 23:11:00+00:00,4520.42,4520.85,4519.924999999999,4520.155000000001,28
2026-08-19 23:12:00+00:00,4520.26,4520.67,4519.88,4520.45,36
2026-08-19 23:13:00+00:00,4520.55,4520.68,4519.93,4520.36,45
2026-08-19 23:14:00+00:00,4520.05,4520.57,4519.38,4519.5,34
2026-08-19 23:15:00+00:00,4519.4,4519.4349999999995,4518.02,4518.385,42
2026-08-19 23:16:00+00:00,4518.5,4518.85,4518.200000000001,4518.709999999999,26
2026-08-19 23:17:00+00:00,4518.8150000000005,4520.344999999999,4518.335,4519.889999999999,47
2026-08-19 23:18:00+00:00,4519.87,4519.87,4518.43,4519.485,41
2026-08-19 23:19:00+00:00,4519.615,4520.32,4519.195,4520.145,53
2026-08-19 23:20:00+00:00,4520.035,4520.335,4519.07,4519.49,56
2026-08-19 23:21:00+00:00,4519.805,4520.24,4518.32,4518.65,80
2026-08-19 23:22:00+00:00,4518.92,4519.385,4518.375,4518.735,35
2026-08-19 23:23:00+00:00,4518.89,4519.055,4515.34,4517.175,122
2026-08-19 23:24:00+00:00,4516.9,4519.175,4516.9,4519.165,73
2026-08-19 23:25:00+00:00,4519.05,4519.325,4517.7,4517.7,50
2026-08-19 23:26:00+00:00,4517.805,4518.015,4516.855,4516.97,45
2026-08-19 23:27:00+00:00,4517.205,4518.255,4516.225,4517.9349999999995,63
2026-08-19 23:28:00+00:00,4518.0650000000005,4518.1849999999995,4517.51,4517.775,36
2026-08-19 23:29:00+00:00,4517.5650000000005,4517.91,4517.17,4517.68,22
2026-08-19 23:30:00+00:00,4517.85,4518.25,4517.174999999999,4517.84,36
2026-08-19 23:31:00+00:00,4517.610000000001,4518.42,4517.18,4517.71,64
2026-08-19 23:32:00+00:00,4517.16,4517.36,4516.46,4517.14,47
2026-08-19 23:33:00+00:00,4517.31,4517.43,4516.57,4516.91,38
2026-08-19 23:34:00+00:00,4516.92,4516.92,4514.05,4514.05,71
2026-08-19 23:35:00+00:00,4514.23,4515.75,4514.23,4514.26,68
2026-08-19 23:36:00+00:00,4514.61,4516.41,4513.96,4516.07,70
2026-08-19 23:37:00+00:00,4516.26,4516.26,4513.92,4514.0,54
2026-08-19 23:38:00+00:00,4514.16,4514.955,4513.92,4514.45,51
2026-08-19 23:39:00+00:00,4514.325,4515.07,4513.96,4514.0,56
2026-08-19 23:40:00+00:00,4514.21,4514.93,4513.85,4514.5,31
2026-08-19 23:41:00+00:00,4514.6,4514.6,4513.6,4514.26,26
2026-08-19 23:42:00+00:00,4514.14,4514.39,4513.61,4514.27,38
2026-08-19 23:43:00+00:00,4514.37,4515.11,4513.7,4514.9,44
2026-08-19 23:44:00+00:00,4515.48,4515.59,4514.2,4514.2,44
2026-08-19 23:45:00+00:00,4514.48,4517.54,4514.31,4517.41,116
2026-08-19 23:46:00+00:00,4517.23,4517.55,4514.71,4514.755,101
2026-08-19 23:47:00+00:00,4514.865,4515.695,4514.645,4515.695,38
2026-08-19 23:48:00+00:00,4515.54,4515.71,4514.765,4515.625,40
2026-08-19 23:49:00+00:00,4515.595,4516.025,4514.12,4514.9,55
2026-08-19 23:50:00+00:00,4514.78,4515.09,4514.3,4514.56,51
2026-08-19 23:51:00+00:00,4514.45,4514.72,4514.1,4514.52,29
2026-08-19 23:52:00+00:00,4514.63,4515.18,4513.96,4514.2,58
2026-08-19 23:53:00+00:00,4514.09,4514.25,4512.35,4512.56,93
2026-08-19 23:54:00+00:00,4512.81,4513.585,4512.13,4512.86,66
2026-08-19 23:55:00+00:00,4513.01,4513.29,4512.23,4512.58,81
2026-08-19 23:56:00+00:00,4512.424999999999,4512.695,4511.3,4512.215,97
2026-08-19 23:57:00+00:00,4512.32,4512.335,4511.245,4512.280000000001,48
2026-08-19 23:58:00+00:00,4512.424999999999,4512.805,4511.74,4512.495,89
2026-08-19 23:59:00+00:00,4512.325000000001,4512.445,4511.165,4511.52,76
2026-08-20 00:00:00+00:00,4511.365,4514.33,4510.135,4513.54,284
2026-08-20 00:01:00+00:00,4513.545,4516.889999999999,4513.4400000000005,4515.62,221
2026-08-20 00:02:00+00:00,4515.76,4516.29,4513.475,4515.54,203
2026-08-20 00:03:00+00:00,4515.68,4518.885,4514.844999999999,4516.425,265
2026-08-20 00:04:00+00:00,4516.5650000000005,4516.5650000000005,4514.625,4514.8099999999995,193
2026-08-20 00:05:00+00:00,4514.52,4516.985,4514.014999999999,4516.985,228
2026-08-20 00:06:00+00:00,4516.88,4517.88,4514.5,4514.85,169
2026-08-20 00:07:00+00:00,4515.0,4516.84,4513.85,4516.69,171
2026-08-20 00:08:00+00:00,4516.52,4517.94,4515.95,4517.11,158
2026-08-20 00:09:00+00:00,4517.29,4518.28,4514.48,4515.02,175
2026-08-20 00:10:00+00:00,4515.125,4515.125,4512.5,4514.15,187
2026-08-20 00:11:00+00:00,4514.34,4515.3,4513.885,4514.625,159
2026-08-20 00:12:00+00:00,4514.495,4515.795,4513.695,4513.695,135
2026-08-20 00:13:00+00:00,4513.705,4514.360000000001,4513.049999999999,4513.389999999999,108
2026-08-20 00:14:00+00:00,4513.52,4516.34,4513.01,4516.155,160
2026-08-20 00:15:00+00:00,4516.255,4516.775,4514.135,4514.955,184
2026-08-20 00:16:00+00:00,4514.84,4516.47,4514.455,4516.45,182
2026-08-20 00:17:00+00:00,4516.335,4520.81,4515.9,4520.37,214
2026-08-20 00:18:00+00:00,4520.27,4521.3099999999995,4519.780000000001,4520.424999999999,162
2026-08-20 00:19:00+00:00,4520.26,4520.99,4517.575,4518.0650000000005,165
2026-08-20 00:20:00+00:00,4518.085,4518.215,4515.225,4515.375,172
2026-08-20 00:21:00+00:00,4515.515,4515.515,4510.925,4511.365,229
2026-08-20 00:22:00+00:00,4511.21,4512.535,4510.355,4510.755,188
2026-08-20 00:23:00+00:00,4510.655000000001,4511.345,4510.225,4510.695,151
2026-08-20 00:24:00+00:00,4510.8,4512.045,4510.055,4511.879999999999,162
2026-08-20 00:25:00+00:00,4511.77,4511.805,4510.54,4511.15,125
2026-08-20 00:26:00+00:00,4511.03,4511.889999999999,4510.79,4510.87,100
2026-08-20 00:27:00+00:00,4511.04,4512.43,4508.66,4509.17,143
2026-08-20 00:28:00+00:00,4509.31,4512.41,4508.985,4511.105,148
2026-08-20 00:29:00+00:00,4511.205,4512.865,4510.485000000001,4510.485000000001,124
2026-08-20 00:30:00+00:00,4510.275,4512.45,4509.575,4511.605,195
2026-08-20 00:31:00+00:00,4511.639999999999,4513.55,4510.875,4512.01,144
2026-08-20 00:32:00+00:00,4512.1900000000005,4512.875,4510.67,4511.3,140
2026-08-20 00:33:00+00:00,4511.18,4511.62,4510.68,4510.875,92
2026-08-20 00:34:00+00:00,4511.105,4512.23,4510.595,4511.52,88
2026-08-20 00:35:00+00:00,4511.700000000001,4511.865,4508.835,4509.1849999999995,148
2026-08-20 00:36:00+00:00,4509.205,4511.405,4509.205,4511.395,112
2026-08-20 00:37:00+00:00,4511.275,4511.775,4510.785,4511.575,75
2026-08-20 00:38:00+00:00,4511.68,4511.68,4509.74,4509.84,104
2026-08-20 00:39:00+00:00,4510.1849999999995,4510.1849999999995,4508.93,4509.275,104
2026-08-20 00:40:00+00:00,4509.415,4509.515,4508.155,4508.445,79
2026-08-20 00:41:00+00:00,4508.63,4509.035,4505.195,4505.24,146
2026-08-20 00:42:00+00:00,4505.59,4507.16,4504.110000000001,4504.635,189
2026-08-20 00:43:00+00:00,4504.25,4504.78,4503.725,4504.21,121
2026-08-20 00:44:00+00:00,4503.98,4507.215,4503.795,4505.875,145
2026-08-20 00:45:00+00:00,4505.764999999999,4507.335,4504.405000000001,4507.285,158
2026-08-20 00:46:00+00:00,4507.15,4507.775,4505.105,4506.285,148
2026-08-20 00:47:00+00:00,4506.165,4507.405000000001,4505.049999999999,4506.629999999999,130
2026-08-20 00:48:00+00:00,4506.879999999999,4507.16,4505.73,4506.8099999999995,109
2026-08-20 00:49:00+00:00,4506.66,4508.18,4506.465,4507.495,152
2026-08-20 00:50:00+00:00,4507.38,4510.225,4507.38,4508.335,116
2026-08-20 00:51:00+00:00,4508.1900000000005,4508.67,4505.030000000001,4505.865,119
2026-08-20 00:52:00+00:00,4505.99,4507.33,4505.465,4507.215,144
2026-08-20 00:53:00+00:00,4507.04,4507.75,4506.205,4507.75,108
2026-08-20 00:54:00+00:00,4507.63,4507.63,4504.74,4506.174999999999,171
2026-08-20 00:55:00+00:00,4506.34,4506.85,4505.275,4505.889999999999,109
2026-08-20 00:56:00+00:00,4505.785,4506.5650000000005,4504.6849999999995,4506.295,142
2026-08-20 00:57:00+00:00,4506.42,4508.3099999999995,4506.025,4508.035,126
2026-08-20 00:58:00+00:00,4507.87,4510.485000000001,4507.63,4509.594999999999,160
2026-08-20 00:59:00+00:00,4509.705,4509.705,4503.835,4504.595,248
2026-08-20 01:00:00+00:00,4504.77,4510.1849999999995,4504.1900000000005,4506.915,507
2026-08-20 01:01:00+00:00,4507.014999999999,4508.01,4499.99,4500.145,387
2026-08-20 01:02:00+00:00,4500.51,4501.355,4495.48,4495.48,430
2026-08-20 01:03:00+00:00,4495.395,4496.27,4493.415,4494.055,394
2026-08-20 01:04:00+00:00,4494.155,4494.335,4492.57,4493.04,282
2026-08-20 01:05:00+00:00,4493.1900000000005,4495.459999999999,4492.674999999999,4494.445,310
2026-08-20 01:06:00+00:00,4494.305,4495.16,4491.635,4491.825,308
2026-08-20 01:07:00+00:00,4492.095,4496.280000000001,4491.905,4495.32,309
2026-08-20 01:08:00+00:00,4495.4349999999995,4499.635,4495.4349999999995,4497.405,296
2026-08-20 01:09:00+00:00,4497.3,4499.175,4496.745000000001,4498.735,227
2026-08-20 01:10:00+00:00,4498.31,4498.42,4494.21,4494.49,343
2026-08-20 01:11:00+00:00,4494.295,4495.46,4493.11,4493.15,277
2026-08-20 01:12:00+00:00,4493.405000000001,4495.594999999999,4493.265,4495.13,266
2026-08-20 01:13:00+00:00,4495.055,4495.455,4492.14,4492.49,303
2026-08-20 01:14:00+00:00,4492.525,4494.25,4492.525,4493.275,227
2026-08-20 01:15:00+00:00,4493.38,4499.645,4493.115,4495.985000000001,377
2026-08-20 01:16:00+00:00,4496.09,4496.82,4493.285,4493.56,323
2026-08-20 01:17:00+00:00,4493.725,4496.8,4493.379999999999,4495.905,242
2026-08-20 01:18:00+00:00,4495.855,4497.985,4495.75,4496.219999999999,200
2026-08-20 01:19:00+00:00,4496.35,4499.579,4495.225,4498.99,269
2026-08-20 01:20:00+00:00,4498.96,4502.125,4498.96,4501.44,402
2026-08-20 01:21:00+00:00,4501.34,4503.719999999999,4500.99,4501.41,291
2026-08-20 01:22:00+00:00,4501.305,4502.765,4500.605,4501.3150000000005,247
2026-08-20 01:23:00+00:00,4501.21,4502.215,4500.9349999999995,4501.03,227
2026-08-20 01:24:00+00:00,4501.17,4502.63,4500.504999999999,4502.35,196
2026-08-20 01:25:00+00:00,4502.075000000001,4502.095,4499.365,4499.365,207
2026-08-20 01:26:00+00:00,4499.37,4500.205,4497.865,4498.555,201
2026-08-20 01:27:00+00:00,4498.675,4500.175,4497.99,4499.955,157
2026-08-20 01:28:00+00:00,4499.75,4503.465,4499.47,4500.6,229
2026-08-20 01:29:00+00:00,4500.385,4502.01,4499.76,4500.43,166
2026-08-20 01:30:00+00:00,4500.280000000001,4500.96,4495.555,4500.88,477
2026-08-20 01:31:00+00:00,4500.83,4501.3099999999995,4497.33,4498.219999999999,338
2026-08-20 01:32:00+00:00,4498.049999999999,4499.02,4496.469999999999,4498.764999999999,277
2026-08-20 01:33:00+00:00,4498.705,4499.665,4496.895,4499.5599999999995,282
2026-08-20 01:34:00+00:00,4499.610000000001,4501.175,4497.450000000001,4498.545,333
2026-08-20 01:35:00+00:00,4498.645,4499.875,4498.014999999999,4498.48,190
2026-08-20 01:36:00+00:00,4498.625,4499.005,4496.0650000000005,4497.23,258
2026-08-20 01:37:00+00:00,4497.225,4497.889999999999,4496.1849999999995,4496.775,214
2026-08-20 01:38:00+00:00,4496.785,4498.2,4495.84,4497.9,209
2026-08-20 01:39:00+00:00,4497.76,4497.93,4493.775,4495.58,215
2026-08-20 01:40:00+00:00,4495.71,4498.745,4495.045,4498.645,199
2026-08-20 01:41:00+00:00,4498.51,4499.469999999999,4495.4349999999995,4496.215,232
2026-08-20 01:42:00+00:00,4496.005,4496.25,4493.455,4494.889999999999,162
2026-08-20 01:43:00+00:00,4494.735000000001,4496.17,4494.345,4495.57,155
2026-08-20 01:44:00+00:00,4495.695,4496.125,4493.74,4493.780000000001,159
2026-08-20 01:45:00+00:00,4493.9400000000005,4495.355,4492.719999999999,4493.12,212
2026-08-20 01:46:00+00:00,4492.995,4495.6900000000005,4492.82,4494.02,172
2026-08-20 01:47:00+00:00,4493.98,4494.455,4492.379999999999,4492.610000000001,194
2026-08-20 01:48:00+00:00,4492.469999999999,4493.469999999999,4492.360000000001,4492.4400000000005,132
2026-08-20 01:49:00+00:00,4492.535,4493.325,4489.049999999999,4489.715,290
2026-08-20 01:50:00+00:00,4489.74,4490.514999999999,4489.530000000001,4490.38,231
2026-08-20 01:51:00+00:00,4490.23,4490.38,4488.525,4489.1849999999995,208
2026-08-20 01:52:00+00:00,4488.955,4489.605,4488.645,4488.9400000000005,150
2026-08-20 01:53:00+00:00,4488.675,4488.9400000000005,4485.54,4485.925,232
2026-08-20 01:54:00+00:00,4486.014999999999,4486.030000000001,4484.425,4485.094999999999,336
2026-08-20 01:55:00+00:00,4485.15,4487.215,4484.645,4486.51,250
2026-08-20 01:56:00+00:00,4486.65,4487.69,4485.725,4487.31,243
2026-08-20 01:57:00+00:00,4487.215,4487.62,4485.555,4486.49,203
2026-08-20 01:58:00+00:00,4486.67,4488.575,4485.58,4487.725,247
2026-08-20 01:59:00+00:00,4487.905,4490.885,4487.16,4489.620000000001,204
2026-08-20 02:00:00+00:00,4489.64,4491.45,4488.395,4490.6,246
2026-08-20 02:01:00+00:00,4490.51,4493.844999999999,4490.495,4493.24,238
2026-08-20 02:02:00+00:00,4493.105,4495.91,4492.965,4494.9,270
2026-08-20 02:03:00+00:00,4494.715,4498.65,4494.02,4497.025,281
2026-08-20 02:04:00+00:00,4496.955,4498.135,4495.96,4497.755,296
2026-08-20 02:05:00+00:00,4497.855,4499.075,4497.395,4498.155,294
2026-08-20 02:06:00+00:00,4498.135,4498.79,4496.08,4496.08,240
2026-08-20 02:07:00+00:00,4496.22,4497.77,4494.78,4495.39,200
2026-08-20 02:08:00+00:00,4495.43,4496.59,4494.16,4494.945,196
2026-08-20 02:09:00+00:00,4495.120000000001,4497.469999999999,4494.73,4495.68,192
2026-08-20 02:10:00+00:00,4495.53,4497.74,4495.45,4497.74,186
2026-08-20 02:11:00+00:00,4497.780000000001,4499.09,4497.594999999999,4497.66,234
2026-08-20 02:12:00+00:00,4497.575,4499.33,4497.25,4498.775,235
2026-08-20 02:13:00+00:00,4498.92,4499.95,4498.1900000000005,4498.264999999999,221
2026-08-20 02:14:00+00:00,4498.285,4498.37,4497.105,4497.865,191
2026-08-20 02:15:00+00:00,4497.54,4497.905,4495.0599999999995,4496.06,125
2026-08-20 02:16:00+00:00,4495.895,4496.88,4495.105,4495.620000000001,108
2026-08-20 02:17:00+00:00,4495.705,4496.83,4495.575000000001,4496.139999999999,102
2026-08-20 02:18:00+00:00,4496.27,4496.27,4490.639999999999,4490.639999999999,141
2026-08-20 02:19:00+00:00,4490.405,4492.165,4489.475,4491.38,150
2026-08-20 02:20:00+00:00,4491.295,4491.775,4489.305,4489.305,168
2026-08-20 02:21:00+00:00,4489.71,4490.725,4489.389999999999,4490.575,180
2026-08-20 02:22:00+00:00,4490.695,4491.745,4490.34,4491.7,147
2026-08-20 02:23:00+00:00,4491.58,4493.2,4491.44,4492.72,161
2026-08-20 02:24:00+00:00,4492.86,4494.41,4492.389999999999,4494.195,116
2026-08-20 02:25:00+00:00,4494.094999999999,4495.155000000001,4492.49,4492.6900000000005,161
2026-08-20 02:26:00+00:00,4492.515,4493.360000000001,4491.715,4492.1,170
2026-08-20 02:27:00+00:00,4492.115,4492.415,4491.58,4491.58,130
2026-08-20 02:28:00+00:00,4491.395,4493.52,4491.14,4493.16,141
2026-08-20 02:29:00+00:00,4493.280000000001,4493.32,4492.03,4492.82,96
2026-08-20 02:30:00+00:00,4492.98,4493.91,4490.705,4492.465,325
2026-08-20 02:31:00+00:00,4492.585,4494.845,4492.225,4494.015,207
2026-08-20 02:32:00+00:00,4493.91,4494.035,4491.985,4493.705,147
2026-08-20 02:33:00+00:00,4493.62,4493.83,4492.295,4493.085,179
2026-08-20 02:34:00+00:00,4492.975,4493.6,4491.445,4491.719999999999,209
2026-08-20 02:35:00+00:00,4491.725,4492.389999999999,4490.38,4491.495,235
2026-08-20 02:36:00+00:00,4491.465,4492.245,4490.52,4490.52,168
2026-08-20 02:37:00+00:00,4490.375,4493.54,4490.365,4493.1,167
2026-08-20 02:38:00+00:00,4493.21,4494.17,4491.605,4492.115,181
2026-08-20 02:39:00+00:00,4492.125,4492.95,4491.455,4492.82,137
2026-08-20 02:40:00+00:00,4492.6849999999995,4492.725,4490.595,4491.425,165
2026-08-20 02:41:00+00:00,4491.530000000001,4494.175,4491.110000000001,4494.01,166
2026-08-20 02:42:00+00:00,4493.88,4494.105,4490.445,4490.465,170
2026-08-20 02:43:00+00:00,4490.45,4492.23,4490.07,4491.845,167
2026-08-20 02:44:00+00:00,4491.795,4491.805,4490.175,4490.495,143
2026-08-20 02:45:00+00:00,4490.325,4492.165,4490.1849999999995,4491.0650000000005,150
2026-08-20 02:46:00+00:00,4490.925,4492.05,4490.4,4491.53,131
2026-08-20 02:47:00+00:00,4491.69,4491.88,4490.965,4491.18,120
2026-08-20 02:48:00+00:00,4491.16,4491.860000000001,4490.360000000001,4490.639999999999,118
2026-08-20 02:49:00+00:00,4490.805,4491.035,4489.165,4489.165,152
2026-08-20 02:50:00+00:00,4488.965,4493.41,4488.8099999999995,4493.3,184
2026-08-20 02:51:00+00:00,4493.475,4493.495,4490.8150000000005,4490.969999999999,152
2026-08-20 02:52:00+00:00,4491.08,4492.405,4490.610000000001,4491.4,110
2026-08-20 02:53:00+00:00,4491.535,4492.245,4490.92,4491.855,111
2026-08-20 02:54:00+00:00,4491.74,4494.81,4491.74,4493.55,157
2026-08-20 02:55:00+00:00,4493.66,4493.66,4491.955,4492.47,176
2026-08-20 02:56:00+00:00,4492.36,4492.98,4490.9349999999995,4491.36,154
2026-08-20 02:57:00+00:00,4491.11,4492.63,4490.75,4491.535,156
2026-08-20 02:58:00+00:00,4491.385,4492.49,4491.385,4492.370000000001,111
2026-08-20 02:59:00+00:00,4492.255,4492.264999999999,4490.415,4490.8150000000005,93
2026-08-20 03:00:00+00:00,4490.67,4492.450000000001,4490.67,4492.450000000001,109
2026-08-20 03:01:00+00:00,4492.555,4495.56,4492.555,4495.325,197
2026-08-20 03:02:00+00:00,4495.215,4496.65,4495.014999999999,4495.014999999999,168
2026-08-20 03:03:00+00:00,4494.8150000000005,4495.46,4493.985,4494.895,150
2026-08-20 03:04:00+00:00,4494.68,4496.15,4494.605,4495.96,91
2026-08-20 03:05:00+00:00,4495.84,4497.0650000000005,4495.3150000000005,4496.860000000001,172
2026-08-20 03:06:00+00:00,4496.74,4497.25,4495.8099999999995,4497.105,174
2026-08-20 03:07:00+00:00,4496.825,4497.13,4496.325,4496.415,118
2026-08-20 03:08:00+00:00,4496.4349999999995,4496.63,4493.9349999999995,4494.780000000001,151
2026-08-20 03:09:00+00:00,4494.5599999999995,4494.825,4491.495,4492.299999999999,203
2026-08-20 03:10:00+00:00,4492.165,4492.18,4488.94,4488.965,218
2026-08-20 03:11:00+00:00,4489.145,4489.785,4488.035,4489.465,194
2026-08-20 03:12:00+00:00,4489.370000000001,4492.1,4488.955,4491.85,184
2026-08-20 03:13:00+00:00,4492.040000000001,4492.41,4491.025,4492.12,190
2026-08-20 03:14:00+00:00,4492.14,4492.81,4491.645,4492.81,149
2026-08-20 03:15:00+00:00,4492.69,4492.91,4490.75,4491.73,138
2026-08-20 03:16:00+00:00,4491.9,4492.74,4491.42,4492.28,159
2026-08-20 03:17:00+00:00,4492.14,4493.03,4491.755,4492.01,114
2026-08-20 03:18:00+00:00,4491.905000000001,4492.200000000001,4490.450000000001,4491.27,120
2026-08-20 03:19:00+00:00,4491.129999999999,4493.695,4491.129999999999,4492.870000000001,162
2026-08-20 03:20:00+00:00,4492.99,4493.9349999999995,4491.26,4492.7,141
2026-08-20 03:21:00+00:00,4492.8,4494.16,4492.57,4492.695,135
2026-08-20 03:22:00+00:00,4492.58,4494.5599999999995,4492.37,4493.86,124
2026-08-20 03:23:00+00:00,4493.76,4496.26,4493.76,4495.1,144
2026-08-20 03:24:00+00:00,4494.97,4495.87,4494.71,4495.47,111
2026-08-20 03:25:00+00:00,4495.27,4495.67,4494.08,4494.42,80
2026-08-20 03:26:00+00:00,4494.56,4496.68,4494.49,4494.865,153
2026-08-20 03:27:00+00:00,4494.754999999999,4495.12,4493.455,4494.36,125
2026-08-20 03:28:00+00:00,4494.53,4494.67,4493.49,4494.445,104
2026-08-20 03:29:00+00:00,4494.43,4494.53,4493.08,4493.44,138
2026-08-20 03:30:00+00:00,4493.6,4494.69,4492.64,4493.06,135
2026-08-20 03:31:00+00:00,4493.17,4496.42,4492.375,4496.42,138
2026-08-20 03:32:00+00:00,4496.555,4496.66,4495.4,4495.51,89
2026-08-20 03:33:00+00:00,4495.62,4496.5,4495.38,4495.92,72
2026-08-20 03:34:00+00:00,4496.05,4498.57,4495.8,4498.05,110
2026-08-20 03:35:00+00:00,4497.955,4498.265,4496.0650000000005,4496.255,151
2026-08-20 03:36:00+00:00,4496.365,4496.4349999999995,4495.475,4496.01,109
2026-08-20 03:37:00+00:00,4495.91,4496.4,4495.37,4495.5650000000005,84
2026-08-20 03:38:00+00:00,4495.8150000000005,4496.775,4494.68,4496.344999999999,133
2026-08-20 03:39:00+00:00,4496.125,4498.005,4496.105,4497.5650000000005,120
2026-08-20 03:40:00+00:00,4497.55,4498.64,4497.26,4498.52,64
2026-08-20 03:41:00+00:00,4498.18,4498.6,4496.4,4497.12,86
2026-08-20 03:42:00+00:00,4497.01,4497.2,4496.38,4496.49,49
2026-08-20 03:43:00+00:00,4496.38,4497.43,4496.26,4497.32,62
2026-08-20 03:44:00+00:00,4497.42,4498.86,4497.42,4497.91,116
2026-08-20 03:45:00+00:00,4498.05,4498.64,4497.15,4498.04,97
2026-08-20 03:46:00+00:00,4498.09,4498.51,4497.1,4497.96,109
2026-08-20 03:47:00+00:00,4498.11,4498.53,4497.54,4497.72,83
2026-08-20 03:48:00+00:00,4497.56,4497.9,4497.07,4497.45,58
2026-08-20 03:49:00+00:00,4497.56,4498.68,4497.35,4498.54,48
2026-08-20 03:50:00+00:00,4498.47,4498.7,4496.97,4497.13,84
2026-08-20 03:51:00+00:00,4497.36,4499.11,4497.11,4498.9,79
2026-08-20 03:52:00+00:00,4499.06,4499.765,4498.34,4499.62,120
2026-08-20 03:53:00+00:00,4499.7,4500.46,4498.9349999999995,4499.26,132
2026-08-20 03:54:00+00:00,4499.38,4500.3,4499.18,4499.93,95
2026-08-20 03:55:00+00:00,4499.715,4500.9,4499.715,4500.26,147
2026-08-20 03:56:00+00:00,4500.36,4500.44,4499.825000000001,4500.165,119
2026-08-20 03:57:00+00:00,4500.3099999999995,4500.35,4499.225,4500.01,81
2026-08-20 03:58:00+00:00,4499.915,4500.13,4497.860000000001,4498.030000000001,113
2026-08-20 03:59:00+00:00,4498.0650000000005,4499.01,4497.99,4498.799999999999,101
2026-08-20 04:00:00+00:00,4498.83,4499.205,4498.34,4498.535,135
2026-08-20 04:01:00+00:00,4498.655,4499.09,4497.705,4497.83,121
2026-08-20 04:02:00+00:00,4497.955,4498.6,4497.155000000001,4498.475,93
2026-08-20 04:03:00+00:00,4498.610000000001,4498.8099999999995,4495.89,4496.3099999999995,101
2026-08-20 04:04:00+00:00,4496.43,4497.255,4495.01,4495.77,125
2026-08-20 04:05:00+00:00,4495.94,4496.79,4495.46,4496.34,119
2026-08-20 04:06:00+00:00,4496.23,4497.1,4495.655000000001,4496.83,138
2026-08-20 04:07:00+00:00,4496.8,4497.66,4496.51,4497.280000000001,128
2026-08-20 04:08:00+00:00,4497.395,4497.96,4497.17,4497.780000000001,90
2026-08-20 04:09:00+00:00,4497.280000000001,4497.639999999999,4496.57,4497.030000000001,78
2026-08-20 04:10:00+00:00,4497.139999999999,4497.674999999999,4496.75,4497.54,115
2026-08-20 04:11:00+00:00,4497.275,4497.71,4497.025,4497.085,62
2026-08-20 04:12:00+00:00,4496.965,4497.575,4496.76,4497.545,71
2026-08-20 04:13:00+00:00,4497.645,4497.735,4497.110000000001,4497.1849999999995,52
2026-08-20 04:14:00+00:00,4497.3150000000005,4497.57,4496.25,4496.530000000001,61
2026-08-20 04:15:00+00:00,4496.365,4496.98,4495.459999999999,4495.825000000001,75
2026-08-20 04:16:00+00:00,4495.889999999999,4496.545,4495.16,4496.424999999999,86
2026-08-20 04:17:00+00:00,4496.58,4497.49,4496.395,4496.9,65
2026-08-20 04:18:00+00:00,4497.08,4497.19,4495.84,4495.84,69
2026-08-20 04:19:00+00:00,4495.73,4497.09,4495.73,4496.83,47
2026-08-20 04:20:00+00:00,4496.72,4497.2,4495.24,4495.66,79
2026-08-20 04:21:00+00:00,4495.75,4495.75,4494.26,4495.25,99
2026-08-20 04:22:00+00:00,4495.27,4496.719999999999,4495.219999999999,4496.215,135
2026-08-20 04:23:00+00:00,4496.219999999999,4496.475,4494.889999999999,4495.04,101
2026-08-20 04:24:00+00:00,4495.085,4495.6,4495.0650000000005,4495.48,69
2026-08-20 04:25:00+00:00,4495.38,4495.61,4494.9,4495.255,55
2026-08-20 04:26:00+00:00,4495.445,4495.655,4494.385,4494.780000000001,65
2026-08-20 04:27:00+00:00,4494.9,4495.24,4494.45,4494.71,50
2026-08-20 04:28:00+00:00,4494.865,4495.01,4492.475,4492.63,131
2026-08-20 04:29:00+00:00,4492.5,4492.88,4489.825000000001,4489.875,140
2026-08-20 04:30:00+00:00,4489.805,4490.549999999999,4489.35,4489.5650000000005,163
2026-08-20 04:31:00+00:00,4489.6,4491.085,4489.45,4489.53,131
2026-08-20 04:32:00+00:00,4489.43,4489.4349999999995,4488.03,4488.4349999999995,153
2026-08-20 04:33:00+00:00,4488.455,4488.5599999999995,4486.58,4487.959999999999,176
2026-08-20 04:34:00+00:00,4488.110000000001,4489.055,4487.5599999999995,4488.15,107
2026-08-20 04:35:00+00:00,4488.035,4488.845,4487.469999999999,4488.335,80
2026-08-20 04:36:00+00:00,4488.23,4488.455,4486.63,4487.9,89
2026-08-20 04:37:00+00:00,4488.015,4488.475,4486.97,4487.205,106
2026-08-20 04:38:00+00:00,4487.275,4487.515,4486.16,4486.925,100
2026-08-20 04:39:00+00:00,4487.125,4487.375,4486.33,4487.32,64
2026-08-20 04:40:00+00:00,4487.485,4488.645,4486.77,4488.625,118
2026-08-20 04:41:00+00:00,4488.465,4488.465,4487.36,4487.885,113
2026-08-20 04:42:00+00:00,4487.915,4488.21,4487.4349999999995,4487.6849999999995,74
2026-08-20 04:43:00+00:00,4487.585,4488.09,4487.445,4487.925,57
2026-08-20 04:44:00+00:00,4487.745,4487.95,4486.695,4487.264999999999,74
2026-08-20 04:45:00+00:00,4486.93,4488.57,4486.9,4488.35,71
2026-08-20 04:46:00+00:00,4488.25,4489.0650000000005,4487.76,4488.615,96
2026-08-20 04:47:00+00:00,4488.755,4489.115,4488.505,4489.0,73
2026-08-20 04:48:00+00:00,4489.075000000001,4489.7,4488.73,4489.33,68
2026-08-20 04:49:00+00:00,4489.51,4490.8,4489.19,4490.36,77
2026-08-20 04:50:00+00:00,4490.15,4490.57,4489.389999999999,4490.06,72
2026-08-20 04:51:00+00:00,4490.21,4490.43,4489.455,4489.58,71
2026-08-20 04:52:00+00:00,4489.5650000000005,4491.83,4489.5650000000005,4491.055,103
2026-08-20 04:53:00+00:00,4490.945,4491.455,4490.594999999999,4490.594999999999,86
2026-08-20 04:54:00+00:00,4490.83,4491.1,4489.89,4489.89,99
2026-08-20 04:55:00+00:00,4489.75,4490.58,4489.23,4490.01,85
2026-08-20 04:56:00+00:00,4489.755,4491.5,4489.365,4490.07,112
2026-08-20 04:57:00+00:00,4490.2,4490.55,4489.05,4489.05,64
2026-08-20 04:58:00+00:00,4489.19,4489.925,4488.43,4489.405,81
2026-08-20 04:59:00+00:00,4489.139999999999,4489.3150000000005,4488.125,4488.795,78
2026-08-20 05:00:00+00:00,4488.695,4489.87,4488.43,4489.215,117
2026-08-20 05:01:00+00:00,4489.095,4489.585,4488.175,4489.405,115
2026-08-20 05:02:00+00:00,4489.59,4490.54,4489.325,4489.925,75
2026-08-20 05:03:00+00:00,4489.915,4491.655,4489.8150000000005,4491.3150000000005,85
2026-08-20 05:04:00+00:00,4491.42,4491.955,4491.2,4491.675,69
2026-08-20 05:05:00+00:00,4491.785,4492.9,4491.575,4492.325,88
2026-08-20 05:06:00+00:00,4493.025,4493.405,4491.785,4492.015,120
2026-08-20 05:07:00+00:00,4492.2,4494.125,4491.83,4491.83,119
2026-08-20 05:08:00+00:00,4491.719999999999,4492.290000000001,4491.405000000001,4491.860000000001,64
2026-08-20 05:09:00+00:00,4491.875,4492.13,4490.885,4490.885,41
2026-08-20 05:10:00+00:00,4490.995,4491.675,4490.39,4491.105,82
2026-08-20 05:11:00+00:00,4491.455,4491.47,4489.885,4490.255,82
2026-08-20 05:12:00+00:00,4490.405,4490.58,4488.73,4488.795,125
2026-08-20 05:13:00+00:00,4488.91,4489.2,4486.96,4487.02,146
2026-08-20 05:14:00+00:00,4486.88,4487.035,4484.16,4485.535,205
2026-08-20 05:15:00+00:00,4485.55,4486.344999999999,4484.87,4485.855,112
2026-08-20 05:16:00+00:00,4485.755,4486.43,4485.13,4485.5599999999995,151
2026-08-20 05:17:00+00:00,4485.41,4486.905,4484.71,4486.54,117
2026-08-20 05:18:00+00:00,4486.765,4486.855,4484.995,4485.665,114
2026-08-20 05:19:00+00:00,4485.700000000001,4485.700000000001,4484.155,4484.395,109
2026-08-20 05:20:00+00:00,4484.58,4485.985000000001,4484.475,4484.575000000001,93
2026-08-20 05:21:00+00:00,4484.545,4486.540000000001,4484.43,4486.0650000000005,99
2026-08-20 05:22:00+00:00,4485.96,4486.209999999999,4484.61,4485.51,68
2026-08-20 05:23:00+00:00,4485.28,4486.645,4484.15,4486.645,154
2026-08-20 05:24:00+00:00,4486.48,4487.205,4486.16,4486.525,88
2026-08-20 05:25:00+00:00,4486.225,4486.445,4485.035,4485.26,78
2026-08-20 05:26:00+00:00,4485.375,4485.995,4485.06,4485.264999999999,95
2026-08-20 05:27:00+00:00,4484.9,4485.67,4484.39,4484.83,108
2026-08-20 05:28:00+00:00,4484.96,4485.04,4483.18,4484.780000000001,148
2026-08-20 05:29:00+00:00,4484.77,4485.21,4483.165,4483.165,86
2026-08-20 05:30:00+00:00,4483.280000000001,4486.34,4481.615,4483.995,295
2026-08-20 05:31:00+00:00,4483.870000000001,4484.860000000001,4482.785,4483.775,218
2026-08-20 05:32:00+00:00,4483.799999999999,4484.05,4481.6,4482.48,207
2026-08-20 05:33:00+00:00,4482.42,4483.205,4481.585,4481.585,177
2026-08-20 05:34:00+00:00,4481.765,4481.915,4479.65,4480.5,199
2026-08-20 05:35:00+00:00,4480.6900000000005,4481.6,4479.844999999999,4480.620000000001,166
2026-08-20 05:36:00+00:00,4480.41,4481.879999999999,4479.805,4481.77,151
2026-08-20 05:37:00+00:00,4481.74,4481.96,4479.3099999999995,4479.635,144
2026-08-20 05:38:00+00:00,4479.525,4479.87,4478.275,4479.53,145
2026-08-20 05:39:00+00:00,4479.635,4480.495,4478.370000000001,4480.385,115
2026-08-20 05:40:00+00:00,4480.285,4480.845,4479.025,4480.845,135
2026-08-20 05:41:00+00:00,4480.705,4481.075000000001,4479.379999999999,4480.36,136
2026-08-20 05:42:00+00:00,4480.75,4482.0,4480.43,4481.54,129
2026-08-20 05:43:00+00:00,4481.43,4482.42,4480.665,4481.51,150
2026-08-20 05:44:00+00:00,4481.3,4481.76,4479.925,4480.735,145
2026-08-20 05:45:00+00:00,4480.725,4481.0,4479.035,4479.785,145
2026-08-20 05:46:00+00:00,4479.6849999999995,4480.205,4479.57,4479.745000000001,98
2026-08-20 05:47:00+00:00,4479.875,4481.835,4479.875,4481.1900000000005,137
2026-08-20 05:48:00+00:00,4481.085,4481.549999999999,4480.49,4480.924999999999,134
2026-08-20 05:49:00+00:00,4480.725,4481.57,4480.415,4481.445,90
2026-08-20 05:50:00+00:00,4481.5599999999995,4482.0599999999995,4480.74,4481.469999999999,115
2026-08-20 05:51:00+00:00,4481.305,4481.57,4479.85,4480.46,127
2026-08-20 05:52:00+00:00,4480.54,4481.335,4478.93,4480.4400000000005,150
2026-08-20 05:53:00+00:00,4480.545,4480.775,4478.455,4478.78,140
2026-08-20 05:54:00+00:00,4478.88,4479.54,4478.495,4478.705,132
2026-08-20 05:55:00+00:00,4478.469999999999,4479.445,4477.885,4479.39,142
2026-08-20 05:56:00+00:00,4479.620000000001,4480.84,4478.93,4479.025,91
2026-08-20 05:57:00+00:00,4479.129999999999,4481.014999999999,4478.83,4480.655000000001,142
2026-08-20 05:58:00+00:00,4480.844999999999,4482.2,4480.155,4481.955,135
2026-08-20 05:59:00+00:00,4481.9,4483.355,4481.29,4481.64,168
2026-08-20 06:00:00+00:00,4481.54,4482.665,4480.16,4480.225,125
2026-08-20 06:01:00+00:00,4480.325,4482.635,4480.1,4481.48,95
2026-08-20 06:02:00+00:00,4481.594999999999,4484.905000000001,4481.594999999999,4484.469999999999,94
2026-08-20 06:03:00+00:00,4484.645,4484.885,4484.24,4484.525,66
2026-08-20 06:04:00+00:00,4484.405000000001,4488.865,4483.805,4488.71,115
2026-08-20 06:05:00+00:00,4488.5599999999995,4490.075000000001,4488.264999999999,4489.9400000000005,115
2026-08-20 06:06:00+00:00,4490.3,4490.975,4489.735000000001,4489.735000000001,84
2026-08-20 06:07:00+00:00,4489.71,4490.535,4488.075,4490.535,98
2026-08-20 06:08:00+00:00,4490.425,4490.665,4489.67,4489.969999999999,78
2026-08-20 06:09:00+00:00,4490.09,4491.59,4489.9349999999995,4490.28,79
2026-08-20 06:10:00+00:00,4490.27,4492.120000000001,4489.915,4492.115,95
2026-08-20 06:11:00+00:00,4492.245000000001,4492.985000000001,4491.215,4491.23,122
2026-08-20 06:12:00+00:00,4491.365,4491.62,4490.32,4491.25,110
2026-08-20 06:13:00+00:00,4491.41,4493.205,4490.945,4492.945,133
2026-08-20 06:14:00+00:00,4492.88,4493.5,4492.629999999999,4492.84,137
2026-08-20 06:15:00+00:00,4492.795,4494.635,4491.91,4493.9349999999995,165
2026-08-20 06:16:00+00:00,4493.835,4494.75,4493.370000000001,4494.4349999999995,101
2026-08-20 06:17:00+00:00,4494.335,4496.014999999999,4494.335,4495.895,106
2026-08-20 06:18:00+00:00,4495.754999999999,4495.855,4492.1,4493.66,145
2026-08-20 06:19:00+00:00,4493.83,4494.49,4491.995,4493.610000000001,104
2026-08-20 06:20:00+00:00,4493.530000000001,4494.445,4492.875,4493.545,123
2026-08-20 06:21:00+00:00,4493.405000000001,4494.360000000001,4493.045,4493.094999999999,115
2026-08-20 06:22:00+00:00,4493.195,4493.945,4492.205,4492.73,110
2026-08-20 06:23:00+00:00,4492.860000000001,4493.014999999999,4492.29,4492.915,78
2026-08-20 06:24:00+00:00,4492.745000000001,4493.495,4492.49,4493.365,71
2026-08-20 06:25:00+00:00,4493.264999999999,4494.34,4492.9400000000005,4492.9400000000005,98
2026-08-20 06:26:00+00:00,4493.075000000001,4494.4400000000005,4493.075000000001,4493.905000000001,54
2026-08-20 06:27:00+00:00,4493.91,4494.24,4493.52,4493.725,52
2026-08-20 06:28:00+00:00,4493.91,4495.42,4493.6,4495.115,81
2026-08-20 06:29:00+00:00,4495.014999999999,4495.225,4493.745000000001,4494.225,78
2026-08-20 06:30:00+00:00,4494.07,4494.455,4492.35,4494.225,108
2026-08-20 06:31:00+00:00,4494.375,4495.045,4493.51,4494.545,63
2026-08-20 06:32:00+00:00,4494.655000000001,4495.195,4493.844999999999,4494.225,72
2026-08-20 06:33:00+00:00,4494.105,4494.465,4492.91,4493.530000000001,76
2026-08-20 06:34:00+00:00,4493.68,4495.4400000000005,4493.530000000001,4495.35,59
2026-08-20 06:35:00+00:00,4495.094999999999,4495.635,4494.27,4494.955,106
2026-08-20 06:36:00+00:00,4494.855,4495.26,4494.26,4494.825000000001,98
2026-08-20 06:37:00+00:00,4494.9349999999995,4495.43,4494.325000000001,4494.360000000001,117
2026-08-20 06:38:00+00:00,4494.46,4494.465,4493.76,4494.415,113
2026-08-20 06:39:00+00:00,4494.305,4494.4349999999995,4493.395,4493.674999999999,55
2026-08-20 06:40:00+00:00,4493.555,4494.57,4492.719999999999,4493.49,108
2026-08-20 06:41:00+00:00,4493.620000000001,4494.21,4493.18,4493.51,102
2026-08-20 06:42:00+00:00,4493.360000000001,4493.895,4492.84,4492.969999999999,65
2026-08-20 06:43:00+00:00,4493.0,4493.639999999999,4492.6,4492.865,81
2026-08-20 06:44:00+00:00,4493.04,4493.04,4491.84,4492.55,61
2026-08-20 06:45:00+00:00,4492.68,4495.584999999999,4492.68,4494.969999999999,141
2026-08-20 06:46:00+00:00,4494.844999999999,4495.4,4494.26,4495.110000000001,106
2026-08-20 06:47:00+00:00,4494.835,4495.455,4494.07,4494.105,95
2026-08-20 06:48:00+00:00,4493.955,4494.54,4493.594999999999,4494.465,68
2026-08-20 06:49:00+00:00,4494.5650000000005,4494.585,4492.73,4493.32,83
2026-08-20 06:50:00+00:00,4493.1849999999995,4493.305,4491.475,4492.595,113
2026-08-20 06:51:00+00:00,4492.59,4493.245,4491.825,4492.25,82
2026-08-20 06:52:00+00:00,4492.395,4493.425,4492.395,4492.755,96
2026-08-20 06:53:00+00:00,4492.835,4493.469999999999,4492.275,4492.389999999999,110
2026-08-20 06:54:00+00:00,4492.025,4493.15,4491.790000000001,4492.165,117
2026-08-20 06:55:00+00:00,4492.035,4492.46,4491.35,4491.835,155
2026-08-20 06:56:00+00:00,4491.805,4492.605,4491.41,4492.005,142
2026-08-20 06:57:00+00:00,4491.995,4493.475,4491.799999999999,4493.34,188
2026-08-20 06:58:00+00:00,4493.17,4494.26,4492.915000000001,4494.025,155
2026-08-20 06:59:00+00:00,4494.09,4494.485000000001,4493.615,4493.82,144
2026-08-20 07:00:00+00:00,4493.585,4493.905,4492.04,4492.865,167
2026-08-20 07:01:00+00:00,4492.764999999999,4493.365,4491.785,4492.205,228
2026-08-20 07:02:00+00:00,4492.165,4492.3150000000005,4488.265,4488.865,265
2026-08-20 07:03:00+00:00,4488.8150000000005,4489.27,4488.545,4488.91,171
2026-08-20 07:04:00+00:00,4488.915,4489.085,4487.615,4488.6900000000005,181
2026-08-20 07:05:00+00:00,4488.77,4488.77,4487.52,4487.875,176
2026-08-20 07:06:00+00:00,4487.96,4489.280000000001,4487.639999999999,4489.025,190
2026-08-20 07:07:00+00:00,4489.01,4489.195,4487.725,4488.355,174
2026-08-20 07:08:00+00:00,4488.37,4490.219999999999,4488.37,4490.035,173
2026-08-20 07:09:00+00:00,4490.049999999999,4490.879999999999,4489.18,4489.28,169
2026-08-20 07:10:00+00:00,4489.285,4490.325,4489.235,4490.004999999999,149
2026-08-20 07:11:00+00:00,4490.0,4490.4349999999995,4489.469999999999,4489.875,192
2026-08-20 07:12:00+00:00,4489.885,4490.33,4489.24,4489.615,185
2026-08-20 07:13:00+00:00,4489.635,4489.6849999999995,4488.57,4488.62,173
2026-08-20 07:14:00+00:00,4488.535,4488.75,4487.245,4488.0,150
2026-08-20 07:15:00+00:00,4487.995,4490.57,4487.75,4489.175,198
2026-08-20 07:16:00+00:00,4489.305,4489.355,4487.610000000001,4488.365,210
2026-08-20 07:17:00+00:00,4488.415,4488.415,4487.685,4488.215,123
2026-08-20 07:18:00+00:00,4488.1849999999995,4488.225,4487.34,4487.465,123
2026-08-20 07:19:00+00:00,4487.42,4488.23,4487.115,4487.215,140
2026-08-20 07:20:00+00:00,4487.185,4487.674999999999,4486.639999999999,4487.030000000001,142
2026-08-20 07:21:00+00:00,4487.045,4488.215,4486.99,4487.25,170
2026-08-20 07:22:00+00:00,4487.145,4487.96,4487.145,4487.41,138
2026-08-20 07:23:00+00:00,4487.415000000001,4487.535,4486.075,4486.6,182
2026-08-20 07:24:00+00:00,4486.555,4487.3150000000005,4485.594999999999,4485.7,151
2026-08-20 07:25:00+00:00,4485.615,4485.97,4484.98,4485.375,141
2026-08-20 07:26:00+00:00,4485.735000000001,4486.315,4485.09,4485.110000000001,146
2026-08-20 07:27:00+00:00,4485.195,4485.45,4484.129999999999,4484.825,149
2026-08-20 07:28:00+00:00,4484.675,4485.04,4483.6849999999995,4483.83,179
2026-08-20 07:29:00+00:00,4483.77,4484.77,4483.745000000001,4484.09,191
2026-08-20 07:30:00+00:00,4484.12,4484.915,4483.565,4484.855,219
2026-08-20 07:31:00+00:00,4484.9,4486.26,4484.38,4486.200000000001,193
2026-08-20 07:32:00+00:00,4486.215,4486.235,4484.3,4485.025,214
2026-08-20 07:33:00+00:00,4485.04,4487.26,4484.5650000000005,4487.005,199
2026-08-20 07:34:00+00:00,4487.025,4489.855,4486.42,4489.855,249
2026-08-20 07:35:00+00:00,4489.92,4491.235000000001,4489.47,4490.23,218
2026-08-20 07:36:00+00:00,4490.09,4491.26,4490.01,4490.64,184
2026-08-20 07:37:00+00:00,4490.625,4490.9349999999995,4489.66,4490.065,209
2026-08-20 07:38:00+00:00,4489.85,4491.455,4489.65,4490.735000000001,160
2026-08-20 07:39:00+00:00,4490.575,4490.955,4489.139999999999,4490.25,184
2026-08-20 07:40:00+00:00,4490.1,4492.02,4489.91,4491.965,202
2026-08-20 07:41:00+00:00,4491.95,4493.280000000001,4491.025,4492.450000000001,210
2026-08-20 07:42:00+00:00,4492.535,4493.695,4491.360000000001,4491.66,231
2026-08-20 07:43:00+00:00,4491.5650000000005,4492.23,4489.83,4489.915,172
2026-08-20 07:44:00+00:00,4490.08,4491.3099999999995,4489.3099999999995,4491.285,157
2026-08-20 07:45:00+00:00,4491.125,4492.705,4490.045,4492.385,148
2026-08-20 07:46:00+00:00,4492.415000000001,4492.6849999999995,4491.895,4492.625,145
2026-08-20 07:47:00+00:00,4492.6900000000005,4494.4,4490.845,4490.95,200
2026-08-20 07:48:00+00:00,4490.86,4491.08,4489.514999999999,4489.780000000001,150
2026-08-20 07:49:00+00:00,4489.855,4490.665,4489.33,4489.41,149
2026-08-20 07:50:00+00:00,4489.445,4489.61,4488.639999999999,4489.34,157
2026-08-20 07:51:00+00:00,4489.305,4490.6849999999995,4488.415000000001,4490.65,166
2026-08-20 07:52:00+00:00,4490.68,4490.705,4488.85,4489.785,155
2026-08-20 07:53:00+00:00,4489.605,4489.895,4488.844999999999,4489.705,128
2026-08-20 07:54:00+00:00,4489.76,4491.045,4489.57,4491.045,103
2026-08-20 07:55:00+00:00,4491.055,4491.815,4490.845,4491.58,163
2026-08-20 07:56:00+00:00,4491.68,4492.525,4490.305,4492.025,189
2026-08-20 07:57:00+00:00,4491.995000000001,4491.995000000001,4490.175,4490.405,171
2026-08-20 07:58:00+00:00,4490.36,4490.8099999999995,4489.57,4489.595,132
2026-08-20 07:59:00+00:00,4489.629999999999,4491.445,4489.32,4491.025,198
2026-08-20 08:00:00+00:00,4491.139999999999,4491.629999999999,4490.715,4491.4,322
2026-08-20 08:01:00+00:00,4491.415,4493.925,4491.415,4493.105,257
2026-08-20 08:02:00+00:00,4493.205,4493.695,4490.725,4491.49,246
2026-08-20 08:03:00+00:00,4491.610000000001,4495.094999999999,4491.59,4493.975,282
2026-08-20 08:04:00+00:00,4493.945,4493.97,4491.915000000001,4492.645,183
2026-08-20 08:05:00+00:00,4492.6,4492.77,4491.445,4491.505,222
2026-08-20 08:06:00+00:00,4491.57,4493.715,4491.325,4493.51,230
2026-08-20 08:07:00+00:00,4493.54,4494.485000000001,4492.73,4494.4349999999995,230
2026-08-20 08:08:00+00:00,4494.365,4494.455,4492.889999999999,4493.16,175
2026-08-20 08:09:00+00:00,4493.035,4494.33,4492.325,4494.09,185
2026-08-20 08:10:00+00:00,4494.049999999999,4495.545,4493.125,4493.485000000001,207
2026-08-20 08:11:00+00:00,4493.43,4493.525,4491.8099999999995,4492.365,201
2026-08-20 08:12:00+00:00,4492.325,4493.4,4491.9400000000005,4492.63,168
2026-08-20 08:13:00+00:00,4492.84,4492.85,4491.945,4492.35,120
2026-08-20 08:14:00+00:00,4492.365,4494.764999999999,4492.205,4494.51,183
2026-08-20 08:15:00+00:00,4494.4400000000005,4495.0650000000005,4494.16,4494.83,157
2026-08-20 08:16:00+00:00,4494.865,4498.219999999999,4494.615,4497.985000000001,249
2026-08-20 08:17:00+00:00,4497.805,4498.415000000001,4497.005,4497.4,187
2026-08-20 08:18:00+00:00,4497.425,4498.295,4496.66,4497.525,221
2026-08-20 08:19:00+00:00,4497.585,4498.76,4495.8099999999995,4496.355,252
2026-08-20 08:20:00+00:00,4496.344999999999,4496.61,4495.9,4495.985000000001,180
2026-08-20 08:21:00+00:00,4495.99,4497.125,4494.975,4496.88,213
2026-08-20 08:22:00+00:00,4496.6849999999995,4497.485,4496.285,4497.139999999999,179
2026-08-20 08:23:00+00:00,4497.12,4497.715,4496.825000000001,4497.405000000001,170
2026-08-20 08:24:00+00:00,4497.35,4498.1900000000005,4495.4400000000005,4495.64,233
2026-08-20 08:25:00+00:00,4495.45,4496.3150000000005,4494.545,4495.115,163
2026-08-20 08:26:00+00:00,4495.105,4495.12,4492.615,4492.675,175
2026-08-20 08:27:00+00:00,4492.465,4492.465,4490.115,4490.71,249
2026-08-20 08:28:00+00:00,4490.635,4491.13,4490.17,4490.485,217
2026-08-20 08:29:00+00:00,4490.505,4491.95,4490.295,4491.455,185
2026-08-20 08:30:00+00:00,4491.43,4491.955,4489.885,4490.29,237
2026-08-20 08:31:00+00:00,4490.395,4490.530000000001,4487.21,4487.885,274
2026-08-20 08:32:00+00:00,4487.844999999999,4488.975,4487.535,4488.135,268
2026-08-20 08:33:00+00:00,4488.1,4490.0650000000005,4487.889999999999,4489.280000000001,214
2026-08-20 08:34:00+00:00,4489.325000000001,4493.325,4489.325000000001,4493.2,236
2026-08-20 08:35:00+00:00,4493.16,4495.205,4492.254999999999,4494.17,221
2026-08-20 08:36:00+00:00,4494.02,4495.5,4493.855,4494.285,228
2026-08-20 08:37:00+00:00,4494.305,4495.1849999999995,4494.17,4495.15,129
2026-08-20 08:38:00+00:00,4495.135,4495.45,4493.905,4494.195,292
2026-08-20 08:39:00+00:00,4494.03,4494.03,4490.055,4491.79,219
2026-08-20 08:40:00+00:00,4491.63,4492.344999999999,4491.110000000001,4492.004999999999,183
2026-08-20 08:41:00+00:00,4491.97,4492.120000000001,4490.555,4490.57,175
2026-08-20 08:42:00+00:00,4490.47,4492.9,4490.37,4492.465,214
2026-08-20 08:43:00+00:00,4492.47,4493.125,4491.73,4491.985000000001,190
2026-08-20 08:44:00+00:00,4492.27,4492.27,4490.6900000000005,4490.6900000000005,154
2026-08-20 08:45:00+00:00,4490.655,4491.655,4490.145,4491.45,174
2026-08-20 08:46:00+00:00,4490.705,4491.1,4488.41,4488.805,230
2026-08-20 08:47:00+00:00,4488.825,4489.34,4488.335,4488.71,170
2026-08-20 08:48:00+00:00,4488.625,4489.3150000000005,4488.389999999999,4488.76,198
2026-08-20 08:49:00+00:00,4488.87,4489.28,4488.09,4488.094999999999,127
2026-08-20 08:50:00+00:00,4488.255,4489.55,4487.75,4489.415,212
2026-08-20 08:51:00+00:00,4489.389999999999,4490.0,4489.1,4489.1,154
2026-08-20 08:52:00+00:00,4489.0,4490.405000000001,4488.615,4490.39,144
2026-08-20 08:53:00+00:00,4490.315,4490.855,4490.02,4490.765,153
2026-08-20 08:54:00+00:00,4490.715,4492.03,4490.395,4491.88,144
2026-08-20 08:55:00+00:00,4491.835,4492.1,4489.83,4489.845,177
2026-08-20 08:56:00+00:00,4489.96,4490.3099999999995,4488.96,4489.385,170
2026-08-20 08:57:00+00:00,4489.3099999999995,4489.34,4487.764999999999,4487.764999999999,154
2026-08-20 08:58:00+00:00,4487.86,4489.97,4487.639999999999,4489.9400000000005,142
2026-08-20 08:59:00+00:00,4489.965,4489.965,4488.635,4489.46,153
2026-08-20 09:00:00+00:00,4489.48,4489.8150000000005,4488.595,4488.72,183
2026-08-20 09:01:00+00:00,4488.82,4489.785,4488.58,4489.045,182
2026-08-20 09:02:00+00:00,4489.145,4489.96,4488.52,4489.4400000000005,128
2026-08-20 09:03:00+00:00,4489.35,4490.785,4488.975,4490.265,177
2026-08-20 09:04:00+00:00,4490.355,4491.215,4489.67,4490.87,176
2026-08-20 09:05:00+00:00,4490.85,4491.355,4489.235000000001,4489.235000000001,176
2026-08-20 09:06:00+00:00,4489.23,4490.85,4488.870000000001,4490.835,164
2026-08-20 09:07:00+00:00,4490.82,4491.9,4490.610000000001,4491.9,153
2026-08-20 09:08:00+00:00,4491.8099999999995,4493.26,4491.42,4491.96,207
2026-08-20 09:09:00+00:00,4492.0650000000005,4492.785,4491.325,4491.775,165
2026-08-20 09:10:00+00:00,4491.79,4494.35,4491.775,4493.13,205
2026-08-20 09:11:00+00:00,4493.15,4493.605,4491.505,4492.35,190
2026-08-20 09:12:00+00:00,4492.424999999999,4492.525,4491.47,4492.13,200
2026-08-20 09:13:00+00:00,4491.895,4492.764999999999,4491.51,4492.07,162
2026-08-20 09:14:00+00:00,4492.065,4492.834999999999,4492.065,4492.41,150
2026-08-20 09:15:00+00:00,4492.395,4492.925,4492.110000000001,4492.92,137
2026-08-20 09:16:00+00:00,4492.905000000001,4493.99,4492.76,4492.889999999999,192
2026-08-20 09:17:00+00:00,4492.775,4493.84,4490.835,4491.200000000001,181
2026-08-20 09:18:00+00:00,4491.135,4491.795,4490.6,4490.74,178
2026-08-20 09:19:00+00:00,4490.8150000000005,4490.845,4489.21,4489.365,176
2026-08-20 09:20:00+00:00,4489.425,4489.75,4488.335,4488.93,169
2026-08-20 09:21:00+00:00,4489.085,4493.03,4488.9400000000005,4492.200000000001,187
2026-08-20 09:22:00+00:00,4492.34,4492.34,4491.115,4491.375,187
2026-08-20 09:23:00+00:00,4491.38,4491.64,4490.495,4490.73,145
2026-08-20 09:24:00+00:00,4490.71,4491.045,4489.785,4489.889999999999,167
2026-08-20 09:25:00+00:00,4489.905000000001,4490.764999999999,4489.825000000001,4490.219999999999,124
2026-08-20 09:26:00+00:00,4490.195,4490.26,4489.08,4489.13,131
2026-08-20 09:27:00+00:00,4488.975,4489.815,4488.25,4489.52,177
2026-08-20 09:28:00+00:00,4489.48,4489.73,4488.74,4489.225,136
2026-08-20 09:29:00+00:00,4489.17,4490.875,4488.91,4490.04,122
2026-08-20 09:30:00+00:00,4489.95,4490.03,4487.855,4489.629999999999,215
2026-08-20 09:31:00+00:00,4489.594999999999,4490.715,4489.145,4489.335,215
2026-08-20 09:32:00+00:00,4489.35,4490.215,4487.845,4489.355,228
2026-08-20 09:33:00+00:00,4489.33,4489.625,4487.75,4487.965,181
2026-08-20 09:34:00+00:00,4487.9400000000005,4488.035,4486.99,4487.625,170
2026-08-20 09:35:00+00:00,4487.65,4488.15,4486.63,4486.76,159
2026-08-20 09:36:00+00:00,4486.745,4488.505,4486.285,4487.735000000001,180
2026-08-20 09:37:00+00:00,4487.815,4487.815,4485.42,4486.014999999999,131
2026-08-20 09:38:00+00:00,4486.005,4486.205,4484.6,4484.825,186
2026-08-20 09:39:00+00:00,4484.63,4486.485,4484.625,4486.335,152
2026-08-20 09:40:00+00:00,4486.37,4487.84,4486.155000000001,4486.99,176
2026-08-20 09:41:00+00:00,4486.96,4487.855,4485.915,4486.5599999999995,169
2026-08-20 09:42:00+00:00,4486.605,4489.495,4486.515,4489.005,181
2026-08-20 09:43:00+00:00,4488.9349999999995,4490.48,4488.165,4490.37,164
2026-08-20 09:44:00+00:00,4490.27,4490.375,4489.055,4489.295,132
2026-08-20 09:45:00+00:00,4489.219999999999,4489.219999999999,4488.4,4488.955,89
2026-08-20 09:46:00+00:00,4488.945,4488.945,4487.765,4487.825,95
2026-08-20 09:47:00+00:00,4487.83,4488.59,4485.9349999999995,4486.26,133
2026-08-20 09:48:00+00:00,4486.145,4486.72,4485.485,4486.53,144
2026-08-20 09:49:00+00:00,4486.525,4486.645,4485.135,4485.6,176
2026-08-20 09:50:00+00:00,4485.705,4486.32,4485.08,4485.425,206
2026-08-20 09:51:00+00:00,4485.415000000001,4485.655,4484.1900000000005,4485.34,208
2026-08-20 09:52:00+00:00,4485.3150000000005,4485.6849999999995,4483.9,4485.345,215
2026-08-20 09:53:00+00:00,4485.235000000001,4485.41,4482.6900000000005,4483.055,221
2026-08-20 09:54:00+00:00,4483.01,4483.965,4481.98,4483.955,237
2026-08-20 09:55:00+00:00,4484.04,4484.05,4482.415,4482.66,186
2026-08-20 09:56:00+00:00,4482.625,4482.805,4481.935,4482.59,111
2026-08-20 09:57:00+00:00,4482.575000000001,4483.62,4482.155,4483.41,161
2026-08-20 09:58:00+00:00,4483.365,4484.92,4482.98,4484.36,166
2026-08-20 09:59:00+00:00,4484.34,4484.375,4482.719999999999,4482.74,172
2026-08-20 10:00:00+00:00,4482.719999999999,4482.9349999999995,4480.805,4482.9349999999995,272
2026-08-20 10:01:00+00:00,4482.91,4482.965,4480.92,4482.465,158
2026-08-20 10:02:00+00:00,4482.61,4483.46,4482.27,4483.16,184
2026-08-20 10:03:00+00:00,4483.22,4485.825,4483.22,4485.345,215
2026-08-20 10:04:00+00:00,4485.325,4486.225,4485.245,4485.545,123
2026-08-20 10:05:00+00:00,4485.504999999999,4487.110000000001,4485.405000000001,4486.4,195
2026-08-20 10:06:00+00:00,4486.38,4487.0599999999995,4486.22,4486.844999999999,149
2026-08-20 10:07:00+00:00,4486.855,4487.3,4486.335,4486.655,133
2026-08-20 10:08:00+00:00,4486.685,4487.625,4486.505,4487.22,140
2026-08-20 10:09:00+00:00,4487.299999999999,4489.88,4487.265,4489.705,166
2026-08-20 10:10:00+00:00,4489.695,4490.21,4488.27,4489.01,176
2026-08-20 10:11:00+00:00,4488.955,4489.8,4488.5599999999995,4488.99,159
2026-08-20 10:12:00+00:00,4489.08,4489.72,4488.755,4489.28,115
2026-08-20 10:13:00+00:00,4489.275,4490.445,4488.985,4490.1900000000005,176
2026-08-20 10:14:00+00:00,4490.18,4491.485,4489.905000000001,4490.6900000000005,150
2026-08-20 10:15:00+00:00,4490.700000000001,4491.345,4490.26,4490.415,137
2026-08-20 10:16:00+00:00,4490.4,4491.79,4490.395,4490.549999999999,157
2026-08-20 10:17:00+00:00,4490.66,4491.245,4490.545,4491.22,192
2026-08-20 10:18:00+00:00,4491.195,4491.5650000000005,4490.78,4491.225,129
2026-08-20 10:19:00+00:00,4491.49,4491.785,4490.07,4490.655000000001,177
2026-08-20 10:20:00+00:00,4490.595,4490.924999999999,4488.21,4488.84,190
2026-08-20 10:21:00+00:00,4488.835,4488.835,4487.030000000001,4487.23,150
2026-08-20 10:22:00+00:00,4487.18,4487.475,4486.65,4487.08,132
2026-08-20 10:23:00+00:00,4487.05,4487.495000000001,4486.75,4486.834999999999,115
2026-08-20 10:24:00+00:00,4486.82,4489.005,4486.485000000001,4489.005,181
2026-08-20 10:25:00+00:00,4489.11,4490.98,4488.43,4489.735,196
2026-08-20 10:26:00+00:00,4489.67,4490.835,4489.34,4490.835,147
2026-08-20 10:27:00+00:00,4490.9,4491.754999999999,4490.82,4490.82,140
2026-08-20 10:28:00+00:00,4490.78,4493.26,4490.58,4492.585,148
2026-08-20 10:29:00+00:00,4492.58,4494.28,4491.925,4493.92,188
2026-08-20 10:30:00+00:00,4493.925,4495.005,4493.6,4494.25,173
2026-08-20 10:31:00+00:00,4494.26,4494.3099999999995,4493.425,4494.0650000000005,122
2026-08-20 10:32:00+00:00,4494.195,4494.68,4493.855,4494.32,154
2026-08-20 10:33:00+00:00,4494.21,4494.725,4493.305,4493.335,133
2026-08-20 10:34:00+00:00,4493.424999999999,4493.445,4492.555,4493.2,126
2026-08-20 10:35:00+00:00,4493.15,4493.299999999999,4492.525,4492.639999999999,122
2026-08-20 10:36:00+00:00,4492.6,4494.855,4492.365,4493.405000000001,260
2026-08-20 10:37:00+00:00,4493.475,4494.25,4492.799999999999,4492.93,171
2026-08-20 10:38:00+00:00,4492.98,4493.15,4490.8,4491.34,189
2026-08-20 10:39:00+00:00,4491.415,4491.639999999999,4490.18,4490.54,117
2026-08-20 10:40:00+00:00,4490.415,4491.025,4490.125,4490.58,132
2026-08-20 10:41:00+00:00,4490.575,4491.155000000001,4490.325000000001,4490.504999999999,135
2026-08-20 10:42:00+00:00,4490.555,4491.045,4490.35,4491.01,116
2026-08-20 10:43:00+00:00,4490.905,4491.025,4490.37,4490.37,97
2026-08-20 10:44:00+00:00,4490.275,4491.32,4490.195,4491.285,121
2026-08-20 10:45:00+00:00,4491.24,4491.37,4490.555,4490.68,122
2026-08-20 10:46:00+00:00,4490.620000000001,4490.620000000001,4488.945,4488.945,106
2026-08-20 10:47:00+00:00,4488.889999999999,4490.855,4488.85,4490.66,141
2026-08-20 10:48:00+00:00,4490.645,4490.75,4489.625,4489.64,104
2026-08-20 10:49:00+00:00,4489.62,4490.405000000001,4489.615,4490.264999999999,78
2026-08-20 10:50:00+00:00,4490.280000000001,4490.84,4490.175,4490.37,104
2026-08-20 10:51:00+00:00,4490.34,4490.48,4489.23,4490.21,132
2026-08-20 10:52:00+00:00,4490.07,4490.07,4489.21,4489.485000000001,116
2026-08-20 10:53:00+00:00,4489.45,4489.625,4488.555,4488.860000000001,119
2026-08-20 10:54:00+00:00,4488.78,4488.825000000001,4487.65,4488.02,135
2026-08-20 10:55:00+00:00,4487.924999999999,4488.54,4487.625,4488.375,99
2026-08-20 10:56:00+00:00,4488.42,4488.535,4487.915,4488.05,112
2026-08-20 10:57:00+00:00,4488.0599999999995,4490.049999999999,4488.0599999999995,4488.950000000001,127
2026-08-20 10:58:00+00:00,4488.88,4489.865,4488.5650000000005,4489.835,124
2026-08-20 10:59:00+00:00,4489.68,4490.639999999999,4489.54,4490.17,131
2026-08-20 11:00:00+00:00,4490.255,4490.9,4487.76,4488.59,388
2026-08-20 11:01:00+00:00,4488.6,4490.9400000000005,4487.725,4490.735000000001,201
2026-08-20 11:02:00+00:00,4490.610000000001,4491.395,4489.985000000001,4490.4400000000005,211
2026-08-20 11:03:00+00:00,4490.29,4490.72,4489.835,4490.47,189
2026-08-20 11:04:00+00:00,4490.345,4490.345,4487.969999999999,4488.48,206
2026-08-20 11:05:00+00:00,4488.435,4488.514999999999,4486.205,4487.445,240
2026-08-20 11:06:00+00:00,4487.405,4487.745,4486.865,4487.174999999999,206
2026-08-20 11:07:00+00:00,4487.16,4488.225,4486.9,4488.200000000001,173
2026-08-20 11:08:00+00:00,4488.105,4488.105,4485.785,4487.41,190
2026-08-20 11:09:00+00:00,4487.36,4487.625,4486.65,4487.445,147
2026-08-20 11:10:00+00:00,4487.435,4487.71,4486.705,4487.07,138
2026-08-20 11:11:00+00:00,4487.084999999999,4487.360000000001,4485.25,4486.344999999999,181
2026-08-20 11:12:00+00:00,4486.334999999999,4487.365,4485.255,4486.79,146
2026-08-20 11:13:00+00:00,4486.675,4487.11,4484.15,4484.17,147
2026-08-20 11:14:00+00:00,4484.12,4485.41,4482.925,4485.41,209
2026-08-20 11:15:00+00:00,4485.389999999999,4485.389999999999,4484.415000000001,4484.71,170
2026-08-20 11:16:00+00:00,4484.73,4485.905000000001,4484.465,4485.385,155
2026-08-20 11:17:00+00:00,4485.344999999999,4485.6900000000005,4482.4349999999995,4482.469999999999,154
2026-08-20 11:18:00+00:00,4482.43,4482.59,4481.245,4481.65,199
2026-08-20 11:19:00+00:00,4481.63,4482.725,4481.4,4482.45,162
2026-08-20 11:20:00+00:00,4482.495,4483.77,4481.83,4483.745,183
2026-08-20 11:21:00+00:00,4483.755,4484.84,4483.075000000001,4483.23,203
2026-08-20 11:22:00+00:00,4483.24,4485.18,4482.84,4484.245,164
2026-08-20 11:23:00+00:00,4484.35,4485.715,4484.35,4485.530000000001,127
2026-08-20 11:24:00+00:00,4485.635,4487.700000000001,4485.135,4487.700000000001,215
2026-08-20 11:25:00+00:00,4487.505,4489.35,4487.505,4489.21,186
2026-08-20 11:26:00+00:00,4489.135,4489.965,4487.5599999999995,4487.575,169
2026-08-20 11:27:00+00:00,4487.555,4488.55,4487.02,4487.045,159
2026-08-20 11:28:00+00:00,4486.87,4487.05,4484.370000000001,4484.77,209
2026-08-20 11:29:00+00:00,4484.84,4485.2,4484.26,4484.35,120
2026-08-20 11:30:00+00:00,4484.415,4484.785,4483.8099999999995,4484.04,188
2026-08-20 11:31:00+00:00,4484.05,4484.98,4483.045,4484.98,196
2026-08-20 11:32:00+00:00,4485.015,4485.955,4484.385,4484.815,215
2026-08-20 11:33:00+00:00,4485.01,4485.15,4482.6849999999995,4483.635,216
2026-08-20 11:34:00+00:00,4483.705,4485.055,4483.17,4485.01,171
2026-08-20 11:35:00+00:00,4484.96,4486.9400000000005,4484.625,4486.63,193
2026-08-20 11:36:00+00:00,4486.71,4486.71,4482.645,4482.645,217
2026-08-20 11:37:00+00:00,4482.555,4483.14,4480.33,4480.64,222
2026-08-20 11:38:00+00:00,4480.65,4481.055,4480.045,4480.675,183
2026-08-20 11:39:00+00:00,4480.73,4482.38,4480.3099999999995,4481.88,198
2026-08-20 11:40:00+00:00,4481.865,4482.700000000001,4478.889999999999,4479.055,252
2026-08-20 11:41:00+00:00,4479.1,4479.54,4476.92,4478.8099999999995,322
2026-08-20 11:42:00+00:00,4478.93,4479.03,4477.305,4478.02,209
2026-08-20 11:43:00+00:00,4478.015,4478.835,4476.59,4477.115,221
2026-08-20 11:44:00+00:00,4477.155,4477.54,4474.235,4474.825,284
2026-08-20 11:45:00+00:00,4474.995,4475.85,4469.79,4471.165,360
2026-08-20 11:46:00+00:00,4471.095,4471.32,4468.43,4468.629999999999,329
2026-08-20 11:47:00+00:00,4468.72,4471.175,4467.945,4470.165,341
2026-08-20 11:48:00+00:00,4470.07,4470.43,4465.865,4468.645,375
2026-08-20 11:49:00+00:00,4469.075,4472.485000000001,4469.075,4471.255,342
2026-08-20 11:50:00+00:00,4471.08,4473.05,4469.905,4470.67,344
2026-08-20 11:51:00+00:00,4470.75,4470.75,4469.13,4469.92,321
2026-08-20 11:52:00+00:00,4470.02,4470.110000000001,4467.285,4467.85,318
2026-08-20 11:53:00+00:00,4467.83,4471.030000000001,4467.58,4468.67,302
2026-08-20 11:54:00+00:00,4468.34,4468.34,4466.32,4467.26,235
2026-08-20 11:55:00+00:00,4467.355,4470.465,4467.125,4470.46,287
2026-08-20 11:56:00+00:00,4470.575,4471.43,4467.14,4467.965,301
2026-08-20 11:57:00+00:00,4467.844999999999,4468.469999999999,4465.514999999999,4467.3099999999995,267
2026-08-20 11:58:00+00:00,4467.41,4468.04,4466.91,4467.255,202
2026-08-20 11:59:00+00:00,4467.23,4467.48,4465.995,4467.155,223
2026-08-20 12:00:00+00:00,4467.32,4467.4,4461.805,4462.055,396
2026-08-20 12:01:00+00:00,4462.1,4462.37,4459.08,4459.165,440
2026-08-20 12:02:00+00:00,4459.09,4461.405000000001,4458.045,4459.469999999999,437
2026-08-20 12:03:00+00:00,4459.54,4460.97,4458.15,4459.58,365
2026-08-20 12:04:00+00:00,4459.6,4459.879999999999,4457.33,4458.33,376
2026-08-20 12:05:00+00:00,4458.3099999999995,4459.555,4453.945,4456.24,446
2026-08-20 12:06:00+00:00,4456.315,4456.3150000000005,4450.92,4451.53,444
2026-08-20 12:07:00+00:00,4451.335,4455.5650000000005,4450.6900000000005,4453.75,460
2026-08-20 12:08:00+00:00,4454.2,4458.504999999999,4453.615,4456.04,407
2026-08-20 12:09:00+00:00,4455.985000000001,4457.41,4455.07,4457.025,420
2026-08-20 12:10:00+00:00,4457.045,4461.24,4456.82,4460.15,424
2026-08-20 12:11:00+00:00,4460.125,4461.155000000001,4459.09,4460.72,379
2026-08-20 12:12:00+00:00,4460.66,4464.105,4460.0599999999995,4463.9400000000005,387
2026-08-20 12:13:00+00:00,4464.025,4466.200000000001,4463.860000000001,4465.885,375
2026-08-20 12:14:00+00:00,4465.985000000001,4466.475,4462.635,4462.635,322
2026-08-20 12:15:00+00:00,4462.59,4466.09,4462.445,4463.805,380
2026-08-20 12:16:00+00:00,4463.73,4464.15,4462.33,4463.49,353
2026-08-20 12:17:00+00:00,4463.485000000001,4466.475,4462.695,4466.25,365
2026-08-20 12:18:00+00:00,4466.23,4466.98,4464.915,4465.33,346
2026-08-20 12:19:00+00:00,4465.32,4467.625,4464.389999999999,4467.18,390
2026-08-20 12:20:00+00:00,4467.085,4468.025,4462.405,4462.405,410
2026-08-20 12:21:00+00:00,4462.0,4464.86,4461.924999999999,4463.5599999999995,323
2026-08-20 12:22:00+00:00,4463.525,4464.665,4462.76,4463.85,314
2026-08-20 12:23:00+00:00,4463.835,4465.115,4463.049999999999,4464.63,344
2026-08-20 12:24:00+00:00,4464.594999999999,4466.875,4462.799999999999,4464.015,334
2026-08-20 12:25:00+00:00,4463.885,4463.995000000001,4458.365,4458.615,367
2026-08-20 12:26:00+00:00,4458.65,4458.905,4457.035,4458.8099999999995,333
2026-08-20 12:27:00+00:00,4458.72,4459.889999999999,4458.145,4459.68,192
2026-08-20 12:28:00+00:00,4459.8099999999995,4460.755,4458.0599999999995,4458.17,139
2026-08-20 12:29:00+00:00,4458.035,4459.75,4458.035,4459.705,128
2026-08-20 12:30:00+00:00,4459.745,4461.22,4457.1900000000005,4458.415,248
2026-08-20 12:31:00+00:00,4458.3150000000005,4458.4349999999995,4454.695,4455.24,183
2026-08-20 12:32:00+00:00,4455.13,4455.645,4453.83,4455.344999999999,201
2026-08-20 12:33:00+00:00,4455.2,4456.004999999999,4452.785,4455.34,385
2026-08-20 12:34:00+00:00,4455.465,4455.955,4451.23,4453.48,349
2026-08-20 12:35:00+00:00,4453.37,4456.79,4452.785,4454.41,413
2026-08-20 12:36:00+00:00,4454.375,4457.025,4451.84,4456.915000000001,381
2026-08-20 12:37:00+00:00,4457.035,4460.35,4457.035,4459.285,338
2026-08-20 12:38:00+00:00,4459.28,4459.615,4457.635,4459.38,301
2026-08-20 12:39:00+00:00,4459.33,4463.42,4458.6849999999995,4463.225,330
2026-08-20 12:40:00+00:00,4463.115,4465.58,4462.27,4465.115,337
2026-08-20 12:41:00+00:00,4465.02,4465.91,4463.495000000001,4464.195,354
2026-08-20 12:42:00+00:00,4464.2,4464.57,4460.165000000001,4460.504999999999,356
2026-08-20 12:43:00+00:00,4460.33,4466.45,4460.33,4466.405000000001,369
2026-08-20 12:44:00+00:00,4466.395,4467.2,4465.275,4466.805,307
2026-08-20 12:45:00+00:00,4466.715,4466.889999999999,4464.195,4465.97,269
2026-08-20 12:46:00+00:00,4466.035,4467.825,4466.035,4467.0599999999995,279
2026-08-20 12:47:00+00:00,4467.030000000001,4469.424999999999,4466.6900000000005,4468.425,244
2026-08-20 12:48:00+00:00,4468.325,4471.325,4468.2,4471.025,316
2026-08-20 12:49:00+00:00,4470.985,4471.66,4469.86,4471.535,298
2026-08-20 12:50:00+00:00,4471.395,4471.78,4470.16,4471.549999999999,259
2026-08-20 12:51:00+00:00,4471.645,4474.335,4471.645,4474.045,296
2026-08-20 12:52:00+00:00,4474.04,4475.475,4473.01,4473.215,259
2026-08-20 12:53:00+00:00,4473.21,4473.915,4472.21,4472.4400000000005,249
2026-08-20 12:54:00+00:00,4472.415000000001,4473.110000000001,4471.935,4472.185,228
2026-08-20 12:55:00+00:00,4472.62,4473.325,4471.895,4473.005,264
2026-08-20 12:56:00+00:00,4473.025,4474.175,4472.105,4473.925,248
2026-08-20 12:57:00+00:00,4473.945,4475.27,4473.205,4473.925,254
2026-08-20 12:58:00+00:00,4473.92,4477.165,4473.92,4476.705,258
2026-08-20 12:59:00+00:00,4476.610000000001,4476.610000000001,4474.03,4474.855,350
2026-08-20 13:00:00+00:00,4474.96,4482.235000000001,4473.965,4481.88,502
2026-08-20 13:01:00+00:00,4481.8099999999995,4484.52,4480.95,4483.705,429
2026-08-20 13:02:00+00:00,4483.8150000000005,4483.9400000000005,4480.395,4482.03,433
2026-08-20 13:03:00+00:00,4482.025,4482.4349999999995,4479.5599999999995,4479.66,422
2026-08-20 13:04:00+00:00,4479.764999999999,4481.9349999999995,4477.370000000001,4478.58,391
2026-08-20 13:05:00+00:00,4478.795,4480.35,4476.46,4478.325000000001,396
2026-08-20 13:06:00+00:00,4478.295,4479.075000000001,4477.22,4477.57,353
2026-08-20 13:07:00+00:00,4477.615,4478.38,4476.764999999999,4477.8150000000005,321
2026-08-20 13:08:00+00:00,4477.6900000000005,4477.905000000001,4474.215,4474.83,339
2026-08-20 13:09:00+00:00,4474.844999999999,4475.6900000000005,4473.135,4473.82,375
2026-08-20 13:10:00+00:00,4473.83,4475.9,4473.325,4473.985000000001,307
2026-08-20 13:11:00+00:00,4474.030000000001,4474.75,4472.46,4473.095,349
2026-08-20 13:12:00+00:00,4473.055,4474.835,4472.355,4473.66,395
2026-08-20 13:13:00+00:00,4473.719999999999,4475.62,4473.02,4474.92,371
2026-08-20 13:14:00+00:00,4474.895,4474.9349999999995,4472.005,4472.99,364
2026-08-20 13:15:00+00:00,4473.01,4473.299999999999,4471.27,4472.455,420
2026-08-20 13:16:00+00:00,4472.4,4475.49,4471.014999999999,4474.915,382
2026-08-20 13:17:00+00:00,4474.795,4475.35,4473.04,4474.9,336
2026-08-20 13:18:00+00:00,4475.25,4475.780000000001,4473.98,4474.85,348
2026-08-20 13:19:00+00:00,4474.985000000001,4476.8,4474.4349999999995,4474.9400000000005,312
2026-08-20 13:20:00+00:00,4475.055,4476.280000000001,4473.79,4474.174999999999,316
2026-08-20 13:21:00+00:00,4474.3,4476.7,4473.99,4474.745,316
2026-08-20 13:22:00+00:00,4474.5599999999995,4475.4,4472.21,4472.255,326
2026-08-20 13:23:00+00:00,4472.27,4474.695,4471.605,4474.27,257
2026-08-20 13:24:00+00:00,4474.365,4475.120000000001,4472.965,4474.27,259
2026-08-20 13:25:00+00:00,4474.085,4474.48,4471.84,4472.43,340
2026-08-20 13:26:00+00:00,4472.32,4473.67,4471.28,4473.26,330
2026-08-20 13:27:00+00:00,4473.395,4474.09,4472.585,4474.01,313
2026-08-20 13:28:00+00:00,4473.83,4474.48,4472.01,4472.59,285
2026-08-20 13:29:00+00:00,4472.585,4473.09,4470.305,4471.879999999999,374
2026-08-20 13:30:00+00:00,4472.005,4477.465,4471.895,4472.235000000001,529
2026-08-20 13:31:00+00:00,4472.205,4475.305,4469.905000000001,4470.575000000001,460
2026-08-20 13:32:00+00:00,4470.674999999999,4474.365,4469.41,4472.79,520
2026-08-20 13:33:00+00:00,4472.785,4475.925,4470.04,4475.13,436
2026-08-20 13:34:00+00:00,4475.139999999999,4476.155000000001,4473.82,4475.82,410
2026-08-20 13:35:00+00:00,4475.805,4485.805,4474.879999999999,4483.675,562
2026-08-20 13:36:00+00:00,4483.67,4485.6,4481.8,4482.8150000000005,503
2026-08-20 13:37:00+00:00,4482.575,4484.395,4479.1,4482.055,466
2026-08-20 13:38:00+00:00,4482.215,4485.525,4481.625,4484.37,519
2026-08-20 13:39:00+00:00,4484.375,4486.79,4482.6,4483.915,504
2026-08-20 13:40:00+00:00,4483.9400000000005,4483.985,4479.135,4479.975,496
2026-08-20 13:41:00+00:00,4479.985,4485.12,4478.055,4485.03,494
2026-08-20 13:42:00+00:00,4484.9349999999995,4486.514999999999,4483.57,4485.425,473
2026-08-20 13:43:00+00:00,4485.455,4487.99,4485.03,4486.7,456
2026-08-20 13:44:00+00:00,4486.645,4487.1,4485.78,4486.84,424
2026-08-20 13:45:00+00:00,4486.9,4489.455,4485.175,4485.594999999999,510
2026-08-20 13:46:00+00:00,4485.365,4486.87,4483.625,4484.165,502
2026-08-20 13:47:00+00:00,4484.09,4484.09,4480.805,4483.51,495
2026-08-20 13:48:00+00:00,4483.415,4484.14,4480.9400000000005,4482.9,453
2026-08-20 13:49:00+00:00,4482.91,4484.305,4480.195,4482.355,447
2026-08-20 13:50:00+00:00,4482.1849999999995,4483.65,4481.055,4483.005,471
2026-08-20 13:51:00+00:00,4483.02,4483.595,4481.32,4482.145,435
2026-08-20 13:52:00+00:00,4482.1,4486.275,4481.245,4486.275,467
2026-08-20 13:53:00+00:00,4486.264999999999,4486.6849999999995,4483.13,4483.26,484
2026-08-20 13:54:00+00:00,4483.25,4485.92,4481.965,4485.8150000000005,390
2026-08-20 13:55:00+00:00,4485.82,4486.975,4482.975,4484.129999999999,459
2026-08-20 13:56:00+00:00,4484.11,4484.735000000001,4482.360000000001,4482.43,486
2026-08-20 13:57:00+00:00,4482.5650000000005,4482.8099999999995,4480.885,4480.935,473
2026-08-20 13:58:00+00:00,4480.98,4482.895,4479.49,4481.895,401
2026-08-20 13:59:00+00:00,4482.16,4482.54,4480.24,4481.795,414
2026-08-20 14:00:00+00:00,4481.725,4488.6900000000005,4481.65,4488.59,499
2026-08-20 14:01:00+00:00,4488.52,4489.825,4487.105,4489.28,468
2026-08-20 14:02:00+00:00,4489.39,4490.795,4487.455,4487.475,490
2026-08-20 14:03:00+00:00,4487.5599999999995,4487.7,4483.51,4484.71,476
2026-08-20 14:04:00+00:00,4484.605,4485.83,4482.405000000001,4483.445,433
2026-08-20 14:05:00+00:00,4483.59,4483.7,4482.219999999999,4482.475,443
2026-08-20 14:06:00+00:00,4482.469999999999,4486.585,4480.785,4483.325,468
2026-08-20 14:07:00+00:00,4483.27,4484.45,4481.295,4484.265,445
2026-08-20 14:08:00+00:00,4484.29,4485.99,4483.48,4484.8099999999995,419
2026-08-20 14:09:00+00:00,4484.93,4486.805,4483.43,4485.42,452
2026-08-20 14:10:00+00:00,4484.52,4487.01,4483.62,4486.99,467
2026-08-20 14:11:00+00:00,4487.01,4488.9349999999995,4484.255,4486.875,465
2026-08-20 14:12:00+00:00,4486.99,4487.965,4486.305,4487.75,460
2026-08-20 14:13:00+00:00,4487.78,4489.174999999999,4485.045,4485.0599999999995,438
2026-08-20 14:14:00+00:00,4485.035,4485.995,4483.955,4485.13,432
2026-08-20 14:15:00+00:00,4485.08,4486.844999999999,4483.8099999999995,4486.6,467
2026-08-20 14:16:00+00:00,4486.610000000001,4487.715,4485.34,4487.62,432
2026-08-20 14:17:00+00:00,4487.615,4489.625,4486.275,4487.5599999999995,438
2026-08-20 14:18:00+00:00,4487.514999999999,4489.15,4487.09,4487.91,463
2026-08-20 14:19:00+00:00,4487.86,4487.905,4481.82,4482.110000000001,472
2026-08-20 14:20:00+00:00,4482.24,4487.54,4481.675,4487.504999999999,487
2026-08-20 14:21:00+00:00,4487.469999999999,4491.025,4486.77,4488.985000000001,476
2026-08-20 14:22:00+00:00,4489.01,4489.09,4486.84,4487.575,488
2026-08-20 14:23:00+00:00,4487.65,4491.565,4486.825,4491.43,493
2026-08-20 14:24:00+00:00,4491.495,4493.965,4490.975,4490.975,497
2026-08-20 14:25:00+00:00,4490.965,4492.335,4489.975,4490.01,487
2026-08-20 14:26:00+00:00,4490.1,4490.76,4488.045,4489.18,427
2026-08-20 14:27:00+00:00,4489.13,4489.76,4487.58,4487.945,443
2026-08-20 14:28:00+00:00,4487.795,4490.85,4486.865,4489.594999999999,445
2026-08-20 14:29:00+00:00,4489.46,4493.235000000001,4489.46,4491.665,453
2026-08-20 14:30:00+00:00,4491.86,4495.6900000000005,4491.79,4493.6,462
2026-08-20 14:31:00+00:00,4493.504999999999,4494.505,4492.3150000000005,4493.26,398
2026-08-20 14:32:00+00:00,4493.37,4495.1849999999995,4493.37,4494.84,424
2026-08-20 14:33:00+00:00,4494.844999999999,4496.92,4494.014999999999,4496.775,422
2026-08-20 14:34:00+00:00,4496.9,4497.29,4493.965,4494.385,400
2026-08-20 14:35:00+00:00,4494.455,4498.51,4493.08,4497.879999999999,470
2026-08-20 14:36:00+00:00,4497.9349999999995,4500.24,4497.264999999999,4499.43,465
2026-08-20 14:37:00+00:00,4499.625,4501.04,4496.3099999999995,4496.67,418
2026-08-20 14:38:00+00:00,4496.625,4497.375,4495.555,4496.485000000001,414
2026-08-20 14:39:00+00:00,4496.465,4497.495,4495.355,4496.04,415
2026-08-20 14:40:00+00:00,4496.245000000001,4496.965,4494.09,4496.57,404
2026-08-20 14:41:00+00:00,4496.575,4496.77,4493.799999999999,4494.145,375
2026-08-20 14:42:00+00:00,4494.200000000001,4498.405,4493.865,4498.285,392
2026-08-20 14:43:00+00:00,4498.155,4500.09,4498.005,4499.92,362
2026-08-20 14:44:00+00:00,4499.93,4501.34,4499.27,4499.35,348
2026-08-20 14:45:00+00:00,4499.280000000001,4502.344999999999,4498.795,4502.03,336
2026-08-20 14:46:00+00:00,4502.215,4505.82,4501.4400000000005,4504.175,405
2026-08-20 14:47:00+00:00,4504.26,4505.1900000000005,4503.785,4504.129999999999,416
2026-08-20 14:48:00+00:00,4504.225,4506.665,4503.915,4506.18,364
2026-08-20 14:49:00+00:00,4506.15,4508.99,4505.17,4508.155,415
2026-08-20 14:50:00+00:00,4508.110000000001,4509.135,4506.745000000001,4507.4,419
2026-08-20 14:51:00+00:00,4507.405000000001,4508.435,4505.965,4505.965,380
2026-08-20 14:52:00+00:00,4506.12,4508.5,4504.85,4507.6,412
2026-08-20 14:53:00+00:00,4507.594999999999,4510.6,4507.515,4508.785,374
2026-08-20 14:54:00+00:00,4508.825000000001,4510.495,4507.945,4509.975,385
2026-08-20 14:55:00+00:00,4509.965,4511.355,4509.375,4510.255,437
2026-08-20 14:56:00+00:00,4510.360000000001,4512.205,4510.025,4512.16,361
2026-08-20 14:57:00+00:00,4512.23,4515.91,4512.095,4514.254999999999,469
2026-08-20 14:58:00+00:00,4514.145,4516.32,4513.63,4513.86,407
2026-08-20 14:59:00+00:00,4513.91,4516.275,4513.799999999999,4516.004999999999,384
2026-08-20 15:00:00+00:00,4516.08,4519.095,4515.21,4518.3,446
2026-08-20 15:01:00+00:00,4518.305,4528.975,4516.735000000001,4522.4349999999995,562
2026-08-20 15:02:00+00:00,4522.58,4536.26,4522.58,4525.63,643
2026-08-20 15:03:00+00:00,4525.52,4536.455,4523.775,4535.6849999999995,570
2026-08-20 15:04:00+00:00,4535.605,4536.6900000000005,4531.145,4535.815,518
2026-08-20 15:05:00+00:00,4535.745,4536.575000000001,4528.875,4529.1,526
2026-08-20 15:06:00+00:00,4529.09,4532.615,4524.424999999999,4524.82,552
2026-08-20 15:07:00+00:00,4524.705,4532.155000000001,4524.02,4530.389999999999,482
2026-08-20 15:08:00+00:00,4530.445,4532.09,4528.73,4529.969999999999,483
2026-08-20 15:09:00+00:00,4529.73,4530.16,4522.34,4524.66,503
2026-08-20 15:10:00+00:00,4524.8,4529.014999999999,4522.860000000001,4523.98,517
2026-08-20 15:11:00+00:00,4524.205,4526.235000000001,4521.83,4525.165,496
2026-08-20 15:12:00+00:00,4525.265,4532.969999999999,4524.12,4532.969999999999,481
2026-08-20 15:13:00+00:00,4532.8099999999995,4536.54,4531.52,4535.77,496
2026-08-20 15:14:00+00:00,4535.99,4537.495,4534.215,4534.98,508
2026-08-20 15:15:00+00:00,4535.23,4535.575,4530.675,4535.51,473
2026-08-20 15:16:00+00:00,4535.555,4537.145,4531.93,4534.83,456
2026-08-20 15:17:00+00:00,4534.9400000000005,4540.0599999999995,4534.035,4539.754999999999,471
2026-08-20 15:18:00+00:00,4539.645,4540.04,4536.26,4537.445,419
2026-08-20 15:19:00+00:00,4537.4400000000005,4540.9400000000005,4536.48,4539.965,407
2026-08-20 15:20:00+00:00,4539.815,4541.215,4534.115,4534.625,465
2026-08-20 15:21:00+00:00,4534.47,4534.635,4527.6849999999995,4527.6849999999995,454
2026-08-20 15:22:00+00:00,4527.925,4528.61,4525.385,4525.424999999999,452
2026-08-20 15:23:00+00:00,4525.389999999999,4527.275,4523.594999999999,4524.445,467
2026-08-20 15:24:00+00:00,4524.91,4528.505,4523.87,4527.515,467
2026-08-20 15:25:00+00:00,4527.445,4528.38,4525.87,4526.415,441
2026-08-20 15:26:00+00:00,4526.424999999999,4531.23,4526.424999999999,4530.085,427
2026-08-20 15:27:00+00:00,4530.015,4534.425,4528.66,4532.45,463
2026-08-20 15:28:00+00:00,4532.29,4533.805,4531.405,4532.85,437
2026-08-20 15:29:00+00:00,4532.985,4533.6,4531.075,4532.575,381
2026-08-20 15:30:00+00:00,4532.605,4534.125,4526.765,4528.844999999999,443
2026-08-20 15:31:00+00:00,4529.25,4530.305,4528.135,4528.45,395
2026-08-20 15:32:00+00:00,4528.4,4529.13,4525.765,4528.825,378
2026-08-20 15:33:00+00:00,4528.785,4529.225,4523.745,4524.49,409
2026-08-20 15:34:00+00:00,4524.475,4525.5,4522.655,4524.055,411
2026-08-20 15:35:00+00:00,4524.08,4526.825,4522.16,4522.195,402
2026-08-20 15:36:00+00:00,4522.085,4523.54,4520.215,4523.175,439
2026-08-20 15:37:00+00:00,4523.12,4523.98,4522.05,4522.41,373
2026-08-20 15:38:00+00:00,4522.62,4524.98,4520.36,4521.16,419
2026-08-20 15:39:00+00:00,4521.139999999999,4521.195,4517.245,4518.65,374
2026-08-20 15:40:00+00:00,4518.6,4519.76,4516.879999999999,4517.525,390
2026-08-20 15:41:00+00:00,4517.54,4517.72,4514.185,4515.165,385
2026-08-20 15:42:00+00:00,4515.335,4519.585,4515.335,4518.135,343
2026-08-20 15:43:00+00:00,4518.195,4518.4400000000005,4509.175,4511.655000000001,431
2026-08-20 15:44:00+00:00,4511.625,4513.8099999999995,4511.0599999999995,4511.59,401
2026-08-20 15:45:00+00:00,4511.639999999999,4516.98,4510.955,4516.0599999999995,382
2026-08-20 15:46:00+00:00,4516.08,4519.215,4514.235,4518.47,376
2026-08-20 15:47:00+00:00,4518.415,4519.63,4517.285,4519.195,378
2026-08-20 15:48:00+00:00,4519.175,4521.115,4519.0599999999995,4519.73,428
2026-08-20 15:49:00+00:00,4519.66,4521.51,4519.13,4520.21,448
2026-08-20 15:50:00+00:00,4520.095,4521.73,4518.175,4519.175,393
2026-08-20 15:51:00+00:00,4519.145,4519.6,4517.585,4519.035,375
2026-08-20 15:52:00+00:00,4518.975,4519.825,4515.835,4516.055,372
2026-08-20 15:53:00+00:00,4516.01,4518.035,4515.845,4518.035,304
2026-08-20 15:54:00+00:00,4518.075,4520.41,4517.555,4519.24,318
2026-08-20 15:55:00+00:00,4519.295,4520.205,4517.595,4519.43,330
2026-08-20 15:56:00+00:00,4519.42,4521.27,4519.42,4521.265,281
2026-08-20 15:57:00+00:00,4521.425,4523.245,4520.29,4522.99,338
2026-08-20 15:58:00+00:00,4522.975,4523.72,4522.0650000000005,4523.535,309
2026-08-20 15:59:00+00:00,4523.52,4524.175,4521.545,4521.73,323
2026-08-20 16:00:00+00:00,4521.76,4523.645,4521.26,4523.46,390
2026-08-20 16:01:00+00:00,4523.620000000001,4524.71,4522.705,4524.295,337
2026-08-20 16:02:00+00:00,4524.165000000001,4524.85,4523.75,4524.02,324
2026-08-20 16:03:00+00:00,4524.045,4524.3150000000005,4520.99,4522.795,336
2026-08-20 16:04:00+00:00,4522.825,4522.835,4519.355,4519.625,315
2026-08-20 16:05:00+00:00,4519.695,4522.13,4518.985000000001,4519.895,335
2026-08-20 16:06:00+00:00,4519.92,4521.344999999999,4518.764999999999,4521.155,329
2026-08-20 16:07:00+00:00,4521.17,4521.264999999999,4519.235000000001,4519.715,302
2026-08-20 16:08:00+00:00,4519.68,4520.805,4519.245,4520.305,248
2026-08-20 16:09:00+00:00,4520.405000000001,4520.52,4519.225,4519.995,258
2026-08-20 16:10:00+00:00,4520.025,4520.450000000001,4518.889999999999,4519.37,297
2026-08-20 16:11:00+00:00,4519.375,4519.635,4516.15,4516.255,306
2026-08-20 16:12:00+00:00,4516.18,4516.37,4513.200000000001,4514.26,288
2026-08-20 16:13:00+00:00,4514.07,4514.73,4512.375,4512.735000000001,300
2026-08-20 16:14:00+00:00,4512.835,4512.91,4510.38,4511.28,358
2026-08-20 16:15:00+00:00,4511.235000000001,4511.235000000001,4508.700000000001,4509.055,391
2026-08-20 16:16:00+00:00,4509.1900000000005,4510.014999999999,4508.535,4509.58,310
2026-08-20 16:17:00+00:00,4509.66,4511.4,4509.1,4510.435,306
2026-08-20 16:18:00+00:00,4510.445,4511.475,4509.1900000000005,4511.11,242
2026-08-20 16:19:00+00:00,4510.96,4513.254999999999,4510.96,4512.110000000001,258
2026-08-20 16:20:00+00:00,4512.355,4512.675,4511.135,4511.8,310
2026-08-20 16:21:00+00:00,4511.845,4511.895,4510.145,4510.88,266
2026-08-20 16:22:00+00:00,4510.875,4512.455,4509.43,4511.625,327
2026-08-20 16:23:00+00:00,4511.62,4512.219999999999,4509.445,4509.945,290
2026-08-20 16:24:00+00:00,4510.025,4513.0599999999995,4509.945,4511.88,256
2026-08-20 16:25:00+00:00,4511.87,4511.915,4509.52,4509.665,285
2026-08-20 16:26:00+00:00,4509.555,4509.610000000001,4507.9,4508.555,269
2026-08-20 16:27:00+00:00,4508.51,4508.935,4505.535,4505.83,274
2026-08-20 16:28:00+00:00,4505.93,4508.775,4505.57,4508.41,287
2026-08-20 16:29:00+00:00,4508.645,4509.485,4507.67,4509.29,248
2026-08-20 16:30:00+00:00,4509.45,4509.74,4506.315,4507.39,320
2026-08-20 16:31:00+00:00,4507.34,4507.845,4505.285,4505.59,261
2026-08-20 16:32:00+00:00,4505.535,4505.785,4502.855,4504.63,294
2026-08-20 16:33:00+00:00,4504.715,4507.765,4504.4400000000005,4507.23,276
2026-08-20 16:34:00+00:00,4507.24,4510.08,4507.07,4509.355,316
2026-08-20 16:35:00+00:00,4509.2,4511.1,4508.639999999999,4510.875,303
2026-08-20 16:36:00+00:00,4511.045,4512.82,4510.495,4511.625,338
2026-08-20 16:37:00+00:00,4511.54,4511.6,4509.495,4509.495,274
2026-08-20 16:38:00+00:00,4509.49,4509.54,4507.5599999999995,4508.885,282
2026-08-20 16:39:00+00:00,4508.825000000001,4509.1,4507.139999999999,4507.355,305
2026-08-20 16:40:00+00:00,4507.285,4509.915,4507.075000000001,4509.395,258
2026-08-20 16:41:00+00:00,4509.475,4510.3099999999995,4509.135,4509.35,236
2026-08-20 16:42:00+00:00,4509.295,4510.05,4507.83,4507.96,226
2026-08-20 16:43:00+00:00,4507.945,4508.855,4507.52,4508.48,276
2026-08-20 16:44:00+00:00,4508.49,4509.7,4507.915,4509.360000000001,239
2026-08-20 16:45:00+00:00,4509.21,4510.055,4507.48,4508.76,219
2026-08-20 16:46:00+00:00,4508.84,4512.48,4508.84,4512.245000000001,216
2026-08-20 16:47:00+00:00,4511.99,4512.48,4511.02,4511.79,226
2026-08-20 16:48:00+00:00,4511.99,4512.145,4510.48,4511.82,239
2026-08-20 16:49:00+00:00,4511.7,4512.395,4511.415,4512.045,237
2026-08-20 16:50:00+00:00,4512.005,4513.82,4511.48,4511.68,270
2026-08-20 16:51:00+00:00,4511.66,4512.305,4511.145,4511.344999999999,254
2026-08-20 16:52:00+00:00,4511.45,4511.92,4509.88,4510.225,171
2026-08-20 16:53:00+00:00,4510.245,4510.6900000000005,4508.8,4510.66,218
2026-08-20 16:54:00+00:00,4510.67,4510.88,4509.5,4509.535,175
2026-08-20 16:55:00+00:00,4509.525,4510.17,4508.92,4510.0,208
2026-08-20 16:56:00+00:00,4510.014999999999,4510.139999999999,4509.145,4509.4349999999995,179
2026-08-20 16:57:00+00:00,4509.514999999999,4511.254999999999,4508.895,4510.005,276
2026-08-20 16:58:00+00:00,4509.875,4511.09,4509.305,4509.305,208
2026-08-20 16:59:00+00:00,4509.33,4510.245,4507.88,4510.1,243
2026-08-20 17:00:00+00:00,4510.3,4512.25,4510.02,4512.11,231
2026-08-20 17:01:00+00:00,4512.185,4512.795,4511.545,4512.195,176
2026-08-20 17:02:00+00:00,4512.27,4514.155,4511.0,4511.18,272
2026-08-20 17:03:00+00:00,4511.4400000000005,4512.455,4510.75,4511.545,193
2026-08-20 17:04:00+00:00,4511.565,4512.125,4511.125,4511.635,167
2026-08-20 17:05:00+00:00,4511.665,4511.875,4510.42,4511.35,166
2026-08-20 17:06:00+00:00,4511.34,4511.83,4510.219999999999,4510.475,193
2026-08-20 17:07:00+00:00,4510.495,4511.46,4509.835,4510.87,160
2026-08-20 17:08:00+00:00,4510.889999999999,4511.035,4507.905,4508.8,234
2026-08-20 17:09:00+00:00,4508.785,4510.695,4508.785,4510.065,180
2026-08-20 17:10:00+00:00,4509.975,4510.425,4509.495,4509.635,172
2026-08-20 17:11:00+00:00,4509.545,4509.645,4507.85,4508.865,211
2026-08-20 17:12:00+00:00,4508.925,4509.345,4508.565,4509.075,168
2026-08-20 17:13:00+00:00,4509.025,4509.695,4508.485000000001,4508.605,147
2026-08-20 17:14:00+00:00,4508.59,4510.79,4507.99,4509.51,241
2026-08-20 17:15:00+00:00,4509.48,4509.6,4508.07,4508.175,221
2026-08-20 17:16:00+00:00,4508.255,4511.085,4507.965,4510.889999999999,254
2026-08-20 17:17:00+00:00,4510.985000000001,4511.365,4510.325,4511.115,223
2026-08-20 17:18:00+00:00,4511.095,4511.385,4510.235000000001,4510.54,201
2026-08-20 17:19:00+00:00,4510.415,4510.8099999999995,4508.455,4508.855,227
2026-08-20 17:20:00+00:00,4508.84,4510.65,4508.41,4510.59,242
2026-08-20 17:21:00+00:00,4510.77,4512.17,4510.62,4511.77,229
2026-08-20 17:22:00+00:00,4511.46,4514.4349999999995,4511.3099999999995,4512.38,227
2026-08-20 17:23:00+00:00,4512.35,4512.73,4511.87,4512.12,191
2026-08-20 17:24:00+00:00,4511.99,4512.4,4510.47,4511.18,263
2026-08-20 17:25:00+00:00,4511.245,4512.0599999999995,4510.62,4511.4400000000005,233
2026-08-20 17:26:00+00:00,4511.514999999999,4513.35,4511.174999999999,4512.79,197
2026-08-20 17:27:00+00:00,4512.785,4513.33,4509.475,4510.425,266
2026-08-20 17:28:00+00:00,4510.37,4512.205,4510.355,4511.99,207
2026-08-20 17:29:00+00:00,4512.405000000001,4516.945,4512.405000000001,4513.035,465
2026-08-20 17:30:00+00:00,4513.23,4513.594999999999,4511.04,4511.18,311
2026-08-20 17:31:00+00:00,4511.17,4516.53,4511.17,4516.52,290
2026-08-20 17:32:00+00:00,4516.54,4516.870000000001,4515.805,4516.445,215
2026-08-20 17:33:00+00:00,4516.41,4517.865,4516.16,4516.264999999999,236
2026-08-20 17:34:00+00:00,4516.29,4518.549999999999,4516.2,4518.315,245
2026-08-20 17:35:00+00:00,4518.215,4518.77,4516.805,4516.915,228
2026-08-20 17:36:00+00:00,4516.83,4517.155000000001,4516.3099999999995,4517.065,201
2026-08-20 17:37:00+00:00,4517.075,4517.3150000000005,4516.465,4516.91,198
2026-08-20 17:38:00+00:00,4516.889999999999,4517.54,4516.14,4517.450000000001,195
2026-08-20 17:39:00+00:00,4517.425,4517.844999999999,4516.785,4516.885,181
2026-08-20 17:40:00+00:00,4516.775,4518.115,4516.1900000000005,4516.915,213
2026-08-20 17:41:00+00:00,4516.950000000001,4517.535,4516.695,4516.76,187
2026-08-20 17:42:00+00:00,4516.79,4517.8150000000005,4516.43,4517.135,198
2026-08-20 17:43:00+00:00,4517.165,4517.985000000001,4516.96,4517.795,170
2026-08-20 17:44:00+00:00,4517.88,4518.41,4517.67,4518.355,161
2026-08-20 17:45:00+00:00,4518.3,4518.45,4517.365,4518.264999999999,167
2026-08-20 17:46:00+00:00,4518.389999999999,4519.665,4517.775,4519.485000000001,218
2026-08-20 17:47:00+00:00,4519.48,4520.285,4519.030000000001,4519.35,182
2026-08-20 17:48:00+00:00,4520.075,4520.375,4519.735000000001,4519.82,214
2026-08-20 17:49:00+00:00,4519.695,4519.76,4518.785,4519.195,191
2026-08-20 17:50:00+00:00,4519.219999999999,4520.255,4518.96,4519.43,199
2026-08-20 17:51:00+00:00,4519.45,4519.59,4518.43,4518.65,173
2026-08-20 17:52:00+00:00,4518.59,4518.8,4518.08,4518.255,177
2026-08-20 17:53:00+00:00,4518.21,4518.545,4517.255,4517.91,156
2026-08-20 17:54:00+00:00,4517.96,4518.860000000001,4517.605,4518.775,164
2026-08-20 17:55:00+00:00,4518.82,4519.135,4518.045,4518.82,197
2026-08-20 17:56:00+00:00,4518.8150000000005,4519.264999999999,4518.469999999999,4519.16,150
2026-08-20 17:57:00+00:00,4519.174999999999,4520.015,4518.905000000001,4519.924999999999,153
2026-08-20 17:58:00+00:00,4519.96,4520.615,4519.36,4519.6900000000005,146
2026-08-20 17:59:00+00:00,4519.725,4520.38,4519.215,4520.025,169
2026-08-20 18:00:00+00:00,4520.115,4521.245,4519.745,4520.945,243
2026-08-20 18:01:00+00:00,4521.045,4521.045,4518.450000000001,4519.59,273
2026-08-20 18:02:00+00:00,4519.705,4520.755,4519.594999999999,4520.6,192
2026-08-20 18:03:00+00:00,4520.62,4522.385,4520.61,4522.37,193
2026-08-20 18:04:00+00:00,4522.355,4522.375,4520.865,4521.885,198
2026-08-20 18:05:00+00:00,4521.885,4522.514999999999,4520.54,4521.115,241
2026-08-20 18:06:00+00:00,4521.12,4521.585,4519.415,4519.469999999999,209
2026-08-20 18:07:00+00:00,4519.525,4519.595,4516.82,4517.385,330
2026-08-20 18:08:00+00:00,4517.475,4517.545,4514.985000000001,4515.72,284
2026-08-20 18:09:00+00:00,4515.719999999999,4516.79,4515.485000000001,4516.6900000000005,240
2026-08-20 18:10:00+00:00,4516.78,4516.78,4514.17,4514.41,316
2026-08-20 18:11:00+00:00,4514.46,4514.575,4512.72,4513.035,306
2026-08-20 18:12:00+00:00,4513.075,4513.555,4509.545,4510.035,354
2026-08-20 18:13:00+00:00,4510.030000000001,4511.47,4509.99,4510.49,249
2026-08-20 18:14:00+00:00,4510.485000000001,4511.725,4510.219999999999,4510.75,294
2026-08-20 18:15:00+00:00,4510.745,4512.094999999999,4510.3099999999995,4511.42,302
2026-08-20 18:16:00+00:00,4511.405000000001,4512.225,4508.389999999999,4509.24,328
2026-08-20 18:17:00+00:00,4509.23,4510.855,4509.165,4510.04,242
2026-08-20 18:18:00+00:00,4510.030000000001,4513.66,4508.9349999999995,4513.1849999999995,316
2026-08-20 18:19:00+00:00,4513.24,4516.360000000001,4513.24,4515.96,274
2026-08-20 18:20:00+00:00,4516.08,4516.195,4515.049999999999,4515.78,274
2026-08-20 18:21:00+00:00,4515.66,4516.93,4515.535,4516.73,204
2026-08-20 18:22:00+00:00,4516.785,4518.28,4516.66,4517.27,227
2026-08-20 18:23:00+00:00,4517.255,4517.375,4515.625,4515.99,209
2026-08-20 18:24:00+00:00,4515.91,4517.025,4515.9,4516.58,144
2026-08-20 18:25:00+00:00,4516.49,4518.63,4516.49,4518.055,219
2026-08-20 18:26:00+00:00,4518.025,4519.365,4518.02,4518.98,203
2026-08-20 18:27:00+00:00,4519.005,4519.79,4518.835,4519.79,158
2026-08-20 18:28:00+00:00,4519.66,4519.719999999999,4518.38,4518.66,231
2026-08-20 18:29:00+00:00,4518.675,4520.285,4518.675,4519.13,248
2026-08-20 18:30:00+00:00,4518.885,4521.115,4518.575,4521.115,254
2026-08-20 18:31:00+00:00,4520.915,4521.54,4520.245,4520.425,195
2026-08-20 18:32:00+00:00,4520.41,4521.23,4520.25,4521.025,149
2026-08-20 18:33:00+00:00,4521.0,4521.01,4519.68,4519.6900000000005,124
2026-08-20 18:34:00+00:00,4519.55,4520.37,4519.175,4519.57,186
2026-08-20 18:35:00+00:00,4519.605,4520.755,4518.995,4519.925,233
2026-08-20 18:36:00+00:00,4519.905000000001,4522.385,4519.360000000001,4522.145,229
2026-08-20 18:37:00+00:00,4522.115,4523.02,4521.98,4523.02,254
2026-08-20 18:38:00+00:00,4523.01,4523.610000000001,4521.8099999999995,4522.110000000001,241
2026-08-20 18:39:00+00:00,4522.15,4522.21,4520.77,4521.21,197
2026-08-20 18:40:00+00:00,4521.2,4521.4400000000005,4520.42,4521.435,199
2026-08-20 18:41:00+00:00,4521.485000000001,4521.675,4521.09,4521.1900000000005,199
2026-08-20 18:42:00+00:00,4521.17,4522.115,4521.0650000000005,4521.695,231
2026-08-20 18:43:00+00:00,4521.59,4521.85,4520.205,4521.055,189
2026-08-20 18:44:00+00:00,4521.049999999999,4521.255,4519.87,4520.17,197
2026-08-20 18:45:00+00:00,4520.18,4520.805,4519.1900000000005,4519.28,227
2026-08-20 18:46:00+00:00,4519.355,4519.385,4518.01,4518.945,184
2026-08-20 18:47:00+00:00,4519.075,4519.365,4518.3099999999995,4519.345,212
2026-08-20 18:48:00+00:00,4519.255,4520.215,4518.86,4520.215,205
2026-08-20 18:49:00+00:00,4520.24,4521.63,4519.8099999999995,4521.504999999999,210
2026-08-20 18:50:00+00:00,4521.4349999999995,4522.545,4521.14,4522.42,172
2026-08-20 18:51:00+00:00,4522.41,4524.805,4522.41,4522.735,219
2026-08-20 18:52:00+00:00,4522.755,4525.395,4522.665,4524.185,190
2026-08-20 18:53:00+00:00,4524.205,4524.379999999999,4523.45,4523.98,158
2026-08-20 18:54:00+00:00,4524.035,4524.799999999999,4523.595,4524.74,174
2026-08-20 18:55:00+00:00,4524.799999999999,4525.03,4523.48,4523.52,246
2026-08-20 18:56:00+00:00,4523.63,4524.4400000000005,4523.445,4523.945,195
2026-08-20 18:57:00+00:00,4523.955,4524.3099999999995,4523.46,4523.85,191
2026-08-20 18:58:00+00:00,4523.895,4523.895,4521.885,4522.14,192
2026-08-20 18:59:00+00:00,4522.0650000000005,4522.545,4521.360000000001,4522.15,295
2026-08-20 19:00:00+00:00,4522.1,4522.139999999999,4518.235000000001,4521.42,354
2026-08-20 19:01:00+00:00,4521.445,4522.145,4521.219999999999,4521.255,187
2026-08-20 19:02:00+00:00,4521.27,4521.38,4520.505,4521.27,173
2026-08-20 19:03:00+00:00,4521.375,4522.700000000001,4520.97,4522.085,171
2026-08-20 19:04:00+00:00,4521.98,4522.275,4520.5599999999995,4521.73,202
2026-08-20 19:05:00+00:00,4521.75,4522.34,4521.38,4522.125,201
2026-08-20 19:06:00+00:00,4522.12,4523.29,4521.84,4523.29,156
2026-08-20 19:07:00+00:00,4523.345,4524.4,4523.21,4524.105,153
2026-08-20 19:08:00+00:00,4524.25,4525.635,4523.799999999999,4525.1900000000005,154
2026-08-20 19:09:00+00:00,4525.21,4526.28,4524.95,4526.17,187
2026-08-20 19:10:00+00:00,4526.1900000000005,4526.360000000001,4524.385,4524.875,207
2026-08-20 19:11:00+00:00,4524.865,4525.055,4524.4400000000005,4524.845,160
2026-08-20 19:12:00+00:00,4525.215,4526.27,4525.045,4526.27,157
2026-08-20 19:13:00+00:00,4526.245,4528.12,4526.09,4528.07,192
2026-08-20 19:14:00+00:00,4528.05,4528.215,4527.445,4527.68,178
2026-08-20 19:15:00+00:00,4527.75,4528.51,4527.655000000001,4528.3,175
2026-08-20 19:16:00+00:00,4528.375,4529.535,4528.145,4528.79,210
2026-08-20 19:17:00+00:00,4528.7,4528.88,4527.485000000001,4527.725,215
2026-08-20 19:18:00+00:00,4527.675,4528.3099999999995,4527.42,4527.42,153
2026-08-20 19:19:00+00:00,4527.45,4527.45,4525.675,4525.9,211
2026-08-20 19:20:00+00:00,4525.895,4526.84,4525.13,4525.29,234
2026-08-20 19:21:00+00:00,4525.26,4525.325,4523.895,4524.495000000001,238
2026-08-20 19:22:00+00:00,4524.545,4526.125,4524.36,4525.96,210
2026-08-20 19:23:00+00:00,4525.945,4528.055,4525.879999999999,4528.035,214
2026-08-20 19:24:00+00:00,4528.035,4528.285,4527.03,4527.2,184
2026-08-20 19:25:00+00:00,4527.125,4527.91,4526.77,4527.0599999999995,177
2026-08-20 19:26:00+00:00,4527.025,4527.74,4525.66,4525.715,178
2026-08-20 19:27:00+00:00,4525.725,4526.01,4524.615,4525.405000000001,153
2026-08-20 19:28:00+00:00,4525.389999999999,4525.45,4523.74,4523.945,172
2026-08-20 19:29:00+00:00,4523.924999999999,4524.275,4522.705,4522.875,134
2026-08-20 19:30:00+00:00,4522.8150000000005,4524.129999999999,4522.014999999999,4523.535,296
2026-08-20 19:31:00+00:00,4523.45,4524.0650000000005,4522.889999999999,4523.66,194
2026-08-20 19:32:00+00:00,4523.675,4524.635,4523.030000000001,4524.49,157
2026-08-20 19:33:00+00:00,4524.5,4524.715,4523.615,4524.1,172
2026-08-20 19:34:00+00:00,4524.02,4524.5,4523.43,4524.1900000000005,196
2026-08-20 19:35:00+00:00,4524.200000000001,4524.61,4523.1900000000005,4524.61,228
2026-08-20 19:36:00+00:00,4524.585,4526.105,4523.715,4525.415,274
2026-08-20 19:37:00+00:00,4525.355,4527.185,4524.975,4527.084999999999,224
2026-08-20 19:38:00+00:00,4527.08,4529.755,4527.08,4528.08,285
2026-08-20 19:39:00+00:00,4528.135,4529.24,4527.764999999999,4529.07,202
2026-08-20 19:40:00+00:00,4528.995,4529.075000000001,4527.775,4528.12,228
2026-08-20 19:41:00+00:00,4528.135,4528.17,4527.3150000000005,4527.965,170
2026-08-20 19:42:00+00:00,4527.975,4528.344999999999,4526.51,4526.5599999999995,210
2026-08-20 19:43:00+00:00,4526.49,4528.72,4526.415,4527.115,184
2026-08-20 19:44:00+00:00,4527.01,4527.885,4526.37,4526.37,187
2026-08-20 19:45:00+00:00,4526.41,4527.785,4525.205,4527.77,216
2026-08-20 19:46:00+00:00,4527.6900000000005,4528.515,4526.165,4526.165,181
2026-08-20 19:47:00+00:00,4526.1849999999995,4526.805,4525.02,4525.860000000001,234
2026-08-20 19:48:00+00:00,4525.92,4528.555,4525.755,4528.51,234
2026-08-20 19:49:00+00:00,4528.46,4530.505,4528.46,4528.91,245
2026-08-20 19:50:00+00:00,4528.835,4531.235,4528.58,4530.96,304
2026-08-20 19:51:00+00:00,4531.085,4531.54,4528.775,4528.795,290
2026-08-20 19:52:00+00:00,4528.865,4529.88,4528.16,4529.6849999999995,264
2026-08-20 19:53:00+00:00,4529.715,4531.965,4529.175,4531.514999999999,252
2026-08-20 19:54:00+00:00,4531.610000000001,4532.16,4530.955,4531.145,268
2026-08-20 19:55:00+00:00,4531.245,4531.445,4530.405000000001,4531.36,299
2026-08-20 19:56:00+00:00,4531.25,4531.615,4528.200000000001,4529.03,288
2026-08-20 19:57:00+00:00,4529.105,4529.110000000001,4527.37,4528.59,310
2026-08-20 19:58:00+00:00,4528.655,4529.1900000000005,4527.735000000001,4527.915,272
2026-08-20 19:59:00+00:00,4527.844999999999,4529.11,4526.9400000000005,4528.74,384
2026-08-20 20:00:00+00:00,4528.64,4529.195,4528.12,4528.555,239
2026-08-20 20:01:00+00:00,4528.26,4529.01,4526.455,4526.54,110
2026-08-20 20:02:00+00:00,4526.535,4527.08,4525.9400000000005,4527.08,123
2026-08-20 20:03:00+00:00,4527.1900000000005,4528.105,4527.0650000000005,4527.889999999999,103
2026-08-20 20:04:00+00:00,4528.045,4528.43,4527.05,4527.139999999999,68
2026-08-20 20:05:00+00:00,4527.09,4528.0,4526.785,4527.04,115
2026-08-20 20:06:00+00:00,4527.025,4527.135,4525.825000000001,4526.21,114
2026-08-20 20:07:00+00:00,4525.985,4525.985,4525.219999999999,4525.285,84
2026-08-20 20:08:00+00:00,4525.395,4525.395,4522.68,4523.1849999999995,170
2026-08-20 20:09:00+00:00,4523.1900000000005,4523.65,4522.915,4522.93,103
2026-08-20 20:10:00+00:00,4522.924999999999,4524.525,4522.924999999999,4524.360000000001,108
2026-08-20 20:11:00+00:00,4524.424999999999,4524.674999999999,4524.27,4524.465,45
2026-08-20 20:12:00+00:00,4524.370000000001,4524.975,4523.91,4524.975,81
2026-08-20 20:13:00+00:00,4524.995,4524.995,4522.455,4522.735000000001,80
2026-08-20 20:14:00+00:00,4522.625,4523.28,4522.485,4522.485,88
2026-08-20 20:15:00+00:00,4522.43,4522.82,4521.675,4522.049999999999,89
2026-08-20 20:16:00+00:00,4522.0650000000005,4522.42,4521.74,4521.74,50
2026-08-20 20:17:00+00:00,4521.635,4521.9,4521.005,4521.5599999999995,98
2026-08-20 20:18:00+00:00,4521.53,4522.2,4521.24,4522.075,93
2026-08-20 20:19:00+00:00,4522.014999999999,4522.110000000001,4521.4,4522.035,46
2026-08-20 20:20:00+00:00,4521.96,4522.235000000001,4521.8,4521.98,37
2026-08-20 20:21:00+00:00,4521.965,4522.025,4521.62,4521.88,39
2026-08-20 20:22:00+00:00,4521.9,4522.075000000001,4521.215,4521.389999999999,81
2026-08-20 20:23:00+00:00,4521.48,4521.98,4520.844999999999,4521.52,113
2026-08-20 20:24:00+00:00,4521.530000000001,4522.379999999999,4521.049999999999,4521.365,67
2026-08-20 20:25:00+00:00,4521.385,4521.76,4520.575,4520.9400000000005,81
2026-08-20 20:26:00+00:00,4521.005,4521.03,4520.5599999999995,4520.5599999999995,43
2026-08-20 20:27:00+00:00,4520.629999999999,4521.695,4520.545,4521.475,89
2026-08-20 20:28:00+00:00,4521.485000000001,4521.795,4520.9,4521.23,77
2026-08-20 20:29:00+00:00,4521.4400000000005,4522.11,4520.77,4520.915,65
2026-08-20 20:30:00+00:00,4521.0599999999995,4521.15,4520.29,4520.799999999999,87
2026-08-20 20:31:00+00:00,4520.86,4520.905,4519.305,4520.135,78
2026-08-20 20:32:00+00:00,4519.955,4519.955,4519.325,4519.38,56
2026-08-20 20:33:00+00:00,4519.355,4519.385,4518.145,4518.5650000000005,131
2026-08-20 20:34:00+00:00,4518.47,4518.59,4516.895,4518.045,133
2026-08-20 20:35:00+00:00,4518.030000000001,4518.555,4517.525,4517.6849999999995,89
2026-08-20 20:36:00+00:00,4517.67,4518.26,4517.450000000001,4517.575000000001,53
2026-08-20 20:37:00+00:00,4517.585,4518.165,4517.585,4518.0,40
2026-08-20 20:38:00+00:00,4518.12,4518.75,4517.84,4518.01,59
2026-08-20 20:39:00+00:00,4518.05,4518.175,4517.485000000001,4518.005,61
2026-08-20 20:40:00+00:00,4517.8099999999995,4518.755,4517.780000000001,4518.424999999999,67
2026-08-20 20:41:00+00:00,4518.525,4518.639999999999,4518.265,4518.33,50
2026-08-20 20:42:00+00:00,4518.344999999999,4518.615,4518.08,4518.360000000001,63
2026-08-20 20:43:00+00:00,4518.39,4518.98,4518.23,4518.9400000000005,50
2026-08-20 20:44:00+00:00,4518.805,4518.82,4518.18,4518.33,60
2026-08-20 20:45:00+00:00,4518.47,4518.725,4518.29,4518.725,62
2026-08-20 20:46:00+00:00,4518.62,4519.16,4518.62,4518.925,23
2026-08-20 20:47:00+00:00,4518.8099999999995,4519.045,4518.3099999999995,4518.415,20
2026-08-20 20:48:00+00:00,4518.535,4518.535,4518.139999999999,4518.145,9
2026-08-20 20:49:00+00:00,4518.045,4518.895,4518.045,4518.79,19
2026-08-20 20:50:00+00:00,4518.505,4519.335,4518.225,4518.895,66
2026-08-20 20:51:00+00:00,4518.945,4521.09,4518.68,4521.09,60
2026-08-20 20:52:00+00:00,4520.9400000000005,4521.424999999999,4520.245000000001,4521.4,54
2026-08-20 20:53:00+00:00,4521.395,4521.395,4520.555,4520.795,30
2026-08-20 20:54:00+00:00,4520.674999999999,4520.885,4519.225,4519.83,111
2026-08-20 20:55:00+00:00,4519.95,4520.32,4518.945,4519.405,66
2026-08-20 20:56:00+00:00,4519.285,4520.0650000000005,4519.135,4519.255,40
2026-08-20 20:57:00+00:00,4519.275,4519.525,4518.885,4518.955,18
2026-08-20 20:58:00+00:00,4519.0650000000005,4519.445,4518.9349999999995,4519.385,29
2026-08-20 20:59:00+00:00,4519.24,4519.305,4516.4,4516.4,37
2026-08-20 22:00:00+00:00,4518.43,4521.21,4517.95,4520.495,137
2026-08-20 22:01:00+00:00,4520.645,4521.055,4519.465,4520.385,70
2026-08-20 22:02:00+00:00,4520.135,4520.15,4519.82,4519.95,19
2026-08-20 22:03:00+00:00,4520.055,4520.52,4519.48,4519.985000000001,45
2026-08-20 22:04:00+00:00,4519.71,4520.79,4517.915,4519.389999999999,77
2026-08-20 22:05:00+00:00,4519.514999999999,4520.360000000001,4519.165,4520.145,55
2026-08-20 22:06:00+00:00,4520.16,4520.34,4519.695,4519.764999999999,46
2026-08-20 22:07:00+00:00,4520.014999999999,4520.344999999999,4518.924999999999,4519.29,66
2026-08-20 22:08:00+00:00,4519.0599999999995,4519.505,4518.925,4519.07,28
2026-08-20 22:09:00+00:00,4519.24,4519.24,4517.705,4517.705,67
2026-08-20 22:10:00+00:00,4517.835,4517.95,4516.65,4517.08,54
2026-08-20 22:11:00+00:00,4517.01,4519.549999999999,4517.01,4519.549999999999,58
2026-08-20 22:12:00+00:00,4519.35,4519.665,4518.26,4518.26,51
2026-08-20 22:13:00+00:00,4518.585,4518.895,4518.0650000000005,4518.26,49
2026-08-20 22:14:00+00:00,4518.415,4519.174999999999,4518.235000000001,4518.514999999999,40
2026-08-20 22:15:00+00:00,4518.805,4520.014999999999,4518.305,4519.855,61
2026-08-20 22:16:00+00:00,4519.195,4519.915,4518.895,4519.855,39
2026-08-20 22:17:00+00:00,4519.975,4520.08,4519.145,4519.905000000001,30
2026-08-20 22:18:00+00:00,4519.915,4520.025,4519.285,4519.945,43
2026-08-20 22:19:00+00:00,4520.055,4520.344999999999,4519.424999999999,4519.695,32
2026-08-20 22:20:00+00:00,4519.405000000001,4520.055,4519.165,4519.8150000000005,33
2026-08-20 22:21:00+00:00,4519.655000000001,4519.655000000001,4518.290000000001,4518.715,43
2026-08-20 22:22:00+00:00,4518.825000000001,4519.035,4517.975,4518.545,35
2026-08-20 22:23:00+00:00,4518.3150000000005,4518.51,4517.655000000001,4518.014999999999,28
2026-08-20 22:24:00+00:00,4518.174999999999,4518.855,4518.0650000000005,4518.455,29
2026-08-20 22:25:00+00:00,4518.594999999999,4519.535,4518.255,4519.535,46
2026-08-20 22:26:00+00:00,4519.525,4519.525,4518.775,4519.125,39
2026-08-20 22:27:00+00:00,4518.855,4520.165,4518.775,4520.115,54
2026-08-20 22:28:00+00:00,4519.865,4521.085,4519.115,4519.145,83
2026-08-20 22:29:00+00:00,4519.245,4519.585,4518.514999999999,4519.465,54
2026-08-20 22:30:00+00:00,4519.575000000001,4519.98,4518.275,4518.9400000000005,76
2026-08-20 22:31:00+00:00,4518.805,4520.055,4518.665,4519.375,48
2026-08-20 22:32:00+00:00,4519.265,4519.655,4518.945,4519.165,39
2026-08-20 22:33:00+00:00,4519.0650000000005,4520.095,4519.0650000000005,4519.83,33
2026-08-20 22:34:00+00:00,4520.115,4520.525,4519.705,4520.27,34
2026-08-20 22:35:00+00:00,4520.43,4520.54,4519.5650000000005,4519.925,32
2026-08-20 22:36:00+00:00,4519.955,4521.125,4519.945,4520.705,53
2026-08-20 22:37:00+00:00,4520.585,4521.195,4519.99,4521.09,37
2026-08-20 22:38:00+00:00,4520.985,4522.615,4520.5650000000005,4522.219999999999,53
2026-08-20 22:39:00+00:00,4521.785,4522.205,4521.475,4521.715,36
2026-08-20 22:40:00+00:00,4521.84,4522.365,4521.27,4522.22,47
2026-08-20 22:41:00+00:00,4522.06,4522.755,4522.06,4522.385,62
2026-08-20 22:42:00+00:00,4522.245,4522.985000000001,4521.915,4522.875,49
2026-08-20 22:43:00+00:00,4522.735000000001,4523.5,4522.725,4523.3150000000005,65
2026-08-20 22:44:00+00:00,4523.215,4523.665,4522.305,4522.755,49
2026-08-20 22:45:00+00:00,4522.645,4523.55,4522.305,4523.4400000000005,46
2026-08-20 22:46:00+00:00,4523.275,4523.764999999999,4522.015,4522.695,46
2026-08-20 22:47:00+00:00,4522.575,4522.575,4519.635,4520.245,75
2026-08-20 22:48:00+00:00,4520.345,4521.139999999999,4519.52,4520.29,68
2026-08-20 22:49:00+00:00,4520.18,4522.45,4520.18,4522.4349999999995,63
2026-08-20 22:50:00+00:00,4522.335,4522.530000000001,4521.8,4522.530000000001,24
2026-08-20 22:51:00+00:00,4522.4,4523.700000000001,4522.15,4523.42,64
2026-08-20 22:52:00+00:00,4523.530000000001,4524.09,4522.700000000001,4523.96,75
2026-08-20 22:53:00+00:00,4523.855,4524.764999999999,4523.855,4524.639999999999,64
2026-08-20 22:54:00+00:00,4524.485000000001,4524.639999999999,4523.21,4524.1,59
2026-08-20 22:55:00+00:00,4523.915,4524.48,4523.465,4523.855,70
2026-08-20 22:56:00+00:00,4523.75,4524.335,4523.4400000000005,4524.335,50
2026-08-20 22:57:00+00:00,4524.110000000001,4524.48,4523.595,4524.219999999999,57
2026-08-20 22:58:00+00:00,4524.085,4524.445,4523.895,4523.9349999999995,44
2026-08-20 22:59:00+00:00,4523.905,4524.405,4523.665,4524.285,30
2026-08-20 23:00:00+00:00,4524.209999999999,4524.715,4523.8150000000005,4523.8150000000005,65
2026-08-20 23:01:00+00:00,4523.755,4524.725,4523.475,4524.705,61
2026-08-20 23:02:00+00:00,4524.6900000000005,4527.52,4524.605,4527.27,108
2026-08-20 23:03:00+00:00,4527.23,4530.15,4526.95,4529.42,111
2026-08-20 23:04:00+00:00,4529.4,4529.66,4528.860000000001,4529.29,81
2026-08-20 23:05:00+00:00,4529.3,4530.07,4529.139999999999,4529.99,52
2026-08-20 23:06:00+00:00,4530.05,4530.37,4528.96,4529.22,102
2026-08-20 23:07:00+00:00,4529.34,4530.225,4528.13,4528.265,86
2026-08-20 23:08:00+00:00,4528.275,4528.344999999999,4524.97,4525.205,79
2026-08-20 23:09:00+00:00,4525.219999999999,4527.3150000000005,4524.915,4527.225,113
2026-08-20 23:10:00+00:00,4527.215,4528.335,4527.215,4528.325,28
2026-08-20 23:11:00+00:00,4528.455,4529.235,4528.345,4528.875,25
2026-08-20 23:12:00+00:00,4528.745,4533.014999999999,4528.745,4531.74,115
2026-08-20 23:13:00+00:00,4531.56,4532.15,4530.69,4531.639999999999,62
2026-08-20 23:14:00+00:00,4531.5650000000005,4532.285,4531.01,4531.805,43
2026-08-20 23:15:00+00:00,4531.68,4532.139999999999,4530.8150000000005,4531.264999999999,39
2026-08-20 23:16:00+00:00,4531.15,4531.71,4530.049999999999,4530.360000000001,55
2026-08-20 23:17:00+00:00,4530.280000000001,4530.860000000001,4529.51,4530.655000000001,66
2026-08-20 23:18:00+00:00,4530.755,4531.594999999999,4530.365,4531.594999999999,28
2026-08-20 23:19:00+00:00,4531.485000000001,4532.505,4531.29,4531.530000000001,75
2026-08-20 23:20:00+00:00,4531.365,4531.4400000000005,4529.945,4530.115,40
2026-08-20 23:21:00+00:00,4529.915,4530.245,4529.665,4529.875,37
2026-08-20 23:22:00+00:00,4530.014999999999,4530.014999999999,4528.125,4528.395,50
2026-08-20 23:23:00+00:00,4528.514999999999,4529.255,4528.1849999999995,4529.025,40
2026-08-20 23:24:00+00:00,4529.155000000001,4529.155000000001,4528.365,4528.8099999999995,24
2026-08-20 23:25:00+00:00,4528.95,4529.805,4528.34,4529.805,50
2026-08-20 23:26:00+00:00,4529.764999999999,4530.41,4527.21,4527.5599999999995,99
2026-08-20 23:27:00+00:00,4527.445,4529.200000000001,4527.445,4529.085,40
2026-08-20 23:28:00+00:00,4529.1900000000005,4529.1900000000005,4522.73,4525.950000000001,95
2026-08-20 23:29:00+00:00,4526.08,4527.225,4524.525,4527.225,82
2026-08-20 23:30:00+00:00,4527.115,4527.67,4525.775,4527.665,69
2026-08-20 23:31:00+00:00,4527.525,4528.795,4525.030000000001,4525.525,79
2026-08-20 23:32:00+00:00,4525.67,4525.719999999999,4522.235000000001,4524.389999999999,119
2026-08-20 23:33:00+00:00,4524.52,4524.9,4523.469999999999,4524.21,55
2026-08-20 23:34:00+00:00,4524.1,4524.639999999999,4523.225,4523.74,63
2026-08-20 23:35:00+00:00,4523.62,4523.91,4522.49,4522.72,59
2026-08-20 23:36:00+00:00,4522.860000000001,4522.915,4520.94,4521.969999999999,141
2026-08-20 23:37:00+00:00,4521.84,4523.13,4521.84,4522.855,57
2026-08-20 23:38:00+00:00,4522.985,4524.525,4522.985,4524.385,49
2026-08-20 23:39:00+00:00,4523.835,4523.965,4523.205,4523.775,39
2026-08-20 23:40:00+00:00,4523.755,4524.7,4523.665,4524.525,36
2026-08-20 23:41:00+00:00,4524.635,4525.035,4524.1849999999995,4524.68,37
2026-08-20 23:42:00+00:00,4524.905,4524.905,4523.875,4523.985,27
2026-08-20 23:43:00+00:00,4524.13,4524.67,4524.13,4524.555,21
2026-08-20 23:44:00+00:00,4524.719999999999,4524.985,4524.395,4524.635,25
2026-08-20 23:45:00+00:00,4524.785,4524.785,4524.055,4524.365,40
2026-08-20 23:46:00+00:00,4524.225,4524.46,4523.155,4524.22,60
2026-08-20 23:47:00+00:00,4524.09,4525.645,4524.09,4525.56,32
2026-08-20 23:48:00+00:00,4525.46,4525.59,4524.99,4525.07,24
2026-08-20 23:49:00+00:00,4525.18,4527.53,4525.06,4527.3,59
2026-08-20 23:50:00+00:00,4527.17,4528.014999999999,4526.48,4527.365,59
2026-08-20 23:51:00+00:00,4527.215,4527.535,4526.0,4526.49,88
2026-08-20 23:52:00+00:00,4526.360000000001,4526.950000000001,4526.165,4526.174999999999,60
2026-08-20 23:53:00+00:00,4526.09,4527.4400000000005,4526.0650000000005,4527.4400000000005,59
2026-08-20 23:54:00+00:00,4527.245,4528.305,4527.105,4527.645,73
2026-08-20 23:55:00+00:00,4527.525,4527.77,4526.3150000000005,4526.465,63
2026-08-20 23:56:00+00:00,4526.219999999999,4526.825000000001,4526.025,4526.5650000000005,62
2026-08-20 23:57:00+00:00,4526.790000000001,4527.275,4526.365,4526.610000000001,63
2026-08-20 23:58:00+00:00,4526.475,4527.8099999999995,4526.155000000001,4527.535,112
2026-08-20 23:59:00+00:00,4527.42,4527.799999999999,4525.77,4526.535,117
2026-08-21 00:00:00+00:00,4526.424999999999,4527.725,4525.62,4525.84,217
2026-08-21 00:01:00+00:00,4525.844999999999,4527.48,4525.02,4525.215,199
2026-08-21 00:02:00+00:00,4525.3,4527.27,4524.615,4526.085,235
2026-08-21 00:03:00+00:00,4526.0650000000005,4526.515,4523.79,4523.9,150
2026-08-21 00:04:00+00:00,4524.145,4524.17,4522.35,4522.9,149
2026-08-21 00:05:00+00:00,4522.955,4523.125,4520.76,4521.24,122
2026-08-21 00:06:00+00:00,4521.1,4522.09,4520.055,4520.645,125
2026-08-21 00:07:00+00:00,4520.8150000000005,4523.025,4520.6900000000005,4522.3099999999995,196
2026-08-21 00:08:00+00:00,4522.205,4522.905000000001,4521.08,4521.08,133
2026-08-21 00:09:00+00:00,4520.88,4520.975,4519.775,4520.23,123
2026-08-21 00:10:00+00:00,4520.29,4523.25,4519.965,4522.955,193
2026-08-21 00:11:00+00:00,4522.764999999999,4522.985,4520.755,4521.1849999999995,126
2026-08-21 00:12:00+00:00,4521.075000000001,4522.13,4519.575,4519.865,144
2026-08-21 00:13:00+00:00,4520.005,4520.530000000001,4517.875,4519.93,191
2026-08-21 00:14:00+00:00,4519.8,4519.8,4517.405,4518.6900000000005,109
2026-08-21 00:15:00+00:00,4518.58,4519.195,4516.75,4516.75,185
2026-08-21 00:16:00+00:00,4516.95,4517.9400000000005,4514.77,4514.875,204
2026-08-21 00:17:00+00:00,4514.98,4517.94,4514.889999999999,4517.745,241
2026-08-21 00:18:00+00:00,4517.835,4518.889999999999,4517.375,4518.72,152
2026-08-21 00:19:00+00:00,4518.51,4519.47,4517.505,4517.865,169
2026-08-21 00:20:00+00:00,4517.74,4518.67,4516.33,4518.38,165
2026-08-21 00:21:00+00:00,4518.52,4518.66,4516.515,4516.655,166
2026-08-21 00:22:00+00:00,4516.83,4518.495,4516.445,4518.37,139
2026-08-21 00:23:00+00:00,4518.22,4519.07,4517.985000000001,4518.535,143
2026-08-21 00:24:00+00:00,4518.64,4519.0650000000005,4517.1849999999995,4517.53,124
2026-08-21 00:25:00+00:00,4517.635,4520.15,4517.245,4520.035,178
2026-08-21 00:26:00+00:00,4519.945,4520.745,4519.805,4520.655000000001,142
2026-08-21 00:27:00+00:00,4520.705,4520.74,4518.05,4518.46,180
2026-08-21 00:28:00+00:00,4518.35,4519.125,4517.735,4519.125,134
2026-08-21 00:29:00+00:00,4518.99,4518.99,4513.735,4514.83,234
2026-08-21 00:30:00+00:00,4514.71,4515.57,4513.51,4514.245000000001,191
2026-08-21 00:31:00+00:00,4514.3,4515.835,4513.049999999999,4515.835,189
2026-08-21 00:32:00+00:00,4515.9,4517.235,4514.38,4514.450000000001,138
2026-08-21 00:33:00+00:00,4514.4,4515.75,4513.965,4515.645,128
2026-08-21 00:34:00+00:00,4515.785,4515.785,4514.264999999999,4514.475,91
2026-08-21 00:35:00+00:00,4514.465,4515.85,4513.895,4515.3150000000005,119
2026-08-21 00:36:00+00:00,4515.59,4515.62,4512.775,4513.035,166
2026-08-21 00:37:00+00:00,4513.105,4513.9400000000005,4512.585,4513.77,136
2026-08-21 00:38:00+00:00,4513.885,4513.93,4511.67,4513.465,180
2026-08-21 00:39:00+00:00,4513.57,4514.0650000000005,4512.71,4512.9400000000005,132
2026-08-21 00:40:00+00:00,4512.955,4513.3150000000005,4512.34,4512.5599999999995,172
2026-08-21 00:41:00+00:00,4512.66,4512.74,4510.81,4510.97,178
2026-08-21 00:42:00+00:00,4510.89,4511.465,4510.74,4511.465,120
2026-08-21 00:43:00+00:00,4511.51,4512.389999999999,4510.82,4512.18,136
2026-08-21 00:44:00+00:00,4512.005,4514.45,4511.595,4513.780000000001,160
2026-08-21 00:45:00+00:00,4513.66,4514.0,4512.515,4513.22,156
2026-08-21 00:46:00+00:00,4513.34,4513.34,4511.32,4511.86,100
2026-08-21 00:47:00+00:00,4511.85,4511.98,4510.175,4510.77,126
2026-08-21 00:48:00+00:00,4510.67,4511.32,4510.36,4510.4400000000005,110
2026-08-21 00:49:00+00:00,4510.54,4512.835,4510.4349999999995,4511.595,125
2026-08-21 00:50:00+00:00,4511.41,4512.135,4511.335,4511.42,105
2026-08-21 00:51:00+00:00,4511.4349999999995,4511.4349999999995,4510.225,4510.969999999999,135
2026-08-21 00:52:00+00:00,4511.209999999999,4512.84,4511.015,4512.12,133
2026-08-21 00:53:00+00:00,4512.215,4512.215,4510.305,4511.0650000000005,173
2026-08-21 00:54:00+00:00,4511.18,4511.915,4510.635,4511.15,183
2026-08-21 00:55:00+00:00,4511.18,4511.61,4510.155,4510.54,174
2026-08-21 00:56:00+00:00,4510.4349999999995,4511.275,4510.35,4510.51,139
2026-08-21 00:57:00+00:00,4510.405,4511.65,4510.055,4511.65,136
2026-08-21 00:58:00+00:00,4511.48,4511.74,4510.3,4511.59,131
2026-08-21 00:59:00+00:00,4511.455,4511.5650000000005,4509.889999999999,4510.4349999999995,195
2026-08-21 01:00:00+00:00,4510.540000000001,4513.9349999999995,4509.055,4513.145,382
2026-08-21 01:01:00+00:00,4512.790000000001,4513.45,4508.915,4512.37,409
2026-08-21 01:02:00+00:00,4512.219999999999,4516.8,4512.2,4516.155,361
2026-08-21 01:03:00+00:00,4515.995,4517.55,4512.639999999999,4516.045,380
2026-08-21 01:04:00+00:00,4516.0,4517.0,4513.13,4513.295,329
2026-08-21 01:05:00+00:00,4513.195,4515.245000000001,4512.3150000000005,4514.42,407
2026-08-21 01:06:00+00:00,4514.25,4516.275,4512.264999999999,4515.78,401
2026-08-21 01:07:00+00:00,4515.73,4516.235000000001,4513.235000000001,4515.22,303
2026-08-21 01:08:00+00:00,4515.27,4516.085,4513.674999999999,4514.0,287
2026-08-21 01:09:00+00:00,4514.0599999999995,4516.045,4512.845,4513.865,423
2026-08-21 01:10:00+00:00,4513.925,4514.725,4512.705,4512.885,383
2026-08-21 01:11:00+00:00,4512.79,4513.95,4512.255,4512.765,295
2026-08-21 01:12:00+00:00,4512.61,4518.655,4512.495,4518.33,335
2026-08-21 01:13:00+00:00,4518.1849999999995,4520.469999999999,4517.969999999999,4518.895,309
2026-08-21 01:14:00+00:00,4518.995,4521.3150000000005,4518.58,4520.92,233
2026-08-21 01:15:00+00:00,4520.58,4524.175,4520.3099999999995,4524.075,280
2026-08-21 01:16:00+00:00,4523.965,4525.165,4523.44,4525.165,241
2026-08-21 01:17:00+00:00,4524.93,4526.775,4524.035,4524.165,238
2026-08-21 01:18:00+00:00,4524.035,4524.755,4523.075,4524.1849999999995,169
2026-08-21 01:19:00+00:00,4524.34,4524.93,4522.76,4524.265,206
2026-08-21 01:20:00+00:00,4524.115,4525.635,4522.395,4525.34,272
2026-08-21 01:21:00+00:00,4525.485,4527.6,4525.09,4525.135,271
2026-08-21 01:22:00+00:00,4525.245,4526.5650000000005,4524.405,4525.93,167
2026-08-21 01:23:00+00:00,4525.74,4528.0650000000005,4525.5,4527.9,184
2026-08-21 01:24:00+00:00,4527.965,4529.95,4526.41,4526.545,256
2026-08-21 01:25:00+00:00,4526.69,4527.765,4526.39,4526.45,174
2026-08-21 01:26:00+00:00,4526.49,4527.505,4525.51,4527.505,236
2026-08-21 01:27:00+00:00,4527.4,4530.79,4527.16,4530.27,269
2026-08-21 01:28:00+00:00,4530.2,4530.445,4528.475,4530.205,235
2026-08-21 01:29:00+00:00,4530.225,4530.445,4529.32,4529.620000000001,223
2026-08-21 01:30:00+00:00,4529.514999999999,4530.594999999999,4528.57,4530.21,274
2026-08-21 01:31:00+00:00,4530.25,4534.225,4530.13,4532.379999999999,306
2026-08-21 01:32:00+00:00,4532.25,4535.285,4532.035,4534.99,236
2026-08-21 01:33:00+00:00,4534.875,4536.665,4534.585,4535.66,276
2026-08-21 01:34:00+00:00,4535.655,4538.89,4535.4,4537.3150000000005,287
2026-08-21 01:35:00+00:00,4537.445,4543.9349999999995,4536.530000000001,4541.3150000000005,335
2026-08-21 01:36:00+00:00,4541.205,4541.459999999999,4534.955,4535.545,425
2026-08-21 01:37:00+00:00,4535.43,4536.325,4534.345,4535.195,318
2026-08-21 01:38:00+00:00,4535.0650000000005,4535.225,4530.045,4530.795,386
2026-08-21 01:39:00+00:00,4530.785,4531.14,4526.985000000001,4528.77,265
2026-08-21 01:40:00+00:00,4528.6,4529.02,4524.655000000001,4525.105,263
2026-08-21 01:41:00+00:00,4525.13,4526.705,4523.795,4526.705,309
2026-08-21 01:42:00+00:00,4526.7,4526.85,4524.8099999999995,4526.63,190
2026-08-21 01:43:00+00:00,4526.74,4526.74,4524.93,4525.9349999999995,193
2026-08-21 01:44:00+00:00,4525.535,4527.610000000001,4525.535,4526.205,212
2026-08-21 01:45:00+00:00,4526.21,4527.48,4525.969999999999,4527.085,196
2026-08-21 01:46:00+00:00,4527.110000000001,4528.295,4526.545,4528.200000000001,169
2026-08-21 01:47:00+00:00,4528.120000000001,4531.465,4528.120000000001,4530.985,227
2026-08-21 01:48:00+00:00,4531.1,4532.57,4530.085,4532.365,201
2026-08-21 01:49:00+00:00,4532.335,4533.445,4530.525,4531.4,219
2026-08-21 01:50:00+00:00,4531.55,4532.280000000001,4527.36,4528.21,218
2026-08-21 01:51:00+00:00,4528.35,4529.4,4525.93,4526.04,172
2026-08-21 01:52:00+00:00,4525.705,4527.38,4525.605,4527.21,165
2026-08-21 01:53:00+00:00,4527.31,4527.855,4526.87,4527.1,244
2026-08-21 01:54:00+00:00,4527.105,4527.530000000001,4526.05,4526.155000000001,211
2026-08-21 01:55:00+00:00,4526.26,4527.9,4526.139999999999,4527.280000000001,233
2026-08-21 01:56:00+00:00,4527.25,4528.6849999999995,4527.04,4527.860000000001,243
2026-08-21 01:57:00+00:00,4528.085,4530.29,4527.525,4530.0,286
2026-08-21 01:58:00+00:00,4529.86,4530.445,4529.295,4529.655000000001,304
2026-08-21 01:59:00+00:00,4529.790000000001,4531.15,4529.38,4530.92,245
2026-08-21 02:00:00+00:00,4530.735000000001,4531.395,4529.0650000000005,4530.235,315
2026-08-21 02:01:00+00:00,4530.405,4531.299999999999,4528.575,4528.625,211
2026-08-21 02:02:00+00:00,4528.785,4530.375,4526.82,4526.92,221
2026-08-21 02:03:00+00:00,4527.02,4527.605,4524.905000000001,4525.455,253
2026-08-21 02:04:00+00:00,4525.405,4526.84,4521.43,4522.6900000000005,233
2026-08-21 02:05:00+00:00,4522.8150000000005,4523.445,4521.575000000001,4521.855,254
2026-08-21 02:06:00+00:00,4521.905000000001,4524.6,4521.08,4524.6,292
2026-08-21 02:07:00+00:00,4524.625,4524.625,4521.23,4522.785,210
2026-08-21 02:08:00+00:00,4522.85,4524.08,4522.85,4523.92,142
2026-08-21 02:09:00+00:00,4523.905,4525.54,4522.75,4523.23,196
2026-08-21 02:10:00+00:00,4523.27,4523.675,4520.475,4520.79,213
2026-08-21 02:11:00+00:00,4520.715,4521.53,4520.129999999999,4521.365,222
2026-08-21 02:12:00+00:00,4521.4,4521.805,4518.16,4518.535,228
2026-08-21 02:13:00+00:00,4518.66,4522.174999999999,4518.48,4521.9400000000005,164
2026-08-21 02:14:00+00:00,4522.1900000000005,4522.1900000000005,4520.395,4521.275,200
2026-08-21 02:15:00+00:00,4521.360000000001,4522.02,4520.5650000000005,4521.225,125
2026-08-21 02:16:00+00:00,4521.16,4522.53,4520.605,4522.27,140
2026-08-21 02:17:00+00:00,4522.145,4522.555,4520.905000000001,4521.33,125
2026-08-21 02:18:00+00:00,4521.5,4522.215,4520.195,4521.4349999999995,138
2026-08-21 02:19:00+00:00,4521.495,4522.62,4521.275,4522.5,61
2026-08-21 02:20:00+00:00,4522.365,4523.375,4522.365,4523.035,93
2026-08-21 02:21:00+00:00,4523.02,4523.325,4522.41,4523.245,114
2026-08-21 02:22:00+00:00,4523.325,4524.725,4523.1849999999995,4524.725,190
2026-08-21 02:23:00+00:00,4524.585,4527.110000000001,4524.585,4526.870000000001,201
2026-08-21 02:24:00+00:00,4526.72,4527.49,4526.7,4527.3,150
2026-08-21 02:25:00+00:00,4527.49,4529.54,4527.205,4529.13,168
2026-08-21 02:26:00+00:00,4529.16,4529.33,4528.280000000001,4529.2,137
2026-08-21 02:27:00+00:00,4529.09,4529.51,4527.85,4528.08,173
2026-08-21 02:28:00+00:00,4528.195,4528.195,4526.735,4526.735,181
2026-08-21 02:29:00+00:00,4527.04,4527.58,4526.2,4527.525,156
2026-08-21 02:30:00+00:00,4527.469999999999,4529.87,4525.31,4528.01,288
2026-08-21 02:31:00+00:00,4527.745,4530.895,4527.335,4530.115,240
2026-08-21 02:32:00+00:00,4530.035,4530.889999999999,4527.525,4528.165,282
2026-08-21 02:33:00+00:00,4528.285,4528.48,4525.49,4525.49,208
2026-08-21 02:34:00+00:00,4525.7,4527.13,4525.615,4526.275,161
2026-08-21 02:35:00+00:00,4526.355,4528.75,4526.285,4527.86,211
2026-08-21 02:36:00+00:00,4528.035,4528.735000000001,4526.635,4526.735,178
2026-08-21 02:37:00+00:00,4526.525,4528.4349999999995,4526.43,4527.925,145
2026-08-21 02:38:00+00:00,4527.805,4529.835,4527.265,4529.675,147
2026-08-21 02:39:00+00:00,4529.75,4531.965,4529.49,4531.31,184
2026-08-21 02:40:00+00:00,4531.379999999999,4533.504999999999,4531.02,4532.82,188
2026-08-21 02:41:00+00:00,4533.215,4534.6,4532.145,4534.6,156
2026-08-21 02:42:00+00:00,4534.53,4534.875,4533.055,4534.51,158
2026-08-21 02:43:00+00:00,4534.41,4536.385,4534.05,4535.89,192
2026-08-21 02:44:00+00:00,4536.05,4538.305,4535.225,4538.25,213
2026-08-21 02:45:00+00:00,4538.3150000000005,4539.69,4535.32,4536.605,286
2026-08-21 02:46:00+00:00,4536.855,4537.700000000001,4535.91,4536.1900000000005,167
2026-08-21 02:47:00+00:00,4536.21,4537.005,4535.8,4536.52,145
2026-08-21 02:48:00+00:00,4536.6849999999995,4538.77,4536.52,4537.844999999999,174
2026-08-21 02:49:00+00:00,4538.03,4539.64,4537.459999999999,4539.165,157
2026-08-21 02:50:00+00:00,4539.120000000001,4539.3099999999995,4536.99,4537.37,161
2026-08-21 02:51:00+00:00,4537.505,4539.17,4535.035,4538.915,204
2026-08-21 02:52:00+00:00,4539.025,4543.085,4539.025,4541.780000000001,275
2026-08-21 02:53:00+00:00,4541.705,4541.84,4539.395,4539.860000000001,190
2026-08-21 02:54:00+00:00,4539.715,4541.21,4539.335,4540.8,159
2026-08-21 02:55:00+00:00,4541.0,4541.265,4538.98,4539.389999999999,226
2026-08-21 02:56:00+00:00,4539.52,4539.59,4537.505,4538.105,227
2026-08-21 02:57:00+00:00,4537.995,4539.085,4537.4,4537.58,170
2026-08-21 02:58:00+00:00,4537.5599999999995,4537.645,4534.389999999999,4534.5599999999995,210
2026-08-21 02:59:00+00:00,4534.545,4534.845,4532.535,4533.764999999999,222
2026-08-21 03:00:00+00:00,4533.655,4535.205,4533.055,4534.055,211
2026-08-21 03:01:00+00:00,4534.209999999999,4535.395,4533.985000000001,4534.3150000000005,126
2026-08-21 03:02:00+00:00,4534.155000000001,4537.875,4534.14,4536.965,184
2026-08-21 03:03:00+00:00,4537.014999999999,4538.555,4535.93,4536.54,171
2026-08-21 03:04:00+00:00,4536.455,4536.55,4532.95,4533.389999999999,163
2026-08-21 03:05:00+00:00,4533.27,4534.780000000001,4533.27,4533.84,110
2026-08-21 03:06:00+00:00,4533.725,4533.895,4532.139999999999,4533.635,159
2026-08-21 03:07:00+00:00,4533.735000000001,4534.57,4533.495000000001,4533.645,137
2026-08-21 03:08:00+00:00,4533.665,4535.48,4532.764999999999,4535.365,170
2026-08-21 03:09:00+00:00,4535.255,4535.915,4534.32,4534.48,161
2026-08-21 03:10:00+00:00,4534.375,4535.215,4533.5650000000005,4534.955,153
2026-08-21 03:11:00+00:00,4534.8150000000005,4536.525,4534.59,4535.35,158
2026-08-21 03:12:00+00:00,4535.129999999999,4536.24,4535.129999999999,4535.9349999999995,101
2026-08-21 03:13:00+00:00,4535.665,4535.96,4534.22,4535.03,167
2026-08-21 03:14:00+00:00,4534.92,4535.08,4532.365,4532.465,171
2026-08-21 03:15:00+00:00,4532.58,4533.305,4532.129999999999,4533.195,178
2026-08-21 03:16:00+00:00,4533.245,4534.26,4533.15,4534.13,113
2026-08-21 03:17:00+00:00,4534.02,4534.145,4532.58,4533.12,108
2026-08-21 03:18:00+00:00,4533.295,4534.76,4532.77,4534.22,135
2026-08-21 03:19:00+00:00,4534.345,4534.73,4532.635,4533.04,150
2026-08-21 03:20:00+00:00,4533.139999999999,4534.344999999999,4532.594999999999,4533.805,118
2026-08-21 03:21:00+00:00,4533.965,4534.4349999999995,4532.844999999999,4533.535,72
2026-08-21 03:22:00+00:00,4533.445,4534.45,4532.525,4533.71,97
2026-08-21 03:23:00+00:00,4533.85,4534.555,4533.55,4533.87,106
2026-08-21 03:24:00+00:00,4534.0,4534.99,4533.31,4533.49,167
2026-08-21 03:25:00+00:00,4533.65,4534.84,4533.2,4533.715,130
2026-08-21 03:26:00+00:00,4533.7,4533.93,4532.55,4532.765,167
2026-08-21 03:27:00+00:00,4532.615,4532.785,4531.385,4532.44,150
2026-08-21 03:28:00+00:00,4532.26,4532.575,4531.18,4531.455,146
2026-08-21 03:29:00+00:00,4531.395,4532.014999999999,4529.74,4529.83,166
2026-08-21 03:30:00+00:00,4530.0,4531.26,4529.21,4529.85,104
2026-08-21 03:31:00+00:00,4530.03,4532.96,4529.97,4531.969999999999,142
2026-08-21 03:32:00+00:00,4532.225,4535.645,4532.225,4535.275,133
2026-08-21 03:33:00+00:00,4535.295,4535.415,4534.219999999999,4534.219999999999,119
2026-08-21 03:34:00+00:00,4534.32,4535.82,4534.3,4535.68,94
2026-08-21 03:35:00+00:00,4535.764999999999,4535.780000000001,4532.93,4533.015,109
2026-08-21 03:36:00+00:00,4532.9400000000005,4532.9400000000005,4530.75,4531.34,127
2026-08-21 03:37:00+00:00,4531.28,4531.81,4530.58,4531.55,72
2026-08-21 03:38:00+00:00,4531.54,4531.77,4529.42,4530.825000000001,108
2026-08-21 03:39:00+00:00,4530.92,4530.93,4529.1900000000005,4529.26,132
2026-08-21 03:40:00+00:00,4529.025,4529.475,4527.59,4528.59,157
2026-08-21 03:41:00+00:00,4528.52,4528.5599999999995,4526.81,4528.15,134
2026-08-21 03:42:00+00:00,4528.04,4529.025,4527.27,4528.85,104
2026-08-21 03:43:00+00:00,4528.835,4529.205,4528.54,4529.17,63
2026-08-21 03:44:00+00:00,4529.27,4529.675,4528.63,4529.325000000001,71
2026-08-21 03:45:00+00:00,4529.22,4529.67,4528.25,4528.525,58
2026-08-21 03:46:00+00:00,4528.645,4530.855,4528.615,4530.36,92
2026-08-21 03:47:00+00:00,4530.07,4531.42,4529.74,4530.63,93
2026-08-21 03:48:00+00:00,4530.67,4533.96,4530.4349999999995,4533.445,158
2026-08-21 03:49:00+00:00,4533.295,4533.295,4531.6849999999995,4531.745,72
2026-08-21 03:50:00+00:00,4531.735000000001,4532.4349999999995,4531.645,4532.145,54
2026-08-21 03:51:00+00:00,4532.245,4533.275,4531.945,4533.165,46
2026-08-21 03:52:00+00:00,4533.16,4533.505,4532.01,4532.01,66
2026-08-21 03:53:00+00:00,4531.875,4532.975,4531.495,4532.575,76
2026-08-21 03:54:00+00:00,4532.465,4533.38,4532.465,4533.205,55
2026-08-21 03:55:00+00:00,4533.385,4534.145,4533.095,4533.855,93
2026-08-21 03:56:00+00:00,4533.8150000000005,4533.8150000000005,4533.155000000001,4533.295,72
2026-08-21 03:57:00+00:00,4533.360000000001,4533.625,4532.505,4533.1849999999995,157
2026-08-21 03:58:00+00:00,4533.41,4535.174999999999,4533.285,4535.174999999999,127
2026-08-21 03:59:00+00:00,4535.15,4535.860000000001,4534.924999999999,4535.5599999999995,110
2026-08-21 04:00:00+00:00,4535.76,4536.96,4535.514999999999,4536.96,140
2026-08-21 04:01:00+00:00,4536.91,4537.715,4536.5650000000005,4536.95,158
2026-08-21 04:02:00+00:00,4537.09,4539.014999999999,4536.965,4537.96,143
2026-08-21 04:03:00+00:00,4537.895,4539.594999999999,4537.255,4537.709999999999,126
2026-08-21 04:04:00+00:00,4537.65,4539.055,4537.51,4538.62,93
2026-08-21 04:05:00+00:00,4538.625,4538.9400000000005,4537.835,4538.924999999999,94
2026-08-21 04:06:00+00:00,4538.95,4539.85,4536.594999999999,4536.975,127
2026-08-21 04:07:00+00:00,4537.040000000001,4537.68,4536.305,4536.389999999999,121
2026-08-21 04:08:00+00:00,4536.34,4537.16,4536.055,4537.014999999999,74
2026-08-21 04:09:00+00:00,4537.135,4538.764999999999,4536.975,4538.3099999999995,114
2026-08-21 04:10:00+00:00,4538.3150000000005,4539.96,4538.12,4539.155000000001,124
2026-08-21 04:11:00+00:00,4539.360000000001,4539.360000000001,4537.605,4537.825000000001,87
2026-08-21 04:12:00+00:00,4537.75,4538.09,4537.139999999999,4538.035,77
2026-08-21 04:13:00+00:00,4537.755,4540.275,4537.755,4539.860000000001,79
2026-08-21 04:14:00+00:00,4539.88,4541.6849999999995,4539.48,4540.25,217
2026-08-21 04:15:00+00:00,4540.264999999999,4540.72,4537.65,4538.67,163
2026-08-21 04:16:00+00:00,4538.77,4538.85,4537.505,4538.174999999999,112
2026-08-21 04:17:00+00:00,4538.095,4539.085,4537.9349999999995,4538.445,117
2026-08-21 04:18:00+00:00,4538.575000000001,4540.855,4538.055,4540.525,114
2026-08-21 04:19:00+00:00,4540.51,4541.42,4540.195,4541.42,70
2026-08-21 04:20:00+00:00,4541.305,4543.135,4541.16,4542.719999999999,132
2026-08-21 04:21:00+00:00,4542.71,4545.68,4542.13,4543.530000000001,199
2026-08-21 04:22:00+00:00,4543.455,4543.455,4541.455,4543.07,152
2026-08-21 04:23:00+00:00,4543.075,4543.950000000001,4542.27,4543.755,86
2026-08-21 04:24:00+00:00,4543.879999999999,4544.205,4542.44,4543.105,78
2026-08-21 04:25:00+00:00,4543.395,4544.42,4542.775,4544.3099999999995,112
2026-08-21 04:26:00+00:00,4544.32,4545.85,4543.92,4545.620000000001,138
2026-08-21 04:27:00+00:00,4545.51,4547.02,4545.405,4546.23,157
2026-08-21 04:28:00+00:00,4546.165,4547.375,4545.51,4546.530000000001,173
2026-08-21 04:29:00+00:00,4546.62,4547.535,4545.32,4547.035,116
2026-08-21 04:30:00+00:00,4546.93,4547.825,4545.485,4547.795,184
2026-08-21 04:31:00+00:00,4547.639999999999,4547.6849999999995,4546.945,4547.225,107
2026-08-21 04:32:00+00:00,4546.985,4548.12,4544.275,4544.275,127
2026-08-21 04:33:00+00:00,4544.165,4544.92,4543.2,4544.135,129
2026-08-21 04:34:00+00:00,4543.96,4545.19,4543.68,4544.1,108
2026-08-21 04:35:00+00:00,4544.105,4544.8150000000005,4543.594999999999,4544.19,82
2026-08-21 04:36:00+00:00,4544.35,4544.545,4542.655,4543.15,82
2026-08-21 04:37:00+00:00,4543.025,4543.43,4542.58,4543.2,77
2026-08-21 04:38:00+00:00,4543.22,4543.28,4541.030000000001,4541.945,96
2026-08-21 04:39:00+00:00,4542.085,4542.795,4541.785,4541.94,87
2026-08-21 04:40:00+00:00,4541.855,4543.23,4541.63,4542.65,70
2026-08-21 04:41:00+00:00,4542.76,4542.97,4540.92,4541.395,90
2026-08-21 04:42:00+00:00,4541.33,4541.485,4540.705,4541.25,104
2026-08-21 04:43:00+00:00,4541.264999999999,4542.72,4541.264999999999,4541.585,93
2026-08-21 04:44:00+00:00,4541.424999999999,4542.025,4540.87,4541.83,77
2026-08-21 04:45:00+00:00,4541.719999999999,4541.844999999999,4540.110000000001,4540.55,69
2026-08-21 04:46:00+00:00,4540.5,4541.889999999999,4540.389999999999,4541.469999999999,111
2026-08-21 04:47:00+00:00,4541.375,4541.75,4541.0650000000005,4541.75,49
2026-08-21 04:48:00+00:00,4541.615,4542.219999999999,4540.555,4541.75,76
2026-08-21 04:49:00+00:00,4542.030000000001,4542.325,4540.61,4541.175,96
2026-08-21 04:50:00+00:00,4541.16,4541.965,4540.86,4541.395,94
2026-08-21 04:51:00+00:00,4541.195,4541.895,4541.195,4541.855,78
2026-08-21 04:52:00+00:00,4541.72,4542.385,4541.21,4542.385,86
2026-08-21 04:53:00+00:00,4542.585,4542.585,4541.285,4541.9,66
2026-08-21 04:54:00+00:00,4542.005,4542.03,4540.78,4541.595,43
2026-08-21 04:55:00+00:00,4541.73,4541.74,4541.0650000000005,4541.655,79
2026-08-21 04:56:00+00:00,4541.405000000001,4541.65,4540.925,4541.335,83
2026-08-21 04:57:00+00:00,4541.264999999999,4542.54,4540.875,4540.96,96
2026-08-21 04:58:00+00:00,4540.844999999999,4541.45,4540.6,4541.35,89
2026-08-21 04:59:00+00:00,4541.455,4541.67,4540.295,4540.635,94
2026-08-21 05:00:00+00:00,4540.725,4540.97,4539.78,4539.8,150
2026-08-21 05:01:00+00:00,4539.74,4539.835,4537.54,4537.8150000000005,106
2026-08-21 05:02:00+00:00,4537.9,4538.04,4536.655,4537.325,92
2026-08-21 05:03:00+00:00,4537.195,4538.155000000001,4536.955,4537.675,79
2026-08-21 05:04:00+00:00,4537.77,4538.11,4537.25,4537.85,120
2026-08-21 05:05:00+00:00,4537.97,4539.745,4537.74,4539.235000000001,135
2026-08-21 05:06:00+00:00,4539.08,4539.8099999999995,4538.59,4538.98,80
2026-08-21 05:07:00+00:00,4539.12,4539.12,4536.66,4536.975,91
2026-08-21 05:08:00+00:00,4536.99,4536.99,4535.26,4536.57,112
2026-08-21 05:09:00+00:00,4536.264999999999,4537.07,4536.264999999999,4536.74,73
2026-08-21 05:10:00+00:00,4536.83,4536.91,4534.610000000001,4535.76,119
2026-08-21 05:11:00+00:00,4535.95,4536.84,4535.37,4535.54,106
2026-08-21 05:12:00+00:00,4535.64,4536.535,4535.13,4535.13,85
2026-08-21 05:13:00+00:00,4535.2,4536.66,4535.2,4535.9349999999995,91
2026-08-21 05:14:00+00:00,4536.0599999999995,4537.98,4535.77,4537.235000000001,97
2026-08-21 05:15:00+00:00,4537.34,4538.77,4535.95,4535.95,114
2026-08-21 05:16:00+00:00,4535.805,4535.825,4534.09,4534.55,125
2026-08-21 05:17:00+00:00,4534.585,4534.610000000001,4530.8,4533.6,263
2026-08-21 05:18:00+00:00,4533.655000000001,4534.110000000001,4532.36,4534.105,148
2026-08-21 05:19:00+00:00,4534.09,4534.72,4532.92,4533.895,117
2026-08-21 05:20:00+00:00,4534.19,4534.3,4532.625,4533.514999999999,135
2026-08-21 05:21:00+00:00,4533.775,4533.985000000001,4532.805,4533.165,85
2026-08-21 05:22:00+00:00,4533.24,4534.555,4533.17,4533.764999999999,86
2026-08-21 05:23:00+00:00,4533.915,4534.605,4533.405,4534.535,66
2026-08-21 05:24:00+00:00,4534.58,4534.615,4533.6,4534.015,91
2026-08-21 05:25:00+00:00,4533.9,4534.610000000001,4533.719999999999,4533.905,116
2026-08-21 05:26:00+00:00,4533.93,4533.93,4531.265,4531.265,116
2026-08-21 05:27:00+00:00,4531.115,4532.385,4530.715,4531.155000000001,164
2026-08-21 05:28:00+00:00,4531.275,4532.025,4530.6,4531.045,132
2026-08-21 05:29:00+00:00,4530.915,4531.925,4530.51,4530.51,80
2026-08-21 05:30:00+00:00,4530.405,4534.755,4529.445,4533.07,306
2026-08-21 05:31:00+00:00,4532.625,4533.83,4531.5599999999995,4532.825000000001,246
2026-08-21 05:32:00+00:00,4532.73,4535.975,4532.695,4535.88,208
2026-08-21 05:33:00+00:00,4535.915,4538.375,4535.51,4537.905,258
2026-08-21 05:34:00+00:00,4538.02,4538.415,4536.74,4538.12,206
2026-08-21 05:35:00+00:00,4538.38,4540.645,4537.87,4540.6,197
2026-08-21 05:36:00+00:00,4540.72,4540.889999999999,4539.84,4540.735000000001,139
2026-08-21 05:37:00+00:00,4540.59,4540.67,4538.29,4538.305,175
2026-08-21 05:38:00+00:00,4538.31,4539.45,4537.6849999999995,4538.93,128
2026-08-21 05:39:00+00:00,4539.035,4539.65,4535.38,4536.530000000001,195
2026-08-21 05:40:00+00:00,4536.5,4538.1,4536.055,4536.36,170
2026-08-21 05:41:00+00:00,4536.25,4537.13,4535.775,4537.13,170
2026-08-21 05:42:00+00:00,4537.139999999999,4540.1900000000005,4536.34,4539.15,151
2026-08-21 05:43:00+00:00,4539.305,4539.59,4538.07,4539.025,157
2026-08-21 05:44:00+00:00,4539.115,4543.73,4538.855,4543.355,210
2026-08-21 05:45:00+00:00,4543.45,4543.535,4542.075000000001,4542.765,191
2026-08-21 05:46:00+00:00,4542.735,4543.5599999999995,4541.765,4543.1849999999995,158
2026-08-21 05:47:00+00:00,4543.195,4543.51,4542.54,4543.145,133
2026-08-21 05:48:00+00:00,4543.02,4544.412,4542.595,4544.3099999999995,165
2026-08-21 05:49:00+00:00,4544.373,4546.805,4544.35,4546.41,188
2026-08-21 05:50:00+00:00,4546.415,4546.89,4543.455,4545.66,200
2026-08-21 05:51:00+00:00,4545.745,4548.555,4545.535,4548.43,195
2026-08-21 05:52:00+00:00,4548.5,4549.355,4547.7,4548.88,195
2026-08-21 05:53:00+00:00,4548.885,4549.395,4548.255,4548.57,150
2026-08-21 05:54:00+00:00,4548.42,4548.4349999999995,4546.645,4547.975,175
2026-08-21 05:55:00+00:00,4548.014999999999,4552.245,4547.73,4551.889999999999,279
2026-08-21 05:56:00+00:00,4551.985,4553.665,4551.639999999999,4552.055,266
2026-08-21 05:57:00+00:00,4552.155000000001,4553.655000000001,4551.889999999999,4553.17,206
2026-08-21 05:58:00+00:00,4553.27,4555.6900000000005,4553.16,4554.9349999999995,266
2026-08-21 05:59:00+00:00,4554.82,4556.395,4553.59,4553.675,247
2026-08-21 06:00:00+00:00,4553.665,4554.4,4552.655,4553.67,172
2026-08-21 06:01:00+00:00,4553.610000000001,4555.29,4551.73,4552.575000000001,136
2026-08-21 06:02:00+00:00,4552.695,4552.955,4548.405000000001,4548.405000000001,200
2026-08-21 06:03:00+00:00,4548.264999999999,4549.985000000001,4547.594999999999,4548.915,119
2026-08-21 06:04:00+00:00,4548.785,4549.915,4548.255,4549.475,85
2026-08-21 06:05:00+00:00,4549.375,4551.594999999999,4548.635,4550.72,123
2026-08-21 06:06:00+00:00,4550.615,4551.629999999999,4549.605,4550.129999999999,105
2026-08-21 06:07:00+00:00,4550.264999999999,4550.695,4547.675,4547.78,106
2026-08-21 06:08:00+00:00,4547.785,4548.665,4546.924999999999,4547.42,149
2026-08-21 06:09:00+00:00,4547.55,4549.12,4547.465,4548.395,90
2026-08-21 06:10:00+00:00,4548.52,4549.105,4547.665,4548.094999999999,96
2026-08-21 06:11:00+00:00,4547.9400000000005,4547.9400000000005,4545.67,4545.875,129
2026-08-21 06:12:00+00:00,4545.985000000001,4547.844999999999,4545.83,4547.715,131
2026-08-21 06:13:00+00:00,4547.6,4548.5,4546.605,4548.18,107
2026-08-21 06:14:00+00:00,4548.219999999999,4550.325000000001,4548.219999999999,4548.9349999999995,107
2026-08-21 06:15:00+00:00,4548.995000000001,4553.705,4548.995000000001,4551.775,161
2026-08-21 06:16:00+00:00,4551.629999999999,4555.535,4551.629999999999,4555.535,165
2026-08-21 06:17:00+00:00,4555.495000000001,4556.865,4555.195,4555.26,117
2026-08-21 06:18:00+00:00,4555.014999999999,4555.665,4554.0599999999995,4554.195,102
2026-08-21 06:19:00+00:00,4554.3,4555.915,4553.59,4555.8099999999995,111
2026-08-21 06:20:00+00:00,4555.91,4556.76,4554.389999999999,4554.389999999999,132
2026-08-21 06:21:00+00:00,4554.67,4555.33,4552.860000000001,4553.995000000001,117
2026-08-21 06:22:00+00:00,4554.085,4554.085,4551.879999999999,4552.67,109
2026-08-21 06:23:00+00:00,4552.785,4552.785,4550.29,4550.85,87
2026-08-21 06:24:00+00:00,4550.96,4551.379999999999,4550.049999999999,4550.67,72
2026-08-21 06:25:00+00:00,4550.5599999999995,4552.71,4550.24,4552.6900000000005,77
2026-08-21 06:26:00+00:00,4552.58,4555.17,4551.98,4555.17,85
2026-08-21 06:27:00+00:00,4555.305,4557.365,4554.73,4557.205,137
2026-08-21 06:28:00+00:00,4557.21,4558.395,4556.63,4556.985000000001,164
2026-08-21 06:29:00+00:00,4556.885,4557.485000000001,4555.43,4555.635,110
2026-08-21 06:30:00+00:00,4555.535,4556.71,4554.59,4555.915,122
2026-08-21 06:31:00+00:00,4555.875,4557.639999999999,4555.72,4556.860000000001,152
2026-08-21 06:32:00+00:00,4556.9400000000005,4559.345,4556.545,4559.275,186
2026-08-21 06:33:00+00:00,4559.17,4562.1849999999995,4559.110000000001,4561.5599999999995,164
2026-08-21 06:34:00+00:00,4561.389999999999,4563.71,4561.360000000001,4561.46,200
2026-08-21 06:35:00+00:00,4561.575000000001,4565.395,4561.46,4565.095,154
2026-08-21 06:36:00+00:00,4564.985000000001,4565.125,4563.93,4564.610000000001,104
2026-08-21 06:37:00+00:00,4564.700000000001,4565.745000000001,4564.325000000001,4565.42,150
2026-08-21 06:38:00+00:00,4565.555,4565.92,4564.504999999999,4564.805,102
2026-08-21 06:39:00+00:00,4564.755,4565.975,4564.755,4564.945,101
2026-08-21 06:40:00+00:00,4565.075000000001,4565.075000000001,4560.645,4560.985000000001,140
2026-08-21 06:41:00+00:00,4561.155000000001,4561.705,4560.605,4561.264999999999,106
2026-08-21 06:42:00+00:00,4561.16,4564.9,4561.005,4564.445,165
2026-08-21 06:43:00+00:00,4564.235,4564.625,4563.455,4564.235000000001,109
2026-08-21 06:44:00+00:00,4564.0650000000005,4564.895,4562.5599999999995,4562.615,108
2026-08-21 06:45:00+00:00,4562.805,4565.485000000001,4562.805,4563.46,195
2026-08-21 06:46:00+00:00,4563.575000000001,4564.115,4563.280000000001,4563.6849999999995,103
2026-08-21 06:47:00+00:00,4563.875,4564.594999999999,4563.645,4563.844999999999,87
2026-08-21 06:48:00+00:00,4563.98,4566.385,4563.725,4566.014999999999,138
2026-08-21 06:49:00+00:00,4566.135,4567.695,4565.965,4567.545,161
2026-08-21 06:50:00+00:00,4567.424999999999,4567.62,4566.3150000000005,4566.924999999999,105
2026-08-21 06:51:00+00:00,4566.805,4566.915,4565.495,4565.795,108
2026-08-21 06:52:00+00:00,4565.8,4566.780000000001,4565.525,4566.225,67
2026-08-21 06:53:00+00:00,4565.605,4565.9,4564.700000000001,4565.18,135
2026-08-21 06:54:00+00:00,4565.045,4565.68,4564.375,4564.8,117
2026-08-21 06:55:00+00:00,4564.82,4565.15,4564.275,4564.8099999999995,154
2026-08-21 06:56:00+00:00,4564.92,4567.735000000001,4564.445,4564.780000000001,252
2026-08-21 06:57:00+00:00,4564.76,4565.34,4563.395,4563.515,174
2026-08-21 06:58:00+00:00,4563.47,4563.610000000001,4561.775,4561.775,197
2026-08-21 06:59:00+00:00,4561.845,4562.51,4560.865,4561.045,117
2026-08-21 07:00:00+00:00,4560.875,4562.43,4559.58,4562.43,141
2026-08-21 07:01:00+00:00,4562.280000000001,4563.985000000001,4561.86,4562.014999999999,200
2026-08-21 07:02:00+00:00,4562.005,4562.945,4561.005,4561.37,181
2026-08-21 07:03:00+00:00,4561.385,4563.755,4561.385,4563.555,190
2026-08-21 07:04:00+00:00,4563.745,4566.145,4561.885,4565.98,203
2026-08-21 07:05:00+00:00,4566.005,4566.005,4563.375,4564.13,205
2026-08-21 07:06:00+00:00,4564.195,4564.254999999999,4563.42,4563.79,169
2026-08-21 07:07:00+00:00,4563.799999999999,4564.115,4563.425,4563.84,166
2026-08-21 07:08:00+00:00,4563.9,4564.115,4561.4400000000005,4562.165000000001,185
2026-08-21 07:09:00+00:00,4562.18,4562.295,4558.9,4558.9,215
2026-08-21 07:10:00+00:00,4558.875,4560.57,4558.5,4560.25,192
2026-08-21 07:11:00+00:00,4560.17,4560.325000000001,4558.795,4559.635,179
2026-08-21 07:12:00+00:00,4559.65,4560.93,4558.9,4559.0599999999995,180
2026-08-21 07:13:00+00:00,4558.9349999999995,4560.395,4558.855,4559.415,159
2026-08-21 07:14:00+00:00,4559.41,4561.775,4559.285,4561.635,155
2026-08-21 07:15:00+00:00,4561.63,4562.195,4559.825,4561.885,189
2026-08-21 07:16:00+00:00,4561.725,4562.585,4561.21,4562.35,171
2026-08-21 07:17:00+00:00,4562.379999999999,4564.965,4561.95,4564.639999999999,189
2026-08-21 07:18:00+00:00,4564.775,4567.120000000001,4564.775,4566.615,193
2026-08-21 07:19:00+00:00,4566.57,4566.785,4565.735000000001,4566.445,140
2026-08-21 07:20:00+00:00,4566.635,4566.635,4565.485000000001,4565.545,149
2026-08-21 07:21:00+00:00,4565.505,4566.185,4564.67,4565.585,202
2026-08-21 07:22:00+00:00,4565.57,4568.0,4565.32,4565.32,184
2026-08-21 07:23:00+00:00,4565.3099999999995,4565.3099999999995,4563.41,4565.205,214
2026-08-21 07:24:00+00:00,4565.085,4565.365,4563.035,4563.754999999999,161
2026-08-21 07:25:00+00:00,4563.745,4564.675,4562.78,4563.29,156
2026-08-21 07:26:00+00:00,4563.4400000000005,4563.775,4561.16,4561.625,165
2026-08-21 07:27:00+00:00,4561.735000000001,4561.834999999999,4560.915,4561.43,124
2026-08-21 07:28:00+00:00,4561.5650000000005,4562.799999999999,4561.5,4562.764999999999,118
2026-08-21 07:29:00+00:00,4562.59,4562.8,4561.555,4561.755,114
2026-08-21 07:30:00+00:00,4561.575,4563.575,4560.389999999999,4563.1900000000005,226
2026-08-21 07:31:00+00:00,4563.25,4564.79,4562.2,4562.2,211
2026-08-21 07:32:00+00:00,4562.200000000001,4563.13,4561.12,4562.645,158
2026-08-21 07:33:00+00:00,4562.655000000001,4563.405000000001,4561.455,4562.53,162
2026-08-21 07:34:00+00:00,4562.485000000001,4562.66,4561.59,4562.225,134
2026-08-21 07:35:00+00:00,4562.305,4562.9,4561.24,4561.775,167
2026-08-21 07:36:00+00:00,4561.7,4563.38,4561.455,4562.38,202
2026-08-21 07:37:00+00:00,4562.595,4563.125,4560.225,4560.785,158
2026-08-21 07:38:00+00:00,4560.895,4564.9,4560.855,4564.5650000000005,173
2026-08-21 07:39:00+00:00,4564.79,4565.01,4563.08,4564.27,153
2026-08-21 07:40:00+00:00,4564.24,4564.93,4562.65,4563.469999999999,154
2026-08-21 07:41:00+00:00,4563.395,4564.58,4563.33,4564.4,165
2026-08-21 07:42:00+00:00,4564.38,4566.325,4564.21,4565.855,129
2026-08-21 07:43:00+00:00,4565.87,4566.120000000001,4564.34,4565.639999999999,176
2026-08-21 07:44:00+00:00,4565.65,4566.125,4563.775,4564.495,193
2026-08-21 07:45:00+00:00,4564.63,4565.9,4563.674999999999,4564.98,160
2026-08-21 07:46:00+00:00,4564.99,4564.99,4562.895,4563.639999999999,151
2026-08-21 07:47:00+00:00,4563.57,4567.76,4563.535,4567.275,219
2026-08-21 07:48:00+00:00,4567.3099999999995,4568.165,4563.905,4564.455,258
2026-08-21 07:49:00+00:00,4564.415000000001,4566.23,4564.254999999999,4566.135,177
2026-08-21 07:50:00+00:00,4566.15,4567.235,4565.25,4565.34,191
2026-08-21 07:51:00+00:00,4565.325,4565.73,4564.53,4564.635,135
2026-08-21 07:52:00+00:00,4564.645,4564.645,4562.855,4562.855,171
2026-08-21 07:53:00+00:00,4562.98,4564.22,4562.34,4562.360000000001,137
2026-08-21 07:54:00+00:00,4562.52,4562.725,4561.02,4561.965,144
2026-08-21 07:55:00+00:00,4561.945,4562.025,4561.33,4561.52,141
2026-08-21 07:56:00+00:00,4561.71,4563.865,4561.71,4562.9,179
2026-08-21 07:57:00+00:00,4562.799999999999,4565.15,4562.799999999999,4564.32,143
2026-08-21 07:58:00+00:00,4564.285,4564.285,4563.105,4563.535,114
2026-08-21 07:59:00+00:00,4563.475,4564.889999999999,4562.735000000001,4564.485000000001,122
2026-08-21 09:00:00+00:00,4584.305,4584.775,4583.255,4584.360000000001,242
2026-08-21 09:01:00+00:00,4584.355,4585.7,4583.85,4585.33,178
2026-08-21 09:02:00+00:00,4585.32,4585.32,4582.895,4584.379999999999,190
2026-08-21 09:03:00+00:00,4584.24,4584.27,4582.264999999999,4583.505,200
2026-08-21 09:04:00+00:00,4583.54,4586.139999999999,4583.35,4586.139999999999,192
2026-08-21 09:05:00+00:00,4586.08,4586.110000000001,4584.799999999999,4585.985000000001,182
2026-08-21 09:06:00+00:00,4585.895,4588.450000000001,4585.545,4587.889999999999,232
2026-08-21 09:07:00+00:00,4587.85,4590.43,4587.305,4589.915000000001,210
2026-08-21 09:08:00+00:00,4589.9,4593.97,4589.6,4593.41,339
2026-08-21 09:09:00+00:00,4593.285,4596.62,4593.110000000001,4595.705,321
2026-08-21 09:10:00+00:00,4595.57,4597.29,4595.51,4596.305,281
2026-08-21 09:11:00+00:00,4596.26,4597.67,4595.969999999999,4597.51,252
2026-08-21 09:12:00+00:00,4597.5599999999995,4597.922500000001,4596.41,4596.73,258
2026-08-21 09:13:00+00:00,4596.735000000001,4600.72,4596.735000000001,4599.665000000001,279
2026-08-21 09:14:00+00:00,4599.71,4599.71,4598.305,4599.355,235
2026-08-21 09:15:00+00:00,4599.445,4600.055,4597.795,4599.59,243
2026-08-21 09:16:00+00:00,4599.58,4601.110000000001,4599.4,4600.805,259
2026-08-21 09:17:00+00:00,4600.88,4601.385,4599.465,4601.200000000001,199
2026-08-21 09:18:00+00:00,4601.145,4602.1900000000005,4596.245000000001,4596.505,255
2026-08-21 09:19:00+00:00,4596.530000000001,4597.34,4593.105,4593.21,265
2026-08-21 09:20:00+00:00,4592.719999999999,4593.1900000000005,4590.085,4591.45,321
2026-08-21 09:21:00+00:00,4591.469999999999,4591.875,4588.02,4588.585,291
2026-08-21 09:22:00+00:00,4588.4400000000005,4590.325,4588.125,4588.835,229
2026-08-21 09:23:00+00:00,4588.75,4589.235000000001,4585.64,4586.885,285
2026-08-21 09:24:00+00:00,4586.795,4587.09,4585.0599999999995,4586.969999999999,241
2026-08-21 09:25:00+00:00,4587.055,4587.715,4585.855,4587.565,214
2026-08-21 09:26:00+00:00,4587.389999999999,4587.855,4586.225,4586.615,197
2026-08-21 09:27:00+00:00,4586.514999999999,4586.73,4584.049999999999,4584.049999999999,200
2026-08-21 09:28:00+00:00,4584.005,4584.195,4581.445,4581.93,235
2026-08-21 09:29:00+00:00,4581.985,4582.78,4581.5,4582.29,179
2026-08-21 09:30:00+00:00,4582.3,4584.325,4582.3,4583.6,267
2026-08-21 09:31:00+00:00,4583.610000000001,4584.585,4581.9349999999995,4584.389999999999,205
2026-08-21 09:32:00+00:00,4584.37,4584.5650000000005,4582.99,4583.61,205
2026-08-21 09:33:00+00:00,4583.53,4583.675,4582.54,4582.91,177
2026-08-21 09:34:00+00:00,4582.924999999999,4583.950000000001,4582.525,4582.825000000001,128
2026-08-21 09:35:00+00:00,4582.785,4583.145,4580.85,4582.4,222
2026-08-21 09:36:00+00:00,4582.385,4584.174999999999,4581.675,4584.02,151
2026-08-21 09:37:00+00:00,4583.97,4585.105,4583.615,4585.0650000000005,150
2026-08-21 09:38:00+00:00,4585.225,4586.005,4583.860000000001,4585.08,139
2026-08-21 09:39:00+00:00,4584.969999999999,4585.695,4583.725,4585.685,148
2026-08-21 09:40:00+00:00,4585.53,4586.345,4584.825,4585.145,175
2026-08-21 09:41:00+00:00,4585.13,4586.9400000000005,4585.075000000001,4586.62,130
2026-08-21 09:42:00+00:00,4586.6,4586.8150000000005,4583.655,4584.1900000000005,141
2026-08-21 09:43:00+00:00,4584.21,4584.945,4583.66,4583.835,102
2026-08-21 09:44:00+00:00,4583.805,4584.264999999999,4581.74,4583.165,159
2026-08-21 09:45:00+00:00,4583.12,4583.525,4582.2,4583.015,157
2026-08-21 09:46:00+00:00,4582.9,4583.79,4581.745,4581.8099999999995,135
2026-08-21 09:47:00+00:00,4581.870000000001,4583.7,4581.18,4583.41,149
2026-08-21 09:48:00+00:00,4583.47,4583.785,4581.049999999999,4581.1,158
2026-08-21 09:49:00+00:00,4581.219999999999,4582.01,4581.005,4581.55,138
2026-08-21 09:50:00+00:00,4581.615,4581.875,4580.9400000000005,4581.53,153
2026-08-21 09:51:00+00:00,4581.545,4581.83,4580.465,4581.115,153
2026-08-21 09:52:00+00:00,4581.195,4582.18,4581.09,4582.18,116
2026-08-21 09:53:00+00:00,4582.125,4583.415,4581.445,4583.1,167
2026-08-21 09:54:00+00:00,4583.09,4584.25,4582.655000000001,4584.235000000001,145
2026-08-21 09:55:00+00:00,4584.245,4585.58,4584.245,4585.18,161
2026-08-21 09:56:00+00:00,4585.0599999999995,4585.33,4584.555,4585.32,97
2026-08-21 09:57:00+00:00,4585.075000000001,4585.075000000001,4584.255,4584.49,108
2026-08-21 09:58:00+00:00,4584.465,4584.635,4581.549999999999,4581.549999999999,175
2026-08-21 09:59:00+00:00,4581.335,4582.865,4581.305,4582.745,143
2026-08-21 10:00:00+00:00,4582.655,4583.77,4581.93,4582.83,192
2026-08-21 10:01:00+00:00,4582.845,4586.63,4582.700000000001,4586.545,209
2026-08-21 10:02:00+00:00,4586.635,4588.945,4586.395,4587.45,264
2026-08-21 10:03:00+00:00,4587.4349999999995,4587.74,4586.03,4586.97,166
2026-08-21 10:04:00+00:00,4586.965,4587.395,4585.25,4585.264999999999,152
2026-08-21 10:05:00+00:00,4585.25,4585.27,4583.405,4583.549999999999,190
2026-08-21 10:06:00+00:00,4583.57,4585.325,4583.57,4585.325,127
2026-08-21 10:07:00+00:00,4585.1900000000005,4585.305,4583.4400000000005,4584.4349999999995,178
2026-08-21 10:08:00+00:00,4584.455,4584.530000000001,4582.65,4583.685,156
2026-08-21 10:09:00+00:00,4583.675,4583.685,4581.53,4583.395,212
2026-08-21 10:10:00+00:00,4583.4400000000005,4584.280000000001,4582.23,4583.360000000001,202
2026-08-21 10:11:00+00:00,4583.425,4583.59,4580.285,4580.82,228
2026-08-21 10:12:00+00:00,4580.735000000001,4581.25,4580.0599999999995,4580.305,178
2026-08-21 10:13:00+00:00,4580.23,4580.5,4578.085,4579.34,253
2026-08-21 10:14:00+00:00,4579.345,4580.705,4578.8150000000005,4578.835,213
2026-08-21 10:15:00+00:00,4578.845,4580.785,4578.555,4580.76,231
2026-08-21 10:16:00+00:00,4580.875,4582.3,4580.360000000001,4581.655000000001,176
2026-08-21 10:17:00+00:00,4581.62,4584.295,4581.535,4583.844999999999,221
2026-08-21 10:18:00+00:00,4583.835,4587.275,4583.635,4586.635,179
2026-08-21 10:19:00+00:00,4586.645,4586.775,4583.5,4584.525,169
2026-08-21 10:20:00+00:00,4584.585,4586.305,4584.280000000001,4586.13,171
2026-08-21 10:21:00+00:00,4586.11,4586.264999999999,4583.360000000001,4583.705,191
2026-08-21 10:22:00+00:00,4583.725,4585.03,4583.25,4584.969999999999,105
2026-08-21 10:23:00+00:00,4585.01,4585.54,4584.525,4585.42,105
2026-08-21 10:24:00+00:00,4585.475,4586.88,4585.215,4586.16,156
2026-08-21 10:25:00+00:00,4586.135,4586.755,4585.65,4586.485000000001,131
2026-08-21 10:26:00+00:00,4586.54,4588.405000000001,4585.93,4588.34,203
2026-08-21 10:27:00+00:00,4588.465,4589.37,4586.375,4586.745,208
2026-08-21 10:28:00+00:00,4586.65,4588.245,4586.1,4587.825,196
2026-08-21 10:29:00+00:00,4587.715,4588.75,4587.514999999999,4588.625,156
2026-08-21 10:30:00+00:00,4588.63,4588.8150000000005,4587.4349999999995,4587.605,136
2026-08-21 10:31:00+00:00,4587.585,4587.66,4585.72,4586.4349999999995,168
2026-08-21 10:32:00+00:00,4586.42,4587.6900000000005,4586.42,4587.5599999999995,120
2026-08-21 10:33:00+00:00,4588.094999999999,4588.9,4587.62,4588.75,146
2026-08-21 10:34:00+00:00,4588.775,4590.985000000001,4588.764999999999,4590.5,197
2026-08-21 10:35:00+00:00,4590.49,4591.639999999999,4589.889999999999,4590.105,194
2026-08-21 10:36:00+00:00,4590.035,4590.895,4589.6,4590.665,155
2026-08-21 10:37:00+00:00,4590.735000000001,4592.71,4590.71,4592.3099999999995,148
2026-08-21 10:38:00+00:00,4592.285,4593.605,4592.094999999999,4592.584999999999,138
2026-08-21 10:39:00+00:00,4592.58,4593.719999999999,4592.514999999999,4593.7,105
2026-08-21 10:40:00+00:00,4593.68,4594.345,4592.030000000001,4593.22,139
2026-08-21 10:41:00+00:00,4593.485000000001,4593.515,4591.389999999999,4592.8099999999995,136
2026-08-21 10:42:00+00:00,4592.79,4592.870000000001,4591.24,4592.4400000000005,117
2026-08-21 10:43:00+00:00,4592.545,4594.105,4592.46,4593.264999999999,104
2026-08-21 10:44:00+00:00,4593.21,4593.45,4592.245,4593.235,137
2026-08-21 10:45:00+00:00,4593.155000000001,4593.68,4592.35,4592.8150000000005,141
2026-08-21 10:46:00+00:00,4592.83,4592.950000000001,4591.129999999999,4591.264999999999,178
2026-08-21 10:47:00+00:00,4591.450000000001,4591.805,4591.035,4591.764999999999,134
2026-08-21 10:48:00+00:00,4591.865,4591.9,4590.280000000001,4590.395,126
2026-08-21 10:49:00+00:00,4590.52,4591.055,4590.225,4590.8099999999995,165
2026-08-21 10:50:00+00:00,4590.775,4591.175,4590.07,4590.15,159
2026-08-21 10:51:00+00:00,4590.125,4591.004999999999,4589.385,4590.764999999999,167
2026-08-21 10:52:00+00:00,4590.8099999999995,4591.08,4588.525,4590.25,176
2026-08-21 10:53:00+00:00,4590.280000000001,4591.975,4589.63,4591.415000000001,221
2026-08-21 10:54:00+00:00,4591.43,4592.72,4590.37,4590.4400000000005,200
2026-08-21 10:55:00+00:00,4590.365,4591.139999999999,4589.95,4590.49,157
2026-08-21 10:56:00+00:00,4590.5,4590.5,4588.01,4589.120000000001,188
2026-08-21 10:57:00+00:00,4589.0599999999995,4589.39,4588.049999999999,4588.485000000001,173
2026-08-21 10:58:00+00:00,4588.47,4588.92,4587.860000000001,4588.09,144
2026-08-21 10:59:00+00:00,4588.0599999999995,4589.155000000001,4588.045,4588.535,164
2026-08-21 11:00:00+00:00,4588.635,4589.16,4587.65,4587.955,256
2026-08-21 11:01:00+00:00,4587.965,4589.245,4587.275,4589.015,187
2026-08-21 11:02:00+00:00,4589.08,4591.76,4588.96,4591.08,168
2026-08-21 11:03:00+00:00,4590.985000000001,4595.205,4590.955,4594.35,224
2026-08-21 11:04:00+00:00,4594.37,4594.625,4593.68,4593.9400000000005,171
2026-08-21 11:05:00+00:00,4593.925,4595.11,4593.805,4594.915,194
2026-08-21 11:06:00+00:00,4594.95,4595.615,4592.24,4593.415000000001,223
2026-08-21 11:07:00+00:00,4593.26,4593.77,4592.360000000001,4593.63,168
2026-08-21 11:08:00+00:00,4593.4349999999995,4594.665,4592.325,4592.72,188
2026-08-21 11:09:00+00:00,4592.705,4593.59,4591.055,4592.375,169
2026-08-21 11:10:00+00:00,4592.415,4593.37,4591.85,4593.37,154
2026-08-21 11:11:00+00:00,4593.355,4593.355,4591.755,4591.755,151
2026-08-21 11:12:00+00:00,4591.76,4591.765,4588.555,4589.83,172
2026-08-21 11:13:00+00:00,4589.725,4590.535,4588.6,4589.09,166
2026-08-21 11:14:00+00:00,4588.9400000000005,4590.74,4588.845,4590.594999999999,157
2026-08-21 11:15:00+00:00,4590.594999999999,4592.845,4590.594999999999,4592.52,178
2026-08-21 11:16:00+00:00,4592.315,4592.91,4591.66,4592.52,115
2026-08-21 11:17:00+00:00,4592.51,4594.23,4592.245,4593.855,181
2026-08-21 11:18:00+00:00,4593.9349999999995,4597.905,4593.795,4597.415,220
2026-08-21 11:19:00+00:00,4597.385,4597.43,4595.98,4596.21,176
2026-08-21 11:20:00+00:00,4596.27,4597.93,4596.225,4596.605,182
2026-08-21 11:21:00+00:00,4596.594999999999,4599.549999999999,4596.32,4598.780000000001,229
2026-08-21 11:22:00+00:00,4598.775,4601.25,4597.6900000000005,4598.15,367
2026-08-21 11:23:00+00:00,4598.23,4598.365,4595.98,4597.755,209
2026-08-21 11:24:00+00:00,4597.74,4600.405,4597.21,4598.125,382
2026-08-21 11:25:00+00:00,4598.15,4600.115,4596.45,4599.665,428
2026-08-21 11:26:00+00:00,4599.635,4599.745000000001,4597.115,4597.549999999999,332
2026-08-21 11:27:00+00:00,4597.455,4597.485000000001,4595.885,4596.51,267
2026-08-21 11:28:00+00:00,4596.555,4597.62,4596.305,4597.450000000001,215
2026-08-21 11:29:00+00:00,4597.39,4599.16,4597.24,4598.54,277
2026-08-21 11:30:00+00:00,4598.545,4598.985000000001,4597.254999999999,4597.535,275
2026-08-21 11:31:00+00:00,4597.549999999999,4597.9,4596.525,4597.5599999999995,257
2026-08-21 11:32:00+00:00,4597.605,4597.605,4593.53,4593.865,299
2026-08-21 11:33:00+00:00,4593.965,4595.9349999999995,4593.735000000001,4595.82,289
2026-08-21 11:34:00+00:00,4595.889999999999,4596.02,4594.4,4595.065,249
2026-08-21 11:35:00+00:00,4595.165,4598.549999999999,4595.07,4597.9,276
2026-08-21 11:36:00+00:00,4597.895,4603.120000000001,4597.895,4601.82,363
2026-08-21 11:37:00+00:00,4601.795,4604.785,4601.78,4602.889999999999,321
2026-08-21 11:38:00+00:00,4602.965,4603.594999999999,4599.775,4599.785,297
2026-08-21 11:39:00+00:00,4599.764999999999,4600.21,4596.889999999999,4597.280000000001,283
2026-08-21 11:40:00+00:00,4597.26,4597.395,4595.145,4595.26,293
2026-08-21 11:41:00+00:00,4595.005,4595.594999999999,4593.54,4595.03,297
2026-08-21 11:42:00+00:00,4595.045,4595.245,4593.9,4594.13,211
2026-08-21 11:43:00+00:00,4594.254999999999,4594.885,4593.63,4594.345,217
2026-08-21 11:44:00+00:00,4594.469999999999,4597.91,4594.469999999999,4597.1,215
2026-08-21 11:45:00+00:00,4597.24,4598.245,4596.705,4597.575000000001,184
2026-08-21 11:46:00+00:00,4597.68,4598.245,4597.2,4597.610000000001,168
2026-08-21 11:47:00+00:00,4597.58,4599.285,4597.345,4598.719999999999,195
2026-08-21 11:48:00+00:00,4598.85,4600.68,4597.84,4598.71,231
2026-08-21 11:49:00+00:00,4598.715,4600.0599999999995,4598.3099999999995,4599.9,194
2026-08-21 11:50:00+00:00,4599.93,4600.4349999999995,4598.025,4598.025,274
2026-08-21 11:51:00+00:00,4598.165,4598.46,4596.805,4597.754999999999,230
2026-08-21 11:52:00+00:00,4597.84,4599.5599999999995,4596.915000000001,4596.96,193
2026-08-21 11:53:00+00:00,4597.195,4598.115,4595.795,4596.12,205
2026-08-21 11:54:00+00:00,4596.16,4598.24,4595.955,4597.8099999999995,183
2026-08-21 11:55:00+00:00,4597.82,4598.6849999999995,4597.21,4597.225,159
2026-08-21 11:56:00+00:00,4597.255,4598.67,4597.195,4597.3099999999995,206
2026-08-21 11:57:00+00:00,4597.415,4598.665,4597.05,4598.165000000001,174
2026-08-21 11:58:00+00:00,4598.175,4598.475,4596.77,4596.785,169
2026-08-21 11:59:00+00:00,4596.85,4597.465,4596.04,4597.05,163
2026-08-21 12:00:00+00:00,4597.18,4599.815,4596.030000000001,4596.365,354
2026-08-21 12:01:00+00:00,4596.23,4601.26,4595.895,4600.705,282
2026-08-21 12:02:00+00:00,4600.795,4601.67,4597.18,4597.645,277
2026-08-21 12:03:00+00:00,4597.745000000001,4597.745000000001,4593.93,4594.59,296
2026-08-21 12:04:00+00:00,4594.895,4595.97,4594.1849999999995,4595.705,276
2026-08-21 12:05:00+00:00,4595.860000000001,4600.33,4595.835,4597.285,320
2026-08-21 12:06:00+00:00,4597.34,4597.46,4594.79,4596.055,289
2026-08-21 12:07:00+00:00,4596.07,4596.915,4595.295,4596.334999999999,198
2026-08-21 12:08:00+00:00,4596.34,4598.625,4594.84,4595.3099999999995,229
2026-08-21 12:09:00+00:00,4595.450000000001,4595.465,4592.305,4593.83,272
2026-08-21 12:10:00+00:00,4593.82,4594.04,4589.5650000000005,4591.085,312
2026-08-21 12:11:00+00:00,4591.155000000001,4592.365,4589.95,4590.79,268
2026-08-21 12:12:00+00:00,4590.87,4591.395,4589.35,4589.35,221
2026-08-21 12:13:00+00:00,4589.585,4590.555,4589.27,4590.28,207
2026-08-21 12:14:00+00:00,4590.360000000001,4593.629999999999,4590.360000000001,4592.91,277
2026-08-21 12:15:00+00:00,4593.035,4596.035,4592.485,4594.445,269
2026-08-21 12:16:00+00:00,4594.405,4594.59,4590.514999999999,4590.514999999999,254
2026-08-21 12:17:00+00:00,4590.85,4590.85,4589.165,4589.165,255
2026-08-21 12:18:00+00:00,4589.085,4590.15,4586.3099999999995,4586.3099999999995,293
2026-08-21 12:19:00+00:00,4586.530000000001,4587.99,4586.195,4587.99,295
2026-08-21 12:20:00+00:00,4588.049999999999,4589.385,4584.245,4584.47,360
2026-08-21 12:21:00+00:00,4584.635,4585.39,4582.12,4585.11,365
2026-08-21 12:22:00+00:00,4585.025,4585.555,4583.485000000001,4584.02,274
2026-08-21 12:23:00+00:00,4584.035,4584.37,4582.985000000001,4583.96,217
2026-08-21 12:24:00+00:00,4584.1,4588.29,4582.4349999999995,4585.73,277
2026-08-21 12:25:00+00:00,4585.745,4586.4,4583.905000000001,4586.389999999999,266
2026-08-21 12:26:00+00:00,4586.4349999999995,4586.755,4584.84,4586.29,212
2026-08-21 12:27:00+00:00,4586.285,4586.745,4585.405000000001,4585.67,158
2026-08-21 12:28:00+00:00,4585.66,4586.8,4585.035,4586.73,157
2026-08-21 12:29:00+00:00,4586.705,4586.835,4584.719999999999,4584.835,187
2026-08-21 12:30:00+00:00,4584.844999999999,4584.844999999999,4579.975,4580.1900000000005,329
2026-08-21 12:31:00+00:00,4580.165,4583.4,4579.715,4583.4,222
2026-08-21 12:32:00+00:00,4583.41,4583.725,4577.014999999999,4579.02,309
2026-08-21 12:33:00+00:00,4578.875,4579.67,4577.53,4578.24,276
2026-08-21 12:34:00+00:00,4578.245,4579.375,4577.115,4577.92,238
2026-08-21 12:35:00+00:00,4578.0,4578.255,4570.835,4571.375,367
2026-08-21 12:36:00+00:00,4571.59,4571.785,4569.645,4571.3150000000005,359
2026-08-21 12:37:00+00:00,4571.12,4571.77,4569.505,4569.87,284
2026-08-21 12:38:00+00:00,4569.62,4570.344999999999,4567.469999999999,4567.764999999999,236
2026-08-21 12:39:00+00:00,4567.97,4568.755,4564.365,4564.615,377
2026-08-21 12:40:00+00:00,4564.75,4568.045,4563.52,4565.95,346
2026-08-21 12:41:00+00:00,4565.780000000001,4571.29,4565.610000000001,4571.29,379
2026-08-21 12:42:00+00:00,4571.285,4572.5,4570.365,4572.495,320
2026-08-21 12:43:00+00:00,4572.504999999999,4575.969999999999,4571.325,4575.4400000000005,327
2026-08-21 12:44:00+00:00,4575.365,4575.855,4572.275,4573.85,312
2026-08-21 12:45:00+00:00,4573.655000000001,4576.5650000000005,4573.28,4576.5650000000005,286
2026-08-21 12:46:00+00:00,4576.57,4577.385,4575.885,4576.405,230
2026-08-21 12:47:00+00:00,4576.385,4578.24,4576.085,4577.41,289
2026-08-21 12:48:00+00:00,4577.4349999999995,4579.45,4577.42,4578.855,240
2026-08-21 12:49:00+00:00,4578.975,4579.52,4578.0,4579.495,181
2026-08-21 12:50:00+00:00,4579.455,4580.28,4579.05,4579.505,211
2026-08-21 12:51:00+00:00,4579.4349999999995,4580.03,4577.145,4579.59,251
2026-08-21 12:52:00+00:00,4579.629999999999,4579.995,4577.205,4579.33,227
2026-08-21 12:53:00+00:00,4579.355,4579.355,4578.215,4578.66,215
2026-08-21 12:54:00+00:00,4578.425,4581.015,4578.425,4580.02,221
2026-08-21 12:55:00+00:00,4580.0,4581.02,4578.445,4578.780000000001,230
2026-08-21 12:56:00+00:00,4578.785,4579.715,4578.0,4578.335,229
2026-08-21 12:57:00+00:00,4578.17,4578.280000000001,4575.135,4576.3150000000005,238
2026-08-21 12:58:00+00:00,4576.335,4578.4349999999995,4576.23,4577.085,201
2026-08-21 12:59:00+00:00,4577.16,4578.185,4575.0,4578.01,231
2026-08-21 13:00:00+00:00,4577.9349999999995,4582.9349999999995,4575.9,4582.155,473
2026-08-21 13:01:00+00:00,4582.005,4583.5,4579.445,4582.23,421
2026-08-21 13:02:00+00:00,4582.105,4584.13,4582.075000000001,4584.005,365
2026-08-21 13:03:00+00:00,4584.0,4584.63,4580.89,4582.07,338
2026-08-21 13:04:00+00:00,4581.99,4583.1900000000005,4579.889999999999,4581.215,313
2026-08-21 13:05:00+00:00,4581.245,4581.615,4580.26,4580.88,336
2026-08-21 13:06:00+00:00,4580.875,4583.98,4580.745,4582.93,374
2026-08-21 13:07:00+00:00,4582.965,4583.175,4579.59,4581.175,318
2026-08-21 13:08:00+00:00,4581.535,4583.185,4581.34,4582.83,308
2026-08-21 13:09:00+00:00,4582.825,4583.415000000001,4579.360000000001,4581.139999999999,339
2026-08-21 13:10:00+00:00,4581.16,4582.04,4580.415000000001,4581.049999999999,300
2026-08-21 13:11:00+00:00,4581.3,4587.085,4581.3,4584.625,388
2026-08-21 13:12:00+00:00,4584.605,4585.67,4583.92,4585.15,265
2026-08-21 13:13:00+00:00,4585.165,4586.78,4583.85,4584.075000000001,269
2026-08-21 13:14:00+00:00,4583.97,4585.07,4582.985000000001,4585.07,236
2026-08-21 13:15:00+00:00,4585.1,4587.860000000001,4585.1,4587.055,296
2026-08-21 13:16:00+00:00,4586.955,4586.955,4583.945,4584.08,321
2026-08-21 13:17:00+00:00,4584.21,4585.295,4581.110000000001,4581.985000000001,355
2026-08-21 13:18:00+00:00,4582.1,4582.5650000000005,4580.52,4580.8099999999995,301
2026-08-21 13:19:00+00:00,4580.74,4581.225,4579.715,4580.915000000001,303
2026-08-21 13:20:00+00:00,4580.825000000001,4583.5650000000005,4579.32,4583.555,337
2026-08-21 13:21:00+00:00,4583.52,4585.97,4583.075,4585.495000000001,301
2026-08-21 13:22:00+00:00,4585.5,4586.92,4583.505,4584.4400000000005,253
2026-08-21 13:23:00+00:00,4584.3099999999995,4584.345,4583.155000000001,4583.21,245
2026-08-21 13:24:00+00:00,4583.18,4584.04,4583.045,4583.24,232
2026-08-21 13:25:00+00:00,4583.105,4584.25,4583.085,4583.5,304
2026-08-21 13:26:00+00:00,4583.59,4583.785,4582.04,4582.295,291
2026-08-21 13:27:00+00:00,4582.245,4582.610000000001,4581.639999999999,4582.16,277
2026-08-21 13:28:00+00:00,4582.37,4584.495000000001,4581.870000000001,4584.465,346
2026-08-21 13:29:00+00:00,4584.35,4585.48,4583.75,4584.17,361
2026-08-21 13:30:00+00:00,4584.145,4585.63,4581.49,4582.72,542
2026-08-21 13:31:00+00:00,4582.525,4586.88,4581.69,4582.44,475
2026-08-21 13:32:00+00:00,4582.595,4585.345,4582.02,4584.665,498
2026-08-21 13:33:00+00:00,4584.915,4585.09,4576.450000000001,4577.16,516
2026-08-21 13:34:00+00:00,4577.055,4577.195,4573.8150000000005,4574.035,493
2026-08-21 13:35:00+00:00,4573.92,4581.14,4573.525,4581.014999999999,509
2026-08-21 13:36:00+00:00,4581.455,4583.775,4578.0599999999995,4582.645,462
2026-08-21 13:37:00+00:00,4582.65,4587.98,4579.84,4587.735000000001,501
2026-08-21 13:38:00+00:00,4587.365,4591.09,4587.200000000001,4589.0,500
2026-08-21 13:39:00+00:00,4589.0650000000005,4589.835,4584.6900000000005,4587.42,568
2026-08-21 13:40:00+00:00,4587.3,4589.92,4586.76,4589.74,543
2026-08-21 13:41:00+00:00,4589.745000000001,4590.764999999999,4587.345,4589.64,530
2026-08-21 13:42:00+00:00,4589.445,4590.205,4586.5650000000005,4588.71,369
2026-08-21 13:43:00+00:00,4588.73,4588.73,4586.629999999999,4586.9,270
2026-08-21 13:44:00+00:00,4587.005,4588.719999999999,4584.59,4588.155000000001,158
2026-08-21 13:45:00+00:00,4586.360000000001,4588.6,4583.67,4587.27,264
2026-08-21 13:46:00+00:00,4587.51,4589.705,4586.735000000001,4589.24,217
2026-08-21 13:47:00+00:00,4589.35,4590.875,4589.16,4590.530000000001,323
2026-08-21 13:48:00+00:00,4590.58,4593.17,4588.35,4589.1,438
2026-08-21 13:49:00+00:00,4589.08,4590.605,4588.18,4589.945,421
2026-08-21 13:50:00+00:00,4589.775,4591.29,4589.23,4589.969999999999,441
2026-08-21 13:51:00+00:00,4589.985,4590.145,4584.83,4586.004999999999,469
2026-08-21 13:52:00+00:00,4585.965,4586.16,4581.425,4582.85,475
2026-08-21 13:53:00+00:00,4582.8150000000005,4584.13,4579.98,4579.98,447
2026-08-21 13:54:00+00:00,4579.995,4581.385,4576.76,4581.365,474
2026-08-21 13:55:00+00:00,4581.33,4585.625,4581.285,4584.195,454
2026-08-21 13:56:00+00:00,4584.2,4585.84,4583.715,4583.8,426
2026-08-21 13:57:00+00:00,4583.805,4585.055,4581.25,4582.21,447
2026-08-21 13:58:00+00:00,4582.175,4583.96,4580.245,4582.055,408
2026-08-21 13:59:00+00:00,4582.075,4583.15,4580.99,4581.005,418
2026-08-21 14:00:00+00:00,4581.02,4583.334999999999,4579.93,4580.780000000001,488
2026-08-21 14:01:00+00:00,4580.885,4583.655000000001,4580.41,4582.139999999999,440
2026-08-21 14:02:00+00:00,4581.875,4586.895,4580.889999999999,4586.895,430
2026-08-21 14:03:00+00:00,4586.955,4588.965,4584.8099999999995,4585.12,459
2026-08-21 14:04:00+00:00,4585.1900000000005,4588.51,4585.1900000000005,4588.51,390
2026-08-21 14:05:00+00:00,4588.755,4590.735000000001,4588.73,4590.025,421
2026-08-21 14:06:00+00:00,4590.120000000001,4590.23,4587.73,4588.97,425
2026-08-21 14:07:00+00:00,4589.08,4589.08,4583.15,4583.344999999999,413
2026-08-21 14:08:00+00:00,4583.54,4587.185,4583.215,4586.39,444
2026-08-21 14:09:00+00:00,4586.535,4588.33,4586.295,4587.55,361
2026-08-21 14:10:00+00:00,4587.48,4587.92,4585.325000000001,4586.4349999999995,379
2026-08-21 14:11:00+00:00,4586.37,4588.12,4586.37,4588.045,416
2026-08-21 14:12:00+00:00,4588.125,4589.985000000001,4587.875,4588.7,456
2026-08-21 14:13:00+00:00,4588.66,4589.49,4588.1900000000005,4589.334999999999,406
2026-08-21 14:14:00+00:00,4589.299999999999,4590.0,4588.719999999999,4589.6900000000005,382
2026-08-21 14:15:00+00:00,4589.77,4590.545,4586.53,4589.035,482
2026-08-21 14:16:00+00:00,4589.135,4589.135,4587.295,4588.735,468
2026-08-21 14:17:00+00:00,4588.610000000001,4590.754999999999,4587.889999999999,4590.715,495
2026-08-21 14:18:00+00:00,4590.700000000001,4590.844999999999,4589.445,4590.16,486
2026-08-21 14:19:00+00:00,4590.135,4591.219999999999,4589.54,4590.27,460
2026-08-21 14:20:00+00:00,4590.285,4592.645,4589.9,4592.2,469
2026-08-21 14:21:00+00:00,4592.299999999999,4597.13,4592.07,4597.005,526
2026-08-21 14:22:00+00:00,4596.67,4598.014999999999,4595.915,4596.0,546
2026-08-21 14:23:00+00:00,4595.975,4597.835,4595.915000000001,4597.13,492
2026-08-21 14:24:00+00:00,4597.105,4598.445,4596.844999999999,4597.865,445
2026-08-21 14:25:00+00:00,4597.915,4600.72,4597.915,4599.955,468
2026-08-21 14:26:00+00:00,4599.77,4600.84,4599.0,4599.205,429
2026-08-21 14:27:00+00:00,4599.105,4603.045,4598.85,4602.145,411
2026-08-21 14:28:00+00:00,4602.115,4603.09,4601.865,4602.955,414
2026-08-21 14:29:00+00:00,4602.895,4603.345,4601.924999999999,4603.265,439
2026-08-21 14:30:00+00:00,4603.29,4603.82,4599.93,4600.73,471
2026-08-21 14:31:00+00:00,4600.715,4601.6,4599.425,4600.875,429
2026-08-21 14:32:00+00:00,4600.83,4600.83,4595.530000000001,4596.24,476
2026-08-21 14:33:00+00:00,4596.28,4596.37,4593.045,4593.735000000001,406
2026-08-21 14:34:00+00:00,4593.335,4593.425,4589.91,4589.92,404
2026-08-21 14:35:00+00:00,4589.945,4592.735,4588.174999999999,4591.4,457
2026-08-21 14:36:00+00:00,4591.485,4591.785,4588.175,4588.455,463
2026-08-21 14:37:00+00:00,4588.43,4589.4400000000005,4585.07,4585.74,459
2026-08-21 14:38:00+00:00,4585.79,4586.075,4581.37,4583.25,511
2026-08-21 14:39:00+00:00,4583.105,4584.505,4581.635,4582.155,511
2026-08-21 14:40:00+00:00,4582.205,4586.255,4580.665,4586.025,483
2026-08-21 14:41:00+00:00,4586.175,4587.535,4582.93,4587.0,418
2026-08-21 14:42:00+00:00,4586.8099999999995,4587.34,4581.005,4584.475,438
2026-08-21 14:43:00+00:00,4584.52,4589.795,4584.235,4588.465,440
2026-08-21 14:44:00+00:00,4588.39,4589.8099999999995,4580.5650000000005,4582.635,423
2026-08-21 14:45:00+00:00,4582.639999999999,4584.835,4580.68,4584.595,444
2026-08-21 14:46:00+00:00,4584.59,4587.610000000001,4583.97,4584.975,284
2026-08-21 14:47:00+00:00,4584.87,4586.8,4583.845,4586.345,224
2026-08-21 14:48:00+00:00,4586.475,4589.875,4586.375,4588.98,202
2026-08-21 14:49:00+00:00,4589.16,4591.785,4588.965,4591.445,171
2026-08-21 14:50:00+00:00,4591.5650000000005,4595.115,4591.345,4594.41,226
2026-08-21 14:51:00+00:00,4594.525,4595.375,4592.535,4592.755,196
2026-08-21 14:52:00+00:00,4592.775,4592.775,4589.53,4589.75,202
2026-08-21 14:53:00+00:00,4589.88,4591.639999999999,4589.08,4590.74,236
2026-08-21 14:54:00+00:00,4590.34,4590.95,4588.46,4589.610000000001,215
2026-08-21 14:55:00+00:00,4589.495,4589.825,4584.27,4585.845,269
2026-08-21 14:56:00+00:00,4586.02,4589.345,4585.209999999999,4589.345,223
2026-08-21 14:57:00+00:00,4589.1849999999995,4591.55,4587.74,4590.9400000000005,218
2026-08-21 14:58:00+00:00,4590.825000000001,4592.4,4589.955,4592.360000000001,187
2026-08-21 14:59:00+00:00,4592.46,4592.46,4590.735000000001,4591.639999999999,175
2026-08-21 15:00:00+00:00,4591.74,4592.135,4587.365,4588.755,291
2026-08-21 15:01:00+00:00,4588.645,4591.01,4587.355,4588.665,227
2026-08-21 15:02:00+00:00,4588.855,4592.385,4588.645,4591.264999999999,217
2026-08-21 15:03:00+00:00,4591.115,4593.75,4590.4349999999995,4593.385,226
2026-08-21 15:04:00+00:00,4593.264999999999,4594.4400000000005,4592.605,4593.33,202
2026-08-21 15:05:00+00:00,4593.6,4595.155000000001,4591.98,4595.04,179
2026-08-21 15:06:00+00:00,4595.1849999999995,4596.255,4593.205,4595.58,188
2026-08-21 15:07:00+00:00,4595.6,4597.35,4595.3099999999995,4596.875,123
2026-08-21 15:08:00+00:00,4596.745,4598.285,4596.035,4596.54,147
2026-08-21 15:09:00+00:00,4596.639999999999,4596.99,4593.3,4593.855,195
2026-08-21 15:10:00+00:00,4593.975,4597.85,4593.645,4597.455,149
2026-08-21 15:11:00+00:00,4597.355,4597.895,4594.370000000001,4595.305,157
2026-08-21 15:12:00+00:00,4595.335,4596.465,4594.92,4594.92,140
2026-08-21 15:13:00+00:00,4595.02,4596.4,4594.27,4595.735000000001,151
2026-08-21 15:14:00+00:00,4595.865,4596.0650000000005,4594.285,4595.085,143
2026-08-21 15:15:00+00:00,4595.215,4598.014999999999,4595.0650000000005,4597.73,167
2026-08-21 15:16:00+00:00,4597.855,4599.32,4596.505,4596.63,137
2026-08-21 15:17:00+00:00,4596.514999999999,4597.755,4596.495,4596.795,157
2026-08-21 15:18:00+00:00,4596.655,4598.605,4596.4,4597.58,129
2026-08-21 15:19:00+00:00,4597.695,4598.68,4595.8150000000005,4597.46,176
2026-08-21 15:20:00+00:00,4597.57,4597.895,4595.235000000001,4596.915,153
2026-08-21 15:21:00+00:00,4596.895,4598.525,4596.16,4596.99,150
2026-08-21 15:22:00+00:00,4597.12,4600.45,4596.72,4598.7,148
2026-08-21 15:23:00+00:00,4598.73,4601.26,4598.6849999999995,4600.875,122
2026-08-21 15:24:00+00:00,4600.77,4602.85,4600.620000000001,4602.34,158
2026-08-21 15:25:00+00:00,4602.505,4607.43,4600.655,4601.5,304
2026-08-21 15:26:00+00:00,4601.525,4602.85,4599.969999999999,4600.73,229
2026-08-21 15:27:00+00:00,4600.865,4602.424999999999,4600.135,4601.885,189
2026-08-21 15:28:00+00:00,4601.99,4606.055,4601.755,4605.0,219
2026-08-21 15:29:00+00:00,4605.055,4605.225,4602.665,4602.97,205
2026-08-21 15:30:00+00:00,4603.155000000001,4603.97,4599.68,4601.23,206
2026-08-21 15:31:00+00:00,4600.985000000001,4601.985000000001,4599.875,4600.24,196
2026-08-21 15:32:00+00:00,4600.35,4602.415,4600.235000000001,4602.335,174
2026-08-21 15:33:00+00:00,4602.225,4605.555,4601.725,4604.995,168
2026-08-21 15:34:00+00:00,4604.855,4606.1900000000005,4604.705,4605.99,184
2026-08-21 15:35:00+00:00,4606.115,4607.9,4605.845,4607.425,176
2026-08-21 15:36:00+00:00,4607.28,4608.38,4606.285,4606.57,177
2026-08-21 15:37:00+00:00,4606.47,4608.295,4606.08,4606.299999999999,160
2026-08-21 15:38:00+00:00,4606.15,4607.215,4605.195,4606.59,171
2026-08-21 15:39:00+00:00,4606.795,4608.155000000001,4606.485000000001,4606.965,149
2026-08-21 15:40:00+00:00,4606.795,4607.764999999999,4605.775,4607.764999999999,129
2026-08-21 15:41:00+00:00,4607.76,4608.6900000000005,4606.53,4608.49,188
2026-08-21 15:42:00+00:00,4608.514999999999,4610.370000000001,4608.139999999999,4609.145,251
2026-08-21 15:43:00+00:00,4609.45,4610.27,4607.969999999999,4609.985000000001,173
2026-08-21 15:44:00+00:00,4609.975,4610.735000000001,4609.014999999999,4609.79,130
2026-08-21 15:45:00+00:00,4609.825000000001,4611.145,4609.38,4609.9,198
2026-08-21 15:46:00+00:00,4610.005,4610.74,4609.595,4609.72,216
2026-08-21 15:47:00+00:00,4609.6849999999995,4610.52,4608.575000000001,4609.215,200
2026-08-21 15:48:00+00:00,4609.045,4609.674999999999,4608.049999999999,4608.355,199
2026-08-21 15:49:00+00:00,4608.219999999999,4608.375,4607.155,4607.735000000001,199
2026-08-21 15:50:00+00:00,4607.865,4609.645,4607.375,4608.120000000001,187
2026-08-21 15:51:00+00:00,4607.865,4611.835,4607.585,4610.42,230
2026-08-21 15:52:00+00:00,4610.43,4612.68,4610.3099999999995,4612.299999999999,155
2026-08-21 15:53:00+00:00,4612.370000000001,4615.110000000001,4612.370000000001,4614.54,160
2026-08-21 15:54:00+00:00,4614.415,4615.095,4613.43,4614.025,140
2026-08-21 15:55:00+00:00,4614.004999999999,4614.805,4613.005,4614.555,184
2026-08-21 15:56:00+00:00,4614.68,4615.045,4612.665,4614.645,219
2026-08-21 15:57:00+00:00,4614.76,4615.48,4612.0599999999995,4612.43,251
2026-08-21 15:58:00+00:00,4612.504999999999,4613.174999999999,4610.73,4613.174999999999,200
2026-08-21 15:59:00+00:00,4613.0650000000005,4614.865,4612.635,4614.755,162
2026-08-21 16:00:00+00:00,4614.805,4615.835,4613.32,4613.475,224
2026-08-21 16:01:00+00:00,4613.344999999999,4616.215,4613.17,4614.014999999999,192
2026-08-21 16:02:00+00:00,4613.855,4615.8150000000005,4613.754999999999,4615.46,199
2026-08-21 16:03:00+00:00,4615.1900000000005,4618.014999999999,4615.1900000000005,4617.344999999999,222
2026-08-21 16:04:00+00:00,4617.445,4617.639999999999,4616.3099999999995,4617.21,237
2026-08-21 16:05:00+00:00,4617.35,4617.545,4615.125,4615.46,233
2026-08-21 16:06:00+00:00,4615.195,4615.605,4613.855,4614.5599999999995,214
2026-08-21 16:07:00+00:00,4614.665,4616.735000000001,4613.59,4615.3099999999995,174
2026-08-21 16:08:00+00:00,4615.32,4615.9400000000005,4610.174999999999,4610.395,204
2026-08-21 16:09:00+00:00,4610.275,4611.049999999999,4609.235000000001,4610.335,198
2026-08-21 16:10:00+00:00,4610.465,4614.33,4610.264999999999,4613.795,167
2026-08-21 16:11:00+00:00,4613.77,4613.77,4611.66,4612.58,125
2026-08-21 16:12:00+00:00,4612.48,4614.635,4611.73,4613.8099999999995,124
2026-08-21 16:13:00+00:00,4613.93,4615.875,4613.52,4615.545,115
2026-08-21 16:14:00+00:00,4615.445,4615.655000000001,4614.455,4614.455,95
2026-08-21 16:15:00+00:00,4614.5650000000005,4615.264999999999,4613.735000000001,4614.924999999999,112
2026-08-21 16:16:00+00:00,4615.165,4616.02,4615.025,4615.889999999999,99
2026-08-21 16:17:00+00:00,4615.545,4616.13,4614.82,4615.389999999999,91
2026-08-21 16:18:00+00:00,4615.13,4616.0,4614.225,4614.610000000001,92
2026-08-21 16:19:00+00:00,4614.4349999999995,4615.615,4614.025,4614.125,123
2026-08-21 16:20:00+00:00,4613.995,4614.145,4611.535,4611.875,179
2026-08-21 16:21:00+00:00,4611.889999999999,4620.6900000000005,4611.57,4613.700000000001,401
2026-08-21 16:22:00+00:00,4613.799999999999,4615.885,4613.725,4613.975,228
2026-08-21 16:23:00+00:00,4613.835,4614.615,4612.045,4614.549999999999,180
2026-08-21 16:24:00+00:00,4614.4400000000005,4614.455,4612.915,4612.98,140
2026-08-21 16:25:00+00:00,4613.155000000001,4614.345,4612.325000000001,4613.174999999999,129
2026-08-21 16:26:00+00:00,4613.075000000001,4613.135,4610.67,4611.805,147
2026-08-21 16:27:00+00:00,4611.915,4612.725,4610.6900000000005,4612.6,139
2026-08-21 16:28:00+00:00,4612.875,4613.879999999999,4612.875,4613.48,91
2026-08-21 16:29:00+00:00,4613.629999999999,4614.52,4613.23,4614.07,85
2026-08-21 16:30:00+00:00,4614.34,4614.905000000001,4613.195,4614.504999999999,132
2026-08-21 16:31:00+00:00,4614.610000000001,4614.795,4612.424999999999,4612.530000000001,102
2026-08-21 16:32:00+00:00,4612.665,4615.975,4612.305,4615.865,128
2026-08-21 16:33:00+00:00,4615.98,4616.09,4614.59,4615.17,136
2026-08-21 16:34:00+00:00,4615.04,4616.395,4615.04,4615.75,108
2026-08-21 16:35:00+00:00,4615.65,4615.795,4614.62,4615.505,107
2026-08-21 16:36:00+00:00,4615.345,4616.47,4614.965,4615.225,131
2026-08-21 16:37:00+00:00,4615.075000000001,4617.1849999999995,4615.075000000001,4616.855,142
2026-08-21 16:38:00+00:00,4616.965,4619.889999999999,4616.5599999999995,4619.785,198
2026-08-21 16:39:00+00:00,4619.715,4621.200000000001,4618.535,4619.4,161
2026-08-21 16:40:00+00:00,4619.370000000001,4619.674999999999,4617.8150000000005,4618.030000000001,107
2026-08-21 16:41:00+00:00,4618.139999999999,4619.295,4617.27,4619.235000000001,81
2026-08-21 16:42:00+00:00,4619.09,4621.045,4618.85,4619.915,107
2026-08-21 16:43:00+00:00,4619.81,4622.04,4619.81,4621.395,100
2026-08-21 16:44:00+00:00,4621.264999999999,4622.0,4620.465,4621.485000000001,116
2026-08-21 16:45:00+00:00,4621.344999999999,4622.305,4621.105,4622.045,157
2026-08-21 16:46:00+00:00,4622.215,4622.705,4621.5650000000005,4622.295,157
2026-08-21 16:47:00+00:00,4622.155000000001,4624.57,4621.745000000001,4624.3099999999995,189
2026-08-21 16:48:00+00:00,4624.41,4625.014999999999,4623.59,4623.785,210
2026-08-21 16:49:00+00:00,4623.9400000000005,4624.985000000001,4623.525,4624.02,162
2026-08-21 16:50:00+00:00,4624.139999999999,4625.235000000001,4623.924999999999,4624.615,173
2026-08-21 16:51:00+00:00,4624.585,4626.835,4624.145,4625.775,208
2026-08-21 16:52:00+00:00,4625.875,4625.885,4624.31,4625.405000000001,130
2026-08-21 16:53:00+00:00,4625.674999999999,4626.98,4625.1849999999995,4626.875,99
2026-08-21 16:54:00+00:00,4627.005,4627.555,4626.32,4627.555,123
2026-08-21 16:55:00+00:00,4627.405,4627.695,4626.655,4627.28,128
2026-08-21 16:56:00+00:00,4627.04,4627.61,4625.7,4626.93,147
2026-08-21 16:57:00+00:00,4626.64,4628.01,4626.64,4627.505,112
2026-08-21 16:58:00+00:00,4627.405,4629.085,4627.405,4628.46,119
2026-08-21 16:59:00+00:00,4628.245,4629.49,4627.68,4628.825,189
2026-08-21 17:00:00+00:00,4629.0,4629.525,4627.3150000000005,4627.79,203
2026-08-21 17:01:00+00:00,4627.6,4628.29,4626.74,4628.1849999999995,188
2026-08-21 17:02:00+00:00,4628.51,4629.995000000001,4627.93,4629.6900000000005,187
2026-08-21 17:03:00+00:00,4629.525,4631.0,4628.735000000001,4629.0599999999995,159
2026-08-21 17:04:00+00:00,4629.055,4630.485000000001,4626.950000000001,4627.674999999999,153
2026-08-21 17:05:00+00:00,4627.889999999999,4629.085,4626.15,4627.145,139
2026-08-21 17:06:00+00:00,4627.32,4629.085,4627.094999999999,4627.48,143
2026-08-21 17:07:00+00:00,4627.4349999999995,4630.200000000001,4627.285,4629.65,155
2026-08-21 17:08:00+00:00,4629.835,4632.005,4629.775,4631.5599999999995,180
2026-08-21 17:09:00+00:00,4631.6900000000005,4632.26,4630.135,4630.8150000000005,161
2026-08-21 17:10:00+00:00,4630.695,4631.695,4629.23,4629.625,197
2026-08-21 17:11:00+00:00,4629.745,4631.57,4628.65,4629.370000000001,189
2026-08-21 17:12:00+00:00,4629.110000000001,4629.24,4625.17,4625.575000000001,223
2026-08-21 17:13:00+00:00,4625.450000000001,4625.450000000001,4621.865,4622.985000000001,235
2026-08-21 17:14:00+00:00,4623.34,4624.495,4622.055,4623.415,189
2026-08-21 17:15:00+00:00,4623.6,4624.355,4622.575000000001,4623.355,209
2026-08-21 17:16:00+00:00,4623.465,4624.1900000000005,4622.21,4623.870000000001,181
2026-08-21 17:17:00+00:00,4624.01,4625.200000000001,4622.174999999999,4623.025,197
2026-08-21 17:18:00+00:00,4622.905000000001,4626.155,4622.795,4624.58,207
2026-08-21 17:19:00+00:00,4624.68,4625.415,4622.725,4623.22,211
2026-08-21 17:20:00+00:00,4623.17,4623.17,4621.955,4622.28,159
2026-08-21 17:21:00+00:00,4622.18,4624.605,4621.905000000001,4623.615,147
2026-08-21 17:22:00+00:00,4623.514999999999,4623.514999999999,4619.505,4620.37,221
2026-08-21 17:23:00+00:00,4620.45,4620.625,4615.1849999999995,4615.35,292
2026-08-21 17:24:00+00:00,4615.49,4619.02,4615.235000000001,4618.225,236
2026-08-21 17:25:00+00:00,4618.34,4618.98,4616.795,4617.965,186
2026-08-21 17:26:00+00:00,4617.8150000000005,4617.99,4615.395,4617.620000000001,214
2026-08-21 17:27:00+00:00,4617.46,4619.174999999999,4617.014999999999,4619.174999999999,152
2026-08-21 17:28:00+00:00,4619.0650000000005,4624.280000000001,4619.0650000000005,4621.889999999999,244
2026-08-21 17:29:00+00:00,4622.3150000000005,4623.605,4621.54,4622.01,322
2026-08-21 17:30:00+00:00,4622.23,4622.54,4619.57,4620.18,228
2026-08-21 17:31:00+00:00,4620.335,4621.8099999999995,4619.9,4621.264999999999,188
2026-08-21 17:32:00+00:00,4621.15,4621.530000000001,4619.719999999999,4619.96,198
2026-08-21 17:33:00+00:00,4620.129999999999,4621.110000000001,4619.65,4620.85,169
2026-08-21 17:34:00+00:00,4621.035,4621.135,4619.950000000001,4620.594999999999,189
2026-08-21 17:35:00+00:00,4620.764999999999,4623.88,4620.514999999999,4623.595,187
2026-08-21 17:36:00+00:00,4623.715,4624.620000000001,4622.92,4623.635,107
2026-08-21 17:37:00+00:00,4623.495000000001,4624.9,4623.495000000001,4623.99,109
2026-08-21 17:38:00+00:00,4623.73,4624.195,4623.09,4623.715,89
2026-08-21 17:39:00+00:00,4623.84,4623.95,4622.514999999999,4622.735000000001,87
2026-08-21 17:40:00+00:00,4622.514999999999,4624.02,4622.514999999999,4623.379999999999,69
2026-08-21 17:41:00+00:00,4623.280000000001,4624.555,4622.549999999999,4624.4349999999995,94
2026-08-21 17:42:00+00:00,4624.32,4624.75,4622.305,4622.879999999999,141
2026-08-21 17:43:00+00:00,4622.780000000001,4623.26,4621.85,4623.26,112
2026-08-21 17:44:00+00:00,4623.03,4623.3,4618.7,4619.725,132
2026-08-21 17:45:00+00:00,4619.594999999999,4619.84,4617.3150000000005,4618.275,169
2026-08-21 17:46:00+00:00,4618.405,4618.58,4616.855,4618.094999999999,155
2026-08-21 17:47:00+00:00,4618.475,4618.92,4617.375,4617.775,117
2026-08-21 17:48:00+00:00,4617.895,4619.1849999999995,4617.455,4618.285,151
2026-08-21 17:49:00+00:00,4618.295,4619.93,4618.025,4618.82,128
2026-08-21 17:50:00+00:00,4618.93,4620.5,4618.165,4619.915,146
2026-08-21 17:51:00+00:00,4620.12,4620.72,4618.25,4619.879999999999,131
2026-08-21 17:52:00+00:00,4619.844999999999,4620.21,4619.24,4619.37,115
2026-08-21 17:53:00+00:00,4619.485000000001,4620.46,4619.05,4620.2,138
2026-08-21 17:54:00+00:00,4620.225,4622.73,4619.639999999999,4619.8150000000005,171
2026-08-21 17:55:00+00:00,4619.715,4620.535,4619.475,4620.375,93
2026-08-21 17:56:00+00:00,4620.505,4620.985000000001,4620.155000000001,4620.280000000001,45
2026-08-21 17:57:00+00:00,4620.32,4621.41,4620.0,4621.4,96
2026-08-21 17:58:00+00:00,4621.3099999999995,4621.6,4620.200000000001,4620.41,98
2026-08-21 17:59:00+00:00,4620.645,4621.15,4620.145,4620.71,90
2026-08-21 18:00:00+00:00,4620.825000000001,4622.610000000001,4620.445,4622.465,131
2026-08-21 18:01:00+00:00,4622.295,4623.1849999999995,4622.014999999999,4622.0599999999995,108
2026-08-21 18:02:00+00:00,4622.1849999999995,4624.705,4621.995000000001,4624.705,100
2026-08-21 18:03:00+00:00,4624.585,4626.165,4624.575000000001,4625.93,110
2026-08-21 18:04:00+00:00,4626.07,4626.28,4625.79,4626.13,54
2026-08-21 18:05:00+00:00,4626.139999999999,4626.25,4624.585,4624.965,158
2026-08-21 18:06:00+00:00,4624.735000000001,4625.695,4624.370000000001,4625.275,159
2026-08-21 18:07:00+00:00,4625.155000000001,4626.365,4624.825000000001,4625.805,118
2026-08-21 18:08:00+00:00,4625.905000000001,4627.755,4625.825000000001,4627.0599999999995,82
2026-08-21 18:09:00+00:00,4626.84,4627.04,4625.71,4625.885,85
2026-08-21 18:10:00+00:00,4625.77,4626.41,4624.79,4624.92,94
2026-08-21 18:11:00+00:00,4624.8150000000005,4624.8150000000005,4623.135,4624.27,100
2026-08-21 18:12:00+00:00,4624.139999999999,4624.79,4623.5650000000005,4624.215,65
2026-08-21 18:13:00+00:00,4624.32,4624.615,4624.005,4624.514999999999,48
2026-08-21 18:14:00+00:00,4624.615,4625.135,4624.055,4624.335,78
2026-08-21 18:15:00+00:00,4624.385,4625.655,4624.225,4625.585,73
2026-08-21 18:16:00+00:00,4625.325000000001,4625.9349999999995,4624.655000000001,4625.424999999999,93
2026-08-21 18:17:00+00:00,4625.325000000001,4625.785,4625.075000000001,4625.415,78
2026-08-21 18:18:00+00:00,4625.225,4626.535,4625.225,4626.215,68
2026-08-21 18:19:00+00:00,4626.32,4627.25,4626.08,4626.9400000000005,82
2026-08-21 18:20:00+00:00,4626.785,4627.879999999999,4626.389999999999,4626.91,82
2026-08-21 18:21:00+00:00,4626.6,4626.725,4625.925,4626.35,67
2026-08-21 18:22:00+00:00,4626.29,4626.395,4625.549999999999,4626.155000000001,67
2026-08-21 18:23:00+00:00,4626.02,4626.73,4626.02,4626.58,73
2026-08-21 18:24:00+00:00,4626.43,4626.64,4625.5599999999995,4626.620000000001,89
2026-08-21 18:25:00+00:00,4626.825000000001,4627.870000000001,4626.799999999999,4627.014999999999,91
2026-08-21 18:26:00+00:00,4627.125,4627.34,4626.014999999999,4626.299999999999,85
2026-08-21 18:27:00+00:00,4626.174999999999,4626.42,4625.3099999999995,4625.33,95
2026-08-21 18:28:00+00:00,4625.51,4625.98,4624.83,4624.98,89
2026-08-21 18:29:00+00:00,4624.875,4625.555,4624.59,4625.3150000000005,104
2026-08-21 18:30:00+00:00,4625.485000000001,4625.485000000001,4621.49,4621.585,151
2026-08-21 18:31:00+00:00,4621.59,4621.82,4620.23,4621.59,162
2026-08-21 18:32:00+00:00,4621.49,4621.6900000000005,4619.68,4620.66,108
2026-08-21 18:33:00+00:00,4620.795,4621.530000000001,4620.549999999999,4621.514999999999,75
2026-08-21 18:34:00+00:00,4621.355,4622.535,4621.355,4622.34,77
2026-08-21 18:35:00+00:00,4622.485000000001,4623.04,4620.75,4621.405000000001,161
2026-08-21 18:36:00+00:00,4621.200000000001,4622.905000000001,4621.200000000001,4622.8099999999995,78
2026-08-21 18:37:00+00:00,4622.605,4623.165,4621.370000000001,4622.16,138
2026-08-21 18:38:00+00:00,4622.280000000001,4622.785,4619.610000000001,4619.610000000001,148
2026-08-21 18:39:00+00:00,4619.735000000001,4620.25,4619.53,4619.9,165
2026-08-21 18:40:00+00:00,4619.6900000000005,4621.110000000001,4619.6900000000005,4620.35,114
2026-08-21 18:41:00+00:00,4620.46,4621.33,4620.1900000000005,4621.014999999999,116
2026-08-21 18:42:00+00:00,4620.835,4621.030000000001,4620.110000000001,4620.91,122
2026-08-21 18:43:00+00:00,4621.04,4621.355,4620.25,4621.29,101
2026-08-21 18:44:00+00:00,4621.5599999999995,4621.58,4620.23,4621.01,98
2026-08-21 18:45:00+00:00,4621.120000000001,4623.110000000001,4620.74,4622.21,136
2026-08-21 18:46:00+00:00,4622.360000000001,4623.29,4622.200000000001,4623.03,76
2026-08-21 18:47:00+00:00,4623.16,4623.8150000000005,4622.99,4623.3150000000005,162
2026-08-21 18:48:00+00:00,4623.459999999999,4626.110000000001,4623.085,4624.719999999999,206
2026-08-21 18:49:00+00:00,4624.6849999999995,4625.335,4624.25,4624.835,152
2026-08-21 18:50:00+00:00,4624.855,4625.27,4624.280000000001,4624.745,143
2026-08-21 18:51:00+00:00,4624.695,4624.92,4623.139999999999,4623.1849999999995,156
2026-08-21 18:52:00+00:00,4623.25,4624.41,4623.25,4624.41,122
2026-08-21 18:53:00+00:00,4624.15,4624.955,4624.15,4624.785,103
2026-08-21 18:54:00+00:00,4624.89,4625.21,4624.610000000001,4625.115,113
2026-08-21 18:55:00+00:00,4625.055,4625.055,4623.805,4624.17,102
2026-08-21 18:56:00+00:00,4624.18,4624.38,4623.22,4624.1,114
2026-08-21 18:57:00+00:00,4624.22,4624.41,4623.63,4624.1900000000005,116
2026-08-21 18:58:00+00:00,4624.54,4624.83,4623.71,4624.385,139
2026-08-21 18:59:00+00:00,4624.43,4624.51,4623.52,4624.47,132
2026-08-21 19:00:00+00:00,4624.6,4625.780000000001,4623.955,4624.105,311
2026-08-21 19:01:00+00:00,4624.219999999999,4624.36,4622.385,4622.6849999999995,187
2026-08-21 19:02:00+00:00,4622.9349999999995,4624.3099999999995,4621.700000000001,4624.3099999999995,163
2026-08-21 19:03:00+00:00,4624.49,4625.245,4622.96,4623.07,151
2026-08-21 19:04:00+00:00,4622.965,4623.1,4621.37,4622.07,154
2026-08-21 19:05:00+00:00,4622.2,4622.3150000000005,4618.610000000001,4619.955,142
2026-08-21 19:06:00+00:00,4620.0650000000005,4621.105,4619.97,4620.615,145
2026-08-21 19:07:00+00:00,4620.49,4622.455,4620.235000000001,4622.3150000000005,131
2026-08-21 19:08:00+00:00,4622.33,4622.335,4621.055,4621.295,111
2026-08-21 19:09:00+00:00,4621.325000000001,4621.83,4620.995000000001,4621.32,113
2026-08-21 19:10:00+00:00,4621.42,4621.62,4620.85,4621.49,113
2026-08-21 19:11:00+00:00,4621.57,4622.115,4620.43,4621.45,127
2026-08-21 19:12:00+00:00,4621.57,4622.54,4621.01,4622.360000000001,119
2026-08-21 19:13:00+00:00,4622.38,4623.63,4622.21,4623.23,102
2026-08-21 19:14:00+00:00,4623.13,4623.5650000000005,4622.525,4622.77,116
2026-08-21 19:15:00+00:00,4622.4400000000005,4622.555,4621.48,4621.715,99
2026-08-21 19:16:00+00:00,4621.5599999999995,4622.12,4620.285,4620.45,97
2026-08-21 19:17:00+00:00,4620.32,4621.59,4620.26,4621.58,119
2026-08-21 19:18:00+00:00,4621.68,4622.455,4621.094999999999,4622.0,128
2026-08-21 19:19:00+00:00,4621.87,4622.74,4621.77,4622.525,173
2026-08-21 19:20:00+00:00,4622.54,4623.125,4622.1,4622.285,143
2026-08-21 19:21:00+00:00,4622.455,4623.0650000000005,4622.1,4622.215,86
2026-08-21 19:22:00+00:00,4622.395,4623.389999999999,4621.955,4622.405000000001,92
2026-08-21 19:23:00+00:00,4622.535,4623.26,4622.135,4622.764999999999,104
2026-08-21 19:24:00+00:00,4622.879999999999,4623.0,4622.09,4622.415,116
2026-08-21 19:25:00+00:00,4622.299999999999,4623.0650000000005,4622.004999999999,4622.405000000001,124
2026-08-21 19:26:00+00:00,4622.46,4622.915,4621.635,4622.219999999999,129
2026-08-21 19:27:00+00:00,4622.094999999999,4622.235000000001,4621.275,4621.545,94
2026-08-21 19:28:00+00:00,4621.395,4621.395,4618.205,4618.585,106
2026-08-21 19:29:00+00:00,4618.475,4619.219999999999,4618.0,4618.195,124
2026-08-21 19:30:00+00:00,4618.120000000001,4619.6849999999995,4618.0,4618.950000000001,174
2026-08-21 19:31:00+00:00,4619.055,4619.84,4617.865,4617.92,94
2026-08-21 19:32:00+00:00,4618.04,4618.969999999999,4617.885,4618.375,135
2026-08-21 19:33:00+00:00,4618.245,4619.344999999999,4617.4400000000005,4617.76,148
2026-08-21 19:34:00+00:00,4617.9,4618.219999999999,4616.725,4617.04,126
2026-08-21 19:35:00+00:00,4617.29,4617.535,4615.66,4616.785,178
2026-08-21 19:36:00+00:00,4616.895,4617.4400000000005,4615.92,4616.34,107
2026-08-21 19:37:00+00:00,4616.3150000000005,4617.51,4616.3150000000005,4617.275,105
2026-08-21 19:38:00+00:00,4617.125,4618.495000000001,4616.92,4616.92,128
2026-08-21 19:39:00+00:00,4616.9349999999995,4618.035,4615.73,4617.865,114
2026-08-21 19:40:00+00:00,4617.924999999999,4619.605,4617.799999999999,4619.195,127
2026-08-21 19:41:00+00:00,4619.075000000001,4619.51,4618.200000000001,4619.264999999999,150
2026-08-21 19:42:00+00:00,4619.165,4619.405000000001,4618.3150000000005,4618.674999999999,160
2026-08-21 19:43:00+00:00,4618.915,4619.695,4618.5650000000005,4619.485000000001,154
2026-08-21 19:44:00+00:00,4619.585,4619.585,4617.889999999999,4618.355,137
2026-08-21 19:45:00+00:00,4618.205,4618.695,4617.355,4618.575000000001,106
2026-08-21 19:46:00+00:00,4618.715,4619.5650000000005,4618.135,4618.165,134
2026-08-21 19:47:00+00:00,4618.3150000000005,4621.02,4617.879999999999,4620.955,120
2026-08-21 19:48:00+00:00,4620.855,4622.674999999999,4620.855,4621.605,155
2026-08-21 19:49:00+00:00,4621.735000000001,4623.26,4621.695,4622.895,128
2026-08-21 19:50:00+00:00,4622.995000000001,4623.375,4621.344999999999,4621.844999999999,201
2026-08-21 19:51:00+00:00,4621.855,4622.700000000001,4621.645,4622.049999999999,114
2026-08-21 19:52:00+00:00,4622.1900000000005,4623.225,4622.004999999999,4622.76,151
2026-08-21 19:53:00+00:00,4622.885,4623.71,4622.25,4622.34,172
2026-08-21 19:54:00+00:00,4621.93,4622.860000000001,4621.7,4622.674999999999,154
2026-08-21 19:55:00+00:00,4622.625,4622.705,4618.995,4620.965,304
2026-08-21 19:56:00+00:00,4621.145,4621.555,4619.26,4619.535,244
2026-08-21 19:57:00+00:00,4619.424999999999,4619.75,4617.825000000001,4618.5650000000005,212
2026-08-21 19:58:00+00:00,4618.6849999999995,4619.395,4617.6900000000005,4617.844999999999,195
2026-08-21 19:59:00+00:00,4617.825000000001,4618.07,4615.58,4617.18,314
2026-08-21 20:00:00+00:00,4617.17,4617.43,4615.35,4615.46,167
2026-08-21 20:01:00+00:00,4615.48,4616.375,4615.1,4615.9400000000005,122
2026-08-21 20:02:00+00:00,4615.92,4617.205,4615.139999999999,4616.28,62
2026-08-21 20:03:00+00:00,4616.360000000001,4617.445,4615.915,4617.3099999999995,70
2026-08-21 20:04:00+00:00,4617.145,4617.515,4617.045,4617.515,38
2026-08-21 20:05:00+00:00,4617.275,4617.525,4616.77,4617.09,50
2026-08-21 20:06:00+00:00,4616.9349999999995,4617.88,4616.665,4617.295,58
2026-08-21 20:07:00+00:00,4617.26,4617.26,4616.48,4616.844999999999,60
2026-08-21 20:08:00+00:00,4616.79,4616.96,4615.775,4616.860000000001,75
2026-08-21 20:09:00+00:00,4616.775,4617.085,4616.255,4616.55,69
2026-08-21 20:10:00+00:00,4616.675,4616.985000000001,4615.98,4616.8,78
2026-08-21 20:11:00+00:00,4616.82,4617.075,4616.575000000001,4616.705,53
2026-08-21 20:12:00+00:00,4616.8150000000005,4616.985000000001,4616.195,4616.985000000001,24
2026-08-21 20:13:00+00:00,4616.855,4617.674999999999,4616.705,4616.8099999999995,22
2026-08-21 20:14:00+00:00,4617.02,4617.24,4616.8,4616.9400000000005,15
2026-08-21 20:15:00+00:00,4617.389999999999,4617.635,4616.34,4616.34,36
2026-08-21 20:16:00+00:00,4616.45,4616.5599999999995,4614.99,4615.105,25
2026-08-21 20:17:00+00:00,4615.25,4615.25,4614.5,4614.79,41
2026-08-21 20:18:00+00:00,4614.9,4615.0,4612.9,4612.905000000001,83
2026-08-21 20:19:00+00:00,4613.004999999999,4613.004999999999,4611.6,4612.87,75
2026-08-21 20:20:00+00:00,4613.08,4613.46,4611.76,4611.76,62
2026-08-21 20:21:00+00:00,4611.87,4613.78,4611.87,4612.8150000000005,79
2026-08-21 20:22:00+00:00,4612.924999999999,4612.924999999999,4611.49,4611.92,84
2026-08-21 20:23:00+00:00,4611.945,4612.68,4610.865,4610.98,81
2026-08-21 20:24:00+00:00,4611.094999999999,4611.51,4610.47,4611.135,120
2026-08-21 20:25:00+00:00,4611.195,4611.42,4610.71,4610.799999999999,74
2026-08-21 20:26:00+00:00,4610.889999999999,4611.595,4610.61,4611.174999999999,85
2026-08-21 20:27:00+00:00,4611.1900000000005,4611.1900000000005,4610.27,4610.905000000001,72
2026-08-21 20:28:00+00:00,4611.12,4611.889999999999,4610.735000000001,4611.085,87
2026-08-21 20:29:00+00:00,4611.12,4611.45,4610.780000000001,4610.955,57
2026-08-21 20:30:00+00:00,4611.0650000000005,4612.095,4610.280000000001,4612.08,127
2026-08-21 20:31:00+00:00,4611.9349999999995,4612.02,4610.73,4610.96,56
2026-08-21 20:32:00+00:00,4610.629999999999,4610.785,4610.215,4610.44,79
2026-08-21 20:33:00+00:00,4610.58,4610.96,4610.135,4610.71,66
2026-08-21 20:34:00+00:00,4610.785,4611.09,4610.415,4610.625,85
2026-08-21 20:35:00+00:00,4610.615,4610.615,4609.995000000001,4610.0599999999995,39
2026-08-21 20:36:00+00:00,4610.105,4611.49,4610.105,4610.985,77
2026-08-21 20:37:00+00:00,4610.955,4611.6849999999995,4609.805,4609.805,65
2026-08-21 20:38:00+00:00,4609.665,4609.844999999999,4607.54,4607.925,119
2026-08-21 20:39:00+00:00,4607.8,4608.845,4607.655000000001,4608.299999999999,72
2026-08-21 20:40:00+00:00,4608.04,4609.495,4607.775,4609.32,101
2026-08-21 20:41:00+00:00,4609.344999999999,4609.86,4608.795,4609.26,71
2026-08-21 20:42:00+00:00,4609.24,4609.52,4608.42,4608.48,50
2026-08-21 20:43:00+00:00,4608.4,4608.725,4608.01,4608.165,63
2026-08-21 20:44:00+00:00,4608.035,4608.41,4607.99,4608.085,41
2026-08-21 20:45:00+00:00,4608.015,4608.63,4607.6849999999995,4608.335,87
2026-08-21 20:46:00+00:00,4608.41,4608.75,4607.665,4607.96,74
2026-08-21 20:47:00+00:00,4607.93,4608.295,4606.66,4607.295,82
2026-08-21 20:48:00+00:00,4607.3099999999995,4607.605,4603.530000000001,4604.705,167
2026-08-21 20:49:00+00:00,4604.725,4606.6849999999995,4604.415,4606.32,115
2026-08-21 20:50:00+00:00,4605.945,4607.27,4605.33,4605.64,134
2026-08-21 20:51:00+00:00,4605.725,4606.03,4603.7165,4604.68,143
2026-08-21 20:52:00+00:00,4604.48,4604.895,4603.595,4604.889,93
2026-08-21 20:53:00+00:00,4604.87,4605.0265,4604.045,4604.646500000001,91
2026-08-21 20:54:00+00:00,4604.6575,4605.339,4604.2065,4605.1275000000005,90
2026-08-21 20:55:00+00:00,4605.3225,4606.03,4603.674999999999,4604.0565,139
2026-08-21 20:56:00+00:00,4604.2215,4605.2425,4603.105,4603.96,121
2026-08-21 20:57:00+00:00,4603.5515,4604.65,4602.9765,4604.2815,133
2026-08-21 20:58:00+00:00,4604.294,4606.04,4604.294,4604.6,70
2026-08-21 20:59:00+00:00,4604.84,4604.91,4604.0,4604.3099999999995,92
