Date,Close,High,Low,Open,Volume
2021-08-16,244.9620361328125,246.7314278583487,240.31247995902922,245.91554125714885,4047500
2021-08-17,242.7896270751953,244.9620348215996,241.75748065754945,244.03801831436033,3472600
2021-08-18,246.9477081298828,252.43280043432054,243.5072297672732,243.78246683633836,8306700
2021-08-19,248.7662353515625,251.09592573778434,244.1559922671517,244.9325507294609,6600800
2021-08-20,251.77418518066406,253.484584646289,248.31404310189123,248.69741005100997,5510700
2021-08-23,256.0895080566406,257.4067160154898,252.20670093878948,252.62938103034668,7603900
2021-08-24,255.24415588378906,258.03585448101023,254.65435364525774,257.4657313162023,6685200
2021-08-25,256.4139404296875,257.44607192709424,254.34964743628365,256.42374996871126,9701000
2021-08-26,263.23590087890625,270.5395371353906,262.8131907736344,265.2116978885948,18987000
2021-08-27,261.9972839355469,266.3028007185622,260.9159849720022,263.3046522287981,7992500
2021-08-30,260.4638366699219,263.02943577619214,260.24757686031165,261.2895477615463,5730000
2021-08-31,260.7587585449219,262.23324926764445,258.2324872389193,260.2672616373477,5901500
2021-09-01,263.75689697265625,268.61288862224,261.0733131667528,261.7417417342561,7189000
2021-09-02,259.65777587890625,264.680889208248,259.43170653046394,264.4253012506142,4498300
2021-09-03,262.5379333496094,262.862338056415,257.34772802799125,259.1171346140387,7356700
2021-09-07,260.69976806640625,263.3440236946542,259.57917077335605,262.00716657331867,4672500
2021-09-08,258.1538391113281,259.84458972688026,257.13151711158713,259.1368329576121,3851500
2021-09-09,256.3057861328125,259.2252788312799,256.02073953833815,257.36743620421294,4126500
2021-09-10,252.82601928710938,257.14134650274474,252.13791162242686,256.56138375615365,5280900
2021-09-13,249.7885284423828,253.30764767048203,247.901182347853,252.62937962102887,5258200
2021-09-14,250.04412841796875,250.77154923062187,248.69743171006417,249.78855542939633,4097500
2021-09-15,251.80369567871094,252.38365842150404,248.64827897762666,250.21123552147722,4764600
2021-09-16,255.93228149414062,256.7776718609173,250.66344850527622,251.18443408065718,5122600
2021-09-17,256.0993347167969,257.249450487942,254.2807904625756,254.8607531168845,7049400
2021-09-20,253.82861328125,254.80176736368145,250.60439541362817,252.22632888387548,5985500
2021-09-21,253.5828857421875,258.0849836844283,253.386275002944,255.0573762907527,6040600
2021-09-22,254.76246643066406,255.93220122477913,251.8527837537631,254.49703895757068,4355600
2021-09-23,273.1346130371094,274.63862218548906,261.8695137190807,265.40829701229535,15617200
2021-09-24,280.7724609375,281.49002705150593,273.4786353775802,273.7637119152641,13368300
2021-09-27,274.92364501953125,278.934275738412,274.29454470982665,277.63671697650443,5941100
2021-09-28,267.6495666503906,271.99441270528183,265.44767000642327,270.43142607116755,7127100
2021-09-29,265.8998107910156,270.00871748823585,264.6612290598714,268.83895251961934,4361900
2021-09-30,266.6075744628906,269.5958839565129,265.8408405137113,266.0472608081009,5224200
2021-10-01,270.578857421875,271.64047742618806,264.19920786361564,266.8827914835494,4756000
2021-10-04,266.2536926269531,270.61818760306676,261.6139905788011,270.53956129656876,6393800
2021-10-05,267.1481628417969,268.89789026930134,266.4207571692588,267.48237706968155,4050400
2021-10-06,270.588623046875,270.8048828272891,262.9507739815546,265.08388317921117,4745500
2021-10-07,269.9103698730469,274.746711591312,269.41887307234686,272.1909222279551,5374200
2021-10-08,267.8461608886719,272.2106557518443,267.6397105920992,270.85411951077856,2683300
2021-10-11,269.0945129394531,271.5716461494871,266.8926167527562,267.1580142400002,2693000
2021-10-12,274.2552185058594,275.975457331613,271.32588673451426,271.71910817926835,5970100
2021-10-13,279.57330322265625,280.2515714245189,273.8621109711299,275.23829645367954,6573500
2021-10-14,285.0878601074219,285.69734148154447,279.8190275718409,281.1362357057361,5433900
2021-10-15,286.699951171875,287.8893651701385,284.3997494733493,287.5158227578109,5119300
2021-10-18,286.7392578125,288.26288596051273,283.8000864193548,285.8348904610895,5163300
2021-10-19,287.3683776855469,290.5041300214685,286.4050330499069,287.13246879460945,3631200
2021-10-20,285.1566162109375,290.38614947972565,283.0530254590862,288.12524614993686,4487900
2021-10-21,284.88140869140625,286.61148724482297,283.3675899571666,284.5471944251485,2828500
2021-10-22,287.58465576171875,288.0171754216247,283.2791382372116,284.0852003305445,2927000
2021-10-25,288.9215393066406,290.1109533573276,286.7589410339471,288.3120579762715,2993500
2021-10-26,290.0912780761719,293.2860078398036,288.626626953317,290.749897103746,3601400
2021-10-27,290.13055419921875,294.1018567313098,290.07157698327643,291.4870901630597,3742700
2021-10-28,293.3056945800781,293.7283747140365,288.53816865464637,290.0519875048906,3450400
2021-10-29,294.5933837890625,295.6648433201814,291.23153214211845,292.932122039355,4251900
2021-11-01,297.6112060546875,299.6754689911964,294.62289656767456,296.3726242939106,3825100
2021-11-02,297.7979431152344,298.2796004120286,294.31813713797743,296.58885010655894,4177500
2021-11-03,297.7389831542969,298.7809541007741,293.11890065683156,298.7809541007741,3260200
2021-11-04,302.8013916015625,303.1650944754177,297.2572926636772,298.33859174715707,3833800
2021-11-05,302.0248718261719,306.10429045811685,298.1813621275927,303.2536141851067,4681800
2021-11-08,304.6887512207031,306.0944551599628,300.6977987746152,301.9757087195249,3893000
2021-11-09,304.4430236816406,306.4483395800219,301.9953785400378,304.7281003041116,3126500
2021-11-10,294.57373046875,303.34201733037776,292.824002911262,301.35638088828944,4350900
2021-11-11,297.8274841308594,300.5503662653156,296.37264244968975,296.37264244968975,2681900
2021-11-12,301.43499755859375,301.99531114021494,296.5003802222205,299.32156720530133,3803700
2021-11-15,300.29473876953125,302.52615368959283,298.0731933847017,301.68076350000564,3595300
2021-11-16,301.8675537109375,302.3492110594572,297.5718757289603,298.90873285896976,2989400
2021-11-17,302.78173828125,304.6297714177291,302.02484385773033,302.5458293697301,3864700
2021-11-18,297.8372497558594,301.769224531996,294.4852376593725,300.95335296532585,4443100
2021-11-19,296.0482177734375,300.7960640158788,295.979401016649,300.51098745103087,4758900
2021-11-22,291.7918701171875,300.29476031627104,291.67391566333686,296.7068390182288,4474700
2021-11-23,286.46405029296875,291.4281567044957,283.4069241475458,288.6561071446535,6431100
2021-11-24,284.2523498535156,284.52758693646143,278.38387526482074,281.17557424858325,5091400
2021-11-26,279.37664794921875,282.6795225799478,278.2265620499727,279.6617245390392,4195300
2021-11-29,291.6935119628906,293.31547540564145,279.85829058953254,284.5962969539535,8215600
2021-11-30,280.1138610839844,294.1804977643549,278.5803933954574,291.15289053276166,13597600
2021-12-01,247.22293090820312,272.2302945896198,247.18361775745004,266.6468972264239,30723100
2021-12-02,256.75799560546875,258.1145018667459,247.8520590724059,248.52050266396935,12200800
2021-12-03,253.92694091796875,257.29860212436927,247.41951239538005,257.1019913840562,8944000
2021-12-06,254.34959411621094,254.82144184391677,246.44633216828848,251.74466707473758,7123000
2021-12-07,262.4494934082031,265.63441357781585,259.1171601734445,260.95535369804384,7401200
2021-12-08,261.7810974121094,263.93385640614747,260.0706976628817,263.74708516932463,4586500
2021-12-09,259.8249206542969,262.14477155367615,258.17349831928897,261.5156711397352,3967000
2021-12-10,261.50579833984375,265.9685978904856,259.9428420431651,261.57461509469647,3480100
2021-12-13,261.24041748046875,265.9587752802076,260.1099507172135,261.27971562981236,3625700
2021-12-14,251.24337768554688,257.69181450954204,248.99232851958257,257.5443714416407,7227300
2021-12-15,255.61767578125,255.76511882824593,247.61609311363725,250.51593636509358,6484900
2021-12-16,248.81536865234375,256.9054178664646,247.93068029323194,255.57837032850284,6556700
2021-12-17,248.62860107421875,249.5821062081585,242.5930200713691,246.96735424223044,12119400
2021-12-20,243.005859375,247.26220854978683,242.30792730518286,245.6402750766699,5580100
2021-12-21,248.2550811767578,248.70724991420042,241.07922361070857,243.7824564952323,5428200
2021-12-22,248.50083923339844,249.93600180254694,245.2667811850259,249.11029059843725,4982400
2021-12-23,248.8350372314453,249.9851381188286,245.0996579822407,246.95751556944353,3769500
2021-12-27,253.90725708007812,254.0350510590248,248.93332642837825,249.08076948155264,3531800
2021-12-28,251.10572814941406,256.3450861717822,250.60440678115745,255.31295482532997,3293700
2021-12-29,250.21121215820312,252.06906966875394,248.81536289095325,251.64638957342828,2592700
2021-12-30,250.98776245117188,253.514048251484,250.1325628027153,250.9582738425556,2950600
2021-12-31,249.8081817626953,252.12803238376733,249.31668493634086,250.1423960047861,3169300
2022-01-03,251.1156005859375,252.33451828719055,244.42140026615732,250.67324138030955,4316800
2022-01-04,244.00851440429688,252.50157910964447,239.2606531802275,252.48193003574355,7240700
2022-01-05,223.7981719970703,234.1490943710815,223.4442936680745,232.15361837680578,18882500
2022-01-06,225.25299072265625,230.4923487195177,222.20571938254463,224.16186716234486,9376100
2022-01-07,224.42730712890625,228.32979362878987,222.20574658964367,224.61407834667466,6286700
2022-01-10,225.72486877441406,225.921464532535,215.16751007114647,221.66509962235446,7803800
2022-01-11,230.84625244140625,232.33058262783206,222.7070652576782,224.9089766935866,7635300
2022-01-12,233.785400390625,235.21073829795424,231.75059617173685,232.96951379556072,6718900
2022-01-13,224.74185180664062,234.72905628256484,224.0439196881007,233.4610010240601,6680300
2022-01-14,227.29762268066406,229.32258724602283,223.73919038617115,224.15204592868471,5805100
2022-01-18,222.21559143066406,226.80617099493801,221.4685214906282,224.56494617553437,6032000
2022-01-19,222.42198181152344,228.2609666086067,222.32367644485004,223.60157121513885,5332600
2022-01-20,219.14862060546875,227.464739011369,218.70627643482194,225.17437686124083,5663700
2022-01-21,214.9119110107422,220.94749154847042,214.53836861612703,219.26656577199535,9128400
2022-01-24,219.2371063232422,219.5811601534454,203.98103832592423,208.7780528764638,11664300
2022-01-25,211.7270050048828,220.09227569825825,211.0192483658034,217.24160006812224,9092700
2022-01-26,207.41168212890625,217.6938033971662,205.51451138302824,215.8752589522424,10029600
2022-01-27,209.1220703125,219.35502260459447,208.45362684425518,210.43927817728903,9462100
2022-01-28,218.35240173339844,218.50966933051083,207.29372228666332,210.65555903855554,8254900
2022-01-31,228.673828125,228.9490651597256,218.4801733057728,219.15844135537992,7084200
2022-02-01,228.1724853515625,228.8212647720885,222.47113407821666,228.41823376849268,6387100
2022-02-02,221.1833953857422,230.5021859703377,219.2272476253361,229.76494073417436,9378900
2022-02-03,209.15158081054688,217.03517975123552,206.82187546336766,214.3614505963104,12826600
2022-02-04,215.501708984375,217.9002160604897,209.56443351668102,211.33382521211757,6176500
2022-02-07,213.28013610839844,217.6741189788069,212.9754104729734,215.27561204291675,3922300
2022-02-08,213.73231506347656,214.23365145488486,208.54210947710092,211.93344977441484,5628700
2022-02-09,218.263916015625,218.41137407119243,211.90396053321922,217.37922767939494,6107700
2022-02-10,213.96823120117188,218.21477107214554,212.13986236771817,213.99771981144588,5312600
2022-02-11,204.36439514160156,216.1898087840345,202.6048429243456,213.9190956156847,8165600
2022-02-14,202.889892578125,206.3303705094353,201.15000453806792,202.300105360905,7005900
2022-02-15,210.60638427734375,210.92094943718496,204.973835002657,206.18291296230035,6353000
2022-02-16,208.1390838623047,208.80751235431563,204.66911742754127,207.41166315103428,7072700
2022-02-17,196.62820434570312,206.18290313052714,196.10721894894,204.7870540487003,8820100
2022-02-18,193.4924774169922,199.15453076098683,192.46033102621868,196.9919326091591,6691800
2022-02-22,191.81155395507812,198.0339055021007,190.2387581298679,192.2047454117344,8434800
2022-02-23,187.2996063232422,195.6157393285572,186.89659032006813,193.01081211611017,7784300
2022-02-24,200.81576538085938,201.41539210500818,181.3033505035253,181.59825159724141,11792600
2022-02-25,204.55116271972656,204.92470513880687,198.1813675166228,201.23847863249546,5853600
2022-02-28,206.9496612548828,208.07027346637975,203.43054202947823,204.25625313283524,7904700
2022-03-01,205.33753967285156,210.74400466160415,204.91485960975496,209.7708355638834,12587300
2022-03-02,206.81204223632812,213.61435678427733,197.7291751235381,212.42494281669724,16670100
2022-03-03,201.2679443359375,208.0309452628478,200.7469589156218,206.81202777042094,6559900
2022-03-04,199.5575408935547,202.87023978332783,195.8713146061803,201.21880260695167,6813600
2022-03-07,192.8928680419922,201.44491105193606,192.70609682120124,199.99008443627793,7043500
2022-03-08,188.81344604492188,193.84636937162838,185.98241917400213,190.97602934941017,8229000
2022-03-09,199.7050018310547,201.73979097146267,193.8660169075732,194.9768045779972,6881300
2022-03-10,196.74618530273438,197.7783316993834,194.17074657908879,195.71405390537905,5604200
2022-03-11,194.5344696044922,201.28764729972252,194.26907207445907,201.28764729972252,5196900
2022-03-14,189.8357391357422,196.75602320490972,188.5578593211952,194.8686770949441,5665500
2022-03-15,192.8043975830078,196.55944098670196,189.4622247623824,195.15375209498322,5276300
2022-03-16,202.0740509033203,202.39842567116398,193.9741762613783,195.2815598685899,6043400
2022-03-17,206.8317108154297,207.0971083185294,199.11520416630177,201.14016881581418,5842600
2022-03-18,215.0790557861328,215.84578978350768,204.7674449762949,205.6717975116782,12220600
2022-03-21,210.08544921875,215.37396099185983,207.02833771040045,214.47943297832342,6448700
2022-03-22,214.4990692138672,218.0771658042882,209.00412284344338,210.08542195014783,7018800
2022-03-23,207.51980590820312,210.29184041338394,204.7674204780329,210.2328631897643,8404700
2022-03-24,210.3409881591797,210.46878214021666,206.30088344389148,208.73871862440103,4150300
2022-03-25,207.441162109375,212.18902354433743,204.93452514070253,210.62606714008407,3656500
2022-03-28,211.618896484375,211.71720186057198,205.74059797072417,206.80223303661435,4290900
2022-03-29,217.5266571044922,218.38187177516957,213.08353662853938,214.9020658722316,5370400
2022-03-30,211.28468322753906,216.1111862358734,209.77086442282297,215.9735677081078,4951200
2022-03-31,208.709228515625,213.10319653278953,208.1882280579411,210.85214757099806,7141300
2022-04-01,208.6404266357422,210.39015433762017,206.4680038152517,208.86651100190542,6007900
2022-04-04,215.12820434570312,217.24163506722724,210.45898368249348,210.97996920918166,7843600
2022-04-05,206.56629943847656,214.5580431709268,205.12129747210818,214.29263066708734,7304600
2022-04-06,197.40481567382812,201.97573069494925,194.71140734997485,201.72015771503547,7171300
2022-04-07,196.75601196289062,199.2724732990621,194.8195132785586,195.73369017051303,5246000
2022-04-08,193.81689453125,196.73638744952586,193.27624491688488,195.2618966826914,3897700
2022-04-11,192.1261444091797,193.74809325641596,188.89210125202285,190.9072416383672,5173800
2022-04-12,191.49700927734375,197.69969741533117,191.27092491554373,196.3530007829519,4832200
2022-04-13,192.3915557861328,193.7480920866684,186.1004012026117,188.7249929585164,8733000
2022-04-14,186.1888427734375,193.10911191305556,186.00207156808625,192.98133292988922,5126700
2022-04-18,183.8296356201172,186.129852142228,182.37480922952614,185.09770581810417,4899500
2022-04-19,188.1351776123047,188.93140016853826,182.36500896463625,184.0557594541201,6120400
2022-04-20,183.06289672851562,190.0126687864866,182.91545368597698,189.60963780449137,6015400
2022-04-21,174.2159881591797,186.9359304175854,173.7343307934524,185.5695696262635,9119500
2022-04-22,168.51458740234375,176.00500891182722,168.1902127103444,174.6779615382977,8843900
2022-04-25,171.60121154785156,171.7879677450666,166.35201396966778,166.8041976559132,7988900
2022-04-26,167.1875762939453,170.76567289034153,164.70060334366602,169.6843737818314,8073300
2022-04-27,171.70933532714844,174.21597230595935,167.72822277177707,168.09192564738044,9644600
2022-04-28,182.58123779296875,183.7509875847981,175.93619141632377,178.32487367872906,10614800
2022-04-29,172.9479217529297,182.20772102329778,172.31880635661895,179.4651750766931,7110800
2022-05-02,174.5502166748047,174.7566369736833,170.17588225511528,172.11238124559802,6278400
2022-05-03,175.3267822265625,177.3222585255086,173.134710159112,173.94075730976868,5047700
2022-05-04,182.32568359375,182.81718048773735,171.76833991045012,176.65382023662812,7563100
2022-05-05,169.36981201171875,179.14077147241753,166.93199191465828,177.42053255326053,8379400
2022-05-06,166.81402587890625,169.49759444774895,162.76409668350917,166.60760560399936,7232700
2022-05-09,160.8177490234375,167.3939632017145,159.37274732077495,163.88468406617054,9997800
2022-05-10,164.30738830566406,168.34749294748514,160.50320754778414,164.5728008001862,8598700
2022-05-11,158.5273895263672,167.08925578537543,158.09486992214173,162.6854484500933,7220100
2022-05-12,157.69183349609375,164.0124902232493,152.01013161655246,154.26118038918568,10187500
2022-05-13,164.0714874267578,165.81137553310558,159.2548091398293,160.76862788688746,6499700
2022-05-16,161.3289337158203,163.28509672978788,159.1270372571497,161.93840005645492,5065800
2022-05-17,160.94557189941406,166.22425884511932,155.57843411016134,164.4843556060715,7317700
2022-05-18,154.6544189453125,161.72214688562693,153.53380659450727,160.05106039748512,7454400
2022-05-19,152.95384216308594,156.54176355408956,152.09862735262612,152.5901242554647,8382200
2022-05-20,156.9349365234375,157.99657150797537,151.92167770673987,156.0404236654869,9068700
2022-05-23,157.59356689453125,157.99658293690192,153.25856081057898,157.12171908996478,6148800
2022-05-24,154.26119995117188,155.69637740691311,151.92168505657995,155.0869260897337,6928400
2022-05-25,156.9349365234375,159.13684778758565,152.67858704743037,152.67858704743037,7436800
2022-05-26,159.69717407226562,160.90625220652242,154.89033514902616,156.97427713641096,6697700
2022-05-27,162.2922821044922,162.42006109875487,157.52475618285925,157.9376117782437,7883600
2022-05-31,157.51492309570312,164.4351924606888,156.64005926264068,164.12064226192746,18114600
2022-06-01,173.07571411132812,181.28370279853775,171.40461276248735,174.98270935771333,37037400
2022-06-02,185.19602966308594,186.8966197709472,171.7290173307772,172.02391847659615,19231200
2022-06-03,181.765380859375,186.41493717245797,180.67425717921236,181.85384669847872,9224000
2022-06-06,179.7600555419922,187.18166107687765,178.6099546974066,185.71699504439152,5811700
2022-06-07,183.96725463867188,185.392607423175,178.61978180995678,178.61978180995678,6331100
2022-06-08,185.97256469726562,187.3192611520373,182.237185954873,183.81980627733944,6226200
2022-06-09,183.92794799804688,189.4032149940281,183.43645115822517,185.3237972232253,8467700
2022-06-10,175.4152069091797,180.82167177048376,174.18646489524696,180.50712161454888,7855800
2022-06-13,163.20645141601562,169.74335386595234,162.25294627679918,167.6495873740794,10726200
2022-06-14,161.65333557128906,166.74525151199038,159.39244671728798,165.86054804774864,8576200
2022-06-15,165.68357849121094,168.58340668506048,161.87938296299717,163.8945228940765,7740700
2022-06-16,157.1315460205078,164.06163947710434,155.92245299251763,160.9455513060098,8090900
2022-06-17,160.48353576660156,163.40302806824806,155.48010175442207,155.86346867285582,13074600
2022-06-21,163.9928436279297,166.46999199488772,162.0956579542451,162.24311601139016,6736800
2022-06-22,164.602294921875,167.55127607305567,161.41740487814792,161.89906219995942,5864500
2022-06-23,170.10708618164062,170.44130048577853,164.27792493925648,166.21442399454892,7258000
2022-06-24,182.7581787109375,183.23985100208952,173.54753295462962,174.69763373215477,12107100
2022-06-27,178.22657775878906,183.40695853702704,177.40086668577567,182.9449503177544,6170600
2022-06-28,168.54409790039062,179.2292340806626,168.52443382758028,177.22391863420555,6668600
2022-06-29,167.7085723876953,170.8246609257852,165.2019352042674,169.56643006495696,5430400
2022-06-30,162.2332763671875,164.6514475094029,158.3701182611055,162.24311590390025,9539400
2022-07-01,165.3395538330078,166.27339494130115,161.2601355707972,161.9580527678111,4561600
2022-07-05,169.2715301513672,169.41898822163347,161.8106107743234,163.27527694291592,4614200
2022-07-06,169.79246520996094,172.08284189394197,167.9247835359752,170.56903848441874,4085100
2022-07-07,173.63601684570312,173.93091797301727,170.22502730486005,171.20802106304433,4000100
2022-07-08,172.51541137695312,173.60653509161676,169.90064427705,171.0900733711336,2869200
2022-07-11,171.39479064941406,173.32146499684904,168.34750402826214,171.0409122998564,3689300
2022-07-12,163.5013427734375,170.43145130965965,161.5550194608993,169.28135048864644,7073000
2022-07-13,160.70965576171875,163.01968210589786,158.4291030312006,159.64802069743905,6225900
2022-07-14,158.30130004882812,158.9599190322012,154.96895198052817,158.29147551149927,6096100
2022-07-15,164.5334930419922,164.75957739694982,159.4612418658094,160.92590790291268,6037700
2022-07-18,165.03482055664062,169.70404088241293,164.26808662940473,166.07679153471534,3818200
2022-07-19,170.8541259765625,171.13920253812023,164.9561640051069,168.01327489361643,4373400
2022-07-20,179.34719848632812,180.37934487648826,172.62352514362354,173.10519745884324,5654000
2022-07-21,182.1979217529297,182.37485345175995,176.85043264304784,177.5876780534331,3886000
2022-07-22,179.36688232421875,184.37031723440356,177.853063452035,181.92267223867964,3804700
2022-07-25,174.2749481201172,178.89503055320935,172.10254042219344,178.73774795989266,4407900
2022-07-26,167.5611114501953,174.11767758030987,166.8730038658999,174.09801350665458,3886500
2022-07-27,177.23377990722656,179.13095068555307,171.38496996976525,171.88629139321807,4960900
2022-07-28,178.20693969726562,178.7869174396898,172.9380923205732,175.37592774810057,4562100
2022-07-29,180.89051818847656,181.28370969770052,177.15513885367056,178.7279348891556,4751400
2022-08-01,179.86817932128906,182.03076241688566,176.7029384725429,178.2167571389658,3997100
2022-08-02,180.66441345214844,181.99146100510612,176.378560132083,177.73509629739138,4317900
2022-08-03,186.42474365234375,187.43722593324196,182.2175319416053,182.37481452875085,5786300
2022-08-04,188.01722717285156,188.32195284909574,184.065587921281,185.3533073914973,3759700
2022-08-05,186.9359130859375,188.5381976420555,183.11206813242572,183.81982480756412,4090300
2022-08-08,186.5230712890625,191.06449779023924,185.86446725096118,187.84027936526516,3396800
2022-08-09,179.14076232910156,183.94760052074835,176.76191957365535,183.13171401796143,5851700
2022-08-10,185.40240478515625,186.34608514560847,183.0432263829614,184.96006070965603,4179200
2022-08-11,183.5543975830078,189.2262750666249,183.15138159141915,188.86257222081593,4175100
2022-08-12,186.66065979003906,186.7884537617053,182.35514289111202,183.45610595616785,3846200
2022-08-15,187.81077575683594,188.84292215177769,185.6875057442633,185.8349638002799,2768500
2022-08-16,186.3657684326172,187.60435007056816,183.19070304190922,186.32645528505532,3835900
2022-08-17,184.76348876953125,186.20847560217666,183.29882286524744,184.5275648992563,3181300
2022-08-18,184.73399353027344,185.36312387950784,183.43644968321018,185.21566582917112,2791600
2022-08-19,180.644775390625,182.28637324184237,178.49201656200674,182.0701134052226,4346100
2022-08-22,173.97023010253906,177.51883814872764,173.06587765023292,176.93887543463364,5182900
2022-08-23,173.0069122314453,175.08102979055548,171.93545256802463,172.8889577728802,5076800
2022-08-24,176.9486846923828,178.1479381667132,173.06586270549676,173.66548944266194,11438800
2022-08-25,170.95245361328125,171.1785379851715,162.74444946732496,165.71309491283287,24025600
2022-08-26,162.42005920410156,173.30180762437203,161.83027193155874,171.00160576293587,11074700
2022-08-29,157.48544311523438,163.0000389268172,157.32816050758578,161.48622007696582,9329900
2022-08-30,156.95458984375,161.06351098383746,155.68653467090573,159.38258529032615,8079400
2022-08-31,153.46498107910156,158.46843071917178,153.31753801475432,157.0725663799771,9166100
2022-09-01,150.91903686523438,152.688428704521,148.30426975824943,152.23624495697746,9924000
2022-09-02,151.07630920410156,155.97161379397318,150.3587279789115,153.7992060439434,7315700
2022-09-06,149.13978576660156,151.80368994395351,148.25509755256923,150.28006190859688,6373700
2022-09-07,150.6732940673828,151.44002805995297,147.92090832516647,148.71713093288966,6211400
2022-09-08,154.23170471191406,154.3594986920099,149.19878179439317,149.72960678918093,6659200
2022-09-09,159.82493591308594,160.51302847666324,155.77500682520844,155.90280080104884,5642300
2022-09-12,162.81324768066406,162.84273629105948,159.97239655132483,160.90623754553036,6353400
2022-09-13,155.4113311767578,158.5175802931657,155.1262545652526,155.55877425216013,5463200
2022-09-14,157.55426025390625,158.90095708996725,155.3228599129737,155.8929981718563,6037300
2022-09-15,152.1477508544922,157.12169615712153,151.68574265451272,154.13340216083208,7012200
2022-09-16,148.93338012695312,149.62148776277374,147.0165452825967,149.33641117095215,9882300
2022-09-19,150.23092651367188,150.92884362965205,147.8422440621096,148.14698470353167,4874800
2022-09-20,147.25247192382812,149.00219966036428,146.31863082837486,148.43206146541618,5505700
2022-09-21,145.11936950683594,150.69294216935404,145.00140005943382,148.6483134061475,6164400
2022-09-22,147.59652709960938,150.2604471505098,146.61353320617397,146.96741160778257,12405100
2022-09-23,144.50990295410156,147.29177701196792,142.32765567194906,145.55188890807676,9175800
2022-09-26,143.83163452148438,148.61880867918268,142.87812950454966,144.5000629873437,7862400
2022-09-27,146.35794067382812,148.0486911449849,143.7726622791174,145.84677971761238,7046600
2022-09-28,147.61618041992188,148.31411263309047,143.19270822181795,143.51709798292768,7908400
2022-09-29,144.31329345703125,146.4463878495384,142.54390191046303,145.9254024218395,8602500
2022-09-30,141.393798828125,146.10234667176306,141.3053330020756,143.5268931855282,7575600
2022-10-03,145.384765625,146.42675157073683,141.45279073318886,142.51442575389314,6819900
2022-10-04,153.0816192626953,154.74288117360558,148.648322653735,149.12015547481468,8017900
2022-10-05,153.5731201171875,154.29071640443155,149.35608323406436,149.6116562272158,4256200
2022-10-06,152.8162384033203,155.55878478659733,151.81358042479798,153.0718114177569,3853900
2022-10-07,147.73411560058594,150.56514223771956,146.73147283267897,149.2184456773605,5956700
2022-10-10,143.16322326660156,148.39275773191974,142.12125218874536,148.05852842449949,5497800
2022-10-11,140.1454315185547,142.50461060942624,137.14729746607156,142.0524268673735,7415000
2022-10-12,139.8701629638672,141.00061468603838,137.2062585128336,139.8898270371057,5707100
2022-10-13,142.9665985107422,143.8512867938893,135.25009237715398,136.59680387392189,6548600
2022-10-14,139.8013458251953,145.18814635430934,139.58508604124444,144.8244435355244,5736300
2022-10-17,144.67701721191406,146.46607308958252,143.45811452534804,143.58590851640858,6288200
2022-10-18,150.91903686523438,156.26652553539168,149.3167521719783,153.78937696039043,16354800
2022-10-19,151.05667114257812,153.2978960395231,148.07820081902503,149.27745457958466,6220500
2022-10-20,154.82151794433594,158.5568972501534,150.98784826162256,152.3640335325211,9203400
2022-10-21,157.44610595703125,157.70167893036898,152.1870984335406,154.82151446412612,8335500
2022-10-24,157.9179229736328,158.82229032586116,155.70618727372596,158.438908405223,6259200
2022-10-25,162.45936584472656,163.20643562408284,158.94024675377958,158.95007129060127,5804500
2022-10-26,157.19053649902344,161.32893184843735,156.00110744415267,157.08240658494427,6617500
2022-10-27,157.03321838378906,161.85972027635387,156.61053836025613,159.04835814537978,4987700
2022-10-28,160.24761962890625,160.3164213807408,155.48009470616682,156.79730252012035,5055400
2022-10-31,159.82493591308594,161.21096057640855,158.26197959025473,159.3629276919784,4878100
2022-11-01,157.10206604003906,162.8820590064647,156.92511936797925,162.19396639132998,4545900
2022-11-02,147.45889282226562,157.05292179816814,147.40975513227346,156.7973338135936,7238200
2022-11-03,143.84146118164062,147.8619015705431,143.64486545344377,146.46605240126496,5999400
2022-11-04,137.39303588867188,144.45092357007323,133.72645852840566,144.00857939772055,14265300
2022-11-07,142.13104248046875,142.4652567080631,136.4100274694821,138.22855664853986,7379900
2022-11-08,144.598388671875,148.9825324593389,142.61273706896066,142.62256160685382,9101800
2022-11-09,139.6440887451172,143.8414762279631,139.52613429571915,143.36964343107675,5588500
2022-11-10,153.64193725585938,153.7107390237109,147.18366065081102,148.43206700355756,8777900
2022-11-11,155.04759216308594,157.20035076683217,152.93416170695974,153.82868957414726,7382500
2022-11-14,155.9617919921875,157.4362826173516,152.01997745470047,153.17009334170743,6580100
2022-11-15,159.31381225585938,162.4397253380433,158.01625324109204,159.91342407412287,8116100
2022-11-16,152.48196411132812,158.0850396924617,151.21390895305302,157.27897773192535,6454700
2022-11-17,147.14434814453125,149.17913756375935,145.81730048033802,147.63584505729978,7357900
2022-11-18,145.52239990234375,149.72962729145988,143.17304525008737,149.25777945386272,7555700
2022-11-21,142.3866424560547,144.8342871525116,140.96128960151682,143.53674327715373,8015900
2022-11-22,146.71180725097656,146.83960122959547,140.4894554349898,142.73067983325222,7017700
2022-11-23,149.65097045898438,150.3095744564265,145.04072747759557,145.10952923888067,5558900
2022-11-25,150.74209594726562,151.4203490280921,148.80559708056848,149.48386516068905,3023700
2022-11-28,151.07630920410156,152.67859378844764,149.41504739567054,149.41504739567054,7931700
2022-11-29,149.10044860839844,151.40066482451846,148.68759313352834,150.1227702598497,6398100
2022-11-30,157.52476501464844,157.52476501464844,147.5768720175542,148.18632340691576,14591500
2022-12-01,144.5000762939453,145.08003898672317,139.66374900973668,145.04072583776102,33721500
2022-12-02,142.10154724121094,142.74050205751735,140.351819896874,141.83613477907468,15086700
2022-12-05,131.65232849121094,141.93444836892922,130.6201971883569,140.37149211100916,20294600
2022-12-06,131.0035858154297,132.2618166592169,128.68371988482923,130.45311169618464,16981800
2022-12-07,128.26100158691406,131.4753948802364,127.80883292749029,130.2466528720099,12915900
2022-12-08,127.91697692871094,129.22436036953516,124.85985837553822,126.24587561382836,15156900
2022-12-09,128.88031005859375,131.10187051481984,126.1770772692473,127.53361343240256,10287500
2022-12-12,130.8463134765625,131.80964326082588,128.72304313634055,128.87050121511194,11852400
2022-12-13,133.31361389160156,137.50117706455592,131.76048189309913,135.05351711134028,12579800
2022-12-14,132.45838928222656,134.9355373854882,130.964234791449,132.71396222172723,9611800
2022-12-15,128.2217254638672,131.83913578088266,127.47464050761228,129.4308037492581,10807300
2022-12-16,126.08861541748047,127.67123599141703,124.73207921145067,126.72755536998443,15464700
2022-12-19,126.8160171508789,127.3763307830171,125.03680087921624,125.59710701170735,9441400
2022-12-20,126.26554107666016,127.77935981396688,125.0269743819224,125.33170003702736,8455500
2022-12-21,128.08409118652344,129.91246019806235,124.44700973899401,125.78388186570305,9313200
2022-12-22,126.99295043945312,127.33698921303223,124.19141257261973,126.48178954810716,9968600
2022-12-23,127.23870086669922,127.65155640111706,125.42015660861063,126.54076877325701,5821300
2022-12-27,128.43795776367188,129.5094172744996,125.47914468846727,126.37366503699863,8300800
2022-12-28,126.28519439697266,128.9097856213906,125.99029330449244,127.50411191288767,6249800
2022-12-29,130.28598022460938,130.68901124708935,127.29768593440977,127.49428167730687,7628800
2022-12-30,130.33511352539062,130.38426620362785,128.1430420694924,128.388790461387,5630200
2023-01-03,132.48788452148438,134.62097896741798,130.76764561354182,132.89091552260408,8196400
2023-01-04,137.21607971191406,139.4376549557378,135.27958102558813,138.81836415778088,14322600
2023-01-05,134.0213623046875,136.23309820966892,131.9570844596146,135.2992571607578,8493500
2023-01-06,138.1204376220703,139.2410498257771,133.24479733198552,135.2402733175398,9145700
2023-01-09,144.598388671875,146.66266657652352,140.1650771970619,140.1650771970619,13679700
2023-01-10,144.9325714111328,146.74127594329352,143.1238668789721,143.33028712486797,6527700
2023-01-11,142.43577575683594,144.53938159550484,141.1185678483586,142.80931814851783,13595000
2023-01-12,147.0558319091797,147.27209167663682,141.49208516331015,145.32575376952255,11678000
2023-01-13,146.96739196777344,147.4097511601418,143.60555510139946,143.71368501519925,8378100
2023-01-17,145.94509887695312,147.93075066419829,143.61540823997618,147.0558867330693,9407600
2023-01-18,142.9764404296875,146.99688133743223,142.81915782711548,146.32845277544294,7812600
2023-01-19,143.9201202392578,144.1855177554044,140.72539051397854,141.0792688681351,7070100
2023-01-20,148.67779541015625,148.95303244303818,141.8459922738127,141.8459922738127,10127100
2023-01-23,153.21923828125,155.18522587451392,150.6241352581134,154.67407989975771,19922900
2023-01-24,152.2263946533203,157.48541659120994,151.87251634535943,153.24870143226704,6390200
2023-01-25,153.51412963867188,153.74021399768927,147.27212842735614,148.63848911764268,9390500
2023-01-26,162.28244018554688,162.3610814881749,155.41132323557838,155.49978907629935,13354600
2023-01-27,161.72213745117188,164.3958816759375,160.81778499269151,162.24312294356497,9872300
2023-01-30,161.9481964111328,163.6094580033401,160.62114904476937,161.27976795944508,8169800
2023-01-31,165.11346435546875,165.15277750648593,161.48621495287944,161.48621495287944,6421300
2023-02-01,168.8979949951172,170.13656173262106,164.1599578735952,164.87753911838993,8853900
2023-02-02,171.67002868652344,175.79859945557936,169.95961415394135,172.7218392035035,10667100
2023-02-03,168.13125610351562,172.10255952955313,166.97133059743732,167.128613208216,6481700
2023-02-06,166.1750946044922,168.2590365317327,164.50400824778268,165.14294817851763,4310600
2023-02-07,168.36715698242188,168.80950114032865,163.7765782784157,164.72025881467104,6179200
2023-02-08,166.74520874023438,169.51724288549497,166.35200230166737,167.1089115715284,7694500
2023-02-09,170.70668029785156,172.3974305702388,169.08473178110597,170.38229059450245,11512300
2023-02-10,164.18943786621094,166.85335741488703,162.51835156227716,164.80872870209623,11273700
2023-02-13,168.1705780029297,168.24921930539497,164.11080888401548,165.41819241382336,8820300
2023-02-14,167.06964111328125,169.85150050553113,164.9955234926947,165.3592264169141,8393100
2023-02-15,168.19024658203125,168.69156802446489,165.37888369061926,165.97851051359055,4997000
2023-02-16,165.2510986328125,167.4726593597343,165.10365555332723,166.11613803058196,7483500
2023-02-17,162.361083984375,164.26809435436283,159.9724162524157,162.22346545248385,8084500
2023-02-21,158.87147521972656,161.71232709628208,158.7043680504347,160.9554325646597,5210800
2023-02-22,160.58184814453125,162.19395717955632,159.35310604468614,160.33609972456225,4343700
2023-02-23,161.3289337158203,162.65598131312564,158.82231158647974,162.47903463381408,4679400
2023-02-24,159.44158935546875,159.62836057500766,156.94479173455102,157.85896875739536,6569900
2023-02-27,160.36558532714844,161.96786979506737,159.46123295853994,161.053677890297,6891200
2023-02-28,160.8275909423828,161.65330200478365,158.78296235980028,159.76595600531346,6912600
2023-03-01,164.50401306152344,165.12328893579422,160.20832009618246,160.2181596334102,15841200
2023-03-02,183.4168243408203,190.6123467370395,182.05046344854978,189.83577317277786,37712500
2023-03-03,183.259521484375,186.5427320781997,181.15591541490605,184.8716456677552,12087200
2023-03-06,180.6742401123047,185.78580421247173,180.50713298779593,181.92264627692072,10770300
2023-03-07,180.20240783691406,182.99410627619454,179.91733127134435,181.32302002728963,9024300
2023-03-08,179.8386993408203,181.75553410846263,178.7082625545757,180.18275314496117,6749100
2023-03-09,175.68064880371094,180.71357213582613,175.50370212444096,179.98616634131255,7102400
2023-03-10,170.23484802246094,176.30975711134616,168.78986102970777,175.46438189830693,14109000
2023-03-13,172.52520751953125,174.08817879900982,167.1089179891574,168.09191162438773,9154800
2023-03-14,179.7797088623047,182.15855170615743,176.06399404842884,176.93885780091722,10138100
2023-03-15,179.79937744140625,180.7332184366791,175.17931014956184,176.11315114483466,7716900
2023-03-16,184.11471557617188,184.4587543577051,179.8681757639663,180.18274093492653,8369500
2023-03-17,181.7064208984375,184.4686312432913,181.04780181330028,182.87617099164171,10493300
2023-03-20,182.09957885742188,182.36499135029553,179.5437892947934,181.0772720319464,5513200
2023-03-21,185.47122192382812,186.0610240729729,181.7456828462957,182.70901235722656,6982000
2023-03-22,183.33815002441406,188.18431677660212,183.23985965375581,186.76880344533993,6575600
2023-03-23,184.25234985351562,187.3192855363243,182.4239808889272,184.21302170413418,8685000
2023-03-24,186.82777404785156,187.08336200095277,182.92528798787697,183.3283189913881,6102700
2023-03-27,188.0074005126953,188.84295129451962,185.6973739382154,185.70719847708185,7776500
2023-03-28,189.02969360351562,189.55067907034248,187.92873044780197,187.92873044780197,4899000
2023-03-29,193.29586791992188,194.07242629241946,189.59981724951464,189.85539019504583,8085200
2023-03-30,193.25657653808594,194.79986892027003,192.16545287963203,194.4066774214356,6932500
2023-03-31,196.38250732421875,196.59876716804726,193.63996112191455,194.13145803983468,6634300
2023-04-03,193.14842224121094,195.54691408016447,192.20474176413512,194.84899700795057,5340800
2023-04-04,193.8463897705078,195.32088058772663,193.27625152126765,194.78023095488714,4659100
2023-04-05,191.98851013183594,194.91782735615172,190.43537818087802,194.63276576356134,3953700
2023-04-06,189.27545166015625,190.76960637651882,186.37562306537544,190.70078961359485,6304700
2023-04-10,188.23345947265625,189.2754303419599,186.06103690607029,187.34875618791887,5263800
2023-04-11,185.67767333984375,187.22098059819206,184.1245415445614,185.84478046348076,4907700
2023-04-12,187.0833740234375,188.6266663809785,186.3068005765925,187.0637099490215,5033400
2023-04-13,190.720458984375,191.0743373480951,187.21116396087612,187.21116396087612,4716400
2023-04-14,191.33969116210938,191.85085201500192,187.9385418315306,188.5873211833606,5073800
2023-04-17,193.72840881347656,194.16092846060317,191.713268638979,191.84106262543756,5413500
2023-04-18,195.124267578125,196.71671272029803,193.708754118729,195.69440577700922,4679000
2023-04-19,195.53712463378906,195.6845827031683,192.40137201610818,192.9616856810182,3665100
2023-04-20,194.15106201171875,196.6773627825777,193.4728090219696,193.8266723213385,3620000
2023-04-21,195.6452178955078,195.73368372098338,193.12875664225507,193.67923066649257,4860100
2023-04-24,191.60511779785156,195.38964929752447,190.759742670617,195.07508413423136,4449700
2023-04-25,187.42742919921875,190.81875486641277,187.38811604624718,190.67131179365032,5010000
2023-04-26,188.26296997070312,191.06449319986007,187.32912889431748,189.34425411204117,4007600
2023-04-27,192.6077880859375,194.15108039617064,189.98319670538035,190.86788503615927,4794400
2023-04-28,194.99642944335938,195.27166644268044,191.94915837964996,192.81418252067695,4094600
2023-05-01,194.42630004882812,195.66488160032986,193.7676961282593,194.39681144039162,2882900
2023-05-02,190.5435028076172,195.03579139544405,189.64897490511026,194.65242443712594,6051000
2023-05-03,189.33444213867188,192.46035531745906,189.28528944732773,190.9072382659116,3779900
2023-05-04,189.1083221435547,191.25124108907272,187.51586223982045,188.63647439466686,4386500
2023-05-05,194.22970581054688,194.74086669283972,189.96351709881756,190.6516096330816,4284400
2023-05-08,194.5344696044922,197.0902595181615,192.74542866435985,195.34053173086158,4169400
2023-05-09,197.7586669921875,200.33412070688087,193.43350067634609,193.43350067634609,6996800
2023-05-10,201.36627197265625,202.7719458095648,199.58704071857017,201.45473780869372,6535600
2023-05-11,200.00970458984375,200.33409427061915,195.17337798420357,199.4592305858461,5366300
2023-05-12,198.37794494628906,200.49139028100305,196.72652282360886,199.9703898502011,4733600
2023-05-15,199.8721466064453,201.9069361301257,199.03659581212915,200.28500223444863,4518200
2023-05-16,201.0811767578125,202.1723002990486,198.31896702711106,198.49589868279077,4423200
2023-05-17,205.81924438476562,205.92737430155063,201.31713103026402,202.9882174720637,5772200
2023-05-18,209.6922149658203,210.24268901609776,205.7700648586542,205.93717198111034,5165500
2023-05-19,206.78256225585938,209.61358900642713,206.35986715107325,209.3383519611546,6091600
2023-05-22,206.6842498779297,209.20072634830953,205.48499636447548,205.61279034519725,3890800
2023-05-23,203.12579345703125,206.07477420698774,202.95868634778205,204.20709239839866,4256800
2023-05-24,205.50466918945312,206.63512099170703,201.92657257051548,202.5360238904457,4894000
2023-05-25,206.34022521972656,208.71906833582355,204.89522318237056,208.41434266795704,6496700
2023-05-26,211.7761688232422,212.47408596281602,208.93531758064293,209.18106600993107,6933300
2023-05-30,215.1478271484375,218.36222075962846,212.06122751851305,215.5410336295291,10421000
2023-05-31,219.58111572265625,221.17356055890693,213.36858895529699,215.81624842522737,19624000
2023-06-01,209.2793731689453,211.69754450679812,202.55569920412765,204.6789694033211,20907400
2023-06-02,209.4071502685547,212.46426132746194,206.85136060541845,209.27935628560974,11026900
2023-06-05,206.29104614257812,208.70921709962326,203.5386609473546,206.8906728636829,7804400
2023-06-06,209.23023986816406,209.7708744678711,204.82641677019535,205.00336345682126,6796000
2023-06-07,202.23130798339844,212.97543789532645,201.29746688383563,211.2257101510903,9323900
2023-06-08,205.96665954589844,206.80221015323247,201.36625643538605,201.88724187313315,5548600
2023-06-09,211.64834594726562,214.94138044989884,207.10692039376303,207.10692039376303,7676700
2023-06-12,210.05593872070312,216.6419939048934,208.53229539468362,212.474094967779,11568300
2023-06-13,205.426025390625,212.55272992948326,204.3840544372445,211.83514870675225,11698900
2023-06-14,205.8389129638672,208.10964143149903,201.53340995870622,204.16782636373554,8963400
2023-06-15,208.31602478027344,209.70204950825635,203.84340040942632,204.4135385599291,7905400
2023-06-16,208.15875244140625,210.01661004090454,207.0184910835233,209.90848012773608,13672700
2023-06-20,213.28013610839844,213.35877740129732,205.0623084916286,205.1016216384316,9522900
2023-06-21,206.02561950683594,214.09600334640078,204.531480074339,212.83777277203936,7971600
2023-06-22,209.6627197265625,210.32133870510808,205.5341491853726,206.0649741831118,5689800
2023-06-23,206.5171356201172,207.41166345570434,204.53149921496112,206.9201666228709,14037600
2023-06-26,203.8335723876953,208.14891409167856,203.82374785052988,205.46534551476157,4771500
2023-06-27,205.2687530517578,206.9005112055677,203.99085823307078,204.60030953150724,4014800
2023-06-28,208.561767578125,208.59125618862288,204.0694942538585,204.86571673588804,4775900
2023-06-29,206.85134887695312,209.03359600423622,206.15343177727286,208.29635075851334,3838300
2023-06-30,207.667236328125,210.21320132067288,207.37235022797424,208.25703852701253,5984200
2023-07-03,208.05062866210938,208.35536933496454,206.35005361331773,206.98900857334908,2400000
2023-07-05,210.18373107910156,210.9701140806181,206.51715358767106,206.91036008772363,5069300
2023-07-06,206.56629943847656,208.88616521447733,204.29558634826736,207.6082703803653,4250900
2023-07-07,206.02561950683594,208.50276751230007,205.72089389888316,206.20256614972917,3022200
2023-07-10,209.19090270996094,209.2498799365321,204.77727026288005,205.44569882974602,3820100
2023-07-11,217.40872192382812,218.56866232731335,213.54556375642179,218.28358574540601,10028100
2023-07-12,223.41482543945312,224.21104800250995,217.84125249876053,218.1263140956804,8923500
2023-07-13,226.45225524902344,227.03223293502037,223.72937348292396,224.3781379294139,5800300
2023-07-14,225.42996215820312,228.25114946686776,224.2700217146822,225.79366505185132,4278700
2023-07-17,224.12258911132812,226.3638138024978,223.93581788718146,225.34150683782022,3557900
2023-07-18,223.75885009765625,225.7149978681514,221.6355802067245,223.18871197883425,5092700
2023-07-19,230.38421630859375,234.16874785026252,227.2976168561685,230.000849386134,8516300
2023-07-20,224.2798614501953,229.52904456548097,223.45415028585037,227.16986552469706,5303000
2023-07-21,224.18154907226562,226.88478184674787,223.42463969560825,226.08855932033288,3529700
2023-07-24,221.8223419189453,223.71951238903554,219.73838526353492,223.3951226974015,5363200
2023-07-25,222.18609619140625,223.65076241101337,221.36038496661777,222.0386531152996,3203700
2023-07-26,221.7437286376953,223.64089934740963,219.3255574488538,220.6427804537904,4856700
2023-07-27,221.321044921875,226.22618931384298,220.20043260578808,224.1618963634906,4299600
2023-07-28,221.76336669921875,223.44427739002353,220.1709068351025,222.15655814755058,4238700
2023-07-31,221.1833953857422,221.54711323510185,217.97884149229753,218.5686436809453,5571900
2023-08-01,220.45602416992188,220.9868342233014,217.8609211326657,220.08248172539496,4212600
2023-08-02,216.7501220703125,219.0601633846118,215.07903569366556,218.20494862182105,5127000
2023-08-03,211.8941192626953,214.49906156346756,210.95045371167765,212.5232346298049,5515200
2023-08-04,210.9406280517578,213.55539506178107,209.44648833113982,212.72968390049832,4800400
2023-08-07,212.3856201171875,213.20150670229748,210.724358335398,211.64837482936093,3615200
2023-08-08,207.9818115234375,210.5474257134385,207.54929188998236,209.91831033731114,4843800
2023-08-09,202.3590850830078,208.06045158234002,201.42524406140106,208.05061204572402,7847500
2023-08-10,204.70843505859375,206.76288826199246,202.92921888726312,204.63961830093007,4004700
2023-08-11,205.15078735351562,205.93718533316692,202.00521043420432,202.62450128056497,2930800
2023-08-14,208.4536590576172,208.49298720851107,203.59766737356483,204.3644013237526,3304700
2023-08-15,205.22946166992188,208.75840610966742,204.30544502011745,206.75310518826132,4076400
2023-08-16,203.46987915039062,206.1239592421147,203.430551001281,204.46269742564428,2759600
2023-08-17,200.37344360351562,203.41089070942644,199.93109941321796,203.05702735662382,4062700
2023-08-18,201.34658813476562,202.005192070555,196.7953228031834,197.55223210222778,4267200
2023-08-21,205.4751739501953,205.8585408970281,200.74697660615956,202.4967042095804,4023300
2023-08-22,203.24378967285156,206.53682485371286,202.4967197956816,206.28125186925087,3153200
2023-08-23,205.573486328125,207.40185529056382,203.61732337928802,204.46269859846498,3833200
2023-08-24,202.01504516601562,208.38485562326719,201.94624340144466,207.42151092491636,3960300
2023-08-25,205.90768432617188,207.2052281650874,201.9855342008158,202.01502281083935,3068800
2023-08-28,208.11941528320312,209.8494786950322,206.0747867059728,206.87100915686736,4086900
2023-08-29,208.3553466796875,208.84684351890246,203.00785866914202,203.2339430153788,5850400
2023-08-30,211.38294982910156,211.9235993414036,205.86835480220688,208.16857136370152,9946000
2023-08-31,217.69378662109375,224.89911708448508,217.43819866515867,224.1225586782276,19268400
2023-09-01,217.76258850097656,220.1610954775359,216.76977028496836,219.69908724847932,5600900
2023-09-05,214.97088623046875,216.5731706984662,213.90925127614767,215.6000015738487,5807300
2023-09-06,217.85108947753906,218.43106724115685,215.29531449949252,215.73765872652984,5066700
2023-09-07,218.74560546875,218.9422012256148,215.58036428555386,216.03254802570822,4201900
2023-09-08,220.93768310546875,221.63561530953086,219.07000086813437,219.52218461995272,4578900
2023-09-11,221.4783172607422,222.97247194602747,219.00116883500763,222.16640987919786,4418000
2023-09-12,217.89039611816406,220.96715632639638,217.4971896223892,219.6499483139624,4002300
2023-09-13,215.0790557861328,218.08701454495665,214.5875588647748,217.41857093227597,4173600
2023-09-14,215.05935668945312,216.81892378099454,214.62683706920174,215.68847204637513,4297200
2023-09-15,210.9602813720703,215.46239437806267,209.82984460170292,215.14782919020416,9939000
2023-09-18,211.34364318847656,212.70017927941367,210.53758116363178,210.9111235653202,4279400
2023-09-19,212.03173828125,212.3856166135407,208.6502375503152,210.7440189329763,4001500
2023-09-20,209.4071502685547,213.4865681931402,209.29902035974598,211.54024483387738,2990900
2023-09-21,205.0623321533203,208.28655053774463,204.53152211412015,206.23209714631653,4957300
2023-09-22,202.91940307617188,206.1534610800376,202.37876848523004,205.75043002192507,3848300
2023-09-25,202.83091735839844,203.01768856211436,200.40292170867872,201.5137093943827,4067300
2023-09-26,199.04641723632812,202.92923969330405,197.85698815492444,201.9757345204162,5404500
2023-09-27,199.28231811523438,200.46190761169103,197.52276590791988,199.53790608898439,4123800
2023-09-28,199.7443084716797,201.66114310651355,196.15638761671616,197.34580154428028,4344000
2023-09-29,199.3314666748047,204.2562598451964,198.6630381403952,201.5923552457845,4405100
2023-10-02,200.24566650390625,201.6218517754363,197.10991399310433,197.38515104741035,3745700
2023-10-03,196.431640625,200.10804260787063,194.0626221146532,199.30198054239065,4622400
2023-10-04,198.43695068359375,199.29216547651856,196.11708474978954,197.46379643547544,3656400
2023-10-05,198.57455444335938,198.71217296312443,195.11442737518226,198.56472990598104,3592600
2023-10-06,203.8335723876953,204.72810024643212,196.49060831519063,197.0705709931127,4989200
2023-10-09,203.69595336914062,204.73792427925923,201.20898053671237,201.4055762745906,2781100
2023-10-10,203.36175537109375,205.6619571866579,202.75228903587055,204.10882523446742,4503500
2023-10-11,203.33226013183594,205.64228641004763,200.9337530179901,203.705787551703,3971000
2023-10-12,202.18214416503906,205.0328349954091,199.81314066373957,204.2955896943418,3548500
2023-10-13,201.1106719970703,203.61730886355045,199.75415092759445,201.62183290692855,3677500
2023-10-16,204.98367309570312,205.9273536383444,201.55301971585007,202.3394176681689,3623200
2023-10-17,206.2714080810547,208.3357009876056,202.49671562267625,202.97838796735,4006100
2023-10-18,201.34658813476562,206.06496058444733,200.71747280809424,205.32771535791244,3380800
2023-10-19,204.77725219726562,207.3625153960934,202.03469140930056,202.93904380196312,4995900
2023-10-20,200.26531982421875,204.57083740672127,198.68269922876922,203.83359206721303,5539100
2023-10-23,198.56472778320312,200.1080350948424,194.4853099200478,196.5004350095019,4564100
2023-10-24,200.7469940185547,201.1598496125469,197.5129360333397,200.2653216592496,3959600
2023-10-25,193.70875549316406,200.2751618654433,192.10647080216023,199.74433681475594,4490000
2023-10-26,192.9125213623047,196.2645336135771,190.38622025231933,194.06262223751753,5149100
2023-10-27,193.22706604003906,194.93746536546647,192.08678982355912,193.94464719381847,3168600
2023-10-30,195.8811798095703,197.16889929480777,193.72842097577237,195.61576728229923,3438300
2023-10-31,197.41464233398438,198.47627741466852,195.28154763457727,197.0116112849729,3425400
2023-11-01,200.4422607421875,201.01239892159657,197.08042389060532,197.50310400677557,3593600
2023-11-02,204.57081604003906,204.71825909282288,202.4475460841924,202.80142441016685,4963600
2023-11-03,203.94171142578125,206.6056160483582,203.67629891749587,205.8290575973009,3861900
2023-11-06,203.8925323486328,204.93450317310948,201.20896399889483,204.6691056984695,3729700
2023-11-07,208.23739624023438,209.71188689242518,205.40638438754837,205.93719442264745,5467100
2023-11-08,207.8736572265625,208.90580350361364,206.08460167976827,208.8074981441642,3433500
2023-11-09,206.43850708007812,209.94780188296272,205.51450557667545,209.9379773454446,4731400
2023-11-10,209.9969482421875,210.62606360815286,205.2884000350226,205.8388741053306,4112600
2023-11-13,211.618896484375,212.4642717220675,208.1587542325064,208.9549917813949,3306600
2023-11-14,217.41854858398438,217.4873653455628,214.24348299817694,215.27562942679438,4743800
2023-11-15,215.68849182128906,217.60532667833172,213.95842818095983,216.99587533898858,4800700
2023-11-16,217.6839599609375,218.98151889285538,215.2166510819225,216.25862204278704,3712300
2023-11-17,217.4578399658203,219.00113207967942,216.63212896225397,217.4086872871884,3634900
2023-11-20,221.30137634277344,222.25488143112233,216.86806515899013,217.66428765560664,4599300
2023-11-21,220.50514221191406,222.12707573060916,219.7383933674972,220.19057704504635,3852300
2023-11-22,220.03329467773438,221.85183892715435,219.41401887870595,220.48547835572768,3893600
2023-11-24,220.56411743164062,220.6722473318597,218.34254220882917,220.54445335906644,1869100
2023-11-27,220.96717834472656,222.37286733333897,220.43636827165545,221.66511056971373,4885500
2023-11-28,221.09494018554688,221.69456693975624,218.45068474484142,219.80722084436607,5535300
2023-11-29,226.43260192871094,227.56303866968534,223.39514003469367,224.72218751261437,12327400
2023-11-30,247.61610412597656,248.20590633877615,239.50640619609575,244.81458111341195,24425700
2023-12-01,255.57835388183594,258.95001496607796,245.4535160935815,245.748417194073,14538200
2023-12-04,246.39720153808594,250.78134498881528,245.60097905035624,248.5008074313236,11429200
2023-12-05,246.75108337402344,247.39002328086025,244.41155356255862,245.73860106050407,5771500
2023-12-06,244.8932342529297,249.66074487302092,244.6179972067893,247.24258868203128,5374800
2023-12-07,244.6179962158203,246.46601423252008,242.6913219013487,244.51969084289954,6568200
2023-12-08,246.54464721679688,247.80287795142283,243.78243732282442,244.32308685706843,4605800
2023-12-11,247.812744140625,249.2085935432486,245.46338954759096,245.74845115123657,4766000
2023-12-12,252.08872985839844,252.21649383221973,246.75106661726048,247.5178004531135,5827600
2023-12-13,252.94395446777344,254.7133311869866,250.8206844055648,253.13072567685114,6567600
2023-12-14,252.83583068847656,254.36929863957647,248.91369496723144,252.1379134796198,6613200
2023-12-15,257.151123046875,257.8490400796245,250.1816872595528,250.6731840428998,13739500
2023-12-18,259.1072998046875,261.07328715932556,255.26379092653983,255.40142444068593,7498500
2023-12-19,259.8445739746094,262.0464704572531,259.25477170287564,260.9553617533469,4665500
2023-12-20,255.8241424560547,260.414736809209,255.6570203067515,257.2101673464256,4510500
2023-12-21,262.7050476074219,263.7961561373593,259.7462271816882,260.24756353251615,5160700
2023-12-22,261.81048583984375,263.58970167937235,260.78816419770425,262.71485306146354,3110600
2023-12-26,261.692626953125,261.9973526502382,260.11983077533927,261.0143587889461,3218800
2023-12-27,262.1840515136719,262.4691280543633,260.88649277526656,261.4173177134476,3387000
2023-12-28,261.0635070800781,262.3807453064419,260.78826998768716,261.9678746685588,2958700
2023-12-29,258.6649169921875,261.1322102114098,258.18322979118255,260.5031099876897,3706600
2024-01-02,251.77418518066406,256.12884014118475,249.45431941183702,256.10919106636396,4741400
2024-01-03,247.55714416503906,249.8376968809587,247.4883424016816,249.18891740150283,5097100
2024-01-04,246.96731567382812,248.3435007041373,245.59111564422707,247.54727829379473,4489800
2024-01-05,246.849365234375,249.59192596909887,245.915524249157,246.93784606400285,3676000
2024-01-08,256.43359375,257.11186188760854,247.1148165098063,247.92087864415132,6626000
2024-01-09,256.89556884765625,259.4415189198201,254.37910738642142,255.0868640473054,4571800
2024-01-10,259.63812255859375,261.9284846076846,258.2815864957784,258.79273240410015,5128300
2024-01-11,266.7648620605469,268.3179790641005,260.5916622007305,263.44233821905453,9012600
2024-01-12,267.3054504394531,270.5591569528362,266.4502507816603,266.6173728980334,4847600
2024-01-16,264.61212158203125,266.95165178636597,263.16711939691817,265.11345805398645,5858700
2024-01-17,266.82379150390625,267.27596017101285,259.6381105175921,263.7273675902808,4706500
2024-01-18,269.79248046875,271.0015736893901,267.5119575627512,268.35731786439214,4752400
2024-01-19,276.1032409667969,277.2041889742973,270.84421932519194,271.8075638310465,7413600
2024-01-22,275.5330810546875,280.8609193141899,275.4053170915381,278.96374895553913,6735900
2024-01-23,272.0631408691406,276.91913188500115,271.0211700032517,276.05409267590426,6573800
2024-01-24,272.17132568359375,276.18192715196193,271.9845544633948,275.21861243576706,7037800
2024-01-25,274.2847595214844,275.09082163922494,272.15164977060306,273.87188892503985,4178000
2024-01-26,275.1792907714844,278.5214637403432,273.9505485036252,274.5305112542239,4877400
2024-01-29,282.9645080566406,283.24958458489033,276.221186723146,276.61437814225246,5762300
2024-01-30,282.8368225097656,284.37029046843685,281.6473783890779,282.73851712808863,4810900
2024-01-31,276.30975341796875,280.77255415049603,276.0443558628613,279.21940697991477,4557300
2024-02-01,278.9736022949219,280.2023444297631,276.5750952478248,277.214065156812,3218300
2024-02-02,280.802001953125,283.2594863607538,278.3445175454962,280.3498332217262,3629600
2024-02-05,283.2102966308594,284.1343130960976,276.57508924668764,281.3819427732092,5274800
2024-02-06,280.9691162109375,283.73135650125187,277.1157971556602,283.04324881351386,4207200
2024-02-07,283.92791748046875,284.8715831019034,280.3498357499599,282.4632663598621,3621400
2024-02-08,286.9849853515625,288.1252314963561,284.0654932427107,284.3800283868349,4488400
2024-02-09,286.3460693359375,290.2190671373398,286.1003208967551,288.262919160996,4376300
2024-02-12,282.4337463378906,286.051155816598,282.119181166198,285.87422415699064,3750000
2024-02-13,276.36865234375,278.6098766142783,271.71911168524304,275.64124665902125,4956600
2024-02-14,284.23260498046875,284.5373306089543,279.79932406350935,280.1531873745563,3850700
2024-02-15,286.97515869140625,287.034135908487,283.11200097969544,286.3853565220144,3986500
2024-02-16,284.7929382324219,287.1029794455396,282.98423340984533,287.03416268633055,4159400
2024-02-20,281.51959228515625,285.90373597665393,279.317665903141,284.5766884246967,4295500
2024-02-21,278.7279052734375,278.7475843503202,273.6261645887812,275.307105738241,3797200
2024-02-22,288.6561279296875,289.61947266839627,286.44439184475254,287.0341941337866,5264300
2024-02-23,287.820556640625,292.9321361159084,286.12980619867017,292.9321361159084,4416800
2024-02-26,295.281494140625,298.6629648950992,289.98314365885824,290.5631063463455,8719300
2024-02-27,294.4066467285156,296.61838280577496,291.5559706730995,296.4512606583355,6178800
2024-02-28,294.6719970703125,295.7631356262955,291.56573352162616,294.4852258760324,12490800
2024-02-29,303.5681457519531,305.25889625022563,289.7767442451787,294.8981334294654,21737800
2024-03-01,311.4910888671875,313.2899543721857,301.4055625971901,301.7791050514257,9450200
2024-03-04,309.2891845703125,312.247975518254,308.2078853873117,309.22036780444193,9350000
2024-03-05,293.66937255859375,307.2346738355055,291.103773359998,306.01577122761364,9015300
2024-03-06,298.6040344238281,300.6880066084354,297.5915519467134,299.46907382147793,8270000
2024-03-07,297.2769470214844,301.5529453165327,296.6183280894808,300.7960510203186,6788900
2024-03-08,300.0883483886719,303.6172925581778,297.06074066059836,297.06074066059836,4851600
2024-03-11,300.7960510253906,302.37865637166095,295.14383764827954,297.4932068252169,4895500
2024-03-12,301.40557861328125,303.7844370016894,298.7023454439319,301.4940444626289,4832000
2024-03-13,299.88970947265625,302.8917743506396,298.3443863413441,300.2046855321155,5548800
2024-03-14,298.5511474609375,304.62412462420303,297.25189356476733,300.2047269445498,4828800
2024-03-15,289.7024841308594,295.33255459077964,289.1512909421491,294.2596953471194,11885100
2024-03-18,295.7853698730469,296.23812930952903,291.3659415488792,294.90934809864467,5240500
2024-03-19,296.71051025390625,297.025456273887,291.9564323728996,293.4919031072226,3329900
2024-03-20,301.2677307128906,302.1929542322669,295.962489080246,297.2223634414303,4946600
2024-03-21,303.5414733886719,306.89783456556273,301.5335380793624,303.0985363223701,6083900
2024-03-22,302.93115234375,305.35249723626515,301.8287660696487,304.45680087911455,3779000
2024-03-25,301.2480773925781,302.8721298430466,297.78343016239364,298.92519607681015,4141200
2024-03-26,301.0216979980469,303.1379195207046,300.0965044035516,302.6457805689754,3893900
2024-03-27,296.6416320800781,304.43709501209514,293.9348682768941,302.6063528215272,3859900
2024-03-28,296.4447937011719,298.0393190016241,294.919175058832,295.2833530548889,4892300
2024-04-01,297.5078125,298.7381597295702,295.27348270692505,296.94676695425017,2918100
2024-04-02,299.2204284667969,299.6731878098217,290.2536728081759,292.82262325286865,4746100
2024-04-03,299.94879150390625,302.330756872199,298.3345916158032,299.21058319243747,3047400
2024-04-04,289.5154724121094,306.4056522043965,287.50753738730936,303.4134694652993,8351000
2024-04-05,297.163330078125,298.649599247615,288.6886821477343,288.9249292580423,4918200
2024-04-08,296.98614501953125,298.7283058744591,294.8108695011229,296.36604521282544,3142900
2024-04-09,297.6160888671875,300.7953171380894,294.5451467794906,298.5511648403281,2997700
2024-04-10,294.9093017578125,296.18888088632093,293.46241222892394,293.75771358370616,3036400
2024-04-11,294.4466857910156,296.3561870477538,291.7497743416688,294.7616618831685,3468600
2024-04-12,289.692626953125,293.1671261175306,288.885512010334,292.202523134358,3820000
2024-04-15,268.6093444824219,281.9758507856307,267.3888499002695,278.49149975602126,18365100
2024-04-16,273.0484619140625,276.1489304520369,268.15660087405143,270.45980693191154,7624300
2024-04-17,271.9756774902344,274.58400792682,270.51893537952907,273.37333529197707,4199400
2024-04-18,267.64483642578125,271.98547515270536,265.5089403525705,271.97565280025145,5918200
2024-04-19,266.11920166015625,268.85549292443665,264.50500158055627,268.20586592874434,4913600
2024-04-22,269.505126953125,275.30253814970933,265.32194591604224,274.9974144064972,6747200
2024-04-23,272.3299560546875,272.349660833529,266.1585454801704,270.6271748001635,6285200
2024-04-24,271.84765625,274.55441988401714,269.80034184384607,273.6291964570041,3938800
2024-04-25,268.8456726074219,269.2787272367196,265.04634439859046,267.3298762726608,4811900
2024-04-26,269.9775390625,272.54648944440436,269.1605717493828,270.6763678197495,3754600
2024-04-29,271.40478515625,272.9304339611428,268.9244156013284,270.56817295105867,3576400
2024-04-30,264.7116394042969,270.292476981142,264.14074153361474,270.19407324419814,5218000
2024-05-01,264.465576171875,269.69208832731323,262.3592074872467,264.7903745944819,3761000
2024-05-02,267.8515319824219,268.7865779027894,263.72740545170706,266.17824764819994,3859900
2024-05-03,269.3574523925781,273.3044157781072,269.0523286934137,272.46777368391287,4041600
2024-05-06,271.29644775390625,272.7728641977686,269.75112466693224,271.82796608427213,3744800
2024-05-07,272.8221130371094,274.4953973100246,269.76102350125603,271.2571149416949,3507700
2024-05-08,274.5839538574219,275.5387044372753,271.39490369030267,271.39490369030267,3283300
2024-05-09,270.8437194824219,271.02088226691615,266.80817473267234,267.8908862564256,4709700
2024-05-10,272.3201904296875,275.24349710820303,270.6469059193209,271.75914479574095,2912300
2024-05-13,273.1567687988281,273.43236538591424,270.8634147031944,272.78276846032026,2998700
2024-05-14,272.4480895996094,274.47569951351767,270.7157810554921,272.60557765594285,3056800
2024-05-15,283.01922607421875,283.2751178575915,275.3320194282281,275.3418417798143,5828500
2024-05-16,280.2041931152344,285.4602328918022,280.10575932900724,284.86969024998785,3559200
2024-05-17,281.1195373535156,282.82234857523963,279.7907864987787,282.5270772825806,3478900
2024-05-20,282.5566101074219,283.1963846129268,280.62740416392415,281.50342574608976,2799300
2024-05-21,279.2987060546875,282.70429917248373,278.8360942409406,282.2810668852495,3492100
2024-05-22,279.3577575683594,282.5763354506755,278.38330203289803,278.95420002947577,3309200
2024-05-23,274.1902770996094,282.4877318397026,273.0977131094365,282.1727557310244,5456600
2024-05-24,268.00897216796875,270.63697669623247,264.30807855820404,266.6703389321467,8325100
2024-05-28,265.5876159667969,268.93418389214463,262.9596115526523,268.8062229959936,9294100
2024-05-29,267.3494873046875,268.5798343525426,263.5600123897397,263.78640706014215,13397900
2024-05-30,214.58238220214844,221.55107032280085,208.666878460148,219.8876385584694,66763300
2024-05-31,230.75408935546875,230.93125215003465,212.66305862302158,215.6651089105602,36807400
2024-06-03,232.89981079101562,237.20111503715788,226.5906014379914,230.9312551693686,19962700
2024-06-04,231.16748046875,236.80738795401604,228.54929796423895,232.0139599619796,11197500
2024-06-05,232.81121826171875,233.19508598883147,227.90951920345958,231.93521165272378,10772100
2024-06-06,238.94326782226562,242.8705415606845,235.68531078226476,236.10855803634576,11693800
2024-06-07,238.047607421875,240.0948921624242,236.51212133813064,238.52005659131802,6883800
2024-06-10,238.0377197265625,239.80942262281397,236.64988453959168,237.98850283688324,7656900
2024-06-11,237.20111083984375,239.91771214284643,232.54546606343197,237.36843626245638,7264400
2024-06-12,232.09268188476562,238.39205308178444,231.19698558395785,236.777838273868,10260100
2024-06-13,225.4291534423828,231.9450679645602,225.06497544609437,231.81712205766556,13566700
2024-06-14,228.2933807373047,231.55133764395984,225.59645433095426,225.74410500284546,8833700
2024-06-17,226.8563232421875,228.19494153353895,224.1889390487084,226.65947070323,10563700
2024-06-18,228.16543579101562,228.63788493257647,225.6259972494341,226.85634450685419,7119800
2024-06-20,237.9983673095703,239.93739571406888,229.1890842896221,229.1890842896221,14809600
2024-06-21,241.2071075439453,241.51223124915634,236.41367961742677,236.787709975498,15719600
2024-06-24,236.16761779785156,240.56734076653305,236.03965687777358,239.3665206487026,7545700
2024-06-25,237.958984375,239.27792797957395,236.09870002089278,237.97867413536616,6037800
2024-06-26,239.32713317871094,239.7799075601064,236.1282304340868,237.67355373824785,4524700
2024-06-27,248.8746337890625,254.53423082186325,240.60669172111733,241.14804748455384,12869000
2024-06-28,253.05780029296875,256.0893623637826,249.19941852870713,249.51439459880424,12619300
2024-07-01,252.18179321289062,255.4004006705798,250.52821380657258,254.09129444558158,5871700
2024-07-02,252.16212463378906,253.67792081217627,250.06560817486445,251.0400485752562,5130600
2024-07-03,256.8472900390625,257.1130342170966,252.900326662361,252.93970618280895,4755700
2024-07-05,259.05206298828125,261.6308658828849,257.2114684049316,258.5894512450511,6562100
2024-07-08,253.32357788085938,258.70757876103283,253.14641508221808,257.27054155353915,6539300
2024-07-09,248.84799194335938,253.3531505172018,247.5270102550866,252.45605987604384,7014900
2024-07-10,249.00570678710938,251.18435317758087,242.61766316104726,247.63543169517718,8947700
2024-07-11,247.5565643310547,251.7955496878737,247.35940536981616,249.01557373720186,5341800
2024-07-12,250.36611938476562,251.66738051581206,246.1468545889487,248.0494603075527,4705500
2024-07-15,249.2718963623047,252.75181921026507,248.54239160807597,252.38704426975235,4404300
2024-07-16,252.39691162109375,253.13626905818455,249.08458970123638,250.17883930982137,4780400
2024-07-17,247.65516662597656,251.9434457484806,246.06801207026007,250.3957169705406,5625300
2024-07-18,243.840087890625,248.867709419363,242.23321291961403,248.56211075322938,6351600
2024-07-19,244.11611938476562,245.4568215000729,241.6910203224209,245.12163468954668,4468900
2024-07-22,250.47459411621094,251.95330904248104,244.48086780999085,245.2202252731259,5647600
2024-07-23,252.42648315429688,253.67845090959776,250.14926466890108,252.948961203229,3905500
2024-07-24,246.235595703125,252.2786152057238,245.36807817730238,250.03096983633367,5204100
2024-07-25,252.87994384765625,260.33266425925626,248.14806837774626,251.1252184773391,7155800
2024-07-26,258.98211669921875,260.7368571604819,253.4221643720545,254.50656130531408,6127300
2024-07-29,254.9205780029297,262.3042845144851,254.8515640897582,258.98210997058686,5101400
2024-07-30,254.26991271972656,257.0499035566178,251.49978960781533,255.9359336768653,3944300
2024-07-31,255.12757873535156,258.1145813960761,251.7265527823844,252.5743348180912,4647700
2024-08-01,249.4690704345703,259.62290116636893,246.19618913209925,256.2120070687744,5527400
2024-08-02,240.50802612304688,244.48083854603885,237.6984620825274,244.27381186254473,6504500
2024-08-05,235.6184539794922,238.38859284778692,228.91495769196396,229.02339739885284,6899300
2024-08-06,235.0367889404297,240.38974439158318,234.65232369030102,237.66889950550507,5673900
2024-08-07,236.6337890625,243.03170038494034,236.25919154936844,239.16732758965423,4035500
2024-08-08,245.5849609375,245.89055960404684,239.63067567613462,239.78840887250252,4474300
2024-08-09,248.9465789794922,249.3606173426253,244.9244726832861,245.17092516436048,2975300
2024-08-12,247.74386596679688,250.48441609077435,245.4863680747272,249.01556907114565,3679700
2024-08-13,250.9871826171875,252.15043096794693,249.40988091072794,249.40988091072794,4031600
2024-08-14,251.69699096679688,254.05306098457586,250.2577018937512,251.76598983784044,4145200
2024-08-15,259.0610046386719,259.1595916503707,252.60393142904906,254.2403795527471,5167900
2024-08-16,259.17926025390625,259.8594714282475,255.99508374336003,258.0357172663837,3494900
2024-08-19,261.6142578125,261.6241255393697,257.91747038034174,259.36661225712913,4501300
2024-08-20,258.1244201660156,261.7324874448906,257.325916678878,261.1903041186456,5731300
2024-08-21,257.3851013183594,258.4202197565874,255.5022008128408,257.3949690443378,4648200
2024-08-22,254.9205780029297,259.524323465395,253.61930171682675,257.78928841725775,5111400
2024-08-23,260.2538146972656,261.8311165608219,257.0006540473621,258.2723271628616,4711300
2024-08-26,261.5156555175781,263.50698073425303,259.5045948483169,260.1946738291465,3818300
2024-08-27,260.4510192871094,260.70730943479583,255.71911314094663,255.96556564591756,5276400
2024-08-28,255.2261505126953,261.41703483656755,253.7079950011343,258.1145659985954,10981900
2024-08-29,253.36300659179688,268.09100858866594,252.64335454980127,267.16434489577904,14301700
2024-08-30,249.3113250732422,255.45293176247793,247.43829222470256,253.78691057539768,10507700
2024-09-03,244.54002380371094,250.0901388630033,243.1401754224616,249.03531495302244,6190400
2024-09-04,244.16539001464844,245.93985085184377,241.68115988484035,242.97256845344032,4706500
2024-09-05,242.62753295898438,244.973765384644,241.52343066091663,242.4895201717259,4083600
2024-09-06,240.50802612304688,246.45245821173273,238.01392844932528,244.2245334047138,6259400
2024-09-09,242.27264404296875,245.8215658234227,241.29670183504328,243.00214880958035,4588800
2024-09-10,242.6669921875,243.83024076230976,239.8574276824333,243.62322908685158,3544800
2024-09-11,246.02859497070312,246.4722064370974,238.57585915776193,241.3361300097106,4822200
2024-09-12,249.77464294433594,250.5337207590969,246.02857745721064,247.82274360578702,5219700
2024-09-13,250.9576416015625,253.18555159033028,248.86771431704807,248.95643360078148,4998900
2024-09-16,253.264404296875,254.15162711737568,250.95761292976195,250.95761292976195,5367000
2024-09-17,251.56883239746094,255.68951058554032,251.14492631577053,255.0487401633464,5423400
2024-09-18,249.23866271972656,252.88201454246288,247.78726096084443,252.76353645583106,4436700
2024-09-19,262.6272277832031,266.13236520080676,254.7876063450393,257.4238642886256,11022800
2024-09-20,263.427001953125,266.9025200729128,258.01630145952277,262.64701112526376,11463200
2024-09-23,260.8697509765625,264.67108387828637,258.9246552402579,263.87132660855457,6034000
2024-09-24,267.0209655761719,269.01541688520405,262.9234379642404,266.4186618307043,7154500
2024-09-25,270.6248474121094,273.54741754080595,265.97440144226994,267.0308813310491,7920000
2024-09-26,272.273681640625,275.11727572539746,269.26222354273136,272.63899905133775,5253400
2024-09-27,273.14263916015625,274.3274502801875,271.58259717423266,272.76743842602866,5220100
2024-09-30,270.2496337890625,272.25396846380625,265.7374325652287,270.48662009698745,5059700
2024-10-01,267.445556640625,271.22715324047437,266.2804818678742,270.6742353777532,4369900
2024-10-02,275.94671630859375,278.43484664393463,267.4258152941175,270.2595268200854,8512300
2024-10-03,277.3586120605469,277.5659487084617,274.2188222936495,275.46287231289955,3868400
2024-10-04,284.11212158203125,284.2503660957415,277.9115176664149,280.27128643084876,6129900
2024-10-07,280.97235107421875,284.52684435443956,279.7973931547602,282.95691930136394,4794700
2024-10-08,287.88385009765625,288.9304466974319,280.50828794232484,282.3842612740871,5211200
2024-10-09,284.2799987792969,287.88384780696254,283.4505919221484,287.143329645178,4851000
2024-10-10,286.5015563964844,286.5607954395338,281.02170386032054,284.28000188684643,3965500
2024-10-11,284.4577331542969,286.5706627688548,282.680471379195,285.5536856369445,3597000
2024-10-14,287.9529724121094,288.752729622809,284.6058158303389,286.2547162086492,3642500
2024-10-15,284.7045593261719,289.86842009649354,284.35897815275894,289.74994201001175,3850800
2024-10-16,287.18280029296875,287.2420694667274,280.6366450981343,283.91464923846434,3497000
2024-10-17,287.42962646484375,289.63144453040655,286.43241588255205,288.2688863635768,2830000
2024-10-18,289.23651123046875,290.9841231747716,286.4817753421948,288.34789549831066,3087900
2024-10-21,287.607421875,289.21681968555714,284.39850947267297,285.34636439154315,2712600
2024-10-22,284.6847839355469,288.2491602944817,284.01338804542837,286.086844888922,3100100
2024-10-23,280.8341064453125,284.65517542069983,279.04699165388723,284.092404505855,3227100
2024-10-24,283.1346740722656,285.25748687882117,281.5746321956903,282.9371905002203,3210700
2024-10-25,286.7878723144531,290.6583272599078,285.1784746488326,286.33369626761163,3351200
2024-10-28,290.0560607910156,292.327001580932,288.7922441398093,289.8882268557411,3867800
2024-10-29,295.111328125,296.7997011875263,289.1081770310534,290.28313498797434,4280700
2024-10-30,292.6528015136719,295.75311899876647,292.60344568386404,293.314344397329,2826500
2024-10-31,287.68634033203125,292.34666878143344,285.88934251051086,288.90080086384614,4301800
2024-11-01,290.9940185546875,293.2353093473973,286.33368970999913,286.5607927940997,3527500
2024-11-04,294.242431640625,296.3849806395836,289.2167853521641,294.2226652053971,5107900
2024-11-05,293.7290344238281,295.0323538278514,291.01380073132924,293.6796785912163,4456100
2024-11-06,303.02001953125,304.65903664470096,299.23845345430897,301.14404625307475,5874900
2024-11-07,306.85101318359375,308.2431911036989,302.1314447615435,303.61248125547263,5722600
2024-11-08,317.8797607421875,318.7288737331219,305.52790871423326,306.11044602628914,8485000
2024-11-11,337.40972900390625,340.51989946832964,321.13806464282436,321.13806464282436,13954200
2024-11-12,336.8370056152344,344.44952351501655,334.2303974797518,335.00053512566257,7659700
2024-11-13,337.3998107910156,343.7880151100042,334.4870940728605,341.13202098757745,6902900
2024-11-14,327.45709228515625,341.6256777198303,326.6375988595822,338.1106876081669,7630600
2024-11-15,321.1479187011719,326.08470633351226,320.08155569880046,322.7967888965877,7093000
2024-11-18,318.17596435546875,322.86591262758196,316.16174655539453,322.86591262758196,4250400
2024-11-19,319.3410339355469,320.5949972642796,312.0049748286353,314.96704737447675,5469900
2024-11-20,321.5823669433594,323.1226423149168,317.9390151636244,321.1775467309709,3763500
2024-11-21,331.5349426269531,338.60442684863386,324.44572210017697,327.1609555731015,8364200
2024-11-22,337.69598388671875,338.47600470838375,331.5348830466256,334.664819418181,5649400
2024-11-25,334.82281494140625,343.4523406918245,334.01320462485523,340.6383655586829,7117200
2024-11-26,338.8413391113281,339.4633791564788,334.85243651216416,337.6565281921569,4492800
2024-11-27,325.837890625,333.114711302671,324.72217171794904,332.2063290543491,7471500
2024-11-29,325.818115234375,327.79283037650987,323.11276513181406,325.17633883953357,3517600
2024-12-02,326.82525634765625,330.27112480887905,325.9366103817732,327.80273075201154,6063400
2024-12-03,327.2398681640625,328.5925430318811,319.55822850828093,323.2608188976054,12632400
2024-12-04,363.21923828125,364.3349571989032,352.1410847188746,362.1726416277508,24733100
2024-12-05,356.8112487792969,360.8298009301451,352.16080351359597,356.2188282685383,10942100
2024-12-06,357.41357421875,362.5083431394659,356.52495838959607,360.37564707043856,5738900
2024-12-09,347.1253356933594,357.1272734931298,346.35519793284743,357.1272734931298,6475000
2024-12-10,344.4100646972656,350.99572262221767,343.0376232519745,346.9080780708269,6033000
2024-12-11,350.3638610839844,355.64623043162305,347.4314077171775,349.0210390384675,7546600
2024-12-12,353.5036315917969,355.4487272210269,348.45824884365527,350.5119393429571,5422000
2024-12-13,349.8306579589844,360.18802921850653,348.0435431691391,359.39815521579186,5538000
2024-12-16,352.7137756347656,353.54315242491475,346.1280870104109,346.3453068934331,5482300
2024-12-17,346.53289794921875,352.71376616509883,344.6963971453808,352.38792128343215,6911000
2024-12-18,333.3465270996094,350.6845177004979,331.37942309074754,350.41763783473704,8400000
2024-12-19,332.3580627441406,339.57398553999604,331.5672572622825,337.76507267638283,7423400
2024-12-20,339.6925354003906,342.4603088209358,327.32662053337225,328.90817086952484,14932300
2024-12-23,338.9512023925781,339.8902743832241,332.80282989281926,338.3086937408348,5330300
2024-12-24,340.4635925292969,340.97762359964395,336.90504351442036,339.0500674181276,1811000
2024-12-26,337.7848205566406,340.90843423494726,337.10276404832547,340.90843423494726,3483300
2024-12-27,334.5524597167969,338.3284460977369,331.40905731489636,336.43057349605397,3220400
2024-12-30,331.8736877441406,334.2163905568963,327.79124302284464,329.62983938821475,3411100
2024-12-31,330.47991943359375,333.26745220283436,328.5820466045134,332.3975812536122,3026000
2025-01-02,326.8521423339844,335.0170303086213,324.03495673463107,332.43707123009284,4807100
2025-01-03,329.0663757324219,329.60016563329293,325.47817335159056,328.2756004590998,4101200
2025-01-06,326.72369384765625,332.7238004097699,323.5111200754526,330.1734941837178,5785300
2025-01-07,321.1881408691406,327.6824888380216,319.1914137879175,326.69400470879674,4643100
2025-01-08,323.1354675292969,325.01358140970797,319.38910409714833,323.96579060802145,3788200
2025-01-10,314.189697265625,319.0530224548987,312.38075435416357,319.0530224548987,6540000
2025-01-13,315.3956298828125,316.85856704845264,310.18629935534506,310.97710473717564,4583000
2025-01-14,319.8141784667969,326.1404711543749,317.7976623030197,321.2573569159608,5935200
2025-01-15,317.4615478515625,327.71212284090353,317.0859190780128,326.0811301570366,6042700
2025-01-16,316.3149108886719,323.9460093205067,315.8700809787784,319.2210565457528,5047700
2025-01-17,320.8224182128906,325.7747335332278,319.3495864600512,324.93451595966076,6303600
2025-01-21,323.076171875,325.7253022875745,318.7367419292115,325.60668901031653,6397200
2025-01-22,328.78961181640625,331.36957128080064,323.5111097756089,327.4353932805911,7259300
2025-01-23,330.8061218261719,331.5968971097563,325.804394250449,328.50293677613485,4355900
2025-01-24,330.0350646972656,334.7501228310553,327.969136619797,332.42717924332845,3299100
2025-01-27,343.1028747558594,349.083192149995,326.6940308638127,328.5325970116179,15661100
2025-01-28,355.8049011230469,362.8626626497762,346.4241655186757,350.6845300225502,12099300
2025-01-29,349.9233703613281,356.03219484132165,347.4521601186634,354.6285643165268,6266700
2025-01-30,339.613525390625,343.9925031768232,336.0846295405744,336.9742592914236,7591100
2025-01-31,337.7650146484375,345.4751782335458,336.18343412258105,343.99245214670657,5778000
2025-02-03,335.3333740234375,337.52781017809076,327.44528932747255,332.101041513887,4549400
2025-02-04,340.17694091796875,342.9347899043463,334.76993155296583,341.6398781151791,4965600
2025-02-05,343.9233093261719,344.0320582773682,334.9676446567503,341.73876763441467,4521000
2025-02-06,327.0004577636719,333.5936606905957,325.3101582179833,333.5936606905957,13240600
2025-02-07,322.0777587890625,329.9757672060883,319.9920718323211,328.17671891673126,7626100
2025-02-10,323.4320068359375,327.92959738623296,322.88832248587664,324.14371658853065,5981900
2025-02-11,320.6642761230469,322.6807923858398,317.5604513471402,320.2886472914718,5455900
2025-02-12,322.3644714355469,323.2343423823026,313.3198467874362,315.8701228212021,5643400
2025-02-13,326.0514831542969,326.54572519934925,319.49782881031956,322.4435222586424,4312100
2025-02-14,322.7796325683594,324.71705311454707,318.90476130984075,324.2524643433234,5879700
2025-02-18,325.1717529296875,325.3694618355031,319.2803955633363,324.806018603458,5262100
2025-02-19,320.792724609375,325.9427180163102,319.151837481428,325.9427180163102,5012000
2025-02-20,314.76300048828125,320.71369437465654,314.54553276874356,318.5291226846192,6393100
2025-02-21,306.23236083984375,315.2967732722444,303.3262151846399,315.2967732722444,7353200
2025-02-24,304.7694091796875,309.1286274550296,300.0246676455492,307.9226757087934,6652900
2025-02-25,302.3575134277344,304.8682714225958,297.158077544538,302.7232477085877,7360100
2025-02-26,303.7908020019531,310.0874709926421,302.9209613426107,309.0594390928769,12638500
2025-02-27,291.50396728515625,301.40859768897855,289.29966695601746,292.9273868621589,16691400
2025-02-28,294.4200134277344,298.5024578398109,288.7856416427993,292.55176388343796,10863100
2025-03-03,289.6851806640625,299.5799172762279,287.70821224068607,297.5337477181586,6298200
2025-03-04,284.0310363769531,288.29140071519856,278.9897611017668,286.660407876029,9096300
2025-03-05,288.60772705078125,289.309542371598,282.330846478695,283.91242719887987,6612600
2025-03-06,282.7558898925781,294.6473534668001,281.5499379766507,284.91080834854716,10396800
2025-03-07,279.63226318359375,284.9898297610741,272.001165225583,279.9189018341676,8248100
2025-03-10,269.75732421875,275.1445750168791,267.6024359659555,273.7804620343867,10040200
2025-03-11,273.8595275878906,277.220397903172,268.86769458936146,270.5678885706164,8313400
2025-03-12,281.3028564453125,282.63731631971103,275.87608714439267,278.6043135395053,7463900
2025-03-13,268.61065673828125,279.3060618229899,266.64358305399503,278.80192528434753,9494500
2025-03-14,276.18243408203125,276.6668117734469,269.53982014247754,271.83311034966437,6976900
2025-03-17,277.5169372558594,279.4741468183126,272.9007028002634,274.1758558560803,4484300
2025-03-18,275.52020263671875,277.26980875191947,272.76232336517967,276.7953254921048,5881700
2025-03-19,276.1726379394531,278.9700351835146,274.0968149146874,274.3043881673201,5245400
2025-03-20,275.81671142578125,279.62238116411214,273.8693965830181,273.8693965830181,5504700
2025-03-21,277.388427734375,278.6042741442186,270.89407938579313,273.0292088496889,9804100
2025-03-24,282.6668701171875,283.4576753998707,279.9584336685729,280.4724344777143,6763800
2025-03-25,285.28643798828125,287.1052756378519,282.3209851023657,282.3209851023657,4301700
2025-03-26,277.7541809082031,285.71149725344725,276.3604144899756,285.0195462091146,5070300
2025-03-27,274.61077880859375,277.66519120671086,272.83151940822296,277.30935139309355,3757200
2025-03-28,266.8610534667969,274.0176686918165,266.09003707606905,273.52342664221806,4973400
2025-03-31,265.26959228515625,265.3585824049523,256.205209513439,261.5034700831015,7585800
2025-04-01,267.0884094238281,267.7012647244166,262.7588443440063,265.7638142156749,4598200
2025-04-02,268.4129943847656,270.47892263715283,262.689662713003,262.897235937865,5396900
2025-04-03,252.2908172607422,259.54630272651195,251.51980079408338,257.1442933687838,8872600
2025-04-04,237.9874267578125,247.4076790349223,236.77159553668406,244.84750883293614,9705000
2025-04-07,241.397705078125,250.03704632942495,227.35133959117994,227.35133959117994,11965200
2025-04-08,241.1802520751953,254.42594867390014,237.50308984752223,251.02554571723277,9340300
2025-04-09,262.1163635253906,265.08181606812497,238.12583314833822,238.12583314833822,12491100
2025-04-10,252.5782928466797,258.63731584963637,245.65794228927857,257.40967935489147,9692300
2025-04-11,252.4595184326172,253.85547468957546,245.21243794636035,251.7367954136667,6089000
2025-04-14,252.0139923095703,257.40969245702706,250.61803612100547,257.40969245702706,6038100
2025-04-15,252.39019775390625,254.16237295342697,251.27146589472542,251.83577929152105,5227700
2025-04-16,247.35092163085938,254.05346344365145,244.23231010008894,249.42009601430442,7190900
2025-04-17,244.796630859375,249.0537945054991,244.34122213605195,247.28163428774863,5566900
2025-04-21,233.90623474121094,240.06426868452547,230.4510138236356,238.03468895798068,9240000
2025-04-22,240.96519470214844,241.7869275314544,233.25281024252115,235.85659825109448,7145300
2025-04-23,247.98455810546875,255.22174402524112,247.0143257053398,250.0933425538736,5818900
2025-04-24,262.0628967285156,262.3401059759621,254.43959710342426,255.6276540002189,7857600
2025-04-25,265.1815185546875,266.3497554130662,261.56788815659445,262.08269671786053,5651700
2025-04-28,262.9935302734375,266.8150598564511,260.7065162496383,265.47850342114094,4977700
2025-04-29,265.0924072265625,265.90421488123275,262.5282141473929,262.75590339841057,3139800
2025-04-30,266.032958984375,266.19136860453386,260.3798535142575,262.16190886733983,4624100
2025-05-01,266.6467590332031,271.86427545584047,266.32005998591563,270.6762184931624,5208900
2025-05-02,272.33941650390625,273.56708316278525,269.53762455455905,271.72559828123536,4323400
2025-05-05,269.9139099121094,273.41865088107517,269.5970906826283,270.6465279434328,4219600
2025-05-06,270.6365661621094,272.0622222086812,265.86460961458255,267.1318560766976,4681600
2025-05-07,275.4581298828125,276.01254843630477,270.98314128363836,270.98314128363836,4267600
2025-05-08,276.95306396484375,280.230085476143,275.60662754813063,276.4283453298681,4789900
2025-05-09,272.67608642578125,279.6657473458219,271.15142052418093,278.8142995568875,4324200
2025-05-12,285.942626953125,286.091126529678,280.4083211675827,282.16067659799916,5937400
2025-05-13,286.2891540527344,289.82356492696715,286.0515245101091,288.10090936405305,6711600
2025-05-14,287.84344482421875,293.1005406507739,286.37820890653796,290.57595753444326,7926200
2025-05-15,287.86322021484375,289.0611567432267,285.0812181552597,286.6850735531936,4635600
2025-05-16,288.2493591308594,289.2592165320184,286.83361301718327,288.1899593088549,3846000
2025-05-19,284.7644348144531,287.01180861947967,284.05160674645384,285.22975355625186,5781200
2025-05-20,285.190185546875,285.56640461219655,282.3685727705088,285.21988546184537,4032300
2025-05-21,279.4677429199219,284.76444880352335,278.30938592244087,281.5765273169115,5689800
2025-05-22,280.59637451171875,283.49717644248904,278.2301709494835,279.6855269353524,6642700
2025-05-23,270.4089050292969,277.9430747265732,268.94363888098036,276.2204194136174,8887800
2025-05-27,274.428466796875,275.80460305916444,267.59721484246774,270.44852736238744,10958000
2025-05-28,273.27996826171875,276.0322704808022,270.85436502605864,274.94322351349484,12758600
2025-05-29,264.26080322265625,265.1221309496984,251.964525089365,260.96396167223605,28053100
2025-05-30,262.7261657714844,267.0526234822432,258.1027089874501,265.40915811186466,12388500
2025-06-02,259.0135498046875,261.1619440082328,256.5582766732531,260.4886956917858,9213500
2025-06-03,261.835205078125,262.11241435502006,258.7561729038365,259.389811373051,7838500
2025-06-04,260.5481872558594,262.8549613819359,259.0136109727705,261.55801464869825,7372500
2025-06-05,264.47857666015625,266.0725221976128,261.0134461385129,261.0827257866551,8642900
2025-06-06,271.775146484375,272.1612453169144,265.5378934214904,267.2803687223913,7507000
2025-06-09,269.53765869140625,271.4682435387997,266.97346567420016,270.1316871224151,5728300
2025-06-10,265.5478210449219,271.02272641939106,264.18156465839434,269.3594709112455,6309700
2025-06-11,263.2608337402344,266.82497422095787,262.76581506828785,265.8250268352924,6568100
2025-06-12,264.2508850097656,266.33984941296524,260.77584408123784,262.0629108242506,8054000
2025-06-13,255.82562255859375,263.05291270215673,255.42961369634608,260.8550287711117,7659300
2025-06-16,261.25103759765625,261.35004736658954,257.3700782356646,257.7958172207237,7177000
2025-06-17,260.1422119140625,267.8050909859561,259.488783667178,261.2213489508209,9110100
2025-06-18,257.32208251953125,262.85523768410314,255.30912100353595,262.5775888633263,7628000
2025-06-20,258.4425964355469,260.6637869405405,257.0840993762802,258.50209044825556,12859200
2025-06-23,261.19927978515625,262.5181041652862,256.57838618424154,258.4525384870847,9283800
2025-06-24,268.8941650390625,271.08560870034717,263.2122443120719,263.479967389131,9713900
2025-06-25,265.51275634765625,271.7003756570579,264.73930393398103,269.7171612362035,6074300
2025-06-26,268.4677429199219,268.7354962504743,262.9345876616876,266.5242011415845,6708000
2025-06-27,271.1252746582031,271.8689801150365,267.168741050062,269.5783394674535,21741400
2025-06-30,270.4013671875,274.060400141214,268.13057824814024,272.1565010204925,8541900
2025-07-01,269.6279602050781,271.70041595084683,268.3686297551962,269.7965165094358,6256800
2025-07-02,266.9505920410156,269.42961028434075,263.42047248343687,269.2412024769318,6115200
2025-07-03,269.86590576171875,272.42426940105884,267.05967057250007,267.43648616755416,5031800
2025-07-07,267.53564453125,271.70040740629304,265.95899251380695,269.23131484747046,6283500
2025-07-08,271.3533630371094,274.47692034177624,267.4662789170883,268.51738035597356,6661200
2025-07-09,268.646240234375,273.24728197998616,267.10923089292993,272.05734121638034,6373600
2025-07-10,261.75457763671875,269.21145356581604,261.0009464124092,268.6264088959005,7244600
2025-07-11,255.9040985107422,260.74314688839905,255.1008990332941,260.3762267744642,7011200
2025-07-14,257.50054931640625,260.0291658223091,255.33885289253013,256.42962686008923,6533900
2025-07-15,255.41819763183594,259.61270744786805,255.0711592824484,258.80950794756774,5201500
2025-07-16,255.7851104736328,256.8064647635435,252.38388962869894,256.7568662425763,5649500
2025-07-17,257.69891357421875,258.01623517741075,254.49601105624748,255.82476122547868,5837400
2025-07-18,260.17791748046875,260.77288788820994,256.94526813218806,258.1153574351595,6381200
2025-07-21,260.0787048339844,262.0916660044561,259.4440920360475,261.4074546954412,6714700
2025-07-22,261.37774658203125,263.6584613718957,259.8010947149445,260.7927019466809,5001400
2025-07-23,264.977294921875,266.2267297611283,260.29690741429135,261.70500304753335,5620700
2025-07-24,265.4532775878906,267.0398250065708,263.4105690379603,265.7309264123049,5877100
2025-07-25,266.8514099121094,268.82472889809685,264.7690589166368,265.76066615693856,4015400
2025-07-28,267.9818420410156,268.0710830563898,264.35255610854966,267.2381366514476,4533700
2025-07-29,265.1458740234375,271.7003833443128,265.0665284979461,269.32053202424413,5137100
2025-07-30,262.5874938964844,265.522642664695,261.1199043816543,264.6302022584461,3928200
2025-07-31,256.1618957519531,262.8156024000277,255.69583911912252,262.77592963555514,7340300
2025-08-01,248.63560485839844,253.84154286952358,248.03072383663869,252.84993562930927,7646900
2025-08-04,250.20233154296875,251.37242075553257,248.5364236084463,248.89340279936363,4403500
2025-08-05,245.41287231445312,251.16418199188794,244.9368899625091,250.88653318528316,6761000
2025-08-06,247.0787811279297,248.1596294185707,244.94683155422675,247.27709955536525,5834700
2025-08-07,238.8583526611328,250.88653798436223,234.98116478875298,248.58601709552786,10010200
2025-08-08,238.491455078125,240.9109791974381,235.83395490165054,239.26490752535122,8812000
2025-08-11,230.7271728515625,239.8400461047398,229.62650330482788,236.9148076776565,10740100
2025-08-12,229.71572875976562,231.70885379491153,224.579195569484,231.04447878319624,13178000
2025-08-13,235.04066467285156,235.35798625481127,227.68294071182618,231.0543993011561,10209200
2025-08-14,231.411376953125,235.01091607920839,230.91557333270472,235.01091607920839,7544800
2025-08-15,240.40525817871094,242.44796664238922,232.660808168228,234.16804025691314,12942800
2025-08-18,241.9224090576172,242.4677960421011,237.48001305175075,237.7576618564471,8809200
2025-08-19,243.9353790283203,246.4143971078764,241.40677756102795,242.94377179649786,8642200
2025-08-20,244.38160705566406,245.4922174796425,242.3983925287271,243.63790160806272,8195100
2025-08-21,243.76683044433594,244.22296134048642,238.00559430880085,242.9834521846234,5646800
2025-08-22,246.20614624023438,247.43574462133716,242.0612353866161,243.71721760306588,6694300
2025-08-25,245.78968811035156,247.27709900892046,244.71875044769482,247.27709900892046,4957700
2025-08-26,241.69436645507812,246.74164393279872,240.8118365716835,244.62951556201295,8862300
2025-08-27,248.0604705810547,248.26869962807308,243.54865461670582,243.68747902495997,6506900
2025-08-28,252.393798828125,253.50439413575714,248.18937852951916,250.3610008855491,8461200
2025-08-29,254.099365234375,255.4777138776314,250.74772778964623,253.25649299496558,7363200
2025-09-02,250.73782348632812,252.8499518856104,246.66231686179464,252.6813804596232,9312500
2025-09-03,254.29766845703125,255.83464745148186,248.44717713067504,252.91931997821183,17417900
2025-09-04,241.9620819091797,243.16193335052378,232.65089034902573,238.045236260856,30967500
2025-09-05,248.65542602539062,249.0223309930399,242.30914574244525,242.77520235564717,13029400
2025-09-08,250.1527862548828,250.81716135263054,245.22449659700382,248.6951222642016,12602200
2025-09-09,249.9445343017578,253.1970050442092,249.10167717288496,249.2107545814128,10901900
2025-09-10,240.53419494628906,251.85834872835105,239.70123329789024,250.62875020412568,11363600
2025-09-11,244.21302795410156,245.09555778559684,241.45636105883656,241.65467947914632,6944900
2025-09-12,240.7225799560547,245.51204497612912,239.22525839718975,244.03455979964144,8386400
2025-09-15,240.48460388183594,242.65622626491222,238.81869576891347,241.20847296595255,7244600
2025-09-16,237.30152893066406,240.64324052631798,235.24890978807878,240.4845948654329,8779800
2025-09-17,240.59542846679688,241.38015563699818,237.78429150205213,238.3703549089052,10124000
2025-09-18,242.651611328125,245.64154100236095,241.33047538172133,242.53241610672924,9344400
2025-09-19,245.44288635253906,245.5521536952295,241.72782701521152,244.38002688916262,11813900
2025-09-22,248.0255584716797,248.81028562962007,241.53908893658263,243.64495207790347,7523800
2025-09-23,242.92974853515625,249.68442243069407,242.50262221179068,248.07522628097522,7669800
2025-09-24,244.2509002685547,247.1812325805079,241.39009345595196,244.03236557275451,6707100
2025-09-25,239.3438262939453,243.02910213424315,237.89356712963445,242.87016505520046,8145500
2025-09-26,241.80728149414062,242.8999549260145,238.7478261990409,239.08555611177516,4974600
2025-09-29,243.46617126464844,244.18137296250734,241.25102551516156,243.0886994915912,6373500
2025-09-30,235.42015075683594,243.5754293150353,234.23808090807282,243.41649224222758,10801100
2025-10-01,234.118896484375,240.85369989534703,231.95342044940543,234.9135667280067,10016600
2025-10-02,237.28762817382812,237.80415093508302,232.04282592378343,233.86061378566785,7679200
2025-10-03,238.75775146484375,241.19141663780366,236.91014969115807,237.15848318140038,8849800
2025-10-06,244.14161682128906,248.80035546815884,233.84074861837047,237.73461588037736,13922600
2025-10-07,238.14187622070312,245.71107573860073,235.96647254015522,244.83693705054466,8387400
2025-10-08,238.82728576660156,239.71136757525295,234.0791504706588,238.14189804020245,7120200
2025-10-09,243.69464111328125,244.32044640684796,235.5691608090351,237.6750392742618,7929100
2025-10-10,240.06893920898438,247.38982064948271,239.11534711508082,244.87668699525992,7988300
2025-10-13,247.09181213378906,247.68781854749363,240.75433688588328,241.27087476728906,8276500
2025-10-14,238.17169189453125,246.62495858173162,237.95315720703888,246.4560936245009,9123900
2025-10-15,235.00294494628906,239.71135327046605,234.32746998655438,239.2643408725642,8389200
2025-10-16,244.3601531982422,255.02855018612635,241.05234930561232,251.502226767664,24869700
2025-10-17,241.45962524414062,249.10829384500641,240.5457598030287,244.92636628466883,10851200
2025-10-20,252.5849609375,253.6974901347749,242.6714921507363,243.3668228990331,9963900
2025-10-21,261.65411376953125,265.3493174789288,252.3068371492567,252.803504151519,13354700
2025-10-22,254.9292449951172,260.650828057305,254.80010672855937,260.4521794514944,9370000
2025-10-23,253.34983825683594,256.83643511999617,252.42602976053433,255.8828429735078,6110100
2025-10-24,253.1313018798828,256.7768357955393,252.30683285132295,255.70404842715232,5490800
2025-10-27,253.76702880859375,256.37950198225155,253.22069209738177,255.36628193866443,4942400
2025-10-28,252.56509399414062,257.11456547193757,252.44589876600384,253.76703478712363,6435600
2025-10-29,249.7837677001953,251.87970299102287,247.37988614557347,250.32016137689058,7904200
2025-10-30,254.93914794921875,257.5516210443747,248.33348335480997,248.8301503215196,7767800
2025-10-31,258.6741027832031,260.07470731869716,250.94596570863703,253.1014986048366,6878300
2025-11-03,259.597900390625,259.8164350802179,253.39950601547787,258.2668364864311,7054300
2025-11-04,252.743896484375,257.5317734711582,251.77043344263768,256.42915700663156,6792200
2025-11-05,250.99562072753906,255.11795064781944,250.33008878525933,253.0021595946237,5241200
2025-11-06,237.67501831054688,248.86988100689206,232.91694020508746,248.86988100689206,11041800
2025-11-07,238.28097534179688,239.36370581213535,234.21822758217348,234.5758284443217,5741500
2025-11-10,240.0987548828125,240.29741864070215,233.51294596711185,238.4001471651486,6486600
2025-11-11,242.87014770507812,244.0621453985964,239.5524159917124,240.28747340489429,5762800
2025-11-12,244.38003540039062,246.77395882568126,242.05562231648304,244.10190309241432,4278200
2025-11-13,238.82728576660156,244.26082394601738,238.3107630009449,243.6151629104096,5542100
2025-11-14,242.0357666015625,243.54562337173718,235.83735697159995,236.72142362723048,5512900
2025-11-17,235.449951171875,241.21129126539054,234.01954782098028,240.4563629000066,5280900
2025-11-18,231.94349670410156,236.20489303653312,228.73503202151178,234.66523741105198,8045100
2025-11-19,226.3609619140625,230.73162555055134,223.55975269501266,230.45349323679702,9710700
2025-11-20,223.86767578125,229.52969163233666,221.8114823100099,227.72181650075206,7521100
2025-11-21,225.5960693359375,227.1555957235809,220.48040566182104,223.36106799455348,7479300
2025-11-24,225.3080291748047,227.31455297750702,223.53988067875352,225.82455195092598,8563300
2025-11-25,232.55934143066406,233.065951449845,225.0100124430054,225.28814473872015,10233000
2025-11-26,226.62913513183594,231.2680180268392,224.49347319743302,228.9734038653133,8506600
2025-11-28,229.0032196044922,231.00975858028823,227.1059631348751,227.47349187410222,3691500
2025-12-01,231.27793884277344,232.6884711929492,227.07614059733578,227.14566609018732,5634700
2025-12-02,233.14541625976562,235.07247137583184,230.0760028587697,231.4666794721943,7626200
2025-12-03,237.12869262695312,237.6650863154301,231.605758036904,233.79108979566874,13782000
2025-12-04,245.8104248046875,247.31035360573722,236.016151496486,242.06555158644403,20912100
2025-12-05,258.83306884765625,260.134334069067,247.8368532919327,249.15798943895115,15852400
2025-12-08,257.7999572753906,262.5182935094206,254.6312195688788,260.1342981066347,10805400
2025-12-09,259.280029296875,260.5018410277533,257.27350553360577,258.26683953180503,8045900
2025-12-10,262.4388427734375,264.1572911128101,257.42248811723084,259.0118285064661,8894700
2025-12-11,260.6011657714844,266.11415702445385,259.0316811670522,261.7434937420645,7783800
2025-12-12,260.4819641113281,262.7268781513645,259.17075606477175,261.7633430387785,6006600
2025-12-15,252.88296508789062,260.5316336613609,251.40289200910016,259.468759033079,10271800
2025-12-16,253.21075439453125,254.15441859162476,250.42941637382975,252.3068168853155,6145300
2025-12-17,256.41925048828125,260.223706328179,254.5418346981557,254.62128807905603,6269000
2025-12-18,256.5445861816406,258.75334817895225,254.86313973326446,257.1117077238193,5654200
2025-12-19,258.59417724609375,260.7133987167576,254.2064997708628,259.36026809551663,20732100
2025-12-22,263.290283203125,263.290283203125,257.10177149732687,259.30057460108554,5664200
2025-12-23,262.0963439941406,262.9022408344935,259.2010726049517,261.38994696336636,4745100
2025-12-24,263.9171142578125,264.951827330886,261.2208119420935,261.8973924752027,2076600
2025-12-26,264.73291015625,266.55366246487364,263.45939159438825,263.45939159438825,2456400
2025-12-29,264.8821716308594,267.74756558580185,263.36984748352836,263.36984748352836,4300100
2025-12-30,264.5737609863281,266.9217986247408,263.98672121364575,265.3100049300543,3291800
2025-12-31,263.56884765625,264.75282548967914,263.0514911833619,263.9469286938932,3367900
2026-01-02,252.33599853515625,264.03647114821274,251.2017705962925,263.6583901080786,9680600
2026-01-05,254.962646484375,258.27577438911044,251.03263193832322,252.33599739410624,6421500
2026-01-06,261.5690002441406,262.21570339216413,253.7090019428403,253.90798635903693,6103300
2026-01-07,264.772705078125,266.4740393315776,262.16597425294316,262.16597425294316,5976200
2026-01-08,259.2110290527344,263.8573998812952,259.09164142768844,263.0614317758581,5243500
2026-01-09,258.6239929199219,259.70847088608986,255.21136541678644,258.6836867262742,5174400
2026-01-12,258.0867614746094,260.2358299520341,254.47514895227252,257.68879257799307,4927700
2026-01-13,239.839599609375,259.5891124457121,239.1431464877683,256.35556599825145,13661000
2026-01-14,238.35714721679688,241.01362810825754,235.26289146414467,237.9691070776633,10149300
2026-01-15,232.34771728515625,237.63083216537777,230.49713321363143,235.82005408936993,11489600
2026-01-16,225.96022033691406,231.77065077031696,225.29361413959407,231.77065077031696,13902600
2026-01-20,218.9558563232422,226.7860079240682,218.24944416867262,222.40827474662683,13050800
2026-01-21,220.45822143554688,222.2590556230766,217.85149041771174,219.0354531203157,12616600
2026-01-22,226.9352569580078,227.56207234781587,219.99059849237156,221.1148825581443,9483000
2026-01-23,226.8954620361328,229.68128960740884,225.50254065972533,225.631887371227,9408000
2026-01-26,228.23861694335938,229.78077283788318,226.4377828089404,228.2684638486727,7239600
2026-01-27,227.37303161621094,234.5465365970097,225.12447866823874,230.76577162679038,9838400
2026-01-28,226.80592346191406,230.68617302822608,226.5173831306909,228.22867657571544,8465900
2026-01-29,212.99618530273438,216.1799817205514,207.7230144205324,215.57306934234734,18555600
2026-01-30,211.21524047851562,214.4587459115801,209.96162489992233,213.07578362115376,11090400
2026-02-02,209.74273681640625,215.79195762501485,208.73785557506747,213.2648234781596,7950900
2026-02-03,195.38580322265625,204.51932088198188,192.13235381115655,203.96215839054668,20194200
2026-02-04,198.4302978515625,199.65406648164677,186.33185662106087,192.33132733492616,23010000
2026-02-05,189.0082550048828,198.54970082096247,187.83422100387264,193.00790751721436,21956300
2026-02-06,190.3812713623047,193.614817806995,186.17267536666094,190.6598526107087,13652600
2026-02-09,193.04769897460938,194.21177388952142,184.78971566942653,188.34164940956356,12112000
2026-02-10,192.4706268310547,198.09203195316294,189.7842990292034,190.92847090617403,13393000
2026-02-11,184.0634002685547,192.6895048269234,180.8895478564994,192.17213318074323,16350200
2026-02-12,184.49122619628906,187.36660972255456,179.32751408344743,185.01855696072852,16849100
2026-02-13,188.759521484375,192.4706336714869,183.36696269123988,185.4961280832271,14822900
2026-02-17,183.35699462890625,192.02290548914857,182.24266967276117,190.00318391536615,13692900
2026-02-18,186.8392791748047,187.1875133215944,180.93930794808088,182.94908565557333,9852900
2026-02-19,184.35194396972656,186.00354369553665,182.30237535695642,185.65532471483155,9565100
2026-02-20,184.22259521484375,190.75932542059104,182.79982697292309,184.38178882736634,10816200
2026-02-23,177.25804138183594,181.54621891828097,173.6862199497409,180.3522971382107,15498600
2026-02-24,184.48129272460938,187.71483930683232,175.3875654052501,176.74068088999576,15564700
2026-02-25,190.77923583984375,191.6249386554261,181.33727497360252,182.07353407400996,21875100
2026-02-26,198.46014404296875,200.02218770640036,190.36135504465778,195.76385728556096,26680500
2026-02-27,193.80384826660156,194.92813237973576,188.95850801668388,190.93843889578375,16346500
2026-03-02,191.97314453125,194.94801245437512,189.7146326619775,191.52542579297662,9932700
2026-03-03,195.05747985839844,197.66421098231984,188.62023368065707,189.7843086141992,13208900
2026-03-04,192.10250854492188,195.4753456100833,191.12747417658636,194.11228627607576,11583700
2026-03-05,200.3704376220703,203.385096657981,193.25664145356333,193.37602908063636,15860900
2026-03-06,201.0867919921875,201.9324948273444,196.37078340395692,199.7734673796906,9657400
2026-03-09,197.78359985351562,202.63889924293775,194.8783844557345,197.5547685014358,10754800
2026-03-10,193.92324829101562,198.55966012327272,189.6350706142157,196.2613420240266,14467400
2026-03-11,193.14720153808594,198.53976040246795,190.32156779555592,195.40569849623307,9580000
2026-03-12,198.27110290527344,203.8228548323795,192.17213242968643,193.14718190935727,26309700
2026-03-13,191.85377502441406,199.98241152169524,190.77924084221425,198.7188368100057,14834700
2026-03-16,197.3358612060547,197.62440152583858,194.16200877766246,194.16200877766246,13419600
2026-03-17,194.3212127685547,201.35542716975343,193.4655660342646,197.2164841210229,11559300
2026-03-18,193.3561248779297,195.15695908891587,191.6647343849253,192.4208813209107,10525100
2026-03-19,194.00283813476562,199.38543762680524,192.32139159468133,194.5997914321279,9254300
2026-03-20,194.39085388183594,194.6793790179939,189.03808636764919,192.23184176984265,20201100
2026-03-23,194.19186401367188,197.04734452173435,191.0279705387624,196.09219798916334,13976200
2026-03-24,182.09344482421875,191.16726893579764,181.36712960098163,191.16726893579764,18631400
2026-03-25,181.03880310058594,186.4413055109877,178.93948472871847,184.75985899559834,12565200
2026-03-26,184.70018005371094,186.52091733450015,178.621111875675,180.26275252839085,10330700
2026-03-27,178.4022216796875,183.17792420694366,177.91471207283868,183.06848048634785,9902000
2026-03-30,184.09324645996094,185.44636178828011,178.67084123908901,179.18821288326532,11617700
2026-03-31,185.72494506835938,187.54568215991932,181.38701780742542,183.96390178610653,11041400
2026-04-01,185.29713439941406,188.02325297618086,182.08347588248927,185.904046779924,11677700
2026-04-02,186.23236083984375,186.63034487798376,180.66072093973236,184.36188899597133,11635500
2026-04-06,184.09324645996094,187.18750205434696,182.670493415399,186.55074279287547,14391000
2026-04-07,182.03375244140625,185.635420952666,181.09850886120205,184.01366814096977,12344600
2026-04-08,175.4770965576172,185.82445416528418,174.89008716135405,185.5558168284281,13472100
2026-04-09,170.41018676757812,173.84131838786436,166.6897779521393,172.72420647519016,20855400
2026-04-10,164.53533935546875,170.81910867689837,163.09904400673946,170.81910867689837,18109300
2026-04-13,172.37510681152344,172.95360029090386,165.3432529892489,166.619956593861,12390800
2026-04-14,170.86898803710938,177.043055331393,170.06107568452117,174.7589572577855,13123600
2026-04-15,177.14280700683594,179.15759592410797,172.43495657566135,173.77150333531898,14340300
2026-04-16,180.75347900390625,184.07490827218808,178.110307097372,183.52632111625425,11866700
2026-04-17,181.67111206054688,187.49607435707364,180.56396895114642,184.95263583877443,17225700
2026-04-20,185.7904815673828,188.5134493521179,181.65115595519515,182.03018257545776,14382300
2026-04-21,186.62831115722656,193.0617034585096,183.6260654751631,186.11962956244392,12073700
2026-04-22,189.3114013671875,190.6579169337777,186.5485279099638,187.71551415547867,14565900
2026-04-23,172.85386657714844,178.40951948170152,170.21067949758992,177.1028943275062,22719900
2026-04-24,177.70135498046875,177.99060171835484,173.95102484824358,175.1678853418476,10817600
2026-04-27,179.71615600585938,183.81557625727,177.0530312030464,177.80110048089864,11907000
2026-04-28,180.8532257080078,183.94523608351813,180.8532257080078,181.96035356599296,8711700
2026-04-29,180.75347900390625,181.3120349373997,176.89344657675792,178.73867491279825,6882800
2026-04-30,176.07554626464844,178.2299892905901,172.55463498794632,177.84099390142072,14408300
2026-05-01,183.3468017578125,185.56107283738152,178.28984609060575,181.72099297636592,12324400
2026-05-04,185.00250244140625,189.8200700827938,183.4963952122052,183.76570439500526,8444700
2026-05-05,186.50863647460938,186.90760066542114,180.63379973078258,185.07234103647374,9740800
2026-05-06,180.7235565185547,186.61834578100024,179.11770060829897,185.04241142277664,11303400
2026-05-07,185.86029052734375,188.09452944504443,183.52631817712086,184.124779650284,13955100
2026-05-08,181.35194396972656,181.40180307799002,176.424658688263,179.2174384093688,15123900
2026-05-11,177.0330810546875,182.03017799627492,175.85611089377323,179.44684925985885,11145000
2026-05-12,170.86898803710938,177.12285121084105,170.1408715639692,177.12285121084105,10214000
2026-05-13,165.41307067871094,169.34293028258335,164.32588034308353,169.34293028258335,11951900
2026-05-14,167.14859008789062,168.91403772698095,163.90695676738676,165.57265575496632,9749400
2026-05-15,173.06332397460938,175.5169978399782,168.56493964419258,168.81429606378455,13883400
2026-05-18,179.01795959472656,180.31461604297994,171.35773755745888,172.44492791304103,13671200
2026-05-19,178.95811462402344,186.9574728813163,178.34968434723106,184.5237517741468,17510800
2026-05-20,179.63636779785156,179.84581866392838,172.89376058285282,175.58680682610913,13025300
2026-05-21,175.8561248779297,176.8834721439062,171.54725371549097,174.9285262709738,10949100
2026-05-22,179.6064453125,182.87800024900952,177.22258338219103,179.37702645340687,10176700
2026-05-26,178.61898803710938,181.89054296636203,177.22258298908204,177.97065222996923,13617200
2026-05-27,177.0530242919922,183.44652645648864,176.4346252500155,177.54176834680115,18524900
2026-05-28,175.7164764404297,182.01022991075956,171.20810820232109,177.97065294973012,22559400
2026-05-29,190.60804748535156,193.64021475971825,179.55656947541652,179.77600433561167,33998900
2026-06-01,209.0604248046875,210.79593571576444,197.69974712536995,198.23835028616782,27594800
2026-06-02,200.32296752929688,203.86383169496713,195.25604330898832,200.50251206369967,19216600
2026-06-03,190.1193084716797,197.1711000779736,189.24156900766266,196.76216711815474,14154400
2026-06-04,188.26409912109375,197.58005141962244,185.63089590640553,197.30077344378492,14453600
2026-06-05,185.1820526123047,192.01440928569218,184.35418748403288,189.311394256529,13183900
2026-06-08,182.08006286621094,184.54370553959797,181.24222893877382,183.4365624142317,11177800
2026-06-09,174.8986053466797,181.99030279452822,171.1183533610167,179.03791597928875,15427800
2026-06-10,170.47999572753906,175.07812872997366,169.59228747941,170.16082742346865,10820500
2026-06-11,166.4499969482422,168.97999572753906,163.30999755859375,168.27000427246094,16666000
2026-06-12,165.88999938964844,166.5399932861328,161.39999389648438,164.74000549316406,13589400
2026-06-15,164.5500030517578,169.9499969482422,164.1699981689453,166.02999877929688,13541800
2026-06-16,161.7100067138672,166.3000030517578,160.5,164.05999755859375,16385300
2026-06-17,155.02000427246094,161.42999267578125,154.22999572753906,160.25,19986200
2026-06-18,151.77999877929688,154.47000122070312,149.8000030517578,152.72999572753906,57940800
2026-06-22,150.1199951171875,153.8699951171875,146.32000732421875,150.16000366210938,20502800
2026-06-23,153.4199981689453,155.17999267578125,150.85000610351562,151.64999389648438,20720700
2026-06-24,152.75999450683594,157.05999755859375,150.39999389648438,151.80999755859375,13146800
2026-06-25,150.19000244140625,154.0,148.77999877929688,150.00999450683594,11324700
2026-06-26,158.3699951171875,158.4600067138672,151.49000549316406,151.49000549316406,21267900
2026-06-29,157.92999267578125,161.75999450683594,157.6999969482422,160.27000427246094,12664100
2026-06-30,156.66000366210938,157.69000244140625,154.07000732421875,155.08999633789062,13690500
2026-07-01,163.22999572753906,165.80999755859375,161.1999969482422,162.22000122070312,14164600
2026-07-02,166.11000061035156,167.2100067138672,162.0,163.0,10486300
2026-07-06,165.64999389648438,167.72000122070312,162.3699951171875,163.99000549316406,10595500
2026-07-07,169.52000427246094,172.3800048828125,167.67999267578125,169.22000122070312,13057900
2026-07-08,166.5800018310547,167.52999877929688,164.77999877929688,167.3699951171875,9792400
2026-07-09,162.5,163.8000030517578,156.47999572753906,158.3300018310547,13858600
2026-07-10,163.32000732421875,166.3000030517578,162.4199981689453,165.60000610351562,8321500
2026-07-13,171.22000122070312,172.75999450683594,165.9199981689453,165.9199981689453,14020700
2026-07-14,167.55999755859375,171.35000610351562,161.47000122070312,162.49000549316406,13507900
2026-07-15,167.0,172.8000030517578,166.55999755859375,170.52000427246094,13328100
2026-07-16,172.67999267578125,174.5399932861328,166.8800048828125,170.83999633789062,12057500
2026-07-17,170.77000427246094,175.42999267578125,169.75,171.5,10191500
2026-07-20,173.7899932861328,175.38999938964844,166.5,167.86000061035156,13426500
2026-07-21,170.05999755859375,172.42999267578125,166.92999267578125,167.05999755859375,12831800
2026-07-22,163.0,169.57000732421875,162.2100067138672,169.47000122070312,12194500
2026-07-23,156.92999267578125,165.8800048828125,155.14999389648438,165.0500030517578,12775000
2026-07-24,163.66000366210938,164.4499969482422,159.5500030517578,160.3800048828125,10899100
2026-07-27,173.60000610351562,176.9499969482422,167.13999938964844,168.0,17312000
2026-07-28,181.5,184.5399932861328,176.91000366210938,176.91000366210938,17204600
2026-07-29,188.3800048828125,190.17999267578125,182.00999450683594,182.00999450683594,18139500
2026-07-30,180.7100067138672,182.50999450683594,175.89999389648438,180.99000549316406,12182400
2026-07-31,184.02000427246094,184.4499969482422,177.02999877929688,177.6999969482422,9691500
2026-08-03,185.9499969482422,193.6999969482422,185.89999389648438,188.99000549316406,12908000
2026-08-04,190.99000549316406,191.2899932861328,183.0,183.08999633789062,9326900
2026-08-05,192.97999572753906,194.94000244140625,190.42999267578125,193.27999877929688,9605500
2026-08-06,186.77000427246094,187.02000427246094,183.0,183.44000244140625,13297600
2026-08-07,192.74000549316406,194.6999969482422,190.60000610351562,191.08999633789062,11392800
2026-08-10,197.50999450683594,198.17999267578125,190.0,190.1699981689453,9706600
2026-08-11,197.47000122070312,199.38999938964844,195.5,196.94000244140625,11171600
2026-08-12,193.32000732421875,196.5,191.77999877929688,192.0,12787900
2026-08-13,201.3699951171875,202.99000549316406,191.38999938964844,196.83999633789062,15058700
2026-08-14,196.2100067138672,204.39999389648438,195.32000732421875,202.75,8234819
